index,timestep,Diffusion_Coeff,Divergence,score,pos
0,0.0,39.05299377441406,-0.026694130152463913,-0.00025775263202376664,-0.6435360908508301
1,0.0010010009864345193,39.08612823486328,-0.026498302817344666,-0.04128507152199745,0.9724069833755493
2,0.0020020019728690386,39.11929702758789,-0.02675032801926136,-0.037064701318740845,0.771631121635437
3,0.0030030030757188797,39.15248489379883,-0.026472270488739014,-0.046492960304021835,1.0631190538406372
4,0.004004003945738077,39.185707092285156,-0.026860449463129044,-0.030050866305828094,0.41040289402008057
5,0.005005004815757275,39.218955993652344,-0.02720772475004196,-0.011358465999364853,-0.2743513584136963
6,0.006006006151437759,39.25223159790039,-0.025600425899028778,-0.07205553352832794,2.0719194412231445
7,0.007007007021456957,39.28553771972656,-0.024682268500328064,-0.10419023782014847,3.43127703666687
8,0.008008007891476154,39.31887435913086,-0.024366281926631927,-0.10759581625461578,3.6798975467681885
9,0.009009009227156639,39.352237701416016,-0.02380732260644436,-0.11463704705238342,4.087591648101807
10,0.01001000963151455,39.38562774658203,-0.023589231073856354,-0.10058202594518661,3.6336796283721924
11,0.011011010967195034,39.41904830932617,-0.024060659110546112,-0.058483321219682693,2.006132125854492
12,0.012012012302875519,39.452491760253906,-0.023119119927287102,-0.07186317443847656,2.6993284225463867
13,0.013013012707233429,39.48596954345703,-0.02394329011440277,-0.017786905169487,0.4680793881416321
14,0.014014014042913914,39.51947021484375,-0.023707106709480286,0.0035606282763183117,-0.39926719665527344
15,0.015015014447271824,39.55300521850586,-0.02197282947599888,0.055326055735349655,-2.654337167739868
16,0.01601601578295231,39.58656692504883,-0.021688595414161682,0.03905726969242096,-1.967128038406372
17,0.01701701618731022,39.620155334472656,-0.021628204733133316,0.0004867225361522287,-0.20401592552661896
18,0.018018018454313278,39.653770446777344,-0.02102523297071457,0.004964881576597691,-0.3990035057067871
19,0.01901901885867119,39.68742370605469,-0.019448641687631607,0.030145548284053802,-1.6453123092651367
20,0.0200200192630291,39.721092224121094,-0.014465062879025936,0.06404871493577957,-3.737668752670288
21,0.021021021530032158,39.754798889160156,-0.018167883157730103,0.02019810490310192,-1.220625400543213
22,0.022022021934390068,39.78852844238281,-0.017698001116514206,0.012719975784420967,-0.8324716687202454
23,0.023023022338747978,39.82229232788086,-0.017230287194252014,0.003274390008300543,-0.29178452491760254
24,0.024024024605751038,39.8560791015625,-0.01590384542942047,0.015089841559529305,-1.0056440830230713
25,0.025025025010108948,39.889896392822266,-0.010608009062707424,0.053957149386405945,-4.0269670486450195
26,0.026026025414466858,39.92374801635742,-0.00947737880051136,0.05411495268344879,-4.329000473022461
27,0.027027025818824768,39.95762252807617,-0.008365880697965622,0.054548874497413635,-4.6607561111450195
28,0.028028028085827827,39.99152755737305,-0.009102054871618748,0.04795580729842186,-4.131105422973633
29,0.029029028490185738,40.02545928955078,-0.007453723810613155,0.05191341042518616,-4.807524681091309
30,0.030030028894543648,40.05942153930664,-0.007191606797277927,0.05096571519970894,-4.841179847717285
31,0.031031031161546707,40.093414306640625,-0.011792187578976154,0.019597729668021202,-1.758668065071106
32,0.03203203156590462,40.1274299621582,-0.012690816074609756,0.0019337657140567899,-0.36676910519599915
33,0.03303303197026253,40.16147994995117,-0.012851180508732796,-0.0062541901133954525,0.2611095607280731
34,0.03403403237462044,40.195556640625,-0.012841470539569855,-0.011278891004621983,0.6487581729888916
35,0.03503503277897835,40.22966384887695,-0.013139801099896431,-0.034444358199834824,2.441573143005371
36,0.036036036908626556,40.263797760009766,-0.012755836360156536,-0.04281136021018028,3.1493542194366455
37,0.03703703731298447,40.29795837402344,-0.012315694242715836,-0.052424006164073944,4.000146389007568
38,0.03803803771734238,40.3321533203125,-0.011961065232753754,-0.05081362649798393,3.971519947052002
39,0.03903903812170029,40.36637878417969,-0.011037345975637436,-0.06769167631864548,5.576040744781494
40,0.0400400385260582,40.40062713623047,-0.010057688690721989,-0.0742768868803978,6.399065017700195
41,0.04104103893041611,40.434906005859375,-0.010589605197310448,-0.051302384585142136,4.408596515655518
42,0.042042043060064316,40.469215393066406,-0.010015850886702538,-0.04712877795100212,4.183383464813232
43,0.043043043464422226,40.50355529785156,-0.00946836918592453,-0.047854550182819366,4.3982930183410645
44,0.044044043868780136,40.53792190551758,-0.009088139981031418,-0.04779274761676788,4.4958343505859375
45,0.045045044273138046,40.572322845458984,-0.008836695924401283,-0.048384856432676315,4.625049591064453
46,0.046046044677495956,40.606746673583984,-0.008815615437924862,-0.04303146153688431,4.078887462615967
47,0.04704704508185387,40.641197204589844,-0.008741709403693676,-0.0398077555000782,3.7526235580444336
48,0.048048049211502075,40.67568588256836,-0.00832306407392025,-0.047407202422618866,4.690054416656494
49,0.049049049615859985,40.71019744873047,-0.007796385325491428,-0.05248485133051872,5.412434101104736
50,0.050050050020217896,40.7447395324707,-0.008086467161774635,-0.03874081000685692,3.790689468383789
51,0.051051050424575806,40.77931213378906,-0.0078116049990057945,-0.027648303657770157,2.4972548484802246
52,0.052052050828933716,40.81391143798828,-0.007373891770839691,-0.0274280346930027,2.518458366394043
53,0.053053051233291626,40.84854507446289,-0.0070499456487596035,-0.017741147428750992,1.1676537990570068
54,0.054054051637649536,40.88320541381836,-0.006547733210027218,-0.0331006795167923,3.4238080978393555
55,0.055055055767297745,40.91789627075195,-0.006299295462667942,-0.03161880001425743,3.219433307647705
56,0.056056056171655655,40.952613830566406,-0.006129625719040632,-0.029500147327780724,2.8983566761016846
57,0.057057056576013565,40.987361907958984,-0.0060963439755141735,-0.01515174750238657,0.5641965866088867
58,0.058058056980371475,41.02214431762695,-0.00572830019518733,-0.0055161286145448685,-1.0609875917434692
59,0.059059057384729385,41.056949615478516,-0.005460743792355061,-0.0031752896029502153,-1.4877886772155762
60,0.060060057789087296,41.0917854309082,-0.00528425257652998,-0.003122186753898859,-1.4628634452819824
61,0.061061061918735504,41.12665557861328,-0.005592029076069593,-0.014949025586247444,0.8267725110054016
62,0.062062062323093414,41.16154479980469,-0.00553130405023694,-0.016970274969935417,1.382315754890442
63,0.06306306272745132,41.19647216796875,-0.0052045551128685474,-0.008179424330592155,-0.08580660820007324
64,0.06406406313180923,41.23143005371094,-0.005282723810523748,-0.012140676379203796,0.7657202482223511
65,0.06506506353616714,41.266414642333984,-0.005181068554520607,-0.013643988408148289,1.0572839975357056
66,0.06606606394052505,41.301429748535156,-0.0050121634267270565,-0.013070406392216682,0.8997834920883179
67,0.06706706434488297,41.33647537231445,-0.004425409249961376,-0.005350757855921984,-0.861667275428772
68,0.06806806474924088,41.37154769897461,-0.004600810818374157,-0.017156099900603294,1.5488680601119995
69,0.06906906515359879,41.406654357910156,-0.004187915939837694,-0.011370714753866196,0.07976329326629639
70,0.0700700655579567,41.44178771972656,-0.003843040205538273,-0.009404518641531467,-0.6437686681747437
71,0.0710710734128952,41.476951599121094,-0.003370707854628563,-0.005214500706642866,-2.0484519004821777
72,0.07207207381725311,41.512142181396484,-0.003377495799213648,-0.007729984819889069,-1.4724712371826172
73,0.07307307422161102,41.547367095947266,-0.002853982150554657,-0.002838603686541319,-3.167300224304199
74,0.07407407462596893,41.582618713378906,-0.0023674650583416224,0.00033313350286334753,-4.474782466888428
75,0.07507507503032684,41.61790466308594,-0.0012648527044802904,0.004621454980224371,-6.789523601531982
76,0.07607607543468475,41.65321731567383,-0.0005368262063711882,0.005952914245426655,-7.879938125610352
77,0.07707707583904266,41.688560485839844,-0.0006537911249324679,0.0062180738896131516,-7.721429824829102
78,0.07807807624340057,41.72393035888672,-0.0006439374992623925,0.0065769050270318985,-7.724315643310547
79,0.07907907664775848,41.75933074951172,-0.0007079005008563399,0.006465583574026823,-7.631338119506836
80,0.0800800770521164,41.794769287109375,-0.0015063505852594972,0.00466327928006649,-6.381421089172363
81,0.0810810774564743,41.830230712890625,-0.0015322077088057995,0.0038843699730932713,-6.3147149085998535
82,0.08208207786083221,41.865726470947266,-0.00020575462258420885,0.005085246171802282,-8.369616508483887
83,0.08308307826519012,41.9012451171875,0.0009519295999780297,0.0037431747186928988,-10.015131950378418
84,0.08408408612012863,41.93680191040039,0.0008365765679627657,0.003316047601401806,-9.908856391906738
85,0.08508508652448654,41.97238540649414,0.0005062409909442067,0.003351256949827075,-9.423236846923828
86,0.08608608692884445,42.00799560546875,0.0005368673009797931,0.0031316678505390882,-9.428025245666504
87,0.08708708733320236,42.043643951416016,0.0010723572922870517,0.0018024644814431667,-10.405688285827637
88,0.08808808773756027,42.079315185546875,0.0011442978866398335,0.0008805288816802204,-10.73487377166748
89,0.08908908814191818,42.115020751953125,0.0013138854410499334,-0.0009383066790178418,-11.73048210144043
90,0.09009008854627609,42.1507568359375,0.0012418448459357023,-0.0017795133171603084,-12.06662368774414
91,0.091091088950634,42.186519622802734,0.0009437416447326541,-0.0007068447303026915,-10.773162841796875
92,0.09209208935499191,42.22231674194336,0.00047808652743697166,-0.0002584224275778979,-9.448559761047363
93,0.09309308975934982,42.258140563964844,0.0005783659871667624,-0.001046890625730157,-9.921899795532227
94,0.09409409016370773,42.29399490356445,0.0006166480015963316,-0.0017222895985469222,-10.372329711914062
95,0.09509509056806564,42.32988739013672,0.000702983234077692,-0.002613515593111515,-11.382384300231934
96,0.09609609842300415,42.36580276489258,0.0004403956118039787,-0.002001752145588398,-10.13044548034668
97,0.09709709882736206,42.40175247192383,0.00031762360595166683,-0.0019811748061329126,-9.837702751159668
98,0.09809809923171997,42.4377326965332,0.00015858728147577494,-0.002039810409769416,-9.469247817993164
99,0.09909909963607788,42.473731994628906,-0.00015704412362538278,-0.0023899006191641092,-8.589813232421875
100,0.10010010004043579,42.5097770690918,8.526552119292319e-05,-0.0026805666275322437,-9.932893753051758
101,0.1011011004447937,42.545841217041016,9.14331030799076e-05,-0.002857728162780404,-10.233149528503418
102,0.10210210084915161,42.58195114135742,0.0003467926289886236,-0.0034991977736353874,-12.560246467590332
103,0.10310310125350952,42.618080139160156,0.00033507580519653857,-0.0037453100085258484,-13.21381664276123
104,0.10410410165786743,42.65423583984375,0.00022352345695253462,-0.00421259505674243,-14.71076774597168
105,0.10510510206222534,42.6904296875,-0.00021088945504743606,-0.004246469121426344,-17.52699851989746
106,0.10610610246658325,42.726654052734375,-0.000397555559175089,-0.0038417258765548468,-18.6534423828125
107,0.10710710287094116,42.762908935546875,-0.0003505226341076195,-0.0038457270711660385,-18.30182647705078
108,0.10810810327529907,42.799190521240234,-0.0008758356561884284,-0.0015659648925065994,-21.75980567932129
109,0.10910911113023758,42.83551025390625,-0.0007552383467555046,-0.0021210855338722467,-20.914377212524414
110,0.11011011153459549,42.871856689453125,-0.0006202923832461238,-0.002693399554118514,-19.880268096923828
111,0.1111111119389534,42.90822982788086,-0.0005433327751234174,-0.0029719090089201927,-19.194610595703125
112,0.11211211234331131,42.94463348388672,-0.00043202252709306777,-0.003300860757008195,-18.21155548095703
113,0.11311311274766922,42.9810791015625,-0.0008611874654889107,-0.001141691580414772,-21.2066707611084
114,0.11411411315202713,43.017547607421875,-0.0008284148061648011,-0.0012686321279034019,-20.755718231201172
115,0.11511511355638504,43.054054260253906,-0.0008829778525978327,-0.0007628187304362655,-20.994426727294922
116,0.11611611396074295,43.090579986572266,-0.0008411926100961864,-0.0009371761116199195,-20.541166305541992
117,0.11711711436510086,43.127140045166016,-0.0008241207688115537,-0.0009566695080138743,-20.31863784790039
118,0.11811811476945877,43.16373825073242,-0.000946377927903086,7.477042527170852e-05,-21.387479782104492
119,0.11911911517381668,43.20035934448242,-0.0006777012022212148,-0.0018798154778778553,-18.979217529296875
120,0.12012011557817459,43.23701477050781,-0.0005921853007748723,-0.002351601840928197,-18.268381118774414
121,0.1211211159825325,43.27370834350586,-0.0006035955157130957,-0.002220990601927042,-18.34697914123535
122,0.12212212383747101,43.3104248046875,-0.0007038271869532764,-0.0015102518955245614,-19.252391815185547
123,0.12312312424182892,43.34716796875,-0.0008339810301549733,-0.000427875726018101,-20.50302505493164
124,0.12412412464618683,43.38395309448242,-0.0011572259245440364,0.0029024749528616667,-23.699365615844727
125,0.12512512505054474,43.42076110839844,-0.0015842653810977936,0.008028789423406124,-27.325857162475586
126,0.12612612545490265,43.45760726928711,-0.0017092898488044739,0.009899777360260487,-28.357738494873047
127,0.12712712585926056,43.494476318359375,-0.001558226766064763,0.008267144672572613,-27.299381256103516
128,0.12812812626361847,43.5313835144043,-0.001654846710152924,0.009641892276704311,-28.1162166595459
129,0.12912912666797638,43.56832504272461,-0.0017062310362234712,0.010427967645227909,-28.569555282592773
130,0.1301301270723343,43.605289459228516,-0.001805354724638164,0.011797429993748665,-29.34896469116211
131,0.1311311274766922,43.64228820800781,-0.0021355641074478626,0.016792144626379013,-31.871509552001953
132,0.1321321278810501,43.679317474365234,-0.0021251202560961246,0.016820235177874565,-31.86797523498535
133,0.13313312828540802,43.71638107299805,-0.0022075320594012737,0.018552979454398155,-32.6297607421875
134,0.13413412868976593,43.753475189208984,-0.0020631621591746807,0.016385594382882118,-31.575632095336914
135,0.13513512909412384,43.79059600830078,-0.001994212158024311,0.015992095693945885,-31.29953384399414
136,0.13613612949848175,43.827762603759766,-0.0021474105305969715,0.019540825858712196,-32.945037841796875
137,0.13713712990283966,43.86494445800781,-0.002171017462387681,0.020660018548369408,-33.42231369018555
138,0.13813813030719757,43.902164459228516,-0.0020004031248390675,0.01748853176832199,-31.882022857666016
139,0.13913913071155548,43.93941879272461,-0.0018804690334945917,0.015389565378427505,-30.751405715942383
140,0.1401401311159134,43.9766960144043,-0.0020679826848208904,0.01885531283915043,-32.438629150390625
141,0.1411411464214325,44.014015197753906,-0.001923715928569436,0.016158482059836388,-30.996118545532227
142,0.1421421468257904,44.051361083984375,-0.0020311963744461536,0.01836990937590599,-31.9952335357666
143,0.14314314723014832,44.08873748779297,-0.002142835408449173,0.021370554342865944,-33.33004379272461
144,0.14414414763450623,44.12614822387695,-0.0021263635717332363,0.021587612107396126,-33.368953704833984
145,0.14514514803886414,44.1635856628418,-0.0020707733929157257,0.020929383113980293,-33.02565383911133
146,0.14614614844322205,44.20106506347656,-0.002077436540275812,0.021930016577243805,-33.52024459838867
147,0.14714714884757996,44.238563537597656,-0.002168135717511177,0.025166591629385948,-35.11396026611328
148,0.14814814925193787,44.27610778808594,-0.0022324463352560997,0.027860986068844795,-36.4493408203125
149,0.14914914965629578,44.31366729736328,-0.0022854767739772797,0.03001154586672783,-37.52467346191406
150,0.1501501500606537,44.35126876831055,-0.0024056322872638702,0.03521879389882088,-39.858360290527344
151,0.1511511504650116,44.38890075683594,-0.002405581995844841,0.035399388521909714,-40.03462600708008
152,0.1521521508693695,44.426570892333984,-0.0022365376353263855,0.02850501239299774,-37.14554977416992
153,0.15315315127372742,44.464263916015625,-0.0022289010230451822,0.028237761929631233,-37.07667541503906
154,0.15415415167808533,44.50199508666992,-0.002145766979083419,0.025570126250386238,-35.87907409667969
155,0.15515515208244324,44.53975296020508,-0.002037327503785491,0.02294282615184784,-34.617740631103516
156,0.15615615248680115,44.57754898071289,-0.001965478528290987,0.02171839401125908,-33.94840621948242
157,0.15715715289115906,44.6153678894043,-0.0019263278227299452,0.021481294184923172,-33.73936462402344
158,0.15815815329551697,44.653228759765625,-0.0019160486990585923,0.021907780319452286,-33.87403106689453
159,0.15915915369987488,44.69111251831055,-0.0018387406598776579,0.020352890715003014,-32.97471237182617
160,0.1601601541042328,44.72903823852539,-0.001946593401953578,0.02376633696258068,-34.72294616699219
161,0.1611611545085907,44.76698684692383,-0.001838385360315442,0.020906813442707062,-33.20555114746094
162,0.1621621549129486,44.804969787597656,-0.0018630956765264273,0.021545765921473503,-33.56143569946289
163,0.16316315531730652,44.842987060546875,-0.0018722813110798597,0.021495504304766655,-33.55748748779297
164,0.16416415572166443,44.88103485107422,-0.0018205482047051191,0.020275065675377846,-32.922386169433594
165,0.16516515612602234,44.91912078857422,-0.0017660590820014477,0.01935792714357376,-32.405738830566406
166,0.16616615653038025,44.95723342895508,-0.001597046386450529,0.015704894438385963,-30.188020706176758
167,0.16716717183589935,44.99538040161133,-0.001713053323328495,0.019233278930187225,-32.28669738769531
168,0.16816817224025726,45.03356170654297,-0.0016849269159138203,0.018944818526506424,-32.118675231933594
169,0.16916917264461517,45.071773529052734,-0.0016964664682745934,0.01950680837035179,-32.48613739013672
170,0.17017017304897308,45.110015869140625,-0.0016626226715743542,0.018505355343222618,-31.921039581298828
171,0.171171173453331,45.14828872680664,-0.0016445638611912727,0.017771102488040924,-31.500043869018555
172,0.1721721738576889,45.18659973144531,-0.0017289645038545132,0.01970934495329857,-32.66487503051758
173,0.17317317426204681,45.22494125366211,-0.0018778543453663588,0.024072328582406044,-35.07356262207031
174,0.17417417466640472,45.2633171081543,-0.001913424232043326,0.025257334113121033,-35.6776123046875
175,0.17517517507076263,45.30172348022461,-0.0019172898028045893,0.02601107954978943,-36.08864974975586
176,0.17617617547512054,45.34016036987305,-0.0018717870116233826,0.025337306782603264,-35.770729064941406
177,0.17717717587947845,45.37863540649414,-0.0017388041596859694,0.021564854308962822,-33.683292388916016
178,0.17817817628383636,45.41713333129883,-0.001618496491573751,0.018375569954514503,-31.783353805541992
179,0.17917917668819427,45.45567321777344,-0.001571589382365346,0.01721424050629139,-31.084228515625
180,0.18018017709255219,45.49424362182617,-0.0015496062114834785,0.016650523990392685,-30.768075942993164
181,0.1811811774969101,45.53284454345703,-0.0015773798804730177,0.01752595789730549,-31.385971069335938
182,0.182182177901268,45.571475982666016,-0.0015591966221109033,0.017229102551937103,-31.300539016723633
183,0.18318317830562592,45.610145568847656,-0.001565813785418868,0.018028374761343002,-31.950159072875977
184,0.18418417870998383,45.64884567260742,-0.0014633797109127045,0.01590036228299141,-30.621381759643555
185,0.18518517911434174,45.68758010864258,-0.0015066831838339567,0.0178837850689888,-31.96800994873047
186,0.18618617951869965,45.726348876953125,-0.0014732573181390762,0.017508385702967644,-31.657690048217773
187,0.18718717992305756,45.76514434814453,-0.001441656844690442,0.017134811729192734,-31.279197692871094
188,0.18818818032741547,45.803977966308594,-0.001526131178252399,0.020057130604982376,-33.083492279052734
189,0.18918918073177338,45.84284210205078,-0.0015277585480362177,0.02039230987429619,-33.136756896972656
190,0.1901901811361313,45.881744384765625,-0.001356114400550723,0.01554465014487505,-29.613187789916992
191,0.1911911815404892,45.92066955566406,-0.0013074310263618827,0.014079360291361809,-28.425708770751953
192,0.1921921968460083,45.95963668823242,-0.0012145289219915867,0.011164121329784393,-26.132720947265625
193,0.1931931972503662,45.99863052368164,-0.0012809175532311201,0.012835771776735783,-27.575664520263672
194,0.19419419765472412,46.037662506103516,-0.0013121936935931444,0.013495270162820816,-28.204675674438477
195,0.19519519805908203,46.07672882080078,-0.0013520198408514261,0.014442844316363335,-29.063257217407227
196,0.19619619846343994,46.115821838378906,-0.001378588262014091,0.01506893988698721,-29.6434326171875
197,0.19719719886779785,46.15495300292969,-0.0013614348135888577,0.014404143206775188,-29.244312286376953
198,0.19819819927215576,46.194114685058594,-0.0013524165842682123,0.014075984247028828,-29.04417610168457
199,0.19919919967651367,46.23331069946289,-0.0013540962245315313,0.01438708882778883,-29.296220779418945
200,0.20020020008087158,46.27254104614258,-0.0013056015595793724,0.013218753971159458,-28.477872848510742
201,0.2012012004852295,46.31180191040039,-0.0013114868197590113,0.013832945376634598,-28.980571746826172
202,0.2022022008895874,46.35110092163086,-0.0013153289910405874,0.014519337564706802,-29.5224666595459
203,0.2032032012939453,46.39043045043945,-0.0013668312458321452,0.016873260959982872,-31.368452072143555
204,0.20420420169830322,46.42979049682617,-0.001276790862902999,0.014623626135289669,-29.76117515563965
205,0.20520520210266113,46.46918487548828,-0.0013021462364122272,0.015724264085292816,-30.697795867919922
206,0.20620620250701904,46.50861740112305,-0.001249716617166996,0.013940592296421528,-29.375823974609375
207,0.20720720291137695,46.54807662963867,-0.0013117562048137188,0.015809761360287666,-30.890775680541992
208,0.20820820331573486,46.58757400512695,-0.0013191255275160074,0.01601446233689785,-31.031578063964844
209,0.20920920372009277,46.62710189819336,-0.0013988055288791656,0.01900707557797432,-33.12392807006836
210,0.21021020412445068,46.666664123535156,-0.0013798028230667114,0.018786026164889336,-32.81882095336914
211,0.2112112045288086,46.706260681152344,-0.0013300373684614897,0.017549214884638786,-31.722915649414062
212,0.2122122049331665,46.74589157104492,-0.0012804896105080843,0.016380950808525085,-30.61417579650879
213,0.21321320533752441,46.78555679321289,-0.0013931202702224255,0.021044587716460228,-33.92359924316406
214,0.21421420574188232,46.825252532958984,-0.001424058573320508,0.02275831438601017,-35.04091262817383
215,0.21521520614624023,46.864990234375,-0.0014377865009009838,0.023919755592942238,-35.91014862060547
216,0.21621620655059814,46.90475082397461,-0.0013993694446980953,0.022677207365632057,-35.13438034057617
217,0.21721720695495605,46.94455337524414,-0.0013475758023560047,0.020665425807237625,-33.7894287109375
218,0.21821822226047516,46.98438262939453,-0.0014176060212776065,0.02319210022687912,-35.73138427734375
219,0.21921922266483307,47.024253845214844,-0.0015174935106188059,0.027161240577697754,-38.54196548461914
220,0.22022022306919098,47.064151763916016,-0.001492530107498169,0.026492947712540627,-38.212005615234375
221,0.2212212234735489,47.104087829589844,-0.00154321757145226,0.029723646119236946,-40.38713836669922
222,0.2222222238779068,47.14405059814453,-0.001476451987400651,0.027081163600087166,-38.64470672607422
223,0.2232232242822647,47.18405532836914,-0.001443169778212905,0.025918085128068924,-37.837135314941406
224,0.22422422468662262,47.22409439086914,-0.0013200954999774694,0.020271843299269676,-33.73765563964844
225,0.22522522509098053,47.264163970947266,-0.0012595636071637273,0.017723923549056053,-31.767478942871094
226,0.22622622549533844,47.304264068603516,-0.0013199779205024242,0.02042866125702858,-33.89580154418945
227,0.22722722589969635,47.34440231323242,-0.001265703933313489,0.018179187551140785,-32.201602935791016
228,0.22822822630405426,47.384578704833984,-0.0012752671027556062,0.01867322437465191,-32.62009048461914
229,0.22922922670841217,47.424781799316406,-0.0012243103701621294,0.016743510961532593,-31.113557815551758
230,0.23023022711277008,47.465023040771484,-0.001246345927938819,0.017945198342204094,-32.13080596923828
231,0.231231227517128,47.50529479980469,-0.0013473541475832462,0.022587331011891365,-35.74860763549805
232,0.2322322279214859,47.54560470581055,-0.0013156356289982796,0.021868841722607613,-35.269039154052734
233,0.2332332283258438,47.58594512939453,-0.0013171723112463951,0.02246183529496193,-35.767486572265625
234,0.23423422873020172,47.62632369995117,-0.0012587870005518198,0.02054096944630146,-34.30527114868164
235,0.23523522913455963,47.6667366027832,-0.0011416771449148655,0.016342170536518097,-30.77960205078125
236,0.23623622953891754,47.707176208496094,-0.0011154648382216692,0.015609229914844036,-30.068986892700195
237,0.23723722994327545,47.74766540527344,-0.0011087381280958652,0.015414712950587273,-29.856700897216797
238,0.23823823034763336,47.788177490234375,-0.001093244063667953,0.014683459885418415,-29.183534622192383
239,0.23923923075199127,47.8287239074707,-0.0011805756948888302,0.018287135288119316,-32.36845779418945
240,0.24024023115634918,47.86930847167969,-0.0011024203849956393,0.015277871862053871,-29.798646926879883
241,0.2412412315607071,47.9099235534668,-0.0010713795199990273,0.014263099990785122,-28.940290451049805
242,0.242242231965065,47.95058059692383,-0.001085556112229824,0.015170961618423462,-29.85515022277832
243,0.2432432323694229,47.99126052856445,-0.001078302739188075,0.015086031518876553,-29.801855087280273
244,0.24424424767494202,48.031982421875,-0.0010889222612604499,0.01568501442670822,-30.33625030517578
245,0.24524524807929993,48.07273864746094,-0.0010393895208835602,0.01368781365454197,-28.429758071899414
246,0.24624624848365784,48.113529205322266,-0.0010222888085991144,0.013190592639148235,-27.910037994384766
247,0.24724724888801575,48.154354095458984,-0.0009719618828967214,0.010896064341068268,-25.569101333618164
248,0.24824824929237366,48.19520950317383,-0.0009882035665214062,0.012029621750116348,-26.72589683532715
249,0.24924924969673157,48.236106872558594,-0.0009677172056399286,0.010892461985349655,-25.62345314025879
250,0.2502502501010895,48.277034759521484,-0.0009467526106163859,0.00907223392277956,-23.841720581054688
251,0.2512512505054474,48.317996978759766,-0.0009470802033320069,0.008514715358614922,-23.368242263793945
252,0.2522522509098053,48.35899353027344,-0.0009274327312596142,0.006708425935357809,-21.458017349243164
253,0.2532532513141632,48.40003204345703,-0.0009178602485917509,0.0061070360243320465,-20.747867584228516
254,0.2542542517185211,48.44109344482422,-0.0009418805129826069,0.008509852923452854,-23.29138946533203
255,0.25525525212287903,48.48219680786133,-0.0009618389885872602,0.010091190226376057,-24.964736938476562
256,0.25625625252723694,48.52333450317383,-0.0009671917068772018,0.010648288764059544,-25.599651336669922
257,0.25725725293159485,48.564510345458984,-0.000983310746960342,0.011729191988706589,-26.794605255126953
258,0.25825825333595276,48.605712890625,-0.0010073032462969422,0.01330949179828167,-28.446107864379883
259,0.25925925374031067,48.64695739746094,-0.0009638604824431241,0.011595191434025764,-26.708656311035156
260,0.2602602541446686,48.688236236572266,-0.0009902757592499256,0.013364581391215324,-28.48615837097168
261,0.2612612545490265,48.729549407958984,-0.0009962305193766952,0.013870006427168846,-28.968416213989258
262,0.2622622549533844,48.770896911621094,-0.0009908985812216997,0.013728531077504158,-28.823528289794922
263,0.2632632553577423,48.812278747558594,-0.0010034043807536364,0.014507828280329704,-29.615550994873047
264,0.2642642557621002,48.85369110107422,-0.0010752477683126926,0.017923684790730476,-32.90781784057617
265,0.26526525616645813,48.895145416259766,-0.0010870767291635275,0.01855338364839554,-33.471797943115234
266,0.26626625657081604,48.93663787841797,-0.0011103057768195868,0.019729601219296455,-34.48476791381836
267,0.26726725697517395,48.97815704345703,-0.0010259454138576984,0.016192292794585228,-31.0906925201416
268,0.26826825737953186,49.01971435546875,-0.0009563560015521944,0.012928633019328117,-27.72605323791504
269,0.26926925778388977,49.061309814453125,-0.0009581648046150804,0.013526592403650284,-28.293874740600586
270,0.2702702581882477,49.10293960571289,-0.0009141985210590065,0.011345785111188889,-25.936065673828125
271,0.2712712585926056,49.14460754394531,-0.0008703849161975086,0.008068942464888096,-22.204479217529297
272,0.2722722589969635,49.18630599975586,-0.0008646310307085514,0.008134509436786175,-22.186376571655273
273,0.2732732594013214,49.2280387878418,-0.000864013796672225,0.008531174622476101,-22.561172485351562
274,0.2742742598056793,49.26980972290039,-0.0008807863341644406,0.01025442685931921,-24.47480010986328
275,0.27527526021003723,49.31161880493164,-0.0009021018049679697,0.011760669760406017,-26.115385055541992
276,0.27627626061439514,49.35345458984375,-0.0009240084327757359,0.01290226075798273,-27.318817138671875
277,0.27727726101875305,49.39533233642578,-0.0009261540253646672,0.012792429886758327,-27.18416976928711
278,0.27827826142311096,49.4372444152832,-0.0009024763712659478,0.01117241196334362,-25.442842483520508
279,0.27927926182746887,49.479190826416016,-0.0008999444544315338,0.011080099269747734,-25.459197998046875
280,0.2802802622318268,49.52117156982422,-0.0009074180270545185,0.011526046320796013,-26.094905853271484
281,0.2812812626361847,49.56319046020508,-0.0008976082899607718,0.010798879899084568,-25.46509552001953
282,0.282282292842865,49.60525131225586,-0.000899511156603694,0.011070048436522484,-25.930034637451172
283,0.2832832932472229,49.6473388671875,-0.0008996256510727108,0.011204051785171032,-26.211833953857422
284,0.2842842936515808,49.6894645690918,-0.0009057135321199894,0.011636891402304173,-26.770278930664062
285,0.2852852940559387,49.73162841796875,-0.0009199586347676814,0.012618754990398884,-27.89519500732422
286,0.28628629446029663,49.77382278442383,-0.0009414944215677679,0.013989768922328949,-29.39328956604004
287,0.28728729486465454,49.81605911254883,-0.0009307540603913367,0.013634301722049713,-29.03138542175293
288,0.28828829526901245,49.85832595825195,-0.0009078067378140986,0.012623441405594349,-27.937650680541992
289,0.28928929567337036,49.900630950927734,-0.0009372459026053548,0.01456250250339508,-30.0471134185791
290,0.29029029607772827,49.94297409057617,-0.0009846033062785864,0.01756189949810505,-33.17045211791992
291,0.2912912964820862,49.985355377197266,-0.0009856228716671467,0.018227368593215942,-33.82725524902344
292,0.2922922968864441,50.02776336669922,-0.0009623510995879769,0.017564497888088226,-33.14501190185547
293,0.293293297290802,50.07020950317383,-0.00095574208535254,0.017680365592241287,-33.2687873840332
294,0.2942942976951599,50.11269760131836,-0.0009325551800429821,0.016665233299136162,-32.209835052490234
295,0.2952952980995178,50.155216217041016,-0.0009082728647626936,0.015483594499528408,-30.98204231262207
296,0.29629629850387573,50.197776794433594,-0.0009131761617027223,0.016015147790312767,-31.668548583984375
297,0.29729729890823364,50.2403678894043,-0.0008741732453927398,0.014017529785633087,-29.51408576965332
298,0.29829829931259155,50.282997131347656,-0.0008990502683445811,0.01563529670238495,-31.366853713989258
299,0.29929929971694946,50.32566452026367,-0.0008665584027767181,0.014051888138055801,-29.55629539489746
300,0.3003003001213074,50.36836242675781,-0.0008481821278110147,0.013165263459086418,-28.418922424316406
301,0.3013013005256653,50.41109848022461,-0.0008564908057451248,0.013822640292346478,-29.041793823242188
302,0.3023023009300232,50.45387649536133,-0.0008639627485536039,0.014291728846728802,-29.44301414489746
303,0.3033033013343811,50.49668502807617,-0.00086308887694031,0.013993355445563793,-28.967018127441406
304,0.304304301738739,50.53953552246094,-0.0008568090852349997,0.013378910720348358,-28.18252182006836
305,0.3053053021430969,50.58241653442383,-0.0008431811584159732,0.011948696337640285,-26.442020416259766
306,0.30630630254745483,50.625335693359375,-0.0008599221473559737,0.01266323123127222,-27.258031845092773
307,0.30730730295181274,50.66829299926758,-0.0008668557275086641,0.012679156847298145,-27.297040939331055
308,0.30830830335617065,50.71128463745117,-0.000896352925337851,0.014681866392493248,-29.60041618347168
309,0.30930930376052856,50.754310607910156,-0.0009108102531172335,0.015933025628328323,-31.03681755065918
310,0.3103103041648865,50.79737854003906,-0.0008970980998128653,0.01539405807852745,-30.51276206970215
311,0.3113113045692444,50.840476989746094,-0.0008909437456168234,0.015545370057225227,-30.745399475097656
312,0.3123123049736023,50.88361358642578,-0.000875909230671823,0.015050909481942654,-30.274974822998047
313,0.3133133053779602,50.92679214477539,-0.0008916475344449282,0.01661638729274273,-32.174198150634766
314,0.3143143057823181,50.97000503540039,-0.0008577044936828315,0.014598908834159374,-30.01950454711914
315,0.315315306186676,51.01325225830078,-0.0008362043299712241,0.01331019215285778,-28.619400024414062
316,0.31631630659103394,51.056541442871094,-0.0008315275190398097,0.013116301037371159,-28.475149154663086
317,0.31731730699539185,51.099857330322266,-0.0008349725976586342,0.013329613953828812,-28.76625633239746
318,0.31831830739974976,51.14321517944336,-0.000834688835311681,0.013104883022606373,-28.49679946899414
319,0.31931930780410767,51.186614990234375,-0.0008242419571615756,0.012048025615513325,-27.239376068115234
320,0.3203203082084656,51.23004913330078,-0.0008252303814515471,0.011892457492649555,-27.0755615234375
321,0.3213213086128235,51.27351379394531,-0.0008202202152460814,0.011105632409453392,-26.171037673950195
322,0.3223223090171814,51.317020416259766,-0.0008122404688037932,0.009935173206031322,-24.804960250854492
323,0.3233233094215393,51.36056137084961,-0.0008166839834302664,0.009985793381929398,-24.911989212036133
324,0.3243243098258972,51.40414047241211,-0.0008185318438336253,0.010279737412929535,-25.3121280670166
325,0.3253253102302551,51.44776153564453,-0.0008128498448058963,0.010176832787692547,-25.221519470214844
326,0.32632631063461304,51.49141311645508,-0.0008016039500944316,0.009746195748448372,-24.69826316833496
327,0.32732731103897095,51.53510284423828,-0.0008115428499877453,0.011362736113369465,-26.6968994140625
328,0.32832831144332886,51.578834533691406,-0.0008149141212925315,0.012379657477140427,-27.95061683654785
329,0.32932931184768677,51.622596740722656,-0.0007900705095380545,0.011070317588746548,-26.29619598388672
330,0.3303303122520447,51.66639709472656,-0.0007928626146167517,0.012092944234609604,-27.56492805480957
331,0.3313313126564026,51.71023941040039,-0.0007913821609690785,0.01267519686371088,-28.312076568603516
332,0.3323323130607605,51.754112243652344,-0.0007858655881136656,0.01271964143961668,-28.401508331298828
333,0.3333333432674408,51.79802703857422,-0.0007653557113371789,0.011208739131689072,-26.489749908447266
334,0.3343343436717987,51.84197998046875,-0.0007631717016920447,0.011146798729896545,-26.458921432495117
335,0.3353353440761566,51.88597106933594,-0.0007663043215870857,0.011478490196168423,-26.882963180541992
336,0.3363363444805145,51.92999267578125,-0.0007665895391255617,0.011450069025158882,-26.82107162475586
337,0.33733734488487244,51.974056243896484,-0.0007522704545408487,0.009790569543838501,-24.590221405029297
338,0.33833834528923035,52.018157958984375,-0.0007554003968834877,0.009927354753017426,-24.735370635986328
339,0.33933934569358826,52.06229782104492,-0.0007669998449273407,0.01101465430110693,-26.146596908569336
340,0.34034034609794617,52.106468200683594,-0.0007622005650773644,0.010062424466013908,-24.9345703125
341,0.3413413465023041,52.15068054199219,-0.0007656358648091555,0.010222331620752811,-25.196775436401367
342,0.342342346906662,52.19493103027344,-0.0007629357860423625,0.00978937465697527,-24.682619094848633
343,0.3433433473110199,52.23921585083008,-0.000765778124332428,0.010180456563830376,-25.245220184326172
344,0.3443443477153778,52.283546447753906,-0.000766265788115561,0.01035099383443594,-25.51483917236328
345,0.3453453481197357,52.327911376953125,-0.0007549544679932296,0.00942496582865715,-24.34760093688965
346,0.34634634852409363,52.372310638427734,-0.0007350628147833049,0.007784517016261816,-22.20916175842285
347,0.34734734892845154,52.416744232177734,-0.0007360866293311119,0.008186359889805317,-22.78432846069336
348,0.34834834933280945,52.46122360229492,-0.0006990368710830808,0.005264933221042156,-18.68944549560547
349,0.34934934973716736,52.505733489990234,-0.0006969191017560661,0.005391219165176153,-18.800941467285156
350,0.35035035014152527,52.55028533935547,-0.0006932527758181095,0.005266317166388035,-18.55729866027832
351,0.3513513505458832,52.594879150390625,-0.0006925661000423133,0.005391537211835384,-18.671039581298828
352,0.3523523509502411,52.639503479003906,-0.0007003614446148276,0.006139899138361216,-19.68153953552246
353,0.353353351354599,52.68416976928711,-0.0007130980375222862,0.00718088261783123,-21.09315299987793
354,0.3543543517589569,52.72887420654297,-0.0007304271566681564,0.008692052215337753,-23.147899627685547
355,0.3553553521633148,52.77360916137695,-0.000740770366974175,0.00946615170687437,-24.1696720123291
356,0.35635635256767273,52.81839370727539,-0.0007639399264007807,0.011409945785999298,-26.763160705566406
357,0.35735735297203064,52.86320495605469,-0.0007881236961111426,0.013291342183947563,-29.2356014251709
358,0.35835835337638855,52.90806198120117,-0.0007851868867874146,0.012310043908655643,-28.061677932739258
359,0.35935935378074646,52.95295333862305,-0.0007802192121744156,0.011301182210445404,-26.87862777709961
360,0.36036035418510437,52.99788284301758,-0.0007943485397845507,0.012506341561675072,-28.522811889648438
361,0.3613613545894623,53.0428581237793,-0.0007733539678156376,0.01064372155815363,-26.258750915527344
362,0.3623623549938202,53.087860107421875,-0.0007890101987868547,0.012356603518128395,-28.532306671142578
363,0.3633633553981781,53.13290786743164,-0.0007759956642985344,0.011627995409071445,-27.66325569152832
364,0.364364355802536,53.1779899597168,-0.0007692810613662004,0.011510542593896389,-27.55336570739746
365,0.3653653562068939,53.223114013671875,-0.0007862335187382996,0.013328959234058857,-29.928939819335938
366,0.36636635661125183,53.268272399902344,-0.0007630338077433407,0.012163974344730377,-28.46455955505371
367,0.36736735701560974,53.31346893310547,-0.0007491947617381811,0.011760161258280277,-27.930360794067383
368,0.36836835741996765,53.358707427978516,-0.0007461468921974301,0.012197577394545078,-28.48885726928711
369,0.36936935782432556,53.40398025512695,-0.000738972972612828,0.012061960063874722,-28.251567840576172
370,0.37037035822868347,53.44929885864258,-0.0007292662048712373,0.011632513254880905,-27.589162826538086
371,0.3713713586330414,53.49464797973633,-0.0007331589004024863,0.012181313708424568,-28.226316452026367
372,0.3723723590373993,53.5400390625,-0.0007238920079544187,0.011441182345151901,-27.091339111328125
373,0.3733733594417572,53.58546829223633,-0.0007093347376212478,0.010070040822029114,-25.054166793823242
374,0.3743743598461151,53.63093566894531,-0.0007194976205937564,0.010867890901863575,-26.066709518432617
375,0.375375360250473,53.67644500732422,-0.0007271558279171586,0.011646066792309284,-27.038984298706055
376,0.37637636065483093,53.721988677978516,-0.0007044334197416902,0.010112877935171127,-24.863222122192383
377,0.37737736105918884,53.76757049560547,-0.0007005498046055436,0.010270373895764351,-25.08708381652832
378,0.37837836146354675,53.813194274902344,-0.0006865179166197777,0.009346669539809227,-23.773733139038086
379,0.37937936186790466,53.858856201171875,-0.0006827031029388309,0.009638211689889431,-24.224018096923828
380,0.3803803622722626,53.9045524597168,-0.0006749139865860343,0.009642312303185463,-24.257190704345703
381,0.3813813626766205,53.950294494628906,-0.0006656775949522853,0.009512596763670444,-24.053726196289062
382,0.3823823630809784,53.996070861816406,-0.0006614191806875169,0.009744174778461456,-24.403118133544922
383,0.3833833634853363,54.04188919067383,-0.0006615328602492809,0.010216438211500645,-25.100343704223633
384,0.3843843936920166,54.08774185180664,-0.0006558130262419581,0.009865368716418743,-24.521787643432617
385,0.3853853940963745,54.133636474609375,-0.0006458465941250324,0.008518319576978683,-22.422773361206055
386,0.3863863945007324,54.1795654296875,-0.0006434368551708758,0.007590917404741049,-20.982418060302734
387,0.38738739490509033,54.22554016113281,-0.0006411229260265827,0.005933324806392193,-18.41533851623535
388,0.38838839530944824,54.271549224853516,-0.000650291854981333,0.008009009063243866,-21.687313079833984
389,0.38938939571380615,54.317596435546875,-0.0006485178600996733,0.006516966503113508,-19.476619720458984
390,0.39039039611816406,54.363685607910156,-0.0006705207051709294,0.009809429757297039,-24.621383666992188
391,0.391391396522522,54.40981674194336,-0.0006744420388713479,0.009632939472794533,-24.500741958618164
392,0.3923923969268799,54.45597839355469,-0.0006622573127970099,0.007531172130256891,-21.506555557250977
393,0.3933933973312378,54.502193450927734,-0.0006559095927514136,0.006689840462058783,-20.344249725341797
394,0.3943943977355957,54.54843521118164,-0.0006458499701693654,0.005480381194502115,-18.580909729003906
395,0.3953953981399536,54.59471893310547,-0.0006433617090806365,0.005800236016511917,-19.13627052307129
396,0.3963963985443115,54.64104080200195,-0.0006308052688837051,0.004968564957380295,-17.871511459350586
397,0.39739739894866943,54.68740463256836,-0.0006232410087250173,0.004924328997731209,-17.796552658081055
398,0.39839839935302734,54.73381042480469,-0.0006237246561795473,0.005589782726019621,-18.849071502685547
399,0.39939939975738525,54.780250549316406,-0.000618493533693254,0.005639975890517235,-18.914867401123047
400,0.40040040016174316,54.82673263549805,-0.0006301854737102985,0.007013046648353338,-21.12622833251953
401,0.4014014005661011,54.87324905395508,-0.000644252635538578,0.008680902421474457,-23.76413345336914
402,0.402402400970459,54.91980743408203,-0.000631108763627708,0.008082781918346882,-22.834911346435547
403,0.4034034013748169,54.96641540527344,-0.0006241191877052188,0.008011768572032452,-22.701820373535156
404,0.4044044017791748,55.01305389404297,-0.0006226476980373263,0.008147898130118847,-22.910240173339844
405,0.4054054021835327,55.059730529785156,-0.0006365354638546705,0.00942574068903923,-24.929990768432617
406,0.4064064025878906,55.106449127197266,-0.0006441083969548345,0.010074797086417675,-25.896846771240234
407,0.40740740299224854,55.1532096862793,-0.0006546068470925093,0.010995525866746902,-27.233667373657227
408,0.40840840339660645,55.200008392333984,-0.0006653244490735233,0.011928374879062176,-28.55413246154785
409,0.40940940380096436,55.24684524536133,-0.0006678962963633239,0.012017403729259968,-28.582155227661133
410,0.41041040420532227,55.293724060058594,-0.0006850096397101879,0.0133931590244174,-30.529396057128906
411,0.4114114046096802,55.340641021728516,-0.0006885473849251866,0.013759270310401917,-31.042417526245117
412,0.4124124050140381,55.38759231567383,-0.0006779931718483567,0.01301866676658392,-30.019073486328125
413,0.413413405418396,55.43458938598633,-0.0006477271672338247,0.010565049946308136,-26.405868530273438
414,0.4144144058227539,55.481624603271484,-0.0006515455897897482,0.011248629540205002,-27.547897338867188
415,0.4154154062271118,55.52870178222656,-0.0006316789658740163,0.009779966436326504,-25.361860275268555
416,0.4164164066314697,55.5758171081543,-0.000636247219517827,0.010788962244987488,-27.014598846435547
417,0.41741740703582764,55.62297439575195,-0.0006250734440982342,0.01035259012132883,-26.320035934448242
418,0.41841840744018555,55.67017364501953,-0.0006114813731983304,0.009756878949701786,-25.238840103149414
419,0.41941940784454346,55.71741485595703,-0.000595362507738173,0.008376630023121834,-22.835254669189453
420,0.42042040824890137,55.764686584472656,-0.000603158085141331,0.009620191529393196,-24.841466903686523
421,0.4214214086532593,55.81200408935547,-0.0006090858951210976,0.010246256366372108,-25.84673309326172
422,0.4224224090576172,55.85935592651367,-0.0006236473564058542,0.01161306444555521,-28.031091690063477
423,0.4234234094619751,55.90675735473633,-0.000638530938886106,0.012736954726278782,-29.773624420166016
424,0.424424409866333,55.954193115234375,-0.0006335482466965914,0.01252681389451027,-29.40289878845215
425,0.4254254102706909,56.00166702270508,-0.0006362706772051752,0.013684266246855259,-31.17462921142578
426,0.42642641067504883,56.04918670654297,-0.0006301014218479395,0.014076684601604939,-31.736709594726562
427,0.42742741107940674,56.096744537353516,-0.0006311812903732061,0.014854220673441887,-32.89503479003906
428,0.42842841148376465,56.14434814453125,-0.0006235312903299928,0.014333157800137997,-32.013214111328125
429,0.42942941188812256,56.191978454589844,-0.0006227833800949156,0.014083034358918667,-31.5788631439209
430,0.43043041229248047,56.239662170410156,-0.0006337028462439775,0.014727022498846054,-32.588069915771484
431,0.4314314126968384,56.287384033203125,-0.0006424863822758198,0.014948880299925804,-32.95469665527344
432,0.4324324131011963,56.335140228271484,-0.0006576532614417374,0.016061795875430107,-34.76491928100586
433,0.4334334135055542,56.3829460144043,-0.0006860223948024213,0.01851940155029297,-38.540672302246094
434,0.4344344139099121,56.430782318115234,-0.0006559253670275211,0.015622185543179512,-34.34435272216797
435,0.43543541431427,56.478668212890625,-0.000675431452691555,0.01716146059334278,-36.78947830200195
436,0.4364364445209503,56.526588439941406,-0.0006774525390937924,0.01709606871008873,-36.80476379394531
437,0.4374374449253082,56.574554443359375,-0.0006794648943468928,0.01709541119635105,-36.90446090698242
438,0.43843844532966614,56.62255859375,-0.0006740265525877476,0.016535108909010887,-36.16484069824219
439,0.43943944573402405,56.67060089111328,-0.0006805580342188478,0.017166821286082268,-37.20072555541992
440,0.44044044613838196,56.718685150146484,-0.0006842616712674499,0.017638875171542168,-37.98588180541992
441,0.44144144654273987,56.76681137084961,-0.0006695121992379427,0.016343241557478905,-36.133995056152344
442,0.4424424469470978,56.814979553222656,-0.0006613004952669144,0.01585451327264309,-35.47495651245117
443,0.4434434473514557,56.86318588256836,-0.0006684183026663959,0.01673075556755066,-36.8651008605957
444,0.4444444477558136,56.911434173583984,-0.0006658486090600491,0.016604386270046234,-36.768165588378906
445,0.4454454481601715,56.95972442626953,-0.0006581503548659384,0.016073431819677353,-36.07971954345703
446,0.4464464485645294,57.008056640625,-0.0006600910564884543,0.016442419961094856,-36.71367645263672
447,0.44744744896888733,57.056427001953125,-0.0006586459348909557,0.01658361218869686,-36.988807678222656
448,0.44844844937324524,57.10483932495117,-0.0006662591476924717,0.017793387174606323,-38.849185943603516
449,0.44944944977760315,57.153297424316406,-0.0006630771094933152,0.017970720306038857,-39.124839782714844
450,0.45045045018196106,57.20178985595703,-0.0006584101356565952,0.018116848543286324,-39.37364959716797
451,0.45145145058631897,57.25032424926758,-0.000654441537335515,0.018102282658219337,-39.36923599243164
452,0.4524524509906769,57.29890060424805,-0.0006557198357768357,0.0185242909938097,-40.03859329223633
453,0.4534534513950348,57.3475227355957,-0.0006339557585306466,0.016842607408761978,-37.446319580078125
454,0.4544544517993927,57.396183013916016,-0.0006435323157347739,0.017635509371757507,-38.7153205871582
455,0.4554554522037506,57.444881439208984,-0.0006328744348138571,0.01680884137749672,-37.42133331298828
456,0.4564564526081085,57.49362564086914,-0.0006458680727519095,0.017986053600907326,-39.27499008178711
457,0.45745745301246643,57.54240417480469,-0.0006256843917071819,0.01682586595416069,-37.44330596923828
458,0.45845845341682434,57.59122848510742,-0.0006142088677734137,0.016227630898356438,-36.45892333984375
459,0.45945945382118225,57.640098571777344,-0.0006050725351087749,0.015565799549221992,-35.352699279785156
460,0.46046045422554016,57.68900680541992,-0.0006214031018316746,0.01653900370001793,-36.92231750488281
461,0.46146145462989807,57.73795700073242,-0.0005961581482551992,0.014425604604184628,-33.52915573120117
462,0.462462455034256,57.786949157714844,-0.0006090636597946286,0.015183932147920132,-34.88532638549805
463,0.4634634554386139,57.83598327636719,-0.0006071461248211563,0.014959991909563541,-34.60758590698242
464,0.4644644558429718,57.88505554199219,-0.0006069872761145234,0.01470201089978218,-34.27760314941406
465,0.4654654562473297,57.934165954589844,-0.0006028648931533098,0.014270007610321045,-33.64506149291992
466,0.4664664566516876,57.98332977294922,-0.0006097510922700167,0.015008089132606983,-34.925594329833984
467,0.46746745705604553,58.03252410888672,-0.0006112246192060411,0.015561538748443127,-35.851341247558594
468,0.46846845746040344,58.08176803588867,-0.0006153708091005683,0.01637153886258602,-37.14183807373047
469,0.46946945786476135,58.131046295166016,-0.0005995007231831551,0.01510423980653286,-34.97500228881836
470,0.47047045826911926,58.18037414550781,-0.0006078730802983046,0.015795182436704636,-36.03153991699219
471,0.4714714586734772,58.229740142822266,-0.0006280319066718221,0.017582526430487633,-38.819454193115234
472,0.4724724590778351,58.27914810180664,-0.0006371628260239959,0.017997249960899353,-39.356754302978516
473,0.473473459482193,58.32859802246094,-0.0006610724376514554,0.02094610407948494,-43.843753814697266
474,0.4744744598865509,58.37809371948242,-0.0006526418728753924,0.020104141905903816,-42.696197509765625
475,0.4754754602909088,58.42762756347656,-0.0006383939180523157,0.01846804842352867,-40.33545684814453
476,0.4764764606952667,58.47719955444336,-0.0006386383320204914,0.01878810115158558,-41.00569152832031
477,0.47747746109962463,58.52682113647461,-0.000637454038951546,0.018520483747124672,-40.74407196044922
478,0.47847846150398254,58.57647705078125,-0.0006389424670487642,0.01854573003947735,-40.95622634887695
479,0.47947946190834045,58.626182556152344,-0.0006282739341259003,0.01710154116153717,-38.83500671386719
480,0.48048046231269836,58.675926208496094,-0.0006264665280468762,0.017395585775375366,-39.42087936401367
481,0.4814814627170563,58.725711822509766,-0.0005909514147788286,0.014375481754541397,-34.5092887878418
482,0.4824824631214142,58.775543212890625,-0.0005747032118961215,0.013381498865783215,-32.76597213745117
483,0.4834834635257721,58.82541275024414,-0.0005677056033164263,0.013080274686217308,-32.17668533325195
484,0.48448446393013,58.875328063964844,-0.0005673650885000825,0.01322452537715435,-32.364383697509766
485,0.4854854643344879,58.92528533935547,-0.0005763189401477575,0.014100168831646442,-33.82150650024414
486,0.4864864647388458,58.97528076171875,-0.0005993015365675092,0.01647106371819973,-37.848751068115234
487,0.4874874949455261,59.025325775146484,-0.0006031112279742956,0.017464125528931618,-39.572837829589844
488,0.48848849534988403,59.07540512084961,-0.0005846018902957439,0.016027219593524933,-37.21694564819336
489,0.48948949575424194,59.12553024291992,-0.000572509306948632,0.015110163018107414,-35.68937301635742
490,0.49049049615859985,59.17570114135742,-0.0005615100380964577,0.014384543523192406,-34.52671813964844
491,0.49149149656295776,59.22591781616211,-0.0005612182430922985,0.014484157785773277,-34.829795837402344
492,0.4924924969673157,59.27616500854492,-0.0005466478178277612,0.013210772536695004,-32.65501403808594
493,0.4934934973716736,59.32646560668945,-0.0005335712339729071,0.011859457939863205,-30.29388427734375
494,0.4944944977760315,59.376800537109375,-0.0005202286411076784,0.010155896656215191,-27.2063045501709
495,0.4954954981803894,59.427181243896484,-0.0005193691467866302,0.009735590778291225,-26.488327026367188
496,0.4964964985847473,59.47761154174805,-0.0005221422761678696,0.009827418252825737,-26.69342803955078
497,0.4974974989891052,59.528072357177734,-0.0005098172114230692,0.008436526171863079,-23.97540283203125
498,0.49849849939346313,59.57858657836914,-0.0005166105693206191,0.009418165311217308,-25.85888671875
499,0.49949949979782104,59.62913513183594,-0.0005202211905270815,0.00993739441037178,-26.809263229370117
500,0.500500500202179,59.67972946166992,-0.00051933090435341,0.010119457729160786,-27.08551788330078
501,0.5015015006065369,59.73036575317383,-0.0005130162462592125,0.009480191394686699,-25.78223991394043
502,0.5025025010108948,59.78105163574219,-0.0005134094972163439,0.009780624881386757,-26.323108673095703
503,0.5035035014152527,59.83177947998047,-0.0005185675108805299,0.010911223478615284,-28.524887084960938
504,0.5045045018196106,59.88254165649414,-0.0005123469163663685,0.010445642285048962,-27.66717529296875
505,0.5055055022239685,59.93335723876953,-0.0005124580347910523,0.01087252888828516,-28.543800354003906
506,0.5065065026283264,59.98421096801758,-0.0005127229960635304,0.011343599297106266,-29.51394271850586
507,0.5075075030326843,60.03510665893555,-0.0005088695324957371,0.011188424192368984,-29.253803253173828
508,0.5085085034370422,60.08604431152344,-0.0005050826002843678,0.010876179672777653,-28.65922737121582
509,0.5095095038414001,60.13703155517578,-0.000504588708281517,0.010803273878991604,-28.519861221313477
510,0.5105105042457581,60.18806076049805,-0.000516270287334919,0.012151382863521576,-31.1429443359375
511,0.511511504650116,60.2391242980957,-0.0005181924789212644,0.012236976996064186,-31.314617156982422
512,0.5125125050544739,60.29024124145508,-0.0005267315427772701,0.012891875579953194,-32.57427978515625
513,0.5135135054588318,60.341392517089844,-0.0005324597004801035,0.013384341262280941,-33.52822494506836
514,0.5145145058631897,60.39259719848633,-0.0005334073211997747,0.013335947878658772,-33.442108154296875
515,0.5155155062675476,60.44384002685547,-0.000534412800334394,0.01321503333747387,-33.20820999145508
516,0.5165165066719055,60.495121002197266,-0.0005333555163815618,0.013261734507977962,-33.26422882080078
517,0.5175175070762634,60.54645538330078,-0.0005118647823110223,0.01136812660843134,-29.672834396362305
518,0.5185185074806213,60.59783172607422,-0.0005250804824754596,0.01379334181547165,-34.459022521972656
519,0.5195195078849792,60.64924621582031,-0.0005436291685327888,0.01604365184903145,-38.83262634277344
520,0.5205205082893372,60.700706481933594,-0.0005573538364842534,0.017807230353355408,-42.26837158203125
521,0.5215215086936951,60.75221252441406,-0.0005533460061997175,0.017907489091157913,-42.68583679199219
522,0.522522509098053,60.80376434326172,-0.0005580565193668008,0.018673162907361984,-44.2490348815918
523,0.5235235095024109,60.85535430908203,-0.0005616502603515983,0.019487926736474037,-45.963985443115234
524,0.5245245099067688,60.90699005126953,-0.0005546614993363619,0.01934181898832321,-45.96518325805664
525,0.5255255103111267,60.95866775512695,-0.0005590615328401327,0.02008047327399254,-47.435115814208984
526,0.5265265107154846,61.01039123535156,-0.0005625549820251763,0.020452482625842094,-48.12228775024414
527,0.5275275111198425,61.06216049194336,-0.0005569314816966653,0.019659899175167084,-46.6839485168457
528,0.5285285115242004,61.11397171020508,-0.0005512358620762825,0.0187565665692091,-44.996849060058594
529,0.5295295119285583,61.165828704833984,-0.000562647357583046,0.019439605996012688,-46.15912628173828
530,0.5305305123329163,61.21773147583008,-0.0005588557105511427,0.018804265186190605,-45.03983688354492
531,0.5315315127372742,61.26966857910156,-0.0005667639197781682,0.019861524924635887,-47.05903625488281
532,0.5325325131416321,61.3216552734375,-0.0005441217217594385,0.01783548668026924,-43.58748245239258
533,0.53353351354599,61.373695373535156,-0.0005456075887195766,0.018258383497595787,-44.471683502197266
534,0.5345345139503479,61.4257698059082,-0.0005450882017612457,0.018249016255140305,-44.47846984863281
535,0.5355355143547058,61.47788619995117,-0.0005480140680447221,0.018782269209623337,-45.409908294677734
536,0.5365365147590637,61.530052185058594,-0.0005422709509730339,0.01817477121949196,-44.2064323425293
537,0.5375375151634216,61.5822639465332,-0.0005349949351511896,0.017309118062257767,-42.45640563964844
538,0.5385385155677795,61.63451385498047,-0.0005403698887676001,0.018213985487818718,-44.20321273803711
539,0.5395395755767822,61.68681716918945,-0.0005337953334674239,0.017645295709371567,-43.23316955566406
540,0.5405405759811401,61.73915481567383,-0.0005525910528376698,0.01960940472781658,-46.84336471557617
541,0.541541576385498,61.791542053222656,-0.0005580400465987623,0.020259132608771324,-48.05185317993164
542,0.542542576789856,61.843971252441406,-0.0005517803365364671,0.019720647484064102,-47.22842788696289
543,0.5435435771942139,61.89645004272461,-0.0005487388698384166,0.01957068406045437,-47.03443908691406
544,0.5445445775985718,61.94896697998047,-0.000544339360203594,0.019189970567822456,-46.35989761352539
545,0.5455455780029297,62.001529693603516,-0.0005493044154718518,0.020212963223457336,-48.291072845458984
546,0.5465465784072876,62.05413818359375,-0.000546977506019175,0.020348351448774338,-48.503170013427734
547,0.5475475788116455,62.10679244995117,-0.0005348874256014824,0.01949581503868103,-46.93455505371094
548,0.5485485792160034,62.159488677978516,-0.0005345494137145579,0.019949370995163918,-47.74107360839844
549,0.5495495796203613,62.21223068237305,-0.0005368367419578135,0.020412586629390717,-48.47066116333008
550,0.5505505800247192,62.26502227783203,-0.0005258406745269895,0.018944118171930313,-45.55200958251953
551,0.5515515804290771,62.31785202026367,-0.0005422185640782118,0.02149225026369095,-50.215484619140625
552,0.5525525808334351,62.3707275390625,-0.0005312171997502446,0.020120052620768547,-47.66449737548828
553,0.553553581237793,62.42365264892578,-0.0005295890150591731,0.020541692152619362,-48.64053726196289
554,0.5545545816421509,62.476619720458984,-0.000531806203071028,0.02128714881837368,-50.27914047241211
555,0.5555555820465088,62.52962875366211,-0.0005263880593702197,0.02048495039343834,-49.01230239868164
556,0.5565565824508667,62.58268737792969,-0.000537770742084831,0.022121161222457886,-52.25800323486328
557,0.5575575828552246,62.63578796386719,-0.0005440403474494815,0.02275274135172367,-53.50905227661133
558,0.5585585832595825,62.688934326171875,-0.0005444700364023447,0.022178079932928085,-52.57639694213867
559,0.5595595836639404,62.74212646484375,-0.0005510136834345758,0.023075159639120102,-54.33385467529297
560,0.5605605840682983,62.79536437988281,-0.0005530932685360312,0.02222662977874279,-52.7234992980957
561,0.5615615844726562,62.8486442565918,-0.000558998144697398,0.023085586726665497,-54.226219177246094
562,0.5625625848770142,62.901973724365234,-0.0005536375101655722,0.02178916148841381,-51.90146255493164
563,0.5635635852813721,62.955345153808594,-0.0005545570747926831,0.0233427993953228,-54.77923583984375
564,0.56456458568573,63.008766174316406,-0.000551473000086844,0.023269420489668846,-54.62718963623047
565,0.5655655860900879,63.062225341796875,-0.0005379882641136646,0.02049878053367138,-49.41678237915039
566,0.5665665864944458,63.11573791503906,-0.0005296427989378572,0.019742177799344063,-47.95240783691406
567,0.5675675868988037,63.16929244995117,-0.0005224897176958621,0.019528869539499283,-47.63312911987305
568,0.5685685873031616,63.2228889465332,-0.0005147755146026611,0.01936577819287777,-47.478450775146484
569,0.5695695877075195,63.27653503417969,-0.0005035581416450441,0.01819511130452156,-45.229881286621094
570,0.5705705881118774,63.33022689819336,-0.0004904373199678957,0.016528332605957985,-41.90863037109375
571,0.5715715885162354,63.38396072387695,-0.00048558402340859175,0.015674808993935585,-40.208621978759766
572,0.5725725889205933,63.437744140625,-0.0004666019231081009,0.01343514584004879,-35.671165466308594
573,0.5735735893249512,63.4915657043457,-0.00046566693345084786,0.013484382070600986,-35.94295120239258
574,0.5745745897293091,63.545440673828125,-0.00046518573071807623,0.013586631044745445,-36.3658561706543
575,0.575575590133667,63.599361419677734,-0.00046378234401345253,0.013540130108594894,-36.45307540893555
576,0.5765765905380249,63.65332794189453,-0.0004537294153124094,0.012667570263147354,-34.7420539855957
577,0.5775775909423828,63.707332611083984,-0.00045703351497650146,0.013381377793848515,-36.46513366699219
578,0.5785785913467407,63.761390686035156,-0.0004396286094561219,0.011029009707272053,-31.332523345947266
579,0.5795795917510986,63.815494537353516,-0.00044103263644501567,0.011484993621706963,-32.45499038696289
580,0.5805805921554565,63.8696403503418,-0.0004295980907045305,0.009656150825321674,-28.260208129882812
581,0.5815815925598145,63.92383575439453,-0.0004366704379208386,0.011149737052619457,-31.64637565612793
582,0.5825825929641724,63.97807693481445,-0.0004363376065157354,0.011627763509750366,-32.708343505859375
583,0.5835835933685303,64.03236389160156,-0.00042887963354587555,0.010622506961226463,-30.3498592376709
584,0.5845845937728882,64.0866928100586,-0.0004355273849796504,0.011729427613317966,-32.866424560546875
585,0.5855855941772461,64.14107513427734,-0.00043252407340332866,0.010711047798395157,-30.499549865722656
586,0.586586594581604,64.19549560546875,-0.00044234690722078085,0.01227407157421112,-34.13142013549805
587,0.5875875949859619,64.24996948242188,-0.0004452647117432207,0.012885143049061298,-35.6517333984375
588,0.5885885953903198,64.30448150634766,-0.00044830082333646715,0.013636590912938118,-37.47859191894531
589,0.5895895957946777,64.35903930664062,-0.00044375270954333246,0.013485904783010483,-37.30242156982422
590,0.5905905961990356,64.41365814208984,-0.00044911325676366687,0.014375550672411919,-39.38050842285156
591,0.5915915966033936,64.46830749511719,-0.00044627400347962976,0.013981588184833527,-38.52277755737305
592,0.5925925970077515,64.52301025390625,-0.00043743778951466084,0.013036426156759262,-36.376590728759766
593,0.5935935974121094,64.5777587890625,-0.0004313336976338178,0.012840484268963337,-35.913238525390625
594,0.5945945978164673,64.63255310058594,-0.000430228712502867,0.013280266895890236,-36.92770767211914
595,0.5955955982208252,64.68739318847656,-0.00042230647522956133,0.012040521949529648,-33.99605178833008
596,0.5965965986251831,64.74227905273438,-0.00043014358379878104,0.013537907972931862,-37.542999267578125
597,0.597597599029541,64.7972183227539,-0.0004439784970600158,0.015549344010651112,-42.392887115478516
598,0.5985985994338989,64.8521957397461,-0.0004413630231283605,0.015288624912500381,-42.0945930480957
599,0.5995995998382568,64.9072265625,-0.0004380823520477861,0.014700104482471943,-40.91151809692383
600,0.6006006002426147,64.96229553222656,-0.0004388706583995372,0.014726807363331318,-41.0213737487793
601,0.6016016006469727,65.01741790771484,-0.0004537666100077331,0.016219142824411392,-44.304378509521484
602,0.6026026010513306,65.07258605957031,-0.0004508846323005855,0.015737414360046387,-43.06150817871094
603,0.6036036014556885,65.12779998779297,-0.000450970052042976,0.015762757509946823,-43.027061462402344
604,0.6046046018600464,65.18305969238281,-0.0004477684269659221,0.015651017427444458,-42.77840805053711
605,0.6056056022644043,65.23836517333984,-0.00044172024354338646,0.01544003002345562,-42.44050216674805
606,0.6066066026687622,65.2937240600586,-0.0004363854241091758,0.01517454907298088,-41.97885513305664
607,0.6076076030731201,65.34912872314453,-0.0004446015227586031,0.016179893165826797,-44.33186340332031
608,0.608608603477478,65.40457916259766,-0.0004430327971931547,0.01574033871293068,-43.34531784057617
609,0.6096096038818359,65.46007537841797,-0.0004364892083685845,0.0146204624325037,-40.77956771850586
610,0.6106106042861938,65.51561737060547,-0.0004405357176437974,0.015007955022156239,-41.6760368347168
611,0.6116116046905518,65.57120513916016,-0.00045429711462929845,0.016843203455209732,-45.90826416015625
612,0.6126126050949097,65.62684631347656,-0.00043905689381062984,0.015468519181013107,-42.9063606262207
613,0.6136136054992676,65.68252563476562,-0.00043568486580625176,0.01542635727673769,-42.81243133544922
614,0.6146146059036255,65.7382583618164,-0.00043316709343343973,0.015388173051178455,-42.69632339477539
615,0.6156156063079834,65.79403686523438,-0.00044511264422908425,0.017357973381876945,-47.20310974121094
616,0.6166166067123413,65.84986877441406,-0.0004517130146268755,0.018484657630324364,-49.73914337158203
617,0.6176176071166992,65.9057388305664,-0.0004671549831982702,0.020641949027776718,-54.416595458984375
618,0.6186186075210571,65.96166229248047,-0.00046053985715843737,0.01976756379008293,-52.59449005126953
619,0.619619607925415,66.01763153076172,-0.00046250614104792476,0.02015027590095997,-53.50504684448242
620,0.620620608329773,66.07364654541016,-0.0004657975514419377,0.020569046959280968,-54.40818405151367
621,0.6216216087341309,66.12971496582031,-0.00046427902998402715,0.0204983651638031,-54.30140686035156
622,0.6226226091384888,66.18582916259766,-0.0004533355822786689,0.01919909380376339,-51.456111907958984
623,0.6236236095428467,66.24198150634766,-0.0004440553020685911,0.01825311779975891,-49.329246520996094
624,0.6246246099472046,66.29818725585938,-0.0004418721655383706,0.018535226583480835,-50.01793670654297
625,0.6256256103515625,66.35443878173828,-0.0004302388406358659,0.017595427110791206,-48.03268051147461
626,0.6266266107559204,66.4107437133789,-0.0004207572783343494,0.016495468094944954,-45.53409957885742
627,0.6276276111602783,66.46709442138672,-0.0004155362257733941,0.01587398163974285,-44.11674499511719
628,0.6286286115646362,66.52349090576172,-0.0004156250797677785,0.015981949865818024,-44.39670944213867
629,0.6296296119689941,66.57994079589844,-0.00041207275353372097,0.015581589192152023,-43.51075744628906
630,0.630630612373352,66.63642883300781,-0.00041344069177284837,0.016087619587779045,-44.861724853515625
631,0.63163161277771,66.6929702758789,-0.0004085584369022399,0.015146823599934578,-42.677398681640625
632,0.6326326131820679,66.74955749511719,-0.0004034476587548852,0.014410343021154404,-41.022254943847656
633,0.6336336135864258,66.80619812011719,-0.0003953069681301713,0.01291652861982584,-37.41478729248047
634,0.6346346139907837,66.86288452148438,-0.00040072447154670954,0.014762898907065392,-42.12033462524414
635,0.6356356143951416,66.91961669921875,-0.00040396564872935414,0.015448424033820629,-43.8366584777832
636,0.6366366147994995,66.97640228271484,-0.0004147774016018957,0.01710890792310238,-47.902687072753906
637,0.6376376152038574,67.0332260131836,-0.00041926655103452504,0.017724724486470222,-49.38013458251953
638,0.6386386156082153,67.0901107788086,-0.00042254431173205376,0.018213218078017235,-50.57707595825195
639,0.6396396160125732,67.14703369140625,-0.000432023371104151,0.01958387903869152,-53.82518005371094
640,0.6406406164169312,67.20401000976562,-0.0004398166202008724,0.020884377881884575,-56.85303497314453
641,0.6416416764259338,67.26103210449219,-0.0004330502124503255,0.02043163776397705,-55.936946868896484
642,0.6426426768302917,67.31810760498047,-0.0004245697637088597,0.019485309720039368,-53.79694366455078
643,0.6436436772346497,67.37522888183594,-0.0004143772821407765,0.018188655376434326,-50.88127899169922
644,0.6446446776390076,67.4323959350586,-0.0004233807267155498,0.01950617879629135,-54.227413177490234
645,0.6456456780433655,67.48960876464844,-0.00041776979924179614,0.0187531691044569,-52.680580139160156
646,0.6466466784477234,67.546875,-0.00041577633237466216,0.018337875604629517,-51.829803466796875
647,0.6476476788520813,67.60418701171875,-0.00043309168540872633,0.020561354234814644,-57.087467193603516
648,0.6486486792564392,67.66155242919922,-0.00042384519474580884,0.01904451847076416,-53.569252014160156
649,0.6496496796607971,67.71896362304688,-0.0004209432809147984,0.018553679808974266,-52.41850280761719
650,0.650650680065155,67.77642822265625,-0.00041296606650575995,0.017773542553186417,-50.65990447998047
651,0.6516516804695129,67.83393859863281,-0.0004077819758094847,0.017248062416911125,-49.39744186401367
652,0.6526526808738708,67.89148712158203,-0.0004024604568257928,0.016306785866618156,-47.018280029296875
653,0.6536536812782288,67.9490966796875,-0.0003996285959146917,0.015455846674740314,-44.860836029052734
654,0.6546546816825867,68.00675201416016,-0.0003996797895524651,0.015481432899832726,-44.92644500732422
655,0.6556556820869446,68.064453125,-0.00039874252979643643,0.01610930636525154,-46.65481948852539
656,0.6566566824913025,68.1222152709961,-0.0003939206071663648,0.014982696622610092,-43.906654357910156
657,0.6576576828956604,68.18000793457031,-0.00039224998909048736,0.01491553895175457,-43.77830505371094
658,0.6586586833000183,68.23786163330078,-0.00039364886470139027,0.016091199591755867,-46.79840850830078
659,0.6596596837043762,68.29576110839844,-0.0003896421694662422,0.015019865706562996,-44.102134704589844
660,0.6606606841087341,68.35371398925781,-0.00039050611667335033,0.015551305375993252,-45.57561492919922
661,0.661661684513092,68.41171264648438,-0.00039132870733737946,0.01584792137145996,-46.459503173828125
662,0.66266268491745,68.46975708007812,-0.00039356405613943934,0.016260309144854546,-47.5982780456543
663,0.6636636853218079,68.5278549194336,-0.0003917587164323777,0.016031717881560326,-47.10416030883789
664,0.6646646857261658,68.58599853515625,-0.0003853522357530892,0.01508171483874321,-44.69167709350586
665,0.6656656861305237,68.64419555664062,-0.00039021496195346117,0.016380401328206062,-48.043212890625
666,0.6666666865348816,68.70243835449219,-0.00038920369115658104,0.016501866281032562,-48.31583023071289
667,0.6676676869392395,68.76073455810547,-0.00039571395609527826,0.01809677667915821,-52.35869598388672
668,0.6686686873435974,68.81907653808594,-0.0003962336922995746,0.018459709361195564,-53.291683197021484
669,0.6696696877479553,68.87747192382812,-0.00039930883212946355,0.019275613129138947,-55.38540267944336
670,0.6706706881523132,68.9359130859375,-0.0003980237524956465,0.01904730498790741,-54.8482780456543
671,0.6716716885566711,68.9944076538086,-0.0003915043780580163,0.017745597288012505,-51.649330139160156
672,0.672672688961029,69.05294799804688,-0.00038830924313515425,0.016904203221201897,-49.60832595825195
673,0.673673689365387,69.11154174804688,-0.00038489431608468294,0.01556788943707943,-46.24864959716797
674,0.6746746897697449,69.17018127441406,-0.00038882993976585567,0.015919392928481102,-47.28651809692383
675,0.6756756901741028,69.22887420654297,-0.00038679747376590967,0.015116934664547443,-45.43870162963867
676,0.6766766905784607,69.2876205444336,-0.00039011728949844837,0.01618661917746067,-48.37004089355469
677,0.6776776909828186,69.34640502929688,-0.0003957565641030669,0.017420781776309013,-51.57389450073242
678,0.6786786913871765,69.4052505493164,-0.00039991451194509864,0.01802949607372284,-53.06555938720703
679,0.6796796917915344,69.4641342163086,-0.0003997192543465644,0.017737893387675285,-52.28455352783203
680,0.6806806921958923,69.52307891845703,-0.0003911140374839306,0.01594800129532814,-47.75770950317383
681,0.6816816926002502,69.58206939697266,-0.00039069761987775564,0.016019823029637337,-48.12971115112305
682,0.6826826930046082,69.64111328125,-0.0003868775675073266,0.015964750200510025,-48.31825256347656
683,0.6836836934089661,69.7001953125,-0.0003770266193896532,0.015027874149382114,-46.11860656738281
684,0.684684693813324,69.75934600830078,-0.00037330141640268266,0.014876971021294594,-45.82486343383789
685,0.6856856942176819,69.81852722167969,-0.00037365203024819493,0.015425015240907669,-47.24390411376953
686,0.6866866946220398,69.87776947021484,-0.0003773577627725899,0.016480952501296997,-49.92049026489258
687,0.6876876950263977,69.93706512451172,-0.0003755710495170206,0.01654275506734848,-49.939903259277344
688,0.6886886954307556,69.99640655517578,-0.00037316017551347613,0.016541754826903343,-49.86808395385742
689,0.6896896958351135,70.05580139160156,-0.0003748013114091009,0.01740102283656597,-52.24620819091797
690,0.6906906962394714,70.11524200439453,-0.0003750032337848097,0.01817546971142292,-54.545814514160156
691,0.6916916966438293,70.17473602294922,-0.00036819197703152895,0.017192551866173744,-52.05070114135742
692,0.6926926970481873,70.23428344726562,-0.0003754860954359174,0.01829812303185463,-55.00596618652344
693,0.6936936974525452,70.29387664794922,-0.0003819240955635905,0.018637843430042267,-55.81830978393555
694,0.6946946978569031,70.353515625,-0.000379421777324751,0.01686001382768154,-50.984615325927734
695,0.695695698261261,70.41321563720703,-0.00037938336026854813,0.01616610586643219,-49.2730712890625
696,0.6966966986656189,70.47296142578125,-0.0003739452513400465,0.01542876660823822,-47.672916412353516
697,0.6976976990699768,70.53276062011719,-0.0003829703782685101,0.01712891086935997,-52.45585632324219
698,0.6986986994743347,70.59259796142578,-0.00038415793096646667,0.01767686940729618,-54.10914993286133
699,0.6996996998786926,70.65249633789062,-0.0003697668435052037,0.015545427799224854,-48.59690856933594
700,0.7007007002830505,70.71244812011719,-0.00036749488208442926,0.015542770735919476,-48.59798812866211
701,0.7017017006874084,70.77244567871094,-0.0003762568230740726,0.017510544508695602,-53.84739685058594
702,0.7027027010917664,70.83250427246094,-0.00036823813570663333,0.016040336340665817,-49.796180725097656
703,0.7037037014961243,70.8926010131836,-0.0003725074348039925,0.016755228862166405,-51.65828323364258
704,0.7047047019004822,70.95275115966797,-0.00036393775371834636,0.015114855021238327,-47.25465393066406
705,0.7057057023048401,71.0129623413086,-0.00037266412982717156,0.01684516668319702,-52.10513687133789
706,0.706706702709198,71.07321166992188,-0.0003677529748529196,0.0158312376588583,-49.52763366699219
707,0.7077077031135559,71.1335220336914,-0.0003624807868618518,0.014745458960533142,-46.6931266784668
708,0.7087087035179138,71.19387817382812,-0.00036043417640030384,0.014296451583504677,-45.57295608520508
709,0.7097097039222717,71.25428771972656,-0.00036037724930793047,0.014260342344641685,-45.528663635253906
710,0.7107107043266296,71.31475067138672,-0.00035751561517827213,0.013467052951455116,-43.27623748779297
711,0.7117117047309875,71.37525939941406,-0.00035551487235352397,0.01276131346821785,-41.22600173950195
712,0.7127127051353455,71.4358139038086,-0.0003594901645556092,0.013658842071890831,-43.79250717163086
713,0.7137137055397034,71.4964370727539,-0.00035954511258751154,0.01412141788750887,-45.218017578125
714,0.7147147059440613,71.55709838867188,-0.0003665286931209266,0.015783872455358505,-49.89045715332031
715,0.7157157063484192,71.61781311035156,-0.00036510848440229893,0.015786396339535713,-49.933677673339844
716,0.7167167067527771,71.67858123779297,-0.0003630113787949085,0.015848828479647636,-50.269168853759766
717,0.717717707157135,71.7394027709961,-0.0003600656345952302,0.015586202032864094,-49.6749267578125
718,0.7187187075614929,71.8002700805664,-0.0003656638436950743,0.016729438677430153,-52.827362060546875
719,0.7197197079658508,71.86119842529297,-0.0003680001536849886,0.017267577350139618,-54.224422454833984
720,0.7207207083702087,71.92217254638672,-0.00036405460559763014,0.01671973243355751,-52.74030685424805
721,0.7217217087745667,71.98320007324219,-0.0003653725143522024,0.017513878643512726,-55.10545349121094
722,0.7227227091789246,72.04427337646484,-0.0003594601876102388,0.01679612509906292,-53.296485900878906
723,0.7237237095832825,72.10540771484375,-0.0003577652096282691,0.016907595098018646,-53.741539001464844
724,0.7247247099876404,72.16658782958984,-0.0003563105419743806,0.017081689089536667,-54.41701889038086
725,0.7257257103919983,72.22782135009766,-0.0003539925965014845,0.016892286017537117,-54.13373947143555
726,0.7267267107963562,72.28910827636719,-0.00035099746310152113,0.016482505947351456,-53.25515365600586
727,0.7277277112007141,72.3504409790039,-0.0003465164627414197,0.01548757217824459,-50.62760543823242
728,0.728728711605072,72.41183471679688,-0.00034531415440142155,0.015095151029527187,-49.723388671875
729,0.7297297120094299,72.47327423095703,-0.0003527377266436815,0.01657082512974739,-54.17341613769531
730,0.7307307124137878,72.53477478027344,-0.0003517764853313565,0.01598186418414116,-52.57902526855469
731,0.7317317128181458,72.59632110595703,-0.00035738368751481175,0.01695035584270954,-55.296478271484375
732,0.7327327132225037,72.65791320800781,-0.00036337602068670094,0.018255064263939857,-58.91809844970703
733,0.7337337136268616,72.71956634521484,-0.0003607496037147939,0.018006645143032074,-58.324317932128906
734,0.7347347140312195,72.78126525878906,-0.00036268020630814135,0.018958626314997673,-61.0560302734375
735,0.7357357144355774,72.84302520751953,-0.00034938048338517547,0.01645508222281933,-54.06792068481445
736,0.7367367148399353,72.90483093261719,-0.0003457233833614737,0.016262244433164597,-53.49866485595703
737,0.7377377152442932,72.96669006347656,-0.0003503478947095573,0.017591426149010658,-57.18412780761719
738,0.7387387156486511,73.02860260009766,-0.00034228534786961973,0.016114233061671257,-52.88115692138672
739,0.739739716053009,73.09056854248047,-0.0003456051927059889,0.01697227545082569,-55.37081527709961
740,0.7407407164573669,73.152587890625,-0.0003452274831943214,0.016906123608350754,-55.253456115722656
741,0.7417417168617249,73.21465301513672,-0.0003426757757551968,0.0160383153706789,-52.78251266479492
742,0.7427427172660828,73.27677917480469,-0.0003449512296356261,0.016042737290263176,-52.826168060302734
743,0.7437437772750854,73.33895874023438,-0.00034945295192301273,0.01662556827068329,-54.5400276184082
744,0.7447447776794434,73.40119171142578,-0.0003497116267681122,0.016080258414149284,-52.9931640625
745,0.7457457780838013,73.46347045898438,-0.00034423559554852545,0.014601755887269974,-48.76752471923828
746,0.7467467784881592,73.52580261230469,-0.00034905457869172096,0.01573825255036354,-52.054378509521484
747,0.7477477788925171,73.58819580078125,-0.0003461320011410862,0.015435181558132172,-51.249027252197266
748,0.748748779296875,73.65062713623047,-0.00033975535188801587,0.014570776373147964,-48.85454177856445
749,0.7497497797012329,73.71311950683594,-0.00033623474882915616,0.014195282943546772,-47.85035705566406
750,0.7507507801055908,73.77567291259766,-0.00032961461693048477,0.012932563200592995,-44.080562591552734
751,0.7517517805099487,73.83826446533203,-0.00033374212216585875,0.013996608555316925,-47.27378845214844
752,0.7527527809143066,73.90092468261719,-0.0003360565169714391,0.014689106494188309,-49.279972076416016
753,0.7537537813186646,73.963623046875,-0.00033333193277940154,0.013846543617546558,-46.728126525878906
754,0.7547547817230225,74.02638244628906,-0.00033349174191243947,0.014500587247312069,-48.79891586303711
755,0.7557557821273804,74.08919525146484,-0.00032724166521802545,0.012630854733288288,-43.42093276977539
756,0.7567567825317383,74.15206146240234,-0.0003266827843617648,0.013507122173905373,-46.3598518371582
757,0.7577577829360962,74.21498107910156,-0.00032406096579506993,0.012963221408426762,-44.93228530883789
758,0.7587587833404541,74.2779541015625,-0.0003225778928026557,0.012687955982983112,-44.26293182373047
759,0.759759783744812,74.34097290039062,-0.00032330810790881515,0.012936115264892578,-45.132755279541016
760,0.7607607841491699,74.404052734375,-0.00032800016924738884,0.013993164524435997,-48.39072036743164
761,0.7617617845535278,74.4671859741211,-0.0003286681021563709,0.013909603469073772,-48.13873291015625
762,0.7627627849578857,74.53038024902344,-0.00032910023583099246,0.014234687201678753,-49.15208435058594
763,0.7637637853622437,74.59361267089844,-0.000323857762850821,0.013426955789327621,-46.71539306640625
764,0.7647647857666016,74.65690612792969,-0.0003223366802558303,0.013434670865535736,-46.7629280090332
765,0.7657657861709595,74.72025299072266,-0.0003267865104135126,0.014847107231616974,-51.119598388671875
766,0.7667667865753174,74.78365325927734,-0.000322197622153908,0.01398005336523056,-48.44255447387695
767,0.7677677869796753,74.84710693359375,-0.0003180963103659451,0.01316805649548769,-45.99091339111328
768,0.7687687873840332,74.91061401367188,-0.00031422486063092947,0.012521957978606224,-44.128814697265625
769,0.7697697877883911,74.97418212890625,-0.00031505190418101847,0.013363717123866081,-46.94684982299805
770,0.770770788192749,75.03779602050781,-0.00031135411700233817,0.012035896070301533,-42.77165985107422
771,0.7717717885971069,75.1014633178711,-0.00031173223396763206,0.011998972855508327,-42.65231704711914
772,0.7727727890014648,75.1651840209961,-0.0003155595331918448,0.013197456486523151,-46.4362907409668
773,0.7737737894058228,75.22896575927734,-0.00031669827876612544,0.013081466779112816,-45.92029571533203
774,0.7747747898101807,75.29280090332031,-0.00032015767646953464,0.014292361214756966,-49.67634963989258
775,0.7757757902145386,75.35668182373047,-0.00032114662462845445,0.015023638494312763,-51.95404815673828
776,0.7767767906188965,75.42062377929688,-0.00032082211691886187,0.015394266694784164,-53.134246826171875
777,0.7777777910232544,75.484619140625,-0.00032062019454315305,0.01564694382250309,-53.92720031738281
778,0.7787787914276123,75.54866790771484,-0.00031443152693100274,0.014048855751752853,-48.95771408081055
779,0.7797797918319702,75.6127700805664,-0.0003131150733679533,0.014002388343214989,-48.815643310546875
780,0.7807807922363281,75.67693328857422,-0.00031326664611697197,0.014491070993244648,-50.379661560058594
781,0.781781792640686,75.74114227294922,-0.0003128458629362285,0.014770612120628357,-51.365875244140625
782,0.782782793045044,75.80540466308594,-0.0003122074413113296,0.01495392993092537,-52.08737564086914
783,0.7837837934494019,75.8697280883789,-0.00031497536110691726,0.015956027433276176,-55.4367790222168
784,0.7847847938537598,75.9341049194336,-0.00031085696537047625,0.01519263256341219,-53.20738983154297
785,0.7857857942581177,75.99853515625,-0.00030700021306984127,0.014607987366616726,-51.46144485473633
786,0.7867867946624756,76.06301879882812,-0.00030368511215783656,0.014006226323544979,-49.560306549072266
787,0.7877877950668335,76.1275634765625,-0.00030103191966190934,0.013221493922173977,-46.956878662109375
788,0.7887887954711914,76.19215393066406,-0.00030136428540572524,0.01288266759365797,-45.79021453857422
789,0.7897897958755493,76.25680541992188,-0.00030191533733159304,0.012420320883393288,-44.20048141479492
790,0.7907907962799072,76.3215103149414,-0.0003035939880646765,0.012395615689456463,-44.1204948425293
791,0.7917917966842651,76.38626861572266,-0.0003038456488866359,0.012037822045385838,-43.03999328613281
792,0.792792797088623,76.45108032226562,-0.0003037614224012941,0.012054256163537502,-43.216182708740234
793,0.793793797492981,76.51595306396484,-0.00030369427986443043,0.012334471568465233,-44.220726013183594
794,0.7947947978973389,76.58087921142578,-0.0003031548694707453,0.01229564007371664,-44.16920471191406
795,0.7957957983016968,76.64585876464844,-0.00030315149342641234,0.01262801606208086,-45.31353759765625
796,0.7967967987060547,76.71089172363281,-0.00030410068575292826,0.013250536285340786,-47.424354553222656
797,0.7977977991104126,76.7759780883789,-0.0003038865397684276,0.013101746328175068,-47.00864028930664
798,0.7987987995147705,76.84112548828125,-0.0003064699121750891,0.01438447181135416,-51.40324020385742
799,0.7997997999191284,76.90632629394531,-0.0003063197364099324,0.014401637949049473,-51.684295654296875
800,0.8008008003234863,76.97157287597656,-0.0003082526964135468,0.015019592829048634,-53.922611236572266
801,0.8018018007278442,77.03689575195312,-0.0003106748918071389,0.015779295936226845,-56.61654281616211
802,0.8028028011322021,77.10225677490234,-0.0003111337136942893,0.015781154856085777,-56.80624008178711
803,0.8038038015365601,77.16767883300781,-0.00031282863346859813,0.016207117587327957,-58.3303108215332
804,0.804804801940918,77.233154296875,-0.00031346705509349704,0.016332991421222687,-58.85843276977539
805,0.8058058023452759,77.29869079589844,-0.00031465498614124954,0.016718124970793724,-60.11179733276367
806,0.8068068027496338,77.36427307128906,-0.0003148568794131279,0.016750965267419815,-60.19499969482422
807,0.8078078031539917,77.42991638183594,-0.00031564373057335615,0.017147542908787727,-61.440250396728516
808,0.8088088035583496,77.49562072753906,-0.0003147624374832958,0.01697404310107231,-60.93594741821289
809,0.8098098039627075,77.56137084960938,-0.0003136487794108689,0.016778258606791496,-60.429771423339844
810,0.8108108043670654,77.62718963623047,-0.0003165943780913949,0.01868814043700695,-66.65837097167969
811,0.8118118047714233,77.69306182861328,-0.0003146309172734618,0.017765594646334648,-63.8926887512207
812,0.8128128051757812,77.75897979736328,-0.0003148296964354813,0.01794319972395897,-64.56080627441406
813,0.8138138055801392,77.82495880126953,-0.000314524513669312,0.01794346421957016,-64.64250183105469
814,0.8148148059844971,77.8909912109375,-0.00031503444188274443,0.018442604690790176,-66.29959106445312
815,0.815815806388855,77.95708465576172,-0.00031534634763374925,0.019004203379154205,-68.15969848632812
816,0.8168168067932129,78.02323150634766,-0.0003135174047201872,0.018593132495880127,-67.0491714477539
817,0.8178178071975708,78.08943176269531,-0.0003127364325337112,0.019136542454361916,-69.08837127685547
818,0.8188188076019287,78.15569305419922,-0.0003099340829066932,0.018342720344662666,-66.92545318603516
819,0.8198198080062866,78.22200775146484,-0.0003080796159338206,0.01814758963882923,-66.70880889892578
820,0.8208208084106445,78.28837585449219,-0.0003082017647102475,0.018637701869010925,-68.56049346923828
821,0.8218218088150024,78.35481262207031,-0.0003099592577200383,0.020321903750300407,-74.20146942138672
822,0.8228228092193604,78.4212875366211,-0.0003107118245679885,0.02130812406539917,-77.5221176147461
823,0.8238238096237183,78.48783874511719,-0.00031028123339638114,0.021146664395928383,-77.09390258789062
824,0.8248248100280762,78.55442810058594,-0.00031109858537092805,0.021685361862182617,-78.80281066894531
825,0.8258258104324341,78.62108612060547,-0.00031042256159707904,0.02121610753238201,-77.24610137939453
826,0.826826810836792,78.68779754638672,-0.0003108213422819972,0.021514523774385452,-78.06803131103516
827,0.8278278112411499,78.75455474853516,-0.00031048551318235695,0.021227963268756866,-76.9793472290039
828,0.8288288116455078,78.82138061523438,-0.0003083056362811476,0.020946962758898735,-76.2308349609375
829,0.8298298120498657,78.88825988769531,-0.00030537100974470377,0.02055157721042633,-75.22664642333984
830,0.8308308124542236,78.9552001953125,-0.0003048283397220075,0.021493246778845787,-78.56875610351562
831,0.8318318128585815,79.02220153808594,-0.0003032502136193216,0.021897101774811745,-80.13359832763672
832,0.8328328132629395,79.08924865722656,-0.00030068421619944274,0.021573645994067192,-79.37308502197266
833,0.8338338136672974,79.15635681152344,-0.00030087566119618714,0.02259267307817936,-83.0189208984375
834,0.8348348140716553,79.22352600097656,-0.00029891583835706115,0.02207150310277939,-81.50883483886719
835,0.8358358144760132,79.29074096679688,-0.0002957058895844966,0.02086411975324154,-77.69258880615234
836,0.8368368148803711,79.35801696777344,-0.0002934970543719828,0.01980929635465145,-74.19609069824219
837,0.837837815284729,79.42535400390625,-0.0002923583087977022,0.019168563187122345,-71.9111328125
838,0.8388388156890869,79.49275207519531,-0.0002925950102508068,0.019506555050611496,-72.97492218017578
839,0.8398398160934448,79.56019592285156,-0.0002888712042476982,0.018402500078082085,-69.1400146484375
840,0.8408408164978027,79.62770080566406,-0.0002873129560612142,0.018063709139823914,-68.0259017944336
841,0.8418418169021606,79.69527435302734,-0.0002871118485927582,0.018245846033096313,-68.79580688476562
842,0.8428428173065186,79.76288604736328,-0.00028623943217098713,0.017972566187381744,-67.99907684326172
843,0.8438438177108765,79.83056640625,-0.00028849038062617183,0.01917601190507412,-72.38142395019531
844,0.8448448181152344,79.89830780029297,-0.00028711071354337037,0.01832614094018936,-69.60491180419922
845,0.8458458185195923,79.96610260009766,-0.0002872590266633779,0.01825649105012417,-69.53642272949219
846,0.846846878528595,80.0339584350586,-0.00028754398226737976,0.01814422570168972,-69.30945587158203
847,0.8478478789329529,80.10186004638672,-0.0002866539580281824,0.017794283106923103,-68.31932830810547
848,0.8488488793373108,80.16983032226562,-0.0002859884698409587,0.01778373494744301,-68.49860382080078
849,0.8498498797416687,80.23786163330078,-0.00028354459209367633,0.017293846234679222,-67.03347778320312
850,0.8508508801460266,80.30593872070312,-0.00028402949101291597,0.018461523577570915,-71.41297149658203
851,0.8518518805503845,80.37407684326172,-0.00028349243802949786,0.019074272364377975,-73.76594543457031
852,0.8528528809547424,80.44227600097656,-0.0002822270034812391,0.01891755498945713,-73.3741683959961
853,0.8538538813591003,80.51052856445312,-0.00028209039010107517,0.019242383539676666,-74.56121063232422
854,0.8548548817634583,80.57884216308594,-0.0002810399164445698,0.01891225203871727,-73.43659973144531
855,0.8558558821678162,80.647216796875,-0.000279868021607399,0.0182756669819355,-71.20440673828125
856,0.8568568825721741,80.71565246582031,-0.0002795593754854053,0.017844295129179955,-69.70867919921875
857,0.857857882976532,80.78413391113281,-0.0002824984258040786,0.018990322947502136,-73.78775787353516
858,0.8588588833808899,80.8526840209961,-0.00028088362887501717,0.018089646473526955,-70.57434844970703
859,0.8598598837852478,80.92127990722656,-0.0002803689567372203,0.018136730417609215,-70.77704620361328
860,0.8608608841896057,80.98995208740234,-0.00027760048396885395,0.017082935199141502,-67.06884765625
861,0.8618618845939636,81.05866241455078,-0.0002759993658401072,0.016729045659303665,-65.83936309814453
862,0.8628628849983215,81.12744903564453,-0.0002744147786870599,0.01642201654613018,-64.78014373779297
863,0.8638638854026794,81.19628143310547,-0.0002765438403002918,0.01710597425699234,-67.30780029296875
864,0.8648648858070374,81.26518249511719,-0.0002770134015008807,0.01718912646174431,-67.68061828613281
865,0.8658658862113953,81.3341293334961,-0.000273726909654215,0.016086189076304436,-63.80339813232422
866,0.8668668866157532,81.40314483642578,-0.0002814136096276343,0.0184088796377182,-72.28385925292969
867,0.8678678870201111,81.47222137451172,-0.0002804499235935509,0.017650660127401352,-69.7605972290039
868,0.868868887424469,81.54134368896484,-0.0002807879354804754,0.017696084454655647,-70.05175018310547
869,0.8698698878288269,81.61053466796875,-0.0002828029391821474,0.018633142113685608,-73.44649505615234
870,0.8708708882331848,81.6797866821289,-0.0002831969177350402,0.018478062003850937,-72.98332214355469
871,0.8718718886375427,81.74909210205078,-0.00028382419259287417,0.01931823045015335,-76.05266571044922
872,0.8728728890419006,81.81845092773438,-0.00028377422131597996,0.019672727212309837,-77.32482147216797
873,0.8738738894462585,81.88787078857422,-0.0002831490710377693,0.020011646673083305,-78.55253601074219
874,0.8748748898506165,81.95735931396484,-0.0002817456261254847,0.019990824162960052,-78.473876953125
875,0.8758758902549744,82.02690887451172,-0.0002791989827528596,0.019618039950728416,-77.18914794921875
876,0.8768768906593323,82.09650421142578,-0.000276937207672745,0.019669048488140106,-77.47187805175781
877,0.8778778910636902,82.1661605834961,-0.0002748325059656054,0.019329793751239777,-76.39926147460938
878,0.8788788914680481,82.23587799072266,-0.0002731450367718935,0.018587734550237656,-73.92031860351562
879,0.879879891872406,82.30565643310547,-0.0002730871201492846,0.018433811143040657,-73.6075210571289
880,0.8808808922767639,82.37548828125,-0.00027287332341074944,0.017887452617287636,-71.9183578491211
881,0.8818818926811218,82.44538116455078,-0.00027205137303099036,0.017073599621653557,-69.24685668945312
882,0.8828828930854797,82.51534271240234,-0.0002725926460698247,0.017802679911255836,-72.0558090209961
883,0.8838838934898376,82.58535766601562,-0.0002737509785220027,0.018760425969958305,-75.58958435058594
884,0.8848848938941956,82.65543365478516,-0.0002748729311861098,0.01883472502231598,-75.78768920898438
885,0.8858858942985535,82.72557067871094,-0.00027626357041299343,0.019049713388085365,-76.45504760742188
886,0.8868868947029114,82.7957534790039,-0.0002766174147836864,0.018559763208031654,-74.59815979003906
887,0.8878878951072693,82.86600494384766,-0.0002753834123723209,0.018106987699866295,-73.08012390136719
888,0.8888888955116272,82.93631744384766,-0.0002731105196289718,0.017920836806297302,-72.76441955566406
889,0.8898898959159851,83.00669860839844,-0.00027141644386574626,0.017782287672162056,-72.61601257324219
890,0.890890896320343,83.0771255493164,-0.00026844616513699293,0.016361411660909653,-67.68439483642578
891,0.8918918967247009,83.14761352539062,-0.00026586875901557505,0.01516572292894125,-63.410240173339844
892,0.8928928971290588,83.21817016601562,-0.0002615086268633604,0.013778302818536758,-58.28144073486328
893,0.8938938975334167,83.28878021240234,-0.00026090777828358114,0.013733383268117905,-58.20771026611328
894,0.8948948979377747,83.35945129394531,-0.0002627185604069382,0.014199051074683666,-60.04155349731445
895,0.8958958983421326,83.43018341064453,-0.000261871115071699,0.013990000821650028,-59.26482009887695
896,0.8968968987464905,83.5009765625,-0.0002623950131237507,0.014022484421730042,-59.408084869384766
897,0.8978978991508484,83.57182312011719,-0.0002630178350955248,0.014151284471154213,-60.003963470458984
898,0.8988988995552063,83.64273071289062,-0.0002676954900380224,0.015587986446917057,-65.61969757080078
899,0.8998998999595642,83.71370697021484,-0.00026666902704164386,0.015404284000396729,-65.1077651977539
900,0.9009009003639221,83.78473663330078,-0.00026706152129918337,0.01568557508289814,-66.24602508544922
901,0.90190190076828,83.85582733154297,-0.0002669015957508236,0.0158758033066988,-67.08124542236328
902,0.9029029011726379,83.9269790649414,-0.0002670089015737176,0.01620558463037014,-68.50341033935547
903,0.9039039015769958,83.99818420410156,-0.000266094459220767,0.01619352214038372,-68.6507797241211
904,0.9049049019813538,84.06946563720703,-0.000264474016148597,0.016093578189611435,-68.40898895263672
905,0.9059059023857117,84.14079284667969,-0.00026321818586438894,0.016423624008893967,-69.73466491699219
906,0.9069069027900696,84.21219635009766,-0.0002625317429192364,0.017153000459074974,-72.48538208007812
907,0.9079079031944275,84.28364562988281,-0.0002601817832328379,0.016889041289687157,-71.40081787109375
908,0.9089089035987854,84.35516357421875,-0.0002613708784338087,0.018159354105591774,-76.17829132080078
909,0.9099099040031433,84.42674255371094,-0.00026040326338261366,0.0179519671946764,-75.33423614501953
910,0.9109109044075012,84.49837493896484,-0.00025925858062691987,0.017929965630173683,-75.40994262695312
911,0.9119119048118591,84.57007598876953,-0.0002578282728791237,0.017652729526162148,-74.5834732055664
912,0.912912905216217,84.64183044433594,-0.00025643326807767153,0.017273422330617905,-73.42910766601562
913,0.913913905620575,84.71365356445312,-0.00025640177773311734,0.017355555668473244,-74.01525115966797
914,0.9149149060249329,84.78553009033203,-0.0002556830004323274,0.016774099320173264,-71.94798278808594
915,0.9159159064292908,84.85746765136719,-0.0002549146884121001,0.01635226607322693,-70.43738555908203
916,0.9169169068336487,84.92947387695312,-0.00025688522146083415,0.017558680847287178,-75.22482299804688
917,0.9179179072380066,85.00153350830078,-0.0002574507088866085,0.01809920370578766,-77.35980224609375
918,0.9189189076423645,85.07366180419922,-0.0002569681964814663,0.017931295558810234,-76.81623077392578
919,0.9199199080467224,85.1458511352539,-0.0002566855400800705,0.018722089007496834,-80.12049102783203
920,0.9209209084510803,85.21809387207031,-0.0002551610814407468,0.018835924565792084,-80.84440612792969
921,0.9219219088554382,85.29039764404297,-0.0002532492799218744,0.018526993691921234,-79.89422607421875
922,0.9229229092597961,85.3627700805664,-0.00025144650135189295,0.019643835723400116,-84.60069274902344
923,0.923923909664154,85.43519592285156,-0.0002494963991921395,0.019025668501853943,-82.3660888671875
924,0.924924910068512,85.50769805908203,-0.00024789784220047295,0.018478240817785263,-80.39190673828125
925,0.9259259104728699,85.58024597167969,-0.0002470960607752204,0.017926011234521866,-78.31292724609375
926,0.9269269108772278,85.6528549194336,-0.0002469327882863581,0.016980160027742386,-74.5214614868164
927,0.9279279112815857,85.72554779052734,-0.00024768715957179666,0.017170168459415436,-75.26018524169922
928,0.9289289116859436,85.79827880859375,-0.0002484209253452718,0.016912778839468956,-74.19827270507812
929,0.9299299120903015,85.87108612060547,-0.00024840349215082824,0.01620548404753208,-71.276123046875
930,0.9309309124946594,85.9439468383789,-0.00024721131194382906,0.015386531129479408,-68.01564025878906
931,0.9319319128990173,86.01686096191406,-0.00024657027097418904,0.015371409244835377,-68.08396911621094
932,0.9329329133033752,86.08985137939453,-0.0002451459295116365,0.014981715939939022,-66.66217803955078
933,0.9339339137077332,86.16289520263672,-0.0002438771043671295,0.01477754395455122,-65.9072494506836
934,0.9349349141120911,86.23600769042969,-0.0002443173434585333,0.015292016789317131,-68.05101013183594
935,0.935935914516449,86.3091812133789,-0.00024389303871430457,0.015557031147181988,-69.19915771484375
936,0.9369369149208069,86.38240814208984,-0.00024200763436965644,0.015005663968622684,-66.9359130859375
937,0.9379379153251648,86.45570373535156,-0.0002367595152463764,0.013279478065669537,-59.709903717041016
938,0.9389389157295227,86.52906799316406,-0.00023477114154957235,0.012515115551650524,-56.52642059326172
939,0.9399399161338806,86.60248565673828,-0.00023846991825848818,0.013949527405202389,-62.77326583862305
940,0.9409409165382385,86.67597198486328,-0.00023880330263637006,0.014180801808834076,-63.963382720947266
941,0.9419419169425964,86.74951171875,-0.00023570061603095382,0.01342102326452732,-61.026649475097656
942,0.9429429173469543,86.82312774658203,-0.0002348606358282268,0.013525715097784996,-61.62708282470703
943,0.9439439177513123,86.89679718017578,-0.0002281701599713415,0.012438682839274406,-57.02159881591797
944,0.9449449181556702,86.97053527832031,-0.00022573450405616313,0.012444431893527508,-57.07962417602539
945,0.9459459185600281,87.04431915283203,-0.00022194042685441673,0.011701072566211224,-53.81354522705078
946,0.946946918964386,87.11817932128906,-0.00022021663608029485,0.01137866172939539,-52.377899169921875
947,0.9479479193687439,87.19210052490234,-0.00021911217481829226,0.011657712049782276,-53.6473388671875
948,0.9489489793777466,87.2660903930664,-0.0002191711391787976,0.012103745713829994,-55.72425842285156
949,0.9499499797821045,87.34013366699219,-0.0002194989356212318,0.01223468966782093,-56.49263000488281
950,0.9509509801864624,87.41423797607422,-0.00022259639808908105,0.012856518849730492,-59.51671600341797
951,0.9519519805908203,87.48841094970703,-0.00021803539129905403,0.011557100340723991,-53.81814193725586
952,0.9529529809951782,87.56263732910156,-0.0002206466451752931,0.0121533814817667,-56.729957580566406
953,0.9539539813995361,87.6369400024414,-0.00021942571038380265,0.011806844733655453,-55.34041213989258
954,0.954954981803894,87.71129608154297,-0.00022081026691012084,0.012132899835705757,-56.99276351928711
955,0.955955982208252,87.78572845458984,-0.00022332885419018567,0.012668383307754993,-59.54104995727539
956,0.9569569826126099,87.86021423339844,-0.00022192427422851324,0.012434153817594051,-58.56523132324219
957,0.9579579830169678,87.93476104736328,-0.0002221966569777578,0.012533682398498058,-59.00428009033203
958,0.9589589834213257,88.0093765258789,-0.00022334679670166224,0.012856091372668743,-60.40509033203125
959,0.9599599838256836,88.08405303955078,-0.00022288618492893875,0.012755468487739563,-59.9493293762207
960,0.9609609842300415,88.1587905883789,-0.00022531987633556128,0.01349068246781826,-63.32112121582031
961,0.9619619846343994,88.23359680175781,-0.00022520855418406427,0.013438844121992588,-63.261898040771484
962,0.9629629850387573,88.30846405029297,-0.00022948381956666708,0.014632737264037132,-68.73137664794922
963,0.9639639854431152,88.38339233398438,-0.00022849763627164066,0.014189197681844234,-66.98726654052734
964,0.9649649858474731,88.45838165283203,-0.00023001943191047758,0.014690948650240898,-69.32304382324219
965,0.965965986251831,88.53343963623047,-0.00023093730851542205,0.015371786430478096,-72.3789291381836
966,0.966966986656189,88.60856628417969,-0.00022866051585879177,0.014581101015210152,-68.93047332763672
967,0.9679679870605469,88.68374633789062,-0.00022913272550795227,0.015376516617834568,-72.35448455810547
968,0.9689689874649048,88.75899505615234,-0.0002285013033542782,0.015572558157145977,-73.18973541259766
969,0.9699699878692627,88.83431243896484,-0.00022713042562827468,0.014952179975807667,-70.40957641601562
970,0.9709709882736206,88.90968322753906,-0.0002273535938002169,0.015717532485723495,-73.7278823852539
971,0.9719719886779785,88.98513793945312,-0.0002264594950247556,0.015335436910390854,-72.01702117919922
972,0.9729729890823364,89.06063842773438,-0.00022467394592240453,0.014815782196819782,-69.72924041748047
973,0.9739739894866943,89.13619995117188,-0.0002217244473285973,0.014006907120347023,-66.23058319091797
974,0.9749749898910522,89.21183776855469,-0.00022307803737930954,0.014750783331692219,-69.79298400878906
975,0.9759759902954102,89.28753662109375,-0.0002213421685155481,0.014394092373549938,-68.4139404296875
976,0.9769769906997681,89.36328887939453,-0.00022113806335255504,0.014721482992172241,-69.99998474121094
977,0.977977991104126,89.43911743164062,-0.00021931920491624624,0.014445948414504528,-68.82530975341797
978,0.9789789915084839,89.5150146484375,-0.00021643470972776413,0.013649758882820606,-65.21739959716797
979,0.9799799919128418,89.59095764160156,-0.00021735239715781063,0.014157751575112343,-67.63027954101562
980,0.9809809923171997,89.66697692871094,-0.00021444124286063015,0.013234716840088367,-63.47089385986328
981,0.9819819927215576,89.7430648803711,-0.0002132126537617296,0.01306501217186451,-62.83247375488281
982,0.9829829931259155,89.81920623779297,-0.00021476692927535623,0.01395873911678791,-67.30001831054688
983,0.9839839935302734,89.89541625976562,-0.0002113304944941774,0.012926061637699604,-62.74117660522461
984,0.9849849939346313,89.97168731689453,-0.00021131496760062873,0.013032220304012299,-63.476165771484375
985,0.9859859943389893,90.04803466796875,-0.0002140215365216136,0.013872788287699223,-67.57940673828125
986,0.9869869947433472,90.12445068359375,-0.000216547297895886,0.014552281238138676,-70.83201599121094
987,0.9879879951477051,90.20091247558594,-0.00022225332213565707,0.016458837315440178,-79.6235580444336
988,0.988988995552063,90.27745819091797,-0.00022380668087862432,0.017013121396303177,-82.20375061035156
989,0.9899899959564209,90.35404968261719,-0.00022311060456559062,0.01664452627301216,-80.69794464111328
990,0.9909909963607788,90.43071746826172,-0.00022221237304620445,0.016699114814400673,-81.16099548339844
991,0.9919919967651367,90.5074462890625,-0.00022074964363127947,0.016679661348462105,-81.28572845458984
992,0.9929929971694946,90.58423614501953,-0.00021642156934831291,0.01515590213239193,-74.52323150634766
993,0.9939939975738525,90.6611099243164,-0.00021644415392074734,0.01634437032043934,-80.19709777832031
994,0.9949949979782104,90.73802947998047,-0.00021512043895199895,0.01676987111568451,-82.32612609863281
995,0.9959959983825684,90.81501770019531,-0.00021405740699265152,0.01697988621890545,-83.42667388916016
996,0.9969969987869263,90.89208221435547,-0.0002136273542419076,0.016213122755289078,-79.81883239746094
997,0.9979979991912842,90.96920013427734,-0.00021511956583708525,0.01611909456551075,-79.18895721435547
998,0.9989989995956421,91.04638671875,-0.0002186943602282554,0.016105808317661285,-78.77727508544922
999,1.0,91.12364959716797,-0.00022526663087774068,0.016084209084510803,-78.08162689208984
