index,timestep,Diffusion_Coeff,Divergence,score,pos
0,0.0,39.05299377441406,-0.008809631690382957,0.0883256047964096,30.30506706237793
1,0.0010010009864345193,39.08612823486328,-0.008353481069207191,0.09679047763347626,29.819326400756836
2,0.0020020019728690386,39.11929702758789,-0.007827289402484894,0.10445386916399002,29.04739761352539
3,0.0030030030757188797,39.15248489379883,-0.007843580096960068,0.10377508401870728,29.252197265625
4,0.004004003945738077,39.185707092285156,-0.007952218875288963,0.10155608505010605,29.651708602905273
5,0.005005004815757275,39.218955993652344,-0.007841916754841805,0.10371597856283188,29.464649200439453
6,0.006006006151437759,39.25223159790039,-0.008158576674759388,0.09900342673063278,30.115901947021484
7,0.007007007021456957,39.28553771972656,-0.00884273648262024,0.0865848958492279,31.60765838623047
8,0.008008007891476154,39.31887435913086,-0.008865181356668472,0.0862789899110794,31.65652084350586
9,0.009009009227156639,39.352237701416016,-0.008428148925304413,0.09571826457977295,30.564498901367188
10,0.01001000963151455,39.38562774658203,-0.0085080461576581,0.09449993073940277,30.691951751708984
11,0.011011010967195034,39.41904830932617,-0.00845620222389698,0.09603538364171982,30.45452117919922
12,0.012012012302875519,39.452491760253906,-0.008922867476940155,0.08004555106163025,32.17751693725586
13,0.013013012707233429,39.48596954345703,-0.009194029495120049,0.04736272618174553,35.624778747558594
14,0.014014014042913914,39.51947021484375,-0.008919124491512775,0.059773944318294525,34.08638000488281
15,0.015015014447271824,39.55300521850586,-0.008723459206521511,0.05728515610098839,34.15977096557617
16,0.01601601578295231,39.58656692504883,-0.008466463536024094,0.06111719086766243,33.52621078491211
17,0.01701701618731022,39.620155334472656,-0.008228626102209091,0.06461699306964874,32.92047882080078
18,0.018018018454313278,39.653770446777344,-0.008173427544534206,0.04896514117717743,34.72239685058594
19,0.01901901885867119,39.68742370605469,-0.007999375462532043,0.05842558294534683,33.47578430175781
20,0.0200200192630291,39.721092224121094,-0.00802531000226736,0.037216175347566605,36.065155029296875
21,0.021021021530032158,39.754798889160156,-0.007912976667284966,0.03559422492980957,36.217159271240234
22,0.022022021934390068,39.78852844238281,-0.007693478837609291,0.050802942365407944,34.19135284423828
23,0.023023022338747978,39.82229232788086,-0.00759397866204381,0.042893026024103165,35.132057189941406
24,0.024024024605751038,39.8560791015625,-0.007642836309969425,0.02641153708100319,37.229610443115234
25,0.025025025010108948,39.889896392822266,-0.007350503467023373,0.03943679481744766,35.41428756713867
26,0.026026025414466858,39.92374801635742,-0.007274181582033634,0.031099582090973854,36.4806022644043
27,0.027027025818824768,39.95762252807617,-0.007130153942853212,0.030457383021712303,36.52580642700195
28,0.028028028085827827,39.99152755737305,-0.006907695904374123,0.03569159656763077,35.73379898071289
29,0.029029028490185738,40.02545928955078,-0.006966129876673222,0.022947078570723534,37.504241943359375
30,0.030030028894543648,40.05942153930664,-0.007104672025889158,0.011567186564207077,39.075782775878906
31,0.031031031161546707,40.093414306640625,-0.007242084480822086,0.0003114792634733021,40.628360748291016
32,0.03203203156590462,40.1274299621582,-0.007357239723205566,-0.008942420594394207,41.95881652832031
33,0.03303303197026253,40.16147994995117,-0.0074613625183701515,-0.018602799624204636,43.337249755859375
34,0.03403403237462044,40.195556640625,-0.007412404287606478,-0.015460933558642864,42.97336196899414
35,0.03503503277897835,40.22966384887695,-0.007257182151079178,-0.006586307194083929,41.808650970458984
36,0.036036036908626556,40.263797760009766,-0.007259765174239874,-0.010854938998818398,42.42455291748047
37,0.03703703731298447,40.29795837402344,-0.007239203900098801,-0.014126254245638847,42.89552688598633
38,0.03803803771734238,40.3321533203125,-0.0071580298244953156,-0.013202378526329994,42.784278869628906
39,0.03903903812170029,40.36637878417969,-0.007061988115310669,-0.012660559266805649,42.71928405761719
40,0.0400400385260582,40.40062713623047,-0.007052863482385874,-0.02080327272415161,43.876468658447266
41,0.04104103893041611,40.434906005859375,-0.0065833888947963715,-0.0033913585357367992,41.32102966308594
42,0.042042043060064316,40.469215393066406,-0.0063778674229979515,-0.0035457327030599117,41.324745178222656
43,0.043043043464422226,40.50355529785156,-0.006003829650580883,0.003211927367374301,40.22269058227539
44,0.044044043868780136,40.53792190551758,-0.0058983089402318,0.002556690014898777,40.34193801879883
45,0.045045044273138046,40.572322845458984,-0.005512753501534462,0.012251817621290684,38.65614318847656
46,0.046046044677495956,40.606746673583984,-0.005919634830206633,-0.0023390573915094137,41.210479736328125
47,0.04704704508185387,40.641197204589844,-0.0057787904515862465,0.00043090502731502056,40.75248336791992
48,0.048048049211502075,40.67568588256836,-0.005646978504955769,0.0029618111439049244,40.32988739013672
49,0.049049049615859985,40.71019744873047,-0.005459984764456749,0.0066072153858840466,39.692726135253906
50,0.050050050020217896,40.7447395324707,-0.004965522792190313,0.022083230316638947,36.690364837646484
51,0.051051050424575806,40.77931213378906,-0.004816158674657345,0.025749798864126205,35.84190368652344
52,0.052052050828933716,40.81391143798828,-0.004700993187725544,0.03027254343032837,34.76874542236328
53,0.053053051233291626,40.84854507446289,-0.004568776581436396,0.035160720348358154,33.569149017333984
54,0.054054051637649536,40.88320541381836,-0.004507812671363354,0.030392544344067574,34.465049743652344
55,0.055055055767297745,40.91789627075195,-0.004373813048005104,0.03190287575125694,33.91670608520508
56,0.056056056171655655,40.952613830566406,-0.004304838366806507,0.028829103335738182,34.420448303222656
57,0.057057056576013565,40.987361907958984,-0.004193343687802553,0.029967105016112328,33.973304748535156
58,0.058058056980371475,41.02214431762695,-0.004117286764085293,0.02916017360985279,34.00690841674805
59,0.059059057384729385,41.056949615478516,-0.004017398692667484,0.030482733622193336,33.549659729003906
60,0.060060057789087296,41.0917854309082,-0.00397032406181097,0.029887065291404724,33.55795669555664
61,0.061061061918735504,41.12665557861328,-0.0037439933512359858,0.033449701964855194,32.51166534423828
62,0.062062062323093414,41.16154479980469,-0.003822498256340623,0.031655456870794296,32.94198989868164
63,0.06306306272745132,41.19647216796875,-0.003976834937930107,0.026823917403817177,34.19044876098633
64,0.06406406313180923,41.23143005371094,-0.003950241021811962,0.02668606862425804,34.2205810546875
65,0.06506506353616714,41.266414642333984,-0.003921793773770332,0.024302590638399124,34.73645782470703
66,0.06606606394052505,41.301429748535156,-0.003912174608558416,0.015924187377095222,36.78804397583008
67,0.06706706434488297,41.33647537231445,-0.0036115373950451612,0.025955483317375183,33.992210388183594
68,0.06806806474924088,41.37154769897461,-0.003376910462975502,0.025457806885242462,33.77992248535156
69,0.06906906515359879,41.406654357910156,-0.003005795646458864,0.026643557474017143,32.98551940917969
70,0.0700700655579567,41.44178771972656,-0.0033361183013767004,0.01868603751063347,35.02484893798828
71,0.0710710734128952,41.476951599121094,-0.0034073274582624435,0.01220101397484541,36.57469940185547
72,0.07207207381725311,41.512142181396484,-0.0030388538725674152,0.01844671741127968,34.30301284790039
73,0.07307307422161102,41.547367095947266,-0.0031460272148251534,0.014661954715847969,35.20905303955078
74,0.07407407462596893,41.582618713378906,-0.003075237851589918,0.014895765110850334,34.958648681640625
75,0.07507507503032684,41.61790466308594,-0.003249167464673519,0.010180890560150146,36.409854888916016
76,0.07607607543468475,41.65321731567383,-0.0032679138239473104,0.009853244759142399,36.57332992553711
77,0.07707707583904266,41.688560485839844,-0.0032648176420480013,0.00991178210824728,36.653255462646484
78,0.07807807624340057,41.72393035888672,-0.003292074427008629,0.008748872205615044,37.13734817504883
79,0.07907907664775848,41.75933074951172,-0.0031269730534404516,0.011944858357310295,36.171627044677734
80,0.0800800770521164,41.794769287109375,-0.002713946159929037,0.0169653482735157,34.38993453979492
81,0.0810810774564743,41.830230712890625,-0.0020358278416097164,0.02061222307384014,32.698814392089844
82,0.08208207786083221,41.865726470947266,-0.0017042425461113453,0.021337352693080902,32.11388397216797
83,0.08308307826519012,41.9012451171875,-0.0019047698006033897,0.020304013043642044,32.503662109375
84,0.08408408612012863,41.93680191040039,0.0008595262188464403,0.022498663514852524,28.658226013183594
85,0.08508508652448654,41.97238540649414,0.00127470213919878,0.021909896284341812,28.12706756591797
86,0.08608608692884445,42.00799560546875,-0.0007119192741811275,0.0224003866314888,30.40399742126465
87,0.08708708733320236,42.043643951416016,0.0001719910214887932,0.022379271686077118,29.162824630737305
88,0.08808808773756027,42.079315185546875,0.0020486321300268173,0.019303802400827408,26.79473114013672
89,0.08908908814191818,42.115020751953125,0.00048039009561762214,0.020614374428987503,28.557954788208008
90,0.09009008854627609,42.1507568359375,-0.0015692564193159342,0.017394201830029488,31.859272003173828
91,0.091091088950634,42.186519622802734,-0.0013267026515677571,0.01702713593840599,31.512903213500977
92,0.09209208935499191,42.22231674194336,-0.0010843512136489153,0.016727572306990623,31.161514282226562
93,0.09309308975934982,42.258140563964844,-0.0016529253916814923,0.013958762399852276,32.844093322753906
94,0.09409409016370773,42.29399490356445,-0.0023017143830657005,0.0084890928119421,35.503639221191406
95,0.09509509056806564,42.32988739013672,-0.001742146210744977,0.012500074692070484,33.53921127319336
96,0.09609609842300415,42.36580276489258,-0.001250676461495459,0.0144190089777112,32.24943542480469
97,0.09709709882736206,42.40175247192383,-0.0011491614859551191,0.014541477896273136,32.08454895019531
98,0.09809809923171997,42.4377326965332,-0.0010531825246289372,0.014564660377800465,31.922353744506836
99,0.09909909963607788,42.473731994628906,-0.0012014159001410007,0.013661880977451801,32.339420318603516
100,0.10010010004043579,42.5097770690918,-0.0012155750300735235,0.013030190952122211,32.4415283203125
101,0.1011011004447937,42.545841217041016,-0.0008871923200786114,0.013344519771635532,31.762983322143555
102,0.10210210084915161,42.58195114135742,-0.0008181678131222725,0.013146706856787205,31.624570846557617
103,0.10310310125350952,42.618080139160156,-0.00016647072334308177,0.013559364713728428,30.419334411621094
104,0.10410410165786743,42.65423583984375,-0.0008471732726320624,0.012814678251743317,31.633514404296875
105,0.10510510206222534,42.6904296875,-0.00011321052443236113,0.013557475060224533,30.217458724975586
106,0.10610610246658325,42.726654052734375,-0.0013243180001154542,0.011743747629225254,32.51388168334961
107,0.10710710287094116,42.762908935546875,-0.00190218526404351,0.008625644259154797,34.21843719482422
108,0.10810810327529907,42.799190521240234,-0.0023040659725666046,0.0038780332542955875,36.28166198730469
109,0.10910911113023758,42.83551025390625,-0.0021729168947786093,0.004955160431563854,35.69673156738281
110,0.11011011153459549,42.871856689453125,-0.0016392598627135158,0.008610298857092857,33.6824951171875
111,0.1111111119389534,42.90822982788086,-0.0016015754081308842,0.008201051503419876,33.79246139526367
112,0.11211211234331131,42.94463348388672,-0.0005086077144369483,0.010533512569963932,31.122493743896484
113,0.11311311274766922,42.9810791015625,0.00019388130749575794,0.009843062609434128,29.75241470336914
114,0.11411411315202713,43.017547607421875,-0.0011169982608407736,0.007099699694663286,33.274070739746094
115,0.11511511355638504,43.054054260253906,-0.0010170360328629613,0.0063093602657318115,33.2852783203125
116,0.11611611396074295,43.090579986572266,-0.0013730995124205947,0.0040009841322898865,34.75505828857422
117,0.11711711436510086,43.127140045166016,-0.0013038110919296741,0.003924891818314791,34.550193786621094
118,0.11811811476945877,43.16373825073242,-0.001406475668773055,0.0032132037449628115,34.95388412475586
119,0.11911911517381668,43.20035934448242,-0.0019460716284811497,-0.0010216989321634173,37.443111419677734
120,0.12012011557817459,43.23701477050781,-0.0017228745855391026,0.0012475928524509072,36.23905563354492
121,0.1211211159825325,43.27370834350586,-0.0017730530817061663,0.000630771741271019,36.5318717956543
122,0.12212212383747101,43.3104248046875,-0.0018255258910357952,-0.00015376729425042868,36.871849060058594
123,0.12312312424182892,43.34716796875,-0.0018328409641981125,-0.0005317745381034911,37.014442443847656
124,0.12412412464618683,43.38395309448242,-0.0017330042319372296,-0.00011694401473505422,36.69384765625
125,0.12512512505054474,43.42076110839844,-0.001960663590580225,-0.0032114277128130198,38.26799392700195
126,0.12612612545490265,43.45760726928711,-0.0020888103172183037,-0.005826280452311039,39.51857376098633
127,0.12712712585926056,43.494476318359375,-0.0020811152644455433,-0.006249725352972746,39.757781982421875
128,0.12812812626361847,43.5313835144043,-0.0020717927254736423,-0.006481747608631849,39.92220687866211
129,0.12912912666797638,43.56832504272461,-0.0019232919439673424,-0.004497156012803316,38.98469161987305
130,0.1301301270723343,43.605289459228516,-0.0019423956982791424,-0.004778952803462744,39.22193908691406
131,0.1311311274766922,43.64228820800781,-0.0015319676604121923,-0.0006317571387626231,36.88988494873047
132,0.1321321278810501,43.679317474365234,-0.001395271741785109,7.924288365757093e-05,36.31861114501953
133,0.13313312828540802,43.71638107299805,-0.0014072598423808813,-0.0004791382816620171,36.47150421142578
134,0.13413412868976593,43.753475189208984,-0.0012393954675644636,8.721688209334388e-05,35.73384094238281
135,0.13513512909412384,43.79059600830078,-0.0012220246717333794,-0.0010379768209531903,35.90034866333008
136,0.13613612949848175,43.827762603759766,-0.0008914629579521716,-0.00047948333667591214,34.53929138183594
137,0.13713712990283966,43.86494445800781,-0.001171607756987214,-0.002656553639099002,36.03916549682617
138,0.13813813030719757,43.902164459228516,-0.0010237304959446192,-0.002216429216787219,35.37261962890625
139,0.13913913071155548,43.93941879272461,-0.0011474988423287868,-0.00307347415946424,36.07237243652344
140,0.1401401311159134,43.9766960144043,-0.0011339235352352262,-0.002978988690301776,36.04994201660156
141,0.1411411464214325,44.014015197753906,-0.0011749356053769588,-0.0031554424203932285,36.30861282348633
142,0.1421421468257904,44.051361083984375,-0.0012876871041953564,-0.003940647933632135,37.008087158203125
143,0.14314314723014832,44.08873748779297,-0.0014862867537885904,-0.005949719808995724,38.422237396240234
144,0.14414414763450623,44.12614822387695,-0.0014316121814772487,-0.005710185505449772,38.267578125
145,0.14514514803886414,44.1635856628418,-0.0010195618961006403,-0.003052343847230077,36.08454132080078
146,0.14614614844322205,44.20106506347656,-0.0013016628799960017,-0.0053161210380494595,37.92342758178711
147,0.14714714884757996,44.238563537597656,-0.0009375894442200661,-0.003308201441541314,36.046443939208984
148,0.14814814925193787,44.27610778808594,-0.0005812069866806269,-0.0020980762783437967,34.26309585571289
149,0.14914914965629578,44.31366729736328,-0.0005518781254068017,-0.002070459071546793,34.163421630859375
150,0.1501501500606537,44.35126876831055,-0.0008065570145845413,-0.00302501255646348,35.47462844848633
151,0.1511511504650116,44.38890075683594,-0.00028663373086601496,-0.0016271488275378942,32.74131393432617
152,0.1521521508693695,44.426570892333984,-0.00010199133976129815,-0.0014837399357929826,31.701457977294922
153,0.15315315127372742,44.464263916015625,-0.00036789075238630176,-0.0018008982297033072,32.913761138916016
154,0.15415415167808533,44.50199508666992,-0.00044553441694006324,-0.00195531127974391,33.1575813293457
155,0.15515515208244324,44.53975296020508,-0.0004774480185005814,-0.0023003991227597,33.25556564331055
156,0.15615615248680115,44.57754898071289,-0.0009406647295691073,-0.0044571454636752605,35.693546295166016
157,0.15715715289115906,44.6153678894043,-0.0010577952489256859,-0.005688137374818325,36.49748992919922
158,0.15815815329551697,44.653228759765625,-0.0010262227151542902,-0.006012915167957544,36.504364013671875
159,0.15915915369987488,44.69111251831055,-0.0008383410749956965,-0.0053841592743992805,35.608543395996094
160,0.1601601541042328,44.72903823852539,-0.0008350975112989545,-0.005723764654248953,35.798885345458984
161,0.1611611545085907,44.76698684692383,-0.0010461332276463509,-0.007078507915139198,37.24980163574219
162,0.1621621549129486,44.804969787597656,-0.0012994572753086686,-0.009076138958334923,39.061370849609375
163,0.16316315531730652,44.842987060546875,-0.0012687647249549627,-0.008543679490685463,38.808692932128906
164,0.16416415572166443,44.88103485107422,-0.0011215130798518658,-0.007548788096755743,37.9141731262207
165,0.16516515612602234,44.91912078857422,-0.0008800611249171197,-0.006496442016214132,36.568145751953125
166,0.16616615653038025,44.95723342895508,-0.0008500046096742153,-0.006912020966410637,36.59742736816406
167,0.16716717183589935,44.99538040161133,-0.0007808395894244313,-0.007022764999419451,36.30189895629883
168,0.16816817224025726,45.03356170654297,-0.0008136837277561426,-0.007607015781104565,36.63166809082031
169,0.16916917264461517,45.071773529052734,-0.001051420229487121,-0.009385972283780575,38.317562103271484
170,0.17017017304897308,45.110015869140625,-0.0009490050142630935,-0.00865496601909399,37.44035339355469
171,0.171171173453331,45.14828872680664,-0.0007073392625898123,-0.007237435784190893,35.600860595703125
172,0.1721721738576889,45.18659973144531,-0.0006802671123296022,-0.0070124478079378605,35.278114318847656
173,0.17317317426204681,45.22494125366211,-0.0008970837807282805,-0.008202956058084965,36.68028259277344
174,0.17417417466640472,45.2633171081543,-0.0014242783654481173,-0.013654645532369614,41.14352798461914
175,0.17517517507076263,45.30172348022461,-0.0015013418160378933,-0.015732597559690475,42.382564544677734
176,0.17617617547512054,45.34016036987305,-0.0013662397395819426,-0.014439938589930534,41.30654525756836
177,0.17717717587947845,45.37863540649414,-0.0013389281230047345,-0.014757724478840828,41.419918060302734
178,0.17817817628383636,45.41713333129883,-0.0015018605627119541,-0.01798802986741066,43.75241470336914
179,0.17917917668819427,45.45567321777344,-0.001481558196246624,-0.017506208270788193,43.60206604003906
180,0.18018017709255219,45.49424362182617,-0.0015435696113854647,-0.018353106454014778,44.3888053894043
181,0.1811811774969101,45.53284454345703,-0.0015501519665122032,-0.01791921816766262,44.329158782958984
182,0.182182177901268,45.571475982666016,-0.001524018356576562,-0.016831493005156517,43.814056396484375
183,0.18318317830562592,45.610145568847656,-0.0014768484979867935,-0.015922212973237038,43.255104064941406
184,0.18418417870998383,45.64884567260742,-0.0014603572199121118,-0.016038324683904648,43.26312255859375
185,0.18518517911434174,45.68758010864258,-0.0014717922313138843,-0.016810907050967216,43.633934020996094
186,0.18618617951869965,45.726348876953125,-0.0011991915525868535,-0.013310444541275501,40.78346252441406
187,0.18718717992305756,45.76514434814453,-0.001283338526263833,-0.0150581831112504,41.885868072509766
188,0.18818818032741547,45.803977966308594,-0.001327103702351451,-0.016338162124156952,42.62624740600586
189,0.18918918073177338,45.84284210205078,-0.0013266504975035787,-0.016852259635925293,42.85204315185547
190,0.1901901811361313,45.881744384765625,-0.0011429453734308481,-0.014749272726476192,41.02690505981445
191,0.1911911815404892,45.92066955566406,-0.0010436514858156443,-0.013780290260910988,40.1141242980957
192,0.1921921968460083,45.95963668823242,-0.0007214192301034927,-0.010873542167246342,36.90970230102539
193,0.1931931972503662,45.99863052368164,-0.0007548505673184991,-0.010884064249694347,37.2192268371582
194,0.19419419765472412,46.037662506103516,-0.0005687763332389295,-0.009505990892648697,35.48291778564453
195,0.19519519805908203,46.07672882080078,-0.0004917912883684039,-0.00897484552115202,34.80135726928711
196,0.19619619846343994,46.115821838378906,-0.0005087874596938491,-0.008972727693617344,34.960506439208984
197,0.19719719886779785,46.15495300292969,-0.0007669189944863319,-0.010501070879399776,37.38459014892578
198,0.19819819927215576,46.194114685058594,-0.0006679955404251814,-0.009950118139386177,36.55757141113281
199,0.19919919967651367,46.23331069946289,-0.0005029527237638831,-0.009232675656676292,35.04854202270508
200,0.20020020008087158,46.27254104614258,-0.0007312697125598788,-0.010840095579624176,37.389137268066406
201,0.2012012004852295,46.31180191040039,-0.000615211552940309,-0.01031026802957058,36.334205627441406
202,0.2022022008895874,46.35110092163086,-0.0005408073775470257,-0.010149787180125713,35.64202880859375
203,0.2032032012939453,46.39043045043945,-0.0005574069218710065,-0.010525671765208244,35.926551818847656
204,0.20420420169830322,46.42979049682617,-0.0004346954228822142,-0.010012349113821983,34.61396408081055
205,0.20520520210266113,46.46918487548828,-0.0005171993980184197,-0.010417792946100235,35.59651184082031
206,0.20620620250701904,46.50861740112305,-0.0006276554777286947,-0.010898602195084095,36.740787506103516
207,0.20720720291137695,46.54807662963867,-0.0007611921173520386,-0.011610577814280987,38.06614685058594
208,0.20820820331573486,46.58757400512695,-0.0005600253352895379,-0.010116285644471645,36.042903900146484
209,0.20920920372009277,46.62710189819336,-0.0007354061817750335,-0.011354993097484112,37.92354965209961
210,0.21021020412445068,46.666664123535156,-0.0006635821191594005,-0.01107116974890232,37.36963653564453
211,0.2112112045288086,46.706260681152344,-0.0005817819619551301,-0.010834047570824623,36.695552825927734
212,0.2122122049331665,46.74589157104492,-0.0005828319117426872,-0.011158378794789314,36.86148452758789
213,0.21321320533752441,46.78555679321289,-0.0007102831150405109,-0.012406740337610245,38.47553634643555
214,0.21421420574188232,46.825252532958984,-0.0008493461064063013,-0.013951764442026615,40.282081604003906
215,0.21521520614624023,46.864990234375,-0.000976772978901863,-0.015667708590626717,42.03137969970703
216,0.21621620655059814,46.90475082397461,-0.0008284818031825125,-0.014095183461904526,40.239654541015625
217,0.21721720695495605,46.94455337524414,-0.0009959260933101177,-0.015861013904213905,42.27134323120117
218,0.21821822226047516,46.98438262939453,-0.0011382714146748185,-0.017623454332351685,43.97507858276367
219,0.21921922266483307,47.024253845214844,-0.001058393158018589,-0.016263479366898537,42.78961181640625
220,0.22022022306919098,47.064151763916016,-0.0010885348310694098,-0.016819613054394722,43.25236129760742
221,0.2212212234735489,47.104087829589844,-0.001281070290133357,-0.020574107766151428,46.30412673950195
222,0.2222222238779068,47.14405059814453,-0.0012604201911017299,-0.02075173892080784,46.39277648925781
223,0.2232232242822647,47.18405532836914,-0.0012785911094397306,-0.021771041676402092,47.1949348449707
224,0.22422422468662262,47.22409439086914,-0.0012661783257499337,-0.021897874772548676,47.32911682128906
225,0.22522522509098053,47.264163970947266,-0.0012125453213229775,-0.020963549613952637,46.59341049194336
226,0.22622622549533844,47.304264068603516,-0.0009888000786304474,-0.017048940062522888,43.067222595214844
227,0.22722722589969635,47.34440231323242,-0.0010998924262821674,-0.018958978354930878,44.943267822265625
228,0.22822822630405426,47.384578704833984,-0.0012477353448048234,-0.021881060674786568,47.500885009765625
229,0.22922922670841217,47.424781799316406,-0.001128872507251799,-0.019300349056720734,45.43669509887695
230,0.23023022711277008,47.465023040771484,-0.0011707547819241881,-0.02008664235472679,46.21937942504883
231,0.231231227517128,47.50529479980469,-0.0011703704949468374,-0.0203346349298954,46.46342086791992
232,0.2322322279214859,47.54560470581055,-0.0009163855575025082,-0.01657269522547722,42.826778411865234
233,0.2332332283258438,47.58594512939453,-0.0008910539909265935,-0.016492348164319992,42.65110397338867
234,0.23423422873020172,47.62632369995117,-0.0008534445078112185,-0.016302848234772682,42.35879898071289
235,0.23523522913455963,47.6667366027832,-0.0006815952947363257,-0.014534479938447475,39.9406852722168
236,0.23623622953891754,47.707176208496094,-0.0006220838986337185,-0.014055280946195126,39.12270736694336
237,0.23723722994327545,47.74766540527344,-0.000516024068929255,-0.013033338822424412,37.38740158081055
238,0.23823823034763336,47.788177490234375,-0.00047614850336685777,-0.012664064764976501,36.725894927978516
239,0.23923923075199127,47.8287239074707,-0.000543618225492537,-0.01328346785157919,37.837100982666016
240,0.24024023115634918,47.86930847167969,-0.0006141195772215724,-0.014073790051043034,38.962318420410156
241,0.2412412315607071,47.9099235534668,-0.0006946201319806278,-0.015117797069251537,40.25203323364258
242,0.242242231965065,47.95058059692383,-0.0007588405860587955,-0.01607445254921913,41.2955322265625
243,0.2432432323694229,47.99126052856445,-0.000686496146954596,-0.015313916839659214,40.01803207397461
244,0.24424424767494202,48.031982421875,-0.0005611301166936755,-0.014027237892150879,37.77476501464844
245,0.24524524807929993,48.07273864746094,-0.000566583126783371,-0.014178622514009476,37.933719635009766
246,0.24624624848365784,48.113529205322266,-0.0005353940650820732,-0.01399645209312439,37.46798324584961
247,0.24724724888801575,48.154354095458984,-0.0005840933881700039,-0.014694864861667156,38.620243072509766
248,0.24824824929237366,48.19520950317383,-0.000634394702501595,-0.01536448486149311,39.73861312866211
249,0.24924924969673157,48.236106872558594,-0.0007878210744820535,-0.01729298010468483,42.54632568359375
250,0.2502502501010895,48.277034759521484,-0.0007549601723439991,-0.01659567840397358,41.80381393432617
251,0.2512512505054474,48.317996978759766,-0.0007971564191393554,-0.016907960176467896,42.31960678100586
252,0.2522522509098053,48.35899353027344,-0.0008317153551615775,-0.017412520945072174,42.91331481933594
253,0.2532532513141632,48.40003204345703,-0.0009461949812248349,-0.019605930894613266,45.24421310424805
254,0.2542542517185211,48.44109344482422,-0.0008306202944368124,-0.01804465241730213,43.33068084716797
255,0.25525525212287903,48.48219680786133,-0.0007838471210561693,-0.017594583332538605,42.5980339050293
256,0.25625625252723694,48.52333450317383,-0.0007185433059930801,-0.016894394531846046,41.52690505981445
257,0.25725725293159485,48.564510345458984,-0.000667013053316623,-0.01641896367073059,40.71104431152344
258,0.25825825333595276,48.605712890625,-0.0007864615181460977,-0.018403394147753716,43.27726364135742
259,0.25925925374031067,48.64695739746094,-0.0008739943732507527,-0.02012437954545021,45.257965087890625
260,0.2602602541446686,48.688236236572266,-0.0009464837494306266,-0.021610574796795845,46.89633560180664
261,0.2612612545490265,48.729549407958984,-0.0009348182356916368,-0.021416518837213516,46.7596549987793
262,0.2622622549533844,48.770896911621094,-0.0007677346584387124,-0.018664099276065826,43.64481735229492
263,0.2632632553577423,48.812278747558594,-0.0007258947007358074,-0.018074199557304382,42.952999114990234
264,0.2642642557621002,48.85369110107422,-0.0005850584711879492,-0.016071036458015442,40.06775665283203
265,0.26526525616645813,48.895145416259766,-0.0006435856921598315,-0.01680935174226761,41.43873977661133
266,0.26626625657081604,48.93663787841797,-0.0007326400373131037,-0.017996596172451973,43.304664611816406
267,0.26726725697517395,48.97815704345703,-0.0008775760652497411,-0.02046363055706024,46.39987564086914
268,0.26826825737953186,49.01971435546875,-0.0008042869158089161,-0.019278503954410553,45.01420974731445
269,0.26926925778388977,49.061309814453125,-0.0008151954971253872,-0.01966584287583828,45.45174026489258
270,0.2702702581882477,49.10293960571289,-0.0007700305432081223,-0.019163088873028755,44.65303421020508
271,0.2712712585926056,49.14460754394531,-0.0007073935703374445,-0.018453970551490784,43.41178894042969
272,0.2722722589969635,49.18630599975586,-0.0007006900268606842,-0.01876251772046089,43.45646286010742
273,0.2732732594013214,49.2280387878418,-0.0006966133951209486,-0.01908768340945244,43.51839828491211
274,0.2742742598056793,49.26980972290039,-0.0006566127412952483,-0.018816102296113968,42.78651809692383
275,0.27527526021003723,49.31161880493164,-0.0005668629892170429,-0.017736976966261864,40.721282958984375
276,0.27627626061439514,49.35345458984375,-0.0006168780964799225,-0.01885487511754036,42.40009307861328
277,0.27727726101875305,49.39533233642578,-0.0005306192906573415,-0.017623238265514374,40.183921813964844
278,0.27827826142311096,49.4372444152832,-0.0005695108557119966,-0.018340639770030975,41.51983642578125
279,0.27927926182746887,49.479190826416016,-0.0005424645496532321,-0.01795116253197193,40.86655044555664
280,0.2802802622318268,49.52117156982422,-0.00047224111040122807,-0.016780734062194824,38.69656753540039
281,0.2812812626361847,49.56319046020508,-0.00041603369754739106,-0.015812240540981293,36.59693145751953
282,0.282282292842865,49.60525131225586,-0.0004353800613898784,-0.016189225018024445,37.360450744628906
283,0.2832832932472229,49.6473388671875,-0.00043781279237009585,-0.01632198877632618,37.45280456542969
284,0.2842842936515808,49.6894645690918,-0.0004520552756730467,-0.01663942262530327,37.95068359375
285,0.2852852940559387,49.73162841796875,-0.0004696471442002803,-0.016999000683426857,38.563663482666016
286,0.28628629446029663,49.77382278442383,-0.0005091587081551552,-0.017692871391773224,39.918853759765625
287,0.28728729486465454,49.81605911254883,-0.0004680459387600422,-0.016901349648833275,38.42746353149414
288,0.28828829526901245,49.85832595825195,-0.0004746837366838008,-0.016880786046385765,38.61652755737305
289,0.28928929567337036,49.900630950927734,-0.0004615303478203714,-0.016575513407588005,38.166046142578125
290,0.29029029607772827,49.94297409057617,-0.00040957899182103574,-0.015638792887330055,36.1341552734375
291,0.2912912964820862,49.985355377197266,-0.00037556688766926527,-0.015037537552416325,34.55620574951172
292,0.2922922968864441,50.02776336669922,-0.00035576673690229654,-0.014697471633553505,33.43790054321289
293,0.293293297290802,50.07020950317383,-0.00039439526153728366,-0.015684686601161957,35.887393951416016
294,0.2942942976951599,50.11269760131836,-0.00045516726095229387,-0.016988983377814293,38.85685348510742
295,0.2952952980995178,50.155216217041016,-0.0004481587384361774,-0.01698225364089012,38.77513122558594
296,0.29629629850387573,50.197776794433594,-0.0005065652658231556,-0.01810600608587265,41.116294860839844
297,0.29729729890823364,50.2403678894043,-0.0004334557743277401,-0.01687519997358322,38.509342193603516
298,0.29829829931259155,50.282997131347656,-0.0004457164613995701,-0.017087405547499657,38.967044830322266
299,0.29929929971694946,50.32566452026367,-0.000419667485402897,-0.016513613983988762,37.71672439575195
300,0.3003003001213074,50.36836242675781,-0.00044661376159638166,-0.01687956415116787,38.6655387878418
301,0.3013013005256653,50.41109848022461,-0.00042050116462633014,-0.016209298744797707,37.2633171081543
302,0.3023023009300232,50.45387649536133,-0.0004300451837480068,-0.016155993565917015,37.323978424072266
303,0.3033033013343811,50.49668502807617,-0.0004499760689213872,-0.016190968453884125,37.67012405395508
304,0.304304301738739,50.53953552246094,-0.00046186428517103195,-0.016127096489071846,37.73868942260742
305,0.3053053021430969,50.58241653442383,-0.0004810240352526307,-0.016207026317715645,38.101226806640625
306,0.30630630254745483,50.625335693359375,-0.0004701659199781716,-0.015869559720158577,37.57453536987305
307,0.30730730295181274,50.66829299926758,-0.0005298240575939417,-0.016648976132273674,39.31516647338867
308,0.30830830335617065,50.71128463745117,-0.0005202588508836925,-0.016522018238902092,39.185943603515625
309,0.30930930376052856,50.754310607910156,-0.0005978599656373262,-0.017998892813920975,41.89958190917969
310,0.3103103041648865,50.79737854003906,-0.0006026265909895301,-0.018401194363832474,42.63876724243164
311,0.3113113045692444,50.840476989746094,-0.0005478938110172749,-0.017740681767463684,41.52025604248047
312,0.3123123049736023,50.88361358642578,-0.0005402030656114221,-0.017919069156050682,41.7949104309082
313,0.3133133053779602,50.92679214477539,-0.0005139974527992308,-0.01763293519616127,41.26197814941406
314,0.3143143057823181,50.97000503540039,-0.00043984048534184694,-0.016275877133011818,38.43252944946289
315,0.315315306186676,51.01325225830078,-0.00046723519335500896,-0.01694600284099579,39.8868293762207
316,0.31631630659103394,51.056541442871094,-0.0004794097039848566,-0.017198948189616203,40.47392654418945
317,0.31731730699539185,51.099857330322266,-0.0005672837723977864,-0.018874382600188255,43.74882888793945
318,0.31831830739974976,51.14321517944336,-0.0005655728164128959,-0.018804553896188736,43.67350769042969
319,0.31931930780410767,51.186614990234375,-0.0005577870761044323,-0.01863669604063034,43.45505905151367
320,0.3203203082084656,51.23004913330078,-0.0005950066260993481,-0.01940886303782463,44.82932662963867
321,0.3213213086128235,51.27351379394531,-0.0005678210873156786,-0.018907256424427032,43.97069549560547
322,0.3223223090171814,51.317020416259766,-0.000623724889010191,-0.020149091258645058,45.998748779296875
323,0.3233233094215393,51.36056137084961,-0.000581496162340045,-0.01944289542734623,44.6533317565918
324,0.3243243098258972,51.40414047241211,-0.000619237485807389,-0.02054412104189396,46.272579193115234
325,0.3253253102302551,51.44776153564453,-0.0006175071466714144,-0.02084844559431076,46.58727264404297
326,0.32632631063461304,51.49141311645508,-0.0006350627518258989,-0.021540533751249313,47.571170806884766
327,0.32732731103897095,51.53510284423828,-0.0006222499068826437,-0.02148682437837124,47.39427947998047
328,0.32832831144332886,51.578834533691406,-0.0005939635448157787,-0.02097427472472191,46.5153694152832
329,0.32932931184768677,51.622596740722656,-0.0005285416846163571,-0.019530916586518288,43.93896484375
330,0.3303303122520447,51.66639709472656,-0.0004871794953942299,-0.018577424809336662,42.08305740356445
331,0.3313313126564026,51.71023941040039,-0.00046120272600091994,-0.017947426065802574,40.8190803527832
332,0.3323323130607605,51.754112243652344,-0.0004723782476503402,-0.018213758245110512,41.46351623535156
333,0.3333333432674408,51.79802703857422,-0.0004737552080769092,-0.01819121092557907,41.54136276245117
334,0.3343343436717987,51.84197998046875,-0.00044610773329623044,-0.01745995506644249,40.040897369384766
335,0.3353353440761566,51.88597106933594,-0.000418254901887849,-0.016741376370191574,38.3564567565918
336,0.3363363444805145,51.92999267578125,-0.0004167793085798621,-0.0166894793510437,38.24250793457031
337,0.33733734488487244,51.974056243896484,-0.00037188478745520115,-0.015301300212740898,34.71126937866211
338,0.33833834528923035,52.018157958984375,-0.00040369987254962325,-0.01627984456717968,37.26929473876953
339,0.33933934569358826,52.06229782104492,-0.00039517160621471703,-0.016003454104065895,36.58003234863281
340,0.34034034609794617,52.106468200683594,-0.0004046439426019788,-0.01620507799088955,37.148983001708984
341,0.3413413465023041,52.15068054199219,-0.0004057669430039823,-0.016200337558984756,37.19975280761719
342,0.342342346906662,52.19493103027344,-0.0003686525742523372,-0.015219012275338173,34.66370391845703
343,0.3433433473110199,52.23921585083008,-0.00034673497430048883,-0.01454124879091978,32.7215690612793
344,0.3443443477153778,52.283546447753906,-0.0003633363521657884,-0.015159443952143192,34.31812286376953
345,0.3453453481197357,52.327911376953125,-0.0003500424209050834,-0.014691850170493126,32.88592529296875
346,0.34634634852409363,52.372310638427734,-0.00036833639023825526,-0.015352110378444195,34.66556930541992
347,0.34734734892845154,52.416744232177734,-0.0003933978732675314,-0.016198042780160904,36.80466842651367
348,0.34834834933280945,52.46122360229492,-0.0003995106089860201,-0.01647249236702919,37.35295104980469
349,0.34934934973716736,52.505733489990234,-0.00037129069096408784,-0.015539044514298439,34.75632858276367
350,0.35035035014152527,52.55028533935547,-0.00040149447158910334,-0.016624338924884796,37.50454330444336
351,0.3513513505458832,52.594879150390625,-0.00038306211354210973,-0.01599586382508278,35.87026596069336
352,0.3523523509502411,52.639503479003906,-0.00038223390583880246,-0.01593869738280773,35.77272033691406
353,0.353353351354599,52.68416976928711,-0.0003646553377620876,-0.015215950086712837,34.05389404296875
354,0.3543543517589569,52.72887420654297,-0.00036265747621655464,-0.015083975158631802,33.993263244628906
355,0.3553553521633148,52.77360916137695,-0.00035556458169594407,-0.01474096067249775,33.31684112548828
356,0.35635635256767273,52.81839370727539,-0.00035590920015238225,-0.014726893976330757,33.41876220703125
357,0.35735735297203064,52.86320495605469,-0.00033786898711696267,-0.013899015262722969,31.047080993652344
358,0.35835835337638855,52.90806198120117,-0.00036063010338693857,-0.014902567490935326,33.76203918457031
359,0.35935935378074646,52.95295333862305,-0.00034994835732504725,-0.014517651870846748,32.284366607666016
360,0.36036035418510437,52.99788284301758,-0.00035135092912241817,-0.014610576443374157,32.087371826171875
361,0.3613613545894623,53.0428581237793,-0.00033686798997223377,-0.013766756281256676,29.40258026123047
362,0.3623623549938202,53.087860107421875,-0.00032991546322591603,-0.013194012455642223,27.666284561157227
363,0.3633633553981781,53.13290786743164,-0.00032646022737026215,-0.012791210785508156,26.516036987304688
364,0.364364355802536,53.1779899597168,-0.0003244538092985749,-0.012551994994282722,25.839702606201172
365,0.3653653562068939,53.223114013671875,-0.0003290601307526231,-0.013010556809604168,27.19863510131836
366,0.36636635661125183,53.268272399902344,-0.00033591798273846507,-0.013500845059752464,28.595922470092773
367,0.36736735701560974,53.31346893310547,-0.0003325659781694412,-0.013033115305006504,27.198787689208984
368,0.36836835741996765,53.358707427978516,-0.00034447101643308997,-0.014010981656610966,30.157806396484375
369,0.36936935782432556,53.40398025512695,-0.00035514181945472956,-0.014652984216809273,32.032623291015625
370,0.37037035822868347,53.44929885864258,-0.0003717444487847388,-0.01553348358720541,34.48433303833008
371,0.3713713586330414,53.49464797973633,-0.00038185573066584766,-0.016049033030867577,35.918636322021484
372,0.3723723590373993,53.5400390625,-0.0003684972762130201,-0.015499274246394634,34.484405517578125
373,0.3733733594417572,53.58546829223633,-0.00034827739000320435,-0.014475652016699314,31.59180450439453
374,0.3743743598461151,53.63093566894531,-0.00033707378315739334,-0.013837567530572414,29.609790802001953
375,0.375375360250473,53.67644500732422,-0.0003326846635900438,-0.01357890386134386,28.625202178955078
376,0.37637636065483093,53.721988677978516,-0.0003382004506420344,-0.01402251049876213,29.752782821655273
377,0.37737736105918884,53.76757049560547,-0.00032969581661745906,-0.01338197011500597,27.7781982421875
378,0.37837836146354675,53.813194274902344,-0.00032731881947256625,-0.013234677724540234,27.345539093017578
379,0.37937936186790466,53.858856201171875,-0.00033075662213377655,-0.013644207268953323,28.678424835205078
380,0.3803803622722626,53.9045524597168,-0.0003286881255917251,-0.013580446131527424,28.62505340576172
381,0.3813813626766205,53.950294494628906,-0.00033238116884604096,-0.0138926412910223,29.756492614746094
382,0.3823823630809784,53.996070861816406,-0.0003228673886042088,-0.013124678283929825,27.687528610229492
383,0.3833833634853363,54.04188919067383,-0.0003250609152019024,-0.013328559696674347,28.63591957092285
384,0.3843843936920166,54.08774185180664,-0.00032420764910057187,-0.013286780565977097,28.799880981445312
385,0.3853853940963745,54.133636474609375,-0.0003277421637903899,-0.013566607609391212,29.983455657958984
386,0.3863863945007324,54.1795654296875,-0.00031337820109911263,-0.012515699490904808,27.101224899291992
387,0.38738739490509033,54.22554016113281,-0.00031008454971015453,-0.012344583868980408,26.916318893432617
388,0.38838839530944824,54.271549224853516,-0.000301843392662704,-0.01201113872230053,25.987651824951172
389,0.38938939571380615,54.317596435546875,-0.0002875950012821704,-0.011441110633313656,23.983505249023438
390,0.39039039611816406,54.363685607910156,-0.00027668901020660996,-0.011063950136303902,22.489925384521484
391,0.391391396522522,54.40981674194336,-0.00027618283638730645,-0.011163845658302307,22.63783073425293
392,0.3923923969268799,54.45597839355469,-0.0002774454769678414,-0.011119010858237743,22.1700382232666
393,0.3933933973312378,54.502193450927734,-0.0002865123678930104,-0.01125109102576971,22.269176483154297
394,0.3943943977355957,54.54843521118164,-0.0002957490796688944,-0.010993294417858124,21.13019371032715
395,0.3953953981399536,54.59471893310547,-0.00030759736546315253,-0.010856456123292446,20.558021545410156
396,0.3963963985443115,54.64104080200195,-0.0003211270086467266,-0.009906903840601444,17.563108444213867
397,0.39739739894866943,54.68740463256836,-0.00032949852175079286,-0.00953229796141386,16.554983139038086
398,0.39839839935302734,54.73381042480469,-0.0003305881400592625,-0.009604338556528091,16.941015243530273
399,0.39939939975738525,54.780250549316406,-0.0003297140938229859,-0.009603760205209255,17.105642318725586
400,0.40040040016174316,54.82673263549805,-0.0003262793179601431,-0.009844228625297546,18.03122329711914
401,0.4014014005661011,54.87324905395508,-0.00032448433921672404,-0.009745844639837742,17.91529655456543
402,0.402402400970459,54.91980743408203,-0.0003236502525396645,-0.009785040281713009,18.19222068786621
403,0.4034034013748169,54.96641540527344,-0.00032597139943391085,-0.009971755556762218,18.91660499572754
404,0.4044044017791748,55.01305389404297,-0.0003222846135031432,-0.009394585154950619,17.252593994140625
405,0.4054054021835327,55.059730529785156,-0.00032137532252818346,-0.009637354873120785,18.097890853881836
406,0.4064064025878906,55.106449127197266,-0.0003177710168529302,-0.009314656257629395,17.14777946472168
407,0.40740740299224854,55.1532096862793,-0.0003162331413477659,-0.009025270119309425,16.259780883789062
408,0.40840840339660645,55.200008392333984,-0.0003164603258483112,-0.008833397179841995,15.661277770996094
409,0.40940940380096436,55.24684524536133,-0.00031705162837170064,-0.008643962442874908,15.026132583618164
410,0.41041040420532227,55.293724060058594,-0.00031549870618619025,-0.009116994217038155,16.45035171508789
411,0.4114114046096802,55.340641021728516,-0.0003121118643321097,-0.008888114243745804,15.687995910644531
412,0.4124124050140381,55.38759231567383,-0.00030631673871539533,-0.008782283402979374,15.36390495300293
413,0.413413405418396,55.43458938598633,-0.00029957626247778535,-0.008725552819669247,15.231393814086914
414,0.4144144058227539,55.481624603271484,-0.0002910296607296914,-0.008249741978943348,13.65080738067627
415,0.4154154062271118,55.52870178222656,-0.00028228445444256067,-0.007895583286881447,12.468910217285156
416,0.4164164066314697,55.5758171081543,-0.00027851376216858625,-0.007941300049424171,12.7284517288208
417,0.41741740703582764,55.62297439575195,-0.0002798846107907593,-0.00797648262232542,13.018651962280273
418,0.41841840744018555,55.67017364501953,-0.00028891360852867365,-0.007879480719566345,12.87483024597168
419,0.41941940784454346,55.71741485595703,-0.00030322305974550545,-0.00675114244222641,9.183871269226074
420,0.42042040824890137,55.764686584472656,-0.00031212845351547003,-0.006443534977734089,8.243900299072266
421,0.4214214086532593,55.81200408935547,-0.000319482758641243,-0.0061178929172456264,7.168416976928711
422,0.4224224090576172,55.85935592651367,-0.0002975267416331917,-0.0068671200424432755,9.545904159545898
423,0.4234234094619751,55.90675735473633,-0.0002890325849875808,-0.007283088751137257,10.919418334960938
424,0.424424409866333,55.954193115234375,-0.00028603075770661235,-0.0069745746441185474,9.899462699890137
425,0.4254254102706909,56.00166702270508,-0.00030374102061614394,-0.006310498341917992,7.875980377197266
426,0.42642641067504883,56.04918670654297,-0.0003207686822861433,-0.006010563112795353,7.302143096923828
427,0.42742741107940674,56.096744537353516,-0.0003298320807516575,-0.0067640189081430435,9.99578857421875
428,0.42842841148376465,56.14434814453125,-0.0003386384923942387,-0.006454793736338615,9.260111808776855
429,0.42942941188812256,56.191978454589844,-0.0003448998322710395,-0.006950453855097294,10.773606300354004
430,0.43043041229248047,56.239662170410156,-0.0003460758598521352,-0.007098341826349497,11.169191360473633
431,0.4314314126968384,56.287384033203125,-0.000341078412020579,-0.006510246079415083,9.372836112976074
432,0.4324324131011963,56.335140228271484,-0.0003472853568382561,-0.006976146716624498,10.722089767456055
433,0.4334334135055542,56.3829460144043,-0.0003534805146045983,-0.0074690827168524265,12.122919082641602
434,0.4344344139099121,56.430782318115234,-0.0003536950680427253,-0.00712945032864809,11.123547554016113
435,0.43543541431427,56.478668212890625,-0.0003538777818903327,-0.007499344181269407,12.130002975463867
436,0.4364364445209503,56.526588439941406,-0.00035235140239819884,-0.007545356638729572,12.230928421020508
437,0.4374374449253082,56.574554443359375,-0.000353417475707829,-0.006182074546813965,8.304933547973633
438,0.43843844532966614,56.62255859375,-0.000349194131558761,-0.007816036231815815,12.918265342712402
439,0.43943944573402405,56.67060089111328,-0.00034406856866553426,-0.008539050817489624,14.981590270996094
440,0.44044044613838196,56.718685150146484,-0.0003461032174527645,-0.008177170529961586,13.940587043762207
441,0.44144144654273987,56.76681137084961,-0.00034158743801526725,-0.008993564173579216,16.32620620727539
442,0.4424424469470978,56.814979553222656,-0.00033771179732866585,-0.009763654321432114,18.572917938232422
443,0.4434434473514557,56.86318588256836,-0.0003423024609219283,-0.009576132521033287,17.988658905029297
444,0.4444444477558136,56.911434173583984,-0.000350639340467751,-0.008739870972931385,15.601302146911621
445,0.4454454481601715,56.95972442626953,-0.00034261427936144173,-0.009495671838521957,17.862600326538086
446,0.4464464485645294,57.008056640625,-0.00033759186044335365,-0.009902176447212696,19.185611724853516
447,0.44744744896888733,57.056427001953125,-0.00034199340734630823,-0.009243653155863285,17.43507194519043
448,0.44844844937324524,57.10483932495117,-0.0003387815086171031,-0.009846769273281097,19.43474006652832
449,0.44944944977760315,57.153297424316406,-0.0003416651743464172,-0.009776929393410683,19.425785064697266
450,0.45045045018196106,57.20178985595703,-0.00034631145535968244,-0.00937438290566206,18.468259811401367
451,0.45145145058631897,57.25032424926758,-0.0003486750356387347,-0.00834221113473177,15.731203079223633
452,0.4524524509906769,57.29890060424805,-0.0003498185542412102,-0.008317374624311924,15.823375701904297
453,0.4534534513950348,57.3475227355957,-0.00034893531119450927,-0.009552589617669582,19.45781135559082
454,0.4544544517993927,57.396183013916016,-0.00034980004420503974,-0.009324856102466583,18.874195098876953
455,0.4554554522037506,57.444881439208984,-0.00035088066942989826,-0.008861168287694454,17.56829261779785
456,0.4564564526081085,57.49362564086914,-0.00035178716643713415,-0.009043067693710327,18.03064727783203
457,0.45745745301246643,57.54240417480469,-0.0003511657123453915,-0.00947563722729683,19.116294860839844
458,0.45845845341682434,57.59122848510742,-0.0003606538230087608,-0.008828813210129738,17.166597366333008
459,0.45945945382118225,57.640098571777344,-0.0003608478291425854,-0.009070285595953465,17.726604461669922
460,0.46046045422554016,57.68900680541992,-0.0003562822239473462,-0.009419381618499756,18.579559326171875
461,0.46146145462989807,57.73795700073242,-0.0003492899122647941,-0.00981494877487421,19.612829208374023
462,0.462462455034256,57.786949157714844,-0.0003564284706953913,-0.009087485261261463,17.49959945678711
463,0.4634634554386139,57.83598327636719,-0.0003455589176155627,-0.009698264300823212,19.237110137939453
464,0.4644644558429718,57.88505554199219,-0.00034478772431612015,-0.009449055418372154,18.52016830444336
465,0.4654654562473297,57.934165954589844,-0.0003333831555210054,-0.01010579988360405,20.48891258239746
466,0.4664664566516876,57.98332977294922,-0.0003339918330311775,-0.010034652426838875,20.319719314575195
467,0.46746745705604553,58.03252410888672,-0.0003428295603953302,-0.009416175074875355,18.574697494506836
468,0.46846845746040344,58.08176803588867,-0.00034322409192100167,-0.009603944607079029,19.20398712158203
469,0.46946945786476135,58.131046295166016,-0.0003540215839166194,-0.008774909190833569,16.87622833251953
470,0.47047045826911926,58.18037414550781,-0.0003608918923418969,-0.007732473313808441,13.996159553527832
471,0.4714714586734772,58.229740142822266,-0.00035817877505905926,-0.006736743729561567,11.196459770202637
472,0.4724724590778351,58.27914810180664,-0.0003525765787344426,-0.006316983141005039,9.898458480834961
473,0.473473459482193,58.32859802246094,-0.0003449355426710099,-0.0056627728044986725,7.942444801330566
474,0.4744744598865509,58.37809371948242,-0.0003434611717239022,-0.00540612218901515,7.266963958740234
475,0.4754754602909088,58.42762756347656,-0.00033960258588194847,-0.004510044120252132,4.760446548461914
476,0.4764764606952667,58.47719955444336,-0.000346513872500509,-0.004775306675583124,5.651236057281494
477,0.47747746109962463,58.52682113647461,-0.0003519668825902045,-0.004296818282455206,4.338420867919922
478,0.47847846150398254,58.57647705078125,-0.00035538067459128797,-0.0049882810562849045,6.301270008087158
479,0.47947946190834045,58.626182556152344,-0.00035545541322790086,-0.004630254115909338,5.265558242797852
480,0.48048046231269836,58.675926208496094,-0.0003519979363773018,-0.004762113094329834,5.780447006225586
481,0.4814814627170563,58.725711822509766,-0.000346231710864231,-0.0057428074069321156,8.799982070922852
482,0.4824824631214142,58.775543212890625,-0.00035094047780148685,-0.005322158802300692,7.805778503417969
483,0.4834834635257721,58.82541275024414,-0.000352440431015566,-0.00510706240311265,7.345025062561035
484,0.48448446393013,58.875328063964844,-0.0003524075145833194,-0.00499222194775939,7.094252586364746
485,0.4854854643344879,58.92528533935547,-0.00035524327540770173,-0.004386920481920242,5.414061546325684
486,0.4864864647388458,58.97528076171875,-0.0003524215135257691,-0.005019007716327906,7.341466426849365
487,0.4874874949455261,59.025325775146484,-0.00035678985295817256,-0.0051735020242631435,8.00271987915039
488,0.48848849534988403,59.07540512084961,-0.00035813741851598024,-0.0050084032118320465,7.700044631958008
489,0.48948949575424194,59.12553024291992,-0.00035558996023610234,-0.004288648720830679,5.804901123046875
490,0.49049049615859985,59.17570114135742,-0.00036509326309897006,-0.002898647217079997,2.0143847465515137
491,0.49149149656295776,59.22591781616211,-0.0003556900774128735,-0.003648853860795498,4.1429643630981445
492,0.4924924969673157,59.27616500854492,-0.00035807874519377947,-0.003446294227614999,3.532627582550049
493,0.4934934973716736,59.32646560668945,-0.00035740152816288173,-0.0039911894127726555,4.955254554748535
494,0.4944944977760315,59.376800537109375,-0.0003580068005248904,-0.003964846022427082,4.725693225860596
495,0.4954954981803894,59.427181243896484,-0.00036034980439580977,-0.0035715203266590834,3.4535679817199707
496,0.4964964985847473,59.47761154174805,-0.00035604313598014414,-0.004306890070438385,5.321079730987549
497,0.4974974989891052,59.528072357177734,-0.00035738691803999245,-0.004484339617192745,5.712486267089844
498,0.49849849939346313,59.57858657836914,-0.0003588264517020434,-0.004280763678252697,5.077477931976318
499,0.49949949979782104,59.62913513183594,-0.0003569464897736907,-0.004417398013174534,5.364673614501953
500,0.500500500202179,59.67972946166992,-0.0003538202145136893,-0.0051679452881217,7.438474655151367
501,0.5015015006065369,59.73036575317383,-0.00035474984906613827,-0.004275318700820208,4.879373073577881
502,0.5025025010108948,59.78105163574219,-0.0003578498726710677,-0.003908577375113964,3.806196928024292
503,0.5035035014152527,59.83177947998047,-0.0003592840803321451,-0.0037957816384732723,3.483443260192871
504,0.5045045018196106,59.88254165649414,-0.000357276905560866,-0.0037933564744889736,3.5336265563964844
505,0.5055055022239685,59.93335723876953,-0.00038485563709400594,-0.0021761476527899504,-0.7384823560714722
506,0.5065065026283264,59.98421096801758,-0.0003832578076981008,-0.002156140049919486,-0.684689998626709
507,0.5075075030326843,60.03510665893555,-0.00036049680784344673,-0.0031857953872531652,2.2305924892425537
508,0.5085085034370422,60.08604431152344,-0.0003772312484215945,-0.0021532962564378977,-0.35844460129737854
509,0.5095095038414001,60.13703155517578,-0.0003763243730645627,-0.002122466918081045,-0.3419947624206543
510,0.5105105042457581,60.18806076049805,-0.0003596603637561202,-0.0030165831558406353,2.1059045791625977
511,0.511511504650116,60.2391242980957,-0.0003658293280750513,-0.0025570441503077745,0.8914227485656738
512,0.5125125050544739,60.29024124145508,-0.0003687047865241766,-0.002301373751834035,0.19189205765724182
513,0.5135135054588318,60.341392517089844,-0.0003681228554341942,-0.00215967302210629,-0.12607616186141968
514,0.5145145058631897,60.39259719848633,-0.0003607044054660946,-0.0024385612923651934,0.704545259475708
515,0.5155155062675476,60.44384002685547,-0.0003480377490632236,-0.0035093126352876425,3.765714645385742
516,0.5165165066719055,60.495121002197266,-0.0003572093846742064,-0.0026066184509545565,1.3105794191360474
517,0.5175175070762634,60.54645538330078,-0.00037110300036147237,-0.0015595954610034823,-1.4316478967666626
518,0.5185185074806213,60.59783172607422,-0.0003724549023900181,-0.0014390567084774375,-1.6366571187973022
519,0.5195195078849792,60.64924621582031,-0.00037169642746448517,-0.001449632691219449,-1.4977357387542725
520,0.5205205082893372,60.700706481933594,-0.00037059056921862066,-0.0015057609416544437,-1.238794207572937
521,0.5215215086936951,60.75221252441406,-0.0003707426367327571,-0.0015017703408375382,-1.205013632774353
522,0.522522509098053,60.80376434326172,-0.0003707751748152077,-0.0015577527228742838,-1.0685197114944458
523,0.5235235095024109,60.85535430908203,-0.0003721610992215574,-0.001503292005509138,-1.2352190017700195
524,0.5245245099067688,60.90699005126953,-0.00037663953844457865,-0.001136845676228404,-2.2437503337860107
525,0.5255255103111267,60.95866775512695,-0.00036371737951412797,-0.002511535305529833,1.4198119640350342
526,0.5265265107154846,61.01039123535156,-0.0003594303852878511,-0.0033288842532783747,3.599407196044922
527,0.5275275111198425,61.06216049194336,-0.0003590343112591654,-0.0033312365412712097,3.5209972858428955
528,0.5285285115242004,61.11397171020508,-0.0003579984186217189,-0.0035458605270832777,4.040654182434082
529,0.5295295119285583,61.165828704833984,-0.00035891809966415167,-0.0043708523735404015,6.261329174041748
530,0.5305305123329163,61.21773147583008,-0.0003600992786232382,-0.004976537544280291,7.935870170593262
531,0.5315315127372742,61.26966857910156,-0.0003552963025867939,-0.004644039086997509,7.072694778442383
532,0.5325325131416321,61.3216552734375,-0.00035231601214036345,-0.0046074907295405865,7.0497918128967285
533,0.53353351354599,61.373695373535156,-0.0003536058065947145,-0.005127990152686834,8.61205005645752
534,0.5345345139503479,61.4257698059082,-0.00035391986602917314,-0.005395029205828905,9.419703483581543
535,0.5355355143547058,61.47788619995117,-0.000359049707185477,-0.006586761213839054,12.883309364318848
536,0.5365365147590637,61.530052185058594,-0.00036026869202032685,-0.006958641577512026,14.014204025268555
537,0.5375375151634216,61.5822639465332,-0.00036318955244496465,-0.007165526505559683,14.670764923095703
538,0.5385385155677795,61.63451385498047,-0.0003646919212769717,-0.007479890715330839,15.633777618408203
539,0.5395395755767822,61.68681716918945,-0.0003555483417585492,-0.0086603332310915,18.937841415405273
540,0.5405405759811401,61.73915481567383,-0.0003551558475010097,-0.008642164058983326,18.86394500732422
541,0.541541576385498,61.791542053222656,-0.0003628328558988869,-0.007830292917788029,16.610055923461914
542,0.542542576789856,61.843971252441406,-0.00035254325484856963,-0.008935419842600822,19.72696876525879
543,0.5435435771942139,61.89645004272461,-0.00035647384356707335,-0.008718244731426239,19.143762588500977
544,0.5445445775985718,61.94896697998047,-0.000350237445672974,-0.00932597927749157,20.864532470703125
545,0.5455455780029297,62.001529693603516,-0.00033644819632172585,-0.010622694157063961,24.654813766479492
546,0.5465465784072876,62.05413818359375,-0.0003505200438667089,-0.009494705125689507,21.352846145629883
547,0.5475475788116455,62.10679244995117,-0.00035015365574508905,-0.009743168018758297,22.074539184570312
548,0.5485485792160034,62.159488677978516,-0.00036229658871889114,-0.008673900738358498,19.089000701904297
549,0.5495495796203613,62.21223068237305,-0.00035647189361043274,-0.009472263045608997,21.304065704345703
550,0.5505505800247192,62.26502227783203,-0.00035976001527160406,-0.009295567870140076,20.817214965820312
551,0.5515515804290771,62.31785202026367,-0.00036392960464581847,-0.009038683958351612,20.1389217376709
552,0.5525525808334351,62.3707275390625,-0.00036431063199415803,-0.009309048764407635,20.9515438079834
553,0.553553581237793,62.42365264892578,-0.0003675573389045894,-0.009068221785128117,20.439666748046875
554,0.5545545816421509,62.476619720458984,-0.000374464230844751,-0.0074112387374043465,16.096694946289062
555,0.5555555820465088,62.52962875366211,-0.00037157515180297196,-0.006136761512607336,12.759868621826172
556,0.5565565824508667,62.58268737792969,-0.0003700157976709306,-0.005779227241873741,11.82278060913086
557,0.5575575828552246,62.63578796386719,-0.0003683009999804199,-0.005530921276658773,11.116833686828613
558,0.5585585832595825,62.688934326171875,-0.00037125818198546767,-0.006236786022782326,12.97313117980957
559,0.5595595836639404,62.74212646484375,-0.00035920145455747843,-0.00813551526516676,18.091411590576172
560,0.5605605840682983,62.79536437988281,-0.00036056790850125253,-0.007354247383773327,15.83405876159668
561,0.5615615844726562,62.8486442565918,-0.0003594061126932502,-0.00633263261988759,12.962788581848145
562,0.5625625848770142,62.901973724365234,-0.0003510603855829686,-0.005236086435616016,9.878046035766602
563,0.5635635852813721,62.955345153808594,-0.00034980045165866613,-0.005340465344488621,10.261682510375977
564,0.56456458568573,63.008766174316406,-0.00034248389420099556,-0.004736872389912605,8.584359169006348
565,0.5655655860900879,63.062225341796875,-0.00034433050313964486,-0.00494161294773221,9.275649070739746
566,0.5665665864944458,63.11573791503906,-0.00034576328471302986,-0.005018885247409344,9.669112205505371
567,0.5675675868988037,63.16929244995117,-0.00033676408929750323,-0.004265209659934044,7.661908149719238
568,0.5685685873031616,63.2228889465332,-0.0003386660828255117,-0.004320408217608929,8.023290634155273
569,0.5695695877075195,63.27653503417969,-0.00034033038537018,-0.004229357466101646,7.840475082397461
570,0.5705705881118774,63.33022689819336,-0.0003476461861282587,-0.00452147563919425,8.66982364654541
571,0.5715715885162354,63.38396072387695,-0.00034829165088012815,-0.004132817033678293,7.471375942230225
572,0.5725725889205933,63.437744140625,-0.0003492652322165668,-0.00372231169603765,6.248523712158203
573,0.5735735893249512,63.4915657043457,-0.000351381313521415,-0.0036216347943991423,5.912167549133301
574,0.5745745897293091,63.545440673828125,-0.00035591103369370103,-0.004507740959525108,8.298311233520508
575,0.575575590133667,63.599361419677734,-0.0003531840047799051,-0.0034728706814348698,5.262535572052002
576,0.5765765905380249,63.65332794189453,-0.000361726270057261,-0.0022014323621988297,1.633573055267334
577,0.5775775909423828,63.707332611083984,-0.00034832992241717875,-0.004382983781397343,7.754876136779785
578,0.5785785913467407,63.761390686035156,-0.0003499968443065882,-0.0035678076092153788,5.386950492858887
579,0.5795795917510986,63.815494537353516,-0.000347966852132231,-0.0036560569424182177,5.656729221343994
580,0.5805805921554565,63.8696403503418,-0.00034187172423116863,-0.0049360631965100765,9.4468412399292
581,0.5815815925598145,63.92383575439453,-0.0003430088108871132,-0.00458564655855298,8.505234718322754
582,0.5825825929641724,63.97807693481445,-0.00034490495454519987,-0.0049493382684886456,9.706598281860352
583,0.5835835933685303,64.03236389160156,-0.0003490238159429282,-0.005611809901893139,11.715877532958984
584,0.5845845937728882,64.0866928100586,-0.000352972507243976,-0.006000303663313389,12.839476585388184
585,0.5855855941772461,64.14107513427734,-0.0003561593475751579,-0.006059077102690935,12.95751953125
586,0.586586594581604,64.19549560546875,-0.00035745112108998,-0.006234264466911554,13.40446949005127
587,0.5875875949859619,64.24996948242188,-0.0003563781501725316,-0.006591769400984049,14.417860984802246
588,0.5885885953903198,64.30448150634766,-0.00035274174297228456,-0.007077823858708143,15.843116760253906
589,0.5895895957946777,64.35903930664062,-0.0003493654076009989,-0.007007668726146221,15.738224983215332
590,0.5905905961990356,64.41365814208984,-0.000345014501363039,-0.0056140851229429245,11.807703018188477
591,0.5915915966033936,64.46830749511719,-0.0003412242513149977,-0.0056529901921749115,11.951436996459961
592,0.5925925970077515,64.52301025390625,-0.00033410306787118316,-0.0039857435040175915,7.094062805175781
593,0.5935935974121094,64.5777587890625,-0.00033839757088571787,-0.0027884915471076965,3.673316478729248
594,0.5945945978164673,64.63255310058594,-0.00033271784195676446,-0.00320843025110662,5.027279376983643
595,0.5955955982208252,64.68739318847656,-0.00033180415630340576,-0.0034073088318109512,5.686349391937256
596,0.5965965986251831,64.74227905273438,-0.00034264795249328017,-0.002417435171082616,2.767977714538574
597,0.597597599029541,64.7972183227539,-0.0003484932240098715,-0.00196346128359437,1.4859280586242676
598,0.5985985994338989,64.8521957397461,-0.00033453316427767277,-0.002764464123174548,3.8363287448883057
599,0.5995995998382568,64.9072265625,-0.0003312822664156556,-0.002432629931718111,2.775452136993408
600,0.6006006002426147,64.96229553222656,-0.00032271858071908355,-0.0028303160797804594,3.9403316974639893
601,0.6016016006469727,65.01741790771484,-0.0003203912347089499,-0.0035304119810462,6.005314826965332
602,0.6026026010513306,65.07258605957031,-0.0003342163981869817,-0.002543046837672591,2.8150792121887207
603,0.6036036014556885,65.12779998779297,-0.00033260072814300656,-0.0030105425976216793,4.13007926940918
604,0.6046046018600464,65.18305969238281,-0.0003412970690988004,-0.002603420987725258,2.9014389514923096
605,0.6056056022644043,65.23836517333984,-0.00034542681532911956,-0.0023110986221581697,2.1178059577941895
606,0.6066066026687622,65.2937240600586,-0.00035897790803574026,-0.0011729196412488818,-1.0661051273345947
607,0.6076076030731201,65.34912872314453,-0.0003447411290835589,-0.002014209982007742,1.3616259098052979
608,0.608608603477478,65.40457916259766,-0.0003333274507895112,-0.002980639459565282,4.254249572753906
609,0.6096096038818359,65.46007537841797,-0.00033058837288990617,-0.0034984119702130556,5.875856399536133
610,0.6106106042861938,65.51561737060547,-0.0003319956886116415,-0.004314052872359753,8.442184448242188
611,0.6116116046905518,65.57120513916016,-0.00032735354034230113,-0.0036840324755758047,6.680412292480469
612,0.6126126050949097,65.62684631347656,-0.0003262665122747421,-0.004037157166749239,7.905806064605713
613,0.6136136054992676,65.68252563476562,-0.000325719709508121,-0.004394704010337591,9.107263565063477
614,0.6146146059036255,65.7382583618164,-0.00032547215232625604,-0.004720513243228197,10.157644271850586
615,0.6156156063079834,65.79403686523438,-0.0003221365041099489,-0.004572122357785702,9.718527793884277
616,0.6166166067123413,65.84986877441406,-0.000318833626806736,-0.004176441114395857,8.452288627624512
617,0.6176176071166992,65.9057388305664,-0.0003206979017704725,-0.002555767772719264,3.2998151779174805
618,0.6186186075210571,65.96166229248047,-0.00031836811103858054,-0.0036051259376108646,6.600865840911865
619,0.619619607925415,66.01763153076172,-0.00032080424716696143,-0.003794776275753975,7.21368408203125
620,0.620620608329773,66.07364654541016,-0.0003205066896043718,-0.00310767930932343,5.077600002288818
621,0.6216216087341309,66.12971496582031,-0.00032055433257482946,-0.0032756179571151733,5.619501113891602
622,0.6226226091384888,66.18582916259766,-0.00032124941935762763,-0.003677329747006297,6.884845733642578
623,0.6236236095428467,66.24198150634766,-0.00031909323297441006,-0.003487637499347329,6.323558330535889
624,0.6246246099472046,66.29818725585938,-0.00031815131660550833,-0.003675668966025114,6.99183464050293
625,0.6256256103515625,66.35443878173828,-0.000323037791531533,-0.004725203383713961,10.378060340881348
626,0.6266266107559204,66.4107437133789,-0.00031780387507751584,-0.004332543350756168,9.227827072143555
627,0.6276276111602783,66.46709442138672,-0.00031338611734099686,-0.0029011229053139687,4.736781120300293
628,0.6286286115646362,66.52349090576172,-0.00031831799424253404,-0.002082482213154435,2.1780753135681152
629,0.6296296119689941,66.57994079589844,-0.0003217734629288316,-0.0017759529873728752,1.2991628646850586
630,0.630630612373352,66.63642883300781,-0.000320170889608562,-0.00193446921184659,1.8977340459823608
631,0.63163161277771,66.6929702758789,-0.00033197898301295936,-0.0011151815997436643,-0.5210553407669067
632,0.6326326131820679,66.74955749511719,-0.0003298250085208565,-0.0013164535630494356,0.17003321647644043
633,0.6336336135864258,66.80619812011719,-0.0003386070020496845,-0.0006746460567228496,-1.6915332078933716
634,0.6346346139907837,66.86288452148438,-0.0003437623381614685,-0.0003201301151420921,-2.737826347351074
635,0.6356356143951416,66.91961669921875,-0.0003327795129735023,-0.0013385852798819542,0.2168571949005127
636,0.6366366147994995,66.97640228271484,-0.0003267049905844033,-0.00242467294447124,3.4450745582580566
637,0.6376376152038574,67.0332260131836,-0.0003270555753260851,-0.0032377352472394705,5.821617126464844
638,0.6386386156082153,67.0901107788086,-0.000328993599396199,-0.004013244062662125,8.060515403747559
639,0.6396396160125732,67.14703369140625,-0.00032285129418596625,-0.0027931234799325466,4.21382999420166
640,0.6406406164169312,67.20401000976562,-0.00032507756259292364,-0.001691782963462174,0.7224779725074768
641,0.6416416764259338,67.26103210449219,-0.00032921272213570774,-0.0011641111923381686,-0.9387111067771912
642,0.6426426768302917,67.31810760498047,-0.0003223929670639336,-0.0016340598231181502,0.5449716448783875
643,0.6436436772346497,67.37522888183594,-0.0003248490102123469,-0.001312187872827053,-0.30252742767333984
644,0.6446446776390076,67.4323959350586,-0.0003460132866166532,0.0001771527313394472,-4.549954414367676
645,0.6456456780433655,67.48960876464844,-0.0003300490789115429,-0.0007677054381929338,-1.540626049041748
646,0.6466466784477234,67.546875,-0.0003148150281049311,-0.0020305123180150986,2.5473036766052246
647,0.6476476788520813,67.60418701171875,-0.0003159435582347214,-0.0017218902939930558,1.6693079471588135
648,0.6486486792564392,67.66155242919922,-0.00032452051527798176,-0.0008062422275543213,-1.1452205181121826
649,0.6496496796607971,67.71896362304688,-0.0003116429434157908,-0.0016973390011116862,1.6457443237304688
650,0.650650680065155,67.77642822265625,-0.0003244650433771312,-0.0005500963889062405,-2.0144901275634766
651,0.6516516804695129,67.83393859863281,-0.00031362223671749234,-0.0011829673312604427,-0.18240121006965637
652,0.6526526808738708,67.89148712158203,-0.00031238532392308116,-0.001180004677735269,-0.40524137020111084
653,0.6536536812782288,67.9490966796875,-0.0003171307616867125,-0.0008682857151143253,-1.5928517580032349
654,0.6546546816825867,68.00675201416016,-0.00031653663609176874,-0.0008873374899849296,-1.624014139175415
655,0.6556556820869446,68.064453125,-0.00032237113919109106,-0.0005671287653967738,-2.521491527557373
656,0.6566566824913025,68.1222152709961,-0.00031669079908169806,-0.0009443197632208467,-1.2235124111175537
657,0.6576576828956604,68.18000793457031,-0.00031657691579312086,-0.0009870855137705803,-0.9444975852966309
658,0.6586586833000183,68.23786163330078,-0.000316659570671618,-0.001011864747852087,-0.7026399374008179
659,0.6596596837043762,68.29576110839844,-0.00030925965984351933,-0.0016377294668927789,1.4827383756637573
660,0.6606606841087341,68.35371398925781,-0.00030978830181993544,-0.0016005190555006266,1.5688929557800293
661,0.661661684513092,68.41171264648438,-0.00030592677649110556,-0.0022366838529706,3.877469539642334
662,0.66266268491745,68.46975708007812,-0.0003085983626078814,-0.0016607672441750765,2.1913082599639893
663,0.6636636853218079,68.5278549194336,-0.00030636461451649666,-0.0018391608027741313,2.8993372917175293
664,0.6646646857261658,68.58599853515625,-0.0003039947187062353,-0.002162944758310914,4.011198997497559
665,0.6656656861305237,68.64419555664062,-0.00030343906837515533,-0.0023041607346385717,4.441147804260254
666,0.6666666865348816,68.70243835449219,-0.0003033766697626561,-0.003082490526139736,6.900701999664307
667,0.6676676869392395,68.76073455810547,-0.0003057437716051936,-0.003649550024420023,8.627835273742676
668,0.6686686873435974,68.81907653808594,-0.0003048416110686958,-0.0035742302425205708,8.255765914916992
669,0.6696696877479553,68.87747192382812,-0.0003040931187570095,-0.003515515010803938,7.949708938598633
670,0.6706706881523132,68.9359130859375,-0.0003022063756361604,-0.00281356880441308,5.54073429107666
671,0.6716716885566711,68.9944076538086,-0.00030601120670326054,-0.0019060103222727776,2.4893863201141357
672,0.672672688961029,69.05294799804688,-0.00029966566944494843,-0.002433831337839365,4.170100688934326
673,0.673673689365387,69.11154174804688,-0.0002971458015963435,-0.0023105319123715162,3.6884336471557617
674,0.6746746897697449,69.17018127441406,-0.0002927640452980995,-0.0035294194240123034,7.826117992401123
675,0.6756756901741028,69.22887420654297,-0.00028946195379830897,-0.0035948501899838448,8.139178276062012
676,0.6766766905784607,69.2876205444336,-0.00029324990464374423,-0.004539395682513714,11.529037475585938
677,0.6776776909828186,69.34640502929688,-0.0002923805150203407,-0.004753825720399618,12.388455390930176
678,0.6786786913871765,69.4052505493164,-0.00028887129155918956,-0.004518989007920027,11.686674118041992
679,0.6796796917915344,69.4641342163086,-0.00029999951948411763,-0.005575580056756735,15.382200241088867
680,0.6806806921958923,69.52307891845703,-0.00030117930145934224,-0.005591411609202623,15.47335433959961
681,0.6816816926002502,69.58206939697266,-0.0002990642096847296,-0.005161084700375795,14.011897087097168
682,0.6826826930046082,69.64111328125,-0.0003008563071489334,-0.005164359696209431,13.9794921875
683,0.6836836934089661,69.7001953125,-0.0003065289929509163,-0.006856957916170359,19.425125122070312
684,0.684684693813324,69.75934600830078,-0.00030452903592959046,-0.007452924270182848,21.21541976928711
685,0.6856856942176819,69.81852722167969,-0.0003035027766600251,-0.00768269132822752,21.78839683532715
686,0.6866866946220398,69.87776947021484,-0.00029672120581381023,-0.00889504887163639,25.659799575805664
687,0.6876876950263977,69.93706512451172,-0.0003014439716935158,-0.008516566827893257,24.301292419433594
688,0.6886886954307556,69.99640655517578,-0.00030343476100824773,-0.008562999777495861,24.454376220703125
689,0.6896896958351135,70.05580139160156,-0.0003052976680919528,-0.008582480251789093,24.673532485961914
690,0.6906906962394714,70.11524200439453,-0.00030590902315452695,-0.008779339492321014,25.60081672668457
691,0.6916916966438293,70.17473602294922,-0.0003069463709834963,-0.0084353256970644,24.730886459350586
692,0.6926926970481873,70.23428344726562,-0.00030685123056173325,-0.008123047649860382,23.878376007080078
693,0.6936936974525452,70.29387664794922,-0.0003048265934921801,-0.006811406929045916,19.66299057006836
694,0.6946946978569031,70.353515625,-0.0003037930582650006,-0.006663759239017963,19.11989402770996
695,0.695695698261261,70.41321563720703,-0.0003004491445608437,-0.008365713991224766,24.754770278930664
696,0.6966966986656189,70.47296142578125,-0.0002991390065290034,-0.0077596912160515785,22.878538131713867
697,0.6976976990699768,70.53276062011719,-0.00029581773560494184,-0.008590200915932655,25.77354621887207
698,0.6986986994743347,70.59259796142578,-0.0002948403707705438,-0.00876378919929266,26.478485107421875
699,0.6996996998786926,70.65249633789062,-0.000294394267257303,-0.00766667490825057,22.845510482788086
700,0.7007007002830505,70.71244812011719,-0.0002937737153843045,-0.00822711642831564,24.75787353515625
701,0.7017017006874084,70.77244567871094,-0.00029482890386134386,-0.00939778983592987,28.688465118408203
702,0.7027027010917664,70.83250427246094,-0.00029523856937885284,-0.008754200302064419,26.379886627197266
703,0.7037037014961243,70.8926010131836,-0.0002958079567179084,-0.008442169055342674,25.212127685546875
704,0.7047047019004822,70.95275115966797,-0.0002959450939670205,-0.0074048335663974285,21.690622329711914
705,0.7057057023048401,71.0129623413086,-0.0002973101509269327,-0.0074575659818947315,21.95339584350586
706,0.706706702709198,71.07321166992188,-0.0002974595408886671,-0.00649423711001873,18.863000869750977
707,0.7077077031135559,71.1335220336914,-0.0002989812637679279,-0.006508690770715475,19.086076736450195
708,0.7087087035179138,71.19387817382812,-0.00029972806805744767,-0.007176459766924381,21.491561889648438
709,0.7097097039222717,71.25428771972656,-0.00029762068879790604,-0.008121294900774956,24.75506591796875
710,0.7107107043266296,71.31475067138672,-0.000298922648653388,-0.006488335784524679,19.294891357421875
711,0.7117117047309875,71.37525939941406,-0.00029783675563521683,-0.007576444651931524,22.896984100341797
712,0.7127127051353455,71.4358139038086,-0.00029720249585807323,-0.007628245744854212,23.08839225769043
713,0.7137137055397034,71.4964370727539,-0.00029869930585846305,-0.006898556835949421,20.72522735595703
714,0.7147147059440613,71.55709838867188,-0.0002981812576763332,-0.007206555921584368,21.774885177612305
715,0.7157157063484192,71.61781311035156,-0.000296895916108042,-0.007825291715562344,23.780738830566406
716,0.7167167067527771,71.67858123779297,-0.00029323092894628644,-0.008766385726630688,26.87734603881836
717,0.717717707157135,71.7394027709961,-0.0002918611862696707,-0.009078433737158775,27.81556510925293
718,0.7187187075614929,71.8002700805664,-0.00029436667682603,-0.00869628507643938,26.34943389892578
719,0.7197197079658508,71.86119842529297,-0.0002949349000118673,-0.008894027210772038,26.80605125427246
720,0.7207207083702087,71.92217254638672,-0.00030197290470823646,-0.007518866565078497,22.05582618713379
721,0.7217217087745667,71.98320007324219,-0.00030041811987757683,-0.008112180978059769,23.982690811157227
722,0.7227227091789246,72.04427337646484,-0.00030023837462067604,-0.007713256403803825,22.613075256347656
723,0.7237237095832825,72.10540771484375,-0.00029557530069723725,-0.008892877027392387,26.548095703125
724,0.7247247099876404,72.16658782958984,-0.00029283034382387996,-0.009104450233280659,27.306182861328125
725,0.7257257103919983,72.22782135009766,-0.0002881076361518353,-0.01029996294528246,31.53072738647461
726,0.7267267107963562,72.28910827636719,-0.00028493173886090517,-0.01131857093423605,35.26288604736328
727,0.7277277112007141,72.3504409790039,-0.0002838167711161077,-0.01095578819513321,34.139915466308594
728,0.728728711605072,72.41183471679688,-0.00028185281553305686,-0.01092945970594883,34.18095397949219
729,0.7297297120094299,72.47327423095703,-0.0002798174100462347,-0.01085692923516035,34.0511474609375
730,0.7307307124137878,72.53477478027344,-0.0002776222536340356,-0.011498376727104187,36.439754486083984
731,0.7317317128181458,72.59632110595703,-0.0002773547312244773,-0.012244087643921375,39.14852523803711
732,0.7327327132225037,72.65791320800781,-0.0002776811015792191,-0.01207598578184843,38.54076385498047
733,0.7337337136268616,72.71956634521484,-0.0002798665373120457,-0.011758319102227688,37.44315719604492
734,0.7347347140312195,72.78126525878906,-0.00028386179474182427,-0.011396655812859535,36.23362350463867
735,0.7357357144355774,72.84302520751953,-0.00028914472204633057,-0.010866432450711727,34.47639846801758
736,0.7367367148399353,72.90483093261719,-0.00029276841087266803,-0.01091611199080944,34.80012893676758
737,0.7377377152442932,72.96669006347656,-0.0002960775454994291,-0.010733838193118572,34.27996063232422
738,0.7387387156486511,73.02860260009766,-0.00029700167942792177,-0.010811510495841503,34.676448822021484
739,0.739739716053009,73.09056854248047,-0.0002976051764562726,-0.010245396755635738,32.89643096923828
740,0.7407407164573669,73.152587890625,-0.0002969058114103973,-0.010302538052201271,33.25560760498047
741,0.7417417168617249,73.21465301513672,-0.000296037585940212,-0.010033607482910156,32.48887634277344
742,0.7427427172660828,73.27677917480469,-0.00029455352341756225,-0.009564416483044624,30.982173919677734
743,0.7437437772750854,73.33895874023438,-0.00029230021755211055,-0.009357571601867676,30.357315063476562
744,0.7447447776794434,73.40119171142578,-0.0002897446393035352,-0.009862110018730164,32.14106369018555
745,0.7457457780838013,73.46347045898438,-0.0002886334841605276,-0.009629770182073116,31.412504196166992
746,0.7467467784881592,73.52580261230469,-0.0002847174764610827,-0.010944913141429424,36.057464599609375
747,0.7477477788925171,73.58819580078125,-0.00028563011437654495,-0.010557618923485279,34.721923828125
748,0.748748779296875,73.65062713623047,-0.000284650013782084,-0.010870645754039288,35.791114807128906
749,0.7497497797012329,73.71311950683594,-0.00028742424910888076,-0.01002421136945486,32.727291107177734
750,0.7507507801055908,73.77567291259766,-0.0002847585710696876,-0.011002547107636929,35.947879791259766
751,0.7517517805099487,73.83826446533203,-0.00028681947151198983,-0.01046481728553772,33.800025939941406
752,0.7527527809143066,73.90092468261719,-0.00028742803260684013,-0.010239582508802414,32.730918884277344
753,0.7537537813186646,73.963623046875,-0.00028398045105859637,-0.011007266119122505,35.188377380371094
754,0.7547547817230225,74.02638244628906,-0.00028219743398949504,-0.011061259545385838,35.342041015625
755,0.7557557821273804,74.08919525146484,-0.00027539991424418986,-0.012367131188511848,40.18172836303711
756,0.7567567825317383,74.15206146240234,-0.0002711289853323251,-0.01331466156989336,43.91644287109375
757,0.7577577829360962,74.21498107910156,-0.0002704714715946466,-0.012872987426817417,42.59927749633789
758,0.7587587833404541,74.2779541015625,-0.0002691934350878,-0.013361761346459389,44.71730041503906
759,0.759759783744812,74.34097290039062,-0.0002698300522752106,-0.013931493274867535,47.112144470214844
760,0.7607607841491699,74.404052734375,-0.0002695328730624169,-0.01337726041674614,45.267433166503906
761,0.7617617845535278,74.4671859741211,-0.00026928650913760066,-0.012597906403243542,42.52663040161133
762,0.7627627849578857,74.53038024902344,-0.00027008462348021567,-0.012490110471844673,42.211181640625
763,0.7637637853622437,74.59361267089844,-0.0002728991094045341,-0.011808973737061024,39.76240539550781
764,0.7647647857666016,74.65690612792969,-0.0002725270460359752,-0.012664961628615856,42.936336517333984
765,0.7657657861709595,74.72025299072266,-0.00026959271053783596,-0.014276623725891113,48.894893646240234
766,0.7667667865753174,74.78365325927734,-0.0002724221849348396,-0.01358238235116005,46.322025299072266
767,0.7677677869796753,74.84710693359375,-0.0002745969104580581,-0.01346354465931654,45.86860656738281
768,0.7687687873840332,74.91061401367188,-0.00027651904383674264,-0.013325943611562252,45.37901306152344
769,0.7697697877883911,74.97418212890625,-0.0002807450946420431,-0.012299198657274246,41.67708969116211
770,0.770770788192749,75.03779602050781,-0.0002797738998197019,-0.012210272252559662,41.290836334228516
771,0.7717717885971069,75.1014633178711,-0.00027840182883664966,-0.011940045282244682,40.20282745361328
772,0.7727727890014648,75.1651840209961,-0.000275651051197201,-0.012031838297843933,40.445194244384766
773,0.7737737894058228,75.22896575927734,-0.00027166056679561734,-0.012856229208409786,43.359493255615234
774,0.7747747898101807,75.29280090332031,-0.0002736047899816185,-0.011577197350561619,38.68415832519531
775,0.7757757902145386,75.35668182373047,-0.0002724840887822211,-0.011916765943169594,39.99125289916992
776,0.7767767906188965,75.42062377929688,-0.00027496920665726066,-0.010908706113696098,36.43059158325195
777,0.7777777910232544,75.484619140625,-0.0002762270160019398,-0.010459670796990395,34.96703338623047
778,0.7787787914276123,75.54866790771484,-0.0002756029716692865,-0.010669148527085781,35.97895812988281
779,0.7797797918319702,75.6127700805664,-0.0002747161779552698,-0.01118885912001133,38.05574035644531
780,0.7807807922363281,75.67693328857422,-0.0002762272779364139,-0.010683928616344929,36.40119552612305
781,0.781781792640686,75.74114227294922,-0.0002766204415820539,-0.010096690617501736,34.49222946166992
782,0.782782793045044,75.80540466308594,-0.0002764422679319978,-0.010381592437624931,35.69253158569336
783,0.7837837934494019,75.8697280883789,-0.000275284779490903,-0.008615219965577126,29.441497802734375
784,0.7847847938537598,75.9341049194336,-0.0002752417349256575,-0.009855267591774464,34.1154670715332
785,0.7857857942581177,75.99853515625,-0.00027380307437852025,-0.00897451862692833,31.04648208618164
786,0.7867867946624756,76.06301879882812,-0.000273688230663538,-0.009201094508171082,31.931711196899414
787,0.7877877950668335,76.1275634765625,-0.0002733852597884834,-0.009129645302891731,31.649696350097656
788,0.7887887954711914,76.19215393066406,-0.0002719159529078752,-0.007749129086732864,26.49978256225586
789,0.7897897958755493,76.25680541992188,-0.00027296828920952976,-0.008541855029761791,29.270437240600586
790,0.7907907962799072,76.3215103149414,-0.00027149281231686473,-0.007310559507459402,24.64531898498535
791,0.7917917966842651,76.38626861572266,-0.00027135421987622976,-0.007602134719491005,25.713815689086914
792,0.792792797088623,76.45108032226562,-0.00027058878913521767,-0.007648267783224583,25.91693878173828
793,0.793793797492981,76.51595306396484,-0.0002697957679629326,-0.008146671578288078,27.798490524291992
794,0.7947947978973389,76.58087921142578,-0.0002671334077604115,-0.0073419311083853245,24.864065170288086
795,0.7957957983016968,76.64585876464844,-0.0002647791407071054,-0.007271363865584135,24.681955337524414
796,0.7967967987060547,76.71089172363281,-0.0002615197154227644,-0.006865982431918383,23.217090606689453
797,0.7977977991104126,76.7759780883789,-0.00025958369951695204,-0.006964163854718208,23.68112564086914
798,0.7987987995147705,76.84112548828125,-0.0002569756761658937,-0.006887371186167002,23.507478713989258
799,0.7997997999191284,76.90632629394531,-0.0002571848453953862,-0.007632977329194546,26.559402465820312
800,0.8008008003234863,76.97157287597656,-0.0002544193703215569,-0.006931771524250507,23.934968948364258
801,0.8018018007278442,77.03689575195312,-0.00025222497060894966,-0.0057244207710027695,19.216739654541016
802,0.8028028011322021,77.10225677490234,-0.00025223364355042577,-0.006239388138055801,21.240440368652344
803,0.8038038015365601,77.16767883300781,-0.00025401875609532,-0.005135009530931711,16.811019897460938
804,0.804804801940918,77.233154296875,-0.00025427283253520727,-0.005292594898492098,17.36531639099121
805,0.8058058023452759,77.29869079589844,-0.000256804923992604,-0.004889047704637051,15.711202621459961
806,0.8068068027496338,77.36427307128906,-0.0002589463838376105,-0.004743000492453575,15.082623481750488
807,0.8078078031539917,77.42991638183594,-0.0002586976042948663,-0.005172939505428076,16.726520538330078
808,0.8088088035583496,77.49562072753906,-0.00026033344329334795,-0.005238858517259359,17.02631378173828
809,0.8098098039627075,77.56137084960938,-0.0002599159488454461,-0.005816767457872629,19.361854553222656
810,0.8108108043670654,77.62718963623047,-0.0002589331706985831,-0.0064394124783575535,21.91798973083496
811,0.8118118047714233,77.69306182861328,-0.0002573234960436821,-0.006792160216718912,23.44702911376953
812,0.8128128051757812,77.75897979736328,-0.00025965110398828983,-0.0058551267720758915,19.962886810302734
813,0.8138138055801392,77.82495880126953,-0.0002574515820015222,-0.006175624672323465,21.376089096069336
814,0.8148148059844971,77.8909912109375,-0.00025540508795529604,-0.006595529615879059,23.14748764038086
815,0.815815806388855,77.95708465576172,-0.0002551655634306371,-0.006154689006507397,21.50074005126953
816,0.8168168067932129,78.02323150634766,-0.00025505281519144773,-0.00527169369161129,18.124387741088867
817,0.8178178071975708,78.08943176269531,-0.0002538913977332413,-0.005009854678064585,17.21712875366211
818,0.8188188076019287,78.15569305419922,-0.00025304697919636965,-0.005570688750594854,19.588470458984375
819,0.8198198080062866,78.22200775146484,-0.00025351205840706825,-0.006609886884689331,23.879615783691406
820,0.8208208084106445,78.28837585449219,-0.0002546539471950382,-0.007544768042862415,27.673110961914062
821,0.8218218088150024,78.35481262207031,-0.00025607968564145267,-0.008045393042266369,29.689990997314453
822,0.8228228092193604,78.4212875366211,-0.00025779561838135123,-0.00882362388074398,32.727108001708984
823,0.8238238096237183,78.48783874511719,-0.00025884920614771545,-0.009543259628117085,35.527950286865234
824,0.8248248100280762,78.55442810058594,-0.00025909615214914083,-0.010104995220899582,37.70337677001953
825,0.8258258104324341,78.62108612060547,-0.00025886783259920776,-0.010495469905436039,39.24575424194336
826,0.826826810836792,78.68779754638672,-0.00025984778767451644,-0.010313518345355988,38.56440734863281
827,0.8278278112411499,78.75455474853516,-0.00026044907281175256,-0.010578365996479988,39.576778411865234
828,0.8288288116455078,78.82138061523438,-0.00025838721194304526,-0.011308226734399796,42.4660758972168
829,0.8298298120498657,78.88825988769531,-0.00025577633641660213,-0.011647540144622326,43.93729019165039
830,0.8308308124542236,78.9552001953125,-0.000253664591582492,-0.011759853921830654,44.50957107543945
831,0.8318318128585815,79.02220153808594,-0.00025254645152017474,-0.01163446344435215,44.10539627075195
832,0.8328328132629395,79.08924865722656,-0.0002486035809852183,-0.012127131223678589,46.1716194152832
833,0.8338338136672974,79.15635681152344,-0.00024524994660168886,-0.012452046386897564,47.60995864868164
834,0.8348348140716553,79.22352600097656,-0.00024442921858280897,-0.011918878182768822,45.54741668701172
835,0.8358358144760132,79.29074096679688,-0.00024475716054439545,-0.010910330340266228,41.59333038330078
836,0.8368368148803711,79.35801696777344,-0.00024091752129606903,-0.01118937972933054,42.824432373046875
837,0.837837815284729,79.42535400390625,-0.00023900100495666265,-0.011442511342465878,43.83013916015625
838,0.8388388156890869,79.49275207519531,-0.0002418526419205591,-0.01080587413161993,41.01754379272461
839,0.8398398160934448,79.56019592285156,-0.00024378031957894564,-0.010653665289282799,40.26860427856445
840,0.8408408164978027,79.62770080566406,-0.00024302565725520253,-0.011248951777815819,42.69145202636719
841,0.8418418169021606,79.69527435302734,-0.0002468715247232467,-0.010413363575935364,39.306983947753906
842,0.8428428173065186,79.76288604736328,-0.00024651328567415476,-0.010577966459095478,40.04641342163086
843,0.8438438177108765,79.83056640625,-0.00024357641814276576,-0.01136521715670824,43.3571891784668
844,0.8448448181152344,79.89830780029297,-0.00024396460503339767,-0.011040939949452877,42.138038635253906
845,0.8458458185195923,79.96610260009766,-0.0002470840117894113,-0.010042653419077396,38.15631103515625
846,0.846846878528595,80.0339584350586,-0.0002500804839655757,-0.00919839646667242,34.828956604003906
847,0.8478478789329529,80.10186004638672,-0.00024839042453095317,-0.009592907503247261,36.52268981933594
848,0.8488488793373108,80.16983032226562,-0.00025099364574998617,-0.008931858465075493,34.01913833618164
849,0.8498498797416687,80.23786163330078,-0.00025036654551513493,-0.009173239581286907,35.17559814453125
850,0.8508508801460266,80.30593872070312,-0.0002503222203813493,-0.009653805755078793,37.30324172973633
851,0.8518518805503845,80.37407684326172,-0.0002509696059860289,-0.010347569361329079,40.28765869140625
852,0.8528528809547424,80.44227600097656,-0.0002521376882214099,-0.010139650665223598,39.666561126708984
853,0.8538538813591003,80.51052856445312,-0.0002537112741265446,-0.010188939981162548,39.95235061645508
854,0.8548548817634583,80.57884216308594,-0.0002542916336096823,-0.009931664913892746,39.020042419433594
855,0.8558558821678162,80.647216796875,-0.00025414169067516923,-0.009608916938304901,37.8018913269043
856,0.8568568825721741,80.71565246582031,-0.000254366168519482,-0.009479986503720284,37.34541702270508
857,0.857857882976532,80.78413391113281,-0.0002562105655670166,-0.009943779557943344,39.15424728393555
858,0.8588588833808899,80.8526840209961,-0.0002535675885155797,-0.00934989470988512,36.8138542175293
859,0.8598598837852478,80.92127990722656,-0.00025370687944814563,-0.009622164070606232,37.860286712646484
860,0.8608608841896057,80.98995208740234,-0.000253071280894801,-0.009918310679495335,38.99618911743164
861,0.8618618845939636,81.05866241455078,-0.00025252829072996974,-0.010566869750618935,41.54779052734375
862,0.8628628849983215,81.12744903564453,-0.00025124396779574454,-0.010227464139461517,40.238365173339844
863,0.8638638854026794,81.19628143310547,-0.0002507139870431274,-0.010560590773820877,41.54133987426758
864,0.8648648858070374,81.26518249511719,-0.0002487779129296541,-0.011418316513299942,44.909156799316406
865,0.8658658862113953,81.3341293334961,-0.0002451757900416851,-0.012220588512718678,48.16055679321289
866,0.8668668866157532,81.40314483642578,-0.00024495270918123424,-0.011892059817910194,46.8918571472168
867,0.8678678870201111,81.47222137451172,-0.00024162925546988845,-0.0126690324395895,50.274131774902344
868,0.868868887424469,81.54134368896484,-0.00024016766110435128,-0.013078172691166401,52.24625778198242
869,0.8698698878288269,81.61053466796875,-0.00023994900402612984,-0.014179990626871586,57.298500061035156
870,0.8708708882331848,81.6797866821289,-0.00024010316701605916,-0.014592580497264862,59.53030014038086
871,0.8718718886375427,81.74909210205078,-0.00024014475638978183,-0.014953607693314552,61.55543899536133
872,0.8728728890419006,81.81845092773438,-0.00023918123042676598,-0.014916333369910717,61.649539947509766
873,0.8738738894462585,81.88787078857422,-0.00023791036801412702,-0.015049711801111698,62.0839958190918
874,0.8748748898506165,81.95735931396484,-0.00023721251636743546,-0.015615200623869896,64.09603118896484
875,0.8758758902549744,82.02690887451172,-0.00023558479733765125,-0.014631753787398338,59.54082489013672
876,0.8768768906593323,82.09650421142578,-0.00023517152294516563,-0.01418212614953518,57.217559814453125
877,0.8778778910636902,82.1661605834961,-0.000233569327974692,-0.015305234119296074,61.7752799987793
878,0.8788788914680481,82.23587799072266,-0.00023370314738713205,-0.016686972230672836,67.72425842285156
879,0.879879891872406,82.30565643310547,-0.00023505909484811127,-0.017642859369516373,72.10057830810547
880,0.8808808922767639,82.37548828125,-0.00023262339527718723,-0.016601862385869026,68.09648895263672
881,0.8818818926811218,82.44538116455078,-0.00023117309319786727,-0.016137346625328064,66.56539154052734
882,0.8828828930854797,82.51534271240234,-0.00023177645925898105,-0.01680833101272583,69.8382797241211
883,0.8838838934898376,82.58535766601562,-0.00023008712742011994,-0.015874234959483147,66.0298080444336
884,0.8848848938941956,82.65543365478516,-0.00023022916866466403,-0.01566775143146515,65.1915512084961
885,0.8858858942985535,82.72557067871094,-0.00023063598200678825,-0.015368481166660786,63.7983512878418
886,0.8868868947029114,82.7957534790039,-0.00023028539726510644,-0.015918705612421036,65.99264526367188
887,0.8878878951072693,82.86600494384766,-0.0002297793107572943,-0.01645524799823761,68.18212890625
888,0.8888888955116272,82.93631744384766,-0.00022925464145373553,-0.015681106597185135,64.83373260498047
889,0.8898898959159851,83.00669860839844,-0.0002284891961608082,-0.015716027468442917,65.06207275390625
890,0.890890896320343,83.0771255493164,-0.00022785115288570523,-0.015817811712622643,65.64199829101562
891,0.8918918967247009,83.14761352539062,-0.00022764677123632282,-0.015637967735528946,64.89274597167969
892,0.8928928971290588,83.21817016601562,-0.000228362696361728,-0.014761460945010185,61.07021713256836
893,0.8938938975334167,83.28878021240234,-0.0002289632975589484,-0.01417915616184473,58.56074905395508
894,0.8948948979377747,83.35945129394531,-0.00022783073654863983,-0.014295988716185093,59.14461135864258
895,0.8958958983421326,83.43018341064453,-0.00022718944819644094,-0.014327487908303738,59.345890045166016
896,0.8968968987464905,83.5009765625,-0.00022770192299503833,-0.013841827400028706,57.320281982421875
897,0.8978978991508484,83.57182312011719,-0.0002277552557643503,-0.01367127988487482,56.77629089355469
898,0.8988988995552063,83.64273071289062,-0.0002283373032696545,-0.013198905624449253,54.97004318237305
899,0.8998998999595642,83.71370697021484,-0.00022910798725206405,-0.012909996323287487,53.90688705444336
900,0.9009009003639221,83.78473663330078,-0.00022867634834256023,-0.013555995188653469,56.83343505859375
901,0.90190190076828,83.85582733154297,-0.00023020440130494535,-0.012784979306161404,53.59514236450195
902,0.9029029011726379,83.9269790649414,-0.00023036589846014977,-0.012962115928530693,54.53770065307617
903,0.9039039015769958,83.99818420410156,-0.00022967044787947088,-0.014181029051542282,60.0013313293457
904,0.9049049019813538,84.06946563720703,-0.00022916292073205113,-0.014199746772646904,60.199668884277344
905,0.9059059023857117,84.14079284667969,-0.00022834476840216666,-0.015453501604497433,65.72323608398438
906,0.9069069027900696,84.21219635009766,-0.00022779370192438364,-0.015284125693142414,64.9593505859375
907,0.9079079031944275,84.28364562988281,-0.00022674706997349858,-0.01601279526948929,68.18751525878906
908,0.9089089035987854,84.35516357421875,-0.00022565766994375736,-0.016972482204437256,72.4420394897461
909,0.9099099040031433,84.42674255371094,-0.000225304247578606,-0.016095340251922607,68.5710678100586
910,0.9109109044075012,84.49837493896484,-0.00022415901185013354,-0.017250077798962593,73.88252258300781
911,0.9119119048118591,84.57007598876953,-0.0002234655257780105,-0.016851533204317093,72.3320083618164
912,0.912912905216217,84.64183044433594,-0.00022317722323350608,-0.016760777682065964,72.23686218261719
913,0.913913905620575,84.71365356445312,-0.0002235804422525689,-0.016867047175765038,72.9465103149414
914,0.9149149060249329,84.78553009033203,-0.00022349299979396164,-0.016369931399822235,70.91815948486328
915,0.9159159064292908,84.85746765136719,-0.00022379067377187312,-0.016539936885237694,71.88552856445312
916,0.9169169068336487,84.92947387695312,-0.00022652835468761623,-0.01792040467262268,78.24091339111328
917,0.9179179072380066,85.00153350830078,-0.0002262080815853551,-0.017771894112229347,77.85555267333984
918,0.9189189076423645,85.07366180419922,-0.00022586774139199406,-0.017778128385543823,78.21211242675781
919,0.9199199080467224,85.1458511352539,-0.00022343028103932738,-0.016687331721186638,73.70682525634766
920,0.9209209084510803,85.21809387207031,-0.00022191661992110312,-0.016218753531575203,71.92430114746094
921,0.9219219088554382,85.29039764404297,-0.00022018287563696504,-0.015385160222649574,68.36986541748047
922,0.9229229092597961,85.3627700805664,-0.00021929475769866258,-0.015270338393747807,67.98563385009766
923,0.923923909664154,85.43519592285156,-0.00021807137818541378,-0.014385445974767208,63.999366760253906
924,0.924924910068512,85.50769805908203,-0.0002173192915506661,-0.014446521177887917,64.33582305908203
925,0.9259259104728699,85.58024597167969,-0.00021652557188645005,-0.013881215825676918,61.79693603515625
926,0.9269269108772278,85.6528549194336,-0.00021603744244202971,-0.013220285065472126,58.77228927612305
927,0.9279279112815857,85.72554779052734,-0.00021590557298623025,-0.013752278871834278,61.30075454711914
928,0.9289289116859436,85.79827880859375,-0.00021582862245850265,-0.013741659000515938,61.3438835144043
929,0.9299299120903015,85.87108612060547,-0.00021514933905564249,-0.01339021511375904,59.7517204284668
930,0.9309309124946594,85.9439468383789,-0.00021432063658721745,-0.01310649886727333,58.50074005126953
931,0.9319319128990173,86.01686096191406,-0.00021325753186829388,-0.012069243006408215,53.75761032104492
932,0.9329329133033752,86.08985137939453,-0.00021271468722261488,-0.012469288893043995,55.766029357910156
933,0.9339339137077332,86.16289520263672,-0.0002126250765286386,-0.012471230700612068,55.86076736450195
934,0.9349349141120911,86.23600769042969,-0.00021345539425965399,-0.011942276731133461,53.41194534301758
935,0.935935914516449,86.3091812133789,-0.00021301917149685323,-0.012191825546324253,54.58513259887695
936,0.9369369149208069,86.38240814208984,-0.00021432914945762604,-0.01166340708732605,52.02579116821289
937,0.9379379153251648,86.45570373535156,-0.00021265078976284713,-0.012084108777344227,53.828704833984375
938,0.9389389157295227,86.52906799316406,-0.00021192009444348514,-0.011949148960411549,53.03056716918945
939,0.9399399161338806,86.60248565673828,-0.0002098898694384843,-0.01204722560942173,53.3992805480957
940,0.9409409165382385,86.67597198486328,-0.0002086921303998679,-0.011943780817091465,52.84663009643555
941,0.9419419169425964,86.74951171875,-0.00020867236889898777,-0.011601276695728302,51.22316360473633
942,0.9429429173469543,86.82312774658203,-0.000209757563425228,-0.011098048649728298,48.82871627807617
943,0.9439439177513123,86.89679718017578,-0.00021249408018775284,-0.010186107829213142,44.53346633911133
944,0.9449449181556702,86.97053527832031,-0.00021224716329015791,-0.010166776366531849,44.48573684692383
945,0.9459459185600281,87.04431915283203,-0.00021249034034553915,-0.009850389324128628,43.10082244873047
946,0.946946918964386,87.11817932128906,-0.0002108778280671686,-0.010244550183415413,45.1015625
947,0.9479479193687439,87.19210052490234,-0.00021033849043305963,-0.010497900657355785,46.507633209228516
948,0.9489489793777466,87.2660903930664,-0.00021077776909805834,-0.010096677578985691,44.82630920410156
949,0.9499499797821045,87.34013366699219,-0.0002108101616613567,-0.00968907494097948,43.20134735107422
950,0.9509509801864624,87.41423797607422,-0.00021037696569692343,-0.00958571769297123,43.052581787109375
951,0.9519519805908203,87.48841094970703,-0.00021104115876369178,-0.010486189275979996,47.6826057434082
952,0.9529529809951782,87.56263732910156,-0.00021155207650735974,-0.011138999834656715,51.0909309387207
953,0.9539539813995361,87.6369400024414,-0.0002114480739692226,-0.011491005308926105,53.14582824707031
954,0.954954981803894,87.71129608154297,-0.00021089561050757766,-0.011466728523373604,53.4092903137207
955,0.955955982208252,87.78572845458984,-0.0002097548422170803,-0.011064698919653893,51.778900146484375
956,0.9569569826126099,87.86021423339844,-0.0002082446007989347,-0.010536096058785915,49.464393615722656
957,0.9579579830169678,87.93476104736328,-0.00020638910064008087,-0.009491185657680035,44.51929473876953
958,0.9589589834213257,88.0093765258789,-0.00020542294078040868,-0.008872013539075851,41.53862762451172
959,0.9599599838256836,88.08405303955078,-0.0002057157689705491,-0.008857330307364464,41.51942825317383
960,0.9609609842300415,88.1587905883789,-0.00020642337040044367,-0.008913918398320675,41.83821487426758
961,0.9619619846343994,88.23359680175781,-0.00020614414825104177,-0.007914052344858646,37.001708984375
962,0.9629629850387573,88.30846405029297,-0.0002073697978630662,-0.007767087314277887,36.2860107421875
963,0.9639639854431152,88.38339233398438,-0.00020866819249931723,-0.007454172242432833,34.79730224609375
964,0.9649649858474731,88.45838165283203,-0.00020966434385627508,-0.0071897185407578945,33.59964370727539
965,0.965965986251831,88.53343963623047,-0.00021030537027399987,-0.007928888313472271,37.17923355102539
966,0.966966986656189,88.60856628417969,-0.00021076556004118174,-0.007885362021625042,36.98775100708008
967,0.9679679870605469,88.68374633789062,-0.00021109040244482458,-0.007925457321107388,37.17463302612305
968,0.9689689874649048,88.75899505615234,-0.00021129442029632628,-0.007386207114905119,34.63566207885742
969,0.9699699878692627,88.83431243896484,-0.00020996894454583526,-0.006793191656470299,31.8336238861084
970,0.9709709882736206,88.90968322753906,-0.00020989695622120053,-0.007266187574714422,34.10996627807617
971,0.9719719886779785,88.98513793945312,-0.000208987359656021,-0.007033716421574354,33.01198959350586
972,0.9729729890823364,89.06063842773438,-0.00020824288367293775,-0.006949319038540125,32.62153625488281
973,0.9739739894866943,89.13619995117188,-0.00020726592629216611,-0.006839866749942303,32.14189910888672
974,0.9749749898910522,89.21183776855469,-0.0002069490001304075,-0.007063453551381826,33.29893493652344
975,0.9759759902954102,89.28753662109375,-0.00020550237968564034,-0.00668959179893136,31.54290008544922
976,0.9769769906997681,89.36328887939453,-0.000204973213840276,-0.0068696411326527596,32.428985595703125
977,0.977977991104126,89.43911743164062,-0.00020411956938914955,-0.006954285781830549,32.82415008544922
978,0.9789789915084839,89.5150146484375,-0.00020136917009949684,-0.0063454462215304375,29.777685165405273
979,0.9799799919128418,89.59095764160156,-0.0002006306021939963,-0.0065087564289569855,30.538137435913086
980,0.9809809923171997,89.66697692871094,-0.00019990146392956376,-0.006708439905196428,31.52276611328125
981,0.9819819927215576,89.7430648803711,-0.00019607716239988804,-0.0061288075521588326,28.64837074279785
982,0.9829829931259155,89.81920623779297,-0.00019459635950624943,-0.006115286145359278,28.732458114624023
983,0.9839839935302734,89.89541625976562,-0.00019200731185264885,-0.005344299599528313,24.91769790649414
984,0.9849849939346313,89.97168731689453,-0.00019207262084819376,-0.00538844196125865,25.30632972717285
985,0.9859859943389893,90.04803466796875,-0.0001927748235175386,-0.00549177173525095,25.96616554260254
986,0.9869869947433472,90.12445068359375,-0.00019353895913809538,-0.005815077107399702,27.660860061645508
987,0.9879879951477051,90.20091247558594,-0.00019450255786068738,-0.005373883061110973,25.3411922454834
988,0.988988995552063,90.27745819091797,-0.00019520270870998502,-0.005294315982609987,24.887603759765625
989,0.9899899959564209,90.35404968261719,-0.00019695366790983826,-0.004722018726170063,21.93342399597168
990,0.9909909963607788,90.43071746826172,-0.00019936668104492128,-0.004119441378861666,18.89109230041504
991,0.9919919967651367,90.5074462890625,-0.00019595942285377532,-0.004443658050149679,20.57883644104004
992,0.9929929971694946,90.58423614501953,-0.000192136358236894,-0.004935004282742739,23.18399429321289
993,0.9939939975738525,90.6611099243164,-0.00018972813268192112,-0.006284470669925213,30.400028228759766
994,0.9949949979782104,90.73802947998047,-0.00019024396897293627,-0.007076364476233721,34.737770080566406
995,0.9959959983825684,90.81501770019531,-0.00019094084564130753,-0.007609289605170488,37.71090316772461
996,0.9969969987869263,90.89208221435547,-0.0001899533672258258,-0.00723129790276289,35.82272720336914
997,0.9979979991912842,90.96920013427734,-0.00019049469847232103,-0.007211257237941027,35.692840576171875
998,0.9989989995956421,91.04638671875,-0.0001927820994751528,-0.008116929791867733,40.30678176879883
999,1.0,91.12364959716797,-0.00019230972975492477,-0.007940607145428658,39.23932647705078
