index,timestep,Diffusion_Coeff,Divergence,score,pos
0,0.0,39.05299377441406,-0.02538936585187912,-0.058073319494724274,1.575056552886963
1,0.0010010009864345193,39.08612823486328,-0.026093468070030212,-0.05805546045303345,1.6101932525634766
2,0.0020020019728690386,39.11929702758789,-0.025510864332318306,-0.08921888470649719,2.768906831741333
3,0.0030030030757188797,39.15248489379883,-0.02583962120115757,-0.07220835238695145,2.0464181900024414
4,0.004004003945738077,39.185707092285156,-0.025967709720134735,-0.06570800393819809,1.7604925632476807
5,0.005005004815757275,39.218955993652344,-0.02431592345237732,-0.13361983001232147,4.482779502868652
6,0.006006006151437759,39.25223159790039,-0.02481064572930336,-0.10628844052553177,3.4306159019470215
7,0.007007007021456957,39.28553771972656,-0.024620067328214645,-0.10705850273370743,3.5476317405700684
8,0.008008007891476154,39.31887435913086,-0.024017605930566788,-0.12405159324407578,4.360142230987549
9,0.009009009227156639,39.352237701416016,-0.024052152410149574,-0.1033702865242958,3.616746187210083
10,0.01001000963151455,39.38562774658203,-0.023791007697582245,-0.09196249395608902,3.2698230743408203
11,0.011011010967195034,39.41904830932617,-0.022905107587575912,-0.10421730577945709,3.954927921295166
12,0.012012012302875519,39.452491760253906,-0.021392639726400375,-0.1355527937412262,5.55952262878418
13,0.013013012707233429,39.48596954345703,-0.02102319709956646,-0.12464208900928497,5.212663173675537
14,0.014014014042913914,39.51947021484375,-0.020274363458156586,-0.12472318857908249,5.383355140686035
15,0.015015014447271824,39.55300521850586,-0.021236088126897812,-0.07934828102588654,3.329531192779541
16,0.01601601578295231,39.58656692504883,-0.021270260214805603,-0.0588798001408577,2.478252410888672
17,0.01701701618731022,39.620155334472656,-0.021020859479904175,-0.046427469700574875,1.9843437671661377
18,0.018018018454313278,39.653770446777344,-0.01888815127313137,-0.09048543125391006,4.280004024505615
19,0.01901901885867119,39.68742370605469,-0.018089327961206436,-0.0948876440525055,4.664789199829102
20,0.0200200192630291,39.721092224121094,-0.018461428582668304,-0.07062249630689621,3.5047855377197266
21,0.021021021530032158,39.754798889160156,-0.018647857010364532,-0.04494519904255867,2.2379982471466064
22,0.022022021934390068,39.78852844238281,-0.018298882991075516,-0.02648022025823593,1.3243391513824463
23,0.023023022338747978,39.82229232788086,-0.017411664128303528,-0.003086365759372711,0.07533223181962967
24,0.024024024605751038,39.8560791015625,-0.016646746546030045,-0.001691692043095827,0.02302485704421997
25,0.025025025010108948,39.889896392822266,-0.01562665030360222,0.0035407505929470062,-0.3001030683517456
26,0.026026025414466858,39.92374801635742,-0.015259062871336937,-0.006528361234813929,0.34848713874816895
27,0.027027025818824768,39.95762252807617,-0.01407759077847004,0.006545177660882473,-0.5550687313079834
28,0.028028028085827827,39.99152755737305,-0.011119876056909561,0.03556587174534798,-2.911778450012207
29,0.029029028490185738,40.02545928955078,-0.012773184105753899,0.013879100792109966,-1.1881392002105713
30,0.030030028894543648,40.05942153930664,-0.012683721259236336,0.011797748506069183,-1.0622804164886475
31,0.031031031161546707,40.093414306640625,-0.013398028910160065,-0.0067495303228497505,0.32051628828048706
32,0.03203203156590462,40.1274299621582,-0.013358132913708687,-0.013523231260478497,0.8180791735649109
33,0.03303303197026253,40.16147994995117,-0.0126319145783782,-0.001368553377687931,-0.12227058410644531
34,0.03403403237462044,40.195556640625,-0.012988096103072166,-0.015609079040586948,0.9840097427368164
35,0.03503503277897835,40.22966384887695,-0.012268549762666225,-0.0034272558987140656,0.014478445053100586
36,0.036036036908626556,40.263797760009766,-0.010070083662867546,0.02340196631848812,-2.4485623836517334
37,0.03703703731298447,40.29795837402344,-0.01017056591808796,0.018270296975970268,-2.0444140434265137
38,0.03803803771734238,40.3321533203125,-0.009890901856124401,0.01751231588423252,-2.0456409454345703
39,0.03903903812170029,40.36637878417969,-0.007794439326971769,0.03144089877605438,-3.7104926109313965
40,0.0400400385260582,40.40062713623047,-0.006784922443330288,0.03387082740664482,-4.235302925109863
41,0.04104103893041611,40.434906005859375,-0.004309516400098801,0.03943962603807449,-5.597621440887451
42,0.042042043060064316,40.469215393066406,-0.004125944338738918,0.03667185828089714,-5.577127456665039
43,0.043043043464422226,40.50355529785156,-0.006489401217550039,0.02502504736185074,-3.768862247467041
44,0.044044043868780136,40.53792190551758,-0.007747175171971321,0.013498080894351006,-2.3094325065612793
45,0.045045044273138046,40.572322845458984,-0.008931651711463928,-0.00843837670981884,0.23767578601837158
46,0.046046044677495956,40.606746673583984,-0.00801677443087101,0.006792952306568623,-1.5830217599868774
47,0.04704704508185387,40.641197204589844,-0.007763129658997059,0.0084301782771945,-1.8349510431289673
48,0.048048049211502075,40.67568588256836,-0.006643674336373806,0.017484599724411964,-3.1448421478271484
49,0.049049049615859985,40.71019744873047,-0.005892699118703604,0.020764682441949844,-3.794778823852539
50,0.050050050020217896,40.7447395324707,-0.00406167097389698,0.027048250660300255,-5.291768550872803
51,0.051051050424575806,40.77931213378906,-0.00425706384703517,0.023658188059926033,-5.01548433303833
52,0.052052050828933716,40.81391143798828,-0.0038815527223050594,0.022466367110610008,-5.244539737701416
53,0.053053051233291626,40.84854507446289,-0.003228250425308943,0.022438643500208855,-5.7923760414123535
54,0.054054051637649536,40.88320541381836,-0.0007377546280622482,0.024839110672473907,-7.789901256561279
55,0.055055055767297745,40.91789627075195,-0.002302803099155426,0.021286940202116966,-6.611043930053711
56,0.056056056171655655,40.952613830566406,-0.0027369102463126183,0.018772060051560402,-6.177265167236328
57,0.057057056576013565,40.987361907958984,-0.003262133803218603,0.015950430184602737,-5.54565954208374
58,0.058058056980371475,41.02214431762695,-0.0035071722231805325,0.014142746105790138,-5.158073425292969
59,0.059059057384729385,41.056949615478516,-0.0024510726798325777,0.016648290678858757,-6.217945098876953
60,0.060060057789087296,41.0917854309082,-0.004455480724573135,0.005710248369723558,-3.263965129852295
61,0.061061061918735504,41.12665557861328,-0.004340821411460638,0.0046651531010866165,-3.0082831382751465
62,0.062062062323093414,41.16154479980469,-0.004762804601341486,-0.0006488761282525957,-1.731974482536316
63,0.06306306272745132,41.19647216796875,-0.005244741216301918,-0.009017513133585453,0.07459640502929688
64,0.06406406313180923,41.23143005371094,-0.004591215401887894,-0.0009464494069106877,-1.479474425315857
65,0.06506506353616714,41.266414642333984,-0.004262989386916161,0.0005182652967050672,-1.8912639617919922
66,0.06606606394052505,41.301429748535156,-0.003936806693673134,0.0018125377828255296,-2.357395648956299
67,0.06706706434488297,41.33647537231445,-0.004437057301402092,-0.005514984950423241,-0.8246061205863953
68,0.06806806474924088,41.37154769897461,-0.00448169931769371,-0.0120881088078022,0.43506020307540894
69,0.06906906515359879,41.406654357910156,-0.00432079192250967,-0.016874885186553,1.370164155960083
70,0.0700700655579567,41.44178771972656,-0.00401381915435195,-0.014663578942418098,0.6910812258720398
71,0.0710710734128952,41.476951599121094,-0.003624996403232217,-0.009456468746066093,-0.8388980031013489
72,0.07207207381725311,41.512142181396484,-0.003560320707038045,-0.012085666880011559,-0.22014498710632324
73,0.07307307422161102,41.547367095947266,-0.003464755602180958,-0.016161829233169556,0.9298573732376099
74,0.07407407462596893,41.582618713378906,-0.003347908379510045,-0.015202052891254425,0.696709156036377
75,0.07507507503032684,41.61790466308594,-0.003263078397139907,-0.021584874019026756,2.6758193969726562
76,0.07607607543468475,41.65321731567383,-0.00334665784612298,-0.017161767929792404,1.3967652320861816
77,0.07707707583904266,41.688560485839844,-0.0033318926580250263,-0.011894097551703453,-0.120674729347229
78,0.07807807624340057,41.72393035888672,-0.003139808541163802,-0.006234302185475826,-1.78277587890625
79,0.07907907664775848,41.75933074951172,-0.0028113755397498608,-0.0022812753450125456,-3.1023037433624268
80,0.0800800770521164,41.794769287109375,-0.002219423884525895,0.0017354043666273355,-4.827521324157715
81,0.0810810774564743,41.830230712890625,-0.0022507314570248127,0.0007301138830371201,-4.667115688323975
82,0.08208207786083221,41.865726470947266,-0.0018161042826250196,0.0021980057936161757,-5.6944050788879395
83,0.08308307826519012,41.9012451171875,-0.0019730394706130028,0.000674650480505079,-5.274875164031982
84,0.08408408612012863,41.93680191040039,-0.002385813742876053,-0.0026357334572821856,-3.9974074363708496
85,0.08508508652448654,41.97238540649414,-0.0021587549708783627,-0.0013277848483994603,-4.662725448608398
86,0.08608608692884445,42.00799560546875,-0.0021933093667030334,-0.0017760475166141987,-4.468515396118164
87,0.08708708733320236,42.043643951416016,-0.001433010445907712,0.0009549128008075058,-6.169046878814697
88,0.08808808773756027,42.079315185546875,-6.50517176836729e-05,0.002173966495320201,-8.488173484802246
89,0.08908908814191818,42.115020751953125,0.0009112668340094388,0.0005708615644834936,-10.403162002563477
90,0.09009008854627609,42.1507568359375,5.6223270803457126e-05,0.0008934413199312985,-8.604216575622559
91,0.091091088950634,42.186519622802734,0.0011586244218051434,-0.0021608402021229267,-12.125086784362793
92,0.09209208935499191,42.22231674194336,0.0007180620450526476,-0.00480392063036561,-14.560807228088379
93,0.09309308975934982,42.258140563964844,0.0004660279373638332,-0.005086102522909641,-15.100469589233398
94,0.09409409016370773,42.29399490356445,0.0007002733182162046,-0.0041514914482831955,-13.55895709991455
95,0.09509509056806564,42.32988739013672,0.0007177275838330388,-0.003627647878602147,-12.772217750549316
96,0.09609609842300415,42.36580276489258,0.0006563887582160532,-0.0028107338584959507,-11.561473846435547
97,0.09709709882736206,42.40175247192383,0.0006090772803872824,-0.0028491965495049953,-11.62121295928955
98,0.09809809923171997,42.4377326965332,0.0005735728773288429,-0.003675321349874139,-13.034799575805664
99,0.09909909963607788,42.473731994628906,0.00029296724824234843,-0.004480359144508839,-14.995094299316406
100,0.10010010004043579,42.5097770690918,-1.790562237147242e-05,-0.004595543723553419,-16.61087417602539
101,0.1011011004447937,42.545841217041016,-0.00019910820992663503,-0.004415909759700298,-17.592445373535156
102,0.10210210084915161,42.58195114135742,9.334036440122873e-05,-0.004440914839506149,-15.90648365020752
103,0.10310310125350952,42.618080139160156,-0.0001585121062817052,-0.00435220543295145,-17.31785774230957
104,0.10410410165786743,42.65423583984375,-9.266701817978173e-05,-0.004376861732453108,-16.85686492919922
105,0.10510510206222534,42.6904296875,0.00015500737936235964,-0.004292665049433708,-15.146486282348633
106,0.10610610246658325,42.726654052734375,0.00011807285773102194,-0.004280537832528353,-15.273214340209961
107,0.10710710287094116,42.762908935546875,-3.414257662370801e-06,-0.004248506389558315,-15.960251808166504
108,0.10810810327529907,42.799190521240234,-4.379663005238399e-05,-0.00415913388133049,-16.01763343811035
109,0.10910911113023758,42.83551025390625,-5.7183689932571724e-05,-0.004097932018339634,-15.913337707519531
110,0.11011011153459549,42.871856689453125,1.8948077922686934e-05,-0.00407407758757472,-14.692588806152344
111,0.1111111119389534,42.90822982788086,1.889647865027655e-05,-0.004046249203383923,-14.540770530700684
112,0.11211211234331131,42.94463348388672,3.711312820087187e-05,-0.00398049084469676,-13.631036758422852
113,0.11311311274766922,42.9810791015625,2.481295814504847e-05,-0.00390683813020587,-12.556395530700684
114,0.11411411315202713,43.017547607421875,1.491926650487585e-05,-0.0038858144544065,-12.107165336608887
115,0.11511511355638504,43.054054260253906,-2.7654443329083733e-05,-0.00393929285928607,-11.519229888916016
116,0.11611611396074295,43.090579986572266,-7.732879021205008e-05,-0.0039040870033204556,-13.825778007507324
117,0.11711711436510086,43.127140045166016,-0.0001090125078917481,-0.00390081899240613,-13.685246467590332
118,0.11811811476945877,43.16373825073242,-0.00016065288218669593,-0.003828426357358694,-14.175966262817383
119,0.11911911517381668,43.20035934448242,-0.0002011240867432207,-0.0037463409826159477,-14.648844718933105
120,0.12012011557817459,43.23701477050781,-0.00012061625602655113,-0.004111351445317268,-11.959348678588867
121,0.1211211159825325,43.27370834350586,-0.00020138209220021963,-0.0042872922495007515,-11.304491996765137
122,0.12212212383747101,43.3104248046875,-0.00024445814779028296,-0.004272705875337124,-11.752779006958008
123,0.12312312424182892,43.34716796875,-0.00025112717412412167,-0.003956139087677002,-13.126127243041992
124,0.12412412464618683,43.38395309448242,-0.0003129777032881975,-0.004140065982937813,-12.411951065063477
125,0.12512512505054474,43.42076110839844,-0.00033200636971741915,-0.003928785212337971,-13.058794975280762
126,0.12612612545490265,43.45760726928711,-0.000356436416041106,-0.003621827345341444,-13.89902114868164
127,0.12712712585926056,43.494476318359375,-0.00040845104376785457,-0.0031719969119876623,-15.075469017028809
128,0.12812812626361847,43.5313835144043,-0.0006332895718514919,-0.001768549089320004,-17.79827117919922
129,0.12912912666797638,43.56832504272461,-0.0005867144791409373,-0.0021647282410413027,-17.144798278808594
130,0.1301301270723343,43.605289459228516,-0.0005962876020930707,-0.0021814934443682432,-17.159160614013672
131,0.1311311274766922,43.64228820800781,-0.00046325536095537245,-0.003120937617495656,-15.387428283691406
132,0.1321321278810501,43.679317474365234,-0.00045538187259808183,-0.003236549673601985,-15.108867645263672
133,0.13313312828540802,43.71638107299805,-0.0004682513535954058,-0.003226891392841935,-15.064263343811035
134,0.13413412868976593,43.753475189208984,-0.0005071658524684608,-0.003004818456247449,-15.442544937133789
135,0.13513512909412384,43.79059600830078,-0.0004531875310931355,-0.004216570407152176,-12.564262390136719
136,0.13613612949848175,43.827762603759766,-0.0005461410037241876,-0.002808521268889308,-15.263467788696289
137,0.13713712990283966,43.86494445800781,-0.0004845949006266892,-0.0038407135289162397,-13.031044006347656
138,0.13813813030719757,43.902164459228516,-0.00048723892541602254,-0.0037272523622959852,-13.160236358642578
139,0.13913913071155548,43.93941879272461,-0.0005480876425281167,-0.002783035859465599,-14.945596694946289
140,0.1401401311159134,43.9766960144043,-0.0005881811957806349,-0.0024451022036373615,-15.521833419799805
141,0.1411411464214325,44.014015197753906,-0.0005081778508611023,-0.0032288599759340286,-14.031118392944336
142,0.1421421468257904,44.051361083984375,-0.0004782353062182665,-0.003747498383745551,-12.85529899597168
143,0.14314314723014832,44.08873748779297,-0.0004915430909022689,-0.00437149778008461,-11.40322208404541
144,0.14414414763450623,44.12614822387695,-0.000541277346201241,-0.005117909517139196,-9.837472915649414
145,0.14514514803886414,44.1635856628418,-0.0005342534859664738,-0.0049020820297300816,-10.151152610778809
146,0.14614614844322205,44.20106506347656,-0.0005538437981158495,-0.005025116726756096,-9.841503143310547
147,0.14714714884757996,44.238563537597656,-0.0005286807427182794,-0.00441405363380909,-10.940239906311035
148,0.14814814925193787,44.27610778808594,-0.0005474972422234714,-0.0033417500089854,-13.038800239562988
149,0.14914914965629578,44.31366729736328,-0.000534946913830936,-0.0038715701084583998,-12.249775886535645
150,0.1501501500606537,44.35126876831055,-0.0006375944358296692,-0.002569827949628234,-14.704827308654785
151,0.1511511504650116,44.38890075683594,-0.0005854093469679356,-0.003395075211301446,-13.556922912597656
152,0.1521521508693695,44.426570892333984,-0.0005672928527928889,-0.004009977448731661,-12.70053482055664
153,0.15315315127372742,44.464263916015625,-0.0006423778831958771,-0.0029402889776974916,-14.617661476135254
154,0.15415415167808533,44.50199508666992,-0.0007699573179706931,-0.0014725998044013977,-16.731460571289062
155,0.15515515208244324,44.53975296020508,-0.0007714186795055866,-0.001433284254744649,-16.654951095581055
156,0.15615615248680115,44.57754898071289,-0.0008830188307911158,0.0001696218823781237,-18.35929298400879
157,0.15715715289115906,44.6153678894043,-0.0009322947589680552,0.0011050956090912223,-19.105085372924805
158,0.15815815329551697,44.653228759765625,-0.0008025693241506815,-0.0007146342541091144,-16.735549926757812
159,0.15915915369987488,44.69111251831055,-0.000774988962803036,-0.000940804136916995,-16.224950790405273
160,0.1601601541042328,44.72903823852539,-0.000766441342420876,-0.000951787456870079,-16.027387619018555
161,0.1611611545085907,44.76698684692383,-0.0007038578623905778,-0.0016960822977125645,-14.948090553283691
162,0.1621621549129486,44.804969787597656,-0.0007497130427509546,-0.0010832503903657198,-15.794232368469238
163,0.16316315531730652,44.842987060546875,-0.0007255719974637032,-0.0013457115273922682,-15.51543140411377
164,0.16416415572166443,44.88103485107422,-0.00071573699824512,-0.0015365035505965352,-15.3059720993042
165,0.16516515612602234,44.91912078857422,-0.0008093678043223917,-0.0004797565343324095,-16.637920379638672
166,0.16616615653038025,44.95723342895508,-0.0008163979509845376,-0.0004580060485750437,-16.521377563476562
167,0.16716717183589935,44.99538040161133,-0.0008579391287639737,0.0001226103922817856,-17.07718276977539
168,0.16816817224025726,45.03356170654297,-0.0007683134754188359,-0.0012559695169329643,-15.314826011657715
169,0.16916917264461517,45.071773529052734,-0.0007953203748911619,-0.0010097076883539557,-15.679330825805664
170,0.17017017304897308,45.110015869140625,-0.0007903529331088066,-0.0012768764281645417,-15.480146408081055
171,0.171171173453331,45.14828872680664,-0.0009044707985594869,0.00032582017593085766,-17.53626251220703
172,0.1721721738576889,45.18659973144531,-0.0009265333646908402,0.0005035802023485303,-17.908674240112305
173,0.17317317426204681,45.22494125366211,-0.0008621076121926308,-0.0008269058889709413,-16.562177658081055
174,0.17417417466640472,45.2633171081543,-0.000932037946768105,0.00019795958360191435,-17.77691078186035
175,0.17517517507076263,45.30172348022461,-0.00099904031958431,0.0014800872886553407,-19.057985305786133
176,0.17617617547512054,45.34016036987305,-0.0010754599934443831,0.003454703139141202,-20.80379295349121
177,0.17717717587947845,45.37863540649414,-0.0010839055757969618,0.003936899825930595,-21.057140350341797
178,0.17817817628383636,45.41713333129883,-0.0010433585848659277,0.0030837676022201777,-20.12181854248047
179,0.17917917668819427,45.45567321777344,-0.001051328843459487,0.0034385528415441513,-20.438575744628906
180,0.18018017709255219,45.49424362182617,-0.0010894127190113068,0.004613609053194523,-21.558353424072266
181,0.1811811774969101,45.53284454345703,-0.001100051449611783,0.005047980695962906,-21.98430824279785
182,0.182182177901268,45.571475982666016,-0.0011026205029338598,0.005362306721508503,-22.31395721435547
183,0.18318317830562592,45.610145568847656,-0.0010024507064372301,0.0029923347756266594,-20.04722023010254
184,0.18418417870998383,45.64884567260742,-0.0009950846433639526,0.0030876686796545982,-20.038311004638672
185,0.18518517911434174,45.68758010864258,-0.0010119733633473516,0.0038993596099317074,-20.688095092773438
186,0.18618617951869965,45.726348876953125,-0.0010564378462731838,0.005605841986835003,-22.14230728149414
187,0.18718717992305756,45.76514434814453,-0.0009899853030219674,0.0037190609145909548,-20.050010681152344
188,0.18818818032741547,45.803977966308594,-0.0010048523545265198,0.004451133776456118,-20.51291275024414
189,0.18918918073177338,45.84284210205078,-0.0009468832286074758,0.0026365823578089476,-18.40056800842285
190,0.1901901811361313,45.881744384765625,-0.0008934960351325572,0.0012037219712510705,-16.621206283569336
191,0.1911911815404892,45.92066955566406,-0.0009256777120754123,0.0021086055785417557,-17.546663284301758
192,0.1921921968460083,45.95963668823242,-0.000935710093472153,0.0023874924518167973,-17.910537719726562
193,0.1931931972503662,45.99863052368164,-0.0010772915557026863,0.006749224849045277,-22.395753860473633
194,0.19419419765472412,46.037662506103516,-0.001049273763783276,0.005672834813594818,-21.546525955200195
195,0.19519519805908203,46.07672882080078,-0.0010195564245805144,0.004639888647943735,-20.741329193115234
196,0.19619619846343994,46.115821838378906,-0.0009848943445831537,0.00357371405698359,-19.837858200073242
197,0.19719719886779785,46.15495300292969,-0.0010253195650875568,0.0046669007278978825,-21.03929328918457
198,0.19819819927215576,46.194114685058594,-0.0010696733370423317,0.00588886346668005,-22.259653091430664
199,0.19919919967651367,46.23331069946289,-0.0010417861631140113,0.005189511459320784,-21.578746795654297
200,0.20020020008087158,46.27254104614258,-0.0009808361064642668,0.003470354015007615,-19.884307861328125
201,0.2012012004852295,46.31180191040039,-0.001018729992210865,0.004816417116671801,-21.190080642700195
202,0.2022022008895874,46.35110092163086,-0.0009343557176180184,0.0022492879070341587,-18.478504180908203
203,0.2032032012939453,46.39043045043945,-0.0009059357107616961,0.0015170116676017642,-17.629249572753906
204,0.20420420169830322,46.42979049682617,-0.0008832797757349908,0.0009735801140777767,-16.985923767089844
205,0.20520520210266113,46.46918487548828,-0.0009184530354104936,0.0019533114973455667,-18.11573600769043
206,0.20620620250701904,46.50861740112305,-0.0008522364660166204,0.0002746630634646863,-16.318655014038086
207,0.20720720291137695,46.54807662963867,-0.0008418187499046326,9.661485091783106e-05,-16.196170806884766
208,0.20820820331573486,46.58757400512695,-0.000878802384249866,0.0009458637214265764,-17.18329620361328
209,0.20920920372009277,46.62710189819336,-0.000866301532369107,0.0005850376328453422,-16.62724494934082
210,0.21021020412445068,46.666664123535156,-0.0008832099847495556,0.0008740976336412132,-16.74937629699707
211,0.2112112045288086,46.706260681152344,-0.0008364303503185511,-0.0003236533375456929,-15.102701187133789
212,0.2122122049331665,46.74589157104492,-0.0008991898503154516,0.0010039058979600668,-16.33422088623047
213,0.21321320533752441,46.78555679321289,-0.0009215184836648405,0.0014831984881311655,-16.57154083251953
214,0.21421420574188232,46.825252532958984,-0.0008104153675958514,-0.0012718860525637865,-13.205740928649902
215,0.21521520614624023,46.864990234375,-0.0008561654249206185,-0.0003764854045584798,-14.154520034790039
216,0.21621620655059814,46.90475082397461,-0.0008535911911167204,-0.00042466557351872325,-14.107133865356445
217,0.21721720695495605,46.94455337524414,-0.0008272957638837397,-0.0009417444234713912,-13.628983497619629
218,0.21821822226047516,46.98438262939453,-0.0009252949384972453,0.001529016299173236,-16.601703643798828
219,0.21921922266483307,47.024253845214844,-0.0008690066169947386,1.2995820725336671e-05,-15.108546257019043
220,0.22022022306919098,47.064151763916016,-0.0008138305856846273,-0.001077585038729012,-13.854687690734863
221,0.2212212234735489,47.104087829589844,-0.0007705225143581629,-0.0019593904726207256,-12.70879077911377
222,0.2222222238779068,47.14405059814453,-0.0008001598762348294,-0.0015190370613709092,-13.21473217010498
223,0.2232232242822647,47.18405532836914,-0.0007102355011738837,-0.003237402532249689,-10.873952865600586
224,0.22422422468662262,47.22409439086914,-0.0007598134689033031,-0.0022421739995479584,-12.152857780456543
225,0.22522522509098053,47.264163970947266,-0.0006584703223779798,-0.003919178154319525,-9.690391540527344
226,0.22622622549533844,47.304264068603516,-0.000673827133141458,-0.0034964298829436302,-10.232332229614258
227,0.22722722589969635,47.34440231323242,-0.0006211524596437812,-0.00434069475159049,-8.850112915039062
228,0.22822822630405426,47.384578704833984,-0.0006091698305681348,-0.0045281099155545235,-8.463748931884766
229,0.22922922670841217,47.424781799316406,-0.0006482150638476014,-0.0037055485881865025,-9.695730209350586
230,0.23023022711277008,47.465023040771484,-0.0006199479103088379,-0.004296544007956982,-8.651275634765625
231,0.231231227517128,47.50529479980469,-0.0005956311943009496,-0.005236590746790171,-7.0212507247924805
232,0.2322322279214859,47.54560470581055,-0.0005757345352321863,-0.006237221881747246,-5.2447896003723145
233,0.2332332283258438,47.58594512939453,-0.0005645524943247437,-0.006618091836571693,-4.537875175476074
234,0.23423422873020172,47.62632369995117,-0.0005651711253449321,-0.006330552045255899,-5.017574310302734
235,0.23523522913455963,47.6667366027832,-0.00045821722596883774,-0.00846588984131813,-0.7700203657150269
236,0.23623622953891754,47.707176208496094,-0.0004430204862728715,-0.008395079523324966,-0.7187094688415527
237,0.23723722994327545,47.74766540527344,-0.0004884710069745779,-0.007280390243977308,-3.0163564682006836
238,0.23823823034763336,47.788177490234375,-0.0004976658965460956,-0.0068927789106965065,-3.780808448791504
239,0.23923923075199127,47.8287239074707,-0.0005091506754979491,-0.006516819354146719,-4.4802093505859375
240,0.24024023115634918,47.86930847167969,-0.0004519392387010157,-0.007319977041333914,-2.6704087257385254
241,0.2412412315607071,47.9099235534668,-0.00039408105658367276,-0.008060004562139511,-0.6789087057113647
242,0.242242231965065,47.95058059692383,-0.0004050380957778543,-0.007731922436505556,-1.230102777481079
243,0.2432432323694229,47.99126052856445,-0.00045571179362013936,-0.006869607139378786,-3.070955514907837
244,0.24424424767494202,48.031982421875,-0.00047336870920844376,-0.006730721797794104,-3.306692600250244
245,0.24524524807929993,48.07273864746094,-0.0005086460150778294,-0.006443016231060028,-3.884018659591675
246,0.24624624848365784,48.113529205322266,-0.0005455483915284276,-0.006118736695498228,-4.433830261230469
247,0.24724724888801575,48.154354095458984,-0.0005717580206692219,-0.005991531070321798,-4.585859298706055
248,0.24824824929237366,48.19520950317383,-0.0005510016926564276,-0.006783963181078434,-3.190286159515381
249,0.24924924969673157,48.236106872558594,-0.0006263416726142168,-0.004955965559929609,-6.358675956726074
250,0.2502502501010895,48.277034759521484,-0.00061159732285887,-0.005650077946484089,-5.416046142578125
251,0.2512512505054474,48.317996978759766,-0.0006109531968832016,-0.0057664597406983376,-5.379806041717529
252,0.2522522509098053,48.35899353027344,-0.0005830602603964508,-0.006369561888277531,-4.338740825653076
253,0.2532532513141632,48.40003204345703,-0.0005804451648145914,-0.005922278854995966,-4.89749813079834
254,0.2542542517185211,48.44109344482422,-0.0006269874866120517,-0.003720793640241027,-8.38679313659668
255,0.25525525212287903,48.48219680786133,-0.000608977279625833,-0.003845199942588806,-8.080167770385742
256,0.25625625252723694,48.52333450317383,-0.000633428746368736,-0.003097960026934743,-9.221814155578613
257,0.25725725293159485,48.564510345458984,-0.0006011376390233636,-0.0035749294329434633,-8.41893482208252
258,0.25825825333595276,48.605712890625,-0.0006462328019551933,-0.0025516480673104525,-9.965465545654297
259,0.25925925374031067,48.64695739746094,-0.0005581210134550929,-0.004150283057242632,-7.159576416015625
260,0.2602602541446686,48.688236236572266,-0.000580282649025321,-0.0037075241561979055,-7.815497398376465
261,0.2612612545490265,48.729549407958984,-0.0006267045973800123,-0.0028516442980617285,-9.177789688110352
262,0.2622622549533844,48.770896911621094,-0.0006424406310543418,-0.002583814086392522,-9.61499309539795
263,0.2632632553577423,48.812278747558594,-0.0007171675097197294,-0.0010579999070614576,-11.850493431091309
264,0.2642642557621002,48.85369110107422,-0.0007412314880639315,-0.0004979741061106324,-12.613210678100586
265,0.26526525616645813,48.895145416259766,-0.0007380413007922471,-0.0005642451578751206,-12.483943939208984
266,0.26626625657081604,48.93663787841797,-0.0007214683573693037,-0.0009868757333606482,-11.837743759155273
267,0.26726725697517395,48.97815704345703,-0.0007461844361387193,-0.0005002440302632749,-12.36221694946289
268,0.26826825737953186,49.01971435546875,-0.0007526383269578218,-0.00039826592546887696,-12.373844146728516
269,0.26926925778388977,49.061309814453125,-0.000715944217517972,-0.001241712598130107,-11.075091361999512
270,0.2702702581882477,49.10293960571289,-0.0006770057370886207,-0.001999656669795513,-9.838030815124512
271,0.2712712585926056,49.14460754394531,-0.0006969060050323606,-0.0015095937997102737,-10.392802238464355
272,0.2722722589969635,49.18630599975586,-0.0006936781574040651,-0.0014647443313151598,-10.272303581237793
273,0.2732732594013214,49.2280387878418,-0.0006386785535141826,-0.0024420740082859993,-8.616004943847656
274,0.2742742598056793,49.26980972290039,-0.0006716132629662752,-0.0016316998517140746,-9.698362350463867
275,0.27527526021003723,49.31161880493164,-0.0006476669805124402,-0.002006337745115161,-9.002886772155762
276,0.27627626061439514,49.35345458984375,-0.0006051478558219969,-0.0027635362930595875,-7.698422431945801
277,0.27727726101875305,49.39533233642578,-0.0006473705871030688,-0.0019409239757806063,-9.010589599609375
278,0.27827826142311096,49.4372444152832,-0.0006737550720572472,-0.0013785673072561622,-9.90713119506836
279,0.27927926182746887,49.479190826416016,-0.0006390624330379069,-0.0020723415073007345,-8.940068244934082
280,0.2802802622318268,49.52117156982422,-0.0006583307404071093,-0.0017036014469340444,-9.672860145568848
281,0.2812812626361847,49.56319046020508,-0.0006827182369306684,-0.001154524739831686,-10.671780586242676
282,0.282282292842865,49.60525131225586,-0.0006459204596467316,-0.001882043550722301,-9.659472465515137
283,0.2832832932472229,49.6473388671875,-0.000626379216555506,-0.0021442961879074574,-9.263238906860352
284,0.2842842936515808,49.6894645690918,-0.0005961961578577757,-0.0026081132236868143,-8.458585739135742
285,0.2852852940559387,49.73162841796875,-0.0005057295202277601,-0.004134177230298519,-5.553299903869629
286,0.28628629446029663,49.77382278442383,-0.0005575446411967278,-0.0030433470383286476,-7.44874906539917
287,0.28728729486465454,49.81605911254883,-0.0005012950859963894,-0.004009544849395752,-5.52541446685791
288,0.28828829526901245,49.85832595825195,-0.00045214954297989607,-0.004898397251963615,-3.6080169677734375
289,0.28928929567337036,49.900630950927734,-0.0004759981529787183,-0.004443806130439043,-4.565758228302002
290,0.29029029607772827,49.94297409057617,-0.00040944089414551854,-0.005692307837307453,-1.7120126485824585
291,0.2912912964820862,49.985355377197266,-0.00045430322643369436,-0.0048163034953176975,-3.651184558868408
292,0.2922922968864441,50.02776336669922,-0.0005032002227380872,-0.003945409320294857,-5.378777503967285
293,0.293293297290802,50.07020950317383,-0.0005836483323946595,-0.0025037401355803013,-7.947826385498047
294,0.2942942976951599,50.11269760131836,-0.0006417761323973536,-0.0012969528324902058,-9.822602272033691
295,0.2952952980995178,50.155216217041016,-0.0006364727159962058,-0.001385004143230617,-9.593643188476562
296,0.29629629850387573,50.197776794433594,-0.0006252537714317441,-0.001550197834149003,-9.24213981628418
297,0.29729729890823364,50.2403678894043,-0.0006139951292425394,-0.001713479869067669,-8.891742706298828
298,0.29829829931259155,50.282997131347656,-0.000627546978648752,-0.0013139215297996998,-9.45284652709961
299,0.29929929971694946,50.32566452026367,-0.0006651743897236884,-0.00023448452702723444,-11.041778564453125
300,0.3003003001213074,50.36836242675781,-0.000569433846976608,-0.002481082919985056,-7.268610000610352
301,0.3013013005256653,50.41109848022461,-0.0005881189135834575,-0.001941173686645925,-8.011950492858887
302,0.3023023009300232,50.45387649536133,-0.0006080011371523142,-0.0012924638576805592,-8.905330657958984
303,0.3033033013343811,50.49668502807617,-0.0006055618869140744,-0.0011585813481360674,-8.9943208694458
304,0.304304301738739,50.53953552246094,-0.0005955001106485724,-0.0012015881948173046,-8.817167282104492
305,0.3053053021430969,50.58241653442383,-0.0005838709766976535,-0.001387686119414866,-8.477141380310059
306,0.30630630254745483,50.625335693359375,-0.0006195887690410018,-0.0005873612826690078,-9.900251388549805
307,0.30730730295181274,50.66829299926758,-0.0006108713569119573,-0.000857690058182925,-9.607187271118164
308,0.30830830335617065,50.71128463745117,-0.0006175299058668315,-0.0007730688666924834,-9.871066093444824
309,0.30930930376052856,50.754310607910156,-0.000608155329246074,-0.0009877533884719014,-9.535392761230469
310,0.3103103041648865,50.79737854003906,-0.000525935844052583,-0.0026566258165985346,-6.5023393630981445
311,0.3113113045692444,50.840476989746094,-0.0005152476951479912,-0.0028454794082790613,-5.982102394104004
312,0.3123123049736023,50.88361358642578,-0.00048523873556405306,-0.0034646247513592243,-4.609769344329834
313,0.3133133053779602,50.92679214477539,-0.0004947425331920385,-0.0032892299350351095,-4.940159320831299
314,0.3143143057823181,50.97000503540039,-0.00047648901818320155,-0.0037672417238354683,-3.9794530868530273
315,0.315315306186676,51.01325225830078,-0.0004901211941614747,-0.003510119626298547,-4.557049751281738
316,0.31631630659103394,51.056541442871094,-0.0004832262056879699,-0.0037691942416131496,-4.1348161697387695
317,0.31731730699539185,51.099857330322266,-0.0004713167727459222,-0.004129210487008095,-3.5107648372650146
318,0.31831830739974976,51.14321517944336,-0.000440442148828879,-0.004898357670754194,-1.997169852256775
319,0.31931930780410767,51.186614990234375,-0.00046438860590569675,-0.004467605147510767,-3.168182373046875
320,0.3203203082084656,51.23004913330078,-0.0004278157721273601,-0.005318123381584883,-1.476926565170288
321,0.3213213086128235,51.27351379394531,-0.00047362191253341734,-0.004519667010754347,-3.529724359512329
322,0.3223223090171814,51.317020416259766,-0.0004406282678246498,-0.00524718314409256,-2.2220001220703125
323,0.3233233094215393,51.36056137084961,-0.00046305975411087275,-0.004842980299144983,-3.248883008956909
324,0.3243243098258972,51.40414047241211,-0.0005237159784883261,-0.003605768783017993,-5.700625419616699
325,0.3253253102302551,51.44776153564453,-0.0005995261017233133,-0.0018497731070965528,-8.742423057556152
326,0.32632631063461304,51.49141311645508,-0.0006232784362509847,-0.0010983599349856377,-9.867002487182617
327,0.32732731103897095,51.53510284423828,-0.0005764126544818282,-0.002058392157778144,-8.10213851928711
328,0.32832831144332886,51.578834533691406,-0.0005892451154068112,-0.0016044439980760217,-8.700080871582031
329,0.32932931184768677,51.622596740722656,-0.000592757249251008,-0.0013389467494562268,-8.960211753845215
330,0.3303303122520447,51.66639709472656,-0.0006000292487442493,-0.0009691309533081949,-9.400496482849121
331,0.3313313126564026,51.71023941040039,-0.000579266925342381,-0.0013602660037577152,-8.592936515808105
332,0.3323323130607605,51.754112243652344,-0.0005608434439636767,-0.0017365767853334546,-7.8294901847839355
333,0.3333333432674408,51.79802703857422,-0.0005349349230527878,-0.0023105398286134005,-6.7274627685546875
334,0.3343343436717987,51.84197998046875,-0.0005183322937227786,-0.0026173642836511135,-6.119584083557129
335,0.3353353440761566,51.88597106933594,-0.0005566689651459455,-0.0015537964645773172,-8.025113105773926
336,0.3363363444805145,51.92999267578125,-0.0005367035046219826,-0.0019189981976523995,-7.325398921966553
337,0.33733734488487244,51.974056243896484,-0.0005080708651803434,-0.002398899756371975,-6.338095664978027
338,0.33833834528923035,52.018157958984375,-0.000497652858030051,-0.002439008327201009,-6.185663223266602
339,0.33933934569358826,52.06229782104492,-0.0005516082746908069,-0.0011584305902943015,-8.579530715942383
340,0.34034034609794617,52.106468200683594,-0.0005966894095763564,1.9213421182939783e-05,-10.64822769165039
341,0.3413413465023041,52.15068054199219,-0.0005894827772863209,-1.099635937862331e-05,-10.613049507141113
342,0.342342346906662,52.19493103027344,-0.0005941840936429799,0.00019577266357373446,-10.978836059570312
343,0.3433433473110199,52.23921585083008,-0.0006202104268595576,0.0009243617532774806,-12.199830055236816
344,0.3443443477153778,52.283546447753906,-0.0005991245852783322,0.00037232632166706026,-11.29636287689209
345,0.3453453481197357,52.327911376953125,-0.0005638377624563873,-0.0005248612142167985,-9.758176803588867
346,0.34634634852409363,52.372310638427734,-0.0005111341597512364,-0.0017119860276579857,-7.564006805419922
347,0.34734734892845154,52.416744232177734,-0.0005508543690666556,-0.0008718603057786822,-9.140641212463379
348,0.34834834933280945,52.46122360229492,-0.000533812097273767,-0.0011891478206962347,-8.451929092407227
349,0.34934934973716736,52.505733489990234,-0.0004927931004203856,-0.002013408811762929,-6.706320762634277
350,0.35035035014152527,52.55028533935547,-0.0004407417436596006,-0.003012966364622116,-4.413766384124756
351,0.3513513505458832,52.594879150390625,-0.0005570852663367987,-0.0003126474912278354,-9.697319984436035
352,0.3523523509502411,52.639503479003906,-0.000584311899729073,0.0005169172072783113,-11.054895401000977
353,0.353353351354599,52.68416976928711,-0.0006282065296545625,0.0019808360375463963,-13.408936500549316
354,0.3543543517589569,52.72887420654297,-0.000621771439909935,0.0017777414759621024,-13.064970970153809
355,0.3553553521633148,52.77360916137695,-0.0006314596394076943,0.002079126425087452,-13.557899475097656
356,0.35635635256767273,52.81839370727539,-0.0006645660614594817,0.0032369373366236687,-15.433197021484375
357,0.35735735297203064,52.86320495605469,-0.0007012170972302556,0.004857963882386684,-17.952302932739258
358,0.35835835337638855,52.90806198120117,-0.0006612916477024555,0.0027262764051556587,-14.997604370117188
359,0.35935935378074646,52.95295333862305,-0.0006777339149266481,0.003367182333022356,-16.101282119750977
360,0.36036035418510437,52.99788284301758,-0.0006849023047834635,0.0038198179099708796,-16.86697006225586
361,0.3613613545894623,53.0428581237793,-0.000610087881796062,0.001341680297628045,-13.097627639770508
362,0.3623623549938202,53.087860107421875,-0.0005746684037148952,0.0005724646034650505,-11.74498176574707
363,0.3633633553981781,53.13290786743164,-0.0006018775748088956,0.0014682753244414926,-13.18253231048584
364,0.364364355802536,53.1779899597168,-0.0005197016871534288,-0.0004719443677458912,-9.621639251708984
365,0.3653653562068939,53.223114013671875,-0.0004959864891134202,-0.000906391185708344,-8.61955451965332
366,0.36636635661125183,53.268272399902344,-0.00043864460894837976,-0.0020381647627800703,-6.047654151916504
367,0.36736735701560974,53.31346893310547,-0.0004142914549447596,-0.002532968297600746,-4.748283386230469
368,0.36836835741996765,53.358707427978516,-0.0004157902440056205,-0.0025392507668584585,-4.618071556091309
369,0.36936935782432556,53.40398025512695,-0.00045957727706991136,-0.001706705312244594,-6.455307960510254
370,0.37037035822868347,53.44929885864258,-0.00042533455416560173,-0.002492133993655443,-4.63654088973999
371,0.3713713586330414,53.49464797973633,-0.00042657030280679464,-0.0025823074392974377,-4.404487609863281
372,0.3723723590373993,53.5400390625,-0.0004026128735858947,-0.003206708235666156,-2.882211208343506
373,0.3733733594417572,53.58546829223633,-0.0004113112227059901,-0.003184674307703972,-2.9450550079345703
374,0.3743743598461151,53.63093566894531,-0.00043702483526431024,-0.0027994944248348475,-3.892439842224121
375,0.375375360250473,53.67644500732422,-0.0003797509125433862,-0.004175268579274416,-0.4755929708480835
376,0.37637636065483093,53.721988677978516,-0.00041327293729409575,-0.003455803729593754,-2.1850011348724365
377,0.37737736105918884,53.76757049560547,-0.0004205573641229421,-0.003337071044370532,-2.384852170944214
378,0.37837836146354675,53.813194274902344,-0.00043632651795633137,-0.0030362464021891356,-3.0398447513580322
379,0.37937936186790466,53.858856201171875,-0.00046805344754830003,-0.0023448262363672256,-4.508140563964844
380,0.3803803622722626,53.9045524597168,-0.0005087030003778636,-0.0013796624261885881,-6.395785808563232
381,0.3813813626766205,53.950294494628906,-0.0005800665239803493,0.0008532185456715524,-10.347818374633789
382,0.3823823630809784,53.996070861816406,-0.0005666958168148994,0.00044675692333839834,-9.542669296264648
383,0.3833833634853363,54.04188919067383,-0.000557727471459657,0.0001445627276552841,-8.937003135681152
384,0.3843843936920166,54.08774185180664,-0.0005371671868488193,-0.0005772071308456361,-7.574163436889648
385,0.3853853940963745,54.133636474609375,-0.0005220809252932668,-0.0011547707254067063,-6.5202484130859375
386,0.3863863945007324,54.1795654296875,-0.0005341204232536256,-0.0010302047012373805,-6.890744686126709
387,0.38738739490509033,54.22554016113281,-0.0005038583185523748,-0.0020364169031381607,-5.103270530700684
388,0.38838839530944824,54.271549224853516,-0.0005051152547821403,-0.002051732735708356,-5.2100749015808105
389,0.38938939571380615,54.317596435546875,-0.0005236304714344442,-0.001517344149760902,-6.358731746673584
390,0.39039039611816406,54.363685607910156,-0.0005629849038086832,-0.00044814887223765254,-8.50040340423584
391,0.391391396522522,54.40981674194336,-0.0004999900702387094,-0.0019451923435553908,-5.8454999923706055
392,0.3923923969268799,54.45597839355469,-0.0004453103174455464,-0.002946744440123439,-3.7889583110809326
393,0.3933933973312378,54.502193450927734,-0.0004111944872420281,-0.0033474962692707777,-2.702869415283203
394,0.3943943977355957,54.54843521118164,-0.0003782598068937659,-0.003783406922593713,-1.3888194561004639
395,0.3953953981399536,54.59471893310547,-0.0003780116094276309,-0.003496370976790786,-1.8723411560058594
396,0.3963963985443115,54.64104080200195,-0.00041297863936051726,-0.002520423149690032,-4.136170387268066
397,0.39739739894866943,54.68740463256836,-0.00042518763802945614,-0.002111749956384301,-4.88730001449585
398,0.39839839935302734,54.73381042480469,-0.0004406393854878843,-0.0016701744170859456,-5.703987121582031
399,0.39939939975738525,54.780250549316406,-0.0004476849571801722,-0.00140547682531178,-6.103520393371582
400,0.40040040016174316,54.82673263549805,-0.000451507861725986,-0.0012470498913899064,-6.319603443145752
401,0.4014014005661011,54.87324905395508,-0.000464356824522838,-0.0008462191908620298,-7.0594682693481445
402,0.402402400970459,54.91980743408203,-0.0004892938304692507,-0.00011374460882507265,-8.521212577819824
403,0.4034034013748169,54.96641540527344,-0.00047862945939414203,-0.0004449007974471897,-7.758033275604248
404,0.4044044017791748,55.01305389404297,-0.00045272623538039625,-0.0012601246125996113,-6.009501934051514
405,0.4054054021835327,55.059730529785156,-0.0004310395452193916,-0.0019345124019309878,-4.541457176208496
406,0.4064064025878906,55.106449127197266,-0.00039732566801831126,-0.002901616273447871,-2.2380661964416504
407,0.40740740299224854,55.1532096862793,-0.0003809780173469335,-0.003344742115586996,-1.0934042930603027
408,0.40840840339660645,55.200008392333984,-0.0003863074234686792,-0.0031680732499808073,-1.5395724773406982
409,0.40940940380096436,55.24684524536133,-0.00037160911597311497,-0.0035693447571247816,-0.5036255717277527
410,0.41041040420532227,55.293724060058594,-0.0003746872826013714,-0.0035871153231710196,-0.5278705358505249
411,0.4114114046096802,55.340641021728516,-0.0003766936424653977,-0.003671353217214346,-0.328066349029541
412,0.4124124050140381,55.38759231567383,-0.000394002185203135,-0.003372162114828825,-1.106471061706543
413,0.413413405418396,55.43458938598633,-0.00040736020309850574,-0.0031907684169709682,-1.527554988861084
414,0.4144144058227539,55.481624603271484,-0.0004157691728323698,-0.003089389530941844,-1.7388614416122437
415,0.4154154062271118,55.52870178222656,-0.00041503208922222257,-0.0032892324961721897,-1.2477164268493652
416,0.4164164066314697,55.5758171081543,-0.000410799024393782,-0.0035513697657734156,-0.553715705871582
417,0.41741740703582764,55.62297439575195,-0.0004173915949650109,-0.0033442131243646145,-0.9102603197097778
418,0.41841840744018555,55.67017364501953,-0.00040785258170217276,-0.0036290716379880905,0.0888216495513916
419,0.41941940784454346,55.71741485595703,-0.0003972493577748537,-0.003960490692406893,1.1293939352035522
420,0.42042040824890137,55.764686584472656,-0.0004149138112552464,-0.0033795249182730913,-0.22741937637329102
421,0.4214214086532593,55.81200408935547,-0.00043420057045295835,-0.002724291291087866,-1.8275575637817383
422,0.4224224090576172,55.85935592651367,-0.0004633694770745933,-0.001673676772043109,-4.266383171081543
423,0.4234234094619751,55.90675735473633,-0.00048233920824714005,-0.0011014682240784168,-5.618873119354248
424,0.424424409866333,55.954193115234375,-0.00047171078040264547,-0.0016661451663821936,-4.4698333740234375
425,0.4254254102706909,56.00166702270508,-0.0004622048872988671,-0.0019253268837928772,-3.678621768951416
426,0.42642641067504883,56.04918670654297,-0.000458744092611596,-0.0018092540558427572,-3.6060876846313477
427,0.42742741107940674,56.096744537353516,-0.00047091671149246395,-0.0011076972587034106,-4.849430561065674
428,0.42842841148376465,56.14434814453125,-0.0005014558555558324,1.665254239924252e-05,-7.087395668029785
429,0.42942941188812256,56.191978454589844,-0.00047885708045214415,-0.0007039825432002544,-5.643462181091309
430,0.43043041229248047,56.239662170410156,-0.0005099765839986503,0.0002361486986046657,-7.6349711418151855
431,0.4314314126968384,56.287384033203125,-0.0005472083576023579,0.0018606740050017834,-10.788154602050781
432,0.4324324131011963,56.335140228271484,-0.0005335794412530959,0.0013602770632132888,-9.89135456085205
433,0.4334334135055542,56.3829460144043,-0.0005207129870541394,0.001052314881235361,-9.294621467590332
434,0.4344344139099121,56.430782318115234,-0.0004596568178385496,-0.0009009417844936252,-5.3052215576171875
435,0.43543541431427,56.478668212890625,-0.00047341431491076946,-0.0002758507616817951,-6.655576705932617
436,0.4364364445209503,56.526588439941406,-0.000424872909206897,-0.0017400800716131926,-3.425065517425537
437,0.4374374449253082,56.574554443359375,-0.00044494817848317325,-0.0009186503011733294,-5.363481521606445
438,0.43843844532966614,56.62255859375,-0.0004488402046263218,-0.0006399541744031012,-6.042514801025391
439,0.43943944573402405,56.67060089111328,-0.00044533656910061836,-0.000635758857242763,-6.131734371185303
440,0.44044044613838196,56.718685150146484,-0.00045695522567257285,-9.172246791422367e-05,-7.375431060791016
441,0.44144144654273987,56.76681137084961,-0.00047891869326122105,0.0008210359374061227,-9.359991073608398
442,0.4424424469470978,56.814979553222656,-0.00048476626398041844,0.001148671144619584,-10.016866683959961
443,0.4434434473514557,56.86318588256836,-0.0004787047510035336,0.0010206566657871008,-9.731832504272461
444,0.4444444477558136,56.911434173583984,-0.0004674269584938884,0.0007352389511652291,-9.103333473205566
445,0.4454454481601715,56.95972442626953,-0.0004547670832835138,0.0004418129683472216,-8.423454284667969
446,0.4464464485645294,57.008056640625,-0.00044271856313571334,0.00014033606566954404,-7.6634650230407715
447,0.44744744896888733,57.056427001953125,-0.0004409418907016516,0.00023461754608433694,-7.726894378662109
448,0.44844844937324524,57.10483932495117,-0.00044170109322294593,0.0004373137198854238,-7.965376853942871
449,0.44944944977760315,57.153297424316406,-0.00044397349120117724,0.0006575961015187204,-8.253307342529297
450,0.45045045018196106,57.20178985595703,-0.00044135074131190777,0.0005905345897190273,-7.889260292053223
451,0.45145145058631897,57.25032424926758,-0.0004348647780716419,0.00022160819207783788,-6.8949503898620605
452,0.4524524509906769,57.29890060424805,-0.00044359115418046713,0.0006023055175319314,-7.610119819641113
453,0.4534534513950348,57.3475227355957,-0.00045104220043867826,0.0008852340979501605,-8.131487846374512
454,0.4544544517993927,57.396183013916016,-0.0004563437541946769,0.0011317945318296552,-8.588541030883789
455,0.4554554522037506,57.444881439208984,-0.0004702269216068089,0.0018836926901713014,-10.116663932800293
456,0.4564564526081085,57.49362564086914,-0.00048553000669926405,0.0029309610836207867,-12.11422348022461
457,0.45745745301246643,57.54240417480469,-0.0004736700211651623,0.0022224781569093466,-10.425576210021973
458,0.45845845341682434,57.59122848510742,-0.00046437681885436177,0.0014884069096297026,-8.739960670471191
459,0.45945945382118225,57.640098571777344,-0.00048188772052526474,0.0025304844602942467,-10.91773509979248
460,0.46046045422554016,57.68900680541992,-0.0004692525544669479,0.0013980894582346082,-8.621322631835938
461,0.46146145462989807,57.73795700073242,-0.00046395754907280207,0.0010851577389985323,-8.04940414428711
462,0.462462455034256,57.786949157714844,-0.00045899784890934825,0.0009195590391755104,-7.795289516448975
463,0.4634634554386139,57.83598327636719,-0.00042703369399532676,-0.0010773214744403958,-3.3509554862976074
464,0.4644644558429718,57.88505554199219,-0.0004310768563300371,-0.0008048980962485075,-4.130173206329346
465,0.4654654562473297,57.934165954589844,-0.0004358811129350215,-0.0004407323431223631,-5.131256103515625
466,0.4664664566516876,57.98332977294922,-0.00043922130134887993,-0.00012560488539747894,-5.9160966873168945
467,0.46746745705604553,58.03252410888672,-0.00043969592661596835,-3.9400307286996394e-05,-6.157135486602783
468,0.46846845746040344,58.08176803588867,-0.0004249424673616886,-0.0007816641009412706,-4.500649452209473
469,0.46946945786476135,58.131046295166016,-0.00044390029506757855,1.8643500879989006e-05,-6.489206790924072
470,0.47047045826911926,58.18037414550781,-0.00044851828715763986,5.191902528167702e-05,-6.772445201873779
471,0.4714714586734772,58.229740142822266,-0.0004237681278027594,-0.0008697355515323579,-4.921523094177246
472,0.4724724590778351,58.27914810180664,-0.00046601530630141497,0.00032240807195194066,-7.851799011230469
473,0.473473459482193,58.32859802246094,-0.00046274997293949127,0.0001484350359532982,-7.624004364013672
474,0.4744744598865509,58.37809371948242,-0.00046116329031065106,0.00019164301920682192,-7.719128608703613
475,0.4754754602909088,58.42762756347656,-0.0005050166510045528,0.002400120720267296,-12.234546661376953
476,0.4764764606952667,58.47719955444336,-0.00048233690904453397,0.0015661751385778189,-10.515443801879883
477,0.47747746109962463,58.52682113647461,-0.00047298037679865956,0.001597575144842267,-10.577188491821289
478,0.47847846150398254,58.57647705078125,-0.00047229204210452735,0.0020342902280390263,-11.511917114257812
479,0.47947946190834045,58.626182556152344,-0.00048049556789919734,0.002786732977256179,-13.132442474365234
480,0.48048046231269836,58.675926208496094,-0.00048777798656374216,0.0034249925520271063,-14.358351707458496
481,0.4814814627170563,58.725711822509766,-0.00047551008174195886,0.0027735268231481314,-12.831877708435059
482,0.4824824631214142,58.775543212890625,-0.00046452099923044443,0.0021924132015556097,-11.372740745544434
483,0.4834834635257721,58.82541275024414,-0.0004325765185058117,0.0006360553670674562,-7.721650123596191
484,0.48448446393013,58.875328063964844,-0.00039856822695583105,-0.0010642290581017733,-3.493791341781616
485,0.4854854643344879,58.92528533935547,-0.0004233389045111835,-4.345799970906228e-05,-5.880634784698486
486,0.4864864647388458,58.97528076171875,-0.0004286205512471497,0.00016471673734486103,-6.187748908996582
487,0.4874874949455261,59.025325775146484,-0.000408300431445241,-0.000837575236801058,-3.556246280670166
488,0.48848849534988403,59.07540512084961,-0.0004006107337772846,-0.0012471742229536176,-2.4017093181610107
489,0.48948949575424194,59.12553024291992,-0.00040408316999673843,-0.001050648745149374,-2.83760142326355
490,0.49049049615859985,59.17570114135742,-0.00040757155511528254,-0.0007821832550689578,-3.4804718494415283
491,0.49149149656295776,59.22591781616211,-0.0004077398043591529,-0.0006046047201380134,-3.9160637855529785
492,0.4924924969673157,59.27616500854492,-0.00039075271342881024,-0.0013158803340047598,-2.191227674484253
493,0.4934934973716736,59.32646560668945,-0.0003863957535941154,-0.0014696649741381407,-1.8863164186477661
494,0.4944944977760315,59.376800537109375,-0.00038386747473850846,-0.001606517005711794,-1.674278974533081
495,0.4954954981803894,59.427181243896484,-0.000399227807065472,-0.0007024247315712273,-4.143340587615967
496,0.4964964985847473,59.47761154174805,-0.0004276717663742602,0.0007571294554509223,-7.812585830688477
497,0.4974974989891052,59.528072357177734,-0.0004474922316148877,0.0016756706172600389,-9.943049430847168
498,0.49849849939346313,59.57858657836914,-0.00046145624946802855,0.002332705073058605,-11.396289825439453
499,0.49949949979782104,59.62913513183594,-0.0004524672986008227,0.0014277732698246837,-9.442651748657227
500,0.500500500202179,59.67972946166992,-0.0004348522634245455,0.0002911229385063052,-6.896670341491699
501,0.5015015006065369,59.73036575317383,-0.00046278064837679267,0.0014717121375724673,-9.513998031616211
502,0.5025025010108948,59.78105163574219,-0.00047552899923175573,0.002206361386924982,-11.042726516723633
503,0.5035035014152527,59.83177947998047,-0.0004585132119245827,0.0011542059946805239,-8.763869285583496
504,0.5045045018196106,59.88254165649414,-0.0004700935387518257,0.001951148733496666,-10.4557466506958
505,0.5055055022239685,59.93335723876953,-0.00047815946163609624,0.002842548070475459,-12.297754287719727
506,0.5065065026283264,59.98421096801758,-0.0004788137739524245,0.003242512932047248,-13.097087860107422
507,0.5075075030326843,60.03510665893555,-0.0004825000069104135,0.004715784918516874,-16.11855697631836
508,0.5085085034370422,60.08604431152344,-0.0004796758876182139,0.004986872896552086,-16.644323348999023
509,0.5095095038414001,60.13703155517578,-0.0004784782067872584,0.00518080173060298,-17.038349151611328
510,0.5105105042457581,60.18806076049805,-0.00047953356988728046,0.005442793481051922,-17.59148406982422
511,0.511511504650116,60.2391242980957,-0.0004757908172905445,0.004557415377348661,-15.76068115234375
512,0.5125125050544739,60.29024124145508,-0.00047609207103960216,0.004657363053411245,-16.014244079589844
513,0.5135135054588318,60.341392517089844,-0.00047439400805160403,0.004525797441601753,-15.764864921569824
514,0.5145145058631897,60.39259719848633,-0.000472727493615821,0.004367516841739416,-15.47128963470459
515,0.5155155062675476,60.44384002685547,-0.0004766627971548587,0.004990506451576948,-16.832738876342773
516,0.5165165066719055,60.495121002197266,-0.00048131405492313206,0.005736196879297495,-18.35960578918457
517,0.5175175070762634,60.54645538330078,-0.0004763790057040751,0.005341575015336275,-17.48238182067871
518,0.5185185074806213,60.59783172607422,-0.0004669513728003949,0.0045379349030554295,-15.756826400756836
519,0.5195195078849792,60.64924621582031,-0.0004521829541772604,0.003430573269724846,-13.342764854431152
520,0.5205205082893372,60.700706481933594,-0.00045346200931817293,0.004045453853905201,-14.690991401672363
521,0.5215215086936951,60.75221252441406,-0.00045534843229688704,0.004657256882637739,-16.06791114807129
522,0.522522509098053,60.80376434326172,-0.0004548095748759806,0.004829526413232088,-16.499183654785156
523,0.5235235095024109,60.85535430908203,-0.00044118211371824145,0.003497249213978648,-13.568580627441406
524,0.5245245099067688,60.90699005126953,-0.0004408965469338,0.0035430220887064934,-13.693652153015137
525,0.5255255103111267,60.95866775512695,-0.00044785928912460804,0.0044517312198877335,-15.773807525634766
526,0.5265265107154846,61.01039123535156,-0.00044792413245886564,0.004405049607157707,-15.726937294006348
527,0.5275275111198425,61.06216049194336,-0.00044758524745702744,0.0043235584162175655,-15.620773315429688
528,0.5285285115242004,61.11397171020508,-0.00045903632417321205,0.005886318162083626,-19.146026611328125
529,0.5295295119285583,61.165828704833984,-0.0004476945905480534,0.004140323959290981,-15.38970947265625
530,0.5305305123329163,61.21773147583008,-0.0004518595524132252,0.00472855381667614,-16.782398223876953
531,0.5315315127372742,61.26966857910156,-0.0004550802696030587,0.005390404257923365,-18.305622100830078
532,0.5325325131416321,61.3216552734375,-0.0004540138179436326,0.005461784545332193,-18.519439697265625
533,0.53353351354599,61.373695373535156,-0.000463757460238412,0.0070183794014155865,-21.934978485107422
534,0.5345345139503479,61.4257698059082,-0.00046240020310506225,0.006908020470291376,-21.701189041137695
535,0.5355355143547058,61.47788619995117,-0.0004546051495708525,0.005909902974963188,-19.413442611694336
536,0.5365365147590637,61.530052185058594,-0.00045072054490447044,0.0055917734280228615,-18.592126846313477
537,0.5375375151634216,61.5822639465332,-0.00045188303920440376,0.005910295993089676,-19.162858963012695
538,0.5385385155677795,61.63451385498047,-0.00044636920210905373,0.005478982347995043,-18.146329879760742
539,0.5395395755767822,61.68681716918945,-0.00044456112664192915,0.0054372078739106655,-18.07146453857422
540,0.5405405759811401,61.73915481567383,-0.00044548045843839645,0.005578156094998121,-18.44181251525879
541,0.541541576385498,61.791542053222656,-0.0004636408993974328,0.00800410658121109,-23.83852195739746
542,0.542542576789856,61.843971252441406,-0.00045226840302348137,0.00672285258769989,-21.10185432434082
543,0.5435435771942139,61.89645004272461,-0.0004433422873262316,0.005688944831490517,-18.793371200561523
544,0.5445445775985718,61.94896697998047,-0.0004424178332556039,0.0056215557269752026,-18.6173152923584
545,0.5455455780029297,62.001529693603516,-0.00044664155575446784,0.006179607938975096,-19.82175064086914
546,0.5465465784072876,62.05413818359375,-0.00044800026807934046,0.0059809559024870396,-19.310897827148438
547,0.5475475788116455,62.10679244995117,-0.0004467983089853078,0.005440670996904373,-17.995742797851562
548,0.5485485792160034,62.159488677978516,-0.0004479583876673132,0.005442786496132612,-17.860801696777344
549,0.5495495796203613,62.21223068237305,-0.00044633433572016656,0.004689379129558802,-16.009916305541992
550,0.5505505800247192,62.26502227783203,-0.0004433054418768734,0.0037596500478684902,-13.704590797424316
551,0.5515515804290771,62.31785202026367,-0.0004426651867106557,0.004130309913307428,-14.32861328125
552,0.5525525808334351,62.3707275390625,-0.00044060510117560625,0.004620974417775869,-15.254914283752441
553,0.553553581237793,62.42365264892578,-0.00044123627594672143,0.006646424066275358,-19.737651824951172
554,0.5545545816421509,62.476619720458984,-0.00043220503721386194,0.0054002925753593445,-16.868419647216797
555,0.5555555820465088,62.52962875366211,-0.00042899418622255325,0.005925652105361223,-18.16256332397461
556,0.5565565824508667,62.58268737792969,-0.0004278147825971246,0.006287075113505125,-19.17182159423828
557,0.5575575828552246,62.63578796386719,-0.0004373156698420644,0.007778688333928585,-22.853389739990234
558,0.5585585832595825,62.688934326171875,-0.00043379422277212143,0.007250153925269842,-21.90640640258789
559,0.5595595836639404,62.74212646484375,-0.0004422643396537751,0.008146374486386776,-24.244592666625977
560,0.5605605840682983,62.79536437988281,-0.00043410694343037903,0.006643957924097776,-21.097307205200195
561,0.5615615844726562,62.8486442565918,-0.00044025882380083203,0.007062314078211784,-22.24393653869629
562,0.5625625848770142,62.901973724365234,-0.00042678508907556534,0.0052012186497449875,-18.029518127441406
563,0.5635635852813721,62.955345153808594,-0.00043679343070834875,0.006223889533430338,-20.346086502075195
564,0.56456458568573,63.008766174316406,-0.0004487606347538531,0.007572872098535299,-23.293014526367188
565,0.5655655860900879,63.062225341796875,-0.0004552050377242267,0.008329193107783794,-24.786117553710938
566,0.5665665864944458,63.11573791503906,-0.00045418122317641973,0.008263224735856056,-24.448034286499023
567,0.5675675868988037,63.16929244995117,-0.00044363230699673295,0.006804215721786022,-21.021915435791016
568,0.5685685873031616,63.2228889465332,-0.00043868881766684353,0.006453218404203653,-20.08031463623047
569,0.5695695877075195,63.27653503417969,-0.0004401406622491777,0.007232222706079483,-21.74911880493164
570,0.5705705881118774,63.33022689819336,-0.00043532787822186947,0.006818622816354036,-20.768815994262695
571,0.5715715885162354,63.38396072387695,-0.00043136815656907856,0.006616950500756502,-20.333505630493164
572,0.5725725889205933,63.437744140625,-0.0004306117771193385,0.00705726770684123,-21.439878463745117
573,0.5735735893249512,63.4915657043457,-0.0004315721453167498,0.00755433551967144,-22.70256996154785
574,0.5745745897293091,63.545440673828125,-0.0004246965399943292,0.006875913590192795,-21.264310836791992
575,0.575575590133667,63.599361419677734,-0.00041562371188774705,0.005956048145890236,-19.194137573242188
576,0.5765765905380249,63.65332794189453,-0.00041720049921423197,0.0065297773107886314,-20.652727127075195
577,0.5775775909423828,63.707332611083984,-0.00041187513852491975,0.0060538011603057384,-19.576171875
578,0.5785785913467407,63.761390686035156,-0.00040228047873824835,0.00459072133526206,-16.050186157226562
579,0.5795795917510986,63.815494537353516,-0.0004038328188471496,0.005208886694163084,-17.615436553955078
580,0.5805805921554565,63.8696403503418,-0.00039883871795609593,0.004110958892852068,-14.83527946472168
581,0.5815815925598145,63.92383575439453,-0.0004021865897811949,0.005084662698209286,-17.178987503051758
582,0.5825825929641724,63.97807693481445,-0.00039993919199332595,0.0048776352778077126,-16.527145385742188
583,0.5835835933685303,64.03236389160156,-0.00039933418156579137,0.005190705414861441,-17.210546493530273
584,0.5845845937728882,64.0866928100586,-0.0003978628374170512,0.00484297564253211,-16.298969268798828
585,0.5855855941772461,64.14107513427734,-0.00039696067688055336,0.004710077773779631,-15.992681503295898
586,0.586586594581604,64.19549560546875,-0.0003950393293052912,0.004505710676312447,-15.521228790283203
587,0.5875875949859619,64.24996948242188,-0.0003965333162341267,0.005581778474152088,-18.29795265197754
588,0.5885885953903198,64.30448150634766,-0.00039494538214057684,0.005659283138811588,-18.528026580810547
589,0.5895895957946777,64.35903930664062,-0.00039069808553904295,0.004900954198092222,-16.61976432800293
590,0.5905905961990356,64.41365814208984,-0.0003909665101673454,0.00510718347504735,-17.171634674072266
591,0.5915915966033936,64.46830749511719,-0.00039117239066399634,0.005001498851925135,-16.944067001342773
592,0.5925925970077515,64.52301025390625,-0.000393893220461905,0.005695152562111616,-18.67498207092285
593,0.5935935974121094,64.5777587890625,-0.00039555723196826875,0.00615093344822526,-19.71360969543457
594,0.5945945978164673,64.63255310058594,-0.00039743579691275954,0.006757223512977362,-21.1507511138916
595,0.5955955982208252,64.68739318847656,-0.0004006178642157465,0.0074874479323625565,-22.932098388671875
596,0.5965965986251831,64.74227905273438,-0.00041341909673064947,0.01033360231667757,-29.932899475097656
597,0.597597599029541,64.7972183227539,-0.0004043897788506001,0.008844055235385895,-26.456674575805664
598,0.5985985994338989,64.8521957397461,-0.00039929687045514584,0.00819482933729887,-25.05255699157715
599,0.5995995998382568,64.9072265625,-0.00039874063804745674,0.008207887411117554,-25.25327491760254
600,0.6006006002426147,64.96229553222656,-0.0003973653947468847,0.007919831201434135,-24.575477600097656
601,0.6016016006469727,65.01741790771484,-0.0003951851977035403,0.0067860898561775684,-21.701675415039062
602,0.6026026010513306,65.07258605957031,-0.0003983455244451761,0.006741179618984461,-21.541893005371094
603,0.6036036014556885,65.12779998779297,-0.00040048500522971153,0.006802728399634361,-21.65882110595703
604,0.6046046018600464,65.18305969238281,-0.00039825571002438664,0.005823944229632616,-19.18549346923828
605,0.6056056022644043,65.23836517333984,-0.000396120420191437,0.005573767703026533,-18.56174659729004
606,0.6066066026687622,65.2937240600586,-0.0003939179005101323,0.005177025217562914,-17.591793060302734
607,0.6076076030731201,65.34912872314453,-0.00039199477760121226,0.003936300985515118,-14.483598709106445
608,0.608608603477478,65.40457916259766,-0.00038976778159849346,0.003014899557456374,-12.192649841308594
609,0.6096096038818359,65.46007537841797,-0.00038735903217457235,0.002631946001201868,-11.2401123046875
610,0.6106106042861938,65.51561737060547,-0.0003869495412800461,0.0028674667701125145,-11.863907814025879
611,0.6116116046905518,65.57120513916016,-0.00038457143818959594,0.002839522436261177,-11.790603637695312
612,0.6126126050949097,65.62684631347656,-0.0003829699126072228,0.002426029881462455,-10.677255630493164
613,0.6136136054992676,65.68252563476562,-0.000385739142075181,0.0026257892604917288,-11.160638809204102
614,0.6146146059036255,65.7382583618164,-0.0003870893269777298,0.002330922055989504,-10.374505996704102
615,0.6156156063079834,65.79403686523438,-0.0003915656707249582,0.0026594477239996195,-11.1895112991333
616,0.6166166067123413,65.84986877441406,-0.0003944111231248826,0.002814770909026265,-11.55170726776123
617,0.6176176071166992,65.9057388305664,-0.00039612039108760655,0.0030853156931698322,-12.239699363708496
618,0.6186186075210571,65.96166229248047,-0.0003912561514880508,0.0020365817472338676,-9.571073532104492
619,0.619619607925415,66.01763153076172,-0.0003861810255330056,0.0016171021852642298,-8.488786697387695
620,0.620620608329773,66.07364654541016,-0.0003614255110733211,4.675246964325197e-05,-4.326014518737793
621,0.6216216087341309,66.12971496582031,-0.0003724734706338495,0.0008511500200256705,-6.546250343322754
622,0.6226226091384888,66.18582916259766,-0.00037255696952342987,0.000921919709071517,-6.764619827270508
623,0.6236236095428467,66.24198150634766,-0.0003832647926174104,0.0017866181442514062,-9.048480033874512
624,0.6246246099472046,66.29818725585938,-0.0003732370096258819,0.0010203304700553417,-6.980273723602295
625,0.6256256103515625,66.35443878173828,-0.00038093054899945855,0.0016869588289409876,-8.68174934387207
626,0.6266266107559204,66.4107437133789,-0.00037492200499400496,0.001221147016622126,-7.426272392272949
627,0.6276276111602783,66.46709442138672,-0.0003648399142548442,0.0006218967610038817,-5.798693656921387
628,0.6286286115646362,66.52349090576172,-0.00036429730243980885,0.0006307899602688849,-5.814510345458984
629,0.6296296119689941,66.57994079589844,-0.0003693100588861853,0.001005297526717186,-6.771332740783691
630,0.630630612373352,66.63642883300781,-0.0003502940817270428,-5.9813544794451445e-05,-3.7146008014678955
631,0.63163161277771,66.6929702758789,-0.0003538406454026699,0.00022732745856046677,-4.438614368438721
632,0.6326326131820679,66.74955749511719,-0.0003469527291599661,-0.00011491392069729045,-3.3840255737304688
633,0.6336336135864258,66.80619812011719,-0.0003339312970638275,-0.001039688941091299,-0.605852484703064
634,0.6346346139907837,66.86288452148438,-0.000327049579937011,-0.0018465162720531225,1.8233598470687866
635,0.6356356143951416,66.91961669921875,-0.00033346127020195127,-0.0012690710136666894,0.008179187774658203
636,0.6366366147994995,66.97640228271484,-0.0003352719359099865,-0.0011176369152963161,-0.513643741607666
637,0.6376376152038574,67.0332260131836,-0.0003275661147199571,-0.0022472485434263945,2.7909820079803467
638,0.6386386156082153,67.0901107788086,-0.00032550329342484474,-0.0027742385864257812,4.268073081970215
639,0.6396396160125732,67.14703369140625,-0.0003228471614420414,-0.0028576087206602097,4.413568019866943
640,0.6406406164169312,67.20401000976562,-0.0003273424517828971,-0.0014539847616106272,-0.006563782691955566
641,0.6416416764259338,67.26103210449219,-0.00032154639484360814,-0.0018624421209096909,1.2092666625976562
642,0.6426426768302917,67.31810760498047,-0.00031698940438218415,-0.0022467009257525206,2.4628098011016846
643,0.6436436772346497,67.37522888183594,-0.0003214534663129598,-0.0015842643333598971,0.5395254492759705
644,0.6446446776390076,67.4323959350586,-0.00032509080483578146,-0.0012080490123480558,-0.4176589250564575
645,0.6456456780433655,67.48960876464844,-0.0003286522114649415,-0.0008681062608957291,-1.235779047012329
646,0.6466466784477234,67.546875,-0.00032284052576869726,-0.0012231910368427634,0.012435436248779297
647,0.6476476788520813,67.60418701171875,-0.00031904265051707625,-0.0014155854005366564,0.704401969909668
648,0.6486486792564392,67.66155242919922,-0.00031450821552425623,-0.0016633435152471066,1.5397545099258423
649,0.6496496796607971,67.71896362304688,-0.000312397547531873,-0.001621028408408165,1.4011731147766113
650,0.650650680065155,67.77642822265625,-0.0003031300730071962,-0.002549778437241912,4.400628089904785
651,0.6516516804695129,67.83393859863281,-0.0003014110552612692,-0.002262184163555503,3.3351149559020996
652,0.6526526808738708,67.89148712158203,-0.00029533455381169915,-0.0031673030462116003,6.198362350463867
653,0.6536536812782288,67.9490966796875,-0.00029390095733106136,-0.0035771417897194624,7.433609962463379
654,0.6546546816825867,68.00675201416016,-0.00029225205071270466,-0.0033691662829369307,6.651072025299072
655,0.6556556820869446,68.064453125,-0.00029394536977633834,-0.0031575753819197416,5.99582576751709
656,0.6566566824913025,68.1222152709961,-0.0002964594168588519,-0.002982177073135972,5.477771282196045
657,0.6576576828956604,68.18000793457031,-0.00029882206581532955,-0.003651419887319207,7.8372650146484375
658,0.6586586833000183,68.23786163330078,-0.00030022114515304565,-0.0033867578022181988,7.082040786743164
659,0.6596596837043762,68.29576110839844,-0.0003120095352642238,-0.004931358154863119,12.281800270080566
660,0.6606606841087341,68.35371398925781,-0.00031290180049836636,-0.004629369825124741,11.452950477600098
661,0.661661684513092,68.41171264648438,-0.0003230252186767757,-0.005605190526694059,14.687830924987793
662,0.66266268491745,68.46975708007812,-0.0003205875400453806,-0.005048765335232019,13.119991302490234
663,0.6636636853218079,68.5278549194336,-0.00032603161525912583,-0.006857080385088921,18.843578338623047
664,0.6646646857261658,68.58599853515625,-0.00032145529985427856,-0.007920196279883385,22.23395538330078
665,0.6656656861305237,68.64419555664062,-0.0003227410779800266,-0.0077028898522257805,21.56074333190918
666,0.6666666865348816,68.70243835449219,-0.00032513527548871934,-0.006978814955800772,19.235700607299805
667,0.6676676869392395,68.76073455810547,-0.00032445183023810387,-0.007621437311172485,21.089759826660156
668,0.6686686873435974,68.81907653808594,-0.0003247027052566409,-0.007382877171039581,20.257957458496094
669,0.6696696877479553,68.87747192382812,-0.0003242017701268196,-0.007462246343493462,20.41820526123047
670,0.6706706881523132,68.9359130859375,-0.00031863871845416725,-0.005699744448065758,14.900001525878906
671,0.6716716885566711,68.9944076538086,-0.0003153836587443948,-0.005438502877950668,14.065753936767578
672,0.672672688961029,69.05294799804688,-0.0003114086575806141,-0.005188076291233301,13.282658576965332
673,0.673673689365387,69.11154174804688,-0.00031008117366582155,-0.005319275427609682,13.729177474975586
674,0.6746746897697449,69.17018127441406,-0.00030782754765823483,-0.0053604962304234505,13.938081741333008
675,0.6756756901741028,69.22887420654297,-0.00030836794758215547,-0.005736939143389463,15.318473815917969
676,0.6766766905784607,69.2876205444336,-0.000306848029140383,-0.005970027297735214,16.293542861938477
677,0.6776776909828186,69.34640502929688,-0.00029996479861438274,-0.005502327810972929,14.915517807006836
678,0.6786786913871765,69.4052505493164,-0.0003028175560757518,-0.005938156507909298,16.4810791015625
679,0.6796796917915344,69.4641342163086,-0.0002994825190398842,-0.005520234350115061,15.197555541992188
680,0.6806806921958923,69.52307891845703,-0.0002980863500852138,-0.00523901404812932,14.297361373901367
681,0.6816816926002502,69.58206939697266,-0.000299858336802572,-0.0052620116621255875,14.34892463684082
682,0.6826826930046082,69.64111328125,-0.0003025696496479213,-0.005448672920465469,14.921768188476562
683,0.6836836934089661,69.7001953125,-0.00030676263850182295,-0.006657332181930542,18.774160385131836
684,0.684684693813324,69.75934600830078,-0.00030646714731119573,-0.005492805503308773,14.826095581054688
685,0.6856856942176819,69.81852722167969,-0.00030769326258450747,-0.006709050852805376,18.60506820678711
686,0.6866866946220398,69.87776947021484,-0.00030881515704095364,-0.006660396698862314,18.298213958740234
687,0.6876876950263977,69.93706512451172,-0.0003101530601270497,-0.006033393554389477,16.217926025390625
688,0.6886886954307556,69.99640655517578,-0.00030858092941343784,-0.005509700160473585,14.544050216674805
689,0.6896896958351135,70.05580139160156,-0.0003067938087042421,-0.005618961062282324,15.047990798950195
690,0.6906906962394714,70.11524200439453,-0.00030625384533777833,-0.0062519037164747715,17.374906539916992
691,0.6916916966438293,70.17473602294922,-0.00030501760193146765,-0.006448511499911547,18.252973556518555
692,0.6926926970481873,70.23428344726562,-0.0002986170584335923,-0.005255536641925573,14.451868057250977
693,0.6936936974525452,70.29387664794922,-0.0002959506236948073,-0.004816751461476088,13.03409194946289
694,0.6946946978569031,70.353515625,-0.0002985058235935867,-0.005196419078856707,14.2537260055542
695,0.695695698261261,70.41321563720703,-0.00029875023756176233,-0.005251830909401178,14.424650192260742
696,0.6966966986656189,70.47296142578125,-0.00029484039987437427,-0.004370278678834438,11.52733325958252
697,0.6976976990699768,70.53276062011719,-0.0002947862958535552,-0.004751534201204777,12.854912757873535
698,0.6986986994743347,70.59259796142578,-0.00029489805456250906,-0.005717591382563114,16.181411743164062
699,0.6996996998786926,70.65249633789062,-0.0002924524596892297,-0.005925452336668968,16.919837951660156
700,0.7007007002830505,70.71244812011719,-0.0002923811844084412,-0.006712198257446289,19.593189239501953
701,0.7017017006874084,70.77244567871094,-0.0002886226284317672,-0.005780032370239496,16.337358474731445
702,0.7027027010917664,70.83250427246094,-0.00029039164655841887,-0.006122194230556488,17.41888999938965
703,0.7037037014961243,70.8926010131836,-0.0002920037368312478,-0.006275742780417204,17.85930633544922
704,0.7047047019004822,70.95275115966797,-0.0002911456685978919,-0.0057466900907456875,16.05047035217285
705,0.7057057023048401,71.0129623413086,-0.0002913835342042148,-0.005392975173890591,14.956335067749023
706,0.706706702709198,71.07321166992188,-0.0002951849310193211,-0.005840345751494169,16.65692710876465
707,0.7077077031135559,71.1335220336914,-0.00029023393290117383,-0.004499951843172312,12.27705192565918
708,0.7087087035179138,71.19387817382812,-0.00029445960535667837,-0.0052885208278894424,15.155908584594727
709,0.7097097039222717,71.25428771972656,-0.00029152067145332694,-0.004743242170661688,13.394412994384766
710,0.7107107043266296,71.31475067138672,-0.00029828326660208404,-0.006180352997034788,18.263582229614258
711,0.7117117047309875,71.37525939941406,-0.0002991521614603698,-0.006822343450039625,20.372020721435547
712,0.7127127051353455,71.4358139038086,-0.0002987287298310548,-0.007041673641651869,21.120407104492188
713,0.7137137055397034,71.4964370727539,-0.0002988508203998208,-0.006562278140336275,19.5998477935791
714,0.7147147059440613,71.55709838867188,-0.0002976115501951426,-0.007417725399136543,22.48372459411621
715,0.7157157063484192,71.61781311035156,-0.0002985236933454871,-0.007372826337814331,22.261110305786133
716,0.7167167067527771,71.67858123779297,-0.0003011208027601242,-0.006230765022337437,18.37772560119629
717,0.717717707157135,71.7394027709961,-0.00030036718817427754,-0.005288427695631981,15.134125709533691
718,0.7187187075614929,71.8002700805664,-0.00029994157375767827,-0.004990979563444853,14.007430076599121
719,0.7197197079658508,71.86119842529297,-0.0002976850373670459,-0.004410343244671822,11.892955780029297
720,0.7207207083702087,71.92217254638672,-0.00029204244492575526,-0.002838438143953681,6.395747661590576
721,0.7217217087745667,71.98320007324219,-0.00029151266789995134,-0.00308921467512846,7.151617050170898
722,0.7227227091789246,72.04427337646484,-0.0002915667719207704,-0.003578636096790433,8.709195137023926
723,0.7237237095832825,72.10540771484375,-0.0002917408128269017,-0.004366203211247921,11.26607608795166
724,0.7247247099876404,72.16658782958984,-0.0002904488646890968,-0.0045405286364257336,11.771498680114746
725,0.7257257103919983,72.22782135009766,-0.00029021332738921046,-0.00517183868214488,13.93302059173584
726,0.7267267107963562,72.28910827636719,-0.0002895971410907805,-0.0055926889181137085,15.436701774597168
727,0.7277277112007141,72.3504409790039,-0.00028943049255758524,-0.005710043013095856,15.925040245056152
728,0.728728711605072,72.41183471679688,-0.00029015852487646043,-0.006810074672102928,19.784454345703125
729,0.7297297120094299,72.47327423095703,-0.0002890585165005177,-0.007523322943598032,22.31193733215332
730,0.7307307124137878,72.53477478027344,-0.000291149306576699,-0.006896373815834522,20.19867706298828
731,0.7317317128181458,72.59632110595703,-0.0002918120299000293,-0.007327032275497913,21.74030876159668
732,0.7327327132225037,72.65791320800781,-0.00029139150865375996,-0.007944484241306782,23.936182022094727
733,0.7337337136268616,72.71956634521484,-0.0002943338477052748,-0.00772053049877286,23.343830108642578
734,0.7347347140312195,72.78126525878906,-0.0002968611952383071,-0.0069309258833527565,20.891094207763672
735,0.7357357144355774,72.84302520751953,-0.00029543423443101346,-0.006180848926305771,18.56609344482422
736,0.7367367148399353,72.90483093261719,-0.0002941615239251405,-0.006417570635676384,19.583282470703125
737,0.7377377152442932,72.96669006347656,-0.00029389309929683805,-0.006847832351922989,21.184358596801758
738,0.7387387156486511,73.02860260009766,-0.0002883769338950515,-0.006177002098411322,18.994951248168945
739,0.739739716053009,73.09056854248047,-0.0002858923398889601,-0.00610270444303751,18.81427001953125
740,0.7407407164573669,73.152587890625,-0.00029262795578688383,-0.007611361797899008,24.157440185546875
741,0.7417417168617249,73.21465301513672,-0.00029289344092831016,-0.007855730131268501,25.109678268432617
742,0.7427427172660828,73.27677917480469,-0.00029340499895624816,-0.00830476637929678,26.700403213500977
743,0.7437437772750854,73.33895874023438,-0.00029235181864351034,-0.009218006394803524,29.879892349243164
744,0.7447447776794434,73.40119171142578,-0.0002903756103478372,-0.009395656175911427,30.533069610595703
745,0.7457457780838013,73.46347045898438,-0.0002880179672501981,-0.009969783015549183,32.59172439575195
746,0.7467467784881592,73.52580261230469,-0.0002859962114598602,-0.010519511066377163,34.566768646240234
747,0.7477477788925171,73.58819580078125,-0.00028200307860970497,-0.011577824130654335,38.31560134887695
748,0.748748779296875,73.65062713623047,-0.0002792689483612776,-0.012186570093035698,40.457000732421875
749,0.7497497797012329,73.71311950683594,-0.00027630917611531913,-0.012850038707256317,42.738826751708984
750,0.7507507801055908,73.77567291259766,-0.0002748841652646661,-0.01323971338570118,43.94490051269531
751,0.7517517805099487,73.83826446533203,-0.0002751171705313027,-0.013178210705518723,43.454193115234375
752,0.7527527809143066,73.90092468261719,-0.0002731377608142793,-0.013983448036015034,46.10856246948242
753,0.7537537813186646,73.963623046875,-0.00027309334836900234,-0.014303283765912056,47.06401443481445
754,0.7547547817230225,74.02638244628906,-0.00027320609660819173,-0.01497464720159769,49.52919006347656
755,0.7557557821273804,74.08919525146484,-0.000272115197731182,-0.014890328049659729,49.434051513671875
756,0.7567567825317383,74.15206146240234,-0.00027147133368998766,-0.014932666905224323,49.890159606933594
757,0.7577577829360962,74.21498107910156,-0.0002709994150791317,-0.014844948425889015,49.899810791015625
758,0.7587587833404541,74.2779541015625,-0.00027475605020299554,-0.016013948246836662,54.498779296875
759,0.759759783744812,74.34097290039062,-0.000276886741630733,-0.016250940039753914,55.61115264892578
760,0.7607607841491699,74.404052734375,-0.0002799371723085642,-0.016684530302882195,57.340797424316406
761,0.7617617845535278,74.4671859741211,-0.00028428935911506414,-0.017620692029595375,60.795074462890625
762,0.7627627849578857,74.53038024902344,-0.00029099115636199713,-0.019513001665472984,67.54615020751953
763,0.7637637853622437,74.59361267089844,-0.00028763682348653674,-0.019309401512145996,67.03260040283203
764,0.7647647857666016,74.65690612792969,-0.00028029532404616475,-0.018270818516612053,63.51496887207031
765,0.7657657861709595,74.72025299072266,-0.0002783692325465381,-0.018408719450235367,64.10529327392578
766,0.7667667865753174,74.78365325927734,-0.0002744274097494781,-0.018031707033514977,62.791748046875
767,0.7677677869796753,74.84710693359375,-0.00027378962840884924,-0.018402384594082832,64.15320587158203
768,0.7687687873840332,74.91061401367188,-0.0002701836929190904,-0.017961779609322548,62.55613327026367
769,0.7697697877883911,74.97418212890625,-0.0002694923023227602,-0.01795235089957714,62.50687789916992
770,0.770770788192749,75.03779602050781,-0.00027055529062636197,-0.018092278391122818,62.974578857421875
771,0.7717717885971069,75.1014633178711,-0.0002746377722360194,-0.018700284883379936,65.08145141601562
772,0.7727727890014648,75.1651840209961,-0.0002725737576838583,-0.017253488302230835,59.69267272949219
773,0.7737737894058228,75.22896575927734,-0.00027688316185958683,-0.01782761886715889,61.63747024536133
774,0.7747747898101807,75.29280090332031,-0.0002772646548692137,-0.017678862437605858,61.10016632080078
775,0.7757757902145386,75.35668182373047,-0.00027933853561989963,-0.018446963280439377,63.92668914794922
776,0.7767767906188965,75.42062377929688,-0.0002797686029225588,-0.018853161484003067,65.52103424072266
777,0.7777777910232544,75.484619140625,-0.00027974200202152133,-0.019004199653863907,66.21308898925781
778,0.7787787914276123,75.54866790771484,-0.0002794239844661206,-0.019235240295529366,67.29722595214844
779,0.7797797918319702,75.6127700805664,-0.00027992422110401094,-0.01958140730857849,68.67857360839844
780,0.7807807922363281,75.67693328857422,-0.0002822201349772513,-0.020739935338497162,72.904296875
781,0.781781792640686,75.74114227294922,-0.00028044296777807176,-0.01979363150894642,69.69507598876953
782,0.782782793045044,75.80540466308594,-0.0002808085409924388,-0.01987306773662567,70.12657928466797
783,0.7837837934494019,75.8697280883789,-0.00028182833921164274,-0.019997160881757736,70.71868896484375
784,0.7847847938537598,75.9341049194336,-0.00028448650846257806,-0.020812394097447395,73.81101989746094
785,0.7857857942581177,75.99853515625,-0.0002825493866112083,-0.020300861448049545,72.22616577148438
786,0.7867867946624756,76.06301879882812,-0.00027763197431340814,-0.018889551982283592,67.33466339111328
787,0.7877877950668335,76.1275634765625,-0.0002807843848131597,-0.020090658217668533,71.69895935058594
788,0.7887887954711914,76.19215393066406,-0.00028208718867972493,-0.02059055119752884,73.4752197265625
789,0.7897897958755493,76.25680541992188,-0.0002818440552800894,-0.020662961527705193,73.75093841552734
790,0.7907907962799072,76.3215103149414,-0.00028000707970932126,-0.020374925807118416,72.86703491210938
791,0.7917917966842651,76.38626861572266,-0.000282513618003577,-0.021598773077130318,77.52129364013672
792,0.792792797088623,76.45108032226562,-0.0002800471265800297,-0.02124503254890442,76.6012954711914
793,0.793793797492981,76.51595306396484,-0.0002815602347254753,-0.02203761786222458,79.72920989990234
794,0.7947947978973389,76.58087921142578,-0.00027960416628047824,-0.02150808833539486,78.12388610839844
795,0.7957957983016968,76.64585876464844,-0.00028592938906513155,-0.023728862404823303,86.21492767333984
796,0.7967967987060547,76.71089172363281,-0.0002870308526325971,-0.02396867424249649,87.20353698730469
797,0.7977977991104126,76.7759780883789,-0.0002872975601349026,-0.02381252497434616,86.75206756591797
798,0.7987987995147705,76.84112548828125,-0.0002855767379514873,-0.02311648800969124,84.53328704833984
799,0.7997997999191284,76.90632629394531,-0.0002830263110809028,-0.0222259983420372,81.61170196533203
800,0.8008008003234863,76.97157287597656,-0.0002802673261612654,-0.02130199410021305,78.48698425292969
801,0.8018018007278442,77.03689575195312,-0.0002809411962516606,-0.021358689293265343,78.77163696289062
802,0.8028028011322021,77.10225677490234,-0.000281010550679639,-0.021099351346492767,77.82212829589844
803,0.8038038015365601,77.16767883300781,-0.0002823926042765379,-0.021249091252684593,78.28591918945312
804,0.804804801940918,77.233154296875,-0.0002829799195751548,-0.02119123749434948,77.9743881225586
805,0.8058058023452759,77.29869079589844,-0.0002834334154613316,-0.021185580641031265,77.80803680419922
806,0.8068068027496338,77.36427307128906,-0.00028343373560346663,-0.02117951214313507,77.65446472167969
807,0.8078078031539917,77.42991638183594,-0.00028269836911931634,-0.02120225876569748,77.70181274414062
808,0.8088088035583496,77.49562072753906,-0.0002813942264765501,-0.021343925967812538,78.29869842529297
809,0.8098098039627075,77.56137084960938,-0.00027952974778600037,-0.021409016102552414,78.77798461914062
810,0.8108108043670654,77.62718963623047,-0.0002764475648291409,-0.02091635949909687,77.33201599121094
811,0.8118118047714233,77.69306182861328,-0.0002771146537270397,-0.021657904610037804,80.31440734863281
812,0.8128128051757812,77.75897979736328,-0.0002757976471912116,-0.021465979516506195,79.8415756225586
813,0.8138138055801392,77.82495880126953,-0.000272618344752118,-0.02033480629324913,75.87129974365234
814,0.8148148059844971,77.8909912109375,-0.0002726811799220741,-0.02033234015107155,75.9226303100586
815,0.815815806388855,77.95708465576172,-0.00027594249695539474,-0.021494876593351364,80.10868072509766
816,0.8168168067932129,78.02323150634766,-0.0002786169061437249,-0.02266780100762844,84.33736419677734
817,0.8178178071975708,78.08943176269531,-0.0002775236498564482,-0.022302871569991112,83.13346862792969
818,0.8188188076019287,78.15569305419922,-0.0002760105417110026,-0.021934213116765022,81.99178314208984
819,0.8198198080062866,78.22200775146484,-0.0002749127452261746,-0.021771777421236038,81.65298461914062
820,0.8208208084106445,78.28837585449219,-0.00027289518038742244,-0.021133188158273697,79.47480773925781
821,0.8218218088150024,78.35481262207031,-0.0002724466030485928,-0.02141311764717102,80.64789581298828
822,0.8228228092193604,78.4212875366211,-0.0002712339337449521,-0.021463166922330856,80.97183990478516
823,0.8238238096237183,78.48783874511719,-0.00026835291646420956,-0.02043456956744194,77.30423736572266
824,0.8248248100280762,78.55442810058594,-0.00026867876295000315,-0.021002406254410744,79.53408813476562
825,0.8258258104324341,78.62108612060547,-0.00026774476282298565,-0.020680120214819908,78.45111083984375
826,0.826826810836792,78.68779754638672,-0.0002662097103893757,-0.019839322194457054,75.35975646972656
827,0.8278278112411499,78.75455474853516,-0.0002685669169295579,-0.021235166117548943,80.59840393066406
828,0.8288288116455078,78.82138061523438,-0.0002679671160876751,-0.02122335694730282,80.80421447753906
829,0.8298298120498657,78.88825988769531,-0.0002674078568816185,-0.02117299661040306,80.98756408691406
830,0.8308308124542236,78.9552001953125,-0.0002670051180757582,-0.021116947755217552,81.09774017333984
831,0.8318318128585815,79.02220153808594,-0.00026491930475458503,-0.020513666793704033,79.1339111328125
832,0.8328328132629395,79.08924865722656,-0.0002625174820423126,-0.019995352253317833,77.50038146972656
833,0.8338338136672974,79.15635681152344,-0.000260218046605587,-0.019514495506882668,75.9698257446289
834,0.8348348140716553,79.22352600097656,-0.0002597264538053423,-0.0195256769657135,76.27426147460938
835,0.8358358144760132,79.29074096679688,-0.0002560376888141036,-0.01849767565727234,72.60053253173828
836,0.8368368148803711,79.35801696777344,-0.0002503003051970154,-0.016888557001948357,66.41586303710938
837,0.837837815284729,79.42535400390625,-0.00025203669792972505,-0.017199598252773285,67.6148681640625
838,0.8388388156890869,79.49275207519531,-0.0002542090369388461,-0.017961565405130386,70.46487426757812
839,0.8398398160934448,79.56019592285156,-0.00025289104087278247,-0.017920808866620064,70.1624526977539
840,0.8408408164978027,79.62770080566406,-0.00025261903647333384,-0.018130769953131676,70.92735290527344
841,0.8418418169021606,79.69527435302734,-0.0002524107985664159,-0.01827305369079113,71.48944091796875
842,0.8428428173065186,79.76288604736328,-0.0002492834464646876,-0.017266754060983658,67.52976989746094
843,0.8438438177108765,79.83056640625,-0.00025280198315158486,-0.018301520496606827,71.73696899414062
844,0.8448448181152344,79.89830780029297,-0.0002547625044826418,-0.018851561471819878,74.00288391113281
845,0.8458458185195923,79.96610260009766,-0.0002557418483775109,-0.01918947696685791,75.4450912475586
846,0.846846878528595,80.0339584350586,-0.00025499804178252816,-0.01874401979148388,73.81653594970703
847,0.8478478789329529,80.10186004638672,-0.00025355812977068126,-0.01836395263671875,72.51310729980469
848,0.8488488793373108,80.16983032226562,-0.0002541332214605063,-0.01880551315844059,74.42403411865234
849,0.8498498797416687,80.23786163330078,-0.0002526024472899735,-0.018643666058778763,73.97464752197266
850,0.8508508801460266,80.30593872070312,-0.0002496879897080362,-0.018332883715629578,72.89107513427734
851,0.8518518805503845,80.37407684326172,-0.0002487733436282724,-0.018635014072060585,74.22920227050781
852,0.8528528809547424,80.44227600097656,-0.00024382866104133427,-0.017652710899710655,70.33882904052734
853,0.8538538813591003,80.51052856445312,-0.00024696896434761584,-0.019056662917137146,75.99376678466797
854,0.8548548817634583,80.57884216308594,-0.0002456333313602954,-0.018931934610009193,75.39216613769531
855,0.8558558821678162,80.647216796875,-0.00024936074623838067,-0.02022835798561573,80.5171890258789
856,0.8568568825721741,80.71565246582031,-0.0002496119705028832,-0.020191244781017303,80.2764892578125
857,0.857857882976532,80.78413391113281,-0.0002522609429433942,-0.02121816948056221,84.3328857421875
858,0.8588588833808899,80.8526840209961,-0.0002531135396566242,-0.021782316267490387,86.64985656738281
859,0.8598598837852478,80.92127990722656,-0.0002548791526351124,-0.022918447852134705,91.34991455078125
860,0.8608608841896057,80.98995208740234,-0.00025479227770119905,-0.022966312244534492,91.81072998046875
861,0.8618618845939636,81.05866241455078,-0.0002568492491263896,-0.023734277114272118,95.04994201660156
862,0.8628628849983215,81.12744903564453,-0.00025626985006965697,-0.0232585109770298,93.40767669677734
863,0.8638638854026794,81.19628143310547,-0.0002545475144870579,-0.02242462895810604,90.20498657226562
864,0.8648648858070374,81.26518249511719,-0.0002571885415818542,-0.02301332913339138,92.4366455078125
865,0.8658658862113953,81.3341293334961,-0.00025734680821187794,-0.022729575634002686,91.22528839111328
866,0.8668668866157532,81.40314483642578,-0.0002574337995611131,-0.02233494259417057,89.59197998046875
867,0.8678678870201111,81.47222137451172,-0.00025694965734146535,-0.021897627040743828,87.95745849609375
868,0.868868887424469,81.54134368896484,-0.0002579346764832735,-0.022014040499925613,88.54724884033203
869,0.8698698878288269,81.61053466796875,-0.0002593017998151481,-0.022031353786587715,88.9208755493164
870,0.8708708882331848,81.6797866821289,-0.0002589143405202776,-0.021450798958539963,87.11537170410156
871,0.8718718886375427,81.74909210205078,-0.0002587320050224662,-0.02119169570505619,86.62774658203125
872,0.8728728890419006,81.81845092773438,-0.0002556150429882109,-0.020369773730635643,83.7606201171875
873,0.8738738894462585,81.88787078857422,-0.0002519299741834402,-0.02003362402319908,82.50703430175781
874,0.8748748898506165,81.95735931396484,-0.0002498306566849351,-0.020381517708301544,83.734130859375
875,0.8758758902549744,82.02690887451172,-0.00024457700783386827,-0.01968063786625862,80.680419921875
876,0.8768768906593323,82.09650421142578,-0.0002437352668493986,-0.020348476245999336,83.1718521118164
877,0.8778778910636902,82.1661605834961,-0.0002449065214022994,-0.021675528958439827,88.51402282714844
878,0.8788788914680481,82.23587799072266,-0.00024259899510070682,-0.02116333693265915,86.52935791015625
879,0.879879891872406,82.30565643310547,-0.00024216508609242737,-0.021050885319709778,86.37995910644531
880,0.8808808922767639,82.37548828125,-0.00024306034902110696,-0.02136853337287903,88.14015197753906
881,0.8818818926811218,82.44538116455078,-0.0002445780555717647,-0.021923242136836052,90.91254425048828
882,0.8828828930854797,82.51534271240234,-0.0002440102689433843,-0.02155054360628128,89.7881851196289
883,0.8838838934898376,82.58535766601562,-0.0002479824179317802,-0.022893184795975685,95.50849151611328
884,0.8848848938941956,82.65543365478516,-0.0002494158688932657,-0.023270323872566223,97.0810317993164
885,0.8858858942985535,82.72557067871094,-0.00024981325259432197,-0.02330121584236622,97.10513305664062
886,0.8868868947029114,82.7957534790039,-0.00025120776263065636,-0.02386406995356083,99.21005249023438
887,0.8878878951072693,82.86600494384766,-0.0002500404661986977,-0.024055279791355133,100.02733612060547
888,0.8888888955116272,82.93631744384766,-0.00024608802050352097,-0.023698657751083374,98.89826202392578
889,0.8898898959159851,83.00669860839844,-0.0002440971729811281,-0.0238962359726429,99.98746490478516
890,0.890890896320343,83.0771255493164,-0.00024125514028128237,-0.023517614230513573,98.70423126220703
891,0.8918918967247009,83.14761352539062,-0.00024242026847787201,-0.024398617446422577,102.46456146240234
892,0.8928928971290588,83.21817016601562,-0.00024120279704220593,-0.023949122056365013,100.65115356445312
893,0.8938938975334167,83.28878021240234,-0.0002404138504061848,-0.02356571890413761,99.11068725585938
894,0.8948948979377747,83.35945129394531,-0.0002403963590040803,-0.023206450045108795,97.64192199707031
895,0.8958958983421326,83.43018341064453,-0.00024082910385914147,-0.023027120158076286,96.87832641601562
896,0.8968968987464905,83.5009765625,-0.000242102614720352,-0.023064469918608665,96.99160766601562
897,0.8978978991508484,83.57182312011719,-0.00024156301515176892,-0.022558534517884254,94.95117950439453
898,0.8988988995552063,83.64273071289062,-0.0002405878622084856,-0.022189998999238014,93.6213607788086
899,0.8998998999595642,83.71370697021484,-0.00024012225912883878,-0.02229180373251438,94.20387268066406
900,0.9009009003639221,83.78473663330078,-0.0002384662802796811,-0.021596549078822136,91.37153625488281
901,0.90190190076828,83.85582733154297,-0.0002375835902057588,-0.021365253254771233,90.49227905273438
902,0.9029029011726379,83.9269790649414,-0.00023670762311667204,-0.021051201969385147,89.31234741210938
903,0.9039039015769958,83.99818420410156,-0.00023564965522382408,-0.020558690652251244,87.44416046142578
904,0.9049049019813538,84.06946563720703,-0.00023402375518344343,-0.0198845062404871,84.8149185180664
905,0.9059059023857117,84.14079284667969,-0.00023314762802328914,-0.0204099640250206,87.24851989746094
906,0.9069069027900696,84.21219635009766,-0.00023118866374716163,-0.020045174285769463,85.78202056884766
907,0.9079079031944275,84.28364562988281,-0.00022921190247870982,-0.019630877301096916,84.10292053222656
908,0.9089089035987854,84.35516357421875,-0.00022777135018259287,-0.019396109506487846,83.1484603881836
909,0.9099099040031433,84.42674255371094,-0.00022559624630957842,-0.0182682853192091,78.22325134277344
910,0.9109109044075012,84.49837493896484,-0.0002250902762170881,-0.018346190452575684,78.76416015625
911,0.9119119048118591,84.57007598876953,-0.00022624577104579657,-0.019113903865218163,82.40765380859375
912,0.912912905216217,84.64183044433594,-0.00022606908169109374,-0.018831346184015274,81.46497344970703
913,0.913913905620575,84.71365356445312,-0.0002249253448098898,-0.017795762047171593,77.08882904052734
914,0.9149149060249329,84.78553009033203,-0.00022693403298035264,-0.018426695838570595,80.05810546875
915,0.9159159064292908,84.85746765136719,-0.00022646374418400228,-0.017986372113227844,78.31275177001953
916,0.9169169068336487,84.92947387695312,-0.00022578964126296341,-0.017575131729245186,76.71421813964844
917,0.9179179072380066,85.00153350830078,-0.00022497406462207437,-0.01718047447502613,75.23384094238281
918,0.9189189076423645,85.07366180419922,-0.00022283910948317498,-0.016171975061297417,71.05093383789062
919,0.9199199080467224,85.1458511352539,-0.00022201775573194027,-0.01579952798783779,69.72026824951172
920,0.9209209084510803,85.21809387207031,-0.00022098541376180947,-0.015539634972810745,68.85742950439453
921,0.9219219088554382,85.29039764404297,-0.00022044415527489036,-0.015621681697666645,69.44344329833984
922,0.9229229092597961,85.3627700805664,-0.0002191680541727692,-0.015111983753740788,67.26332092285156
923,0.923923909664154,85.43519592285156,-0.00021832645870745182,-0.014849770814180374,66.12739562988281
924,0.924924910068512,85.50769805908203,-0.00021767667203675956,-0.015075119212269783,67.22605895996094
925,0.9259259104728699,85.58024597167969,-0.00021755852503702044,-0.015622112900018692,69.82081604003906
926,0.9269269108772278,85.6528549194336,-0.00021690937865059823,-0.015019843354821205,67.09051513671875
927,0.9279279112815857,85.72554779052734,-0.00021631862909998745,-0.014246649108827114,63.58842849731445
928,0.9289289116859436,85.79827880859375,-0.0002152357337763533,-0.013175661675632,58.71762466430664
929,0.9299299120903015,85.87108612060547,-0.00021464776364155114,-0.012887677177786827,57.41304016113281
930,0.9309309124946594,85.9439468383789,-0.00021395945805124938,-0.012633973732590675,56.2939338684082
931,0.9319319128990173,86.01686096191406,-0.00021340875537134707,-0.012928425334393978,57.786415100097656
932,0.9329329133033752,86.08985137939453,-0.00021269431454129517,-0.012602461501955986,56.392127990722656
933,0.9339339137077332,86.16289520263672,-0.00021262172958813608,-0.012475120835006237,55.879066467285156
934,0.9349349141120911,86.23600769042969,-0.00021233857842162251,-0.012619247660040855,56.592315673828125
935,0.935935914516449,86.3091812133789,-0.0002120721183018759,-0.012632802128791809,56.6600341796875
936,0.9369369149208069,86.38240814208984,-0.00021054042736068368,-0.0131271006539464,58.92117691040039
937,0.9379379153251648,86.45570373535156,-0.00020941783441230655,-0.013261104002594948,59.40999221801758
938,0.9389389157295227,86.52906799316406,-0.0002076210075756535,-0.013595093972980976,60.889671325683594
939,0.9399399161338806,86.60248565673828,-0.0002063139108940959,-0.013589347712695599,60.82099914550781
940,0.9409409165382385,86.67597198486328,-0.0002054830256383866,-0.013703243806958199,61.358795166015625
941,0.9419419169425964,86.74951171875,-0.0002056598023045808,-0.013181672431528568,58.862525939941406
942,0.9429429173469543,86.82312774658203,-0.00020577438408508897,-0.01326393336057663,59.27695846557617
943,0.9439439177513123,86.89679718017578,-0.00020625704200938344,-0.013129785656929016,58.64501190185547
944,0.9449449181556702,86.97053527832031,-0.00020764238433912396,-0.012171807698905468,54.0531120300293
945,0.9459459185600281,87.04431915283203,-0.00020811622380279005,-0.01215380523353815,54.07856750488281
946,0.946946918964386,87.11817932128906,-0.00020876068447250873,-0.011844427324831486,52.73515701293945
947,0.9479479193687439,87.19210052490234,-0.00020981946727260947,-0.010965037159621716,48.731441497802734
948,0.9489489793777466,87.2660903930664,-0.0002103003644151613,-0.010931768454611301,48.793426513671875
949,0.9499499797821045,87.34013366699219,-0.00021080643637105823,-0.010033654980361462,44.835914611816406
950,0.9509509801864624,87.41423797607422,-0.00021065602777525783,-0.010026881471276283,45.148170471191406
951,0.9519519805908203,87.48841094970703,-0.0002105495659634471,-0.009910130873322487,44.94989013671875
952,0.9529529809951782,87.56263732910156,-0.00021125638158991933,-0.010818920098245144,49.57685089111328
953,0.9539539813995361,87.6369400024414,-0.0002105362364090979,-0.01077201496809721,49.737937927246094
954,0.954954981803894,87.71129608154297,-0.0002110461500706151,-0.01155603677034378,53.83261489868164
955,0.955955982208252,87.78572845458984,-0.00020988108008168638,-0.011141215451061726,52.143585205078125
956,0.9569569826126099,87.86021423339844,-0.00021096543059684336,-0.012083579786121845,56.84967803955078
957,0.9579579830169678,87.93476104736328,-0.00021169226965866983,-0.012917913496494293,60.9215202331543
958,0.9589589834213257,88.0093765258789,-0.00021089357323944569,-0.013024476356804371,61.48291778564453
959,0.9599599838256836,88.08405303955078,-0.00021022630971856415,-0.013470139354467392,63.65684509277344
960,0.9609609842300415,88.1587905883789,-0.00020926810975652188,-0.013379942625761032,63.28227233886719
961,0.9619619846343994,88.23359680175781,-0.0002081666316371411,-0.013457993045449257,63.67749786376953
962,0.9629629850387573,88.30846405029297,-0.00020669744117185473,-0.014017357490956783,66.38690185546875
963,0.9639639854431152,88.38339233398438,-0.00020620896248146892,-0.013486435636878014,63.83760070800781
964,0.9649649858474731,88.45838165283203,-0.0002053956559393555,-0.013302084058523178,63.015506744384766
965,0.965965986251831,88.53343963623047,-0.00020394244347698987,-0.013925679959356785,66.18566131591797
966,0.966966986656189,88.60856628417969,-0.00020316311565693468,-0.013859514147043228,65.91613006591797
967,0.9679679870605469,88.68374633789062,-0.00020232496899552643,-0.014256996102631092,67.89786529541016
968,0.9689689874649048,88.75899505615234,-0.00020176645193714648,-0.0143454410135746,68.39080810546875
969,0.9699699878692627,88.83431243896484,-0.00020143800065852702,-0.014559426344931126,69.4632797241211
970,0.9709709882736206,88.90968322753906,-0.00020168436458334327,-0.015265263617038727,72.95248413085938
971,0.9719719886779785,88.98513793945312,-0.00020257318101357669,-0.01592700369656086,76.18633270263672
972,0.9729729890823364,89.06063842773438,-0.00020349392434582114,-0.016359006986021996,78.30460357666016
973,0.9739739894866943,89.13619995117188,-0.000204114054213278,-0.01640581712126732,78.62590789794922
974,0.9749749898910522,89.21183776855469,-0.0002030504692811519,-0.014954635873436928,71.69329833984375
975,0.9759759902954102,89.28753662109375,-0.00020276402938179672,-0.014489997178316116,69.58968353271484
976,0.9769769906997681,89.36328887939453,-0.00020246105850674212,-0.014172891154885292,68.0887222290039
977,0.977977991104126,89.43911743164062,-0.00020214392861817032,-0.013631022535264492,65.43452453613281
978,0.9789789915084839,89.5150146484375,-0.00020231609232723713,-0.01350940391421318,64.82503509521484
979,0.9799799919128418,89.59095764160156,-0.00020274279813747853,-0.013551481999456882,65.02539825439453
980,0.9809809923171997,89.66697692871094,-0.00020290660904720426,-0.012947602197527885,62.105751037597656
981,0.9819819927215576,89.7430648803711,-0.00020318629685789347,-0.013622861355543137,65.56758880615234
982,0.9829829931259155,89.81920623779297,-0.00020307162776589394,-0.013796485029160976,66.71461486816406
983,0.9839839935302734,89.89541625976562,-0.00020274128473829478,-0.012771153822541237,61.97382736206055
984,0.9849849939346313,89.97168731689453,-0.00020210156799294055,-0.013377135619521141,65.2276611328125
985,0.9859859943389893,90.04803466796875,-0.0002013249759329483,-0.012999854981899261,63.5660285949707
986,0.9869869947433472,90.12445068359375,-0.00020036175556015223,-0.013058521784842014,63.988037109375
987,0.9879879951477051,90.20091247558594,-0.00020026788115501404,-0.014006256125867367,68.82862091064453
988,0.988988995552063,90.27745819091797,-0.0002011390752159059,-0.014955474995076656,73.673095703125
989,0.9899899959564209,90.35404968261719,-0.00020109594333916903,-0.015332764945924282,75.68175506591797
990,0.9909909963607788,90.43071746826172,-0.0002005620626732707,-0.015737103298306465,77.91096496582031
991,0.9919919967651367,90.5074462890625,-0.0001986940042115748,-0.015318725258111954,76.06294250488281
992,0.9929929971694946,90.58423614501953,-0.000197013549041003,-0.014398197643458843,71.69050598144531
993,0.9939939975738525,90.6611099243164,-0.00019593120669014752,-0.014427213929593563,72.13300323486328
994,0.9949949979782104,90.73802947998047,-0.0001962779206223786,-0.013454846106469631,67.41718292236328
995,0.9959959983825684,90.81501770019531,-0.0001968223659787327,-0.012632406316697598,63.4457893371582
996,0.9969969987869263,90.89208221435547,-0.00019694046932272613,-0.012447156943380833,62.60731887817383
997,0.9979979991912842,90.96920013427734,-0.0001972322934307158,-0.011737276799976826,58.95136642456055
998,0.9989989995956421,91.04638671875,-0.00019726593745872378,-0.012952728196978569,64.97950744628906
999,1.0,91.12364959716797,-0.0001985373382922262,-0.01290759164839983,64.56655883789062
