index,timestep,Diffusion_Coeff,Divergence,score,pos
0,0.0,39.05299377441406,-0.01149500161409378,0.12023092806339264,-39.21010971069336
1,0.0010010009864345193,39.08612823486328,-0.011867418885231018,0.10720352083444595,-38.217933654785156
2,0.0020020019728690386,39.11929702758789,-0.011744516901671886,0.11260374635457993,-38.751068115234375
3,0.0030030030757188797,39.15248489379883,-0.011883911676704884,0.1066216304898262,-38.26776885986328
4,0.004004003945738077,39.185707092285156,-0.011763948947191238,0.11336204409599304,-38.78557205200195
5,0.005005004815757275,39.218955993652344,-0.011555584147572517,0.1240578144788742,-39.64833450317383
6,0.006006006151437759,39.25223159790039,-0.012105170637369156,0.10060840845108032,-37.60701370239258
7,0.007007007021456957,39.28553771972656,-0.012565462850034237,0.08159621804952621,-36.018638610839844
8,0.008008007891476154,39.31887435913086,-0.013456018641591072,0.044107675552368164,-33.133174896240234
9,0.009009009227156639,39.352237701416016,-0.013228281401097775,0.05093303322792053,-33.70111846923828
10,0.01001000963151455,39.38562774658203,-0.013453863561153412,0.037106648087501526,-32.740596771240234
11,0.011011010967195034,39.41904830932617,-0.013303819112479687,0.03764495626091957,-32.85560989379883
12,0.012012012302875519,39.452491760253906,-0.012758716009557247,0.054536011070013046,-34.23219680786133
13,0.013013012707233429,39.48596954345703,-0.012483136728405952,0.059846993535757065,-34.74378204345703
14,0.014014014042913914,39.51947021484375,-0.011557853780686855,0.09289617836475372,-37.59006118774414
15,0.015015014447271824,39.55300521850586,-0.01155823189765215,0.08623690903186798,-37.11371994018555
16,0.01601601578295231,39.58656692504883,-0.011342661455273628,0.08555909246206284,-37.246681213378906
17,0.01701701618731022,39.620155334472656,-0.011200864799320698,0.08066406846046448,-37.02293014526367
18,0.018018018454313278,39.653770446777344,-0.010937735438346863,0.08368730545043945,-37.46366882324219
19,0.01901901885867119,39.68742370605469,-0.011004340834915638,0.07013007998466492,-36.3925895690918
20,0.0200200192630291,39.721092224121094,-0.010958636179566383,0.06012755259871483,-35.6231803894043
21,0.021021021530032158,39.754798889160156,-0.010491207242012024,0.07570142298936844,-37.19550323486328
22,0.022022021934390068,39.78852844238281,-0.010182147845625877,0.08275195211172104,-38.00421142578125
23,0.023023022338747978,39.82229232788086,-0.009977227076888084,0.08454574644565582,-38.317203521728516
24,0.024024024605751038,39.8560791015625,-0.009940316900610924,0.07848901301622391,-37.830467224121094
25,0.025025025010108948,39.889896392822266,-0.01006995514035225,0.05866746976971626,-35.96763610839844
26,0.026026025414466858,39.92374801635742,-0.009884676896035671,0.05920468643307686,-36.13071060180664
27,0.027027025818824768,39.95762252807617,-0.009524151682853699,0.07589972764253616,-37.982154846191406
28,0.028028028085827827,39.99152755737305,-0.009112310595810413,0.09664695709943771,-40.357704162597656
29,0.029029028490185738,40.02545928955078,-0.008916446939110756,0.10333860665559769,-41.24814224243164
30,0.030030028894543648,40.05942153930664,-0.00876706838607788,0.10822059959173203,-41.911895751953125
31,0.031031031161546707,40.093414306640625,-0.008978089317679405,0.08826559036970139,-39.79253387451172
32,0.03203203156590462,40.1274299621582,-0.009065287187695503,0.07384853810071945,-38.33040237426758
33,0.03303303197026253,40.16147994995117,-0.008999078534543514,0.07928921282291412,-39.04061508178711
34,0.03403403237462044,40.195556640625,-0.008889456279575825,0.08800528943538666,-40.11210250854492
35,0.03503503277897835,40.22966384887695,-0.008859977126121521,0.08728539198637009,-40.14949035644531
36,0.036036036908626556,40.263797760009766,-0.008905835449695587,0.07385288178920746,-38.81183624267578
37,0.03703703731298447,40.29795837402344,-0.008929505944252014,0.05324432998895645,-36.6380729675293
38,0.03803803771734238,40.3321533203125,-0.008815369568765163,0.040598008781671524,-35.303741455078125
39,0.03903903812170029,40.36637878417969,-0.008679596707224846,0.0411444753408432,-35.42144012451172
40,0.0400400385260582,40.40062713623047,-0.008424652740359306,0.03151403367519379,-34.33152389526367
41,0.04104103893041611,40.434906005859375,-0.008126101456582546,0.026643134653568268,-33.73726272583008
42,0.042042043060064316,40.469215393066406,-0.007867144420742989,0.02641143649816513,-33.6937370300293
43,0.043043043464422226,40.50355529785156,-0.007594003342092037,0.02270999178290367,-33.21236038208008
44,0.044044043868780136,40.53792190551758,-0.00723018404096365,0.014599397778511047,-32.12244415283203
45,0.045045044273138046,40.572322845458984,-0.007600459270179272,0.03216111287474632,-34.49766159057617
46,0.046046044677495956,40.606746673583984,-0.007769402116537094,0.0626988410949707,-38.474056243896484
47,0.04704704508185387,40.641197204589844,-0.007728403899818659,0.056186337023973465,-37.664039611816406
48,0.048048049211502075,40.67568588256836,-0.007697075605392456,0.06562657654285431,-38.93646240234375
49,0.049049049615859985,40.71019744873047,-0.007592331152409315,0.04929416626691818,-36.88835525512695
50,0.050050050020217896,40.7447395324707,-0.007427944336086512,0.04178755730390549,-35.981319427490234
51,0.051051050424575806,40.77931213378906,-0.007213984616100788,0.039123017340898514,-35.749916076660156
52,0.052052050828933716,40.81391143798828,-0.006744705140590668,0.023705920204520226,-33.645328521728516
53,0.053053051233291626,40.84854507446289,-0.006386673077940941,0.017398186028003693,-32.74467086791992
54,0.054054051637649536,40.88320541381836,-0.006120213307440281,0.014562515541911125,-32.3265266418457
55,0.055055055767297745,40.91789627075195,-0.006285903975367546,0.023861195892095566,-33.860877990722656
56,0.056056056171655655,40.952613830566406,-0.006287706084549427,0.028849665075540543,-34.70106506347656
57,0.057057056576013565,40.987361907958984,-0.006162506528198719,0.028041940182447433,-34.60245895385742
58,0.058058056980371475,41.02214431762695,-0.006247150246053934,0.03547227382659912,-35.822235107421875
59,0.059059057384729385,41.056949615478516,-0.006074697710573673,0.03194296360015869,-35.24079895019531
60,0.060060057789087296,41.0917854309082,-0.0059713879600167274,0.03252342343330383,-35.287357330322266
61,0.061061061918735504,41.12665557861328,-0.005756632890552282,0.02873319573700428,-34.539554595947266
62,0.062062062323093414,41.16154479980469,-0.005747714079916477,0.03180679678916931,-34.96318054199219
63,0.06306306272745132,41.19647216796875,-0.005541171878576279,0.026202062144875526,-33.8750114440918
64,0.06406406313180923,41.23143005371094,-0.005218855105340481,0.01900521293282509,-32.447998046875
65,0.06506506353616714,41.266414642333984,-0.004851646721363068,0.013445669785141945,-31.28097152709961
66,0.06606606394052505,41.301429748535156,-0.004804938565939665,0.014379608444869518,-31.453853607177734
67,0.06706706434488297,41.33647537231445,-0.0048372503370046616,0.017237873747944832,-32.06659698486328
68,0.06806806474924088,41.37154769897461,-0.004801439121365547,0.019765952602028847,-32.62575912475586
69,0.06906906515359879,41.406654357910156,-0.003982425667345524,0.008486843667924404,-30.061992645263672
70,0.0700700655579567,41.44178771972656,-0.0031428346410393715,0.0016132810851559043,-28.066871643066406
71,0.0710710734128952,41.476951599121094,-0.0035431920550763607,0.006409863010048866,-29.42786407470703
72,0.07207207381725311,41.512142181396484,-0.0034309057518839836,0.006221674382686615,-29.331579208374023
73,0.07307307422161102,41.547367095947266,-0.0037159398198127747,0.010211829096078873,-30.460691452026367
74,0.07407407462596893,41.582618713378906,-0.0033939280547201633,0.007065790705382824,-29.615278244018555
75,0.07507507503032684,41.61790466308594,-0.004025894682854414,0.01553003303706646,-31.940446853637695
76,0.07607607543468475,41.65321731567383,-0.004350005649030209,0.021515073254704475,-33.427635192871094
77,0.07707707583904266,41.688560485839844,-0.004735918715596199,0.03227997198700905,-35.83877182006836
78,0.07807807624340057,41.72393035888672,-0.004959302954375744,0.04295939579606056,-38.08428192138672
79,0.07907907664775848,41.75933074951172,-0.004985171370208263,0.046489521861076355,-38.835086822509766
80,0.0800800770521164,41.794769287109375,-0.004743891768157482,0.03447648137807846,-36.39789581298828
81,0.0810810774564743,41.830230712890625,-0.004766777157783508,0.037234432995319366,-37.004432678222656
82,0.08208207786083221,41.865726470947266,-0.004665760323405266,0.034320417791604996,-36.415035247802734
83,0.08308307826519012,41.9012451171875,-0.004780593793839216,0.04246726259589195,-38.17356491088867
84,0.08408408612012863,41.93680191040039,-0.004512067884206772,0.031389035284519196,-35.8104248046875
85,0.08508508652448654,41.97238540649414,-0.004388520494103432,0.028177006170153618,-35.10455322265625
86,0.08608608692884445,42.00799560546875,-0.004394893534481525,0.029382256790995598,-35.40360641479492
87,0.08708708733320236,42.043643951416016,-0.004383177030831575,0.031023411080241203,-35.842628479003906
88,0.08808808773756027,42.079315185546875,-0.004396053496748209,0.034516025334596634,-36.71115493774414
89,0.08908908814191818,42.115020751953125,-0.003847796004265547,0.022075684741139412,-33.74924850463867
90,0.09009008854627609,42.1507568359375,-0.0036232788115739822,0.019843777641654015,-33.13224411010742
91,0.091091088950634,42.186519622802734,-0.003418950131163001,0.0178972277790308,-32.52641296386719
92,0.09209208935499191,42.22231674194336,-0.003199016209691763,0.01598355732858181,-31.855209350585938
93,0.09309308975934982,42.258140563964844,-0.0028310755733400583,0.01234037708491087,-30.546918869018555
94,0.09409409016370773,42.29399490356445,-0.0029957036022096872,0.015411057509481907,-31.5244197845459
95,0.09509509056806564,42.32988739013672,-0.0029424331150949,0.015368822030723095,-31.456424713134766
96,0.09609609842300415,42.36580276489258,-0.0030124548356980085,0.016817467287182808,-31.912904739379883
97,0.09709709882736206,42.40175247192383,-0.0033321520313620567,0.02261526882648468,-33.735591888427734
98,0.09809809923171997,42.4377326965332,-0.003713531419634819,0.032670967280864716,-36.59387969970703
99,0.09909909963607788,42.473731994628906,-0.003353057662025094,0.02412394806742668,-34.21794891357422
100,0.10010010004043579,42.5097770690918,-0.003596860682591796,0.031231045722961426,-36.30485916137695
101,0.1011011004447937,42.545841217041016,-0.0034186402335762978,0.02686241827905178,-35.10090255737305
102,0.10210210084915161,42.58195114135742,-0.0032440575305372477,0.023278918117284775,-34.05915069580078
103,0.10310310125350952,42.618080139160156,-0.003088833298534155,0.020517870783805847,-33.209739685058594
104,0.10410410165786743,42.65423583984375,-0.0031156623736023903,0.021305112168192863,-33.46552276611328
105,0.10510510206222534,42.6904296875,-0.003608663333579898,0.03454277664422989,-37.46368408203125
106,0.10610610246658325,42.726654052734375,-0.0037146222312003374,0.0404079332947731,-39.19355010986328
107,0.10710710287094116,42.762908935546875,-0.0036414829082787037,0.03878523409366608,-38.877525329589844
108,0.10810810327529907,42.799190521240234,-0.003472591284662485,0.03368072584271431,-37.565452575683594
109,0.10910911113023758,42.83551025390625,-0.0033677564933896065,0.031306490302085876,-36.95417785644531
110,0.11011011153459549,42.871856689453125,-0.0033914491068571806,0.033025696873664856,-37.5098762512207
111,0.1111111119389534,42.90822982788086,-0.003332945052534342,0.0318564772605896,-37.17241287231445
112,0.11211211234331131,42.94463348388672,-0.0033497100230306387,0.03330580145120621,-37.587032318115234
113,0.11311311274766922,42.9810791015625,-0.003351071383804083,0.03439532220363617,-37.86084747314453
114,0.11411411315202713,43.017547607421875,-0.0033416212536394596,0.035181280225515366,-38.03853225708008
115,0.11511511355638504,43.054054260253906,-0.003056226298213005,0.027827277779579163,-35.69831466674805
116,0.11611611396074295,43.090579986572266,-0.003194997785612941,0.03322118893265724,-37.47747039794922
117,0.11711711436510086,43.127140045166016,-0.0030298298224806786,0.029286248609423637,-36.256290435791016
118,0.11811811476945877,43.16373825073242,-0.002967586973682046,0.028101211413741112,-35.8813362121582
119,0.11911911517381668,43.20035934448242,-0.0030426764860749245,0.030222857370972633,-36.611045837402344
120,0.12012011557817459,43.23701477050781,-0.0028914799913764,0.02614765055477619,-35.26960372924805
121,0.1211211159825325,43.27370834350586,-0.0029586004093289375,0.028424158692359924,-36.1415901184082
122,0.12212212383747101,43.3104248046875,-0.002915623364970088,0.02805470861494541,-36.11516189575195
123,0.12312312424182892,43.34716796875,-0.0028472975827753544,0.02704373374581337,-35.85017776489258
124,0.12412412464618683,43.38395309448242,-0.002768108621239662,0.025993822142481804,-35.557899475097656
125,0.12512512505054474,43.42076110839844,-0.0028923414647579193,0.030373869463801384,-37.1666374206543
126,0.12612612545490265,43.45760726928711,-0.002893581986427307,0.03168799728155136,-37.671974182128906
127,0.12712712585926056,43.494476318359375,-0.002848534844815731,0.03132420778274536,-37.6032600402832
128,0.12812812626361847,43.5313835144043,-0.0029476191848516464,0.035547275096178055,-39.11442947387695
129,0.12912912666797638,43.56832504272461,-0.0029723187908530235,0.03713415935635567,-39.699764251708984
130,0.1301301270723343,43.605289459228516,-0.002969263819977641,0.03724369779229164,-39.75846481323242
131,0.1311311274766922,43.64228820800781,-0.0030454141087830067,0.040906596928834915,-40.9882926940918
132,0.1321321278810501,43.679317474365234,-0.0030239582993090153,0.04052276536822319,-40.89114761352539
133,0.13313312828540802,43.71638107299805,-0.0030187948141247034,0.04145977273583412,-41.23806381225586
134,0.13413412868976593,43.753475189208984,-0.002907030051574111,0.037452857941389084,-39.91667938232422
135,0.13513512909412384,43.79059600830078,-0.0028442423790693283,0.03760135546326637,-40.08329391479492
136,0.13613612949848175,43.827762603759766,-0.0026675397530198097,0.03305734321475029,-38.522361755371094
137,0.13713712990283966,43.86494445800781,-0.002634751843288541,0.03335408493876457,-38.67500305175781
138,0.13813813030719757,43.902164459228516,-0.0025826115161180496,0.032061513513326645,-38.192344665527344
139,0.13913913071155548,43.93941879272461,-0.0026929532177746296,0.03663451224565506,-39.89422607421875
140,0.1401401311159134,43.9766960144043,-0.0027612545527517796,0.03987479954957962,-41.01542663574219
141,0.1411411464214325,44.014015197753906,-0.0027868039906024933,0.04130832105875015,-41.44852066040039
142,0.1421421468257904,44.051361083984375,-0.00279239472001791,0.04241916537284851,-41.781925201416016
143,0.14314314723014832,44.08873748779297,-0.0026562362909317017,0.037544310092926025,-40.01305389404297
144,0.14414414763450623,44.12614822387695,-0.002610468538478017,0.036934949457645416,-39.799591064453125
145,0.14514514803886414,44.1635856628418,-0.0026633068919181824,0.04127740114927292,-41.51387405395508
146,0.14614614844322205,44.20106506347656,-0.0026323492638766766,0.04205992445349693,-41.96737289428711
147,0.14714714884757996,44.238563537597656,-0.0025024753995239735,0.037396520376205444,-40.32781982421875
148,0.14814814925193787,44.27610778808594,-0.002479927148669958,0.03778759017586708,-40.650753021240234
149,0.14914914965629578,44.31366729736328,-0.0024711289443075657,0.03805718198418617,-40.901737213134766
150,0.1501501500606537,44.35126876831055,-0.0025080598425120115,0.04059332236647606,-42.04449462890625
151,0.1511511504650116,44.38890075683594,-0.002477239817380905,0.03912268579006195,-41.55918502807617
152,0.1521521508693695,44.426570892333984,-0.002440695883706212,0.03725874796509743,-40.88036346435547
153,0.15315315127372742,44.464263916015625,-0.002338557969778776,0.03245807811617851,-38.92361831665039
154,0.15415415167808533,44.50199508666992,-0.0023124879226088524,0.031445447355508804,-38.511714935302734
155,0.15515515208244324,44.53975296020508,-0.0021820287220180035,0.027344850823283195,-36.7028923034668
156,0.15615615248680115,44.57754898071289,-0.002139586955308914,0.026835115626454353,-36.439056396484375
157,0.15715715289115906,44.6153678894043,-0.0022519815247505903,0.032073281705379486,-38.7910270690918
158,0.15815815329551697,44.653228759765625,-0.0020584193989634514,0.026081714779138565,-35.9732551574707
159,0.15915915369987488,44.69111251831055,-0.001982867019250989,0.024350520223379135,-35.06584930419922
160,0.1601601541042328,44.72903823852539,-0.001987794879823923,0.025019671767950058,-35.36003112792969
161,0.1611611545085907,44.76698684692383,-0.0020915574859827757,0.02884836494922638,-37.238914489746094
162,0.1621621549129486,44.804969787597656,-0.0021681697107851505,0.03194094076752663,-38.700748443603516
163,0.16316315531730652,44.842987060546875,-0.0023064352571964264,0.03820936009287834,-41.490291595458984
164,0.16416415572166443,44.88103485107422,-0.0022505668457597494,0.03621381148695946,-40.68904113769531
165,0.16516515612602234,44.91912078857422,-0.0022647411096841097,0.03891608864068985,-41.99594497680664
166,0.16616615653038025,44.95723342895508,-0.002081464044749737,0.03112165629863739,-38.50501251220703
167,0.16716717183589935,44.99538040161133,-0.0019609828013926744,0.027180621400475502,-36.60404586791992
168,0.16816817224025726,45.03356170654297,-0.0019373560789972544,0.02704404480755329,-36.58147430419922
169,0.16916917264461517,45.071773529052734,-0.0019322832813486457,0.02724539302289486,-36.743499755859375
170,0.17017017304897308,45.110015869140625,-0.0018155646976083517,0.023102449253201485,-34.56293487548828
171,0.171171173453331,45.14828872680664,-0.0018050731159746647,0.022520124912261963,-34.251808166503906
172,0.1721721738576889,45.18659973144531,-0.0017922488041222095,0.021622873842716217,-33.75162124633789
173,0.17317317426204681,45.22494125366211,-0.0017973068170249462,0.021422410383820534,-33.63181686401367
174,0.17417417466640472,45.2633171081543,-0.0017998898401856422,0.021395346149802208,-33.598548889160156
175,0.17517517507076263,45.30172348022461,-0.0016578916693106294,0.017576124519109726,-31.380311965942383
176,0.17617617547512054,45.34016036987305,-0.0016655400395393372,0.018495861440896988,-31.908084869384766
177,0.17717717587947845,45.37863540649414,-0.0016126222908496857,0.017688050866127014,-31.3705997467041
178,0.17817817628383636,45.41713333129883,-0.001720813917927444,0.021554406732320786,-33.686790466308594
179,0.17917917668819427,45.45567321777344,-0.0017087237210944295,0.021381571888923645,-33.62417221069336
180,0.18018017709255219,45.49424362182617,-0.0016769531648606062,0.02041831612586975,-33.10304260253906
181,0.1811811774969101,45.53284454345703,-0.0016016036970540881,0.018226664513349533,-31.826805114746094
182,0.182182177901268,45.571475982666016,-0.0016613129992038012,0.020247645676136017,-33.17485427856445
183,0.18318317830562592,45.610145568847656,-0.001642621704377234,0.020321663469076157,-33.37959289550781
184,0.18418417870998383,45.64884567260742,-0.0016427505761384964,0.02120538055896759,-34.036624908447266
185,0.18518517911434174,45.68758010864258,-0.0015770879108458757,0.019996631890535355,-33.33828353881836
186,0.18618617951869965,45.726348876953125,-0.0016376436688005924,0.022591767832636833,-34.9251823425293
187,0.18718717992305756,45.76514434814453,-0.0015264570247381926,0.019665217027068138,-32.98432159423828
188,0.18818818032741547,45.803977966308594,-0.0014573847874999046,0.01798173226416111,-31.69222640991211
189,0.18918918073177338,45.84284210205078,-0.0014574305387213826,0.01825767569243908,-31.706586837768555
190,0.1901901811361313,45.881744384765625,-0.0014349727425724268,0.017859434708952904,-31.272111892700195
191,0.1911911815404892,45.92066955566406,-0.0014769549015909433,0.01913033053278923,-32.05590057373047
192,0.1921921968460083,45.95963668823242,-0.0014732899144291878,0.01891445368528366,-31.910940170288086
193,0.1931931972503662,45.99863052368164,-0.0015166805824264884,0.020131833851337433,-32.794715881347656
194,0.19419419765472412,46.037662506103516,-0.0015693274326622486,0.021807214245200157,-33.972991943359375
195,0.19519519805908203,46.07672882080078,-0.0013735636603087187,0.01510243397206068,-29.547258377075195
196,0.19619619846343994,46.115821838378906,-0.0013806561473757029,0.015132952481508255,-29.689830780029297
197,0.19719719886779785,46.15495300292969,-0.001414956641383469,0.016069553792476654,-30.444011688232422
198,0.19819819927215576,46.194114685058594,-0.0013239487307146192,0.013218194246292114,-28.403160095214844
199,0.19919919967651367,46.23331069946289,-0.0013029812835156918,0.012838728725910187,-28.130712509155273
200,0.20020020008087158,46.27254104614258,-0.0012260866351425648,0.010843675583600998,-26.601205825805664
201,0.2012012004852295,46.31180191040039,-0.0012026356998831034,0.010526133701205254,-26.34872817993164
202,0.2022022008895874,46.35110092163086,-0.0012515396811068058,0.012528616935014725,-27.971132278442383
203,0.2032032012939453,46.39043045043945,-0.0012433407828211784,0.012913323938846588,-28.332374572753906
204,0.20420420169830322,46.42979049682617,-0.0011939872056245804,0.011905056424438953,-27.559505462646484
205,0.20520520210266113,46.46918487548828,-0.0012390470365062356,0.013641656376421452,-29.058313369750977
206,0.20620620250701904,46.50861740112305,-0.0012398333055898547,0.01361150573939085,-29.111446380615234
207,0.20720720291137695,46.54807662963867,-0.0012363640125840902,0.013314107432961464,-28.931297302246094
208,0.20820820331573486,46.58757400512695,-0.0012305695563554764,0.013064801692962646,-28.716800689697266
209,0.20920920372009277,46.62710189819336,-0.0011928929015994072,0.011986060999333858,-27.69403648376465
210,0.21021020412445068,46.666664123535156,-0.0012284318218007684,0.013553103432059288,-28.8016357421875
211,0.2112112045288086,46.706260681152344,-0.0012609517434611917,0.015135042369365692,-29.858911514282227
212,0.2122122049331665,46.74589157104492,-0.0012467290507629514,0.015178240835666656,-29.662288665771484
213,0.21321320533752441,46.78555679321289,-0.0012810049811378121,0.016995778307318687,-30.894250869750977
214,0.21421420574188232,46.825252532958984,-0.001421913504600525,0.02267571911215782,-34.98286819458008
215,0.21521520614624023,46.864990234375,-0.0014083911664783955,0.0227664802223444,-35.09975814819336
216,0.21621620655059814,46.90475082397461,-0.0013901351485401392,0.0223229993134737,-34.88042068481445
217,0.21721720695495605,46.94455337524414,-0.001263944897800684,0.017599740996956825,-31.44101905822754
218,0.21821822226047516,46.98438262939453,-0.0012610743287950754,0.017327729612588882,-31.350614547729492
219,0.21921922266483307,47.024253845214844,-0.0013536366168409586,0.020500222221016884,-33.90437316894531
220,0.22022022306919098,47.064151763916016,-0.0012996098957955837,0.01864030957221985,-32.58920669555664
221,0.2212212234735489,47.104087829589844,-0.0012772410409525037,0.017994889989495277,-32.08586120605469
222,0.2222222238779068,47.14405059814453,-0.001310808351263404,0.019597532227635384,-33.279693603515625
223,0.2232232242822647,47.18405532836914,-0.0013786221388727427,0.0227903313934803,-35.620792388916016
224,0.22422422468662262,47.22409439086914,-0.0013079409254714847,0.019738124683499336,-33.33148193359375
225,0.22522522509098053,47.264163970947266,-0.0013374260161072016,0.021135739982128143,-34.39484786987305
226,0.22622622549533844,47.304264068603516,-0.001322657335549593,0.02054859884083271,-33.986572265625
227,0.22722722589969635,47.34440231323242,-0.0012669763527810574,0.018232697620987892,-32.243858337402344
228,0.22822822630405426,47.384578704833984,-0.0012688080314546824,0.018405528739094734,-32.409645080566406
229,0.22922922670841217,47.424781799316406,-0.0012390491319820285,0.017331421375274658,-31.590883255004883
230,0.23023022711277008,47.465023040771484,-0.0011988063342869282,0.016071705147624016,-30.5982608795166
231,0.231231227517128,47.50529479980469,-0.001186674926429987,0.016073111444711685,-30.605682373046875
232,0.2322322279214859,47.54560470581055,-0.0011517324019223452,0.015292199328541756,-29.93376922607422
233,0.2332332283258438,47.58594512939453,-0.0012261247029528022,0.018744487315416336,-32.84416580200195
234,0.23423422873020172,47.62632369995117,-0.0011909791501238942,0.01782970130443573,-32.09147644042969
235,0.23523522913455963,47.6667366027832,-0.0011915876530110836,0.01834387704730034,-32.49573516845703
236,0.23623622953891754,47.707176208496094,-0.0012040437432006001,0.019220922142267227,-33.185272216796875
237,0.23723722994327545,47.74766540527344,-0.0011825540568679571,0.01846243068575859,-32.518489837646484
238,0.23823823034763336,47.788177490234375,-0.0011352475266903639,0.016459444537758827,-30.77785873413086
239,0.23923923075199127,47.8287239074707,-0.0011687719961628318,0.01781058870255947,-31.962770462036133
240,0.24024023115634918,47.86930847167969,-0.0012385676382109523,0.020815329626202583,-34.53651809692383
241,0.2412412315607071,47.9099235534668,-0.0012389625189825892,0.02116817981004715,-34.93336868286133
242,0.242242231965065,47.95058059692383,-0.0012116458965465426,0.02035047486424446,-34.3709716796875
243,0.2432432323694229,47.99126052856445,-0.0011945059522986412,0.019869504496455193,-34.01666259765625
244,0.24424424767494202,48.031982421875,-0.0012308652512729168,0.021497605368494987,-35.354251861572266
245,0.24524524807929993,48.07273864746094,-0.0012661563232541084,0.02320520021021366,-36.71798324584961
246,0.24624624848365784,48.113529205322266,-0.001236296957358718,0.02230440266430378,-36.01654815673828
247,0.24724724888801575,48.154354095458984,-0.0011390113504603505,0.018604816868901253,-32.920223236083984
248,0.24824824929237366,48.19520950317383,-0.0011888807639479637,0.020923949778079987,-34.94621658325195
249,0.24924924969673157,48.236106872558594,-0.0011837242636829615,0.02076742984354496,-34.88057327270508
250,0.2502502501010895,48.277034759521484,-0.0012025577016174793,0.02130216546356678,-35.377925872802734
251,0.2512512505054474,48.317996978759766,-0.0011938915122300386,0.020444320514798164,-34.666893005371094
252,0.2522522509098053,48.35899353027344,-0.001177546801045537,0.019527483731508255,-33.866851806640625
253,0.2532532513141632,48.40003204345703,-0.0012083661276847124,0.021017419174313545,-35.09858322143555
254,0.2542542517185211,48.44109344482422,-0.0012400939594954252,0.02267288602888584,-36.46702575683594
255,0.25525525212287903,48.48219680786133,-0.0012361519038677216,0.022664368152618408,-36.51687240600586
256,0.25625625252723694,48.52333450317383,-0.0011246844660490751,0.017944319173693657,-32.6124382019043
257,0.25725725293159485,48.564510345458984,-0.0010658608516678214,0.015588971786201,-30.56821632385254
258,0.25825825333595276,48.605712890625,-0.0010281489230692387,0.01428500097244978,-29.40473175048828
259,0.25925925374031067,48.64695739746094,-0.0010390656534582376,0.015262448228895664,-30.376792907714844
260,0.2602602541446686,48.688236236572266,-0.00101739470846951,0.014655319042503834,-29.77222442626953
261,0.2612612545490265,48.729549407958984,-0.0010055004386231303,0.014313113875687122,-29.411151885986328
262,0.2622622549533844,48.770896911621094,-0.0010294178500771523,0.015555933117866516,-30.63324546813965
263,0.2632632553577423,48.812278747558594,-0.0009698582580313087,0.01278696209192276,-27.870677947998047
264,0.2642642557621002,48.85369110107422,-0.0009735474595800042,0.013052893802523613,-28.141685485839844
265,0.26526525616645813,48.895145416259766,-0.000929635891225189,0.01050278265029192,-25.428613662719727
266,0.26626625657081604,48.93663787841797,-0.0009238790953531861,0.010189644061028957,-25.01405906677246
267,0.26726725697517395,48.97815704345703,-0.0009240683866664767,0.010497789829969406,-25.224308013916016
268,0.26826825737953186,49.01971435546875,-0.0009200734784826636,0.010575078427791595,-25.21529197692871
269,0.26926925778388977,49.061309814453125,-0.0009544101776555181,0.013309948146343231,-28.06732749938965
270,0.2702702581882477,49.10293960571289,-0.0009423873852938414,0.01321517676115036,-27.950986862182617
271,0.2712712585926056,49.14460754394531,-0.0009066602797247469,0.011480268090963364,-26.050546646118164
272,0.2722722589969635,49.18630599975586,-0.0009024392929859459,0.011725942604243755,-26.258949279785156
273,0.2732732594013214,49.2280387878418,-0.0009561806218698621,0.015348270535469055,-30.103635787963867
274,0.2742742598056793,49.26980972290039,-0.0010144098196178675,0.018327508121728897,-33.06242752075195
275,0.27527526021003723,49.31161880493164,-0.0010600079549476504,0.020369399338960648,-34.94733428955078
276,0.27627626061439514,49.35345458984375,-0.0010614893399178982,0.02010102942585945,-34.59735107421875
277,0.27727726101875305,49.39533233642578,-0.001102241687476635,0.02192716673016548,-36.23079299926758
278,0.27827826142311096,49.4372444152832,-0.0010995885822921991,0.021774880588054657,-36.107364654541016
279,0.27927926182746887,49.479190826416016,-0.0010783442994579673,0.02086077630519867,-35.412109375
280,0.2802802622318268,49.52117156982422,-0.001074239844456315,0.020607419312000275,-35.3118782043457
281,0.2812812626361847,49.56319046020508,-0.0010989797301590443,0.02175494097173214,-36.52293014526367
282,0.282282292842865,49.60525131225586,-0.0010765527840703726,0.02055656909942627,-35.591766357421875
283,0.2832832932472229,49.6473388671875,-0.0011279578320682049,0.023188792169094086,-38.11273956298828
284,0.2842842936515808,49.6894645690918,-0.0011407514102756977,0.023786459118127823,-38.706214904785156
285,0.2852852940559387,49.73162841796875,-0.0011297755409032106,0.023258952423930168,-38.31131362915039
286,0.28628629446029663,49.77382278442383,-0.0011590144131332636,0.025221019983291626,-40.09563064575195
287,0.28728729486465454,49.81605911254883,-0.001137066283263266,0.02420392632484436,-39.27052307128906
288,0.28828829526901245,49.85832595825195,-0.0011068523162975907,0.022896436974406242,-38.16831588745117
289,0.28928929567337036,49.900630950927734,-0.0010855700820684433,0.022302284836769104,-37.71030807495117
290,0.29029029607772827,49.94297409057617,-0.0010857891757041216,0.0230350773781538,-38.458011627197266
291,0.2912912964820862,49.985355377197266,-0.0011037426302209496,0.02497672848403454,-40.285987854003906
292,0.2922922968864441,50.02776336669922,-0.0010683240834623575,0.023630693554878235,-39.12066650390625
293,0.293293297290802,50.07020950317383,-0.001040593720972538,0.022545361891388893,-38.144107818603516
294,0.2942942976951599,50.11269760131836,-0.001072542741894722,0.024771861732006073,-40.300621032714844
295,0.2952952980995178,50.155216217041016,-0.0010642611887305975,0.024274686351418495,-39.9088020324707
296,0.29629629850387573,50.197776794433594,-0.00105735519900918,0.023882150650024414,-39.66171646118164
297,0.29729729890823364,50.2403678894043,-0.001053027343004942,0.023583190515637398,-39.47260284423828
298,0.29829829931259155,50.282997131347656,-0.0010543265379965305,0.0237484909594059,-39.68564987182617
299,0.29929929971694946,50.32566452026367,-0.0010311498772352934,0.022615117952227592,-38.61225128173828
300,0.3003003001213074,50.36836242675781,-0.0009878480341285467,0.02063957415521145,-36.597068786621094
301,0.3013013005256653,50.41109848022461,-0.0009717874927446246,0.020147791132330894,-35.9831657409668
302,0.3023023009300232,50.45387649536133,-0.0009357317467220128,0.018457934260368347,-34.080078125
303,0.3033033013343811,50.49668502807617,-0.0009956293506547809,0.021860286593437195,-37.46127700805664
304,0.304304301738739,50.53953552246094,-0.0009853002848103642,0.021457895636558533,-36.98783493041992
305,0.3053053021430969,50.58241653442383,-0.0009832179639488459,0.02133152075111866,-36.77357864379883
306,0.30630630254745483,50.625335693359375,-0.0009593414142727852,0.019583359360694885,-34.88896560668945
307,0.30730730295181274,50.66829299926758,-0.0009641347569413483,0.019637789577245712,-34.919864654541016
308,0.30830830335617065,50.71128463745117,-0.0009838211117312312,0.02074394002556801,-36.05976867675781
309,0.30930930376052856,50.754310607910156,-0.0010073259472846985,0.022505750879645348,-37.899436950683594
310,0.3103103041648865,50.79737854003906,-0.0010273437947034836,0.024285394698381424,-39.77232360839844
311,0.3113113045692444,50.840476989746094,-0.0010071611031889915,0.02333570271730423,-38.97037124633789
312,0.3123123049736023,50.88361358642578,-0.0009824378648772836,0.022187365218997,-37.97274398803711
313,0.3133133053779602,50.92679214477539,-0.000980593846179545,0.02239447459578514,-38.354339599609375
314,0.3143143057823181,50.97000503540039,-0.0009302494581788778,0.019462885335087776,-35.469261169433594
315,0.315315306186676,51.01325225830078,-0.0009117503650486469,0.01848720945417881,-34.55582809448242
316,0.31631630659103394,51.056541442871094,-0.0009134678402915597,0.018661661073565483,-34.84685516357422
317,0.31731730699539185,51.099857330322266,-0.0009142732596956193,0.018643073737621307,-34.854591369628906
318,0.31831830739974976,51.14321517944336,-0.0009625363745726645,0.02156640961766243,-37.94841384887695
319,0.31931930780410767,51.186614990234375,-0.000993997440673411,0.023713015019893646,-40.13644790649414
320,0.3203203082084656,51.23004913330078,-0.000989423249848187,0.023522842675447464,-39.949310302734375
321,0.3213213086128235,51.27351379394531,-0.0009736286010593176,0.022366253659129143,-38.77877426147461
322,0.3223223090171814,51.317020416259766,-0.000979321775957942,0.022639364004135132,-39.05636215209961
323,0.3233233094215393,51.36056137084961,-0.0009975292487069964,0.024076208472251892,-40.50372314453125
324,0.3243243098258972,51.40414047241211,-0.0009826028253883123,0.02297225221991539,-39.45024871826172
325,0.3253253102302551,51.44776153564453,-0.0009468980715610087,0.020286692306399345,-36.752418518066406
326,0.32632631063461304,51.49141311645508,-0.0009555970318615437,0.021185651421546936,-37.781890869140625
327,0.32732731103897095,51.53510284423828,-0.0009223076049238443,0.01927204243838787,-35.84768295288086
328,0.32832831144332886,51.578834533691406,-0.0009274377953261137,0.02021530270576477,-36.96709060668945
329,0.32932931184768677,51.622596740722656,-0.0009571364498697221,0.023006275296211243,-40.03349304199219
330,0.3303303122520447,51.66639709472656,-0.0009581682970747352,0.023702094331383705,-40.886810302734375
331,0.3313313126564026,51.71023941040039,-0.000945783220231533,0.023270541802048683,-40.566932678222656
332,0.3323323130607605,51.754112243652344,-0.0009611592395231128,0.02468211017549038,-42.16386795043945
333,0.3333333432674408,51.79802703857422,-0.0009235338657163084,0.02220172993838787,-39.61983108520508
334,0.3343343436717987,51.84197998046875,-0.0009064489277079701,0.02116849645972252,-38.56210708618164
335,0.3353353440761566,51.88597106933594,-0.0009247328853234649,0.02261928841471672,-40.16564178466797
336,0.3363363444805145,51.92999267578125,-0.0009484390029683709,0.024451302364468575,-42.11740493774414
337,0.33733734488487244,51.974056243896484,-0.0009373475913889706,0.023972773924469948,-41.603736877441406
338,0.33833834528923035,52.018157958984375,-0.0009106213692575693,0.02244270220398903,-39.940345764160156
339,0.33933934569358826,52.06229782104492,-0.0008631699602119625,0.01932397671043873,-36.401973724365234
340,0.34034034609794617,52.106468200683594,-0.0008510133484378457,0.01848878525197506,-35.442901611328125
341,0.3413413465023041,52.15068054199219,-0.0008639374282211065,0.01945527270436287,-36.595420837402344
342,0.342342346906662,52.19493103027344,-0.0008753018919378519,0.020247329026460648,-37.53302764892578
343,0.3433433473110199,52.23921585083008,-0.0008549898047931492,0.01846596971154213,-35.51195526123047
344,0.3443443477153778,52.283546447753906,-0.0008610705262981355,0.01878402940928936,-35.919673919677734
345,0.3453453481197357,52.327911376953125,-0.0009044968755915761,0.0220575463026762,-39.679447174072266
346,0.34634634852409363,52.372310638427734,-0.0009406058234162629,0.024892430752515793,-42.834083557128906
347,0.34734734892845154,52.416744232177734,-0.0009369407780468464,0.02447632886469364,-42.42827224731445
348,0.34834834933280945,52.46122360229492,-0.0009049547370523214,0.022069117054343224,-39.84619903564453
349,0.34934934973716736,52.505733489990234,-0.0009591769194230437,0.02706882916390896,-45.205936431884766
350,0.35035035014152527,52.55028533935547,-0.0009485192713327706,0.026411622762680054,-44.508609771728516
351,0.3513513505458832,52.594879150390625,-0.0009562732884660363,0.027719903737306595,-45.92335510253906
352,0.3523523509502411,52.639503479003906,-0.0009428375633433461,0.027006331831216812,-45.23971176147461
353,0.353353351354599,52.68416976928711,-0.0009254567557945848,0.025895439088344574,-44.08567428588867
354,0.3543543517589569,52.72887420654297,-0.0009118292946368456,0.02521335333585739,-43.38703536987305
355,0.3553553521633148,52.77360916137695,-0.0009274199837818742,0.027244137600064278,-45.58605194091797
356,0.35635635256767273,52.81839370727539,-0.0009171984856948256,0.026221850886940956,-44.42977523803711
357,0.35735735297203064,52.86320495605469,-0.0009221147047355771,0.02647988870739937,-44.6615104675293
358,0.35835835337638855,52.90806198120117,-0.0009136228472925723,0.025090061128139496,-43.11768341064453
359,0.35935935378074646,52.95295333862305,-0.000907203764654696,0.024067023769021034,-42.013572692871094
360,0.36036035418510437,52.99788284301758,-0.0009151092963293195,0.02504095435142517,-43.148101806640625
361,0.3613613545894623,53.0428581237793,-0.0009324229322373867,0.02742871455848217,-45.82252883911133
362,0.3623623549938202,53.087860107421875,-0.0009343809797428548,0.027526963502168655,-46.0169677734375
363,0.3633633553981781,53.13290786743164,-0.0009433104423806071,0.0285556111484766,-47.184898376464844
364,0.364364355802536,53.1779899597168,-0.000933435105253011,0.02724578231573105,-45.89276885986328
365,0.3653653562068939,53.223114013671875,-0.0009226383408531547,0.026701584458351135,-45.47440719604492
366,0.36636635661125183,53.268272399902344,-0.0008988672634586692,0.024709638208150864,-43.48049545288086
367,0.36736735701560974,53.31346893310547,-0.0008818860515020788,0.02366848662495613,-42.473854064941406
368,0.36836835741996765,53.358707427978516,-0.000862766697537154,0.02232426032423973,-41.053001403808594
369,0.36936935782432556,53.40398025512695,-0.000860681408084929,0.0226809810847044,-41.50994873046875
370,0.37037035822868347,53.44929885864258,-0.0008682547486387193,0.024035867303609848,-43.096168518066406
371,0.3713713586330414,53.49464797973633,-0.0008742002537474036,0.024950813502073288,-44.08605194091797
372,0.3723723590373993,53.5400390625,-0.000877744983881712,0.025546278804540634,-44.672523498535156
373,0.3733733594417572,53.58546829223633,-0.0008639591978862882,0.024068063125014305,-42.851966857910156
374,0.3743743598461151,53.63093566894531,-0.0008427436696365476,0.021702533587813377,-39.9415168762207
375,0.375375360250473,53.67644500732422,-0.0008326104725711048,0.020888395607471466,-38.88800048828125
376,0.37637636065483093,53.721988677978516,-0.0008090973715297878,0.019236519932746887,-36.940189361572266
377,0.37737736105918884,53.76757049560547,-0.0008094914956018329,0.019713595509529114,-37.616695404052734
378,0.37837836146354675,53.813194274902344,-0.0008146027685143054,0.020529795438051224,-38.71782302856445
379,0.37937936186790466,53.858856201171875,-0.0007988617289811373,0.019760429859161377,-37.933528900146484
380,0.3803803622722626,53.9045524597168,-0.0008029351010918617,0.020924197509884834,-39.58790588378906
381,0.3813813626766205,53.950294494628906,-0.0007970420992933214,0.02127947472035885,-40.23002624511719
382,0.3823823630809784,53.996070861816406,-0.000799061730504036,0.022077815607190132,-41.39512634277344
383,0.3833833634853363,54.04188919067383,-0.0007680000853724778,0.019742455333471298,-38.5003547668457
384,0.3843843936920166,54.08774185180664,-0.0007461586501449347,0.018270283937454224,-36.57939147949219
385,0.3853853940963745,54.133636474609375,-0.0007561489474028349,0.01916118897497654,-37.7532844543457
386,0.3863863945007324,54.1795654296875,-0.0007474287413060665,0.018186084926128387,-36.4076042175293
387,0.38738739490509033,54.22554016113281,-0.0007275955285876989,0.016367292031645775,-33.909149169921875
388,0.38838839530944824,54.271549224853516,-0.0007241025450639427,0.015825601294636726,-33.163291931152344
389,0.38938939571380615,54.317596435546875,-0.0007238148245960474,0.015461218543350697,-32.67182922363281
390,0.39039039611816406,54.363685607910156,-0.0007074429886415601,0.013492031954228878,-29.976295471191406
391,0.391391396522522,54.40981674194336,-0.0007163945119827986,0.013586606830358505,-30.197162628173828
392,0.3923923969268799,54.45597839355469,-0.0007336179260164499,0.014319956302642822,-31.288497924804688
393,0.3933933973312378,54.502193450927734,-0.0007417770102620125,0.014709829352796078,-31.89972496032715
394,0.3943943977355957,54.54843521118164,-0.0007756351260468364,0.017495958134531975,-35.64910888671875
395,0.3953953981399536,54.59471893310547,-0.0007786205969750881,0.017987046390771866,-36.39957046508789
396,0.3963963985443115,54.64104080200195,-0.0007765075424686074,0.01794411987066269,-36.4434700012207
397,0.39739739894866943,54.68740463256836,-0.0007801555912010372,0.018618354573845863,-37.42122268676758
398,0.39839839935302734,54.73381042480469,-0.0007812678813934326,0.01889185421168804,-37.85049819946289
399,0.39939939975738525,54.780250549316406,-0.0007826244691386819,0.019043097272515297,-38.10380172729492
400,0.40040040016174316,54.82673263549805,-0.000782257819082588,0.01907745748758316,-38.237422943115234
401,0.4014014005661011,54.87324905395508,-0.000779237481765449,0.019307872280478477,-38.703739166259766
402,0.402402400970459,54.91980743408203,-0.0007732814992778003,0.01943938061594963,-39.04330825805664
403,0.4034034013748169,54.96641540527344,-0.0007838874589651823,0.02149682305753231,-41.88896179199219
404,0.4044044017791748,55.01305389404297,-0.0007473076693713665,0.018577687442302704,-38.1901741027832
405,0.4054054021835327,55.059730529785156,-0.0007225385634228587,0.016554689034819603,-35.43997573852539
406,0.4064064025878906,55.106449127197266,-0.0007187852752394974,0.016316715627908707,-35.066673278808594
407,0.40740740299224854,55.1532096862793,-0.0007108010468073189,0.015769904479384422,-34.23052978515625
408,0.40840840339660645,55.200008392333984,-0.0007159229135140777,0.01639002561569214,-35.01508712768555
409,0.40940940380096436,55.24684524536133,-0.0007143002585507929,0.01624884642660618,-34.70497131347656
410,0.41041040420532227,55.293724060058594,-0.0007325257174670696,0.0179726704955101,-36.98780059814453
411,0.4114114046096802,55.340641021728516,-0.0007355143898166716,0.018295396119356155,-37.41012191772461
412,0.4124124050140381,55.38759231567383,-0.0007576101925224066,0.020751403644680977,-40.77550506591797
413,0.413413405418396,55.43458938598633,-0.0007566007552668452,0.020533524453639984,-40.60296630859375
414,0.4144144058227539,55.481624603271484,-0.0007622233242727816,0.02113942801952362,-41.53675842285156
415,0.4154154062271118,55.52870178222656,-0.000759733549784869,0.020880986005067825,-41.367610931396484
416,0.4164164066314697,55.5758171081543,-0.0007553247269243002,0.020639361813664436,-41.20574951171875
417,0.41741740703582764,55.62297439575195,-0.0007408926030620933,0.019730987027287483,-40.112953186035156
418,0.41841840744018555,55.67017364501953,-0.0007531598675996065,0.021616458892822266,-42.72269821166992
419,0.41941940784454346,55.71741485595703,-0.0007557949284091592,0.022454699501395226,-43.886878967285156
420,0.42042040824890137,55.764686584472656,-0.0007415899308398366,0.02121920883655548,-42.217533111572266
421,0.4214214086532593,55.81200408935547,-0.0007589282467961311,0.022757017984986305,-44.20734405517578
422,0.4224224090576172,55.85935592651367,-0.0007729732315056026,0.02409948967397213,-45.888465881347656
423,0.4234234094619751,55.90675735473633,-0.0007519777864217758,0.021678879857063293,-42.63302993774414
424,0.424424409866333,55.954193115234375,-0.0007372452528215945,0.020679792389273643,-41.31625747680664
425,0.4254254102706909,56.00166702270508,-0.0007195445941761136,0.02036849968135357,-41.044822692871094
426,0.42642641067504883,56.04918670654297,-0.0006758976960554719,0.01791737787425518,-37.624515533447266
427,0.42742741107940674,56.096744537353516,-0.0006691501475870609,0.018188994377851486,-38.02754592895508
428,0.42842841148376465,56.14434814453125,-0.0006685858825221658,0.018510092049837112,-38.485538482666016
429,0.42942941188812256,56.191978454589844,-0.0006660288199782372,0.01819865219295025,-37.97238540649414
430,0.43043041229248047,56.239662170410156,-0.0006652225274592638,0.01768798939883709,-37.14921951293945
431,0.4314314126968384,56.287384033203125,-0.0006892973324283957,0.019215259701013565,-39.363929748535156
432,0.4324324131011963,56.335140228271484,-0.0007085710531100631,0.020819569006562233,-41.727210998535156
433,0.4334334135055542,56.3829460144043,-0.0007279589772224426,0.022899463772773743,-44.73048400878906
434,0.4344344139099121,56.430782318115234,-0.000732139335013926,0.023272184655070305,-45.340118408203125
435,0.43543541431427,56.478668212890625,-0.0007384519558399916,0.02393905632197857,-46.35315704345703
436,0.4364364445209503,56.526588439941406,-0.0007443452486768365,0.02452981099486351,-47.22935104370117
437,0.4374374449253082,56.574554443359375,-0.0007549436995759606,0.026104511693120003,-49.408329010009766
438,0.43843844532966614,56.62255859375,-0.0007609365275129676,0.027243567630648613,-50.997066497802734
439,0.43943944573402405,56.67060089111328,-0.0007709020283073187,0.02934459038078785,-53.85112762451172
440,0.44044044613838196,56.718685150146484,-0.0007764924084767699,0.03075760044157505,-55.79279708862305
441,0.44144144654273987,56.76681137084961,-0.0007636951631866395,0.028212659060955048,-52.5895881652832
442,0.4424424469470978,56.814979553222656,-0.0007561331149190664,0.027621427550911903,-51.98237991333008
443,0.4434434473514557,56.86318588256836,-0.0007494661258533597,0.02683245576918125,-51.051761627197266
444,0.4444444477558136,56.911434173583984,-0.0007354262052103877,0.02463909611105919,-48.206825256347656
445,0.4454454481601715,56.95972442626953,-0.0007286007166840136,0.023864716291427612,-47.29320526123047
446,0.4464464485645294,57.008056640625,-0.0007111262530088425,0.0217391736805439,-44.43311309814453
447,0.44744744896888733,57.056427001953125,-0.0006975234718993306,0.0204005166888237,-42.6157112121582
448,0.44844844937324524,57.10483932495117,-0.0006749789463356137,0.018619954586029053,-40.08171081542969
449,0.44944944977760315,57.153297424316406,-0.0006886159535497427,0.020480571314692497,-42.83744812011719
450,0.45045045018196106,57.20178985595703,-0.0006830511847510934,0.02051648311316967,-42.95027160644531
451,0.45145145058631897,57.25032424926758,-0.0006809891201555729,0.02064155787229538,-43.1707649230957
452,0.4524524509906769,57.29890060424805,-0.0006610604468733072,0.01900114305317402,-40.762855529785156
453,0.4534534513950348,57.3475227355957,-0.0006456029368564487,0.017776625230908394,-38.90620040893555
454,0.4544544517993927,57.396183013916016,-0.0006436092080548406,0.017641492187976837,-38.7246208190918
455,0.4554554522037506,57.444881439208984,-0.0006422331789508462,0.017502231523394585,-38.50890350341797
456,0.4564564526081085,57.49362564086914,-0.0006527160294353962,0.018508009612560272,-40.0788688659668
457,0.45745745301246643,57.54240417480469,-0.0006519539747387171,0.018796181306242943,-40.52724838256836
458,0.45845845341682434,57.59122848510742,-0.0006580168846994638,0.01961667463183403,-41.785118103027344
459,0.45945945382118225,57.640098571777344,-0.0006708777509629726,0.02089781127870083,-43.70271301269531
460,0.46046045422554016,57.68900680541992,-0.0006618598708882928,0.019813956692814827,-42.02407455444336
461,0.46146145462989807,57.73795700073242,-0.0006703200633637607,0.020438671112060547,-43.01577377319336
462,0.462462455034256,57.786949157714844,-0.0006843718001618981,0.02166076935827732,-44.87320327758789
463,0.4634634554386139,57.83598327636719,-0.0006741529796272516,0.0205555260181427,-43.324462890625
464,0.4644644558429718,57.88505554199219,-0.0006535385036841035,0.018331948667764664,-40.03342819213867
465,0.4654654562473297,57.934165954589844,-0.0006616184255108237,0.01898779347538948,-41.09742736816406
466,0.4664664566516876,57.98332977294922,-0.0006541570764966309,0.018730295822024345,-40.810272216796875
467,0.46746745705604553,58.03252410888672,-0.0006502053583972156,0.01904534175992012,-41.370628356933594
468,0.46846845746040344,58.08176803588867,-0.0006696175551041961,0.022199906408786774,-46.1888542175293
469,0.46946945786476135,58.131046295166016,-0.0006717056385241449,0.023251280188560486,-47.74385452270508
470,0.47047045826911926,58.18037414550781,-0.0006660119397565722,0.022771567106246948,-46.958465576171875
471,0.4714714586734772,58.229740142822266,-0.0006606733659282327,0.02187325619161129,-45.47244644165039
472,0.4724724590778351,58.27914810180664,-0.0006604398367926478,0.02126370370388031,-44.38887023925781
473,0.473473459482193,58.32859802246094,-0.0006718132644891739,0.02282072976231575,-46.65614318847656
474,0.4744744598865509,58.37809371948242,-0.000684562255628407,0.026604926213622093,-52.40022659301758
475,0.4754754602909088,58.42762756347656,-0.0006876566912978888,0.028635341674089432,-55.59839630126953
476,0.4764764606952667,58.47719955444336,-0.0006882449961267412,0.02926148660480976,-56.71025848388672
477,0.47747746109962463,58.52682113647461,-0.0006898095598444343,0.02929125726222992,-56.87873840332031
478,0.47847846150398254,58.57647705078125,-0.0006930833915248513,0.03003024123609066,-58.0802001953125
479,0.47947946190834045,58.626182556152344,-0.0006913967663422227,0.028869548812508583,-56.52327346801758
480,0.48048046231269836,58.675926208496094,-0.0006918206345289946,0.030499683693051338,-59.10563278198242
481,0.4814814627170563,58.725711822509766,-0.0006872114608995616,0.03080478310585022,-59.80548095703125
482,0.4824824631214142,58.775543212890625,-0.0006846866453997791,0.03163406625390053,-61.224849700927734
483,0.4834834635257721,58.82541275024414,-0.0006834450177848339,0.03136543929576874,-60.887516021728516
484,0.48448446393013,58.875328063964844,-0.0006814174121245742,0.02970648743212223,-58.36198043823242
485,0.4854854643344879,58.92528533935547,-0.000685917679220438,0.02962629310786724,-58.07128143310547
486,0.4864864647388458,58.97528076171875,-0.0006935164565220475,0.032280221581459045,-61.96915054321289
487,0.4874874949455261,59.025325775146484,-0.0006871776422485709,0.032133542001247406,-62.05440902709961
488,0.48848849534988403,59.07540512084961,-0.0006868264172226191,0.033312585204839706,-63.94600296020508
489,0.48948949575424194,59.12553024291992,-0.0006831921637058258,0.032844673842191696,-63.373497009277344
490,0.49049049615859985,59.17570114135742,-0.0006778703536838293,0.03252267464995384,-63.126853942871094
491,0.49149149656295776,59.22591781616211,-0.0006710105808451772,0.03197554498910904,-62.57105255126953
492,0.4924924969673157,59.27616500854492,-0.0006687452550977468,0.03260670229792595,-63.68653869628906
493,0.4934934973716736,59.32646560668945,-0.0006697325152345002,0.0348191037774086,-67.15818786621094
494,0.4944944977760315,59.376800537109375,-0.0006680994410999119,0.03476184606552124,-67.13744354248047
495,0.4954954981803894,59.427181243896484,-0.0006700748926959932,0.03613085672259331,-69.12672424316406
496,0.4964964985847473,59.47761154174805,-0.0006703817052766681,0.036628857254981995,-69.83071899414062
497,0.4974974989891052,59.528072357177734,-0.000667035928927362,0.03715985268354416,-70.82017517089844
498,0.49849849939346313,59.57858657836914,-0.000662207487039268,0.03640788793563843,-69.95819854736328
499,0.49949949979782104,59.62913513183594,-0.0006595212034881115,0.03504793718457222,-68.0031967163086
500,0.500500500202179,59.67972946166992,-0.0006580816116183996,0.03553098067641258,-68.91504669189453
501,0.5015015006065369,59.73036575317383,-0.0006594445439986885,0.03765380010008812,-72.22538757324219
502,0.5025025010108948,59.78105163574219,-0.0006612846627831459,0.038067176938056946,-72.82355499267578
503,0.5035035014152527,59.83177947998047,-0.0006624324596486986,0.03809187933802605,-72.88965606689453
504,0.5045045018196106,59.88254165649414,-0.0006614975281991065,0.037729524075984955,-72.51986694335938
505,0.5055055022239685,59.93335723876953,-0.0006616183090955019,0.03948608413338661,-75.37572479248047
506,0.5065065026283264,59.98421096801758,-0.0006590227712877095,0.037691354751586914,-72.86286926269531
507,0.5075075030326843,60.03510665893555,-0.0006581050110980868,0.037584368139505386,-72.88603210449219
508,0.5085085034370422,60.08604431152344,-0.0006550055695697665,0.03582032024860382,-70.38212585449219
509,0.5095095038414001,60.13703155517578,-0.0006543602794408798,0.03538254275918007,-69.7336196899414
510,0.5105105042457581,60.18806076049805,-0.0006549504469148815,0.03452228382229805,-68.27316284179688
511,0.511511504650116,60.2391242980957,-0.0006567451055161655,0.03626163303852081,-70.88548278808594
512,0.5125125050544739,60.29024124145508,-0.0006579129258170724,0.036283329129219055,-70.76790618896484
513,0.5135135054588318,60.341392517089844,-0.000654629897326231,0.03426345810294151,-67.71102905273438
514,0.5145145058631897,60.39259719848633,-0.0006525289500132203,0.03379128500819206,-66.9908676147461
515,0.5155155062675476,60.44384002685547,-0.0006525904755108058,0.034132033586502075,-67.44226837158203
516,0.5165165066719055,60.495121002197266,-0.0006518564186990261,0.0353185273706913,-69.36782836914062
517,0.5175175070762634,60.54645538330078,-0.0006440426805056632,0.03373882174491882,-67.37537384033203
518,0.5185185074806213,60.59783172607422,-0.0006393910152837634,0.03380374237895012,-67.94674682617188
519,0.5195195078849792,60.64924621582031,-0.0006362925050780177,0.033246561884880066,-67.38722229003906
520,0.5205205082893372,60.700706481933594,-0.0006330166943371296,0.03288153186440468,-67.199462890625
521,0.5215215086936951,60.75221252441406,-0.0006330354372039437,0.03335794061422348,-68.3041763305664
522,0.522522509098053,60.80376434326172,-0.0006320525426417589,0.032991550862789154,-67.966796875
523,0.5235235095024109,60.85535430908203,-0.0006302586407400668,0.03306259587407112,-68.45006561279297
524,0.5245245099067688,60.90699005126953,-0.0006245342665351927,0.032085198909044266,-67.3048095703125
525,0.5255255103111267,60.95866775512695,-0.0006191881839185953,0.031074555590748787,-65.9166030883789
526,0.5265265107154846,61.01039123535156,-0.0006116105942055583,0.02898295223712921,-62.556217193603516
527,0.5275275111198425,61.06216049194336,-0.0006124976789578795,0.029110752046108246,-62.71535110473633
528,0.5285285115242004,61.11397171020508,-0.0006133196875452995,0.028866110369563103,-62.19163131713867
529,0.5295295119285583,61.165828704833984,-0.0006177851464599371,0.02936727926135063,-62.830867767333984
530,0.5305305123329163,61.21773147583008,-0.0006113747367635369,0.027089081704616547,-59.09444808959961
531,0.5315315127372742,61.26966857910156,-0.0006012261146679521,0.025216897949576378,-56.197879791259766
532,0.5325325131416321,61.3216552734375,-0.000596167054027319,0.025063326582312584,-56.190338134765625
533,0.53353351354599,61.373695373535156,-0.0005960488924756646,0.026045015081763268,-58.01884078979492
534,0.5345345139503479,61.4257698059082,-0.0005975560052320361,0.027015186846256256,-59.693885803222656
535,0.5355355143547058,61.47788619995117,-0.0005959718255326152,0.02742520347237587,-60.40119934082031
536,0.5365365147590637,61.530052185058594,-0.0005893101915717125,0.025696439668536186,-57.41585159301758
537,0.5375375151634216,61.5822639465332,-0.0005864771082997322,0.02506089396774769,-56.189308166503906
538,0.5385385155677795,61.63451385498047,-0.0005870727472938597,0.026399536058306694,-58.615848541259766
539,0.5395395755767822,61.68681716918945,-0.000585174304433167,0.02630092017352581,-58.576290130615234
540,0.5405405759811401,61.73915481567383,-0.0005881831748411059,0.026640895754098892,-59.10563278198242
541,0.541541576385498,61.791542053222656,-0.0005900092655792832,0.026993995532393456,-59.73082733154297
542,0.542542576789856,61.843971252441406,-0.000588328461162746,0.026832306757569313,-59.63628005981445
543,0.5435435771942139,61.89645004272461,-0.0005791456205770373,0.024401448667049408,-55.5761833190918
544,0.5445445775985718,61.94896697998047,-0.0005830497248098254,0.02549455128610134,-57.49346923828125
545,0.5455455780029297,62.001529693603516,-0.0005807074485346675,0.025649605318903923,-57.88209533691406
546,0.5465465784072876,62.05413818359375,-0.0005735469749197364,0.024710150435566902,-56.27260971069336
547,0.5475475788116455,62.10679244995117,-0.0005680466420017183,0.024828001856803894,-56.57654571533203
548,0.5485485792160034,62.159488677978516,-0.0005777878686785698,0.029072973877191544,-64.04940032958984
549,0.5495495796203613,62.21223068237305,-0.0005739458138123155,0.028779422864317894,-63.46352005004883
550,0.5505505800247192,62.26502227783203,-0.0005733406869694591,0.02928709052503109,-64.23139190673828
551,0.5515515804290771,62.31785202026367,-0.0005748513503931463,0.03057287633419037,-66.42218017578125
552,0.5525525808334351,62.3707275390625,-0.000564527465030551,0.02830750122666359,-62.532745361328125
553,0.553553581237793,62.42365264892578,-0.0005592856905423105,0.028394389897584915,-62.997093200683594
554,0.5545545816421509,62.476619720458984,-0.0005508754402399063,0.026211943477392197,-59.35398864746094
555,0.5555555820465088,62.52962875366211,-0.0005446001887321472,0.024226300418376923,-55.985904693603516
556,0.5565565824508667,62.58268737792969,-0.0005494032520800829,0.02530311606824398,-58.1051139831543
557,0.5575575828552246,62.63578796386719,-0.0005497150123119354,0.024311568588018417,-56.35868453979492
558,0.5585585832595825,62.688934326171875,-0.0005515750963240862,0.02405386231839657,-55.997737884521484
559,0.5595595836639404,62.74212646484375,-0.000556278508156538,0.024857420474290848,-57.55203628540039
560,0.5605605840682983,62.79536437988281,-0.0005606642225757241,0.024606216698884964,-56.994178771972656
561,0.5615615844726562,62.8486442565918,-0.0005537794204428792,0.02169703133404255,-51.73115158081055
562,0.5625625848770142,62.901973724365234,-0.0005560381105169654,0.02240643836557865,-53.01394271850586
563,0.5635635852813721,62.955345153808594,-0.0005555185489356518,0.02367563731968403,-55.37889099121094
564,0.56456458568573,63.008766174316406,-0.0005513991927728057,0.02324547991156578,-54.583770751953125
565,0.5655655860900879,63.062225341796875,-0.0005532505456358194,0.024618487805128098,-56.953826904296875
566,0.5665665864944458,63.11573791503906,-0.0005515400553122163,0.025545449927449226,-58.649879455566406
567,0.5675675868988037,63.16929244995117,-0.000546121213119477,0.02558722347021103,-58.92502212524414
568,0.5685685873031616,63.2228889465332,-0.0005386318080127239,0.024829285219311714,-57.8122444152832
569,0.5695695877075195,63.27653503417969,-0.000538742751814425,0.025974832475185394,-60.04477310180664
570,0.5705705881118774,63.33022689819336,-0.0005388529971241951,0.02544051595032215,-59.05542755126953
571,0.5715715885162354,63.38396072387695,-0.0005459387321025133,0.028432780876755714,-64.4738540649414
572,0.5725725889205933,63.437744140625,-0.0005470733740366995,0.029401255771517754,-66.38209533691406
573,0.5735735893249512,63.4915657043457,-0.0005464503774419427,0.029885558411478996,-67.44145965576172
574,0.5745745897293091,63.545440673828125,-0.0005460134707391262,0.03040865994989872,-68.59780883789062
575,0.575575590133667,63.599361419677734,-0.0005450521130114794,0.029567336663603783,-67.22891235351562
576,0.5765765905380249,63.65332794189453,-0.0005430603632703424,0.02756371907889843,-63.8692626953125
577,0.5775775909423828,63.707332611083984,-0.0005419699009507895,0.026520004495978355,-62.186100006103516
578,0.5785785913467407,63.761390686035156,-0.0005401921225711703,0.028101256117224693,-65.26261138916016
579,0.5795795917510986,63.815494537353516,-0.0005383744137361646,0.02897200733423233,-67.02581024169922
580,0.5805805921554565,63.8696403503418,-0.0005371856968849897,0.02879144623875618,-66.83110046386719
581,0.5815815925598145,63.92383575439453,-0.0005365961696952581,0.02872493863105774,-66.728759765625
582,0.5825825929641724,63.97807693481445,-0.0005332129076123238,0.029742714017629623,-68.88433837890625
583,0.5835835933685303,64.03236389160156,-0.0005307534011080861,0.03091289848089218,-71.2976303100586
584,0.5845845937728882,64.0866928100586,-0.0005299290642142296,0.030141929164528847,-69.82219696044922
585,0.5855855941772461,64.14107513427734,-0.0005335981259122491,0.03182317689061165,-72.75923919677734
586,0.586586594581604,64.19549560546875,-0.0005337633774615824,0.031224163249135017,-71.62223052978516
587,0.5875875949859619,64.24996948242188,-0.0005316587630659342,0.0304697398096323,-70.44914245605469
588,0.5885885953903198,64.30448150634766,-0.0005290771368891001,0.03003956563770771,-69.98703002929688
589,0.5895895957946777,64.35903930664062,-0.0005266478401608765,0.029994511976838112,-70.28091430664062
590,0.5905905961990356,64.41365814208984,-0.0005256630829535425,0.029839497059583664,-70.21411895751953
591,0.5915915966033936,64.46830749511719,-0.0005273572169244289,0.029966825619339943,-70.46749114990234
592,0.5925925970077515,64.52301025390625,-0.0005250897374935448,0.028773371130228043,-68.35343170166016
593,0.5935935974121094,64.5777587890625,-0.0005185838090255857,0.028490867465734482,-68.2472915649414
594,0.5945945978164673,64.63255310058594,-0.0005115419626235962,0.026325413957238197,-64.33854675292969
595,0.5955955982208252,64.68739318847656,-0.0005109572084620595,0.02615155465900898,-64.00802612304688
596,0.5965965986251831,64.74227905273438,-0.0005120170535519719,0.026033587753772736,-63.76498031616211
597,0.597597599029541,64.7972183227539,-0.0005101387505419552,0.025126785039901733,-62.2617301940918
598,0.5985985994338989,64.8521957397461,-0.0005125649040564895,0.026006989181041718,-64.24845886230469
599,0.5995995998382568,64.9072265625,-0.0005147539777681231,0.026166744530200958,-64.59469604492188
600,0.6006006002426147,64.96229553222656,-0.000514037034008652,0.025331983342766762,-62.98709487915039
601,0.6016016006469727,65.01741790771484,-0.0005168074858374894,0.026845131069421768,-65.82904052734375
602,0.6026026010513306,65.07258605957031,-0.0005183179746381938,0.026990767568349838,-65.85738372802734
603,0.6036036014556885,65.12779998779297,-0.0005176924169063568,0.026768207550048828,-65.35034942626953
604,0.6046046018600464,65.18305969238281,-0.0005071078194305301,0.023132966831326485,-58.363651275634766
605,0.6056056022644043,65.23836517333984,-0.0005041746189817786,0.023396197706460953,-59.1731071472168
606,0.6066066026687622,65.2937240600586,-0.0004994585178792477,0.02308482490479946,-58.82176971435547
607,0.6076076030731201,65.34912872314453,-0.000499150191899389,0.02318418212234974,-59.11184310913086
608,0.608608603477478,65.40457916259766,-0.0004888793919235468,0.021101608872413635,-54.84270095825195
609,0.6096096038818359,65.46007537841797,-0.00048769902787171304,0.020585043355822563,-53.69242477416992
610,0.6106106042861938,65.51561737060547,-0.0004895668826065958,0.02079652063548565,-54.11826705932617
611,0.6116116046905518,65.57120513916016,-0.000482731411466375,0.020241200923919678,-53.1571159362793
612,0.6126126050949097,65.62684631347656,-0.00047486857511103153,0.019794844090938568,-52.376304626464844
613,0.6136136054992676,65.68252563476562,-0.0004667187458835542,0.019275523722171783,-51.347713470458984
614,0.6146146059036255,65.7382583618164,-0.0004622514243237674,0.019120002165436745,-51.036556243896484
615,0.6156156063079834,65.79403686523438,-0.0004476021567825228,0.017682285979390144,-47.9296875
616,0.6166166067123413,65.84986877441406,-0.0004559142980724573,0.019053800031542778,-50.993263244628906
617,0.6176176071166992,65.9057388305664,-0.00045131330261938274,0.01839575357735157,-49.52687072753906
618,0.6186186075210571,65.96166229248047,-0.00043518460006453097,0.016335824504494667,-44.932106018066406
619,0.619619607925415,66.01763153076172,-0.00044049209100194275,0.0171698946505785,-46.90564727783203
620,0.620620608329773,66.07364654541016,-0.000429850653745234,0.015743961557745934,-43.634159088134766
621,0.6216216087341309,66.12971496582031,-0.00043410336365923285,0.016435472294688225,-45.258140563964844
622,0.6226226091384888,66.18582916259766,-0.0004356920544523746,0.016813529655337334,-46.088592529296875
623,0.6236236095428467,66.24198150634766,-0.0004327208152972162,0.01663825288414955,-45.644832611083984
624,0.6246246099472046,66.29818725585938,-0.000427514489274472,0.01632160134613514,-44.92305374145508
625,0.6256256103515625,66.35443878173828,-0.00042986375046893954,0.017534520477056503,-47.891056060791016
626,0.6266266107559204,66.4107437133789,-0.0004347698122728616,0.01889612525701523,-51.149513244628906
627,0.6276276111602783,66.46709442138672,-0.0004406514926813543,0.020296618342399597,-54.46497344970703
628,0.6286286115646362,66.52349090576172,-0.00043328231549821794,0.01906335912644863,-51.66470718383789
629,0.6296296119689941,66.57994079589844,-0.00043644843390211463,0.019713519141077995,-53.26879119873047
630,0.630630612373352,66.63642883300781,-0.0004354465054348111,0.019534578546881676,-52.99214172363281
631,0.63163161277771,66.6929702758789,-0.00043818767881020904,0.01970590278506279,-53.47035598754883
632,0.6326326131820679,66.74955749511719,-0.00043410505168139935,0.019180024042725563,-52.44766616821289
633,0.6336336135864258,66.80619812011719,-0.0004314253746997565,0.019106464460492134,-52.49073028564453
634,0.6346346139907837,66.86288452148438,-0.00043102260679006577,0.019199619069695473,-52.81393051147461
635,0.6356356143951416,66.91961669921875,-0.0004343570035416633,0.01962980069220066,-53.82820510864258
636,0.6366366147994995,66.97640228271484,-0.0004288308846298605,0.01891595683991909,-52.18778991699219
637,0.6376376152038574,67.0332260131836,-0.0004342497559264302,0.019603829830884933,-53.78400421142578
638,0.6386386156082153,67.0901107788086,-0.00043448625365272164,0.019704293459653854,-54.0570068359375
639,0.6396396160125732,67.14703369140625,-0.000432116532465443,0.019595663994550705,-53.85245132446289
640,0.6406406164169312,67.20401000976562,-0.000446767924586311,0.021835526451468468,-58.99855422973633
641,0.6416416764259338,67.26103210449219,-0.0004370029200799763,0.020962819457054138,-57.15797805786133
642,0.6426426768302917,67.31810760498047,-0.00043802917934954166,0.02132427878677845,-58.060951232910156
643,0.6436436772346497,67.37522888183594,-0.0004413204442244023,0.021988684311509132,-59.76725769042969
644,0.6446446776390076,67.4323959350586,-0.000433423207141459,0.020913641899824142,-57.512901306152344
645,0.6456456780433655,67.48960876464844,-0.0004350098315626383,0.02122717909514904,-58.48337936401367
646,0.6466466784477234,67.546875,-0.0004303378227632493,0.02043818309903145,-56.795074462890625
647,0.6476476788520813,67.60418701171875,-0.00043513235868886113,0.020863495767116547,-57.78346633911133
648,0.6486486792564392,67.66155242919922,-0.0004353752301540226,0.02071017026901245,-57.44618225097656
649,0.6496496796607971,67.71896362304688,-0.000433950568549335,0.02042251080274582,-56.79047775268555
650,0.650650680065155,67.77642822265625,-0.00043291421025060117,0.020704252645373344,-57.59004592895508
651,0.6516516804695129,67.83393859863281,-0.00042380637023597956,0.019691387191414833,-55.2762565612793
652,0.6526526808738708,67.89148712158203,-0.0004192801716271788,0.019147168844938278,-53.93889617919922
653,0.6536536812782288,67.9490966796875,-0.0004135913623031229,0.018325312063097954,-51.92901611328125
654,0.6546546816825867,68.00675201416016,-0.0004108496941626072,0.018068505451083183,-51.31861877441406
655,0.6556556820869446,68.064453125,-0.0004059362690895796,0.01792357861995697,-51.166900634765625
656,0.6566566824913025,68.1222152709961,-0.0004122189711779356,0.019826915115118027,-55.97065353393555
657,0.6576576828956604,68.18000793457031,-0.0004123547114431858,0.02026374638080597,-57.12850570678711
658,0.6586586833000183,68.23786163330078,-0.0004116134368814528,0.020239220932126045,-57.123077392578125
659,0.6596596837043762,68.29576110839844,-0.00041299054282717407,0.020354943349957466,-57.442440032958984
660,0.6606606841087341,68.35371398925781,-0.00040978050674311817,0.01949450373649597,-55.44694900512695
661,0.661661684513092,68.41171264648438,-0.0004099789075553417,0.019336801022291183,-55.176143646240234
662,0.66266268491745,68.46975708007812,-0.000405284168664366,0.018386729061603546,-52.92351150512695
663,0.6636636853218079,68.5278549194336,-0.00040788622573018074,0.01897120289504528,-54.458560943603516
664,0.6646646857261658,68.58599853515625,-0.0004027802497148514,0.018387271091341972,-53.084144592285156
665,0.6656656861305237,68.64419555664062,-0.00040293598431162536,0.018779460340738297,-54.093727111816406
666,0.6666666865348816,68.70243835449219,-0.00040503297350369394,0.0195012129843235,-55.87080001831055
667,0.6676676869392395,68.76073455810547,-0.0004018281470052898,0.019252164289355278,-55.25617980957031
668,0.6686686873435974,68.81907653808594,-0.00040626857662573457,0.02034837007522583,-57.9988899230957
669,0.6696696877479553,68.87747192382812,-0.0004008880350738764,0.019569724798202515,-56.120506286621094
670,0.6706706881523132,68.9359130859375,-0.0004016767779830843,0.019720910117030144,-56.53295135498047
671,0.6716716885566711,68.9944076538086,-0.0004034463781863451,0.01996825821697712,-57.24272918701172
672,0.672672688961029,69.05294799804688,-0.00041342945769429207,0.021687781438231468,-61.55033874511719
673,0.673673689365387,69.11154174804688,-0.00041729232179932296,0.021991265937685966,-62.29514694213867
674,0.6746746897697449,69.17018127441406,-0.00041223812149837613,0.020518362522125244,-58.784297943115234
675,0.6756756901741028,69.22887420654297,-0.00040958652971312404,0.01985037699341774,-57.34761047363281
676,0.6766766905784607,69.2876205444336,-0.00040637014899402857,0.01951025426387787,-56.72176742553711
677,0.6776776909828186,69.34640502929688,-0.000408413412515074,0.019887657836079597,-57.71037673950195
678,0.6786786913871765,69.4052505493164,-0.00041939259972423315,0.021783310920000076,-62.22574996948242
679,0.6796796917915344,69.4641342163086,-0.0004228318575769663,0.022026624530553818,-62.70549011230469
680,0.6806806921958923,69.52307891845703,-0.00042538123670965433,0.021849220618605614,-62.20710754394531
681,0.6816816926002502,69.58206939697266,-0.0004321966553106904,0.023121656849980354,-65.34362030029297
682,0.6826826930046082,69.64111328125,-0.00043022469617426395,0.02310200221836567,-65.74128723144531
683,0.6836836934089661,69.7001953125,-0.00042642452172003686,0.023020703345537186,-65.98279571533203
684,0.684684693813324,69.75934600830078,-0.00042080890852957964,0.022339927032589912,-64.61420440673828
685,0.6856856942176819,69.81852722167969,-0.00041208683978766203,0.021321743726730347,-62.25983428955078
686,0.6866866946220398,69.87776947021484,-0.0004204502038192004,0.02349933236837387,-67.482421875
687,0.6876876950263977,69.93706512451172,-0.00042222574120387435,0.024535929784178734,-69.92024993896484
688,0.6886886954307556,69.99640655517578,-0.0004203199641779065,0.024905065074563026,-70.89281463623047
689,0.6896896958351135,70.05580139160156,-0.0004191206826362759,0.02594471536576748,-73.68328857421875
690,0.6906906962394714,70.11524200439453,-0.0004120555240660906,0.025552015751600266,-73.24822998046875
691,0.6916916966438293,70.17473602294922,-0.0004110460577066988,0.0263674333691597,-75.54147338867188
692,0.6926926970481873,70.23428344726562,-0.00041544396663084626,0.027788683772087097,-78.86644744873047
693,0.6936936974525452,70.29387664794922,-0.0004194958892185241,0.028027446940541267,-79.07777404785156
694,0.6946946978569031,70.353515625,-0.0004251220962032676,0.027813570573925972,-77.9345703125
695,0.695695698261261,70.41321563720703,-0.00042389470036141574,0.02543165534734726,-72.19586181640625
696,0.6966966986656189,70.47296142578125,-0.00041877705371007323,0.02454385906457901,-70.5508804321289
697,0.6976976990699768,70.53276062011719,-0.00041172088822349906,0.023093754425644875,-67.43364715576172
698,0.6986986994743347,70.59259796142578,-0.000409350439440459,0.023190438747406006,-67.9755630493164
699,0.6996996998786926,70.65249633789062,-0.00040621968219056726,0.023174211382865906,-68.19485473632812
700,0.7007007002830505,70.71244812011719,-0.0004036298196297139,0.023180438205599785,-68.34918212890625
701,0.7017017006874084,70.77244567871094,-0.0004028939292766154,0.023548053577542305,-69.30966186523438
702,0.7027027010917664,70.83250427246094,-0.00040145148523151875,0.023093681782484055,-68.08621215820312
703,0.7037037014961243,70.8926010131836,-0.0004008790128864348,0.022740356624126434,-67.11248016357422
704,0.7047047019004822,70.95275115966797,-0.0003954968706239015,0.02149863913655281,-64.05480194091797
705,0.7057057023048401,71.0129623413086,-0.0003927617217414081,0.021136673167347908,-63.3120002746582
706,0.706706702709198,71.07321166992188,-0.00039122640737332404,0.02100658416748047,-63.151824951171875
707,0.7077077031135559,71.1335220336914,-0.00039258800097741187,0.021636925637722015,-64.91123962402344
708,0.7087087035179138,71.19387817382812,-0.0003867313207592815,0.020289616659283638,-61.586795806884766
709,0.7097097039222717,71.25428771972656,-0.00039128848584368825,0.02175280451774597,-65.41370391845703
710,0.7107107043266296,71.31475067138672,-0.0003881399752572179,0.02046981267631054,-62.02180862426758
711,0.7117117047309875,71.37525939941406,-0.0003866269835270941,0.019552648067474365,-59.507667541503906
712,0.7127127051353455,71.4358139038086,-0.0003886198974214494,0.020027656108140945,-60.792686462402344
713,0.7137137055397034,71.4964370727539,-0.00038681080332025886,0.020087765529751778,-61.17884063720703
714,0.7147147059440613,71.55709838867188,-0.0003851491492241621,0.019963527098298073,-60.99971008300781
715,0.7157157063484192,71.61781311035156,-0.000385260209441185,0.020180797204375267,-61.63143539428711
716,0.7167167067527771,71.67858123779297,-0.000378692289814353,0.01912814937531948,-59.105098724365234
717,0.717717707157135,71.7394027709961,-0.00037767301546409726,0.019278567284345627,-59.67482376098633
718,0.7187187075614929,71.8002700805664,-0.0003772172494791448,0.019267400726675987,-59.6569709777832
719,0.7197197079658508,71.86119842529297,-0.0003757618833333254,0.018956532701849937,-58.765281677246094
720,0.7207207083702087,71.92217254638672,-0.0003751802141778171,0.019052263349294662,-59.04914474487305
721,0.7217217087745667,71.98320007324219,-0.000376900308765471,0.02005624771118164,-61.95366668701172
722,0.7227227091789246,72.04427337646484,-0.00037325057201087475,0.01974211074411869,-61.335289001464844
723,0.7237237095832825,72.10540771484375,-0.00036549707874655724,0.01855849102139473,-58.306304931640625
724,0.7247247099876404,72.16658782958984,-0.00036770751466974616,0.019690856337547302,-61.62346267700195
725,0.7257257103919983,72.22782135009766,-0.00036250968696549535,0.018892338499426842,-59.71611022949219
726,0.7267267107963562,72.28910827636719,-0.0003584445803426206,0.018266750499606133,-58.28472900390625
727,0.7277277112007141,72.3504409790039,-0.0003618171904236078,0.019209984689950943,-61.134124755859375
728,0.728728711605072,72.41183471679688,-0.00036079096025787294,0.018791455775499344,-60.187591552734375
729,0.7297297120094299,72.47327423095703,-0.0003636286419350654,0.01927727460861206,-61.72771072387695
730,0.7307307124137878,72.53477478027344,-0.0003630710707511753,0.018629370257258415,-59.98394775390625
731,0.7317317128181458,72.59632110595703,-0.00036113845999352634,0.017813732847571373,-57.69960403442383
732,0.7327327132225037,72.65791320800781,-0.00035951309837400913,0.017367517575621605,-56.462608337402344
733,0.7337337136268616,72.71956634521484,-0.0003616367466747761,0.018210988491773605,-58.89006423950195
734,0.7347347140312195,72.78126525878906,-0.0003598515468183905,0.01828981190919876,-59.20475769042969
735,0.7357357144355774,72.84302520751953,-0.0003611600841395557,0.019100410863757133,-61.5105094909668
736,0.7367367148399353,72.90483093261719,-0.00036118237767368555,0.01990688592195511,-63.80043029785156
737,0.7377377152442932,72.96669006347656,-0.0003609700361266732,0.02043152041733265,-65.16560363769531
738,0.7387387156486511,73.02860260009766,-0.00036088033812120557,0.02116873301565647,-67.22985076904297
739,0.739739716053009,73.09056854248047,-0.0003599602496251464,0.021434584632515907,-68.00248718261719
740,0.7407407164573669,73.152587890625,-0.00036353239556774497,0.023557603359222412,-73.98518371582031
741,0.7417417168617249,73.21465301513672,-0.0003638282069005072,0.02405485324561596,-75.40692138671875
742,0.7427427172660828,73.27677917480469,-0.0003688357537612319,0.026120083406567574,-80.97595977783203
743,0.7437437772750854,73.33895874023438,-0.0003702972608152777,0.0264294296503067,-81.7161636352539
744,0.7447447776794434,73.40119171142578,-0.0003712009347509593,0.02682311087846756,-82.67776489257812
745,0.7457457780838013,73.46347045898438,-0.0003711532917805016,0.02757522650063038,-84.70471954345703
746,0.7467467784881592,73.52580261230469,-0.0003683062386699021,0.026853391900658607,-82.85352325439453
747,0.7477477788925171,73.58819580078125,-0.0003664265386760235,0.027828924357891083,-85.77002716064453
748,0.748748779296875,73.65062713623047,-0.00036373117472976446,0.028122849762439728,-86.97627258300781
749,0.7497497797012329,73.71311950683594,-0.00036193529376760125,0.02804122306406498,-87.07630920410156
750,0.7507507801055908,73.77567291259766,-0.0003624273813329637,0.029099563136696815,-90.17987823486328
751,0.7517517805099487,73.83826446533203,-0.00036330564762465656,0.02873205952346325,-89.19702911376953
752,0.7527527809143066,73.90092468261719,-0.0003668286371976137,0.029911832883954048,-92.26434326171875
753,0.7537537813186646,73.963623046875,-0.00036883115535601974,0.02998080849647522,-92.349365234375
754,0.7547547817230225,74.02638244628906,-0.0003691978345159441,0.030385678634047508,-93.671875
755,0.7557557821273804,74.08919525146484,-0.0003664845135062933,0.030190516263246536,-93.78899383544922
756,0.7567567825317383,74.15206146240234,-0.0003644740500021726,0.03106791526079178,-96.72460174560547
757,0.7577577829360962,74.21498107910156,-0.0003623539232648909,0.03191577270627022,-99.5347671508789
758,0.7587587833404541,74.2779541015625,-0.0003602587676141411,0.03137042000889778,-98.30097961425781
759,0.759759783744812,74.34097290039062,-0.00035950227174907923,0.031749557703733444,-99.31871795654297
760,0.7607607841491699,74.404052734375,-0.00036035687662661076,0.033254917711019516,-103.2615966796875
761,0.7617617845535278,74.4671859741211,-0.0003607679973356426,0.033857207745313644,-104.75858306884766
762,0.7627627849578857,74.53038024902344,-0.00035837822360917926,0.032657697796821594,-101.60835266113281
763,0.7637637853622437,74.59361267089844,-0.00035643455339595675,0.03199167549610138,-100.05752563476562
764,0.7647647857666016,74.65690612792969,-0.00035554810892790556,0.03259503096342087,-102.08170318603516
765,0.7657657861709595,74.72025299072266,-0.00035501530510373414,0.03221219405531883,-101.27265167236328
766,0.7667667865753174,74.78365325927734,-0.00035471696173772216,0.03136248514056206,-99.09186553955078
767,0.7677677869796753,74.84710693359375,-0.00035211845533922315,0.02931281365454197,-93.6856689453125
768,0.7687687873840332,74.91061401367188,-0.0003503748157527298,0.03003966435790062,-96.36157989501953
769,0.7697697877883911,74.97418212890625,-0.00034848100040107965,0.02953546680510044,-95.34756469726562
770,0.770770788192749,75.03779602050781,-0.00034867116482928395,0.029721016064286232,-96.02404022216797
771,0.7717717885971069,75.1014633178711,-0.0003489459923002869,0.028539322316646576,-92.48377227783203
772,0.7727727890014648,75.1651840209961,-0.000350308750057593,0.02782376855611801,-90.1856918334961
773,0.7737737894058228,75.22896575927734,-0.00035607529571279883,0.029570285230875015,-94.6647720336914
774,0.7747747898101807,75.29280090332031,-0.0003552874259185046,0.02933323010802269,-94.02871704101562
775,0.7757757902145386,75.35668182373047,-0.0003523073100950569,0.028575127944350243,-92.10462188720703
776,0.7767767906188965,75.42062377929688,-0.00035205832682549953,0.030254973098635674,-97.13964080810547
777,0.7777777910232544,75.484619140625,-0.00035037269117310643,0.030415784567594528,-97.77206420898438
778,0.7787787914276123,75.54866790771484,-0.00034767831675708294,0.029843468219041824,-96.4451904296875
779,0.7797797918319702,75.6127700805664,-0.00034675595816224813,0.029894044622778893,-96.72142028808594
780,0.7807807922363281,75.67693328857422,-0.0003453692188486457,0.029102198779582977,-94.5819320678711
781,0.781781792640686,75.74114227294922,-0.00034432989195920527,0.028602326288819313,-93.33184814453125
782,0.782782793045044,75.80540466308594,-0.00034281256375834346,0.02752324379980564,-90.38529205322266
783,0.7837837934494019,75.8697280883789,-0.0003439605934545398,0.02811666950583458,-92.28887939453125
784,0.7847847938537598,75.9341049194336,-0.0003412420628592372,0.02704143151640892,-89.48330688476562
785,0.7857857942581177,75.99853515625,-0.000337685807608068,0.02630816586315632,-87.65023803710938
786,0.7867867946624756,76.06301879882812,-0.0003332505002617836,0.02517237514257431,-84.46304321289062
787,0.7877877950668335,76.1275634765625,-0.0003303376433905214,0.024048522114753723,-81.06018829345703
788,0.7887887954711914,76.19215393066406,-0.0003338227979838848,0.025128036737442017,-84.16483306884766
789,0.7897897958755493,76.25680541992188,-0.00033669197000563145,0.025901878252625465,-86.30068969726562
790,0.7907907962799072,76.3215103149414,-0.00033473243820481,0.0248060654848814,-82.98235321044922
791,0.7917917966842651,76.38626861572266,-0.00033700597123242915,0.02639453113079071,-87.89514923095703
792,0.792792797088623,76.45108032226562,-0.0003350085753481835,0.025820696726441383,-86.40643310546875
793,0.793793797492981,76.51595306396484,-0.0003322614065837115,0.024848420172929764,-83.65999603271484
794,0.7947947978973389,76.58087921142578,-0.0003323933342471719,0.02527502365410328,-85.1031494140625
795,0.7957957983016968,76.64585876464844,-0.0003308468731120229,0.024916762486100197,-84.1460189819336
796,0.7967967987060547,76.71089172363281,-0.00033439722028560936,0.026833582669496536,-89.95694732666016
797,0.7977977991104126,76.7759780883789,-0.0003335489600431174,0.026080908253788948,-87.71058654785156
798,0.7987987995147705,76.84112548828125,-0.0003317650989629328,0.02525186911225319,-85.42860412597656
799,0.7997997999191284,76.90632629394531,-0.0003297918301541358,0.02439943142235279,-83.08045959472656
800,0.8008008003234863,76.97157287597656,-0.0003291345201432705,0.024084672331809998,-82.32418823242188
801,0.8018018007278442,77.03689575195312,-0.0003274227201472968,0.02310282550752163,-79.5400390625
802,0.8028028011322021,77.10225677490234,-0.0003266256826464087,0.02254571206867695,-77.986572265625
803,0.8038038015365601,77.16767883300781,-0.00032688560895621777,0.02261664718389511,-78.33675384521484
804,0.804804801940918,77.233154296875,-0.0003277299110777676,0.023269623517990112,-80.45096588134766
805,0.8058058023452759,77.29869079589844,-0.00032953545451164246,0.02504090406000614,-85.87065124511719
806,0.8068068027496338,77.36427307128906,-0.000329062866512686,0.025005748495459557,-85.75123596191406
807,0.8078078031539917,77.42991638183594,-0.00032807362731546164,0.025018570944666862,-85.8201675415039
808,0.8088088035583496,77.49562072753906,-0.0003269399458076805,0.025158502161502838,-86.35848236083984
809,0.8098098039627075,77.56137084960938,-0.0003249869914725423,0.02477286197245121,-85.3896255493164
810,0.8108108043670654,77.62718963623047,-0.000322828273056075,0.0244460329413414,-84.6461181640625
811,0.8118118047714233,77.69306182861328,-0.00032183053554035723,0.025331061333417892,-87.61808013916016
812,0.8128128051757812,77.75897979736328,-0.00032040098449215293,0.02448856644332409,-85.13765716552734
813,0.8138138055801392,77.82495880126953,-0.00032000133069232106,0.025103842839598656,-87.1757583618164
814,0.8148148059844971,77.8909912109375,-0.0003190999268554151,0.02443375438451767,-85.17549133300781
815,0.815815806388855,77.95708465576172,-0.00031858152942731977,0.024142242968082428,-84.36068725585938
816,0.8168168067932129,78.02323150634766,-0.0003170258132740855,0.02348187379539013,-82.54106903076172
817,0.8178178071975708,78.08943176269531,-0.00031591259175911546,0.023690154775977135,-83.56634521484375
818,0.8188188076019287,78.15569305419922,-0.0003146959934383631,0.02401907928287983,-85.0724868774414
819,0.8198198080062866,78.22200775146484,-0.00031266812584362924,0.023190326988697052,-82.92510223388672
820,0.8208208084106445,78.28837585449219,-0.00031183590181171894,0.022612228989601135,-81.36347198486328
821,0.8218218088150024,78.35481262207031,-0.00031061339541338384,0.021016409620642662,-76.43965148925781
822,0.8228228092193604,78.4212875366211,-0.00030930794309824705,0.020071236416697502,-73.53285217285156
823,0.8238238096237183,78.48783874511719,-0.0003074855194427073,0.019294438883662224,-71.09980010986328
824,0.8248248100280762,78.55442810058594,-0.00030769326258450747,0.01946253329515457,-71.62203216552734
825,0.8258258104324341,78.62108612060547,-0.0003045516205020249,0.018302440643310547,-67.78177642822266
826,0.826826810836792,78.68779754638672,-0.00030626263469457626,0.019008822739124298,-69.95256042480469
827,0.8278278112411499,78.75455474853516,-0.00030766811687499285,0.01966084912419319,-71.9102554321289
828,0.8288288116455078,78.82138061523438,-0.0003061448805965483,0.019811060279607773,-72.53396606445312
829,0.8298298120498657,78.88825988769531,-0.00030100427102297544,0.018605247139930725,-68.80970764160156
830,0.8308308124542236,78.9552001953125,-0.00029963761335238814,0.0189206562936306,-70.06078338623047
831,0.8318318128585815,79.02220153808594,-0.0002999657590407878,0.020084435120224953,-74.1244888305664
832,0.8328328132629395,79.08924865722656,-0.0002995553077198565,0.020936736837029457,-77.25093078613281
833,0.8338338136672974,79.15635681152344,-0.0002981376019306481,0.020975280553102493,-77.6195297241211
834,0.8348348140716553,79.22352600097656,-0.0002942244755104184,0.01969671994447708,-73.50435638427734
835,0.8358358144760132,79.29074096679688,-0.000290236173896119,0.01848660223186016,-69.58065795898438
836,0.8368368148803711,79.35801696777344,-0.0002869422605726868,0.01726400852203369,-65.42959594726562
837,0.837837815284729,79.42535400390625,-0.0002876180806197226,0.017375780269503593,-65.72982025146484
838,0.8388388156890869,79.49275207519531,-0.00028615546762011945,0.017094120383262634,-64.63912200927734
839,0.8398398160934448,79.56019592285156,-0.00028260418912395835,0.01589825376868248,-60.37269973754883
840,0.8408408164978027,79.62770080566406,-0.0002817553177010268,0.015468554571270943,-58.899627685546875
841,0.8418418169021606,79.69527435302734,-0.0002811184385791421,0.014888590201735497,-56.96644973754883
842,0.8428428173065186,79.76288604736328,-0.0002806040283758193,0.014194631949067116,-54.65212631225586
843,0.8438438177108765,79.83056640625,-0.0002794865285977721,0.013420023955404758,-52.07625198364258
844,0.8448448181152344,79.89830780029297,-0.00027879775734618306,0.013472828082740307,-52.44137954711914
845,0.8458458185195923,79.96610260009766,-0.00027782414690591395,0.013467825017869473,-52.587162017822266
846,0.846846878528595,80.0339584350586,-0.00027782126562669873,0.013896659947931767,-54.29262161254883
847,0.8478478789329529,80.10186004638672,-0.00028150458820164204,0.015641000121831894,-60.74225997924805
848,0.8488488793373108,80.16983032226562,-0.00028008822118863463,0.015480847097933292,-60.36738204956055
849,0.8498498797416687,80.23786163330078,-0.0002766831312328577,0.014976577833294868,-58.767757415771484
850,0.8508508801460266,80.30593872070312,-0.000272776756901294,0.014625504612922668,-57.67133712768555
851,0.8518518805503845,80.37407684326172,-0.00026543583953753114,0.0135275237262249,-53.6665153503418
852,0.8528528809547424,80.44227600097656,-0.00026384531520307064,0.01371803693473339,-54.43235397338867
853,0.8538538813591003,80.51052856445312,-0.000261607434367761,0.01360772829502821,-53.96437454223633
854,0.8548548817634583,80.57884216308594,-0.000265019538346678,0.01453258004039526,-57.472007751464844
855,0.8558558821678162,80.647216796875,-0.00025878616725094616,0.013305948115885258,-52.828346252441406
856,0.8568568825721741,80.71565246582031,-0.0002583598834462464,0.013107062317430973,-52.16007995605469
857,0.857857882976532,80.78413391113281,-0.0002617249556351453,0.013581822626292706,-54.05791473388672
858,0.8588588833808899,80.8526840209961,-0.0002632382092997432,0.01370828878134489,-54.55553436279297
859,0.8598598837852478,80.92127990722656,-0.00026095661451108754,0.01328691840171814,-52.97092819213867
860,0.8608608841896057,80.98995208740234,-0.0002574375248514116,0.012723855674266815,-50.838905334472656
861,0.8618618845939636,81.05866241455078,-0.00025250136968679726,0.011820531450212002,-47.278587341308594
862,0.8628628849983215,81.12744903564453,-0.00025091308634728193,0.011700011789798737,-46.77467346191406
863,0.8638638854026794,81.19628143310547,-0.0002504881122149527,0.01167785283178091,-46.69622802734375
864,0.8648648858070374,81.26518249511719,-0.00025138375349342823,0.012003154493868351,-48.07398986816406
865,0.8658658862113953,81.3341293334961,-0.00025008656666614115,0.011232985183596611,-45.17164611816406
866,0.8668668866157532,81.40314483642578,-0.00025249391910620034,0.012001139111816883,-48.462059020996094
867,0.8678678870201111,81.47222137451172,-0.0002500397968105972,0.010868005454540253,-44.225013732910156
868,0.868868887424469,81.54134368896484,-0.0002517999382689595,0.011316508054733276,-46.243595123291016
869,0.8698698878288269,81.61053466796875,-0.0002562861191108823,0.012001796625554562,-49.143714904785156
870,0.8708708882331848,81.6797866821289,-0.0002524623414501548,0.010984208434820175,-45.372108459472656
871,0.8718718886375427,81.74909210205078,-0.0002548452466726303,0.01111635472625494,-46.128395080566406
872,0.8728728890419006,81.81845092773438,-0.0002516005770303309,0.009929179213941097,-41.545166015625
873,0.8738738894462585,81.88787078857422,-0.0002523028524592519,0.009610097855329514,-40.24237823486328
874,0.8748748898506165,81.95735931396484,-0.0002539058623369783,0.008817768655717373,-37.00212097167969
875,0.8758758902549744,82.02690887451172,-0.0002560113207437098,0.007761099841445684,-32.76188659667969
876,0.8768768906593323,82.09650421142578,-0.00025623381952755153,0.008651785552501678,-36.20703887939453
877,0.8778778910636902,82.1661605834961,-0.0002559922286309302,0.008943113498389721,-37.373966217041016
878,0.8788788914680481,82.23587799072266,-0.00025460735196247697,0.00890369899570942,-37.34550094604492
879,0.879879891872406,82.30565643310547,-0.00025167857529595494,0.007967949844896793,-33.80974578857422
880,0.8808808922767639,82.37548828125,-0.0002495381631888449,0.007949777878820896,-33.95303726196289
881,0.8818818926811218,82.44538116455078,-0.00024727440904825926,0.007182665169239044,-31.0509090423584
882,0.8828828930854797,82.51534271240234,-0.000247076153755188,0.007982704788446426,-34.30963134765625
883,0.8838838934898376,82.58535766601562,-0.00024666241370141506,0.007368616294115782,-31.78597068786621
884,0.8848848938941956,82.65543365478516,-0.00024650036357343197,0.008091541938483715,-34.67122268676758
885,0.8858858942985535,82.72557067871094,-0.00024654221488162875,0.008209704421460629,-35.12127685546875
886,0.8868868947029114,82.7957534790039,-0.0002468504826538265,0.008572861552238464,-36.566917419433594
887,0.8878878951072693,82.86600494384766,-0.0002472085179761052,0.00909710954874754,-38.72480010986328
888,0.8888888955116272,82.93631744384766,-0.0002467552840244025,0.008868930861353874,-37.95359802246094
889,0.8898898959159851,83.00669860839844,-0.00024605169892311096,0.009402923285961151,-40.336273193359375
890,0.890890896320343,83.0771255493164,-0.0002451246546115726,0.008124624378979206,-35.3512077331543
891,0.8918918967247009,83.14761352539062,-0.00024452502839267254,0.008148816414177418,-35.63530349731445
892,0.8928928971290588,83.21817016601562,-0.00024531540111638606,0.0072846426628530025,-32.23183822631836
893,0.8938938975334167,83.28878021240234,-0.0002435899805277586,0.009001009166240692,-39.28545379638672
894,0.8948948979377747,83.35945129394531,-0.0002434323396300897,0.008904732763767242,-38.90757751464844
895,0.8958958983421326,83.43018341064453,-0.00024340127129107714,0.008832396008074284,-38.595603942871094
896,0.8968968987464905,83.5009765625,-0.000245365226874128,0.008057995699346066,-35.42795944213867
897,0.8978978991508484,83.57182312011719,-0.00024370558094233274,0.008228320628404617,-36.17013931274414
898,0.8988988995552063,83.64273071289062,-0.0002410580636933446,0.008674298413097858,-38.125484466552734
899,0.8998998999595642,83.71370697021484,-0.00024318040232174098,0.007838656194508076,-34.764041900634766
900,0.9009009003639221,83.78473663330078,-0.00024528891663067043,0.007273686584085226,-32.503135681152344
901,0.90190190076828,83.85582733154297,-0.00024369682068936527,0.007590922527015209,-33.865318298339844
902,0.9029029011726379,83.9269790649414,-0.0002386271662544459,0.009096811525523663,-40.2432975769043
903,0.9039039015769958,83.99818420410156,-0.0002379844372626394,0.008700164966285229,-38.68084716796875
904,0.9049049019813538,84.06946563720703,-0.00023973852512426674,0.00767932366579771,-34.37773513793945
905,0.9059059023857117,84.14079284667969,-0.0002419433876639232,0.007076232228428125,-31.77230453491211
906,0.9069069027900696,84.21219635009766,-0.00024371047038584948,0.006909319199621677,-30.94609832763672
907,0.9079079031944275,84.28364562988281,-0.0002444899291731417,0.007661846000701189,-33.927982330322266
908,0.9089089035987854,84.35516357421875,-0.00024647623649798334,0.007843288592994213,-34.643463134765625
909,0.9099099040031433,84.42674255371094,-0.00024789292365312576,0.00793903972953558,-35.08977127075195
910,0.9109109044075012,84.49837493896484,-0.0002476904192008078,0.007173174060881138,-32.152435302734375
911,0.9119119048118591,84.57007598876953,-0.00024528082576580346,0.0064811306074261665,-29.520668029785156
912,0.912912905216217,84.64183044433594,-0.00024442607536911964,0.007457892410457134,-33.67145538330078
913,0.913913905620575,84.71365356445312,-0.00024201394990086555,0.007141076028347015,-32.48806381225586
914,0.9149149060249329,84.78553009033203,-0.0002392026362940669,0.00784266833215952,-35.46116256713867
915,0.9159159064292908,84.85746765136719,-0.00023755707661621273,0.007840519770979881,-35.45994186401367
916,0.9169169068336487,84.92947387695312,-0.00023732538102194667,0.0070653813891112804,-32.1469841003418
917,0.9179179072380066,85.00153350830078,-0.00023530743783339858,0.007986530661582947,-35.96415710449219
918,0.9189189076423645,85.07366180419922,-0.00023473735200241208,0.007954702712595463,-35.83059310913086
919,0.9199199080467224,85.1458511352539,-0.00023260303714778274,0.008437157608568668,-37.974708557128906
920,0.9209209084510803,85.21809387207031,-0.00023434341710526496,0.007897241041064262,-35.758827209472656
921,0.9219219088554382,85.29039764404297,-0.00023579546541441232,0.007737386971712112,-35.181556701660156
922,0.9229229092597961,85.3627700805664,-0.00023664615582674742,0.007783492561429739,-35.470252990722656
923,0.923923909664154,85.43519592285156,-0.00023883552057668567,0.007455117534846067,-34.16766357421875
924,0.924924910068512,85.50769805908203,-0.00023612607037648559,0.008214776404201984,-37.465938568115234
925,0.9259259104728699,85.58024597167969,-0.00023757423332426697,0.007694331929087639,-35.346336364746094
926,0.9269269108772278,85.6528549194336,-0.00023599494306836277,0.007930262945592403,-36.384422302246094
927,0.9279279112815857,85.72554779052734,-0.00023605562455486506,0.007401933893561363,-34.165985107421875
928,0.9289289116859436,85.79827880859375,-0.00023288540251087397,0.00795739982277155,-36.54216003417969
929,0.9299299120903015,85.87108612060547,-0.0002308386319782585,0.008459712378680706,-38.668174743652344
930,0.9309309124946594,85.9439468383789,-0.00023205002071335912,0.007615170441567898,-35.03034210205078
931,0.9319319128990173,86.01686096191406,-0.00023058780061546713,0.007892514578998089,-36.29078674316406
932,0.9329329133033752,86.08985137939453,-0.0002294352016178891,0.008208614774048328,-37.75581741333008
933,0.9339339137077332,86.16289520263672,-0.0002287506649736315,0.008812340907752514,-40.40841293334961
934,0.9349349141120911,86.23600769042969,-0.00022970614372752607,0.008697821758687496,-39.90544509887695
935,0.935935914516449,86.3091812133789,-0.00022958967019803822,0.010394512675702572,-47.33457565307617
936,0.9369369149208069,86.38240814208984,-0.00023138706455938518,0.009574632160365582,-43.78396224975586
937,0.9379379153251648,86.45570373535156,-0.00023324572248384356,0.009222710505127907,-42.30793762207031
938,0.9389389157295227,86.52906799316406,-0.0002347045810893178,0.0074477302841842175,-34.845462799072266
939,0.9399399161338806,86.60248565673828,-0.0002349132118979469,0.007797282189130783,-36.47639465332031
940,0.9409409165382385,86.67597198486328,-0.00023420722573064268,0.007830711081624031,-36.7493782043457
941,0.9419419169425964,86.74951171875,-0.00023251865059137344,0.007499350234866142,-35.4427604675293
942,0.9429429173469543,86.82312774658203,-0.00023182020231615752,0.007820493541657925,-36.81856918334961
943,0.9439439177513123,86.89679718017578,-0.00023049664741847664,0.006813179235905409,-32.36983108520508
944,0.9449449181556702,86.97053527832031,-0.00023194863751996309,0.007398456800729036,-34.814144134521484
945,0.9459459185600281,87.04431915283203,-0.00023226051416713744,0.007686108350753784,-36.0265998840332
946,0.946946918964386,87.11817932128906,-0.00023348206013906747,0.00691519770771265,-32.70268249511719
947,0.9479479193687439,87.19210052490234,-0.00023409584537148476,0.006216276437044144,-29.701454162597656
948,0.9489489793777466,87.2660903930664,-0.00023568117467220873,0.006715700495988131,-31.85879898071289
949,0.9499499797821045,87.34013366699219,-0.00023584040172863752,0.006476509850472212,-30.93677520751953
950,0.9509509801864624,87.41423797607422,-0.00023575883824378252,0.00597955659031868,-28.956817626953125
951,0.9519519805908203,87.48841094970703,-0.00023479005903936923,0.005978655070066452,-29.057790756225586
952,0.9529529809951782,87.56263732910156,-0.00023293806589208543,0.00541171757504344,-26.699787139892578
953,0.9539539813995361,87.6369400024414,-0.0002310712297912687,0.005822452250868082,-28.491636276245117
954,0.954954981803894,87.71129608154297,-0.0002285062801092863,0.006360266823321581,-30.869613647460938
955,0.955955982208252,87.78572845458984,-0.00022669487225357443,0.0062515768222510815,-30.463943481445312
956,0.9569569826126099,87.86021423339844,-0.00022548832930624485,0.006345819216221571,-30.95189666748047
957,0.9579579830169678,87.93476104736328,-0.00022420386085286736,0.005542194005101919,-27.425928115844727
958,0.9589589834213257,88.0093765258789,-0.00022545806132256985,0.006482309196144342,-31.67521095275879
959,0.9599599838256836,88.08405303955078,-0.00022470088151749223,0.005844259634613991,-28.960643768310547
960,0.9609609842300415,88.1587905883789,-0.00022340373834595084,0.005345319863408804,-26.94853401184082
961,0.9619619846343994,88.23359680175781,-0.00022107255063019693,0.004809365142136812,-24.825740814208984
962,0.9629629850387573,88.30846405029297,-0.0002259853354189545,0.006079995073378086,-30.797788619995117
963,0.9639639854431152,88.38339233398438,-0.00022801567683927715,0.007393673062324524,-36.80881881713867
964,0.9649649858474731,88.45838165283203,-0.000226423901040107,0.007138606160879135,-35.82220458984375
965,0.965965986251831,88.53343963623047,-0.00022531507420353591,0.00798090547323227,-39.59849166870117
966,0.966966986656189,88.60856628417969,-0.00022388744400814176,0.0085074407979846,-41.901554107666016
967,0.9679679870605469,88.68374633789062,-0.00022275984520092607,0.008420513942837715,-41.44118881225586
968,0.9689689874649048,88.75899505615234,-0.00022202775289770216,0.00861344300210476,-42.23834228515625
969,0.9699699878692627,88.83431243896484,-0.00022180855739861727,0.008544694632291794,-41.787288665771484
970,0.9709709882736206,88.90968322753906,-0.00022193347103893757,0.008198650553822517,-40.07572555541992
971,0.9719719886779785,88.98513793945312,-0.00022225049906410277,0.008675330318510532,-42.10123825073242
972,0.9729729890823364,89.06063842773438,-0.00022291997447609901,0.008414531126618385,-40.8154182434082
973,0.9739739894866943,89.13619995117188,-0.00022323551820591092,0.00795813463628292,-38.725921630859375
974,0.9749749898910522,89.21183776855469,-0.00022258399985730648,0.007657364942133427,-37.422664642333984
975,0.9759759902954102,89.28753662109375,-0.0002220883616246283,0.007107952609658241,-35.0186767578125
976,0.9769769906997681,89.36328887939453,-0.00022143335081636906,0.006223818752914667,-30.98789405822754
977,0.977977991104126,89.43911743164062,-0.0002221719769295305,0.006737023591995239,-33.2785530090332
978,0.9789789915084839,89.5150146484375,-0.00022093913867138326,0.007878708653151989,-38.4192008972168
979,0.9799799919128418,89.59095764160156,-0.00021891610231250525,0.008549285121262074,-41.500732421875
980,0.9809809923171997,89.66697692871094,-0.00022109583369456232,0.007643124088644981,-37.422080993652344
981,0.9819819927215576,89.7430648803711,-0.00021918234415352345,0.007999109104275703,-39.07279968261719
982,0.9829829931259155,89.81920623779297,-0.00021984554769005626,0.00733225280418992,-36.155479431152344
983,0.9839839935302734,89.89541625976562,-0.0002148008206859231,0.008345311507582664,-40.952205657958984
984,0.9849849939346313,89.97168731689453,-0.00021439517149701715,0.008103448897600174,-39.964256286621094
985,0.9859859943389893,90.04803466796875,-0.00020977106760255992,0.009248442947864532,-45.48952102661133
986,0.9869869947433472,90.12445068359375,-0.00020813214359804988,0.01002591848373413,-49.32340621948242
987,0.9879879951477051,90.20091247558594,-0.00020890291489195079,0.009538386017084122,-47.118595123291016
988,0.988988995552063,90.27745819091797,-0.00020792291616089642,0.010422701947391033,-51.53093719482422
989,0.9899899959564209,90.35404968261719,-0.0002089259069180116,0.009763925336301327,-48.55290222167969
990,0.9909909963607788,90.43071746826172,-0.00020860074437223375,0.010833491571247578,-53.84617614746094
991,0.9919919967651367,90.5074462890625,-0.00020874894107691944,0.010739346966147423,-53.52399444580078
992,0.9929929971694946,90.58423614501953,-0.0002089125191560015,0.010647068731486797,-53.20293426513672
993,0.9939939975738525,90.6611099243164,-0.00020914025662932545,0.010485292412340641,-52.50581741333008
994,0.9949949979782104,90.73802947998047,-0.000208463694434613,0.01099548302590847,-54.999935150146484
995,0.9959959983825684,90.81501770019531,-0.00020787370158359408,0.011317775584757328,-56.59041213989258
996,0.9969969987869263,90.89208221435547,-0.00020774583390448242,0.011129147373139858,-55.64372634887695
997,0.9979979991912842,90.96920013427734,-0.00020826980471611023,0.011423313990235329,-57.01987838745117
998,0.9989989995956421,91.04638671875,-0.0002094656229019165,0.0107699204236269,-53.90317916870117
999,1.0,91.12364959716797,-0.00021197398018557578,0.010361279360949993,-52.064781188964844
