index,timestep,Diffusion_Coeff,Divergence,score,pos
0,0.0,39.05299377441406,-0.00986356008797884,-0.006126864347606897,40.0716667175293
1,0.0010010009864345193,39.08612823486328,-0.009646876715123653,-0.03415409103035927,43.356693267822266
2,0.0020020019728690386,39.11929702758789,-0.009670932777225971,-0.03047095611691475,43.17750930786133
3,0.0030030030757188797,39.15248489379883,-0.009860154241323471,-0.005748296622186899,40.80128860473633
4,0.004004003945738077,39.185707092285156,-0.009899541735649109,0.0034935136791318655,40.0037841796875
5,0.005005004815757275,39.218955993652344,-0.009818783961236477,-0.010862438939511776,41.543060302734375
6,0.006006006151437759,39.25223159790039,-0.00982130877673626,-0.011650681495666504,41.67281723022461
7,0.007007007021456957,39.28553771972656,-0.00986398197710514,-0.004272177815437317,40.961307525634766
8,0.008008007891476154,39.31887435913086,-0.00982503779232502,-0.00729801319539547,41.31319046020508
9,0.009009009227156639,39.352237701416016,-0.009783420711755753,-0.003336470341309905,40.96729278564453
10,0.01001000963151455,39.38562774658203,-0.009718149900436401,0.02745179645717144,37.86481857299805
11,0.011011010967195034,39.41904830932617,-0.009616071358323097,0.01696312427520752,38.97075271606445
12,0.012012012302875519,39.452491760253906,-0.009433131664991379,0.03229116275906563,37.342674255371094
13,0.013013012707233429,39.48596954345703,-0.009349070489406586,0.01906496472656727,38.67490005493164
14,0.014014014042913914,39.51947021484375,-0.0091123441234231,0.033122386783361435,37.042701721191406
15,0.015015014447271824,39.55300521850586,-0.008779937401413918,0.049628764390945435,35.0346794128418
16,0.01601601578295231,39.58656692504883,-0.008560651913285255,0.04779147729277611,35.09208679199219
17,0.01701701618731022,39.620155334472656,-0.008472943678498268,0.03518493101000786,36.45485305786133
18,0.018018018454313278,39.653770446777344,-0.008315126411616802,0.0359564945101738,36.30137634277344
19,0.01901901885867119,39.68742370605469,-0.008438767865300179,0.017813634127378464,38.44363021850586
20,0.0200200192630291,39.721092224121094,-0.008371775038540363,0.012153124436736107,39.1225700378418
21,0.021021021530032158,39.754798889160156,-0.008202403783798218,0.014917264692485332,38.78416442871094
22,0.022022021934390068,39.78852844238281,-0.00786379724740982,0.029405543580651283,36.95153045654297
23,0.023023022338747978,39.82229232788086,-0.007773552089929581,0.026130666956305504,37.31749725341797
24,0.024024024605751038,39.8560791015625,-0.007616344373673201,0.028287654742598534,36.983707427978516
25,0.025025025010108948,39.889896392822266,-0.007433347404003143,0.03071505017578602,36.595027923583984
26,0.026026025414466858,39.92374801635742,-0.007214291952550411,0.03671485185623169,35.70521926879883
27,0.027027025818824768,39.95762252807617,-0.0071533480659127235,0.028916487470269203,36.74156951904297
28,0.028028028085827827,39.99152755737305,-0.0068872543051838875,0.037795018404722214,35.42882537841797
29,0.029029028490185738,40.02545928955078,-0.007015657611191273,0.020727094262838364,37.82180404663086
30,0.030030028894543648,40.05942153930664,-0.006938823498785496,0.0182254146784544,38.12751388549805
31,0.031031031161546707,40.093414306640625,-0.006871955934911966,0.01513891015201807,38.5284423828125
32,0.03203203156590462,40.1274299621582,-0.007061348296701908,0.005018565338104963,40.02469253540039
33,0.03303303197026253,40.16147994995117,-0.006675013806670904,0.01890031062066555,38.06935501098633
34,0.03403403237462044,40.195556640625,-0.006540306378155947,0.024096455425024033,37.33317184448242
35,0.03503503277897835,40.22966384887695,-0.006398780271410942,0.030334418639540672,36.39631652832031
36,0.036036036908626556,40.263797760009766,-0.006259647198021412,0.038898542523384094,35.01092529296875
37,0.03703703731298447,40.29795837402344,-0.006209481507539749,0.04047895595431328,34.70218276977539
38,0.03803803771734238,40.3321533203125,-0.006151731126010418,0.0357004851102829,35.39912033081055
39,0.03903903812170029,40.36637878417969,-0.006179650779813528,0.024824848398566246,37.069488525390625
40,0.0400400385260582,40.40062713623047,-0.006183743476867676,0.01798163913190365,38.0611572265625
41,0.04104103893041611,40.434906005859375,-0.006318588741123676,0.006217519287019968,39.832115173339844
42,0.042042043060064316,40.469215393066406,-0.006138329394161701,0.004713927861303091,40.005287170410156
43,0.043043043464422226,40.50355529785156,-0.005943468771874905,0.005115927197039127,39.90395736694336
44,0.044044043868780136,40.53792190551758,-0.005977397318929434,8.419955702265725e-05,40.75832748413086
45,0.045045044273138046,40.572322845458984,-0.00628039613366127,-0.013041309081017971,42.938472747802734
46,0.046046044677495956,40.606746673583984,-0.00596205797046423,-0.0037039006128907204,41.440216064453125
47,0.04704704508185387,40.641197204589844,-0.00621007289737463,-0.014699239283800125,43.27218246459961
48,0.048048049211502075,40.67568588256836,-0.0062498664483428,-0.018488915637135506,43.92359161376953
49,0.049049049615859985,40.71019744873047,-0.00584415765479207,-0.0049402243457734585,41.735626220703125
50,0.050050050020217896,40.7447395324707,-0.005746893584728241,-0.004324886482208967,41.6647834777832
51,0.051051050424575806,40.77931213378906,-0.005656932480633259,-0.005434249993413687,41.892906188964844
52,0.052052050828933716,40.81391143798828,-0.005145604722201824,0.005902009550482035,39.79886245727539
53,0.053053051233291626,40.84854507446289,-0.005318136420100927,-0.0023698776494711637,41.374420166015625
54,0.054054051637649536,40.88320541381836,-0.005250786896795034,-0.0034582149237394333,41.58519744873047
55,0.055055055767297745,40.91789627075195,-0.0053470563143491745,-0.009615598246455193,42.729007720947266
56,0.056056056171655655,40.952613830566406,-0.005011795088648796,-0.002858711639419198,41.39011764526367
57,0.057057056576013565,40.987361907958984,-0.00475076399743557,0.0019389854278415442,40.35330581665039
58,0.058058056980371475,41.02214431762695,-0.004499676171690226,0.0071343728341162205,39.165828704833984
59,0.059059057384729385,41.056949615478516,-0.00426989421248436,0.013143139891326427,37.72898864746094
60,0.060060057789087296,41.0917854309082,-0.0041104587726294994,0.020224042236804962,35.93984603881836
61,0.061061061918735504,41.12665557861328,-0.004187220707535744,0.010472106747329235,38.219810485839844
62,0.062062062323093414,41.16154479980469,-0.004224162548780441,0.007063722237944603,39.01966857910156
63,0.06306306272745132,41.19647216796875,-0.0041702985763549805,0.008330252021551132,38.74458312988281
64,0.06406406313180923,41.23143005371094,-0.00421576714143157,0.004833829589188099,39.608299255371094
65,0.06506506353616714,41.266414642333984,-0.004173174034804106,0.003876460250467062,39.82497024536133
66,0.06606606394052505,41.301429748535156,-0.004336727783083916,-0.0037891643587499857,41.63068389892578
67,0.06706706434488297,41.33647537231445,-0.004585147835314274,-0.01385708712041378,43.910640716552734
68,0.06806806474924088,41.37154769897461,-0.004402106627821922,-0.012421153485774994,43.60597229003906
69,0.06906906515359879,41.406654357910156,-0.004056588280946016,-0.005701520014554262,41.925350189208984
70,0.0700700655579567,41.44178771972656,-0.003904457902535796,-0.004614672157913446,41.479164123535156
71,0.0710710734128952,41.476951599121094,-0.003846366424113512,-0.00608544098213315,41.650291442871094
72,0.07207207381725311,41.512142181396484,-0.003735517617315054,-0.005190958734601736,41.20745849609375
73,0.07307307422161102,41.547367095947266,-0.00364143424667418,-0.004257676191627979,40.76599884033203
74,0.07407407462596893,41.582618713378906,-0.003842457663267851,-0.012212997302412987,42.79561996459961
75,0.07507507503032684,41.61790466308594,-0.0038188286125659943,-0.011739478446543217,42.652915954589844
76,0.07607607543468475,41.65321731567383,-0.0038739126175642014,-0.013034527190029621,43.030059814453125
77,0.07707707583904266,41.688560485839844,-0.0037328891921788454,-0.008082454092800617,41.81298065185547
78,0.07807807624340057,41.72393035888672,-0.0035668150521814823,-0.0019781950395554304,40.26558303833008
79,0.07907907664775848,41.75933074951172,-0.003466266207396984,0.0008707622182555497,39.51661682128906
80,0.0800800770521164,41.794769287109375,-0.0035053975880146027,-0.0021954355761408806,40.392539978027344
81,0.0810810774564743,41.830230712890625,-0.0036192690022289753,-0.008185318671166897,42.06305694580078
82,0.08208207786083221,41.865726470947266,-0.0037604672834277153,-0.014523173682391644,43.77268981933594
83,0.08308307826519012,41.9012451171875,-0.0038156528025865555,-0.01782228797674179,44.6207160949707
84,0.08408408612012863,41.93680191040039,-0.0035819660406559706,-0.010919383727014065,42.69596862792969
85,0.08508508652448654,41.97238540649414,-0.0036257379688322544,-0.012815674766898155,43.15030288696289
86,0.08608608692884445,42.00799560546875,-0.003590427804738283,-0.011986223980784416,42.8271484375
87,0.08708708733320236,42.043643951416016,-0.003675563260912895,-0.015858443453907967,43.794639587402344
88,0.08808808773756027,42.079315185546875,-0.003628722159191966,-0.015857402235269547,43.71595764160156
89,0.08908908814191818,42.115020751953125,-0.0037237852811813354,-0.02158398926258087,45.25461196899414
90,0.09009008854627609,42.1507568359375,-0.0035050944425165653,-0.016566645354032516,43.88703918457031
91,0.091091088950634,42.186519622802734,-0.003312128596007824,-0.012113752774894238,42.60527801513672
92,0.09209208935499191,42.22231674194336,-0.0033018537797033787,-0.013847198337316513,43.19476318359375
93,0.09309308975934982,42.258140563964844,-0.003330391366034746,-0.016673004254698753,44.14916229248047
94,0.09409409016370773,42.29399490356445,-0.003417103085666895,-0.021325653418898582,45.66526794433594
95,0.09509509056806564,42.32988739013672,-0.003431710647419095,-0.023049602285027504,46.30950927734375
96,0.09609609842300415,42.36580276489258,-0.0032265048939734697,-0.016523413360118866,44.44150161743164
97,0.09709709882736206,42.40175247192383,-0.0031600692309439182,-0.014686210080981255,43.90180587768555
98,0.09809809923171997,42.4377326965332,-0.0030199354514479637,-0.010083933360874653,42.38400650024414
99,0.09909909963607788,42.473731994628906,-0.00303414324298501,-0.011913307011127472,42.91640853881836
100,0.10010010004043579,42.5097770690918,-0.0029757600277662277,-0.011058156378567219,42.54227066040039
101,0.1011011004447937,42.545841217041016,-0.0028515735175460577,-0.007188953924924135,41.12247848510742
102,0.10210210084915161,42.58195114135742,-0.002789123449474573,-0.005557454656809568,40.45896530151367
103,0.10310310125350952,42.618080139160156,-0.002692369744181633,-0.0027456963434815407,39.363155364990234
104,0.10410410165786743,42.65423583984375,-0.00271472055464983,-0.003790354821830988,39.696048736572266
105,0.10510510206222534,42.6904296875,-0.0026795677840709686,-0.002710433676838875,39.22679901123047
106,0.10610610246658325,42.726654052734375,-0.0026102284900844097,-0.0009266568813472986,38.4819450378418
107,0.10710710287094116,42.762908935546875,-0.0025219828821718693,0.0006388442125171423,37.75296401977539
108,0.10810810327529907,42.799190521240234,-0.0024898098781704903,0.000433262437582016,37.71551513671875
109,0.10910911113023758,42.83551025390625,-0.002407423686236143,0.0013615512289106846,37.26057434082031
110,0.11011011153459549,42.871856689453125,-0.0018675223691388965,0.0071581825613975525,34.50893020629883
111,0.1111111119389534,42.90822982788086,-0.001297356327995658,0.009561656042933464,32.85685729980469
112,0.11211211234331131,42.94463348388672,-0.0011931373737752438,0.009057341143488884,32.826290130615234
113,0.11311311274766922,42.9810791015625,-0.001359841087833047,0.007262019440531731,33.706443786621094
114,0.11411411315202713,43.017547607421875,-0.001073371386155486,0.007256853859871626,33.130584716796875
115,0.11511511355638504,43.054054260253906,-0.0010077158221974969,0.0063417390920221806,33.2532958984375
116,0.11611611396074295,43.090579986572266,-0.00132670346647501,0.004247062373906374,34.57277297973633
117,0.11711711436510086,43.127140045166016,-0.0009540705941617489,0.0053963130339980125,33.25012969970703
118,0.11811811476945877,43.16373825073242,-0.0015121512115001678,0.0025716423988342285,35.39339828491211
119,0.11911911517381668,43.20035934448242,-0.0010584332048892975,0.0049115135334432125,33.576934814453125
120,0.12012011557817459,43.23701477050781,-0.0011781733483076096,0.004549833945930004,33.97922134399414
121,0.1211211159825325,43.27370834350586,-0.0012012412771582603,0.004274658393114805,34.10267639160156
122,0.12212212383747101,43.3104248046875,-0.0012581974733620882,0.003741839900612831,34.3685417175293
123,0.12312312424182892,43.34716796875,-0.0017174175009131432,0.0005174814723432064,36.42363739013672
124,0.12412412464618683,43.38395309448242,-0.0018591033294796944,-0.0013271066127344966,37.36723327636719
125,0.12512512505054474,43.42076110839844,-0.0018757747020572424,-0.0022055127192288637,37.7437629699707
126,0.12612612545490265,43.45760726928711,-0.0020362278446555138,-0.00500068161636591,39.11834716796875
127,0.12712712585926056,43.494476318359375,-0.0019253815989941359,-0.003969417419284582,38.62091827392578
128,0.12812812626361847,43.5313835144043,-0.0018288188148289919,-0.003137216903269291,38.2124137878418
129,0.12912912666797638,43.56832504272461,-0.002213377971202135,-0.009549527429044247,41.41583251953125
130,0.1301301270723343,43.605289459228516,-0.0020517748780548573,-0.00643888721242547,40.05258560180664
131,0.1311311274766922,43.64228820800781,-0.0021192114800214767,-0.0077772256918251514,40.743473052978516
132,0.1321321278810501,43.679317474365234,-0.0023263103794306517,-0.01319920178502798,43.167640686035156
133,0.13313312828540802,43.71638107299805,-0.002071195747703314,-0.007949925027787685,40.687278747558594
134,0.13413412868976593,43.753475189208984,-0.0017996312817558646,-0.00457735126838088,38.77170181274414
135,0.13513512909412384,43.79059600830078,-0.0020775417797267437,-0.01066210400313139,41.55036163330078
136,0.13613612949848175,43.827762603759766,-0.0019879774190485477,-0.010582487098872662,41.2396354675293
137,0.13713712990283966,43.86494445800781,-0.002053719712421298,-0.013301192782819271,42.397647857666016
138,0.13813813030719757,43.902164459228516,-0.0020039710216224194,-0.012797028757631779,42.06559753417969
139,0.13913913071155548,43.93941879272461,-0.0021305629052221775,-0.01641172356903553,43.81513214111328
140,0.1401401311159134,43.9766960144043,-0.0020410444121807814,-0.013987862505018711,42.7097053527832
141,0.1411411464214325,44.014015197753906,-0.0022299375850707293,-0.01949424110352993,45.3589973449707
142,0.1421421468257904,44.051361083984375,-0.0022555426694452763,-0.02050342597067356,45.89408874511719
143,0.14314314723014832,44.08873748779297,-0.0021931135561317205,-0.019090915098786354,45.35976028442383
144,0.14414414763450623,44.12614822387695,-0.0020855660550296307,-0.016255266964435577,44.12034606933594
145,0.14514514803886414,44.1635856628418,-0.0020481515675783157,-0.015754997730255127,43.963096618652344
146,0.14614614844322205,44.20106506347656,-0.0019568679854273796,-0.014223274774849415,43.27067184448242
147,0.14714714884757996,44.238563537597656,-0.002009381540119648,-0.016189908608794212,44.33456802368164
148,0.14814814925193787,44.27610778808594,-0.0019218598026782274,-0.01451949868351221,43.51994323730469
149,0.14914914965629578,44.31366729736328,-0.0019309555646032095,-0.014859800226986408,43.70036697387695
150,0.1501501500606537,44.35126876831055,-0.001916484790854156,-0.014605355449020863,43.50370407104492
151,0.1511511504650116,44.38890075683594,-0.002088234294205904,-0.019787997007369995,45.97249221801758
152,0.1521521508693695,44.426570892333984,-0.002032822696492076,-0.018135711550712585,45.037967681884766
153,0.15315315127372742,44.464263916015625,-0.0018792073242366314,-0.013993813656270504,42.78662872314453
154,0.15415415167808533,44.50199508666992,-0.0019555166363716125,-0.01592458225786686,43.64967346191406
155,0.15515515208244324,44.53975296020508,-0.0017656151903793216,-0.012116886675357819,41.44306564331055
156,0.15615615248680115,44.57754898071289,-0.0015694901812821627,-0.009704602882266045,39.80364227294922
157,0.15715715289115906,44.6153678894043,-0.0017020045779645443,-0.012494713999330997,41.32544708251953
158,0.15815815329551697,44.653228759765625,-0.0015989439561963081,-0.01154456939548254,40.653175354003906
159,0.15915915369987488,44.69111251831055,-0.0015479624271392822,-0.011367359198629856,40.519203186035156
160,0.1601601541042328,44.72903823852539,-0.0014075572835281491,-0.010080943815410137,39.63819885253906
161,0.1611611545085907,44.76698684692383,-0.0015599661273881793,-0.012188486754894257,41.12350845336914
162,0.1621621549129486,44.804969787597656,-0.0018054594984278083,-0.01672951690852642,43.9129638671875
163,0.16316315531730652,44.842987060546875,-0.0016495409654453397,-0.013265589252114296,42.01912307739258
164,0.16416415572166443,44.88103485107422,-0.0015897996490821242,-0.012638322077691555,41.62743377685547
165,0.16516515612602234,44.91912078857422,-0.0015939681325107813,-0.013486379757523537,42.08853530883789
166,0.16616615653038025,44.95723342895508,-0.0015341582475230098,-0.013416537083685398,41.94236373901367
167,0.16716717183589935,44.99538040161133,-0.001622488722205162,-0.015720445662736893,43.3045654296875
168,0.16816817224025726,45.03356170654297,-0.0015020885039120913,-0.014257766306400299,42.25503921508789
169,0.16916917264461517,45.071773529052734,-0.0014740463811904192,-0.014120562933385372,42.03145217895508
170,0.17017017304897308,45.110015869140625,-0.001531221903860569,-0.015195894986391068,42.61693572998047
171,0.171171173453331,45.14828872680664,-0.0016833121189847589,-0.01860259845852852,44.61262893676758
172,0.1721721738576889,45.18659973144531,-0.001786733279004693,-0.021502524614334106,46.202877044677734
173,0.17317317426204681,45.22494125366211,-0.0019512469880282879,-0.02735814079642296,49.23725128173828
174,0.17417417466640472,45.2633171081543,-0.0019401912577450275,-0.02723112143576145,49.08713912963867
175,0.17517517507076263,45.30172348022461,-0.0018886396428570151,-0.02646920271217823,48.663204193115234
176,0.17617617547512054,45.34016036987305,-0.0018119020387530327,-0.02522326447069645,48.002838134765625
177,0.17717717587947845,45.37863540649414,-0.0018528936197981238,-0.027836976572871208,49.481746673583984
178,0.17817817628383636,45.41713333129883,-0.001844320329837501,-0.02806050144135952,49.73382568359375
179,0.17917917668819427,45.45567321777344,-0.0018088698852807283,-0.02675527334213257,49.18510818481445
180,0.18018017709255219,45.49424362182617,-0.0018515675328671932,-0.027823980897665024,49.935272216796875
181,0.1811811774969101,45.53284454345703,-0.001753730233758688,-0.023519815877079964,47.70859146118164
182,0.182182177901268,45.571475982666016,-0.0018072421662509441,-0.02470383048057556,48.51071548461914
183,0.18318317830562592,45.610145568847656,-0.0017817880725488067,-0.0237974151968956,48.051841735839844
184,0.18418417870998383,45.64884567260742,-0.00177456543315202,-0.024143485352396965,48.233516693115234
185,0.18518517911434174,45.68758010864258,-0.001783417770639062,-0.025241361930966377,48.772315979003906
186,0.18618617951869965,45.726348876953125,-0.0018418717663735151,-0.02848656103014946,50.45570755004883
187,0.18718717992305756,45.76514434814453,-0.0017781262286007404,-0.02703380584716797,49.558475494384766
188,0.18818818032741547,45.803977966308594,-0.0017170575447380543,-0.025694483891129494,48.69755935668945
189,0.18918918073177338,45.84284210205078,-0.0017034179763868451,-0.025994442403316498,48.81618118286133
190,0.1901901811361313,45.881744384765625,-0.0018513198010623455,-0.0335247665643692,53.08839416503906
191,0.1911911815404892,45.92066955566406,-0.001856518443673849,-0.03467287868261337,53.824256896972656
192,0.1921921968460083,45.95963668823242,-0.0018575947033241391,-0.03549845144152641,54.41645050048828
193,0.1931931972503662,45.99863052368164,-0.0018762117251753807,-0.03683286905288696,55.257747650146484
194,0.19419419765472412,46.037662506103516,-0.0018681799992918968,-0.03638787940144539,55.11824417114258
195,0.19519519805908203,46.07672882080078,-0.0019065706292167306,-0.03880725055932999,56.49375534057617
196,0.19619619846343994,46.115821838378906,-0.001929432968609035,-0.04014883562922478,57.226619720458984
197,0.19719719886779785,46.15495300292969,-0.0019412157125771046,-0.04052840918302536,57.42348098754883
198,0.19819819927215576,46.194114685058594,-0.0019980319775640965,-0.04402893781661987,59.19093704223633
199,0.19919919967651367,46.23331069946289,-0.002011168748140335,-0.04519698768854141,59.795921325683594
200,0.20020020008087158,46.27254104614258,-0.0020487455185502768,-0.04904133826494217,61.72040557861328
201,0.2012012004852295,46.31180191040039,-0.0020617677364498377,-0.05153078958392143,62.99448776245117
202,0.2022022008895874,46.35110092163086,-0.002078757621347904,-0.05667230486869812,65.63099670410156
203,0.2032032012939453,46.39043045043945,-0.0020385654643177986,-0.05489768087863922,65.06356811523438
204,0.20420420169830322,46.42979049682617,-0.001987471478059888,-0.05207650735974312,63.9930305480957
205,0.20520520210266113,46.46918487548828,-0.0019481783965602517,-0.04992589354515076,63.15302276611328
206,0.20620620250701904,46.50861740112305,-0.0019354034448042512,-0.05008838698267937,63.40149688720703
207,0.20720720291137695,46.54807662963867,-0.0019166304264217615,-0.04878603667020798,62.8240852355957
208,0.20820820331573486,46.58757400512695,-0.0018980982713401318,-0.04759037494659424,62.31309127807617
209,0.20920920372009277,46.62710189819336,-0.0018942393362522125,-0.04845459386706352,62.96659851074219
210,0.21021020412445068,46.666664123535156,-0.0018859455594792962,-0.048397138714790344,63.08533477783203
211,0.2112112045288086,46.706260681152344,-0.0019007115624845028,-0.05069267377257347,64.39111328125
212,0.2122122049331665,46.74589157104492,-0.0018810797482728958,-0.04938314110040665,63.78025436401367
213,0.21321320533752441,46.78555679321289,-0.001791224698536098,-0.04204677417874336,59.86967086791992
214,0.21421420574188232,46.825252532958984,-0.00171100371517241,-0.036981482058763504,57.03497314453125
215,0.21521520614624023,46.864990234375,-0.0016867666272446513,-0.03628559410572052,56.68830871582031
216,0.21621620655059814,46.90475082397461,-0.0016860747709870338,-0.036394957453012466,56.757694244384766
217,0.21721720695495605,46.94455337524414,-0.0016612740000709891,-0.034079182893037796,55.35029983520508
218,0.21821822226047516,46.98438262939453,-0.0016408901428803802,-0.03215721994638443,54.135459899902344
219,0.21921922266483307,47.024253845214844,-0.0016878425376489758,-0.0341060496866703,55.25590515136719
220,0.22022022306919098,47.064151763916016,-0.001737028593197465,-0.03760938718914986,57.33458709716797
221,0.2212212234735489,47.104087829589844,-0.0016357108252122998,-0.03263774514198303,54.456809997558594
222,0.2222222238779068,47.14405059814453,-0.0015490241348743439,-0.029722116887569427,52.721500396728516
223,0.2232232242822647,47.18405532836914,-0.0015357437077909708,-0.030359674245119095,53.25468826293945
224,0.22422422468662262,47.22409439086914,-0.001520512392744422,-0.03047790750861168,53.44392776489258
225,0.22522522509098053,47.264163970947266,-0.001595317735336721,-0.03490395098924637,56.370853424072266
226,0.22622622549533844,47.304264068603516,-0.0015992606058716774,-0.03530757129192352,56.683738708496094
227,0.22722722589969635,47.34440231323242,-0.0015909173525869846,-0.03486400470137596,56.47256088256836
228,0.22822822630405426,47.384578704833984,-0.0016562389209866524,-0.038472238928079605,58.72568130493164
229,0.22922922670841217,47.424781799316406,-0.001643952215090394,-0.037261880934238434,58.026214599609375
230,0.23023022711277008,47.465023040771484,-0.0017058561788871884,-0.04139339551329613,60.595760345458984
231,0.231231227517128,47.50529479980469,-0.0016883413773030043,-0.04114136844873428,60.6047477722168
232,0.2322322279214859,47.54560470581055,-0.0016524475067853928,-0.03992890566587448,60.038509368896484
233,0.2332332283258438,47.58594512939453,-0.0016281288117170334,-0.03932521119713783,59.800540924072266
234,0.23423422873020172,47.62632369995117,-0.0016481776256114244,-0.04179733619093895,61.503150939941406
235,0.23523522913455963,47.6667366027832,-0.0016423022607341409,-0.04250141978263855,62.15216827392578
236,0.23623622953891754,47.707176208496094,-0.0015902355080470443,-0.039719246327877045,60.624202728271484
237,0.23723722994327545,47.74766540527344,-0.0015248812269419432,-0.035687875002622604,58.12910461425781
238,0.23823823034763336,47.788177490234375,-0.0014211192028596997,-0.030238647013902664,54.46660232543945
239,0.23923923075199127,47.8287239074707,-0.0013208682648837566,-0.026579804718494415,51.74330520629883
240,0.24024023115634918,47.86930847167969,-0.0012597822351381183,-0.025100257247686386,50.5164680480957
241,0.2412412315607071,47.9099235534668,-0.0011802355293184519,-0.023427970707416534,49.020565032958984
242,0.242242231965065,47.95058059692383,-0.0011974493972957134,-0.024380994960665703,49.68899154663086
243,0.2432432323694229,47.99126052856445,-0.0012226395774632692,-0.025433238595724106,50.44411849975586
244,0.24424424767494202,48.031982421875,-0.0012335593346506357,-0.025818850845098495,50.675899505615234
245,0.24524524807929993,48.07273864746094,-0.001183683518320322,-0.024326089769601822,49.424503326416016
246,0.24624624848365784,48.113529205322266,-0.0010987332789227366,-0.022395897656679153,47.776031494140625
247,0.24724724888801575,48.154354095458984,-0.001033848850056529,-0.021214114502072334,46.715694427490234
248,0.24824824929237366,48.19520950317383,-0.000915092823561281,-0.019211294129490852,44.72134780883789
249,0.24924924969673157,48.236106872558594,-0.0008247611694969237,-0.01781151443719864,43.189456939697266
250,0.2502502501010895,48.277034759521484,-0.000740923685953021,-0.016408300027251244,41.55328369140625
251,0.2512512505054474,48.317996978759766,-0.0008498935494571924,-0.01766376942396164,43.23741149902344
252,0.2522522509098053,48.35899353027344,-0.0008305688970722258,-0.01739567518234253,42.89304733276367
253,0.2532532513141632,48.40003204345703,-0.0008385746041312814,-0.017840882763266563,43.266746520996094
254,0.2542542517185211,48.44109344482422,-0.0006716199568472803,-0.015764152631163597,40.29192352294922
255,0.25525525212287903,48.48219680786133,-0.0006713237380608916,-0.016002055257558823,40.40816116333008
256,0.25625625252723694,48.52333450317383,-0.0006336293299682438,-0.01575448550283909,39.84009552001953
257,0.25725725293159485,48.564510345458984,-0.0006169492844492197,-0.015773283317685127,39.705055236816406
258,0.25825825333595276,48.605712890625,-0.0005477849044837058,-0.0152177968993783,38.479209899902344
259,0.25925925374031067,48.64695739746094,-0.0005983243463560939,-0.016138972714543343,39.82643127441406
260,0.2602602541446686,48.688236236572266,-0.0005435487255454063,-0.015614418312907219,38.791015625
261,0.2612612545490265,48.729549407958984,-0.000462989613879472,-0.014621365815401077,36.844322204589844
262,0.2622622549533844,48.770896911621094,-0.0004213040228933096,-0.014029781334102154,35.65311050415039
263,0.2632632553577423,48.812278747558594,-0.0004486358957365155,-0.014351830817759037,36.511444091796875
264,0.2642642557621002,48.85369110107422,-0.00046254671178758144,-0.014454836957156658,36.968475341796875
265,0.26526525616645813,48.895145416259766,-0.00047991270548664033,-0.014619886875152588,37.51689910888672
266,0.26626625657081604,48.93663787841797,-0.0003418350825086236,-0.012809238396584988,33.3282470703125
267,0.26726725697517395,48.97815704345703,-0.0004317151615396142,-0.013887779787182808,36.152984619140625
268,0.26826825737953186,49.01971435546875,-0.0005056216614320874,-0.01485427562147379,38.20565414428711
269,0.26926925778388977,49.061309814453125,-0.0005527227185666561,-0.015584246255457401,39.46066665649414
270,0.2702702581882477,49.10293960571289,-0.0006107909139245749,-0.016631780192255974,40.98218536376953
271,0.2712712585926056,49.14460754394531,-0.0005295281298458576,-0.015757154673337936,39.03661346435547
272,0.2722722589969635,49.18630599975586,-0.000555771985091269,-0.016496947035193443,39.84206771850586
273,0.2732732594013214,49.2280387878418,-0.0005355230532586575,-0.016535334289073944,39.36172866821289
274,0.2742742598056793,49.26980972290039,-0.0006108238594606519,-0.018069041892886162,41.607383728027344
275,0.27527526021003723,49.31161880493164,-0.0006193252047523856,-0.018587669357657433,42.15632629394531
276,0.27627626061439514,49.35345458984375,-0.0007942222291603684,-0.021992502734065056,46.855255126953125
277,0.27727726101875305,49.39533233642578,-0.0007873549475334585,-0.021968508139252663,46.829010009765625
278,0.27827826142311096,49.4372444152832,-0.0007838766323402524,-0.021936653181910515,46.85720443725586
279,0.27927926182746887,49.479190826416016,-0.0007444750517606735,-0.021259278059005737,46.03489303588867
280,0.2802802622318268,49.52117156982422,-0.0007299247663468122,-0.020892350003123283,45.62671661376953
281,0.2812812626361847,49.56319046020508,-0.0007565113482996821,-0.02129790186882019,46.212371826171875
282,0.282282292842865,49.60525131225586,-0.0008351333090104163,-0.02293306402862072,48.22563171386719
283,0.2832832932472229,49.6473388671875,-0.0008292661514133215,-0.023059314116835594,48.31660461425781
284,0.2842842936515808,49.6894645690918,-0.000813197810202837,-0.022955074906349182,48.105918884277344
285,0.2852852940559387,49.73162841796875,-0.0006938891019672155,-0.02082020975649357,45.196533203125
286,0.28628629446029663,49.77382278442383,-0.0005835974588990211,-0.018952807411551476,42.22808074951172
287,0.28728729486465454,49.81605911254883,-0.0006132092094048858,-0.0193921010941267,43.06142807006836
288,0.28828829526901245,49.85832595825195,-0.0005727913230657578,-0.018562201410531998,41.836734771728516
289,0.28928929567337036,49.900630950927734,-0.0005017058574594557,-0.017274966463446617,39.61943435668945
290,0.29029029607772827,49.94297409057617,-0.00048417228390462697,-0.016992367804050446,39.174129486083984
291,0.2912912964820862,49.985355377197266,-0.0004323810862842947,-0.01616138219833374,37.34683609008789
292,0.2922922968864441,50.02776336669922,-0.00042753663728944957,-0.016212793067097664,37.330711364746094
293,0.293293297290802,50.07020950317383,-0.00041504803812131286,-0.016107454895973206,36.93251037597656
294,0.2942942976951599,50.11269760131836,-0.00037975350278429687,-0.015479600057005882,35.21817398071289
295,0.2952952980995178,50.155216217041016,-0.00040418223943561316,-0.016136763617396355,36.78725051879883
296,0.29629629850387573,50.197776794433594,-0.0003767239977605641,-0.015644671395421028,35.454166412353516
297,0.29729729890823364,50.2403678894043,-0.00039367578574456275,-0.016084346920251846,36.59318542480469
298,0.29829829931259155,50.282997131347656,-0.0003799542901106179,-0.015747305005788803,35.70204162597656
299,0.29929929971694946,50.32566452026367,-0.0003442191518843174,-0.01464211754500866,32.755126953125
300,0.3003003001213074,50.36836242675781,-0.00033095930120907724,-0.014147970825433731,31.469890594482422
301,0.3013013005256653,50.41109848022461,-0.0003488019574433565,-0.014650248922407627,33.17896270751953
302,0.3023023009300232,50.45387649536133,-0.0003330368781462312,-0.014240323565900326,32.2495231628418
303,0.3033033013343811,50.49668502807617,-0.0002662448096089065,-0.012898169457912445,28.173431396484375
304,0.304304301738739,50.53953552246094,-0.00025061905034817755,-0.012742890976369381,27.878719329833984
305,0.3053053021430969,50.58241653442383,-0.00023805940872989595,-0.01259471382945776,27.601417541503906
306,0.30630630254745483,50.625335693359375,-0.0002451044856570661,-0.01273387111723423,28.510608673095703
307,0.30730730295181274,50.66829299926758,-0.000289448827970773,-0.013297541067004204,30.953916549682617
308,0.30830830335617065,50.71128463745117,-0.00026793661527335644,-0.012956694699823856,29.887250900268555
309,0.30930930376052856,50.754310607910156,-0.0002793497988022864,-0.01304570958018303,30.20783233642578
310,0.3103103041648865,50.79737854003906,-0.00023726241488475353,-0.012298273853957653,27.20845603942871
311,0.3113113045692444,50.840476989746094,-0.000273186742560938,-0.012767634354531765,28.929973602294922
312,0.3123123049736023,50.88361358642578,-0.00025828994694165885,-0.012368632480502129,27.228452682495117
313,0.3133133053779602,50.92679214477539,-0.00023265363415703177,-0.011739383451640606,24.66979217529297
314,0.3143143057823181,50.97000503540039,-0.00025281100533902645,-0.012015755288302898,25.902099609375
315,0.315315306186676,51.01325225830078,-0.00023287189833354205,-0.011566703207790852,24.067842483520508
316,0.31631630659103394,51.056541442871094,-0.0002259610191686079,-0.011441899463534355,23.59969711303711
317,0.31731730699539185,51.099857330322266,-0.00022570094733964652,-0.011499898508191109,23.880874633789062
318,0.31831830739974976,51.14321517944336,-0.0002402223035460338,-0.011828840710222721,25.258665084838867
319,0.31931930780410767,51.186614990234375,-0.00021971169917378575,-0.011563600972294807,24.059301376342773
320,0.3203203082084656,51.23004913330078,-0.00020783697254955769,-0.011408527381718159,23.238882064819336
321,0.3213213086128235,51.27351379394531,-0.0002023268461925909,-0.011345524340867996,22.79377555847168
322,0.3223223090171814,51.317020416259766,-0.00022529461421072483,-0.011732390150427818,24.425331115722656
323,0.3233233094215393,51.36056137084961,-0.00019258863176219165,-0.01107354648411274,20.874448776245117
324,0.3243243098258972,51.40414047241211,-0.00022665300639346242,-0.011653967201709747,23.160673141479492
325,0.3253253102302551,51.44776153564453,-0.00023642784799449146,-0.01174830924719572,23.125167846679688
326,0.32632631063461304,51.49141311645508,-0.0002491152845323086,-0.011912703514099121,23.531734466552734
327,0.32732731103897095,51.53510284423828,-0.0002976425166707486,-0.013201902620494366,28.020751953125
328,0.32832831144332886,51.578834533691406,-0.00031352369114756584,-0.013635399751365185,29.335538864135742
329,0.32932931184768677,51.622596740722656,-0.0002870423486456275,-0.012533988803625107,25.679128646850586
330,0.3303303122520447,51.66639709472656,-0.0002750748535618186,-0.01193282287567854,23.70407485961914
331,0.3313313126564026,51.71023941040039,-0.0002750156563706696,-0.011717109940946102,23.198022842407227
332,0.3323323130607605,51.754112243652344,-0.00030380242969840765,-0.012477568350732327,26.046405792236328
333,0.3333333432674408,51.79802703857422,-0.000319641490932554,-0.012910610996186733,27.683279037475586
334,0.3343343436717987,51.84197998046875,-0.00030707777477800846,-0.012314971536397934,25.94342041015625
335,0.3353353440761566,51.88597106933594,-0.0002880688989534974,-0.011715099215507507,23.854854583740234
336,0.3363363444805145,51.92999267578125,-0.0002733745495788753,-0.011305589228868484,22.342802047729492
337,0.33733734488487244,51.974056243896484,-0.00028439925517886877,-0.011653517372906208,23.544191360473633
338,0.33833834528923035,52.018157958984375,-0.0002855969942174852,-0.011702235788106918,23.700166702270508
339,0.33933934569358826,52.06229782104492,-0.00027747845160774887,-0.01134785171598196,22.389995574951172
340,0.34034034609794617,52.106468200683594,-0.0002846668940037489,-0.011737729422748089,23.790834426879883
341,0.3413413465023041,52.15068054199219,-0.00028066348750144243,-0.011585362255573273,23.260181427001953
342,0.342342346906662,52.19493103027344,-0.0002806739939842373,-0.011525873094797134,23.0401668548584
343,0.3433433473110199,52.23921585083008,-0.00028408155776560307,-0.011590877547860146,23.264883041381836
344,0.3443443477153778,52.283546447753906,-0.00027456795214675367,-0.010730627924203873,20.09263801574707
345,0.3453453481197357,52.327911376953125,-0.00027465936727821827,-0.01064225658774376,19.736343383789062
346,0.34634634852409363,52.372310638427734,-0.00027550442609936,-0.010688203386962414,19.93132781982422
347,0.34734734892845154,52.416744232177734,-0.0002803305396810174,-0.010884001851081848,20.6721248626709
348,0.34834834933280945,52.46122360229492,-0.00029237440321594477,-0.011238601990044117,21.845090866088867
349,0.34934934973716736,52.505733489990234,-0.00029675723635591567,-0.011185077019035816,21.5582332611084
350,0.35035035014152527,52.55028533935547,-0.000301025080261752,-0.011203213594853878,21.59073257446289
351,0.3513513505458832,52.594879150390625,-0.00030387809965759516,-0.011113286018371582,21.318994522094727
352,0.3523523509502411,52.639503479003906,-0.00029992166673764586,-0.01051976066082716,19.468292236328125
353,0.353353351354599,52.68416976928711,-0.000299497798550874,-0.01048479974269867,19.560056686401367
354,0.3543543517589569,52.72887420654297,-0.0003021399606950581,-0.010902413167059422,21.20478057861328
355,0.3553553521633148,52.77360916137695,-0.0002949759073089808,-0.010524403303861618,20.176280975341797
356,0.35635635256767273,52.81839370727539,-0.00029084752895869315,-0.010411328636109829,19.872743606567383
357,0.35735735297203064,52.86320495605469,-0.00029875629115849733,-0.011169387958943844,22.435073852539062
358,0.35835835337638855,52.90806198120117,-0.0003030976513400674,-0.011447777971625328,23.202739715576172
359,0.35935935378074646,52.95295333862305,-0.0003109126118943095,-0.011796192266047001,23.975749969482422
360,0.36036035418510437,52.99788284301758,-0.00031951870187185705,-0.012276965193450451,25.075111389160156
361,0.3613613545894623,53.0428581237793,-0.0003260984376538545,-0.012859388254582882,26.661928176879883
362,0.3623623549938202,53.087860107421875,-0.0003295749775134027,-0.013162924908101559,27.572010040283203
363,0.3633633553981781,53.13290786743164,-0.00032438416383229196,-0.012543711811304092,25.755430221557617
364,0.364364355802536,53.1779899597168,-0.0003248081775382161,-0.012597587890923023,25.980146408081055
365,0.3653653562068939,53.223114013671875,-0.00032626278698444366,-0.01268975529819727,26.21941375732422
366,0.36636635661125183,53.268272399902344,-0.00032847904367372394,-0.012728424742817879,26.268543243408203
367,0.36736735701560974,53.31346893310547,-0.0003260355442762375,-0.01182135846465826,23.511882781982422
368,0.36836835741996765,53.358707427978516,-0.00032882284722290933,-0.012326328083872795,25.133296966552734
369,0.36936935782432556,53.40398025512695,-0.00032772048143669963,-0.011895619332790375,23.875431060791016
370,0.37037035822868347,53.44929885864258,-0.00033678364707157016,-0.013271037489175797,28.05629539489746
371,0.3713713586330414,53.49464797973633,-0.00033536425326019526,-0.013267787173390388,28.090072631835938
372,0.3723723590373993,53.5400390625,-0.00033968163188546896,-0.013793984428048134,29.651809692382812
373,0.3733733594417572,53.58546829223633,-0.0003385659074410796,-0.013831177726387978,29.714235305786133
374,0.3743743598461151,53.63093566894531,-0.00033926143078133464,-0.013990719802677631,30.06268882751465
375,0.375375360250473,53.67644500732422,-0.00033769989386200905,-0.013953130692243576,29.741851806640625
376,0.37637636065483093,53.721988677978516,-0.000338360492605716,-0.014033888466656208,29.786418914794922
377,0.37737736105918884,53.76757049560547,-0.0003258925280533731,-0.013001424260437489,26.61703109741211
378,0.37837836146354675,53.813194274902344,-0.0003227840061299503,-0.012744365260004997,25.83660125732422
379,0.37937936186790466,53.858856201171875,-0.0003190299612469971,-0.0124320387840271,24.9396915435791
380,0.3803803622722626,53.9045524597168,-0.00031688014860264957,-0.012310115620493889,24.68050765991211
381,0.3813813626766205,53.950294494628906,-0.0003221604856662452,-0.013036682270467281,27.138463973999023
382,0.3823823630809784,53.996070861816406,-0.000327349582221359,-0.01351055409759283,28.874675750732422
383,0.3833833634853363,54.04188919067383,-0.00034292100463062525,-0.01454681996256113,32.28960418701172
384,0.3843843936920166,54.08774185180664,-0.00035733665572479367,-0.015329175628721714,34.81993103027344
385,0.3853853940963745,54.133636474609375,-0.00034920137841254473,-0.014877969399094582,33.86452102661133
386,0.3863863945007324,54.1795654296875,-0.00035937270149588585,-0.015355793759226799,35.603946685791016
387,0.38738739490509033,54.22554016113281,-0.00036590895615518093,-0.015630021691322327,36.71759033203125
388,0.38838839530944824,54.271549224853516,-0.0003812921931967139,-0.016269057989120483,38.635589599609375
389,0.38938939571380615,54.317596435546875,-0.000357312906999141,-0.0152900330722332,36.03030014038086
390,0.39039039611816406,54.363685607910156,-0.0003704927221406251,-0.01585792377591133,37.583335876464844
391,0.391391396522522,54.40981674194336,-0.00036411272594705224,-0.015609019435942173,36.78346633911133
392,0.3923923969268799,54.45597839355469,-0.00039010882028378546,-0.0165629293769598,39.01764678955078
393,0.3933933973312378,54.502193450927734,-0.00039006638689897954,-0.0166136734187603,38.67438507080078
394,0.3943943977355957,54.54843521118164,-0.0003977562300860882,-0.01695939339697361,39.0960578918457
395,0.3953953981399536,54.59471893310547,-0.0003815925738308579,-0.016318192705512047,37.00522994995117
396,0.3963963985443115,54.64104080200195,-0.00038181402487680316,-0.01625244878232479,36.48806381225586
397,0.39739739894866943,54.68740463256836,-0.00037591540603898466,-0.015803217887878418,35.09728240966797
398,0.39839839935302734,54.73381042480469,-0.00038818042958155274,-0.016358522698283195,36.50015640258789
399,0.39939939975738525,54.780250549316406,-0.00039435591315850616,-0.01662708818912506,37.2006721496582
400,0.40040040016174316,54.82673263549805,-0.00040539170731790364,-0.017219234257936478,38.80331039428711
401,0.4014014005661011,54.87324905395508,-0.00040232017636299133,-0.017033638432621956,38.45233154296875
402,0.402402400970459,54.91980743408203,-0.0004069970455020666,-0.017288513481616974,39.19789123535156
403,0.4034034013748169,54.96641540527344,-0.00043015339178964496,-0.018516873940825462,42.2357177734375
404,0.4044044017791748,55.01305389404297,-0.00044305631308816373,-0.019090872257947922,43.696922302246094
405,0.4054054021835327,55.059730529785156,-0.00045936007518321276,-0.019707420840859413,45.26857376098633
406,0.4064064025878906,55.106449127197266,-0.00046405132161453366,-0.019839810207486153,45.74751663208008
407,0.40740740299224854,55.1532096862793,-0.0004605624417308718,-0.01969987154006958,45.604949951171875
408,0.40840840339660645,55.200008392333984,-0.000436361733591184,-0.018742984160780907,43.59409713745117
409,0.40940940380096436,55.24684524536133,-0.00044322971371002495,-0.01907128468155861,44.40514373779297
410,0.41041040420532227,55.293724060058594,-0.00047794386046007276,-0.020448122173547745,47.45098876953125
411,0.4114114046096802,55.340641021728516,-0.0004922696389257908,-0.020987769588828087,48.575439453125
412,0.4124124050140381,55.38759231567383,-0.0004656492965295911,-0.019948668777942657,46.442527770996094
413,0.413413405418396,55.43458938598633,-0.0004596433136612177,-0.019675949588418007,45.90779113769531
414,0.4144144058227539,55.481624603271484,-0.00046634941827505827,-0.019907716661691666,46.450077056884766
415,0.4154154062271118,55.52870178222656,-0.00044424980296753347,-0.018963905051350594,44.49718475341797
416,0.4164164066314697,55.5758171081543,-0.0004389556997921318,-0.01875380054116249,44.0924072265625
417,0.41741740703582764,55.62297439575195,-0.0004237182147335261,-0.018134426325559616,42.64413833618164
418,0.41841840744018555,55.67017364501953,-0.0004159997624810785,-0.01785339042544365,41.8468017578125
419,0.41941940784454346,55.71741485595703,-0.00043281930265948176,-0.01881774514913559,43.98213195800781
420,0.42042040824890137,55.764686584472656,-0.0004045651585329324,-0.017318086698651314,40.26700973510742
421,0.4214214086532593,55.81200408935547,-0.00039617688162252307,-0.016796112060546875,38.88488006591797
422,0.4224224090576172,55.85935592651367,-0.0003830317291431129,-0.01584745943546295,36.36582946777344
423,0.4234234094619751,55.90675735473633,-0.0003756664227694273,-0.015234699472784996,34.7312126159668
424,0.424424409866333,55.954193115234375,-0.00039068685146048665,-0.016361912712454796,37.67197036743164
425,0.4254254102706909,56.00166702270508,-0.0003877588897012174,-0.01612645946443081,36.93426513671875
426,0.42642641067504883,56.04918670654297,-0.00039448548341169953,-0.01664131134748459,38.079627990722656
427,0.42742741107940674,56.096744537353516,-0.0004087347479071468,-0.017655443400144577,40.51463317871094
428,0.42842841148376465,56.14434814453125,-0.0004143939004279673,-0.018056098371744156,41.47580337524414
429,0.42942941188812256,56.191978454589844,-0.0004092575691174716,-0.017794013023376465,40.88567352294922
430,0.43043041229248047,56.239662170410156,-0.0004022596403956413,-0.017414983361959457,40.057044982910156
431,0.4314314126968384,56.287384033203125,-0.00040498891030438244,-0.01759514957666397,40.659759521484375
432,0.4324324131011963,56.335140228271484,-0.0003871452936436981,-0.016744527965784073,38.599483489990234
433,0.4334334135055542,56.3829460144043,-0.00038893421879038215,-0.016992921009659767,39.31093978881836
434,0.4344344139099121,56.430782318115234,-0.000380207144189626,-0.016589635983109474,38.362545013427734
435,0.43543541431427,56.478668212890625,-0.0003728673909790814,-0.01620304025709629,37.4603271484375
436,0.4364364445209503,56.526588439941406,-0.00037476798752322793,-0.016328483819961548,37.91999435424805
437,0.4374374449253082,56.574554443359375,-0.00036234548315405846,-0.01563638634979725,36.149723052978516
438,0.43843844532966614,56.62255859375,-0.00035914970794692636,-0.015493138693273067,35.85108184814453
439,0.43943944573402405,56.67060089111328,-0.0003462151507847011,-0.014771374873816967,33.90796661376953
440,0.44044044613838196,56.718685150146484,-0.00035935279447585344,-0.015618382953107357,36.37862777709961
441,0.44144144654273987,56.76681137084961,-0.0003602204960770905,-0.015697738155722618,36.597076416015625
442,0.4424424469470978,56.814979553222656,-0.0003534949501045048,-0.015322146937251091,35.422428131103516
443,0.4434434473514557,56.86318588256836,-0.0003580029006116092,-0.015529945492744446,35.86357498168945
444,0.4444444477558136,56.911434173583984,-0.00034564262023195624,-0.01455669291317463,33.03297424316406
445,0.4454454481601715,56.95972442626953,-0.00033734479802660644,-0.013708401471376419,30.582172393798828
446,0.4464464485645294,57.008056640625,-0.00033965075272135437,-0.013750712387263775,30.813528060913086
447,0.44744744896888733,57.056427001953125,-0.0003584116930142045,-0.01504818256944418,34.662803649902344
448,0.44844844937324524,57.10483932495117,-0.0003599162446334958,-0.014995682053267956,34.61461639404297
449,0.44944944977760315,57.153297424316406,-0.0003573410795070231,-0.014568009413778782,33.48456954956055
450,0.45045045018196106,57.20178985595703,-0.00035413444857113063,-0.014059341512620449,32.1656494140625
451,0.45145145058631897,57.25032424926758,-0.0003573095891624689,-0.014195738360285759,32.699886322021484
452,0.4524524509906769,57.29890060424805,-0.0003611604915931821,-0.014508694410324097,33.67570495605469
453,0.4534534513950348,57.3475227355957,-0.00036365605774335563,-0.014805294573307037,34.601444244384766
454,0.4544544517993927,57.396183013916016,-0.0003666371922008693,-0.01523474883288145,35.89466857910156
455,0.4554554522037506,57.444881439208984,-0.0003737616934813559,-0.016040939837694168,38.159366607666016
456,0.4564564526081085,57.49362564086914,-0.00037193752359598875,-0.015974802896380424,37.989803314208984
457,0.45745745301246643,57.54240417480469,-0.00037236217758618295,-0.016142671927809715,38.35506057739258
458,0.45845845341682434,57.59122848510742,-0.00037889982922933996,-0.016795990988612175,39.995418548583984
459,0.45945945382118225,57.640098571777344,-0.0003651890147011727,-0.015779893845319748,37.1733512878418
460,0.46046045422554016,57.68900680541992,-0.00035238999407738447,-0.014704372733831406,34.095542907714844
461,0.46146145462989807,57.73795700073242,-0.0003514947893563658,-0.014664890244603157,33.950252532958984
462,0.462462455034256,57.786949157714844,-0.0003491276875138283,-0.014407416805624962,33.222984313964844
463,0.4634634554386139,57.83598327636719,-0.00035266540362499654,-0.014620189554989338,33.859657287597656
464,0.4644644558429718,57.88505554199219,-0.00034946048981510103,-0.014240395277738571,32.839874267578125
465,0.4654654562473297,57.934165954589844,-0.0003514764248393476,-0.014337483793497086,33.19053268432617
466,0.4664664566516876,57.98332977294922,-0.0003492383984848857,-0.0141377542167902,32.66038131713867
467,0.46746745705604553,58.03252410888672,-0.000339098391123116,-0.013253907673060894,30.123674392700195
468,0.46846845746040344,58.08176803588867,-0.00034616439370438457,-0.013939397409558296,32.13150405883789
469,0.46946945786476135,58.131046295166016,-0.0003550292458385229,-0.014944428578019142,34.97260284423828
470,0.47047045826911926,58.18037414550781,-0.00035352277336642146,-0.01496132928878069,34.975425720214844
471,0.4714714586734772,58.229740142822266,-0.0003503324114717543,-0.014773816801607609,34.36434555053711
472,0.4724724590778351,58.27914810180664,-0.00034250703174620867,-0.013914328068494797,31.815513610839844
473,0.473473459482193,58.32859802246094,-0.0003483135369606316,-0.014792603440582752,34.31330871582031
474,0.4744744598865509,58.37809371948242,-0.0003438401618041098,-0.014349007979035378,33.043270111083984
475,0.4754754602909088,58.42762756347656,-0.00034994518500752747,-0.015077364630997181,35.244232177734375
476,0.4764764606952667,58.47719955444336,-0.0003427708288654685,-0.01417930331081152,32.80246353149414
477,0.47747746109962463,58.52682113647461,-0.0003434387035667896,-0.014020823873579502,32.546730041503906
478,0.47847846150398254,58.57647705078125,-0.00034738483373075724,-0.014024101197719574,32.753292083740234
479,0.47947946190834045,58.626182556152344,-0.00034926674561575055,-0.013833694159984589,32.42089080810547
480,0.48048046231269836,58.675926208496094,-0.0003433764504734427,-0.01306706853210926,30.36189842224121
481,0.4814814627170563,58.725711822509766,-0.0003432997618801892,-0.012994568794965744,30.21631622314453
482,0.4824824631214142,58.775543212890625,-0.00033770164009183645,-0.012332018464803696,28.303062438964844
483,0.4834834635257721,58.82541275024414,-0.0003378962865099311,-0.012280426919460297,28.21364402770996
484,0.48448446393013,58.875328063964844,-0.00033863168209791183,-0.012378454208374023,28.579999923706055
485,0.4854854643344879,58.92528533935547,-0.00035317213041707873,-0.013840670697391033,32.89088821411133
486,0.4864864647388458,58.97528076171875,-0.00035816733725368977,-0.014346068724989891,34.32744598388672
487,0.4874874949455261,59.025325775146484,-0.0003521616163197905,-0.013840713538229465,32.87346267700195
488,0.48848849534988403,59.07540512084961,-0.00034945644438266754,-0.013616756536066532,32.2421989440918
489,0.48948949575424194,59.12553024291992,-0.0003453698009252548,-0.013265863992273808,31.273170471191406
490,0.49049049615859985,59.17570114135742,-0.00035227934131398797,-0.013844563625752926,32.97297286987305
491,0.49149149656295776,59.22591781616211,-0.0003594766021706164,-0.014455699361860752,34.669029235839844
492,0.4924924969673157,59.27616500854492,-0.0003650462022051215,-0.0149535546079278,36.02521514892578
493,0.4934934973716736,59.32646560668945,-0.0003623646916821599,-0.01473412849009037,35.41471862792969
494,0.4944944977760315,59.376800537109375,-0.0003696066269185394,-0.015413962304592133,37.30619430541992
495,0.4954954981803894,59.427181243896484,-0.00037263191188685596,-0.015715381130576134,38.18627166748047
496,0.4964964985847473,59.47761154174805,-0.0003715749771799892,-0.01570264622569084,38.19921875
497,0.4974974989891052,59.528072357177734,-0.0003686568234115839,-0.01565277948975563,38.129554748535156
498,0.49849849939346313,59.57858657836914,-0.0003495743731036782,-0.014250309206545353,34.295711517333984
499,0.49949949979782104,59.62913513183594,-0.00034908042289316654,-0.014413254335522652,34.81430435180664
500,0.500500500202179,59.67972946166992,-0.0003514471463859081,-0.014797036536037922,35.968265533447266
501,0.5015015006065369,59.73036575317383,-0.00034611765295267105,-0.014439089223742485,35.017555236816406
502,0.5025025010108948,59.78105163574219,-0.00035701243905350566,-0.015338005498051643,37.67581558227539
503,0.5035035014152527,59.83177947998047,-0.0003398248227313161,-0.013864459469914436,33.58645248413086
504,0.5045045018196106,59.88254165649414,-0.0003434043610468507,-0.014050747267901897,34.26220703125
505,0.5055055022239685,59.93335723876953,-0.0003463588946033269,-0.014173236675560474,34.690059661865234
506,0.5065065026283264,59.98421096801758,-0.00033762818202376366,-0.01333016436547041,32.309715270996094
507,0.5075075030326843,60.03510665893555,-0.0003304034471511841,-0.012616374529898167,30.244443893432617
508,0.5085085034370422,60.08604431152344,-0.0003268867149017751,-0.012065368704497814,28.551578521728516
509,0.5095095038414001,60.13703155517578,-0.0003240631485823542,-0.011051742359995842,25.41692543029785
510,0.5105105042457581,60.18806076049805,-0.0003262733807787299,-0.010547781363129616,23.880666732788086
511,0.511511504650116,60.2391242980957,-0.0003271416644565761,-0.011583510786294937,27.04691505432129
512,0.5125125050544739,60.29024124145508,-0.0003271189343649894,-0.011674492619931698,27.318683624267578
513,0.5135135054588318,60.341392517089844,-0.00032549729803577065,-0.011435617692768574,26.55022621154785
514,0.5145145058631897,60.39259719848633,-0.00032986223232001066,-0.01205546036362648,28.383506774902344
515,0.5155155062675476,60.44384002685547,-0.00033193238778039813,-0.012296177446842194,29.072429656982422
516,0.5165165066719055,60.495121002197266,-0.00033662031637504697,-0.012785449624061584,30.435285568237305
517,0.5175175070762634,60.54645538330078,-0.000329280155710876,-0.012146716006100178,28.45850372314453
518,0.5185185074806213,60.59783172607422,-0.0003258726792410016,-0.011545572429895401,26.639251708984375
519,0.5195195078849792,60.64924621582031,-0.00032583612482994795,-0.011845801025629044,27.60099983215332
520,0.5205205082893372,60.700706481933594,-0.00032516138162463903,-0.011293438263237476,25.977598190307617
521,0.5215215086936951,60.75221252441406,-0.00032493783510290086,-0.011177417822182178,25.680471420288086
522,0.522522509098053,60.80376434326172,-0.00032913382165133953,-0.010546399280428886,23.78793716430664
523,0.5235235095024109,60.85535430908203,-0.00033653038553893566,-0.009885511361062527,21.86739158630371
524,0.5245245099067688,60.90699005126953,-0.0003396253741811961,-0.009632842615246773,21.159326553344727
525,0.5255255103111267,60.95866775512695,-0.0003376154927536845,-0.009787415154278278,21.573625564575195
526,0.5265265107154846,61.01039123535156,-0.0003349893959239125,-0.009990696795284748,22.106243133544922
527,0.5275275111198425,61.06216049194336,-0.000338526617269963,-0.00970847811549902,21.195880889892578
528,0.5285285115242004,61.11397171020508,-0.0003381806891411543,-0.009694102220237255,21.091506958007812
529,0.5295295119285583,61.165828704833984,-0.0003280428936704993,-0.010413865558803082,23.243539810180664
530,0.5305305123329163,61.21773147583008,-0.0003244822146371007,-0.010737178847193718,24.310115814208984
531,0.5315315127372742,61.26966857910156,-0.0003256818454246968,-0.010557202622294426,23.88201141357422
532,0.5325325131416321,61.3216552734375,-0.00032445022952742875,-0.010678121820092201,24.41876983642578
533,0.53353351354599,61.373695373535156,-0.0003231871232856065,-0.010816558264195919,25.01669692993164
534,0.5345345139503479,61.4257698059082,-0.0003221799561288208,-0.010912748984992504,25.442298889160156
535,0.5355355143547058,61.47788619995117,-0.0003288943553343415,-0.010122924111783504,23.087108612060547
536,0.5365365147590637,61.530052185058594,-0.00032687513157725334,-0.010824170894920826,25.27203369140625
537,0.5375375151634216,61.5822639465332,-0.0003323873970657587,-0.012341816909611225,29.821197509765625
538,0.5385385155677795,61.63451385498047,-0.00033323324169032276,-0.011538689956068993,27.36238670349121
539,0.5395395755767822,61.68681716918945,-0.0003362783172633499,-0.010715761221945286,24.899539947509766
540,0.5405405759811401,61.73915481567383,-0.0003376459062565118,-0.010334945283830166,23.759143829345703
541,0.541541576385498,61.791542053222656,-0.0003440883883740753,-0.009573779068887234,21.536518096923828
542,0.542542576789856,61.843971252441406,-0.0003530410467647016,-0.00889403373003006,19.609657287597656
543,0.5435435771942139,61.89645004272461,-0.0003523252671584487,-0.009061811491847038,20.1131591796875
544,0.5445445775985718,61.94896697998047,-0.00033767762943170965,-0.010411903262138367,24.024505615234375
545,0.5455455780029297,62.001529693603516,-0.00033783537219278514,-0.010476240888237953,24.22040557861328
546,0.5465465784072876,62.05413818359375,-0.0003516322176437825,-0.009402030147612095,21.0888729095459
547,0.5475475788116455,62.10679244995117,-0.00034616212360560894,-0.010112720541656017,23.136035919189453
548,0.5485485792160034,62.159488677978516,-0.0003472398966550827,-0.010269715450704098,23.584754943847656
549,0.5495495796203613,62.21223068237305,-0.0003483760228846222,-0.01035359501838684,23.80501937866211
550,0.5505505800247192,62.26502227783203,-0.00035434350138530135,-0.00993173848837614,22.598834991455078
551,0.5515515804290771,62.31785202026367,-0.0003543614293448627,-0.010259566828608513,23.53757095336914
552,0.5525525808334351,62.3707275390625,-0.0003556964220479131,-0.010443523526191711,24.102710723876953
553,0.553553581237793,62.42365264892578,-0.0003631783474702388,-0.009694811888039112,22.154420852661133
554,0.5545545816421509,62.476619720458984,-0.00036392686888575554,-0.009602515958249569,22.009910583496094
555,0.5555555820465088,62.52962875366211,-0.00036744691897183657,-0.008952912874519825,20.31073570251465
556,0.5565565824508667,62.58268737792969,-0.0003571494307834655,-0.009779023006558418,22.638399124145508
557,0.5575575828552246,62.63578796386719,-0.00034991666325367987,-0.009989871643483639,23.270872116088867
558,0.5585585832595825,62.688934326171875,-0.00034060090547427535,-0.010259050875902176,24.129871368408203
559,0.5595595836639404,62.74212646484375,-0.0003277084033470601,-0.010965378023684025,26.367507934570312
560,0.5605605840682983,62.79536437988281,-0.000319512328132987,-0.011187879368662834,27.177427291870117
561,0.5615615844726562,62.8486442565918,-0.00031501922057941556,-0.011309655383229256,27.704456329345703
562,0.5625625848770142,62.901973724365234,-0.00031349697383120656,-0.011180851608514786,27.39073371887207
563,0.5635635852813721,62.955345153808594,-0.00031428775400854647,-0.011036510579288006,27.018558502197266
564,0.56456458568573,63.008766174316406,-0.00032506577554158866,-0.009747086092829704,23.04937171936035
565,0.5655655860900879,63.062225341796875,-0.00032645577448420227,-0.009732956066727638,23.070308685302734
566,0.5665665864944458,63.11573791503906,-0.0003394003724679351,-0.008889428339898586,20.6593017578125
567,0.5675675868988037,63.16929244995117,-0.00034878161386586726,-0.008250270038843155,18.980613708496094
568,0.5685685873031616,63.2228889465332,-0.0003557539312168956,-0.00782275665551424,17.90983009338379
569,0.5695695877075195,63.27653503417969,-0.0003558289026841521,-0.008032646961510181,18.52037239074707
570,0.5705705881118774,63.33022689819336,-0.00035367702366784215,-0.00840416643768549,19.469783782958984
571,0.5715715885162354,63.38396072387695,-0.0003575524315237999,-0.008091784082353115,18.43772315979004
572,0.5725725889205933,63.437744140625,-0.000355540425516665,-0.008230136707425117,18.736770629882812
573,0.5735735893249512,63.4915657043457,-0.00035992515040561557,-0.0077562895603477955,17.354211807250977
574,0.5745745897293091,63.545440673828125,-0.00036216064472682774,-0.007063408847898245,15.36584186553955
575,0.575575590133667,63.599361419677734,-0.00034785325988195837,-0.008114035241305828,18.3116455078125
576,0.5765765905380249,63.65332794189453,-0.00034467322984710336,-0.007951227948069572,17.92485809326172
577,0.5775775909423828,63.707332611083984,-0.00034227099968120456,-0.007708217017352581,17.306968688964844
578,0.5785785913467407,63.761390686035156,-0.0003428180643822998,-0.00708489865064621,15.560975074768066
579,0.5795795917510986,63.815494537353516,-0.0003403208393137902,-0.007066713646054268,15.593421936035156
580,0.5805805921554565,63.8696403503418,-0.0003418506821617484,-0.006423023529350758,13.795063018798828
581,0.5815815925598145,63.92383575439453,-0.0003415680839680135,-0.006975147873163223,15.472192764282227
582,0.5825825929641724,63.97807693481445,-0.0003458640130702406,-0.006564644165337086,14.377459526062012
583,0.5835835933685303,64.03236389160156,-0.00034800454159267247,-0.007005459628999233,15.706361770629883
584,0.5845845937728882,64.0866928100586,-0.00035257608396932483,-0.006736820098012686,14.925942420959473
585,0.5855855941772461,64.14107513427734,-0.0003529938403517008,-0.007415766827762127,16.774789810180664
586,0.586586594581604,64.19549560546875,-0.0003542802878655493,-0.007395729422569275,16.66264533996582
587,0.5875875949859619,64.24996948242188,-0.000351922120898962,-0.007636222522705793,17.363143920898438
588,0.5885885953903198,64.30448150634766,-0.0003497217549011111,-0.00766416359692812,17.511863708496094
589,0.5895895957946777,64.35903930664062,-0.00034171328297816217,-0.00832398608326912,19.541702270507812
590,0.5905905961990356,64.41365814208984,-0.00034149401471950114,-0.007900306954979897,18.431293487548828
591,0.5915915966033936,64.46830749511719,-0.00033561550662852824,-0.008189243264496326,19.39506721496582
592,0.5925925970077515,64.52301025390625,-0.0003324671706650406,-0.008355523459613323,20.0725040435791
593,0.5935935974121094,64.5777587890625,-0.0003288847510702908,-0.00903298705816269,22.34575080871582
594,0.5945945978164673,64.63255310058594,-0.0003278626245446503,-0.00927699450403452,23.231016159057617
595,0.5955955982208252,64.68739318847656,-0.00032809306867420673,-0.009041053242981434,22.564624786376953
596,0.5965965986251831,64.74227905273438,-0.00032817304600030184,-0.00863533467054367,21.338932037353516
597,0.597597599029541,64.7972183227539,-0.00032963810372166336,-0.008117608726024628,19.834579467773438
598,0.5985985994338989,64.8521957397461,-0.00030984985642135143,-0.00976644642651081,25.13336753845215
599,0.5995995998382568,64.9072265625,-0.00030784931732341647,-0.009724986739456654,25.104692459106445
600,0.6006006002426147,64.96229553222656,-0.0003089735400862992,-0.009608234278857708,24.693035125732422
601,0.6016016006469727,65.01741790771484,-0.0003221927909180522,-0.00869785062968731,21.6091251373291
602,0.6026026010513306,65.07258605957031,-0.000334769778419286,-0.0077554089948534966,18.480365753173828
603,0.6036036014556885,65.12779998779297,-0.0003164864319842309,-0.009244169108569622,22.864042282104492
604,0.6046046018600464,65.18305969238281,-0.00032879243372008204,-0.008338089101016521,19.949922561645508
605,0.6056056022644043,65.23836517333984,-0.00032848952105268836,-0.008408041670918465,20.209226608276367
606,0.6066066026687622,65.2937240600586,-0.00033118261490017176,-0.008179649710655212,19.596237182617188
607,0.6076076030731201,65.34912872314453,-0.0003381193382665515,-0.007365868892520666,17.234224319458008
608,0.608608603477478,65.40457916259766,-0.0003401941794436425,-0.007046537008136511,16.34123420715332
609,0.6096096038818359,65.46007537841797,-0.00033985357731580734,-0.007231070194393396,16.940940856933594
610,0.6106106042861938,65.51561737060547,-0.0003395736566744745,-0.007324816193431616,17.321735382080078
611,0.6116116046905518,65.57120513916016,-0.0003387050819583237,-0.007300869096070528,17.443649291992188
612,0.6126126050949097,65.62684631347656,-0.0003319939714856446,-0.008196542039513588,20.318178176879883
613,0.6136136054992676,65.68252563476562,-0.0003359645779710263,-0.007504031993448734,18.411787033081055
614,0.6146146059036255,65.7382583618164,-0.0003359527327120304,-0.0068166060373187065,16.46940803527832
615,0.6156156063079834,65.79403686523438,-0.00033405006979592144,-0.00669913599267602,16.179636001586914
616,0.6166166067123413,65.84986877441406,-0.0003320419054944068,-0.006300274282693863,14.969850540161133
617,0.6176176071166992,65.9057388305664,-0.000330432434566319,-0.005829846486449242,13.48212718963623
618,0.6186186075210571,65.96166229248047,-0.00033136195270344615,-0.005791843868792057,13.343953132629395
619,0.619619607925415,66.01763153076172,-0.0003334802750032395,-0.005790187977254391,13.315640449523926
620,0.620620608329773,66.07364654541016,-0.00033758909557946026,-0.006274929270148277,14.719080924987793
621,0.6216216087341309,66.12971496582031,-0.0003393797669559717,-0.006888477131724358,16.522972106933594
622,0.6226226091384888,66.18582916259766,-0.0003372735809534788,-0.005821447819471359,13.397424697875977
623,0.6236236095428467,66.24198150634766,-0.00034014444099739194,-0.006657121237367392,15.92359447479248
624,0.6246246099472046,66.29818725585938,-0.0003405919414944947,-0.007281141355633736,17.891374588012695
625,0.6256256103515625,66.35443878173828,-0.0003397968830540776,-0.007803139742463827,19.604740142822266
626,0.6266266107559204,66.4107437133789,-0.00033877143869176507,-0.007843815721571445,19.866626739501953
627,0.6276276111602783,66.46709442138672,-0.00033834969508461654,-0.00841325893998146,21.683393478393555
628,0.6286286115646362,66.52349090576172,-0.0003378308902028948,-0.008636349812150002,22.418426513671875
629,0.6296296119689941,66.57994079589844,-0.00033706630347296596,-0.008822845295071602,23.04766845703125
630,0.630630612373352,66.63642883300781,-0.0003371196216903627,-0.008135383017361164,21.053117752075195
631,0.63163161277771,66.6929702758789,-0.0003353782813064754,-0.006605303846299648,16.4857177734375
632,0.6326326131820679,66.74955749511719,-0.0003355565422680229,-0.006316667888313532,15.58452320098877
633,0.6336336135864258,66.80619812011719,-0.0003351008635945618,-0.00591218052431941,14.340240478515625
634,0.6346346139907837,66.86288452148438,-0.00033518968848511577,-0.005629118997603655,13.399554252624512
635,0.6356356143951416,66.91961669921875,-0.0003364938893355429,-0.007288925349712372,18.173391342163086
636,0.6366366147994995,66.97640228271484,-0.0003378510882612318,-0.006741714663803577,16.42787742614746
637,0.6376376152038574,67.0332260131836,-0.000337134551955387,-0.006551914382725954,15.754709243774414
638,0.6386386156082153,67.0901107788086,-0.0003350354381836951,-0.006683981046080589,16.054576873779297
639,0.6396396160125732,67.14703369140625,-0.00032687318162061274,-0.007755748461931944,19.26842498779297
640,0.6406406164169312,67.20401000976562,-0.00032871559960767627,-0.00729132816195488,17.901098251342773
641,0.6416416764259338,67.26103210449219,-0.00032892217859625816,-0.0067287711426615715,16.29449462890625
642,0.6426426768302917,67.31810760498047,-0.00032173548243008554,-0.008009961806237698,20.36703872680664
643,0.6436436772346497,67.37522888183594,-0.00032533571356907487,-0.007364923134446144,18.589147567749023
644,0.6446446776390076,67.4323959350586,-0.0003270976012572646,-0.006864574737846851,17.291046142578125
645,0.6456456780433655,67.48960876464844,-0.0003266689891461283,-0.0059179943054914474,14.633007049560547
646,0.6466466784477234,67.546875,-0.00032778584863990545,-0.00642474927008152,16.359699249267578
647,0.6476476788520813,67.60418701171875,-0.0003280069213360548,-0.0068397484719753265,17.74567413330078
648,0.6486486792564392,67.66155242919922,-0.00032561476109549403,-0.007493501529097557,19.868907928466797
649,0.6496496796607971,67.71896362304688,-0.0003235554613638669,-0.007825848646461964,21.002307891845703
650,0.650650680065155,67.77642822265625,-0.0003172406286466867,-0.008879977278411388,24.42524528503418
651,0.6516516804695129,67.83393859863281,-0.0003135050064884126,-0.00971847865730524,27.120677947998047
652,0.6526526808738708,67.89148712158203,-0.0003192680887877941,-0.009139317087829113,25.225688934326172
653,0.6536536812782288,67.9490966796875,-0.0003202845109626651,-0.009152861312031746,25.190805435180664
654,0.6546546816825867,68.00675201416016,-0.0003212359151802957,-0.009094694629311562,24.986976623535156
655,0.6556556820869446,68.064453125,-0.00032410555286332965,-0.008340430445969105,22.700607299804688
656,0.6566566824913025,68.1222152709961,-0.0003240720252506435,-0.007836512289941311,21.174694061279297
657,0.6576576828956604,68.18000793457031,-0.00032475031912326813,-0.008380506187677383,22.898530960083008
658,0.6586586833000183,68.23786163330078,-0.0003245756379328668,-0.008634386584162712,23.72413444519043
659,0.6596596837043762,68.29576110839844,-0.000322299194522202,-0.009068882092833519,25.133176803588867
660,0.6606606841087341,68.35371398925781,-0.000323580956319347,-0.008240929804742336,22.656383514404297
661,0.661661684513092,68.41171264648438,-0.0003233585157431662,-0.007932139560580254,21.840389251708984
662,0.66266268491745,68.46975708007812,-0.00032528600422665477,-0.00724909408017993,19.889650344848633
663,0.6636636853218079,68.5278549194336,-0.00032630690839141607,-0.006405308376997709,17.45890235900879
664,0.6646646857261658,68.58599853515625,-0.00032184337032958865,-0.005440150387585163,14.585997581481934
665,0.6656656861305237,68.64419555664062,-0.0003235758631490171,-0.005953343119472265,16.168184280395508
666,0.6666666865348816,68.70243835449219,-0.0003244359395466745,-0.006302712019532919,17.155261993408203
667,0.6676676869392395,68.76073455810547,-0.0003252970054745674,-0.006779962219297886,18.501712799072266
668,0.6686686873435974,68.81907653808594,-0.0003203897213097662,-0.00567853357642889,14.991939544677734
669,0.6696696877479553,68.87747192382812,-0.0003146636881865561,-0.005015638656914234,12.806206703186035
670,0.6706706881523132,68.9359130859375,-0.0003165126545354724,-0.0053975628688931465,13.94853687286377
671,0.6716716885566711,68.9944076538086,-0.00030593544943258166,-0.004258937202394009,10.268325805664062
672,0.672672688961029,69.05294799804688,-0.0003009386418852955,-0.003863434074446559,8.952092170715332
673,0.673673689365387,69.11154174804688,-0.0002950724447146058,-0.0030652147252112627,6.2408013343811035
674,0.6746746897697449,69.17018127441406,-0.0002914845244958997,-0.0030913762748241425,6.32594633102417
675,0.6756756901741028,69.22887420654297,-0.0002877459046430886,-0.0027798244263976812,5.310402870178223
676,0.6766766905784607,69.2876205444336,-0.0002844373229891062,-0.00316378241404891,6.74995231628418
677,0.6776776909828186,69.34640502929688,-0.0002873757039196789,-0.002051582094281912,2.9049112796783447
678,0.6786786913871765,69.4052505493164,-0.0002858203952200711,-0.0021422377321869135,3.294447422027588
679,0.6796796917915344,69.4641342163086,-0.00029172899667173624,-0.001639972091652453,1.673980474472046
680,0.6806806921958923,69.52307891845703,-0.0002900960680563003,-0.0018757774960249662,2.606496810913086
681,0.6816816926002502,69.58206939697266,-0.00028646434657275677,-0.002954948227852583,6.432058811187744
682,0.6826826930046082,69.64111328125,-0.0002963469014503062,-0.004492980428040028,11.731182098388672
683,0.6836836934089661,69.7001953125,-0.0003042924508918077,-0.005412426311522722,14.70661735534668
684,0.684684693813324,69.75934600830078,-0.00030350408633239567,-0.004681315738707781,12.166181564331055
685,0.6856856942176819,69.81852722167969,-0.00030792292091064155,-0.005430757533758879,14.45877742767334
686,0.6866866946220398,69.87776947021484,-0.00030955078545957804,-0.00619293749332428,16.78662109375
687,0.6876876950263977,69.93706512451172,-0.0003097402513958514,-0.006633492186665535,18.15343475341797
688,0.6886886954307556,69.99640655517578,-0.0003052879183087498,-0.008184629492461681,23.211267471313477
689,0.6896896958351135,70.05580139160156,-0.0003052829415537417,-0.008586444891989231,24.686521530151367
690,0.6906906962394714,70.11524200439453,-0.0003053814289160073,-0.008984440937638283,26.271854400634766
691,0.6916916966438293,70.17473602294922,-0.00030627939850091934,-0.008940608240664005,26.378700256347656
692,0.6926926970481873,70.23428344726562,-0.0003066656645387411,-0.008474511094391346,25.02405548095703
693,0.6936936974525452,70.29387664794922,-0.0003055081469938159,-0.00844300352036953,25.001272201538086
694,0.6946946978569031,70.353515625,-0.0003033502143807709,-0.00833974964916706,24.631807327270508
695,0.695695698261261,70.41321563720703,-0.0003007453342434019,-0.00823330506682396,24.31428337097168
696,0.6966966986656189,70.47296142578125,-0.00029652068042196333,-0.009065964259207249,27.264877319335938
697,0.6976976990699768,70.53276062011719,-0.0002952678478322923,-0.008951236493885517,26.995197296142578
698,0.6986986994743347,70.59259796142578,-0.00029517244547605515,-0.008440670557320118,25.383167266845703
699,0.6996996998786926,70.65249633789062,-0.0002942302671726793,-0.008130312897264957,24.420787811279297
700,0.7007007002830505,70.71244812011719,-0.00029364717192947865,-0.007789475377649069,23.267879486083984
701,0.7017017006874084,70.77244567871094,-0.00029433966847136617,-0.00848463550209999,25.58850860595703
702,0.7027027010917664,70.83250427246094,-0.0002951852511614561,-0.008567589335143566,25.747766494750977
703,0.7037037014961243,70.8926010131836,-0.00029578423709608614,-0.00878200028091669,26.360979080200195
704,0.7047047019004822,70.95275115966797,-0.00029588292818516493,-0.008897343650460243,26.730554580688477
705,0.7057057023048401,71.0129623413086,-0.00029625039314851165,-0.0089871846139431,27.103618621826172
706,0.706706702709198,71.07321166992188,-0.0002968534827232361,-0.00886402279138565,26.812713623046875
707,0.7077077031135559,71.1335220336914,-0.00029761483892798424,-0.008596507832407951,26.065074920654297
708,0.7087087035179138,71.19387817382812,-0.00029555740184150636,-0.00911310687661171,27.98996925354004
709,0.7097097039222717,71.25428771972656,-0.00029524415731430054,-0.008888849057257175,27.344280242919922
710,0.7107107043266296,71.31475067138672,-0.00029411015566438437,-0.008846364915370941,27.220319747924805
711,0.7117117047309875,71.37525939941406,-0.0002929994370788336,-0.008852459490299225,27.215084075927734
712,0.7127127051353455,71.4358139038086,-0.0002932304923888296,-0.008582175709307194,26.318939208984375
713,0.7137137055397034,71.4964370727539,-0.000292893557343632,-0.008598839864134789,26.464323043823242
714,0.7147147059440613,71.55709838867188,-0.000295283884042874,-0.008043425157666206,24.593931198120117
715,0.7157157063484192,71.61781311035156,-0.0002952612121589482,-0.008203945122659206,25.059574127197266
716,0.7167167067527771,71.67858123779297,-0.00029661357984878123,-0.008055598475039005,24.467288970947266
717,0.717717707157135,71.7394027709961,-0.000296273035928607,-0.008176617324352264,24.748577117919922
718,0.7187187075614929,71.8002700805664,-0.0002981933066621423,-0.00791522953659296,23.713390350341797
719,0.7197197079658508,71.86119842529297,-0.0002974953968077898,-0.008362445048987865,25.011459350585938
720,0.7207207083702087,71.92217254638672,-0.0002962555445265025,-0.008964871987700462,26.887287139892578
721,0.7217217087745667,71.98320007324219,-0.000293268880341202,-0.010129307396709919,30.777585983276367
722,0.7227227091789246,72.04427337646484,-0.00029293986153788865,-0.01032734289765358,31.420759201049805
723,0.7237237095832825,72.10540771484375,-0.0002905367291532457,-0.0109510887414217,33.574005126953125
724,0.7247247099876404,72.16658782958984,-0.00029045509290881455,-0.010179663076996803,30.993112564086914
725,0.7257257103919983,72.22782135009766,-0.00028635963099077344,-0.011762875132262707,36.62645721435547
726,0.7267267107963562,72.28910827636719,-0.0002847987343557179,-0.011533373966813087,36.016944885253906
727,0.7277277112007141,72.3504409790039,-0.00028336935793049634,-0.011579426005482674,36.33921813964844
728,0.728728711605072,72.41183471679688,-0.00028227962320670485,-0.010590559802949429,32.97941589355469
729,0.7297297120094299,72.47327423095703,-0.00027924292953684926,-0.011781472712755203,37.35974884033203
730,0.7307307124137878,72.53477478027344,-0.0002776131150312722,-0.011987163685262203,38.200592041015625
731,0.7317317128181458,72.59632110595703,-0.00027754687471315265,-0.012521752156317234,40.14933395385742
732,0.7327327132225037,72.65791320800781,-0.00027765941922552884,-0.012520221062004566,40.14079666137695
733,0.7337337136268616,72.71956634521484,-0.0002790672006085515,-0.012302052229642868,39.38902282714844
734,0.7347347140312195,72.78126525878906,-0.0002806579868774861,-0.012844515964388847,41.36680221557617
735,0.7357357144355774,72.84302520751953,-0.0002824246766977012,-0.013252110220491886,42.83242416381836
736,0.7367367148399353,72.90483093261719,-0.00028687017038464546,-0.012771273031830788,41.19945526123047
737,0.7377377152442932,72.96669006347656,-0.00028839358128607273,-0.013135264627635479,42.48805236816406
738,0.7387387156486511,73.02860260009766,-0.00028739083791151643,-0.013695521280169487,44.53128433227539
739,0.739739716053009,73.09056854248047,-0.00028705756994895637,-0.013724722899496555,44.760135650634766
740,0.7407407164573669,73.152587890625,-0.000286684837192297,-0.013561980798840523,44.39160919189453
741,0.7417417168617249,73.21465301513672,-0.00028464008937589824,-0.01367978472262621,45.00060272216797
742,0.7427427172660828,73.27677917480469,-0.0002815639600157738,-0.01402891892939806,46.41707229614258
743,0.7437437772750854,73.33895874023438,-0.00028249702882021666,-0.012927498668432236,42.73399353027344
744,0.7447447776794434,73.40119171142578,-0.0002778827620204538,-0.013906595297157764,46.390174865722656
745,0.7457457780838013,73.46347045898438,-0.00027760822558775544,-0.013361664488911629,44.57999801635742
746,0.7467467784881592,73.52580261230469,-0.00027605873765423894,-0.013646893203258514,45.70622253417969
747,0.7477477788925171,73.58819580078125,-0.0002760234347078949,-0.013212351128458977,44.17735290527344
748,0.748748779296875,73.65062713623047,-0.0002752767177298665,-0.013225599192082882,44.2056999206543
749,0.7497497797012329,73.71311950683594,-0.00027424260042607784,-0.013427810743451118,44.83806610107422
750,0.7507507801055908,73.77567291259766,-0.00027257506735622883,-0.014048404060304165,46.90055465698242
751,0.7517517805099487,73.83826446533203,-0.0002721275086514652,-0.014350625686347485,47.74311447143555
752,0.7527527809143066,73.90092468261719,-0.00027418576064519584,-0.013536372222006321,44.47465515136719
753,0.7537537813186646,73.963623046875,-0.00027404556749388576,-0.013641604222357273,44.64458465576172
754,0.7547547817230225,74.02638244628906,-0.0002731169806793332,-0.013892517425119877,45.56450271606445
755,0.7557557821273804,74.08919525146484,-0.00027172535192221403,-0.014187401160597801,46.848167419433594
756,0.7567567825317383,74.15206146240234,-0.00027066460461355746,-0.014228694140911102,47.2923583984375
757,0.7577577829360962,74.21498107910156,-0.00026981113478541374,-0.01390235498547554,46.4122200012207
758,0.7587587833404541,74.2779541015625,-0.0002693617716431618,-0.013789265416562557,46.305057525634766
759,0.759759783744812,74.34097290039062,-0.00026907012215815485,-0.013336279429495335,44.90277099609375
760,0.7607607841491699,74.404052734375,-0.0002715919981710613,-0.014367831870913506,48.93000411987305
761,0.7617617845535278,74.4671859741211,-0.00027213574503548443,-0.014450078830122948,49.37801742553711
762,0.7627627849578857,74.53038024902344,-0.00027115351986140013,-0.014448707923293114,49.46125793457031
763,0.7637637853622437,74.59361267089844,-0.0002701761550270021,-0.014508074149489403,49.7323112487793
764,0.7647647857666016,74.65690612792969,-0.00026946477009914815,-0.014353571459650993,49.17558288574219
765,0.7657657861709595,74.72025299072266,-0.0002694372378755361,-0.014371521770954132,49.24699401855469
766,0.7667667865753174,74.78365325927734,-0.0002683536149561405,-0.015416410751640797,53.118553161621094
767,0.7677677869796753,74.84710693359375,-0.00026932492619380355,-0.014892926439642906,51.128883361816406
768,0.7687687873840332,74.91061401367188,-0.0002694208233151585,-0.015044762752950191,51.68151092529297
769,0.7697697877883911,74.97418212890625,-0.0002696700976230204,-0.015001322142779827,51.49710464477539
770,0.770770788192749,75.03779602050781,-0.00026785608497448266,-0.015843478962779045,54.59739303588867
771,0.7717717885971069,75.1014633178711,-0.0002686437510419637,-0.015926476567983627,54.83848571777344
772,0.7727727890014648,75.1651840209961,-0.00027005592710338533,-0.015980524942278862,54.99820327758789
773,0.7737737894058228,75.22896575927734,-0.00027211563428863883,-0.01608525589108467,55.28595733642578
774,0.7747747898101807,75.29280090332031,-0.0002710972330532968,-0.015129675157368183,51.7912712097168
775,0.7757757902145386,75.35668182373047,-0.0002704138751141727,-0.01447108294814825,49.42641067504883
776,0.7767767906188965,75.42062377929688,-0.0002713579451665282,-0.015224725939333439,52.33772659301758
777,0.7777777910232544,75.484619140625,-0.0002711540728341788,-0.014875414781272411,51.20337677001953
778,0.7787787914276123,75.54866790771484,-0.0002709891996346414,-0.014577275142073631,50.34170150756836
779,0.7797797918319702,75.6127700805664,-0.00027181964833289385,-0.014841505326330662,51.46882629394531
780,0.7807807922363281,75.67693328857422,-0.00027324206894263625,-0.015521904453635216,54.08506774902344
781,0.781781792640686,75.74114227294922,-0.000274186983006075,-0.015938352793455124,55.77690124511719
782,0.782782793045044,75.80540466308594,-0.0002739787450991571,-0.015862319618463516,55.64151382446289
783,0.7837837934494019,75.8697280883789,-0.0002734838635660708,-0.015403633937239647,54.12234878540039
784,0.7847847938537598,75.9341049194336,-0.0002734991430770606,-0.01610122062265873,56.87709045410156
785,0.7857857942581177,75.99853515625,-0.0002733401779551059,-0.01662658527493477,58.98301696777344
786,0.7867867946624756,76.06301879882812,-0.00027255009626969695,-0.016654321923851967,59.20170593261719
787,0.7877877950668335,76.1275634765625,-0.00027105581830255687,-0.01599924825131893,56.82847213745117
788,0.7887887954711914,76.19215393066406,-0.0002700358163565397,-0.015721209347248077,55.76940155029297
789,0.7897897958755493,76.25680541992188,-0.00026854610769078135,-0.015536368824541569,55.045589447021484
790,0.7907907962799072,76.3215103149414,-0.0002662353217601776,-0.014585577882826328,51.53104782104492
791,0.7917917966842651,76.38626861572266,-0.0002647909277584404,-0.013535643927752972,47.70246505737305
792,0.792792797088623,76.45108032226562,-0.0002617257705423981,-0.014184035360813141,50.33406448364258
793,0.793793797492981,76.51595306396484,-0.000260390603216365,-0.015361005440354347,55.037540435791016
794,0.7947947978973389,76.58087921142578,-0.0002590591611806303,-0.015351657755672932,55.21348190307617
795,0.7957957983016968,76.64585876464844,-0.00025764090241864324,-0.014849093742668629,53.47658920288086
796,0.7967967987060547,76.71089172363281,-0.00025912412093020976,-0.015726996585726738,57.0690803527832
797,0.7977977991104126,76.7759780883789,-0.0002605677000246942,-0.016032954677939415,58.41537094116211
798,0.7987987995147705,76.84112548828125,-0.00026023018290288746,-0.015650611370801926,57.17873764038086
799,0.7997997999191284,76.90632629394531,-0.0002605257323011756,-0.015490392223000526,56.7934455871582
800,0.8008008003234863,76.97157287597656,-0.0002601888554636389,-0.014826705679297447,54.45689392089844
801,0.8018018007278442,77.03689575195312,-0.00026107107987627387,-0.014785660430788994,54.46928405761719
802,0.8028028011322021,77.10225677490234,-0.00026012465241365135,-0.01376991719007492,50.64899826049805
803,0.8038038015365601,77.16767883300781,-0.0002611226518638432,-0.013987892307341099,51.51747131347656
804,0.804804801940918,77.233154296875,-0.0002603979082778096,-0.013350867666304111,49.059696197509766
805,0.8058058023452759,77.29869079589844,-0.0002590518561191857,-0.012565298937261105,45.953670501708984
806,0.8068068027496338,77.36427307128906,-0.00025925933732651174,-0.012643711641430855,46.128089904785156
807,0.8078078031539917,77.42991638183594,-0.00025679997634142637,-0.011554230004549026,41.78102111816406
808,0.8088088035583496,77.49562072753906,-0.0002577348204795271,-0.012332526035606861,44.74576950073242
809,0.8098098039627075,77.56137084960938,-0.00025631694006733596,-0.011872014962136745,43.028038024902344
810,0.8108108043670654,77.62718963623047,-0.00025606289273127913,-0.012303981930017471,44.887813568115234
811,0.8118118047714233,77.69306182861328,-0.00025609100703150034,-0.01258454006165266,46.19326400756836
812,0.8128128051757812,77.75897979736328,-0.00025568733690306544,-0.012281624600291252,45.16954803466797
813,0.8138138055801392,77.82495880126953,-0.0002564932219684124,-0.012241454795002937,45.165462493896484
814,0.8148148059844971,77.8909912109375,-0.00025754369562491775,-0.012274174019694328,45.394065856933594
815,0.815815806388855,77.95708465576172,-0.0002581513545010239,-0.011492828838527203,42.397117614746094
816,0.8168168067932129,78.02323150634766,-0.0002583283931016922,-0.010545372031629086,38.77616500854492
817,0.8178178071975708,78.08943176269531,-0.0002597422571852803,-0.011351770721375942,42.010623931884766
818,0.8188188076019287,78.15569305419922,-0.00026016845367848873,-0.01164903026074171,43.32471466064453
819,0.8198198080062866,78.22200775146484,-0.0002593609387986362,-0.011145178228616714,41.595455169677734
820,0.8208208084106445,78.28837585449219,-0.0002585812471807003,-0.010659894905984402,39.82117462158203
821,0.8218218088150024,78.35481262207031,-0.0002587389899417758,-0.01127658411860466,42.23778533935547
822,0.8228228092193604,78.4212875366211,-0.0002582307788543403,-0.011511559598147869,43.136138916015625
823,0.8238238096237183,78.48783874511719,-0.00025838607689365745,-0.011030689813196659,41.27699279785156
824,0.8248248100280762,78.55442810058594,-0.00025823526084423065,-0.01101655326783657,41.2267951965332
825,0.8258258104324341,78.62108612060547,-0.0002580679429229349,-0.011032807640731335,41.324554443359375
826,0.826826810836792,78.68779754638672,-0.00025765824830159545,-0.011489083990454674,43.106040954589844
827,0.8278278112411499,78.75455474853516,-0.0002600373118184507,-0.010793940164148808,40.40511703491211
828,0.8288288116455078,78.82138061523438,-0.0002584925096016377,-0.011272096075117588,42.32627487182617
829,0.8298298120498657,78.88825988769531,-0.00025666289729997516,-0.011386319063603878,42.91778564453125
830,0.8308308124542236,78.9552001953125,-0.0002530118217691779,-0.011938453651964664,45.21455764770508
831,0.8318318128585815,79.02220153808594,-0.0002508191391825676,-0.012081253342330456,45.88066101074219
832,0.8328328132629395,79.08924865722656,-0.00024855410447344184,-0.012140314094722271,46.22465515136719
833,0.8338338136672974,79.15635681152344,-0.0002443968551233411,-0.012746409513056278,48.81237030029297
834,0.8348348140716553,79.22352600097656,-0.00024126912467181683,-0.013341500423848629,51.41339874267578
835,0.8358358144760132,79.29074096679688,-0.00023986704763956368,-0.012624493800103664,48.67671585083008
836,0.8368368148803711,79.35801696777344,-0.00023792685533408076,-0.012877961620688438,49.891082763671875
837,0.837837815284729,79.42535400390625,-0.00023742344637867063,-0.012520534917712212,48.359596252441406
838,0.8388388156890869,79.49275207519531,-0.00023815625172574073,-0.012296965345740318,47.23888397216797
839,0.8398398160934448,79.56019592285156,-0.00023947071167640388,-0.012135343626141548,46.40753936767578
840,0.8408408164978027,79.62770080566406,-0.0002403371618129313,-0.012375887483358383,47.35752487182617
841,0.8418418169021606,79.69527435302734,-0.00024067002232186496,-0.012734118849039078,48.84745407104492
842,0.8428428173065186,79.76288604736328,-0.00024058428243733943,-0.01312896516174078,50.55162048339844
843,0.8438438177108765,79.83056640625,-0.00024050584761425853,-0.013271944597363472,51.25131607055664
844,0.8448448181152344,79.89830780029297,-0.00024041171127464622,-0.012652553617954254,48.80167007446289
845,0.8458458185195923,79.96610260009766,-0.00023979254183359444,-0.012659869156777859,48.939491271972656
846,0.846846878528595,80.0339584350586,-0.00023988043540157378,-0.012074283324182034,46.59432601928711
847,0.8478478789329529,80.10186004638672,-0.0002391751913819462,-0.012223254889249802,47.334388732910156
848,0.8488488793373108,80.16983032226562,-0.0002395916380919516,-0.012237558141350746,47.509490966796875
849,0.8498498797416687,80.23786163330078,-0.00024173592100851238,-0.011960269883275032,46.49217987060547
850,0.8508508801460266,80.30593872070312,-0.0002464827848598361,-0.011359646916389465,44.16236114501953
851,0.8518518805503845,80.37407684326172,-0.0002496397355571389,-0.011200101114809513,43.692100524902344
852,0.8528528809547424,80.44227600097656,-0.0002509835467208177,-0.011629152111709118,45.57756423950195
853,0.8538538813591003,80.51052856445312,-0.00025149431894533336,-0.012414827011525631,48.726654052734375
854,0.8548548817634583,80.57884216308594,-0.0002492752973921597,-0.013527527451515198,53.149024963378906
855,0.8558558821678162,80.647216796875,-0.0002516580861993134,-0.013408742845058441,52.63991928100586
856,0.8568568825721741,80.71565246582031,-0.0002527052420191467,-0.013364448212087154,52.469642639160156
857,0.857857882976532,80.78413391113281,-0.0002501403505448252,-0.013804269954562187,54.22771072387695
858,0.8588588833808899,80.8526840209961,-0.0002511385828256607,-0.013359704054892063,52.499664306640625
859,0.8598598837852478,80.92127990722656,-0.0002485431032255292,-0.013492817990481853,53.09883499145508
860,0.8608608841896057,80.98995208740234,-0.0002467403537593782,-0.01333689596503973,52.56123733520508
861,0.8618618845939636,81.05866241455078,-0.0002431195171084255,-0.013780205510556698,54.45273971557617
862,0.8628628849983215,81.12744903564453,-0.0002449847524985671,-0.01304606907069683,51.535457611083984
863,0.8638638854026794,81.19628143310547,-0.00024328235303983092,-0.013237382285296917,52.33802032470703
864,0.8648648858070374,81.26518249511719,-0.0002410516608506441,-0.013690220192074776,54.180152893066406
865,0.8658658862113953,81.3341293334961,-0.00024161997134797275,-0.01332863513380289,52.7135124206543
866,0.8668668866157532,81.40314483642578,-0.0002406975836493075,-0.013529784977436066,53.63917922973633
867,0.8678678870201111,81.47222137451172,-0.00024112666142173111,-0.012935472652316093,51.37797927856445
868,0.868868887424469,81.54134368896484,-0.0002404557599220425,-0.01275852881371975,50.91610336303711
869,0.8698698878288269,81.61053466796875,-0.00023955898359417915,-0.012558978982269764,50.533084869384766
870,0.8708708882331848,81.6797866821289,-0.00023884685651864856,-0.013496845960617065,54.9534912109375
871,0.8718718886375427,81.74909210205078,-0.00023805520322639495,-0.0136441420763731,56.0766716003418
872,0.8728728890419006,81.81845092773438,-0.00023726913786958903,-0.013596282340586185,56.105934143066406
873,0.8738738894462585,81.88787078857422,-0.0002374564646743238,-0.014717943966388702,60.6881103515625
874,0.8748748898506165,81.95735931396484,-0.000236277308431454,-0.014616104774177074,59.87460708618164
875,0.8758758902549744,82.02690887451172,-0.00023558424436487257,-0.01463998667895794,59.57577133178711
876,0.8768768906593323,82.09650421142578,-0.00023466392303816974,-0.015465390868484974,62.6840934753418
877,0.8778778910636902,82.1661605834961,-0.00023357458121608943,-0.015246394090354443,61.52336502075195
878,0.8788788914680481,82.23587799072266,-0.00023302235058508813,-0.01614869013428688,65.41741943359375
879,0.879879891872406,82.30565643310547,-0.00023227994097396731,-0.01597094163298607,64.9408187866211
880,0.8808808922767639,82.37548828125,-0.00023113694624044,-0.015353546477854252,62.70970916748047
881,0.8818818926811218,82.44538116455078,-0.00023139036784414202,-0.01627645641565323,67.16687774658203
882,0.8828828930854797,82.51534271240234,-0.00023229644284583628,-0.017055068165063858,70.90164947509766
883,0.8838838934898376,82.58535766601562,-0.00023212883388623595,-0.017173975706100464,71.65731048583984
884,0.8848848938941956,82.65543365478516,-0.00023396231699734926,-0.01800430752336979,75.27909851074219
885,0.8858858942985535,82.72557067871094,-0.00023426921688951552,-0.018173016607761383,75.90411376953125
886,0.8868868947029114,82.7957534790039,-0.00023287194198928773,-0.017844460904598236,74.32269287109375
887,0.8878878951072693,82.86600494384766,-0.00023212074302136898,-0.018039468675851822,75.04893493652344
888,0.8888888955116272,82.93631744384766,-0.00023064915149006993,-0.0179828442633152,74.86909484863281
889,0.8898898959159851,83.00669860839844,-0.00023030285956338048,-0.01825861819088459,76.1751937866211
890,0.890890896320343,83.0771255493164,-0.00023164442973211408,-0.019304003566503525,80.86438751220703
891,0.8918918967247009,83.14761352539062,-0.00023080465325620025,-0.01903759129345417,79.76802825927734
892,0.8928928971290588,83.21817016601562,-0.00023005151888355613,-0.018627086654305458,78.01995849609375
893,0.8938938975334167,83.28878021240234,-0.00023129041073843837,-0.019343210384249687,81.1823501586914
894,0.8948948979377747,83.35945129394531,-0.00023011575103737414,-0.018452361226081848,77.40286254882812
895,0.8958958983421326,83.43018341064453,-0.00023049392621032894,-0.018306655809283257,76.82398986816406
896,0.8968968987464905,83.5009765625,-0.0002319254563190043,-0.018435675650835037,77.44461059570312
897,0.8978978991508484,83.57182312011719,-0.00023262351169250906,-0.018157921731472015,76.38214874267578
898,0.8988988995552063,83.64273071289062,-0.00023163278819993138,-0.01733063906431198,73.03996276855469
899,0.8998998999595642,83.71370697021484,-0.00023167356266640127,-0.017096521332859993,72.18702697753906
900,0.9009009003639221,83.78473663330078,-0.00023262519971467555,-0.01745724491775036,73.8082046508789
901,0.90190190076828,83.85582733154297,-0.00023219161084853113,-0.01703782007098198,72.08429718017578
902,0.9029029011726379,83.9269790649414,-0.00023240341397468,-0.016987036913633347,72.00065612792969
903,0.9039039015769958,83.99818420410156,-0.00023108388995751739,-0.016314024105668068,69.26892852783203
904,0.9049049019813538,84.06946563720703,-0.00022983239614404738,-0.016259348019957542,69.18313598632812
905,0.9059059023857117,84.14079284667969,-0.0002295826852787286,-0.017514044418931007,74.7298812866211
906,0.9069069027900696,84.21219635009766,-0.00022798047575633973,-0.017372896894812584,74.13444519042969
907,0.9079079031944275,84.28364562988281,-0.00022679851099383086,-0.017520727589726448,74.8409423828125
908,0.9089089035987854,84.35516357421875,-0.00022641519899480045,-0.018401337787508965,78.76712799072266
909,0.9099099040031433,84.42674255371094,-0.00022541970247402787,-0.018086673691868782,77.41789245605469
910,0.9109109044075012,84.49837493896484,-0.00022472423734143376,-0.018037108704447746,77.3898696899414
911,0.9119119048118591,84.57007598876953,-0.00022487202659249306,-0.018328126519918442,78.92357635498047
912,0.912912905216217,84.64183044433594,-0.0002266337105538696,-0.01911427639424801,82.7149429321289
913,0.913913905620575,84.71365356445312,-0.00022594103938899934,-0.018338926136493683,79.49837493896484
914,0.9149149060249329,84.78553009033203,-0.00022666425502393395,-0.018294725567102432,79.47622680664062
915,0.9159159064292908,84.85746765136719,-0.00022546520631294698,-0.017498008906841278,76.1514663696289
916,0.9169169068336487,84.92947387695312,-0.00022633241314906627,-0.01782962866127491,77.84001159667969
917,0.9179179072380066,85.00153350830078,-0.00022741497377865016,-0.018336715176701546,80.34580993652344
918,0.9189189076423645,85.07366180419922,-0.00022835646814201027,-0.019009405747056007,83.63325500488281
919,0.9199199080467224,85.1458511352539,-0.00022857487783767283,-0.019523538649082184,86.2547607421875
920,0.9209209084510803,85.21809387207031,-0.00022601426462642848,-0.018648436293005943,82.77490997314453
921,0.9219219088554382,85.29039764404297,-0.00022397967404685915,-0.018050312995910645,80.37772369384766
922,0.9229229092597961,85.3627700805664,-0.00022254424402490258,-0.01793878711760044,80.07316589355469
923,0.923923909664154,85.43519592285156,-0.00022175072808749974,-0.018170416355133057,81.23456573486328
924,0.924924910068512,85.50769805908203,-0.00022160130902193487,-0.018784064799547195,84.1314468383789
925,0.9259259104728699,85.58024597167969,-0.00022086827084422112,-0.018593737855553627,83.38513946533203
926,0.9269269108772278,85.6528549194336,-0.00022171976161189377,-0.019112735986709595,85.76968383789062
927,0.9279279112815857,85.72554779052734,-0.00022357773559633642,-0.01970839314162731,88.4487533569336
928,0.9289289116859436,85.79827880859375,-0.00022404312039725482,-0.019203154370188713,86.18954467773438
929,0.9299299120903015,85.87108612060547,-0.00022386154159903526,-0.018762942403554916,84.24449920654297
930,0.9309309124946594,85.9439468383789,-0.0002244643692392856,-0.01898191124200821,85.31266021728516
931,0.9319319128990173,86.01686096191406,-0.00022575748153030872,-0.019826427102088928,89.26202392578125
932,0.9329329133033752,86.08985137939453,-0.0002257568557979539,-0.020110730081796646,90.77059173583984
933,0.9339339137077332,86.16289520263672,-0.00022515561431646347,-0.020099760964512825,90.9343490600586
934,0.9349349141120911,86.23600769042969,-0.00022431500838138163,-0.02007238380610943,91.00798797607422
935,0.935935914516449,86.3091812133789,-0.00022503206855617464,-0.021060077473521233,95.61962127685547
936,0.9369369149208069,86.38240814208984,-0.000224065879592672,-0.020811399444937706,94.65509033203125
937,0.9379379153251648,86.45570373535156,-0.00022312032524496317,-0.02056759223341942,93.63146209716797
938,0.9389389157295227,86.52906799316406,-0.00022264121798798442,-0.02046213485300541,93.21385955810547
939,0.9399399161338806,86.60248565673828,-0.00022151527809910476,-0.02032819390296936,92.75354766845703
940,0.9409409165382385,86.67597198486328,-0.00021974850096739829,-0.01994914934039116,91.10311126708984
941,0.9419419169425964,86.74951171875,-0.00021591661788988858,-0.019031869247555733,86.95470428466797
942,0.9429429173469543,86.82312774658203,-0.00021428748732432723,-0.018835317343473434,86.09698486328125
943,0.9439439177513123,86.89679718017578,-0.0002116728137480095,-0.018513111397624016,84.6583480834961
944,0.9449449181556702,86.97053527832031,-0.00021220787311904132,-0.019029775634407997,87.15032958984375
945,0.9459459185600281,87.04431915283203,-0.00021244841627776623,-0.019225070253014565,88.1102066040039
946,0.946946918964386,87.11817932128906,-0.0002142634184565395,-0.019816534593701363,90.90486907958984
947,0.9479479193687439,87.19210052490234,-0.00021389176254160702,-0.019664617255330086,90.24913024902344
948,0.9489489793777466,87.2660903930664,-0.0002141492732334882,-0.01966319978237152,90.27307891845703
949,0.9499499797821045,87.34013366699219,-0.00021455419482663274,-0.019518909975886345,89.69715881347656
950,0.9509509801864624,87.41423797607422,-0.0002155530673917383,-0.019691994413733482,90.68203735351562
951,0.9519519805908203,87.48841094970703,-0.00021585352078545839,-0.01953176222741604,90.16177368164062
952,0.9529529809951782,87.56263732910156,-0.00021604468929581344,-0.01925981417298317,89.11835479736328
953,0.9539539813995361,87.6369400024414,-0.00021638182806782424,-0.019318608567118645,89.72380065917969
954,0.954954981803894,87.71129608154297,-0.00021583652414847165,-0.019008774310350418,88.67155456542969
955,0.955955982208252,87.78572845458984,-0.00021623223437927663,-0.020079411566257477,93.98919677734375
956,0.9569569826126099,87.86021423339844,-0.00021550942619796842,-0.020173169672489166,94.80520629882812
957,0.9579579830169678,87.93476104736328,-0.00021405209554359317,-0.01977960579097271,93.27595520019531
958,0.9589589834213257,88.0093765258789,-0.0002115181996487081,-0.018940642476081848,89.58804321289062
959,0.9599599838256836,88.08405303955078,-0.00021049322094768286,-0.01917537860572338,90.9495620727539
960,0.9609609842300415,88.1587905883789,-0.0002086554595734924,-0.01895035244524479,90.11701202392578
961,0.9619619846343994,88.23359680175781,-0.00020800449419766665,-0.019143979996442795,91.2352066040039
962,0.9629629850387573,88.30846405029297,-0.0002065505541395396,-0.018754759803414345,89.48875427246094
963,0.9639639854431152,88.38339233398438,-0.00020372570725157857,-0.017252324149012566,82.257568359375
964,0.9649649858474731,88.45838165283203,-0.00020303849305491894,-0.016953283920884132,80.92879486083984
965,0.965965986251831,88.53343963623047,-0.0002027963928412646,-0.01716875284910202,82.17311096191406
966,0.966966986656189,88.60856628417969,-0.00020313585991971195,-0.0175915714353323,84.35074615478516
967,0.9679679870605469,88.68374633789062,-0.0002034574281424284,-0.01769585907459259,84.89773559570312
968,0.9689689874649048,88.75899505615234,-0.0002044949505943805,-0.018157098442316055,87.21388244628906
969,0.9699699878692627,88.83431243896484,-0.00020397454500198364,-0.01775958761572838,85.28174591064453
970,0.9709709882736206,88.90968322753906,-0.00020291756663937122,-0.01674741692841053,80.28194427490234
971,0.9719719886779785,88.98513793945312,-0.00020323872740846127,-0.016543537378311157,79.22502899169922
972,0.9729729890823364,89.06063842773438,-0.00020259461598470807,-0.015513569116592407,74.14036560058594
973,0.9739739894866943,89.13619995117188,-0.00020259490702301264,-0.01501115970313549,71.76609802246094
974,0.9749749898910522,89.21183776855469,-0.00020344120275694877,-0.015291159972548485,73.34907531738281
975,0.9759759902954102,89.28753662109375,-0.00020321998454164714,-0.014868348836898804,71.45359802246094
976,0.9769769906997681,89.36328887939453,-0.00020260883320588619,-0.014323153533041477,68.83063507080078
977,0.977977991104126,89.43911743164062,-0.00020266900537535548,-0.014344500377774239,68.96018981933594
978,0.9789789915084839,89.5150146484375,-0.00020342835341580212,-0.014770434238016605,71.04386138916016
979,0.9799799919128418,89.59095764160156,-0.0002042732376139611,-0.015109015628695488,72.6822738647461
980,0.9809809923171997,89.66697692871094,-0.00020480534294620156,-0.015454410575330257,74.41706085205078
981,0.9819819927215576,89.7430648803711,-0.0002043225395027548,-0.015093580819666386,72.78746032714844
982,0.9829829931259155,89.81920623779297,-0.00020359069458208978,-0.014571434818208218,70.52620697021484
983,0.9839839935302734,89.89541625976562,-0.0002035082725342363,-0.014867902733385563,72.30711364746094
984,0.9849849939346313,89.97168731689453,-0.00020239435252733529,-0.014045809395611286,68.5343017578125
985,0.9859859943389893,90.04803466796875,-0.0002013346820604056,-0.013243382796645164,64.7756576538086
986,0.9869869947433472,90.12445068359375,-0.00020053208572790027,-0.01345321349799633,65.95722961425781
987,0.9879879951477051,90.20091247558594,-0.00019961516954936087,-0.013401975855231285,65.80603790283203
988,0.988988995552063,90.27745819091797,-0.00019912736024707556,-0.013545861467719078,66.62845611572266
989,0.9899899959564209,90.35404968261719,-0.0001981047389563173,-0.013070697896182537,64.34191131591797
990,0.9909909963607788,90.43071746826172,-0.00019753746164496988,-0.012992359697818756,64.10649871826172
991,0.9919919967651367,90.5074462890625,-0.00019737360707949847,-0.01282530091702938,63.45878219604492
992,0.9929929971694946,90.58423614501953,-0.0001973282778635621,-0.012294222600758076,61.01719665527344
993,0.9939939975738525,90.6611099243164,-0.00019661252736113966,-0.013348276726901531,66.63545989990234
994,0.9949949979782104,90.73802947998047,-0.00019672649796120822,-0.012933827005326748,64.765869140625
995,0.9959959983825684,90.81501770019531,-0.0001967750140465796,-0.012710478156805038,63.84250259399414
996,0.9969969987869263,90.89208221435547,-0.0001970451994566247,-0.012109369039535522,60.89267349243164
997,0.9979979991912842,90.96920013427734,-0.00019724761659745127,-0.011829960159957409,59.421268463134766
998,0.9989989995956421,91.04638671875,-0.00019758121925406158,-0.011924340389668941,59.772762298583984
999,1.0,91.12364959716797,-0.00019754790992010385,-0.011037325486540794,55.134952545166016
