index,timestep,Diffusion_Coeff,Divergence,score,pos
0,0.0,39.05299377441406,-0.009793596342206001,-0.017105568200349808,41.1883430480957
1,0.0010010009864345193,39.08612823486328,-0.009926557540893555,-0.0012897832784801722,40.005489349365234
2,0.0020020019728690386,39.11929702758789,-0.009912485256791115,-0.0006646615220233798,40.137977600097656
3,0.0030030030757188797,39.15248489379883,-0.009941996075212955,0.012067114934325218,39.00278854370117
4,0.004004003945738077,39.185707092285156,-0.009940505027770996,0.037751078605651855,36.5576286315918
5,0.005005004815757275,39.218955993652344,-0.009893586859107018,0.045425284653902054,35.865806579589844
6,0.006006006151437759,39.25223159790039,-0.009940624237060547,0.01653732918202877,38.823612213134766
7,0.007007007021456957,39.28553771972656,-0.00992756336927414,0.01589917577803135,38.924278259277344
8,0.008008007891476154,39.31887435913086,-0.00987960398197174,0.03221729397773743,37.31296157836914
9,0.009009009227156639,39.352237701416016,-0.009794224053621292,0.035872139036655426,36.972145080566406
10,0.01001000963151455,39.38562774658203,-0.009692083112895489,0.03608163073658943,36.9757194519043
11,0.011011010967195034,39.41904830932617,-0.009575368836522102,0.03310840204358101,37.288818359375
12,0.012012012302875519,39.452491760253906,-0.009357312694191933,0.04619130119681358,35.8635139465332
13,0.013013012707233429,39.48596954345703,-0.009182929992675781,0.04901143163442612,35.44534683227539
14,0.014014014042913914,39.51947021484375,-0.008909087628126144,0.06109556555747986,33.93811798095703
15,0.015015014447271824,39.55300521850586,-0.008733635768294334,0.05583762004971504,34.32561111450195
16,0.01601601578295231,39.58656692504883,-0.008464607410132885,0.061438385397195816,33.4882698059082
17,0.01701701618731022,39.620155334472656,-0.008286015130579472,0.05385420471429825,34.22420120239258
18,0.018018018454313278,39.653770446777344,-0.008046000264585018,0.07336758822202682,31.712100982666016
19,0.01901901885867119,39.68742370605469,-0.007954718545079231,0.07380407303571701,31.548954010009766
20,0.0200200192630291,39.721092224121094,-0.007908064872026443,0.07438898086547852,31.373676300048828
21,0.021021021530032158,39.754798889160156,-0.007847819477319717,0.0669371485710144,32.212669372558594
22,0.022022021934390068,39.78852844238281,-0.00771971233189106,0.058123212307691574,33.241024017333984
23,0.023023022338747978,39.82229232788086,-0.007654076907783747,0.05995872616767883,32.88668441772461
24,0.024024024605751038,39.8560791015625,-0.007475069724023342,0.043967001140117645,34.90152359008789
25,0.025025025010108948,39.889896392822266,-0.007341662421822548,0.04745445400476456,34.32194137573242
26,0.026026025414466858,39.92374801635742,-0.0072534834034740925,0.032779667526483536,36.24930191040039
27,0.027027025818824768,39.95762252807617,-0.007284126244485378,0.02140882983803749,37.78190231323242
28,0.028028028085827827,39.99152755737305,-0.007232935167849064,0.01737375184893608,38.33089065551758
29,0.029029028490185738,40.02545928955078,-0.007445351220667362,0.0011638945434242487,40.52561950683594
30,0.030030028894543648,40.05942153930664,-0.007475728169083595,-0.005951001774519682,41.47515869140625
31,0.031031031161546707,40.093414306640625,-0.007020799443125725,0.00946875847876072,39.34471893310547
32,0.03203203156590462,40.1274299621582,-0.00701210368424654,0.006952167022973299,39.749908447265625
33,0.03303303197026253,40.16147994995117,-0.007046690210700035,0.004856958519667387,40.116268157958984
34,0.03403403237462044,40.195556640625,-0.006992422975599766,0.006635683588683605,39.91574478149414
35,0.03503503277897835,40.22966384887695,-0.00689807441085577,0.009488571435213089,39.540592193603516
36,0.036036036908626556,40.263797760009766,-0.006687897257506847,0.015065372921526432,38.71976089477539
37,0.03703703731298447,40.29795837402344,-0.006574779283255339,0.016784733161330223,38.44081115722656
38,0.03803803771734238,40.3321533203125,-0.006603830028325319,0.01245812512934208,39.068790435791016
39,0.03903903812170029,40.36637878417969,-0.006262089125812054,0.021113617345690727,37.66617965698242
40,0.0400400385260582,40.40062713623047,-0.006218024995177984,0.016698850318789482,38.26803207397461
41,0.04104103893041611,40.434906005859375,-0.006243647076189518,0.008749525062739849,39.42900085449219
42,0.042042043060064316,40.469215393066406,-0.006176220253109932,0.0034679046366363764,40.2076530456543
43,0.043043043464422226,40.50355529785156,-0.005878935102373362,0.007137693930417299,39.56193161010742
44,0.044044043868780136,40.53792190551758,-0.005797956604510546,0.005631143692880869,39.816219329833984
45,0.045045044273138046,40.572322845458984,-0.005848627537488937,0.001975653227418661,40.46611404418945
46,0.046046044677495956,40.606746673583984,-0.005485342349857092,0.01089240238070488,38.889251708984375
47,0.04704704508185387,40.641197204589844,-0.005594045389443636,0.005964494310319424,39.77932357788086
48,0.048048049211502075,40.67568588256836,-0.005619378760457039,0.003780408063903451,40.1845703125
49,0.049049049615859985,40.71019744873047,-0.005742772947996855,-0.0017730753170326352,41.1889762878418
50,0.050050050020217896,40.7447395324707,-0.005245317704975605,0.010603472590446472,38.94655990600586
51,0.051051050424575806,40.77931213378906,-0.00532539514824748,0.004305312875658274,40.11933135986328
52,0.052052050828933716,40.81391143798828,-0.005017316900193691,0.009819647297263145,39.0277099609375
53,0.053053051233291626,40.84854507446289,-0.004991524387151003,0.00701405294239521,39.552955627441406
54,0.054054051637649536,40.88320541381836,-0.004898647777736187,0.006560144480317831,39.609710693359375
55,0.055055055767297745,40.91789627075195,-0.0045865983702242374,0.013225038535892963,38.107215881347656
56,0.056056056171655655,40.952613830566406,-0.00437229173257947,0.020172907039523125,36.415771484375
57,0.057057056576013565,40.987361907958984,-0.0043192217126488686,0.01793181523680687,36.79914474487305
58,0.058058056980371475,41.02214431762695,-0.004246578551828861,0.018234575167298317,36.61637496948242
59,0.059059057384729385,41.056949615478516,-0.004318748600780964,0.010999530553817749,38.228248596191406
60,0.060060057789087296,41.0917854309082,-0.00428449921309948,0.009401338174939156,38.52857971191406
61,0.061061061918735504,41.12665557861328,-0.0041809240356087685,0.010774631053209305,38.14750671386719
62,0.062062062323093414,41.16154479980469,-0.004080603830516338,0.015245161019265652,37.04404067993164
63,0.06306306272745132,41.19647216796875,-0.004040527157485485,0.019975822418928146,35.89529800415039
64,0.06406406313180923,41.23143005371094,-0.003945036791265011,0.02692916989326477,34.159000396728516
65,0.06506506353616714,41.266414642333984,-0.003237188095226884,0.03583505004644394,31.60301971435547
66,0.06606606394052505,41.301429748535156,-0.0024994085542857647,0.037965692579746246,30.559202194213867
67,0.06706706434488297,41.33647537231445,-0.002244648290798068,0.0366121381521225,30.53004264831543
68,0.06806806474924088,41.37154769897461,-0.0006548886303789914,0.036661986261606216,28.940351486206055
69,0.06906906515359879,41.406654357910156,0.0008630729862488806,0.03423061594367027,27.64866828918457
70,0.0700700655579567,41.44178771972656,0.0003111438709311187,0.03224380686879158,28.303024291992188
71,0.0710710734128952,41.476951599121094,-0.00035833698348142207,0.03019791655242443,29.128311157226562
72,0.07207207381725311,41.512142181396484,-0.0014612078666687012,0.027247382327914238,30.630157470703125
73,0.07307307422161102,41.547367095947266,-0.00015329913003370166,0.02728271484375,29.04401969909668
74,0.07407407462596893,41.582618713378906,0.0010613508056849241,0.025845618918538094,27.814043045043945
75,0.07507507503032684,41.61790466308594,0.0028946781530976295,0.021991053596138954,26.06747055053711
76,0.07607607543468475,41.65321731567383,0.0007788400398567319,0.02589462511241436,28.221038818359375
77,0.07707707583904266,41.688560485839844,0.00061730423476547,0.025988629087805748,28.462312698364258
78,0.07807807624340057,41.72393035888672,-0.0004039554623886943,0.026025552302598953,29.711740493774414
79,0.07907907664775848,41.75933074951172,-0.0005043597775511444,0.025357889011502266,29.971097946166992
80,0.0800800770521164,41.794769287109375,-0.0006308328011073172,0.02456594817340374,30.264713287353516
81,0.0810810774564743,41.830230712890625,0.0022161041852086782,0.02137228474020958,27.103540420532227
82,0.08208207786083221,41.865726470947266,0.0033694421872496605,0.01726454310119152,25.87385368347168
83,0.08308307826519012,41.9012451171875,0.0043817367404699326,0.012054708786308765,24.636438369750977
84,0.08408408612012863,41.93680191040039,0.004254661034792662,0.012170258909463882,24.678640365600586
85,0.08508508652448654,41.97238540649414,0.0028379419818520546,0.01821383647620678,26.33526611328125
86,0.08608608692884445,42.00799560546875,0.002149976324290037,0.020088620483875275,27.02702522277832
87,0.08708708733320236,42.043643951416016,0.0017115278169512749,0.020702851936221123,27.372608184814453
88,0.08808808773756027,42.079315185546875,0.0007847354863770306,0.021425390616059303,28.2908992767334
89,0.08908908814191818,42.115020751953125,0.00031778551056049764,0.020697204396128654,28.76560401916504
90,0.09009008854627609,42.1507568359375,0.0017521115951240063,0.01771017163991928,26.793302536010742
91,0.091091088950634,42.186519622802734,0.0008168407948687673,0.01827496662735939,27.872894287109375
92,0.09209208935499191,42.22231674194336,-0.0008745074737817049,0.017173387110233307,30.70693016052246
93,0.09309308975934982,42.258140563964844,-0.00033681554486975074,0.017147528007626534,29.797962188720703
94,0.09409409016370773,42.29399490356445,-0.0005950509803369641,0.016375739127397537,30.466217041015625
95,0.09509509056806564,42.32988739013672,-0.0015120869502425194,0.013643670827150345,32.83734130859375
96,0.09609609842300415,42.36580276489258,-0.001418127678334713,0.013829943723976612,32.69053649902344
97,0.09709709882736206,42.40175247192383,-0.0011280685430392623,0.014598521403968334,32.03445053100586
98,0.09809809923171997,42.4377326965332,-0.0013641666155308485,0.013672343455255032,32.658477783203125
99,0.09909909963607788,42.473731994628906,-0.0003992613928858191,0.014971684664487839,30.738683700561523
100,0.10010010004043579,42.5097770690918,0.00017678597941994667,0.014478937722742558,29.872100830078125
101,0.1011011004447937,42.545841217041016,0.0011751907877624035,0.013040931895375252,28.401954650878906
102,0.10210210084915161,42.58195114135742,0.0013515125028789043,0.012395529076457024,28.129671096801758
103,0.10310310125350952,42.618080139160156,0.0006092700641602278,0.013297309167683125,29.198673248291016
104,0.10410410165786743,42.65423583984375,0.0014203758910298347,0.011961444281041622,27.957698822021484
105,0.10510510206222534,42.6904296875,0.0022147954441607,0.00972179789096117,26.59423828125
106,0.10610610246658325,42.726654052734375,0.001197522273287177,0.012457996606826782,28.119783401489258
107,0.10710710287094116,42.762908935546875,0.0011807840783149004,0.012163537554442883,28.102216720581055
108,0.10810810327529907,42.799190521240234,0.0002516852109692991,0.012720193713903427,29.53624725341797
109,0.10910911113023758,42.83551025390625,0.001344722812063992,0.010914894752204418,27.769020080566406
110,0.11011011153459549,42.871856689453125,0.0013833993580192327,0.010379691608250141,27.681398391723633
111,0.1111111119389534,42.90822982788086,0.0011441244278103113,0.010431373491883278,28.06515884399414
112,0.11211211234331131,42.94463348388672,0.0013129166327416897,0.009296727366745472,27.750089645385742
113,0.11311311274766922,42.9810791015625,0.002167984377592802,0.005438674706965685,26.040485382080078
114,0.11411411315202713,43.017547607421875,0.0010192119516432285,0.007885627448558807,28.10464096069336
115,0.11511511355638504,43.054054260253906,0.0007273965748026967,0.007332371547818184,28.605348587036133
116,0.11611611396074295,43.090579986572266,0.001061765942722559,0.006029793992638588,27.782567977905273
117,0.11711711436510086,43.127140045166016,0.0016351136146113276,0.0039399852976202965,26.51245880126953
118,0.11811811476945877,43.16373825073242,0.001110537676140666,0.005310822278261185,27.621793746948242
119,0.11911911517381668,43.20035934448242,0.0008886760915629566,0.005833291448652744,28.096925735473633
120,0.12012011557817459,43.23701477050781,0.00032661488512530923,0.006742232013493776,29.38848114013672
121,0.1211211159825325,43.27370834350586,0.0010837831068783998,0.0053385477513074875,27.656076431274414
122,0.12212212383747101,43.3104248046875,0.0012578458990901709,0.0045839031226933,27.282596588134766
123,0.12312312424182892,43.34716796875,0.001581471529789269,0.003182519692927599,26.480449676513672
124,0.12412412464618683,43.38395309448242,0.0007144535193219781,0.005169881973415613,28.524181365966797
125,0.12512512505054474,43.42076110839844,0.0008340157801285386,0.004415602423250675,28.16655158996582
126,0.12612612545490265,43.45760726928711,0.0011866691056638956,0.002932583214715123,27.132579803466797
127,0.12712712585926056,43.494476318359375,0.0019120005890727043,-0.0012222109362483025,24.645042419433594
128,0.12812812626361847,43.5313835144043,0.0010858509922400117,0.002675407798960805,27.275619506835938
129,0.12912912666797638,43.56832504272461,0.0014609757345169783,0.0010570872109383345,26.009923934936523
130,0.1301301270723343,43.605289459228516,0.001146235503256321,0.0023790430277585983,26.931875228881836
131,0.1311311274766922,43.64228820800781,0.0019647846929728985,-0.002510986989364028,23.786937713623047
132,0.1321321278810501,43.679317474365234,0.0018677375046536326,-0.0018782743718475103,24.075679779052734
133,0.13313312828540802,43.71638107299805,0.0014671452809125185,0.00023337909078691155,25.413150787353516
134,0.13413412868976593,43.753475189208984,0.001772568328306079,-0.0023504765704274178,23.949508666992188
135,0.13513512909412384,43.79059600830078,0.0017067579319700599,-0.003647004486992955,23.616012573242188
136,0.13613612949848175,43.827762603759766,0.0015405331505462527,-0.0038619667757302523,23.861867904663086
137,0.13713712990283966,43.86494445800781,0.001413304009474814,-0.003958350978791714,24.12278938293457
138,0.13813813030719757,43.902164459228516,0.0012803321005776525,-0.0034944384824484587,24.665525436401367
139,0.13913913071155548,43.93941879272461,0.0006506525678560138,-0.0008690604008734226,27.54867935180664
140,0.1401401311159134,43.9766960144043,0.0003648145357146859,-0.00019110222638119012,28.89511489868164
141,0.1411411464214325,44.014015197753906,0.00040774227818474174,-0.00018922469462268054,28.67733383178711
142,0.1421421468257904,44.051361083984375,0.0007228180766105652,-0.0010119916405528784,27.116947174072266
143,0.14314314723014832,44.08873748779297,0.000743411248549819,-0.0013810027157887816,26.851486206054688
144,0.14414414763450623,44.12614822387695,0.0004501027287915349,-0.0007081495132297277,28.176973342895508
145,0.14514514803886414,44.1635856628418,0.0009771613404154778,-0.0027784807607531548,25.4311580657959
146,0.14614614844322205,44.20106506347656,0.00030905043240636587,-0.0009086228092201054,28.821502685546875
147,0.14714714884757996,44.238563537597656,0.0006411281647160649,-0.002139777410775423,26.949445724487305
148,0.14814814925193787,44.27610778808594,0.0005273357965052128,-0.0020220535807311535,27.77884292602539
149,0.14914914965629578,44.31366729736328,0.00020473006588872522,-0.001377562526613474,29.963964462280273
150,0.1501501500606537,44.35126876831055,0.0003099063178524375,-0.0016117061022669077,29.51434898376465
151,0.1511511504650116,44.38890075683594,1.3783284884993918e-05,-0.0014156941324472427,31.180150985717773
152,0.1521521508693695,44.426570892333984,-0.00035382070927880704,-0.001773443422280252,32.975059509277344
153,0.15315315127372742,44.464263916015625,-0.0004932573065161705,-0.002069375477731228,33.53729248046875
154,0.15415415167808533,44.50199508666992,0.00016250874614343047,-0.0015299931401386857,30.102609634399414
155,0.15515515208244324,44.53975296020508,5.8693025493994355e-05,-0.0017366805113852024,30.545917510986328
156,0.15615615248680115,44.57754898071289,-0.0001650564227020368,-0.002207397948950529,31.650455474853516
157,0.15715715289115906,44.6153678894043,-6.750707689207047e-05,-0.0026254812255501747,31.112337112426758
158,0.15815815329551697,44.653228759765625,-0.00044005922973155975,-0.0035746819339692593,33.19834899902344
159,0.15915915369987488,44.69111251831055,-0.0008491393527947366,-0.005437479354441166,35.67173767089844
160,0.1601601541042328,44.72903823852539,-0.0008785604150034487,-0.005947548896074295,36.06005096435547
161,0.1611611545085907,44.76698684692383,-0.00041526759741827846,-0.004288217052817345,33.45064926147461
162,0.1621621549129486,44.804969787597656,-6.860429130028933e-05,-0.0037264686543494463,31.360382080078125
163,0.16316315531730652,44.842987060546875,0.00023754472204018384,-0.003687432501465082,29.28664207458496
164,0.16416415572166443,44.88103485107422,0.00013125903205946088,-0.0037035050336271524,30.01060676574707
165,0.16516515612602234,44.91912078857422,-0.00038184254663065076,-0.004535153042525053,33.46080017089844
166,0.16616615653038025,44.95723342895508,-0.0003607698017731309,-0.004990260116755962,33.42087936401367
167,0.16716717183589935,44.99538040161133,-0.00044304534094408154,-0.005642630625516176,34.04576110839844
168,0.16816817224025726,45.03356170654297,-0.00023385422537103295,-0.005512280389666557,32.608150482177734
169,0.16916917264461517,45.071773529052734,-0.0001257769181393087,-0.005530142690986395,31.741119384765625
170,0.17017017304897308,45.110015869140625,-2.5250676117138937e-05,-0.005497844889760017,30.837915420532227
171,0.171171173453331,45.14828872680664,-0.00016072543803602457,-0.005584199447184801,31.75370979309082
172,0.1721721738576889,45.18659973144531,-0.00025923404609784484,-0.005645686760544777,32.3565788269043
173,0.17317317426204681,45.22494125366211,8.143347804434597e-05,-0.00540680019184947,29.541885375976562
174,0.17417417466640472,45.2633171081543,0.00012333446647971869,-0.005563130136579275,29.002971649169922
175,0.17517517507076263,45.30172348022461,1.6439160390291363e-05,-0.005925288889557123,29.806705474853516
176,0.17617617547512054,45.34016036987305,0.00022194048506207764,-0.006770401261746883,27.279441833496094
177,0.17717717587947845,45.37863540649414,0.00025970052229240537,-0.007423834875226021,26.341991424560547
178,0.17817817628383636,45.41713333129883,0.0001993898331420496,-0.007454645354300737,27.33323097229004
179,0.17917917668819427,45.45567321777344,0.00018755532801151276,-0.007423905655741692,27.788841247558594
180,0.18018017709255219,45.49424362182617,9.68416134128347e-05,-0.00704735703766346,29.39769744873047
181,0.1811811774969101,45.53284454345703,-0.00017100348486565053,-0.00685664638876915,32.300086975097656
182,0.182182177901268,45.571475982666016,-0.00012432620860636234,-0.006503974087536335,32.01353073120117
183,0.18318317830562592,45.610145568847656,1.351127775706118e-05,-0.006387761328369379,30.761754989624023
184,0.18418417870998383,45.64884567260742,0.00014715403085574508,-0.006678005214780569,29.217153549194336
185,0.18518517911434174,45.68758010864258,-9.499945736024529e-05,-0.006853863596916199,31.491558074951172
186,0.18618617951869965,45.726348876953125,-0.00016528545529581606,-0.007220363710075617,31.925146102905273
187,0.18718717992305756,45.76514434814453,-0.0001340271846856922,-0.007517417427152395,31.374723434448242
188,0.18818818032741547,45.803977966308594,-0.000160603565745987,-0.007841711863875389,31.381824493408203
189,0.18918918073177338,45.84284210205078,-0.00025738554541021585,-0.00827755592763424,32.21034622192383
190,0.1901901811361313,45.881744384765625,-2.309521551069338e-05,-0.008150766603648663,29.437997817993164
191,0.1911911815404892,45.92066955566406,5.0038128392770886e-05,-0.008282697759568691,28.587295532226562
192,0.1921921968460083,45.95963668823242,0.00022527640976477414,-0.008599856868386269,26.5366153717041
193,0.1931931972503662,45.99863052368164,0.00014005956472828984,-0.008241773582994938,28.00750732421875
194,0.19419419765472412,46.037662506103516,0.0003451353986747563,-0.008717391639947891,25.643966674804688
195,0.19519519805908203,46.07672882080078,0.0004098049539607018,-0.008926723152399063,24.85144805908203
196,0.19619619846343994,46.115821838378906,0.0004294558893889189,-0.008944335393607616,24.602466583251953
197,0.19719719886779785,46.15495300292969,0.0004417082527652383,-0.008978890255093575,24.36082649230957
198,0.19819819927215576,46.194114685058594,0.0003172694123350084,-0.008376226760447025,25.805461883544922
199,0.19919919967651367,46.23331069946289,0.00016260032134596258,-0.00806070864200592,27.402374267578125
200,0.20020020008087158,46.27254104614258,-1.1085261576226912e-05,-0.008041790686547756,29.467880249023438
201,0.2012012004852295,46.31180191040039,-0.00012272522144485265,-0.008314896374940872,30.780792236328125
202,0.2022022008895874,46.35110092163086,-0.00035197922261431813,-0.009210754185914993,33.53255844116211
203,0.2032032012939453,46.39043045043945,-0.00035025598481297493,-0.009453355334699154,33.55634307861328
204,0.20420420169830322,46.42979049682617,-0.0005139964050613344,-0.010442248545587063,35.52058410644531
205,0.20520520210266113,46.46918487548828,-0.00046071683755144477,-0.010111099109053612,34.96918869018555
206,0.20620620250701904,46.50861740112305,-0.0003781222039833665,-0.009562106803059578,34.07838821411133
207,0.20720720291137695,46.54807662963867,-0.00013342502643354237,-0.008675629273056984,31.37998390197754
208,0.20820820331573486,46.58757400512695,-2.1488927814061753e-05,-0.00846712663769722,30.121591567993164
209,0.20920920372009277,46.62710189819336,8.687561785336584e-05,-0.008588895201683044,28.592517852783203
210,0.21021020412445068,46.666664123535156,7.822512270649895e-05,-0.00874421838670969,28.608360290527344
211,0.2112112045288086,46.706260681152344,-8.635724952910095e-05,-0.008966967463493347,30.92112159729004
212,0.2122122049331665,46.74589157104492,9.310285531682894e-05,-0.009200518019497395,27.789701461791992
213,0.21321320533752441,46.78555679321289,2.0635416149161756e-05,-0.00926355179399252,28.640602111816406
214,0.21421420574188232,46.825252532958984,-7.582730904687196e-05,-0.00934714823961258,29.856904983520508
215,0.21521520614624023,46.864990234375,-0.00010510640277061611,-0.00943884626030922,29.95008659362793
216,0.21621620655059814,46.90475082397461,-7.174130587372929e-05,-0.009394767694175243,29.166261672973633
217,0.21721720695495605,46.94455337524414,2.4341770767932758e-06,-0.009281754493713379,27.90780258178711
218,0.21821822226047516,46.98438262939453,1.9956247342634015e-05,-0.009222157299518585,27.822500228881836
219,0.21921922266483307,47.024253845214844,1.2794722351827659e-05,-0.009155766107141972,28.2353515625
220,0.22022022306919098,47.064151763916016,-3.815336822299287e-05,-0.009260894730687141,29.214624404907227
221,0.2212212234735489,47.104087829589844,-0.0001333264954155311,-0.00956745259463787,30.763004302978516
222,0.2222222238779068,47.14405059814453,-0.00018739797815214843,-0.00988125242292881,31.581775665283203
223,0.2232232242822647,47.18405532836914,-0.0001121940222219564,-0.009858171455562115,30.316082000732422
224,0.22422422468662262,47.22409439086914,-6.816432869527489e-05,-0.009899209253489971,29.450937271118164
225,0.22522522509098053,47.264163970947266,9.403511285199784e-06,-0.009950882755219936,27.60577964782715
226,0.22622622549533844,47.304264068603516,3.397700311325025e-06,-0.010009389370679855,27.632902145385742
227,0.22722722589969635,47.34440231323242,-9.955323548638262e-06,-0.01003588829189539,27.874067306518555
228,0.22822822630405426,47.384578704833984,-0.00011211941455258057,-0.010130527429282665,30.062280654907227
229,0.22922922670841217,47.424781799316406,-4.7549823648296297e-05,-0.00992866326123476,28.651622772216797
230,0.23023022711277008,47.465023040771484,1.7957559975911863e-05,-0.009841572493314743,26.94158935546875
231,0.231231227517128,47.50529479980469,4.454838199308142e-05,-0.009866530075669289,25.98524284362793
232,0.2322322279214859,47.54560470581055,0.0001017373870126903,-0.010038756765425205,24.03746223449707
233,0.2332332283258438,47.58594512939453,0.00014829376596026123,-0.010321740992367268,21.877777099609375
234,0.23423422873020172,47.62632369995117,0.00012134022108511999,-0.01033515390008688,22.046649932861328
235,0.23523522913455963,47.6667366027832,0.00010430350084789097,-0.010421550832688808,21.580886840820312
236,0.23623622953891754,47.707176208496094,0.00010181733523495495,-0.0106008006259799,19.806337356567383
237,0.23723722994327545,47.74766540527344,8.602072193752974e-05,-0.010530251078307629,20.115833282470703
238,0.23823823034763336,47.788177490234375,7.68686513765715e-05,-0.010486070066690445,20.168224334716797
239,0.23923923075199127,47.8287239074707,6.324463174678385e-05,-0.010442390106618404,20.638837814331055
240,0.24024023115634918,47.86930847167969,5.804187821922824e-05,-0.010589764453470707,18.381467819213867
241,0.2412412315607071,47.9099235534668,4.381160397315398e-05,-0.010591347701847553,18.50518226623535
242,0.242242231965065,47.95058059692383,3.0452743885689415e-05,-0.010627184063196182,17.787044525146484
243,0.2432432323694229,47.99126052856445,2.3278316803043708e-05,-0.010663409717381,16.91192626953125
244,0.24424424767494202,48.031982421875,1.041323321260279e-05,-0.01074849721044302,14.754734992980957
245,0.24524524807929993,48.07273864746094,8.573595550842583e-06,-0.010893057100474834,13.596124649047852
246,0.24624624848365784,48.113529205322266,-1.2980920473637525e-05,-0.011082570999860764,12.109972953796387
247,0.24724724888801575,48.154354095458984,-6.171545828692615e-05,-0.01123783178627491,10.601765632629395
248,0.24824824929237366,48.19520950317383,-6.788487371522933e-05,-0.011408007703721523,10.583516120910645
249,0.24924924969673157,48.236106872558594,-0.0001898357004392892,-0.01121549867093563,8.120250701904297
250,0.2502502501010895,48.277034759521484,-0.00014665699563920498,-0.011521381326019764,9.006290435791016
251,0.2512512505054474,48.317996978759766,-7.032269786577672e-05,-0.011774799786508083,10.484273910522461
252,0.2522522509098053,48.35899353027344,5.477087324834429e-05,-0.0116819366812706,13.370203018188477
253,0.2532532513141632,48.40003204345703,2.6002122467616573e-05,-0.011438709683716297,13.084229469299316
254,0.2542542517185211,48.44109344482422,-2.1923122403677553e-05,-0.011164432391524315,12.264581680297852
255,0.25525525212287903,48.48219680786133,1.1417005225666799e-05,-0.010955330915749073,15.028106689453125
256,0.25625625252723694,48.52333450317383,1.4706952242704574e-06,-0.01083231158554554,16.770450592041016
257,0.25725725293159485,48.564510345458984,-2.3699045414105058e-05,-0.010747144930064678,16.062511444091797
258,0.25825825333595276,48.605712890625,-6.187779945321381e-05,-0.010559813119471073,13.86987018585205
259,0.25925925374031067,48.64695739746094,-6.863714224891737e-05,-0.010487288236618042,14.05521011352539
260,0.2602602541446686,48.688236236572266,-6.939396553207189e-05,-0.010421110317111015,13.929640769958496
261,0.2612612545490265,48.729549407958984,-5.934124055784196e-05,-0.010406563989818096,14.157503128051758
262,0.2622622549533844,48.770896911621094,-3.766412191907875e-05,-0.010506374761462212,15.912339210510254
263,0.2632632553577423,48.812278747558594,-3.4322576539125293e-05,-0.01055125892162323,15.962986946105957
264,0.2642642557621002,48.85369110107422,-4.080877988599241e-05,-0.010544967837631702,14.805734634399414
265,0.26526525616645813,48.895145416259766,-2.434325506328605e-05,-0.010611990466713905,16.2275333404541
266,0.26626625657081604,48.93663787841797,-1.5556994185317308e-05,-0.01067306473851204,18.167510986328125
267,0.26726725697517395,48.97815704345703,-2.111085268552415e-05,-0.010705419816076756,18.655311584472656
268,0.26826825737953186,49.01971435546875,-2.9896626074332744e-05,-0.01072190422564745,18.457521438598633
269,0.26926925778388977,49.061309814453125,-4.613785131368786e-05,-0.010805913247168064,19.961809158325195
270,0.2702702581882477,49.10293960571289,-6.80936936987564e-05,-0.010916946455836296,20.92589569091797
271,0.2712712585926056,49.14460754394531,-8.586117473896593e-05,-0.01097118854522705,20.76389503479004
272,0.2722722589969635,49.18630599975586,-0.00010260802082484588,-0.010863294824957848,18.953983306884766
273,0.2732732594013214,49.2280387878418,-0.00012142834020778537,-0.010877564549446106,18.66082191467285
274,0.2742742598056793,49.26980972290039,-0.00013949400454293936,-0.011065802536904812,19.75748634338379
275,0.27527526021003723,49.31161880493164,-0.00015472646919079125,-0.011117596179246902,19.85917854309082
276,0.27627626061439514,49.35345458984375,-0.00015943437756504864,-0.010656196624040604,16.924592971801758
277,0.27727726101875305,49.39533233642578,-0.00016254259389825165,-0.010707086883485317,17.4078311920166
278,0.27827826142311096,49.4372444152832,-0.00016296436660923064,-0.010471749119460583,16.055946350097656
279,0.27927926182746887,49.479190826416016,-0.00016637354565318674,-0.010684491135179996,17.261993408203125
280,0.2802802622318268,49.52117156982422,-0.00017576757818460464,-0.011153935454785824,19.96917724609375
281,0.2812812626361847,49.56319046020508,-0.00017970646149478853,-0.011370203457772732,21.003267288208008
282,0.282282292842865,49.60525131225586,-0.00018610944971442223,-0.011570459231734276,21.68419075012207
283,0.2832832932472229,49.6473388671875,-0.00018721396918408573,-0.011607399210333824,21.42645835876465
284,0.2842842936515808,49.6894645690918,-0.00019524607341736555,-0.011773391626775265,21.935401916503906
285,0.2852852940559387,49.73162841796875,-0.00018851118511520326,-0.011471404694020748,20.195446014404297
286,0.28628629446029663,49.77382278442383,-0.00020285039499867707,-0.011785062029957771,21.864341735839844
287,0.28728729486465454,49.81605911254883,-0.00020908568694721907,-0.011885383166372776,22.731767654418945
288,0.28828829526901245,49.85832595825195,-0.00022616736532654613,-0.012199821881949902,24.65395164489746
289,0.28928929567337036,49.900630950927734,-0.00023392669390887022,-0.012273057363927364,25.362655639648438
290,0.29029029607772827,49.94297409057617,-0.00023678853176534176,-0.012237075716257095,25.424402236938477
291,0.2912912964820862,49.985355377197266,-0.0002659051679074764,-0.012687763199210167,27.181406021118164
292,0.2922922968864441,50.02776336669922,-0.00028268207097426057,-0.012945604510605335,27.93353271484375
293,0.293293297290802,50.07020950317383,-0.0003212031442672014,-0.013879280537366867,30.799528121948242
294,0.2942942976951599,50.11269760131836,-0.00032356398878619075,-0.013952106237411499,30.847091674804688
295,0.2952952980995178,50.155216217041016,-0.00034541726927272975,-0.014685168862342834,32.88584899902344
296,0.29629629850387573,50.197776794433594,-0.00033649441320449114,-0.014471247792243958,32.14760971069336
297,0.29729729890823364,50.2403678894043,-0.00033499550772830844,-0.014432979747653008,32.01422882080078
298,0.29829829931259155,50.282997131347656,-0.00036914763040840626,-0.015476164408028126,34.97792053222656
299,0.29929929971694946,50.32566452026367,-0.00038266245974227786,-0.015722962096333504,35.74163818359375
300,0.3003003001213074,50.36836242675781,-0.0004227632889524102,-0.01643306575715542,37.63783264160156
301,0.3013013005256653,50.41109848022461,-0.0004409312969073653,-0.016588229686021805,38.14340591430664
302,0.3023023009300232,50.45387649536133,-0.00040985087980516255,-0.01579209789633751,36.45717239379883
303,0.3033033013343811,50.49668502807617,-0.0003615366877056658,-0.014697125181555748,33.96833419799805
304,0.304304301738739,50.53953552246094,-0.00041603087447583675,-0.015416013076901436,36.117286682128906
305,0.3053053021430969,50.58241653442383,-0.0004681917780544609,-0.016013408079743385,37.69325256347656
306,0.30630630254745483,50.625335693359375,-0.00047626765444874763,-0.01595897413790226,37.763484954833984
307,0.30730730295181274,50.66829299926758,-0.0006664734100922942,-0.01893778331577778,43.14467239379883
308,0.30830830335617065,50.71128463745117,-0.0005832133465446532,-0.017528755590319633,41.011417388916016
309,0.30930930376052856,50.754310607910156,-0.0005580824799835682,-0.01731768064200878,40.72078323364258
310,0.3103103041648865,50.79737854003906,-0.000579106796067208,-0.017976097762584686,41.91928482055664
311,0.3113113045692444,50.840476989746094,-0.00048488035099580884,-0.016605865210294724,39.32021713256836
312,0.3123123049736023,50.88361358642578,-0.00043800153071060777,-0.01597902923822403,37.811344146728516
313,0.3133133053779602,50.92679214477539,-0.0004416583979036659,-0.016206227242946625,38.26823043823242
314,0.3143143057823181,50.97000503540039,-0.0004378478042781353,-0.01623362861573696,38.33625411987305
315,0.315315306186676,51.01325225830078,-0.00040164333768188953,-0.01550706010311842,36.562015533447266
316,0.31631630659103394,51.056541442871094,-0.00035242614103481174,-0.014242095872759819,33.247135162353516
317,0.31731730699539185,51.099857330322266,-0.00035156949888914824,-0.014227804727852345,33.29832077026367
318,0.31831830739974976,51.14321517944336,-0.000311328680254519,-0.01325459498912096,30.41994857788086
319,0.31931930780410767,51.186614990234375,-0.0002826974377967417,-0.012704315595328808,28.603776931762695
320,0.3203203082084656,51.23004913330078,-0.00025625963462516665,-0.012245777063071728,26.85480308532715
321,0.3213213086128235,51.27351379394531,-0.0002442306140437722,-0.012068202719092369,26.03795623779297
322,0.3223223090171814,51.317020416259766,-0.00022514561715070158,-0.011729785241186619,24.413766860961914
323,0.3233233094215393,51.36056137084961,-0.0002281996130477637,-0.011750889010727406,24.105262756347656
324,0.3243243098258972,51.40414047241211,-0.00023182708537206054,-0.011762444861233234,23.63389778137207
325,0.3253253102302551,51.44776153564453,-0.00022516504395753145,-0.011481924913823605,21.970678329467773
326,0.32632631063461304,51.49141311645508,-0.0002485950826667249,-0.011899162083864212,23.47732162475586
327,0.32732731103897095,51.53510284423828,-0.00024021454737521708,-0.011471330188214779,21.581785202026367
328,0.32832831144332886,51.578834533691406,-0.00026070530293509364,-0.011861957609653473,23.16181755065918
329,0.32932931184768677,51.622596740722656,-0.00026386952959001064,-0.011777497828006744,22.933300018310547
330,0.3303303122520447,51.66639709472656,-0.0002707514213398099,-0.011795195750892162,23.199792861938477
331,0.3313313126564026,51.71023941040039,-0.00028627197025343776,-0.01207155454903841,24.460824966430664
332,0.3323323130607605,51.754112243652344,-0.0002786411205306649,-0.011651750653982162,23.214038848876953
333,0.3333333432674408,51.79802703857422,-0.0002948502078652382,-0.011988804675638676,24.687759399414062
334,0.3343343436717987,51.84197998046875,-0.00031096392194740474,-0.012459265068173409,26.410341262817383
335,0.3353353440761566,51.88597106933594,-0.00030550541123375297,-0.012305008247494698,25.841232299804688
336,0.3363363444805145,51.92999267578125,-0.00032609468325972557,-0.013273125514388084,28.87835121154785
337,0.33733734488487244,51.974056243896484,-0.0003327012527734041,-0.013666004873812199,30.051929473876953
338,0.33833834528923035,52.018157958984375,-0.00032318849116563797,-0.01330895908176899,28.975793838500977
339,0.33933934569358826,52.06229782104492,-0.00033955680555664003,-0.014126976951956749,31.436628341674805
340,0.34034034609794617,52.106468200683594,-0.0003561778867151588,-0.014782114885747433,33.39254379272461
341,0.3413413465023041,52.15068054199219,-0.00035921449307352304,-0.014900964684784412,33.79045104980469
342,0.342342346906662,52.19493103027344,-0.0003527350490912795,-0.014721741899847984,33.28428268432617
343,0.3433433473110199,52.23921585083008,-0.00033656705636531115,-0.01415662094950676,31.595434188842773
344,0.3443443477153778,52.283546447753906,-0.0003362885909155011,-0.014153148978948593,31.43525505065918
345,0.3453453481197357,52.327911376953125,-0.00033485249150544405,-0.014041739515960217,30.986011505126953
346,0.34634634852409363,52.372310638427734,-0.000340086902724579,-0.014204176142811775,31.416728973388672
347,0.34734734892845154,52.416744232177734,-0.00036340003134682775,-0.015145126730203629,34.016441345214844
348,0.34834834933280945,52.46122360229492,-0.0003480927553027868,-0.01447884552180767,31.98255157470703
349,0.34934934973716736,52.505733489990234,-0.0003444780595600605,-0.014287891797721386,31.251279830932617
350,0.35035035014152527,52.55028533935547,-0.00034623045939952135,-0.014396716840565205,31.495811462402344
351,0.3513513505458832,52.594879150390625,-0.00033259918563999236,-0.013498523272573948,28.81828498840332
352,0.3523523509502411,52.639503479003906,-0.00033066229661926627,-0.013281247578561306,28.226573944091797
353,0.353353351354599,52.68416976928711,-0.00032932014437392354,-0.013216123916208744,28.249183654785156
354,0.3543543517589569,52.72887420654297,-0.0003298268420621753,-0.01333882100880146,28.922266006469727
355,0.3553553521633148,52.77360916137695,-0.0003585780505090952,-0.014861478470265865,33.65436935424805
356,0.35635635256767273,52.81839370727539,-0.0003489060327410698,-0.014438384212553501,32.599910736083984
357,0.35735735297203064,52.86320495605469,-0.0003430872457101941,-0.014159850776195526,31.81328010559082
358,0.35835835337638855,52.90806198120117,-0.0003413839149288833,-0.01407756470143795,31.407947540283203
359,0.35935935378074646,52.95295333862305,-0.0003362768911756575,-0.013805879279971123,30.207782745361328
360,0.36036035418510437,52.99788284301758,-0.00036949553759768605,-0.015384531579911709,34.23725509643555
361,0.3613613545894623,53.0428581237793,-0.00037502316990867257,-0.015623120591044426,34.65056610107422
362,0.3623623549938202,53.087860107421875,-0.000367634289432317,-0.015326385386288166,33.828880310058594
363,0.3633633553981781,53.13290786743164,-0.0003606072277761996,-0.014990430325269699,32.96990966796875
364,0.364364355802536,53.1779899597168,-0.0003571012639440596,-0.014823857694864273,32.56387710571289
365,0.3653653562068939,53.223114013671875,-0.00036912105861119926,-0.015373659320175648,34.03078842163086
366,0.36636635661125183,53.268272399902344,-0.0003629124548751861,-0.015108573250472546,33.21599197387695
367,0.36736735701560974,53.31346893310547,-0.0003576056333258748,-0.014832834713160992,32.44004821777344
368,0.36836835741996765,53.358707427978516,-0.0003452927339822054,-0.014069111086428165,30.32635498046875
369,0.36936935782432556,53.40398025512695,-0.000353582261595875,-0.014559981413185596,31.77016830444336
370,0.37037035822868347,53.44929885864258,-0.0003422853769734502,-0.013762815855443478,29.505151748657227
371,0.3713713586330414,53.49464797973633,-0.0003310985048301518,-0.012799239717423916,26.68360710144043
372,0.3723723590373993,53.5400390625,-0.0003343521966598928,-0.01335255429148674,28.34166145324707
373,0.3733733594417572,53.58546829223633,-0.00032628263579681516,-0.012712064199149609,26.342187881469727
374,0.3743743598461151,53.63093566894531,-0.0003227805136702955,-0.012519868090748787,25.606775283813477
375,0.375375360250473,53.67644500732422,-0.0003189160779584199,-0.01195704285055399,23.629430770874023
376,0.37637636065483093,53.721988677978516,-0.0003185980604030192,-0.011577687226235867,22.24785041809082
377,0.37737736105918884,53.76757049560547,-0.00031801359727978706,-0.011137977242469788,20.80398178100586
378,0.37837836146354675,53.813194274902344,-0.0003164687077514827,-0.010568331927061081,18.99498176574707
379,0.37937936186790466,53.858856201171875,-0.0003145980299450457,-0.009545469656586647,15.781368255615234
380,0.3803803622722626,53.9045524597168,-0.0003119230968877673,-0.008951165713369846,13.940704345703125
381,0.3813813626766205,53.950294494628906,-0.0003094866406172514,-0.008767779916524887,13.478639602661133
382,0.3823823630809784,53.996070861816406,-0.0003039598814211786,-0.009511548094451427,16.076894760131836
383,0.3833833634853363,54.04188919067383,-0.0002964964951388538,-0.009001911617815495,14.577597618103027
384,0.3843843936920166,54.08774185180664,-0.00029153909417800605,-0.00902106799185276,14.814666748046875
385,0.3853853940963745,54.133636474609375,-0.00028420251328498125,-0.009356948547065258,16.117830276489258
386,0.3863863945007324,54.1795654296875,-0.0002716952876653522,-0.009378780610859394,16.342578887939453
387,0.38738739490509033,54.22554016113281,-0.000277351209660992,-0.010444365441799164,20.4583740234375
388,0.38838839530944824,54.271549224853516,-0.00028086896054446697,-0.010870399884879589,22.075345993041992
389,0.38938939571380615,54.317596435546875,-0.00028903759084641933,-0.011522961780428886,24.267396926879883
390,0.39039039611816406,54.363685607910156,-0.0002778798807412386,-0.011135655455291271,22.74852752685547
391,0.391391396522522,54.40981674194336,-0.00027090535149909556,-0.01079478394240141,21.28835678100586
392,0.3923923969268799,54.45597839355469,-0.00027669110568240285,-0.011051957495510578,21.928024291992188
393,0.3933933973312378,54.502193450927734,-0.0002852969919331372,-0.011060165241360664,21.601329803466797
394,0.3943943977355957,54.54843521118164,-0.0002967409382108599,-0.011368175968527794,22.39600372314453
395,0.3953953981399536,54.59471893310547,-0.00030838896054774523,-0.01054337713867426,19.541349411010742
396,0.3963963985443115,54.64104080200195,-0.0003169959527440369,-0.011005781590938568,21.011945724487305
397,0.39739739894866943,54.68740463256836,-0.0003252588794566691,-0.010479032061994076,19.44828987121582
398,0.39839839935302734,54.73381042480469,-0.00032785607618279755,-0.011095770634710789,21.47940444946289
399,0.39939939975738525,54.780250549316406,-0.00033292057923972607,-0.011765929870307446,23.66002655029297
400,0.40040040016174316,54.82673263549805,-0.0003313967026770115,-0.011329504661262035,22.555444717407227
401,0.4014014005661011,54.87324905395508,-0.0003325153957121074,-0.011309146881103516,22.680322647094727
402,0.402402400970459,54.91980743408203,-0.00032644596649333835,-0.010286974720656872,19.736400604248047
403,0.4034034013748169,54.96641540527344,-0.000322615698678419,-0.009412535466253757,17.192325592041016
404,0.4044044017791748,55.01305389404297,-0.0003219249192625284,-0.00933789648115635,17.07659912109375
405,0.4054054021835327,55.059730529785156,-0.00031755148665979505,-0.009020039811730385,16.165660858154297
406,0.4064064025878906,55.106449127197266,-0.00031321303686127067,-0.00847959890961647,14.500578880310059
407,0.40740740299224854,55.1532096862793,-0.00031325509189628065,-0.008275380358099937,13.876798629760742
408,0.40840840339660645,55.200008392333984,-0.0003167447866871953,-0.008932176977396011,15.973278045654297
409,0.40940940380096436,55.24684524536133,-0.0003160118358209729,-0.00809155311435461,13.28088092803955
410,0.41041040420532227,55.293724060058594,-0.00031442410545423627,-0.00846644677221775,14.384872436523438
411,0.4114114046096802,55.340641021728516,-0.0003109552781097591,-0.008269400335848331,13.701752662658691
412,0.4124124050140381,55.38759231567383,-0.0003053659456782043,-0.008491083979606628,14.411730766296387
413,0.413413405418396,55.43458938598633,-0.0002966692263726145,-0.008034695871174335,12.911962509155273
414,0.4144144058227539,55.481624603271484,-0.0002925756270997226,-0.008493286557495594,14.485556602478027
415,0.4154154062271118,55.52870178222656,-0.0002832894679158926,-0.008164292201399803,13.419532775878906
416,0.4164164066314697,55.5758171081543,-0.00029017654014751315,-0.00893597025424242,16.23902130126953
417,0.41741740703582764,55.62297439575195,-0.0002917271922342479,-0.008822442032396793,15.985917091369629
418,0.41841840744018555,55.67017364501953,-0.0003126810188405216,-0.009672245942056179,18.839576721191406
419,0.41941940784454346,55.71741485595703,-0.00031461508478969336,-0.009215719066560268,17.342206954956055
420,0.42042040824890137,55.764686584472656,-0.0003235426847822964,-0.009853632189333439,19.270950317382812
421,0.4214214086532593,55.81200408935547,-0.00032610641210339963,-0.010019578039646149,19.733505249023438
422,0.4224224090576172,55.85935592651367,-0.0003222560917492956,-0.009220635518431664,17.252727508544922
423,0.4234234094619751,55.90675735473633,-0.0003206584369763732,-0.009134182706475258,17.021135330200195
424,0.424424409866333,55.954193115234375,-0.0003247788408771157,-0.009388798847794533,17.887279510498047
425,0.4254254102706909,56.00166702270508,-0.000327057670801878,-0.00909711979329586,16.96380043029785
426,0.42642641067504883,56.04918670654297,-0.0003331544576212764,-0.008733503520488739,15.820674896240234
427,0.42742741107940674,56.096744537353516,-0.00034358265111222863,-0.008647873997688293,15.59492015838623
428,0.42842841148376465,56.14434814453125,-0.00034790358040481806,-0.008015324361622334,13.811281204223633
429,0.42942941188812256,56.191978454589844,-0.00034675566712394357,-0.007228991016745567,11.579042434692383
430,0.43043041229248047,56.239662170410156,-0.0003458054852671921,-0.0070575932040810585,11.051401138305664
431,0.4314314126968384,56.287384033203125,-0.0003486458444967866,-0.007933667860925198,13.499256134033203
432,0.4324324131011963,56.335140228271484,-0.0003512892290018499,-0.007882071658968925,13.3142728805542
433,0.4334334135055542,56.3829460144043,-0.000353624316630885,-0.007512934971600771,12.246953010559082
434,0.4344344139099121,56.430782318115234,-0.0003525853098835796,-0.008869914337992668,16.03421401977539
435,0.43543541431427,56.478668212890625,-0.0003485068737063557,-0.009172370657324791,16.87750244140625
436,0.4364364445209503,56.526588439941406,-0.0003382077265996486,-0.010022841393947601,19.362382888793945
437,0.4374374449253082,56.574554443359375,-0.0003276753122918308,-0.01088710967451334,21.963672637939453
438,0.43843844532966614,56.62255859375,-0.000322914682328701,-0.011293002404272556,23.238346099853516
439,0.43943944573402405,56.67060089111328,-0.0003192320582456887,-0.01194059383124113,25.301698684692383
440,0.44044044613838196,56.718685150146484,-0.00031809648498892784,-0.012004734948277473,25.533823013305664
441,0.44144144654273987,56.76681137084961,-0.00031838356517255306,-0.012111518532037735,25.858121871948242
442,0.4424424469470978,56.814979553222656,-0.0003229490830563009,-0.012869506143033504,28.121625900268555
443,0.4434434473514557,56.86318588256836,-0.0003228843561373651,-0.011863010004162788,24.906612396240234
444,0.4444444477558136,56.911434173583984,-0.0003263893013354391,-0.012659864500164986,27.363996505737305
445,0.4454454481601715,56.95972442626953,-0.0003274675109423697,-0.012505543418228626,26.956247329711914
446,0.4464464485645294,57.008056640625,-0.00032677085255272686,-0.011778684332966805,24.860553741455078
447,0.44744744896888733,57.056427001953125,-0.0003292573965154588,-0.011093558743596077,22.955913543701172
448,0.44844844937324524,57.10483932495117,-0.00033210701076313853,-0.012092048302292824,26.171234130859375
449,0.44944944977760315,57.153297424316406,-0.00033724860986694694,-0.012425419874489307,27.2989444732666
450,0.45045045018196106,57.20178985595703,-0.0003398110857233405,-0.012410911731421947,27.407094955444336
451,0.45145145058631897,57.25032424926758,-0.00034424971090629697,-0.0127565311267972,28.594186782836914
452,0.4524524509906769,57.29890060424805,-0.00034589419374242425,-0.01282732468098402,28.916847229003906
453,0.4534534513950348,57.3475227355957,-0.0003434571553952992,-0.012532626278698444,28.165576934814453
454,0.4544544517993927,57.396183013916016,-0.0003523376944940537,-0.013722491450607777,31.686607360839844
455,0.4554554522037506,57.444881439208984,-0.00036096503026783466,-0.014811147004365921,34.80979919433594
456,0.4564564526081085,57.49362564086914,-0.00036352185998111963,-0.0151970898732543,35.8744010925293
457,0.45745745301246643,57.54240417480469,-0.0003751344047486782,-0.01637323945760727,38.971981048583984
458,0.45845845341682434,57.59122848510742,-0.0003751184849534184,-0.016498718410730362,39.206886291503906
459,0.45945945382118225,57.640098571777344,-0.00036856086808256805,-0.016063468530774117,37.94631576538086
460,0.46046045422554016,57.68900680541992,-0.0003879287978634238,-0.01758287101984024,41.89260482788086
461,0.46146145462989807,57.73795700073242,-0.0003717524232342839,-0.01636800356209278,38.66360092163086
462,0.462462455034256,57.786949157714844,-0.0003622953954618424,-0.015536012127995491,36.396697998046875
463,0.4634634554386139,57.83598327636719,-0.00036438374081626534,-0.015618099831044674,36.64348220825195
464,0.4644644558429718,57.88505554199219,-0.00035838782787323,-0.014999273233115673,34.98416519165039
465,0.4654654562473297,57.934165954589844,-0.00036414479836821556,-0.015413489192724228,36.19786071777344
466,0.4664664566516876,57.98332977294922,-0.0003613048465922475,-0.015164480544626713,35.550437927246094
467,0.46746745705604553,58.03252410888672,-0.00036225724034011364,-0.015307627618312836,35.983795166015625
468,0.46846845746040344,58.08176803588867,-0.00036470103077590466,-0.01564919948577881,36.94460678100586
469,0.46946945786476135,58.131046295166016,-0.00035137671511620283,-0.014583907090127468,33.951847076416016
470,0.47047045826911926,58.18037414550781,-0.0003534870920702815,-0.014957639388740063,34.96498489379883
471,0.4714714586734772,58.229740142822266,-0.000347160326782614,-0.014398479834198952,33.28801727294922
472,0.4724724590778351,58.27914810180664,-0.00034375718678347766,-0.01409390103071928,32.33885955810547
473,0.473473459482193,58.32859802246094,-0.00034701565164141357,-0.014640798792243004,33.87666320800781
474,0.4744744598865509,58.37809371948242,-0.0003427956544328481,-0.014207209460437298,32.63024139404297
475,0.4754754602909088,58.42762756347656,-0.00034773704828694463,-0.014843861572444439,34.57484436035156
476,0.4764764606952667,58.47719955444336,-0.0003450277727097273,-0.014430679380893707,33.533447265625
477,0.47747746109962463,58.52682113647461,-0.00034374368260614574,-0.014051849953830242,32.63703155517578
478,0.47847846150398254,58.57647705078125,-0.00034413544926792383,-0.013716931454837322,31.864870071411133
479,0.47947946190834045,58.626182556152344,-0.00034468568628653884,-0.013409622944891453,31.19865608215332
480,0.48048046231269836,58.675926208496094,-0.0003376687818672508,-0.012507094070315361,28.717248916625977
481,0.4814814627170563,58.725711822509766,-0.0003500483580864966,-0.013655334711074829,32.122474670410156
482,0.4824824631214142,58.775543212890625,-0.00036152848042547703,-0.014791923575103283,35.348453521728516
483,0.4834834635257721,58.82541275024414,-0.000366242544259876,-0.015255858190357685,36.679931640625
484,0.48448446393013,58.875328063964844,-0.0003637849004007876,-0.014980507083237171,35.99702453613281
485,0.4854854643344879,58.92528533935547,-0.0003656236222013831,-0.015080328099429607,36.34039306640625
486,0.4864864647388458,58.97528076171875,-0.00036843871930614114,-0.015352551825344563,37.09796905517578
487,0.4874874949455261,59.025325775146484,-0.00035937360371463,-0.01452510617673397,34.79713439941406
488,0.48848849534988403,59.07540512084961,-0.0003557509044185281,-0.014184163883328438,33.85136032104492
489,0.48948949575424194,59.12553024291992,-0.00036566908238455653,-0.015047620050609112,36.28306198120117
490,0.49049049615859985,59.17570114135742,-0.00035844530793838203,-0.014367540366947651,34.44457244873047
491,0.49149149656295776,59.22591781616211,-0.00035881585790775716,-0.014397631399333477,34.50734329223633
492,0.4924924969673157,59.27616500854492,-0.00035244954051449895,-0.01384348887950182,32.93144226074219
493,0.4934934973716736,59.32646560668945,-0.0003593155415728688,-0.014460311271250248,34.655887603759766
494,0.4944944977760315,59.376800537109375,-0.00035100485547445714,-0.013759607449173927,32.7158203125
495,0.4954954981803894,59.427181243896484,-0.0003453059762250632,-0.013314524665474892,31.501083374023438
496,0.4964964985847473,59.47761154174805,-0.0003523841151036322,-0.013987788930535316,33.46224594116211
497,0.4974974989891052,59.528072357177734,-0.0003579944896046072,-0.014705748297274113,35.5229606628418
498,0.49849849939346313,59.57858657836914,-0.000360564241418615,-0.015196138061583042,36.95956039428711
499,0.49949949979782104,59.62913513183594,-0.0003554014256224036,-0.014949683099985123,36.33723068237305
500,0.500500500202179,59.67972946166992,-0.0003604474477469921,-0.015560531988739967,38.11332321166992
501,0.5015015006065369,59.73036575317383,-0.0003579034237191081,-0.015430272556841373,37.83354568481445
502,0.5025025010108948,59.78105163574219,-0.00035339154419489205,-0.01503599900752306,36.82556915283203
503,0.5035035014152527,59.83177947998047,-0.0003508003137540072,-0.014757049269974232,36.17134094238281
504,0.5045045018196106,59.88254165649414,-0.00034835468977689743,-0.014457068406045437,35.436946868896484
505,0.5055055022239685,59.93335723876953,-0.00034905795473605394,-0.014400205574929714,35.34281539916992
506,0.5065065026283264,59.98421096801758,-0.00035106338327750564,-0.014462191611528397,35.59698486328125
507,0.5075075030326843,60.03510665893555,-0.0003559795441105962,-0.014816636219620705,36.65625762939453
508,0.5085085034370422,60.08604431152344,-0.00036242089117877185,-0.01535640936344862,38.11410903930664
509,0.5095095038414001,60.13703155517578,-0.00036543450551107526,-0.015544315800070763,38.56275939941406
510,0.5105105042457581,60.18806076049805,-0.00037292714114300907,-0.01617981120944023,40.2399787902832
511,0.511511504650116,60.2391242980957,-0.0003673579776659608,-0.015565567649900913,38.54631423950195
512,0.5125125050544739,60.29024124145508,-0.00037805986357852817,-0.016555598005652428,41.18284606933594
513,0.5135135054588318,60.341392517089844,-0.0003663398092612624,-0.015343834646046162,37.88878631591797
514,0.5145145058631897,60.39259719848633,-0.0003613711742218584,-0.014851582236588001,36.47810363769531
515,0.5155155062675476,60.44384002685547,-0.00035175244556739926,-0.01397479884326458,33.98505401611328
516,0.5165165066719055,60.495121002197266,-0.00034610703005455434,-0.013610262423753738,32.8517951965332
517,0.5175175070762634,60.54645538330078,-0.0003326410660520196,-0.01255077589303255,29.67962646484375
518,0.5185185074806213,60.59783172607422,-0.00033293612068518996,-0.01277096290141344,30.368404388427734
519,0.5195195078849792,60.64924621582031,-0.0003295207570772618,-0.012523505836725235,29.6707763671875
520,0.5205205082893372,60.700706481933594,-0.00032697583083063364,-0.012301642447710037,29.076356887817383
521,0.5215215086936951,60.75221252441406,-0.00032476455089636147,-0.011218166910111904,25.8059139251709
522,0.522522509098053,60.80376434326172,-0.0003289938613306731,-0.010559813119471073,23.828704833984375
523,0.5235235095024109,60.85535430908203,-0.00033607392106205225,-0.009916778653860092,21.96036720275879
524,0.5245245099067688,60.90699005126953,-0.0003320322139188647,-0.010181228630244732,22.792909622192383
525,0.5255255103111267,60.95866775512695,-0.0003335920046083629,-0.010091380216181278,22.47945785522461
526,0.5265265107154846,61.01039123535156,-0.00033828208688646555,-0.009741966612637043,21.367321014404297
527,0.5275275111198425,61.06216049194336,-0.0003269969020038843,-0.010759802535176277,24.36063003540039
528,0.5285285115242004,61.11397171020508,-0.00033876963425427675,-0.009650624357163906,20.963056564331055
529,0.5295295119285583,61.165828704833984,-0.0003328353923279792,-0.00996355153620243,21.88031578063965
530,0.5305305123329163,61.21773147583008,-0.00032350397668778896,-0.010911943390965462,24.849557876586914
531,0.5315315127372742,61.26966857910156,-0.0003225968102924526,-0.011170761659741402,25.776256561279297
532,0.5325325131416321,61.3216552734375,-0.0003343663993291557,-0.009617123752832413,21.192283630371094
533,0.53353351354599,61.373695373535156,-0.00035272733657620847,-0.008005490526556969,16.656261444091797
534,0.5345345139503479,61.4257698059082,-0.00035497674252837896,-0.007524444255977869,15.386395454406738
535,0.5355355143547058,61.47788619995117,-0.0003584146616049111,-0.007043080870062113,14.154868125915527
536,0.5365365147590637,61.530052185058594,-0.0003603378718253225,-0.006930240895599127,13.935381889343262
537,0.5375375151634216,61.5822639465332,-0.0003640374634414911,-0.006546518765389919,12.969586372375488
538,0.5385385155677795,61.63451385498047,-0.00035837118048220873,-0.005272616632282734,9.576664924621582
539,0.5395395755767822,61.68681716918945,-0.00036472000647336245,-0.006068744231015444,11.818763732910156
540,0.5405405759811401,61.73915481567383,-0.000357327691745013,-0.005265128333121538,9.560491561889648
541,0.541541576385498,61.791542053222656,-0.000358942779712379,-0.005490424111485481,10.190860748291016
542,0.542542576789856,61.843971252441406,-0.0003591690328903496,-0.005536965094506741,10.364975929260254
543,0.5435435771942139,61.89645004272461,-0.00036318827187642455,-0.005899123847484589,11.4215669631958
544,0.5445445775985718,61.94896697998047,-0.0003691783349495381,-0.007202890235930681,14.992793083190918
545,0.5455455780029297,62.001529693603516,-0.00036942443693988025,-0.006995002739131451,14.454453468322754
546,0.5465465784072876,62.05413818359375,-0.0003681272210087627,-0.007562510669231415,15.995243072509766
547,0.5475475788116455,62.10679244995117,-0.0003675372281577438,-0.0076603456400334835,16.29231834411621
548,0.5485485792160034,62.159488677978516,-0.00036727238330058753,-0.0076620993204414845,16.319168090820312
549,0.5495495796203613,62.21223068237305,-0.0003669193247333169,-0.007200330961495638,15.060347557067871
550,0.5505505800247192,62.26502227783203,-0.0003666747361421585,-0.008231603540480137,17.890625
551,0.5515515804290771,62.31785202026367,-0.00036506284959614277,-0.008870841935276985,19.67845344543457
552,0.5525525808334351,62.3707275390625,-0.0003624645760282874,-0.009560017846524715,21.642169952392578
553,0.553553581237793,62.42365264892578,-0.00036327214911580086,-0.009682055562734604,22.119304656982422
554,0.5545545816421509,62.476619720458984,-0.0003670795704238117,-0.00917740073055029,20.84686851501465
555,0.5555555820465088,62.52962875366211,-0.0003672564635053277,-0.008977712132036686,20.37824249267578
556,0.5565565824508667,62.58268737792969,-0.00037006300408393145,-0.008321003057062626,18.631105422973633
557,0.5575575828552246,62.63578796386719,-0.0003741664404515177,-0.007029642350971699,15.14052963256836
558,0.5585585832595825,62.688934326171875,-0.0003708458971232176,-0.007257149089127779,15.718042373657227
559,0.5595595836639404,62.74212646484375,-0.0003660830552689731,-0.007345430552959442,15.914578437805176
560,0.5605605840682983,62.79536437988281,-0.0003598527400754392,-0.007449015509337187,16.09714698791504
561,0.5615615844726562,62.8486442565918,-0.0003592220018617809,-0.006756870541721582,14.143048286437988
562,0.5625625848770142,62.901973724365234,-0.0003550093970261514,-0.005803458392620087,11.484674453735352
563,0.5635635852813721,62.955345153808594,-0.00035395403392612934,-0.005882798694074154,11.802397727966309
564,0.56456458568573,63.008766174316406,-0.0003454963443800807,-0.005025277379900217,9.422778129577637
565,0.5655655860900879,63.062225341796875,-0.0003330810577608645,-0.0038274978287518024,5.98183536529541
566,0.5665665864944458,63.11573791503906,-0.00034055457217618823,-0.004598730243742466,8.444725036621094
567,0.5675675868988037,63.16929244995117,-0.0003397086402401328,-0.00450698658823967,8.376766204833984
568,0.5685685873031616,63.2228889465332,-0.00033532315865159035,-0.004036410246044397,7.180453777313232
569,0.5695695877075195,63.27653503417969,-0.0003348943137098104,-0.003694613929837942,6.255748748779297
570,0.5705705881118774,63.33022689819336,-0.00033688670373521745,-0.003200269304215908,4.796891212463379
571,0.5715715885162354,63.38396072387695,-0.000344867876265198,-0.00248348549939692,2.6824750900268555
572,0.5725725889205933,63.437744140625,-0.0003525408392306417,-0.002114509465172887,1.6420769691467285
573,0.5735735893249512,63.4915657043457,-0.0003525417414493859,-0.002607857109978795,3.0262651443481445
574,0.5745745897293091,63.545440673828125,-0.0003528690431267023,-0.003352691885083914,5.0330810546875
575,0.575575590133667,63.599361419677734,-0.0003528550732880831,-0.0036477046087384224,5.757812976837158
576,0.5765765905380249,63.65332794189453,-0.0003510977840051055,-0.004557040054351091,8.285362243652344
577,0.5775775909423828,63.707332611083984,-0.000349510635714978,-0.00573495589196682,11.63273811340332
578,0.5785785913467407,63.761390686035156,-0.000345272826962173,-0.006416122429072857,13.618369102478027
579,0.5795795917510986,63.815494537353516,-0.0003427905903663486,-0.005603972356766462,11.32015609741211
580,0.5805805921554565,63.8696403503418,-0.0003421324072405696,-0.006063919048756361,12.745152473449707
581,0.5815815925598145,63.92383575439453,-0.00034344790037721395,-0.0060134329833090305,12.667442321777344
582,0.5825825929641724,63.97807693481445,-0.000345712061971426,-0.0055035799741744995,11.311751365661621
583,0.5835835933685303,64.03236389160156,-0.000349156791344285,-0.005684481002390385,11.924051284790039
584,0.5845845937728882,64.0866928100586,-0.00035260332515463233,-0.005769696086645126,12.185831069946289
585,0.5855855941772461,64.14107513427734,-0.00035351942642591894,-0.005110060330480337,10.284506797790527
586,0.586586594581604,64.19549560546875,-0.0003540128527674824,-0.00494570005685091,9.785953521728516
587,0.5875875949859619,64.24996948242188,-0.0003515508724376559,-0.0033131882082670927,5.144161224365234
588,0.5885885953903198,64.30448150634766,-0.0003487419744487852,-0.004066442605108023,7.289840221405029
589,0.5895895957946777,64.35903930664062,-0.00034561846405267715,-0.004374958574771881,8.186497688293457
590,0.5905905961990356,64.41365814208984,-0.0003427747287787497,-0.004895893856883049,9.719286918640137
591,0.5915915966033936,64.46830749511719,-0.0003386499301996082,-0.004775813780725002,9.370776176452637
592,0.5925925970077515,64.52301025390625,-0.0003371572238393128,-0.0054941545240581036,11.597331047058105
593,0.5935935974121094,64.5777587890625,-0.0003344463184475899,-0.005376631394028664,11.451969146728516
594,0.5945945978164673,64.63255310058594,-0.0003358860849402845,-0.005953538231551647,13.308098793029785
595,0.5955955982208252,64.68739318847656,-0.0003369410405866802,-0.006102731917053461,13.797229766845703
596,0.5965965986251831,64.74227905273438,-0.00033802687539719045,-0.006755603943020105,15.715179443359375
597,0.597597599029541,64.7972183227539,-0.0003355361404828727,-0.005635138135403395,12.434751510620117
598,0.5985985994338989,64.8521957397461,-0.00033712550066411495,-0.006384230684489012,14.782851219177246
599,0.5995995998382568,64.9072265625,-0.00033750649890862405,-0.007215026766061783,17.352869033813477
600,0.6006006002426147,64.96229553222656,-0.0003386540920473635,-0.007241091225296259,17.410274505615234
601,0.6016016006469727,65.01741790771484,-0.00034035867429338396,-0.006581536494195461,15.276086807250977
602,0.6026026010513306,65.07258605957031,-0.00033778700162656605,-0.005795547738671303,12.70384693145752
603,0.6036036014556885,65.12779998779297,-0.0003281237150076777,-0.003901140997186303,6.832025527954102
604,0.6046046018600464,65.18305969238281,-0.00033194449497386813,-0.004106597974896431,7.390244007110596
605,0.6056056022644043,65.23836517333984,-0.00033325166441500187,-0.004179305396974087,7.661116123199463
606,0.6066066026687622,65.2937240600586,-0.0003335336223244667,-0.004411048721522093,8.424838066101074
607,0.6076076030731201,65.34912872314453,-0.0003338712267577648,-0.004534976091235876,8.874551773071289
608,0.608608603477478,65.40457916259766,-0.0003356413799338043,-0.004880362190306187,9.9655122756958
609,0.6096096038818359,65.46007537841797,-0.00033838063245639205,-0.005298633594065905,11.273069381713867
610,0.6106106042861938,65.51561737060547,-0.0003326017176732421,-0.004416912794113159,8.751726150512695
611,0.6116116046905518,65.57120513916016,-0.0003275022027082741,-0.002937870565801859,4.398938179016113
612,0.6126126050949097,65.62684631347656,-0.0003240361111238599,-0.003204540116712451,5.341862678527832
613,0.6136136054992676,65.68252563476562,-0.0003212008741684258,-0.003059268929064274,4.965884208679199
614,0.6146146059036255,65.7382583618164,-0.0003185064415447414,-0.003223021747544408,5.491494655609131
615,0.6156156063079834,65.79403686523438,-0.00032385223312303424,-0.002159406431019306,2.1525931358337402
616,0.6166166067123413,65.84986877441406,-0.0003223009407520294,-0.00232969899661839,2.6433942317962646
617,0.6176176071166992,65.9057388305664,-0.0003266965504735708,-0.0020299814641475677,1.6743162870407104
618,0.6186186075210571,65.96166229248047,-0.0003225869731977582,-0.0024257167242467403,2.907165288925171
619,0.619619607925415,66.01763153076172,-0.00032990501495078206,-0.0018329188460484147,1.1253199577331543
620,0.620620608329773,66.07364654541016,-0.0003205400425940752,-0.003224665066227317,5.4425950050354
621,0.6216216087341309,66.12971496582031,-0.0003205797984264791,-0.002804683055728674,4.149627208709717
622,0.6226226091384888,66.18582916259766,-0.00031964186928234994,-0.0027909784112125635,4.113913536071777
623,0.6236236095428467,66.24198150634766,-0.00032288237707689404,-0.00210282439365983,1.9879645109176636
624,0.6246246099472046,66.29818725585938,-0.00031860172748565674,-0.0025379343423992395,3.4072160720825195
625,0.6256256103515625,66.35443878173828,-0.000330968527123332,-0.0013822056353092194,-0.07774782180786133
626,0.6266266107559204,66.4107437133789,-0.0003154948935844004,-0.0027773180045187473,4.293587684631348
627,0.6276276111602783,66.46709442138672,-0.00031549917184747756,-0.0025230180472135544,3.533905267715454
628,0.6286286115646362,66.52349090576172,-0.00031146922265179455,-0.0031714439392089844,5.646301746368408
629,0.6296296119689941,66.57994079589844,-0.0003143816429655999,-0.002484207972884178,3.5283913612365723
630,0.630630612373352,66.63642883300781,-0.00031294929794967175,-0.002932611620053649,5.058314800262451
631,0.63163161277771,66.6929702758789,-0.00031494221184402704,-0.003265855833888054,6.191748142242432
632,0.6326326131820679,66.74955749511719,-0.00031861374736763537,-0.003523453138768673,7.0419182777404785
633,0.6336336135864258,66.80619812011719,-0.000321527651976794,-0.003601483069360256,7.299408435821533
634,0.6346346139907837,66.86288452148438,-0.00032267739879898727,-0.002990781096741557,5.353785514831543
635,0.6356356143951416,66.91961669921875,-0.00032691843807697296,-0.0021061585284769535,2.5459039211273193
636,0.6366366147994995,66.97640228271484,-0.00032687914790585637,-0.0023633339442312717,3.2573726177215576
637,0.6376376152038574,67.0332260131836,-0.0003275600029155612,-0.003422506619244814,6.386159896850586
638,0.6386386156082153,67.0901107788086,-0.0003285470593255013,-0.003921291325241327,7.780827522277832
639,0.6396396160125732,67.14703369140625,-0.0003291364118922502,-0.004512279760092497,9.50129222869873
640,0.6406406164169312,67.20401000976562,-0.00032131915213540196,-0.003621684154495597,6.7337541580200195
641,0.6416416764259338,67.26103210449219,-0.00031788318301551044,-0.003590086940675974,6.644356727600098
642,0.6426426768302917,67.31810760498047,-0.0003177242761012167,-0.004031326621770859,8.118990898132324
643,0.6436436772346497,67.37522888183594,-0.00031432718969881535,-0.003651020582765341,7.100682258605957
644,0.6446446776390076,67.4323959350586,-0.00031214364571496844,-0.0030100159347057343,5.276147365570068
645,0.6456456780433655,67.48960876464844,-0.0003122779307886958,-0.002711330307647586,4.55046272277832
646,0.6466466784477234,67.546875,-0.00031167984707280993,-0.0027002659626305103,4.687474250793457
647,0.6476476788520813,67.60418701171875,-0.0003196538891643286,-0.0013606100110337138,0.5322525501251221
648,0.6486486792564392,67.66155242919922,-0.00031601174850948155,-0.001512781367637217,1.0621542930603027
649,0.6496496796607971,67.71896362304688,-0.00031923362985253334,-0.0010385749628767371,-0.4440118074417114
650,0.650650680065155,67.77642822265625,-0.000312175223371014,-0.0014375096652656794,0.7755138874053955
651,0.6516516804695129,67.83393859863281,-0.0003035163099411875,-0.0020088241435587406,2.4973316192626953
652,0.6526526808738708,67.89148712158203,-0.0003004704194609076,-0.002080449601635337,2.537863254547119
653,0.6536536812782288,67.9490966796875,-0.00029811920830979943,-0.002163816476240754,2.6311588287353516
654,0.6546546816825867,68.00675201416016,-0.00029302871553227305,-0.0027602880727499723,4.5681657791137695
655,0.6556556820869446,68.064453125,-0.00029450468719005585,-0.0035867856349796057,7.455270767211914
656,0.6566566824913025,68.1222152709961,-0.00029618729604408145,-0.003258226905018091,6.409522533416748
657,0.6576576828956604,68.18000793457031,-0.0002992943918798119,-0.0037835324183106422,8.279041290283203
658,0.6586586833000183,68.23786163330078,-0.0002999924181494862,-0.003125155111774802,6.2102203369140625
659,0.6596596837043762,68.29576110839844,-0.0003021023003384471,-0.003326915204524994,7.042254447937012
660,0.6606606841087341,68.35371398925781,-0.0003060463641304523,-0.0036848043091595173,8.39858341217041
661,0.661661684513092,68.41171264648438,-0.00030516431434080005,-0.0027664215303957462,5.612259864807129
662,0.66266268491745,68.46975708007812,-0.0003082896873820573,-0.0017072958871722221,2.3421576023101807
663,0.6636636853218079,68.5278549194336,-0.0003073801635764539,-0.0016735257813706994,2.359555244445801
664,0.6646646857261658,68.58599853515625,-0.00030418456299230456,-0.002112955553457141,3.846808433532715
665,0.6656656861305237,68.64419555664062,-0.0003030094667337835,-0.0024955368135124445,5.0723395347595215
666,0.6666666865348816,68.70243835449219,-0.0003033561515621841,-0.002401724923402071,4.654216289520264
667,0.6676676869392395,68.76073455810547,-0.00030752422753721476,-0.0017896797508001328,2.513996124267578
668,0.6686686873435974,68.81907653808594,-0.00030682754004374146,-0.0019394571427255869,2.877279758453369
669,0.6696696877479553,68.87747192382812,-0.0003225739928893745,-0.0007187667652033269,-1.122197151184082
670,0.6706706881523132,68.9359130859375,-0.0003372061182744801,0.0002450588217470795,-4.144402503967285
671,0.6716716885566711,68.9944076538086,-0.00033500787685625255,0.0001721455919323489,-4.017536163330078
672,0.672672688961029,69.05294799804688,-0.00032407103572040796,-0.0003861068980768323,-2.4380342960357666
673,0.673673689365387,69.11154174804688,-0.0003237436758354306,-0.0002122529549524188,-3.111896514892578
674,0.6746746897697449,69.17018127441406,-0.0003093792183790356,-0.0009065030608326197,-1.0244507789611816
675,0.6756756901741028,69.22887420654297,-0.0003057598660234362,-0.0009004222811199725,-1.072288990020752
676,0.6766766905784607,69.2876205444336,-0.0003007591876666993,-0.0010997755452990532,-0.37745070457458496
677,0.6776776909828186,69.34640502929688,-0.00029018716304562986,-0.0017975164810195565,2.024993658065796
678,0.6786786913871765,69.4052505493164,-0.0003008570638485253,-0.0010278868721798062,-0.5128629207611084
679,0.6796796917915344,69.4641342163086,-0.00029668607749044895,-0.001290701562538743,0.48659223318099976
680,0.6806806921958923,69.52307891845703,-0.0003013710957020521,-0.0010220095282420516,-0.28362202644348145
681,0.6816816926002502,69.58206939697266,-0.00029723954503424466,-0.0014038897352293134,1.0897027254104614
682,0.6826826930046082,69.64111328125,-0.0003053924301639199,-0.0008551569771952927,-0.6288614273071289
683,0.6836836934089661,69.7001953125,-0.000296012032777071,-0.0023220793809741735,4.32692813873291
684,0.684684693813324,69.75934600830078,-0.0003071785904467106,-0.0011885379208251834,0.5672229528427124
685,0.6856856942176819,69.81852722167969,-0.00030954150133766234,-0.0013612902257591486,1.1090264320373535
686,0.6866866946220398,69.87776947021484,-0.00031843874603509903,-0.00072193838423118,-0.9555214047431946
687,0.6876876950263977,69.93706512451172,-0.0003204662643838674,-0.0006973521667532623,-1.0615222454071045
688,0.6886886954307556,69.99640655517578,-0.0003352428029756993,0.0005086828605271876,-4.792513847351074
689,0.6896896958351135,70.05580139160156,-0.00034483885974623263,0.0013741288566961884,-7.348300933837891
690,0.6906906962394714,70.11524200439453,-0.00035170692717656493,0.0024044031742960215,-10.291888236999512
691,0.6916916966438293,70.17473602294922,-0.0003453136305324733,0.0017997301183640957,-8.55378532409668
692,0.6926926970481873,70.23428344726562,-0.0003446668852120638,0.0018886181060224771,-8.801546096801758
693,0.6936936974525452,70.29387664794922,-0.0003436765691731125,0.0019378908909857273,-8.937162399291992
694,0.6946946978569031,70.353515625,-0.000343401450663805,0.0020897244103252888,-9.409879684448242
695,0.695695698261261,70.41321563720703,-0.0003445112961344421,0.0030639171600341797,-12.269149780273438
696,0.6966966986656189,70.47296142578125,-0.00034052133560180664,0.003444316564127803,-13.405677795410156
697,0.6976976990699768,70.53276062011719,-0.0003375224187038839,0.0042496551759541035,-15.84523868560791
698,0.6986986994743347,70.59259796142578,-0.0003366581513546407,0.0039619021117687225,-15.059065818786621
699,0.6996996998786926,70.65249633789062,-0.00033742477535270154,0.0044884649105370045,-16.66891860961914
700,0.7007007002830505,70.71244812011719,-0.00033987866481766105,0.004050818737596273,-15.393153190612793
701,0.7017017006874084,70.77244567871094,-0.0003408246557228267,0.004884686321020126,-17.839139938354492
702,0.7027027010917664,70.83250427246094,-0.00034312301431782544,0.004631675314158201,-17.108177185058594
703,0.7037037014961243,70.8926010131836,-0.0003433537494856864,0.005120731890201569,-18.564287185668945
704,0.7047047019004822,70.95275115966797,-0.0003424512397032231,0.004730432294309139,-17.443492889404297
705,0.7057057023048401,71.0129623413086,-0.00033911303034983575,0.005615681409835815,-20.073305130004883
706,0.706706702709198,71.07321166992188,-0.00033745114342309535,0.006641659885644913,-23.18816375732422
707,0.7077077031135559,71.1335220336914,-0.0003344722790643573,0.006023525260388851,-21.44915771484375
708,0.7087087035179138,71.19387817382812,-0.0003364876611158252,0.0072847469709813595,-25.316118240356445
709,0.7097097039222717,71.25428771972656,-0.00033440598053857684,0.0064362832345068455,-22.87091827392578
710,0.7107107043266296,71.31475067138672,-0.0003336977679282427,0.005711593199521303,-20.762027740478516
711,0.7117117047309875,71.37525939941406,-0.00033138180151581764,0.004522259347140789,-17.223148345947266
712,0.7127127051353455,71.4358139038086,-0.0003336377558298409,0.005395523738116026,-19.85519027709961
713,0.7137137055397034,71.4964370727539,-0.0003333458735141903,0.006073777098208666,-21.841793060302734
714,0.7147147059440613,71.55709838867188,-0.000330098788253963,0.005678528919816017,-20.568584442138672
715,0.7157157063484192,71.61781311035156,-0.0003302617114968598,0.0062675452791154385,-22.22413444519043
716,0.7167167067527771,71.67858123779297,-0.0003293346962891519,0.006995369214564562,-24.382402420043945
717,0.717717707157135,71.7394027709961,-0.0003300174721516669,0.00815901905298233,-27.929378509521484
718,0.7187187075614929,71.8002700805664,-0.0003293108311481774,0.00757650937885046,-26.16002655029297
719,0.7197197079658508,71.86119842529297,-0.0003331369371153414,0.008761405944824219,-29.707365036010742
720,0.7207207083702087,71.92217254638672,-0.00033267479739151895,0.007666630204766989,-26.408370971679688
721,0.7217217087745667,71.98320007324219,-0.0003310942556709051,0.006698535289615393,-23.543607711791992
722,0.7227227091789246,72.04427337646484,-0.0003319309907965362,0.007959645241498947,-27.390247344970703
723,0.7237237095832825,72.10540771484375,-0.00033086747862398624,0.006894383113831282,-24.20427703857422
724,0.7247247099876404,72.16658782958984,-0.0003299544914625585,0.006859349552541971,-24.159101486206055
725,0.7257257103919983,72.22782135009766,-0.00032727763755246997,0.007113421335816383,-25.031909942626953
726,0.7267267107963562,72.28910827636719,-0.0003258225624449551,0.009096245281398296,-31.265625
727,0.7277277112007141,72.3504409790039,-0.0003234662290196866,0.009162785485386848,-31.647260665893555
728,0.728728711605072,72.41183471679688,-0.0003233960596844554,0.010059214197099209,-34.62450408935547
729,0.7297297120094299,72.47327423095703,-0.00031974795274436474,0.009573502466082573,-33.32378387451172
730,0.7307307124137878,72.53477478027344,-0.00031692543416284025,0.009089899249374866,-31.922245025634766
731,0.7317317128181458,72.59632110595703,-0.0003145908412989229,0.00852823443710804,-30.174196243286133
732,0.7327327132225037,72.65791320800781,-0.00031098531326279044,0.007540302351117134,-27.01271629333496
733,0.7337337136268616,72.71956634521484,-0.00030830397736281157,0.006620928645133972,-23.967315673828125
734,0.7347347140312195,72.78126525878906,-0.00030908198095858097,0.00721666868776083,-25.775020599365234
735,0.7357357144355774,72.84302520751953,-0.0003091801190748811,0.007250038906931877,-25.74492073059082
736,0.7367367148399353,72.90483093261719,-0.0003104513161815703,0.00802367739379406,-28.095378875732422
737,0.7377377152442932,72.96669006347656,-0.0003135035512968898,0.006548280827701092,-23.233211517333984
738,0.7387387156486511,73.02860260009766,-0.0003137946187052876,0.008142274804413319,-28.290437698364258
739,0.739739716053009,73.09056854248047,-0.0003151402052026242,0.008857197128236294,-30.594764709472656
740,0.7407407164573669,73.152587890625,-0.00031517454772256315,0.00896261353045702,-31.03136444091797
741,0.7417417168617249,73.21465301513672,-0.0003148193354718387,0.00877439882606268,-30.55196762084961
742,0.7427427172660828,73.27677917480469,-0.0003155666054226458,0.00904338713735342,-31.556175231933594
743,0.7437437772750854,73.33895874023438,-0.0003217291086912155,0.01063548307865858,-36.70601272583008
744,0.7447447776794434,73.40119171142578,-0.0003254920884501189,0.011174025945365429,-38.47782897949219
745,0.7457457780838013,73.46347045898438,-0.00032943551195785403,0.011876419186592102,-40.67778396606445
746,0.7467467784881592,73.52580261230469,-0.0003273023176006973,0.011568590067327023,-39.733848571777344
747,0.7477477788925171,73.58819580078125,-0.00032554284553043544,0.011469227261841297,-39.44134521484375
748,0.748748779296875,73.65062713623047,-0.00032197777181863785,0.010957515798509121,-37.9223747253418
749,0.7497497797012329,73.71311950683594,-0.00032673499663360417,0.01222335547208786,-41.90065383911133
750,0.7507507801055908,73.77567291259766,-0.00032439769711345434,0.011661054566502571,-40.191497802734375
751,0.7517517805099487,73.83826446533203,-0.00032654678216204047,0.012058863416314125,-41.40309524536133
752,0.7527527809143066,73.90092468261719,-0.0003267315332777798,0.011647157371044159,-40.095401763916016
753,0.7537537813186646,73.963623046875,-0.00032909237779676914,0.012014984153211117,-41.196739196777344
754,0.7547547817230225,74.02638244628906,-0.00032863474916666746,0.011933180503547192,-41.038883209228516
755,0.7557557821273804,74.08919525146484,-0.00032506039133295417,0.010937114246189594,-38.227813720703125
756,0.7567567825317383,74.15206146240234,-0.0003232554590795189,0.01104428619146347,-38.779273986816406
757,0.7577577829360962,74.21498107910156,-0.00032371492125093937,0.012760259211063385,-44.30563735961914
758,0.7587587833404541,74.2779541015625,-0.00032704308978281915,0.014502500183880329,-49.85126495361328
759,0.759759783744812,74.34097290039062,-0.00033321717637591064,0.015972604975104332,-54.38750457763672
760,0.7607607841491699,74.404052734375,-0.0003367587341926992,0.016303151845932007,-55.340003967285156
761,0.7617617845535278,74.4671859741211,-0.0003390784841030836,0.01643962971866131,-55.71393585205078
762,0.7627627849578857,74.53038024902344,-0.00033616909058764577,0.015882620587944984,-54.10541534423828
763,0.7637637853622437,74.59361267089844,-0.0003330375184305012,0.015526119619607925,-53.10560989379883
764,0.7647647857666016,74.65690612792969,-0.0003310187894385308,0.015505766496062279,-53.102142333984375
765,0.7657657861709595,74.72025299072266,-0.00032573594944551587,0.01457834243774414,-50.29582595825195
766,0.7667667865753174,74.78365325927734,-0.00032526900758966804,0.014821027405560017,-51.04030990600586
767,0.7677677869796753,74.84710693359375,-0.0003190860152244568,0.013478114269673824,-46.964134216308594
768,0.7687687873840332,74.91061401367188,-0.00031887751538306475,0.014118551276624203,-49.17319869995117
769,0.7697697877883911,74.97418212890625,-0.00031817611306905746,0.01445956900715828,-50.408206939697266
770,0.770770788192749,75.03779602050781,-0.0003179241030011326,0.014552110806107521,-50.772117614746094
771,0.7717717885971069,75.1014633178711,-0.00031761208083480597,0.014234058558940887,-49.758087158203125
772,0.7727727890014648,75.1651840209961,-0.00031613701139576733,0.013398456387221813,-47.072669982910156
773,0.7737737894058228,75.22896575927734,-0.00031421941821463406,0.012185978703200817,-43.08136749267578
774,0.7747747898101807,75.29280090332031,-0.00031420151935890317,0.012186587788164616,-43.03469467163086
775,0.7757757902145386,75.35668182373047,-0.00031227897852659225,0.011532071977853775,-40.9173698425293
776,0.7767767906188965,75.42062377929688,-0.00031140464125201106,0.01159369945526123,-41.09663772583008
777,0.7777777910232544,75.484619140625,-0.0003096278815064579,0.01128651387989521,-40.069305419921875
778,0.7787787914276123,75.54866790771484,-0.00030719299684278667,0.011088031344115734,-39.42172622680664
779,0.7797797918319702,75.6127700805664,-0.00030744244577363133,0.012011278420686722,-42.39570236206055
780,0.7807807922363281,75.67693328857422,-0.0003044496988877654,0.011563219130039215,-40.89092254638672
781,0.781781792640686,75.74114227294922,-0.0003023513709194958,0.011732596904039383,-41.48005294799805
782,0.782782793045044,75.80540466308594,-0.00030166690703481436,0.012286713346838951,-43.39375305175781
783,0.7837837934494019,75.8697280883789,-0.00030405190773308277,0.013332225382328033,-46.96369934082031
784,0.7847847938537598,75.9341049194336,-0.0003042438183911145,0.013665400445461273,-48.24221420288086
785,0.7857857942581177,75.99853515625,-0.0003002870362251997,0.01301820669323206,-46.225059509277344
786,0.7867867946624756,76.06301879882812,-0.00029824726516380906,0.012586919590830803,-44.84291076660156
787,0.7877877950668335,76.1275634765625,-0.0002968850312754512,0.0118207186460495,-42.26848602294922
788,0.7887887954711914,76.19215393066406,-0.00029753713170066476,0.010943672619760036,-39.306114196777344
789,0.7897897958755493,76.25680541992188,-0.00030068328487686813,0.011780913919210434,-42.078041076660156
790,0.7907907962799072,76.3215103149414,-0.0003023688914254308,0.011560200713574886,-41.36265182495117
791,0.7917917966842651,76.38626861572266,-0.00030285120010375977,0.011010994203388691,-39.65424728393555
792,0.792792797088623,76.45108032226562,-0.00030272500589489937,0.011055194772779942,-39.920997619628906
793,0.793793797492981,76.51595306396484,-0.00030153722036629915,0.009758368134498596,-35.70016098022461
794,0.7947947978973389,76.58087921142578,-0.0003008646599482745,0.009355771355330944,-34.42540740966797
795,0.7957957983016968,76.64585876464844,-0.00030092039378359914,0.010465963743627071,-38.14979553222656
796,0.7967967987060547,76.71089172363281,-0.0003003730671480298,0.010226111859083176,-37.401893615722656
797,0.7977977991104126,76.7759780883789,-0.0002990884240716696,0.00849092286080122,-31.67598533630371
798,0.7987987995147705,76.84112548828125,-0.0002973366645164788,0.008401325903832912,-31.49015998840332
799,0.7997997999191284,76.90632629394531,-0.0002957908436655998,0.008593115955591202,-32.30045700073242
800,0.8008008003234863,76.97157287597656,-0.0002934765361715108,0.007811900693923235,-29.82615852355957
801,0.8018018007278442,77.03689575195312,-0.000293257471639663,0.008507302030920982,-32.39574432373047
802,0.8028028011322021,77.10225677490234,-0.00029189797351136804,0.007640447001904249,-29.63132667541504
803,0.8038038015365601,77.16767883300781,-0.0002932544448412955,0.008236722089350224,-31.880107879638672
804,0.804804801940918,77.233154296875,-0.0002936626842711121,0.008097718469798565,-31.589649200439453
805,0.8058058023452759,77.29869079589844,-0.00029355031438171864,0.007496016100049019,-29.657787322998047
806,0.8068068027496338,77.36427307128906,-0.00029513452318497,0.00783135648816824,-30.856399536132812
807,0.8078078031539917,77.42991638183594,-0.0002938551770057529,0.007519552484154701,-29.81100845336914
808,0.8088088035583496,77.49562072753906,-0.00028882059268653393,0.0066697122529149055,-26.855022430419922
809,0.8098098039627075,77.56137084960938,-0.0002829813165590167,0.005990331992506981,-24.4188232421875
810,0.8108108043670654,77.62718963623047,-0.0002823609102051705,0.006603143643587828,-26.514270782470703
811,0.8118118047714233,77.69306182861328,-0.0002781475486699492,0.006209077779203653,-25.040842056274414
812,0.8128128051757812,77.75897979736328,-0.0002779425703920424,0.0065816231071949005,-26.314777374267578
813,0.8138138055801392,77.82495880126953,-0.0002802613889798522,0.007708844728767872,-30.267488479614258
814,0.8148148059844971,77.8909912109375,-0.00027836713707074523,0.007365975994616747,-28.958528518676758
815,0.815815806388855,77.95708465576172,-0.0002768798731267452,0.0063568479381501675,-25.227977752685547
816,0.8168168067932129,78.02323150634766,-0.0002771593863144517,0.006650903727859259,-26.194610595703125
817,0.8178178071975708,78.08943176269531,-0.0002751018910203129,0.007600646000355482,-29.54400062561035
818,0.8188188076019287,78.15569305419922,-0.00027438689721748233,0.00678552221506834,-26.519691467285156
819,0.8198198080062866,78.22200775146484,-0.00027171039255335927,0.006842124741524458,-26.721790313720703
820,0.8208208084106445,78.28837585449219,-0.0002649974194355309,0.008344337344169617,-32.30241394042969
821,0.8218218088150024,78.35481262207031,-0.00026338727911934257,0.008451084606349468,-32.662818908691406
822,0.8228228092193604,78.4212875366211,-0.0002643545449245721,0.00802118144929409,-30.980243682861328
823,0.8238238096237183,78.48783874511719,-0.0002675371943041682,0.007467139512300491,-28.81905746459961
824,0.8248248100280762,78.55442810058594,-0.0002664705680217594,0.007954001426696777,-30.5706729888916
825,0.8258258104324341,78.62108612060547,-0.00026595464441925287,0.008411782793700695,-32.277217864990234
826,0.826826810836792,78.68779754638672,-0.0002700809855014086,0.008001809008419514,-30.712299346923828
827,0.8278278112411499,78.75455474853516,-0.0002748811966739595,0.0074099102057516575,-28.52887725830078
828,0.8288288116455078,78.82138061523438,-0.00027158227749168873,0.008508308790624142,-32.66050720214844
829,0.8298298120498657,78.88825988769531,-0.00027282722294330597,0.008421314880251884,-32.54811477661133
830,0.8308308124542236,78.9552001953125,-0.0002752174623310566,0.007869763299822807,-30.712749481201172
831,0.8318318128585815,79.02220153808594,-0.0002742779615800828,0.008495887741446495,-33.094970703125
832,0.8328328132629395,79.08924865722656,-0.0002753704320639372,0.008264521136879921,-32.37965393066406
833,0.8338338136672974,79.15635681152344,-0.00027648330433294177,0.0076893894001841545,-30.391132354736328
834,0.8348348140716553,79.22352600097656,-0.00027586548822000623,0.007800349034368992,-30.890241622924805
835,0.8358358144760132,79.29074096679688,-0.00027436023810878396,0.008115343749523163,-32.17567825317383
836,0.8368368148803711,79.35801696777344,-0.00027335999766364694,0.008418419398367405,-33.392555236816406
837,0.837837815284729,79.42535400390625,-0.0002744679222814739,0.008212434127926826,-32.68690490722656
838,0.8388388156890869,79.49275207519531,-0.0002757166512310505,0.008725848980247974,-34.55066680908203
839,0.8398398160934448,79.56019592285156,-0.00027648633113130927,0.00810923706740141,-32.356292724609375
840,0.8408408164978027,79.62770080566406,-0.000273930374532938,0.007067311555147171,-28.67572593688965
841,0.8418418169021606,79.69527435302734,-0.00027081090956926346,0.006645417306572199,-27.24105453491211
842,0.8428428173065186,79.76288604736328,-0.00026552961207926273,0.005762808956205845,-24.02351188659668
843,0.8438438177108765,79.83056640625,-0.00026602332945913076,0.006388729438185692,-26.436607360839844
844,0.8448448181152344,79.89830780029297,-0.00026376376627013087,0.006069885101169348,-25.269153594970703
845,0.8458458185195923,79.96610260009766,-0.0002662172191776335,0.007113147992640734,-29.23175811767578
846,0.846846878528595,80.0339584350586,-0.00026701652677729726,0.008034715428948402,-32.70459747314453
847,0.8478478789329529,80.10186004638672,-0.00026508799055591226,0.007733002305030823,-31.5969181060791
848,0.8488488793373108,80.16983032226562,-0.0002636704593896866,0.0073472135700285435,-30.110103607177734
849,0.8498498797416687,80.23786163330078,-0.00026341021293774247,0.0074161747470498085,-30.353063583374023
850,0.8508508801460266,80.30593872070312,-0.0002633808762766421,0.008078789338469505,-32.844337463378906
851,0.8518518805503845,80.37407684326172,-0.0002632340765558183,0.008602866902947426,-34.780433654785156
852,0.8528528809547424,80.44227600097656,-0.0002668118686415255,0.00756557984277606,-30.83574867248535
853,0.8538538813591003,80.51052856445312,-0.00026824360247701406,0.007620731368660927,-30.976242065429688
854,0.8548548817634583,80.57884216308594,-0.00026892931782640517,0.007638735231012106,-31.00139045715332
855,0.8558558821678162,80.647216796875,-0.00026427715783938766,0.008935716934502125,-35.86000061035156
856,0.8568568825721741,80.71565246582031,-0.00025744730373844504,0.010091518051922321,-40.3597412109375
857,0.857857882976532,80.78413391113281,-0.0002554396050982177,0.01035207137465477,-41.44758605957031
858,0.8588588833808899,80.8526840209961,-0.00025451366673223674,0.010489823296666145,-42.015357971191406
859,0.8598598837852478,80.92127990722656,-0.0002534881350584328,0.011285434477031231,-45.16600799560547
860,0.8608608841896057,80.98995208740234,-0.0002541586582083255,0.011958612129092216,-47.84602355957031
861,0.8618618845939636,81.05866241455078,-0.0002531094942241907,0.012012582272291183,-48.03829574584961
862,0.8628628849983215,81.12744903564453,-0.0002511917264200747,0.01181766763329506,-47.24333190917969
863,0.8638638854026794,81.19628143310547,-0.0002516026725061238,0.012113327160477638,-48.43125534057617
864,0.8648648858070374,81.26518249511719,-0.0002503936120774597,0.011531058698892593,-46.191802978515625
865,0.8658658862113953,81.3341293334961,-0.00025158224161714315,0.011981260031461716,-48.15677261352539
866,0.8668668866157532,81.40314483642578,-0.0002532960206735879,0.012187834829092026,-49.2003173828125
867,0.8678678870201111,81.47222137451172,-0.000261400593444705,0.013370359316468239,-54.053802490234375
868,0.868868887424469,81.54134368896484,-0.00025956047466024756,0.012822159565985203,-52.140380859375
869,0.8698698878288269,81.61053466796875,-0.00026455047191120684,0.013320584781467915,-54.20923614501953
870,0.8708708882331848,81.6797866821289,-0.0002646912180352956,0.013002929277718067,-53.18954849243164
871,0.8718718886375427,81.74909210205078,-0.000269653566647321,0.013494299724698067,-55.198333740234375
872,0.8728728890419006,81.81845092773438,-0.0002659127931110561,0.01262660976499319,-52.00198745727539
873,0.8738738894462585,81.88787078857422,-0.0002675280557014048,0.012968232855200768,-53.21941375732422
874,0.8748748898506165,81.95735931396484,-0.0002699260367080569,0.013695641420781612,-55.778011322021484
875,0.8758758902549744,82.02690887451172,-0.0002711106790229678,0.014514710754156113,-58.689788818359375
876,0.8768768906593323,82.09650421142578,-0.00026930103194899857,0.014431043528020382,-58.33246612548828
877,0.8778778910636902,82.1661605834961,-0.00026870431611314416,0.014608454890549183,-59.05318832397461
878,0.8788788914680481,82.23587799072266,-0.0002685793733689934,0.014783809892833233,-59.894649505615234
879,0.879879891872406,82.30565643310547,-0.000266899645794183,0.014050005935132504,-57.41297149658203
880,0.8808808922767639,82.37548828125,-0.0002653250121511519,0.01352590974420309,-55.76856231689453
881,0.8818818926811218,82.44538116455078,-0.00026523531414568424,0.013621374033391476,-56.431739807128906
882,0.8828828930854797,82.51534271240234,-0.0002665040083229542,0.014185991138219833,-58.67141342163086
883,0.8838838934898376,82.58535766601562,-0.0002654771087691188,0.013957620598375797,-57.84486770629883
884,0.8848848938941956,82.65543365478516,-0.0002647135406732559,0.013698664493858814,-56.84257507324219
885,0.8858858942985535,82.72557067871094,-0.0002657054865267128,0.01380250509828329,-57.186100006103516
886,0.8868868947029114,82.7957534790039,-0.0002662578481249511,0.013866071589291096,-57.37874221801758
887,0.8878878951072693,82.86600494384766,-0.00026597868418321013,0.014020303264260292,-58.03239822387695
888,0.8888888955116272,82.93631744384766,-0.00026515580248087645,0.014307043515145779,-59.371402740478516
889,0.8898898959159851,83.00669860839844,-0.00026376760797575116,0.014243784360587597,-59.42691421508789
890,0.890890896320343,83.0771255493164,-0.00026487105060368776,0.014794052578508854,-61.81028747558594
891,0.8918918967247009,83.14761352539062,-0.0002650530659593642,0.014856981113553047,-62.24723815917969
892,0.8928928971290588,83.21817016601562,-0.00026405559037812054,0.014496159739792347,-61.012718200683594
893,0.8938938975334167,83.28878021240234,-0.00025930878473445773,0.013367722742259502,-56.801979064941406
894,0.8948948979377747,83.35945129394531,-0.00026005390100181103,0.013563438318669796,-57.610206604003906
895,0.8958958983421326,83.43018341064453,-0.0002581017615739256,0.013197665102779865,-56.2178840637207
896,0.8968968987464905,83.5009765625,-0.00025494920555502176,0.01261027529835701,-53.951961517333984
897,0.8978978991508484,83.57182312011719,-0.0002573481178842485,0.01305172499269247,-55.779727935791016
898,0.8988988995552063,83.64273071289062,-0.00025690626353025436,0.01308841910213232,-56.113677978515625
899,0.8998998999595642,83.71370697021484,-0.00026262085884809494,0.014322716742753983,-61.02280044555664
900,0.9009009003639221,83.78473663330078,-0.0002548886986915022,0.012973428703844547,-55.88197326660156
901,0.90190190076828,83.85582733154297,-0.00025772576918825507,0.013568960130214691,-58.30488967895508
902,0.9029029011726379,83.9269790649414,-0.00025738769909366965,0.013575299642980099,-58.49811935424805
903,0.9039039015769958,83.99818420410156,-0.0002557625703047961,0.013393457047641277,-57.951812744140625
904,0.9049049019813538,84.06946563720703,-0.0002522285794839263,0.013020491227507591,-56.55620574951172
905,0.9059059023857117,84.14079284667969,-0.0002523561706766486,0.013456535525619984,-58.260414123535156
906,0.9069069027900696,84.21219635009766,-0.0002500734990462661,0.013481092639267445,-58.21664047241211
907,0.9079079031944275,84.28364562988281,-0.00025159548386000097,0.014194407500326633,-60.8906364440918
908,0.9089089035987854,84.35516357421875,-0.0002497100504115224,0.014014170505106449,-60.009552001953125
909,0.9099099040031433,84.42674255371094,-0.0002477261587046087,0.013528945855796337,-57.97412109375
910,0.9109109044075012,84.49837493896484,-0.0002452853077556938,0.012723024003207684,-54.81511688232422
911,0.9119119048118591,84.57007598876953,-0.0002458896196912974,0.012812931090593338,-55.39859390258789
912,0.912912905216217,84.64183044433594,-0.0002452460757922381,0.012627087533473969,-54.93347930908203
913,0.913913905620575,84.71365356445312,-0.0002439188538119197,0.012216460891067982,-53.5137939453125
914,0.9149149060249329,84.78553009033203,-0.0002444623678456992,0.01257383730262518,-55.18537521362305
915,0.9159159064292908,84.85746765136719,-0.00024178935564123094,0.012006322853267193,-52.97270965576172
916,0.9169169068336487,84.92947387695312,-0.00024150560784619302,0.012162575498223305,-53.67374801635742
917,0.9179179072380066,85.00153350830078,-0.00024614151334390044,0.013483756221830845,-59.1177864074707
918,0.9189189076423645,85.07366180419922,-0.00024442607536911964,0.013153904117643833,-57.8717155456543
919,0.9199199080467224,85.1458511352539,-0.00024806117289699614,0.014106606133282185,-61.9279899597168
920,0.9209209084510803,85.21809387207031,-0.0002460987016092986,0.013868859969079494,-61.150238037109375
921,0.9219219088554382,85.29039764404297,-0.0002426345308776945,0.013342992402613163,-59.146095275878906
922,0.9229229092597961,85.3627700805664,-0.00023638230049982667,0.012293116189539433,-54.872074127197266
923,0.923923909664154,85.43519592285156,-0.00023318713647313416,0.011769942007958889,-52.707275390625
924,0.924924910068512,85.50769805908203,-0.00023048881848808378,0.01102089136838913,-49.57378387451172
925,0.9259259104728699,85.58024597167969,-0.0002303697110619396,0.011074906215071678,-49.90128707885742
926,0.9269269108772278,85.6528549194336,-0.00023418894852511585,0.012167655862867832,-54.66593551635742
927,0.9279279112815857,85.72554779052734,-0.0002373770548729226,0.012686156667768955,-56.90568542480469
928,0.9289289116859436,85.79827880859375,-0.00023735151626169682,0.012484757229685783,-56.09890365600586
929,0.9299299120903015,85.87108612060547,-0.0002389202854828909,0.012719403021037579,-57.03651809692383
930,0.9309309124946594,85.9439468383789,-0.0002397080243099481,0.012926504947245121,-57.935211181640625
931,0.9319319128990173,86.01686096191406,-0.00023759750183671713,0.012566225603222847,-56.528812408447266
932,0.9329329133033752,86.08985137939453,-0.00023667019559070468,0.012514032423496246,-56.43840026855469
933,0.9339339137077332,86.16289520263672,-0.00023084529675543308,0.011244756169617176,-51.038055419921875
934,0.9349349141120911,86.23600769042969,-0.00022875278955325484,0.010281276889145374,-46.82246398925781
935,0.935935914516449,86.3091812133789,-0.0002295578015036881,0.010158603079617023,-46.30693054199219
936,0.9369369149208069,86.38240814208984,-0.00023084564600139856,0.010112738236784935,-46.112548828125
937,0.9379379153251648,86.45570373535156,-0.00023351979325525463,0.009037804789841175,-41.515655517578125
938,0.9389389157295227,86.52906799316406,-0.00023488898295909166,0.008585169911384583,-39.6849365234375
939,0.9399399161338806,86.60248565673828,-0.00023463202523998916,0.008713430725038052,-40.376163482666016
940,0.9409409165382385,86.67597198486328,-0.00023291399702429771,0.009275817312300205,-42.92888641357422
941,0.9419419169425964,86.74951171875,-0.00022996682673692703,0.00997784174978733,-46.13458251953125
942,0.9429429173469543,86.82312774658203,-0.00023036266793496907,0.008963746018707752,-41.761390686035156
943,0.9439439177513123,86.89679718017578,-0.0002262434718431905,0.010079813189804554,-46.58741760253906
944,0.9449449181556702,86.97053527832031,-0.00022387676290236413,0.010441944934427738,-48.134971618652344
945,0.9459459185600281,87.04431915283203,-0.00022385054035112262,0.009990391321480274,-46.11233901977539
946,0.946946918964386,87.11817932128906,-0.00022038773749954998,0.01095909345895052,-50.472938537597656
947,0.9479479193687439,87.19210052490234,-0.00021957751596346498,0.010793158784508705,-49.7016716003418
948,0.9489489793777466,87.2660903930664,-0.00021859686239622533,0.010953945107758045,-50.4615478515625
949,0.9499499797821045,87.34013366699219,-0.00021778012160211802,0.011099498718976974,-51.29154586791992
950,0.9509509801864624,87.41423797607422,-0.00021736157941631973,0.01112950500100851,-51.63978576660156
951,0.9519519805908203,87.48841094970703,-0.00021819952235091478,0.01162330899387598,-54.12168884277344
952,0.9529529809951782,87.56263732910156,-0.00021792434563394636,0.011358577758073807,-53.10301971435547
953,0.9539539813995361,87.6369400024414,-0.00021896007820032537,0.011684857308864594,-54.78387451171875
954,0.954954981803894,87.71129608154297,-0.00021875111269764602,0.011647587642073631,-54.78418731689453
955,0.955955982208252,87.78572845458984,-0.00022005396021995693,0.011971727944910526,-56.397891998291016
956,0.9569569826126099,87.86021423339844,-0.00022042218188289553,0.012083504348993301,-56.979732513427734
957,0.9579579830169678,87.93476104736328,-0.00022219459060579538,0.012533186934888363,-59.002044677734375
958,0.9589589834213257,88.0093765258789,-0.00022284791339188814,0.012729709036648273,-59.838592529296875
959,0.9599599838256836,88.08405303955078,-0.00022136649931780994,0.012278083711862564,-57.79990768432617
960,0.9609609842300415,88.1587905883789,-0.00022163044195622206,0.012324879877269268,-58.101600646972656
961,0.9619619846343994,88.23359680175781,-0.00022182933753356338,0.01220298558473587,-57.728851318359375
962,0.9629629850387573,88.30846405029297,-0.00022324660676531494,0.012562832795083523,-59.58218765258789
963,0.9639639854431152,88.38339233398438,-0.00022396027634385973,0.012556971050798893,-59.768470764160156
964,0.9649649858474731,88.45838165283203,-0.0002242232149001211,0.012423001229763031,-59.331363677978516
965,0.965965986251831,88.53343963623047,-0.00022422702750191092,0.012274588458240032,-58.76556396484375
966,0.966966986656189,88.60856628417969,-0.00022529761190526187,0.012807903811335564,-61.1170539855957
967,0.9679679870605469,88.68374633789062,-0.00022419349988922477,0.011673109605908394,-56.006492614746094
968,0.9689689874649048,88.75899505615234,-0.00022434981656260788,0.011868301779031754,-56.828224182128906
969,0.9699699878692627,88.83431243896484,-0.00022332684602588415,0.011494209989905357,-55.04642868041992
970,0.9709709882736206,88.90968322753906,-0.00022254431678447872,0.011845790781080723,-56.50503921508789
971,0.9719719886779785,88.98513793945312,-0.00022166680719237775,0.012108872644603252,-57.602317810058594
972,0.9729729890823364,89.06063842773438,-0.00022012065164744854,0.01206298265606165,-57.33161544799805
973,0.9739739894866943,89.13619995117188,-0.0002184651093557477,0.012207630090415478,-58.04662322998047
974,0.9749749898910522,89.21183776855469,-0.00021736478083766997,0.012357576750218868,-58.91129684448242
975,0.9759759902954102,89.28753662109375,-0.00021549688244704157,0.011245379224419594,-53.94358825683594
976,0.9769769906997681,89.36328887939453,-0.00021437491523101926,0.0115236546844244,-55.26557922363281
977,0.977977991104126,89.43911743164062,-0.0002137557021342218,0.011969241313636303,-57.36503982543945
978,0.9789789915084839,89.5150146484375,-0.0002131234505213797,0.011803911998867989,-56.610740661621094
979,0.9799799919128418,89.59095764160156,-0.00021310837473720312,0.012171491049230099,-58.39022445678711
980,0.9809809923171997,89.66697692871094,-0.00021239221678115427,0.01206043642014265,-57.96539306640625
981,0.9819819927215576,89.7430648803711,-0.00021140166791155934,0.012026559561491013,-57.93888473510742
982,0.9829829931259155,89.81920623779297,-0.00021046394249424338,0.012121587991714478,-58.65047836303711
983,0.9839839935302734,89.89541625976562,-0.00020931816834490746,0.011963064782321453,-58.160701751708984
984,0.9849849939346313,89.97168731689453,-0.00020780539489351213,0.011087659746408463,-54.17877197265625
985,0.9859859943389893,90.04803466796875,-0.00020796505850739777,0.011509181931614876,-56.35420608520508
986,0.9869869947433472,90.12445068359375,-0.00020843002130277455,0.011740724556148052,-57.57364273071289
987,0.9879879951477051,90.20091247558594,-0.00020874280016869307,0.01184576191008091,-58.20917510986328
988,0.988988995552063,90.27745819091797,-0.00020905197015963495,0.01178931538015604,-58.09396743774414
989,0.9899899959564209,90.35404968261719,-0.00020901497919112444,0.011494367383420467,-56.84944534301758
990,0.9909909963607788,90.43071746826172,-0.0002094484807457775,0.011778619140386581,-58.370208740234375
991,0.9919919967651367,90.5074462890625,-0.0002116532705258578,0.01294585783034563,-64.04740142822266
992,0.9929929971694946,90.58423614501953,-0.00020994601072743535,0.01242076139897108,-61.68666458129883
993,0.9939939975738525,90.6611099243164,-0.00020951766055077314,0.012601425871253014,-62.639312744140625
994,0.9949949979782104,90.73802947998047,-0.00021043307788204402,0.01348654180765152,-66.92683410644531
995,0.9959959983825684,90.81501770019531,-0.0002097389951813966,0.013380724005401134,-66.4887466430664
996,0.9969969987869263,90.89208221435547,-0.00020845734979957342,0.012675280682742596,-63.08332061767578
997,0.9979979991912842,90.96920013427734,-0.00021151959663257003,0.013547192327678204,-67.15391540527344
998,0.9989989995956421,91.04638671875,-0.00021649108384735882,0.014135967940092087,-69.73567962646484
999,1.0,91.12364959716797,-0.00021988613298162818,0.012841612100601196,-63.56118392944336
