index,timestep,Diffusion_Coeff,Divergence,score,pos
0,0.0,39.05299377441406,-0.02533019706606865,0.07869364321231842,-3.607024669647217
1,0.0010010009864345193,39.08612823486328,-0.027680322527885437,0.0461171418428421,-2.2245144844055176
2,0.0020020019728690386,39.11929702758789,-0.02795097604393959,0.03609856218099594,-1.889064908027649
3,0.0030030030757188797,39.15248489379883,-0.026506436988711357,-0.045127660036087036,1.0115774869918823
4,0.004004003945738077,39.185707092285156,-0.025675423443317413,-0.07779737561941147,2.2287020683288574
5,0.005005004815757275,39.218955993652344,-0.024559885263442993,-0.12284533679485321,4.0419087409973145
6,0.006006006151437759,39.25223159790039,-0.024108655750751495,-0.1380489617586136,4.728870391845703
7,0.007007007021456957,39.28553771972656,-0.022645410150289536,-0.17415939271450043,6.367530345916748
8,0.008008007891476154,39.31887435913086,-0.02144312858581543,-0.18732790648937225,7.105449199676514
9,0.009009009227156639,39.352237701416016,-0.019320517778396606,-0.20118170976638794,7.964637279510498
10,0.01001000963151455,39.38562774658203,-0.02160998061299324,-0.17037078738212585,6.704127311706543
11,0.011011010967195034,39.41904830932617,-0.023375291377305984,-0.08498970419168472,3.123913526535034
12,0.012012012302875519,39.452491760253906,-0.022697413340210915,-0.08794379979372025,3.40132212638855
13,0.013013012707233429,39.48596954345703,-0.022284764796495438,-0.08183175325393677,3.236886501312256
14,0.014014014042913914,39.51947021484375,-0.022855013608932495,-0.04062814265489578,1.4944590330123901
15,0.015015014447271824,39.55300521850586,-0.023031102493405342,-0.003611694322898984,-0.07427585124969482
16,0.01601601578295231,39.58656692504883,-0.02235870622098446,0.0011890546884387732,-0.25856804847717285
17,0.01701701618731022,39.620155334472656,-0.021175403147935867,0.02625907026231289,-1.4045569896697998
18,0.018018018454313278,39.653770446777344,-0.020201101899147034,0.03133387118577957,-1.6729390621185303
19,0.01901901885867119,39.68742370605469,-0.017529401928186417,0.0519837886095047,-2.820664167404175
20,0.0200200192630291,39.721092224121094,-0.017926141619682312,0.03707794472575188,-2.087847948074341
21,0.021021021530032158,39.754798889160156,-0.017320238053798676,0.032720986753702164,-1.9253720045089722
22,0.022022021934390068,39.78852844238281,-0.014313549734652042,0.05100402608513832,-3.1883840560913086
23,0.023023022338747978,39.82229232788086,-0.01232406497001648,0.05656659975647926,-3.7880325317382812
24,0.024024024605751038,39.8560791015625,-0.014889521524310112,0.028891395777463913,-1.9004392623901367
25,0.025025025010108948,39.889896392822266,-0.015503764152526855,0.0062302229925990105,-0.4728803038597107
26,0.026026025414466858,39.92374801635742,-0.015384876169264317,-0.010927935130894184,0.6355863213539124
27,0.027027025818824768,39.95762252807617,-0.015081739984452724,-0.023701563477516174,1.5054574012756348
28,0.028028028085827827,39.99152755737305,-0.012939827516674995,0.016739238053560257,-1.3545176982879639
29,0.029029028490185738,40.02545928955078,-0.011407582089304924,0.02950509451329708,-2.4765233993530273
30,0.030030028894543648,40.05942153930664,-0.008279731497168541,0.0468980148434639,-4.315941333770752
31,0.031031031161546707,40.093414306640625,-0.01161658950150013,0.02158539928495884,-1.928481101989746
32,0.03203203156590462,40.1274299621582,-0.011610335670411587,0.018218733370304108,-1.7034744024276733
33,0.03303303197026253,40.16147994995117,-0.012646750546991825,-0.0016800190787762403,-0.09762787818908691
34,0.03403403237462044,40.195556640625,-0.011613204143941402,0.01291245874017477,-1.320786476135254
35,0.03503503277897835,40.22966384887695,-0.012048734351992607,0.0012839727569371462,-0.372941255569458
36,0.036036036908626556,40.263797760009766,-0.01055467501282692,0.01812523417174816,-1.9371912479400635
37,0.03703703731298447,40.29795837402344,-0.010631388053297997,0.012210885994136333,-1.462228536605835
38,0.03803803771734238,40.3321533203125,-0.007632993161678314,0.034878477454185486,-4.003920555114746
39,0.03903903812170029,40.36637878417969,-0.010079161264002323,0.01051328144967556,-1.40315842628479
40,0.0400400385260582,40.40062713623047,-0.00992672424763441,0.007356164511293173,-1.1475961208343506
41,0.04104103893041611,40.434906005859375,-0.009975338354706764,-0.0015477655688300729,-0.31245100498199463
42,0.042042043060064316,40.469215393066406,-0.0100126713514328,-0.019030047580599785,1.4035816192626953
43,0.043043043464422226,40.50355529785156,-0.009502362459897995,-0.013618669472634792,0.844354510307312
44,0.044044043868780136,40.53792190551758,-0.00864400714635849,0.001947764540091157,-0.9063948392868042
45,0.045045044273138046,40.572322845458984,-0.00822112150490284,0.00606789905577898,-1.4452369213104248
46,0.046046044677495956,40.606746673583984,-0.007731018587946892,0.01024866383522749,-2.021703004837036
47,0.04704704508185387,40.641197204589844,-0.0059114135801792145,0.02291913889348507,-3.9285290241241455
48,0.048048049211502075,40.67568588256836,-0.0012143843341618776,0.03452933207154274,-7.203850746154785
49,0.049049049615859985,40.71019744873047,-0.0030592300463467836,0.031074341386556625,-6.058532238006592
50,0.050050050020217896,40.7447395324707,-0.002796787768602371,0.03027561865746975,-6.229251384735107
51,0.051051050424575806,40.77931213378906,-0.004070662427693605,0.024338431656360626,-5.178837776184082
52,0.052052050828933716,40.81391143798828,-0.0034869355149567127,0.023777179419994354,-5.600165367126465
53,0.053053051233291626,40.84854507446289,-0.0030182565096765757,0.023030240088701248,-5.981761932373047
54,0.054054051637649536,40.88320541381836,-0.0016913237050175667,0.023987118154764175,-7.094245910644531
55,0.055055055767297745,40.91789627075195,-0.002787439851090312,0.02013492025434971,-6.158972263336182
56,0.056056056171655655,40.952613830566406,-0.0021390870679169893,0.020175298675894737,-6.751612663269043
57,0.057057056576013565,40.987361907958984,-0.0012409818591549993,0.02047024294734001,-7.5000715255737305
58,0.058058056980371475,41.02214431762695,-0.002610899740830064,0.017300499603152275,-6.1860222816467285
59,0.059059057384729385,41.056949615478516,-0.002987342420965433,0.015032279305160046,-5.624675273895264
60,0.060060057789087296,41.0917854309082,-0.003484726417809725,0.011601566337049007,-4.740037441253662
61,0.061061061918735504,41.12665557861328,-0.0044110799208283424,0.004106380045413971,-2.880596160888672
62,0.062062062323093414,41.16154479980469,-0.0037763442378491163,0.007234677672386169,-3.564652442932129
63,0.06306306272745132,41.19647216796875,-0.0044812997803092,0.0012358981184661388,-2.0152130126953125
64,0.06406406313180923,41.23143005371094,-0.0031624771654605865,0.008779965341091156,-3.952030897140503
65,0.06506506353616714,41.266414642333984,-0.003067228477448225,0.008068799041211605,-3.9303717613220215
66,0.06606606394052505,41.301429748535156,-0.0031428649090230465,0.006726260297000408,-3.7390103340148926
67,0.06706706434488297,41.33647537231445,-0.004598269239068031,-0.008088060654699802,-0.25539547204971313
68,0.06806806474924088,41.37154769897461,-0.004322006367146969,-0.008449312299489975,-0.39060842990875244
69,0.06906906515359879,41.406654357910156,-0.004107761662453413,-0.009470640681684017,-0.3781600892543793
70,0.0700700655579567,41.44178771972656,-0.0039880545809865,-0.013496208935976028,0.3993447721004486
71,0.0710710734128952,41.476951599121094,-0.0037795722018927336,-0.01436773780733347,0.48393237590789795
72,0.07207207381725311,41.512142181396484,-0.003569524036720395,-0.012415430508553982,-0.12764455378055573
73,0.07307307422161102,41.547367095947266,-0.0034066224470734596,-0.012319508008658886,-0.18648409843444824
74,0.07407407462596893,41.582618713378906,-0.0026201275177299976,-0.001528108841739595,-3.7294771671295166
75,0.07507507503032684,41.61790466308594,-0.002350015100091696,0.0003363913856446743,-4.477282524108887
76,0.07607607543468475,41.65321731567383,-0.0015774512430652976,0.00417688162997365,-6.242084980010986
77,0.07707707583904266,41.688560485839844,-0.0010751133086159825,0.005686855874955654,-7.109675884246826
78,0.07807807624340057,41.72393035888672,-0.0003537102311383933,0.006767265032976866,-8.104899406433105
79,0.07907907664775848,41.75933074951172,-0.0006120647885836661,0.0065515669994056225,-7.761585712432861
80,0.0800800770521164,41.794769287109375,-0.0006491868989542127,0.0061415135860443115,-7.727842330932617
81,0.0810810774564743,41.830230712890625,5.704284558305517e-05,0.005761986598372459,-8.68897819519043
82,0.08208207786083221,41.865726470947266,0.00024046306498348713,0.005075628403574228,-8.96103286743164
83,0.08308307826519012,41.9012451171875,-0.0014138785190880299,0.0027449317276477814,-6.488003253936768
84,0.08408408612012863,41.93680191040039,-0.001098336884751916,0.0028748679906129837,-7.030536651611328
85,0.08508508652448654,41.97238540649414,-0.0015120173338800669,0.0015624414663761854,-6.22081184387207
86,0.08608608692884445,42.00799560546875,-0.002036711201071739,-0.0008334417943842709,-4.913891315460205
87,0.08708708733320236,42.043643951416016,-0.0012832846259698272,0.0013617182848975062,-6.46842098236084
88,0.08808808773756027,42.079315185546875,-0.0014097754610702395,0.00030786063871346414,-6.053465366363525
89,0.08908908814191818,42.115020751953125,-0.0017534150974825025,-0.001906189019791782,-4.985476970672607
90,0.09009008854627609,42.1507568359375,-0.0017910850001499057,-0.002828239928930998,-4.587991714477539
91,0.091091088950634,42.186519622802734,-0.000884651904925704,-0.0002880165120586753,-6.554779529571533
92,0.09209208935499191,42.22231674194336,-0.0005266914376989007,-0.0002770553983282298,-7.135202407836914
93,0.09309308975934982,42.258140563964844,-0.0012191836722195148,-0.002370146568864584,-5.329298973083496
94,0.09409409016370773,42.29399490356445,-0.0012181196361780167,-0.0029995141085237265,-5.131922721862793
95,0.09509509056806564,42.32988739013672,-0.0008513766806572676,-0.0023864430841058493,-6.017382621765137
96,0.09609609842300415,42.36580276489258,-0.0005715723382309079,-0.0021039433777332306,-6.792940139770508
97,0.09709709882736206,42.40175247192383,-0.0009453498059883714,-0.0031462928745895624,-5.729167461395264
98,0.09809809923171997,42.4377326965332,-0.0011520945699885488,-0.00411873497068882,-5.128816604614258
99,0.09909909963607788,42.473731994628906,-0.0010840066242963076,-0.0043625058606266975,-5.385183334350586
100,0.10010010004043579,42.5097770690918,-0.001046363147906959,-0.004689099732786417,-5.543759346008301
101,0.1011011004447937,42.545841217041016,-0.0006885414477437735,-0.0037754466757178307,-6.940972328186035
102,0.10210210084915161,42.58195114135742,-0.0010797983268275857,-0.00529849249869585,-5.4707489013671875
103,0.10310310125350952,42.618080139160156,-0.001565249403938651,-0.008498096838593483,-3.1915063858032227
104,0.10410410165786743,42.65423583984375,-0.0016955023165792227,-0.010178467258810997,-2.235992193222046
105,0.10510510206222534,42.6904296875,-0.0016856981674209237,-0.010334931313991547,-2.289865016937256
106,0.10610610246658325,42.726654052734375,-0.0017969314940273762,-0.012715061195194721,-1.0970185995101929
107,0.10710710287094116,42.762908935546875,-0.0017741359770298004,-0.017254432663321495,1.2077316045761108
108,0.10810810327529907,42.799190521240234,-0.0016946494579315186,-0.017526427283883095,1.2505017518997192
109,0.10910911113023758,42.83551025390625,-0.0016446395311504602,-0.013179542496800423,-1.3809200525283813
110,0.11011011153459549,42.871856689453125,-0.0016363380709663033,-0.01748630218207836,1.2656208276748657
111,0.1111111119389534,42.90822982788086,-0.0016213686903938651,-0.018099233508110046,1.8046890497207642
112,0.11211211234331131,42.94463348388672,-0.0016600809758529067,-0.01465250737965107,-0.028258800506591797
113,0.11311311274766922,42.9810791015625,-0.0015997628215700388,-0.017675206065177917,2.1684517860412598
114,0.11411411315202713,43.017547607421875,-0.001612381311133504,-0.01629100926220417,1.722997784614563
115,0.11511511355638504,43.054054260253906,-0.001569161075167358,-0.014353354461491108,0.9523783922195435
116,0.11611611396074295,43.090579986572266,-0.0013926245737820864,-0.010926923714578152,-1.1412278413772583
117,0.11711711436510086,43.127140045166016,-0.0014062924310564995,-0.012631645426154137,0.17194834351539612
118,0.11811811476945877,43.16373825073242,-0.0013465892989188433,-0.012284933589398861,-0.001638174057006836
119,0.11911911517381668,43.20035934448242,-0.0011632556561380625,-0.009806272573769093,-1.9659640789031982
120,0.12012011557817459,43.23701477050781,-0.001268470659852028,-0.011361543089151382,-0.7650677561759949
121,0.1211211159825325,43.27370834350586,-0.0012033344246447086,-0.011307541280984879,-1.0368406772613525
122,0.12212212383747101,43.3104248046875,-0.000982177210971713,-0.009205167181789875,-3.3252646923065186
123,0.12312312424182892,43.34716796875,-0.0009235339821316302,-0.008981173858046532,-3.9023542404174805
124,0.12412412464618683,43.38395309448242,-0.0010390912648290396,-0.011040844954550266,-2.0199530124664307
125,0.12512512505054474,43.42076110839844,-0.000811115896794945,-0.008354322984814644,-5.053905963897705
126,0.12612612545490265,43.45760726928711,-0.0008520676637999713,-0.009125120006501675,-4.261361122131348
127,0.12712712585926056,43.494476318359375,-0.0009444895549677312,-0.011040005832910538,-2.1992228031158447
128,0.12812812626361847,43.5313835144043,-0.0008881052490323782,-0.010243451222777367,-3.098019599914551
129,0.12912912666797638,43.56832504272461,-0.0008180878357961774,-0.009266105480492115,-4.244209289550781
130,0.1301301270723343,43.605289459228516,-0.0008995548123493791,-0.010679700411856174,-2.559457778930664
131,0.1311311274766922,43.64228820800781,-0.0009267408167943358,-0.011228648945689201,-1.916989803314209
132,0.1321321278810501,43.679317474365234,-0.000718314724508673,-0.008048835210502148,-5.75128173828125
133,0.13313312828540802,43.71638107299805,-0.0007310807122848928,-0.008336852304637432,-5.407388210296631
134,0.13413412868976593,43.753475189208984,-0.0007079892093315721,-0.00807248055934906,-5.8469624519348145
135,0.13513512909412384,43.79059600830078,-0.0007147555006667972,-0.008319578133523464,-5.557848930358887
136,0.13613612949848175,43.827762603759766,-0.0006744312704540789,-0.007490820251405239,-6.73833703994751
137,0.13713712990283966,43.86494445800781,-0.0006787428865209222,-0.0076775276102125645,-6.389546871185303
138,0.13813813030719757,43.902164459228516,-0.0006666613626293838,-0.007439238950610161,-6.641391277313232
139,0.13913913071155548,43.93941879272461,-0.00065969442948699,-0.007375532295554876,-6.627008438110352
140,0.1401401311159134,43.9766960144043,-0.0006354862125590444,-0.00681783352047205,-7.40765380859375
141,0.1411411464214325,44.014015197753906,-0.000669010856654495,-0.0077833510003983974,-5.8134446144104
142,0.1421421468257904,44.051361083984375,-0.0006475055124610662,-0.007248320151120424,-6.475776195526123
143,0.14314314723014832,44.08873748779297,-0.0006618631305173039,-0.007554948329925537,-5.914943218231201
144,0.14414414763450623,44.12614822387695,-0.0006630831630900502,-0.007529989816248417,-5.8702898025512695
145,0.14514514803886414,44.1635856628418,-0.0007096689660102129,-0.00879465602338314,-3.9822051525115967
146,0.14614614844322205,44.20106506347656,-0.0007638021488673985,-0.010756261646747589,-1.302150011062622
147,0.14714714884757996,44.238563537597656,-0.0007425040239468217,-0.010581890121102333,-1.5115914344787598
148,0.14814814925193787,44.27610778808594,-0.0007214703946374357,-0.010476475581526756,-1.6951406002044678
149,0.14914914965629578,44.31366729736328,-0.0006759202806279063,-0.012792786583304405,1.5277326107025146
150,0.1501501500606537,44.35126876831055,-0.0006879136781208217,-0.011226504109799862,-0.8896453380584717
151,0.1511511504650116,44.38890075683594,-0.0006103133782744408,-0.013283714652061462,2.0223352909088135
152,0.1521521508693695,44.426570892333984,-0.0006273227045312524,-0.012822127901017666,1.046162486076355
153,0.15315315127372742,44.464263916015625,-0.0006019517313688993,-0.013321774080395699,1.622367262840271
154,0.15415415167808533,44.50199508666992,-0.0006251424783840775,-0.013120239600539207,1.068610429763794
155,0.15515515208244324,44.53975296020508,-0.0006009581265971065,-0.01359069999307394,1.7448797225952148
156,0.15615615248680115,44.57754898071289,-0.0004494414897635579,-0.015012950636446476,4.4219069480896
157,0.15715715289115906,44.6153678894043,-0.00048494437942281365,-0.01477404497563839,4.007087230682373
158,0.15815815329551697,44.653228759765625,-0.0004954845644533634,-0.014688962139189243,3.9998891353607178
159,0.15915915369987488,44.69111251831055,-0.00044081005034968257,-0.015014448203146458,4.969034194946289
160,0.1601601541042328,44.72903823852539,-0.0002726191596593708,-0.01572844758629799,7.4705810546875
161,0.1611611545085907,44.76698684692383,-0.00034835352562367916,-0.01530159916728735,6.649562835693359
162,0.1621621549129486,44.804969787597656,-0.00028453749837353826,-0.0155223049223423,7.722670078277588
163,0.16316315531730652,44.842987060546875,-0.0002983299200423062,-0.015500443056225777,7.689472198486328
164,0.16416415572166443,44.88103485107422,-0.0003504559281282127,-0.015142870135605335,6.795538425445557
165,0.16516515612602234,44.91912078857422,-0.00019838465959765017,-0.015449506230652332,8.472993850708008
166,0.16616615653038025,44.95723342895508,-0.0003280476958025247,-0.014749983325600624,6.561323165893555
167,0.16716717183589935,44.99538040161133,-0.0005638069123961031,-0.012743226252496243,2.4233620166778564
168,0.16816817224025726,45.03356170654297,-0.0005975194508209825,-0.011794200167059898,0.8442981243133545
169,0.16916917264461517,45.071773529052734,-0.0006317594088613987,-0.009600603953003883,-2.8467559814453125
170,0.17017017304897308,45.110015869140625,-0.0006211926811374724,-0.010044102557003498,-2.383418560028076
171,0.171171173453331,45.14828872680664,-0.0006363990833051503,-0.00934503972530365,-3.737403631210327
172,0.1721721738576889,45.18659973144531,-0.0006501356256194413,-0.008721801452338696,-4.927353858947754
173,0.17317317426204681,45.22494125366211,-0.0006576648447662592,-0.007574353367090225,-6.837111473083496
174,0.17417417466640472,45.2633171081543,-0.0006400743732228875,-0.008189577609300613,-5.963115215301514
175,0.17517517507076263,45.30172348022461,-0.0005906258593313396,-0.009327257052063942,-4.013795852661133
176,0.17617617547512054,45.34016036987305,-0.0005899425013922155,-0.008240698836743832,-5.5745344161987305
177,0.17717717587947845,45.37863540649414,-0.000578605686314404,-0.00765248155221343,-6.29457426071167
178,0.17817817628383636,45.41713333129883,-0.0005861634854227304,-0.006516570225358009,-8.044327735900879
179,0.17917917668819427,45.45567321777344,-0.0005759785999543965,-0.006999466568231583,-7.149713516235352
180,0.18018017709255219,45.49424362182617,-0.0005673733539879322,-0.008032569661736488,-5.301037788391113
181,0.1811811774969101,45.53284454345703,-0.000582772889174521,-0.00746368570253253,-6.228031635284424
182,0.182182177901268,45.571475982666016,-0.0005911682965233922,-0.007788313087075949,-5.566823482513428
183,0.18318317830562592,45.610145568847656,-0.0005766976391896605,-0.009008880704641342,-3.38222599029541
184,0.18418417870998383,45.64884567260742,-0.000615245895460248,-0.007345180492848158,-6.057061672210693
185,0.18518517911434174,45.68758010864258,-0.0006279606022872031,-0.007257996592670679,-6.057673454284668
186,0.18618617951869965,45.726348876953125,-0.0006410805508494377,-0.00718963285908103,-5.998294830322266
187,0.18718717992305756,45.76514434814453,-0.0006555429426953197,-0.00563031854107976,-8.166208267211914
188,0.18818818032741547,45.803977966308594,-0.0006689662113785744,-0.005455984268337488,-8.15302562713623
189,0.18918918073177338,45.84284210205078,-0.0006824397714808583,-0.005957442335784435,-7.168802738189697
190,0.1901901811361313,45.881744384765625,-0.0006893003592267632,-0.005773218814283609,-7.238265514373779
191,0.1911911815404892,45.92066955566406,-0.0006932541728019714,-0.005556803662329912,-7.485346794128418
192,0.1921921968460083,45.95963668823242,-0.0006958642043173313,-0.00625732121989131,-6.523685455322266
193,0.1931931972503662,45.99863052368164,-0.0006935687270015478,-0.005874305497854948,-7.179572582244873
194,0.19419419765472412,46.037662506103516,-0.0006826131138950586,-0.007303281221538782,-5.220983028411865
195,0.19519519805908203,46.07672882080078,-0.0006674869218841195,-0.007722167298197746,-4.69847297668457
196,0.19619619846343994,46.115821838378906,-0.0006636444013565779,-0.007302443031221628,-5.389890193939209
197,0.19719719886779785,46.15495300292969,-0.0006464344915002584,-0.007547986693680286,-5.030280113220215
198,0.19819819927215576,46.194114685058594,-0.0006276873755268753,-0.007695491891354322,-4.782920837402344
199,0.19919919967651367,46.23331069946289,-0.0006180168129503727,-0.007659651339054108,-4.79583215713501
200,0.20020020008087158,46.27254104614258,-0.0006038848077878356,-0.008009109646081924,-4.248465061187744
201,0.2012012004852295,46.31180191040039,-0.0005956805543974042,-0.008238638751208782,-3.884260416030884
202,0.2022022008895874,46.35110092163086,-0.0005826628766953945,-0.008750193752348423,-3.0254480838775635
203,0.2032032012939453,46.39043045043945,-0.000595186953432858,-0.008658673614263535,-3.240628957748413
204,0.20420420169830322,46.42979049682617,-0.0005861272220499814,-0.009189588949084282,-2.419436454772949
205,0.20520520210266113,46.46918487548828,-0.0005862156394869089,-0.009432625025510788,-2.122354507446289
206,0.20620620250701904,46.50861740112305,-0.0005779925268143415,-0.009792416356503963,-1.6335252523422241
207,0.20720720291137695,46.54807662963867,-0.0005702154594473541,-0.010004467330873013,-1.329908847808838
208,0.20820820331573486,46.58757400512695,-0.0005501031409949064,-0.010305519215762615,-0.7398014068603516
209,0.20920920372009277,46.62710189819336,-0.0005955569795332849,-0.00906110554933548,-2.6825881004333496
210,0.21021020412445068,46.666664123535156,-0.0006141712074168026,-0.008207794278860092,-3.861708402633667
211,0.2112112045288086,46.706260681152344,-0.0005787494010291994,-0.008887401781976223,-2.4570655822753906
212,0.2122122049331665,46.74589157104492,-0.0005902701523154974,-0.008405491709709167,-2.998480796813965
213,0.21321320533752441,46.78555679321289,-0.0006283161928877234,-0.007086871191859245,-4.926025390625
214,0.21421420574188232,46.825252532958984,-0.0006467649945989251,-0.0060232849791646,-6.435762405395508
215,0.21521520614624023,46.864990234375,-0.0006516021094284952,-0.005724768619984388,-6.7690019607543945
216,0.21621620655059814,46.90475082397461,-0.0006583950016647577,-0.005115678999572992,-7.7017927169799805
217,0.21721720695495605,46.94455337524414,-0.000671009998768568,-0.004178160801529884,-9.241157531738281
218,0.21821822226047516,46.98438262939453,-0.0006611381541006267,-0.004603352397680283,-8.764269828796387
219,0.21921922266483307,47.024253845214844,-0.0006508196820504963,-0.005126382224261761,-8.130107879638672
220,0.22022022306919098,47.064151763916016,-0.0006387265166267753,-0.005607611034065485,-7.408586502075195
221,0.2212212234735489,47.104087829589844,-0.0006480058073066175,-0.004672623239457607,-8.839271545410156
222,0.2222222238779068,47.14405059814453,-0.0006066871574148536,-0.005827253684401512,-6.9543914794921875
223,0.2232232242822647,47.18405532836914,-0.0006565466756001115,-0.0042531429789960384,-9.385931015014648
224,0.22422422468662262,47.22409439086914,-0.0006599104963243008,-0.004052193369716406,-9.599198341369629
225,0.22522522509098053,47.264163970947266,-0.0006002634763717651,-0.005024869926273823,-7.930392742156982
226,0.22622622549533844,47.304264068603516,-0.0005529291229322553,-0.005895361769944429,-6.285422325134277
227,0.22722722589969635,47.34440231323242,-0.0005345409736037254,-0.0062958416528999805,-5.443365573883057
228,0.22822822630405426,47.384578704833984,-0.000555180013179779,-0.005830501671880484,-6.219323635101318
229,0.22922922670841217,47.424781799316406,-0.0005596827832050622,-0.005985502153635025,-5.883059501647949
230,0.23023022711277008,47.465023040771484,-0.0005712781567126513,-0.005966095253825188,-5.836071014404297
231,0.231231227517128,47.50529479980469,-0.0005622064927592874,-0.006647519301623106,-4.584600925445557
232,0.2322322279214859,47.54560470581055,-0.0005892328917980194,-0.005671676713973284,-6.215662479400635
233,0.2332332283258438,47.58594512939453,-0.000607152353040874,-0.005061115603893995,-7.197282314300537
234,0.23423422873020172,47.62632369995117,-0.0006383480504155159,-0.004310149233788252,-8.394715309143066
235,0.23523522913455963,47.6667366027832,-0.0006540569011121988,-0.004109546076506376,-8.66543960571289
236,0.23623622953891754,47.707176208496094,-0.0006182726356200874,-0.0048165456391870975,-7.505123138427734
237,0.23723722994327545,47.74766540527344,-0.0007242979481816292,-0.003072490682825446,-10.111455917358398
238,0.23823823034763336,47.788177490234375,-0.0008475366048514843,-0.0003827693872153759,-13.528448104858398
239,0.23923923075199127,47.8287239074707,-0.0008367932168766856,-0.0006620212807320058,-13.201993942260742
240,0.24024023115634918,47.86930847167969,-0.0008181383600458503,-0.0010131342569366097,-12.757347106933594
241,0.2412412315607071,47.9099235534668,-0.0008643132168799639,0.0007719864952377975,-14.839099884033203
242,0.242242231965065,47.95058059692383,-0.0008563591400161386,0.0007771577802486718,-14.818099975585938
243,0.2432432323694229,47.99126052856445,-0.0008688350208103657,0.001565917395055294,-15.682899475097656
244,0.24424424767494202,48.031982421875,-0.0008416264317929745,0.00047673238441348076,-14.34929084777832
245,0.24524524807929993,48.07273864746094,-0.00074112752918154,-0.0019381535239517689,-11.243290901184082
246,0.24624624848365784,48.113529205322266,-0.0007555258926004171,-0.0014633643440902233,-11.746806144714355
247,0.24724724888801575,48.154354095458984,-0.0007523009553551674,-0.001304085599258542,-11.817486763000488
248,0.24824824929237366,48.19520950317383,-0.0007106793345883489,-0.002045243512839079,-10.7269287109375
249,0.24924924969673157,48.236106872558594,-0.0006731439498253167,-0.003070264821872115,-9.263103485107422
250,0.2502502501010895,48.277034759521484,-0.0006862652953714132,-0.0026585254818201065,-10.021200180053711
251,0.2512512505054474,48.317996978759766,-0.0007416311418637633,-0.0011528147151693702,-12.287199020385742
252,0.2522522509098053,48.35899353027344,-0.0007273621158674359,-0.0014786336105316877,-11.873547554016113
253,0.2532532513141632,48.40003204345703,-0.0006535723223350942,-0.0032849295530468225,-9.177337646484375
254,0.2542542517185211,48.44109344482422,-0.0006094929995015264,-0.00422782963141799,-7.56640100479126
255,0.25525525212287903,48.48219680786133,-0.0006115256110206246,-0.0037845137994736433,-8.17961311340332
256,0.25625625252723694,48.52333450317383,-0.0005689003737643361,-0.004488231148570776,-6.9033002853393555
257,0.25725725293159485,48.564510345458984,-0.0005958916153758764,-0.0036804028786718845,-8.242706298828125
258,0.25825825333595276,48.605712890625,-0.0005909416940994561,-0.003599281655624509,-8.270038604736328
259,0.25925925374031067,48.64695739746094,-0.0006303535192273557,-0.0027604412753134966,-9.50380802154541
260,0.2602602541446686,48.688236236572266,-0.0005847495049238205,-0.003620113944634795,-7.965556621551514
261,0.2612612545490265,48.729549407958984,-0.0005125452298671007,-0.0052316696383059025,-4.970396041870117
262,0.2622622549533844,48.770896911621094,-0.0005578320706263185,-0.0043001663871109486,-6.744611740112305
263,0.2632632553577423,48.812278747558594,-0.0005083172582089901,-0.0054934099316596985,-4.487715244293213
264,0.2642642557621002,48.85369110107422,-0.000529785524122417,-0.005038068164139986,-5.35962438583374
265,0.26526525616645813,48.895145416259766,-0.0005258688470348716,-0.005172159057110548,-5.073233127593994
266,0.26626625657081604,48.93663787841797,-0.000541900226380676,-0.004792832303792238,-5.740034580230713
267,0.26726725697517395,48.97815704345703,-0.0004997780779376626,-0.005717803258448839,-3.8394432067871094
268,0.26826825737953186,49.01971435546875,-0.0004620460676960647,-0.006357916165143251,-2.3725991249084473
269,0.26926925778388977,49.061309814453125,-0.00042045029113069177,-0.006885818671435118,-0.9252121448516846
270,0.2702702581882477,49.10293960571289,-0.0004657780227717012,-0.0057853758335113525,-3.1485793590545654
271,0.2712712585926056,49.14460754394531,-0.00044103903928771615,-0.006035315338522196,-2.3604393005371094
272,0.2722722589969635,49.18630599975586,-0.00048460502875968814,-0.0051688747480511665,-3.97404146194458
273,0.2732732594013214,49.2280387878418,-0.0004920408828184009,-0.004928672686219215,-4.209139347076416
274,0.2742742598056793,49.26980972290039,-0.0004992622998543084,-0.00470777740702033,-4.443167209625244
275,0.27527526021003723,49.31161880493164,-0.0005626687780022621,-0.0035778721794486046,-6.407208442687988
276,0.27627626061439514,49.35345458984375,-0.0005581710138358176,-0.003602786222472787,-6.255528926849365
277,0.27727726101875305,49.39533233642578,-0.00048660708125680685,-0.004819273483008146,-3.9266130924224854
278,0.27827826142311096,49.4372444152832,-0.0005514185759238899,-0.0037459952291101217,-6.049036502838135
279,0.27927926182746887,49.479190826416016,-0.0004925582325085998,-0.004673842340707779,-4.3373003005981445
280,0.2802802622318268,49.52117156982422,-0.0005247208755463362,-0.004169142805039883,-5.508227825164795
281,0.2812812626361847,49.56319046020508,-0.0004850013356190175,-0.004843058995902538,-4.36322021484375
282,0.282282292842865,49.60525131225586,-0.0005526450695469975,-0.003659779904410243,-6.695420265197754
283,0.2832832932472229,49.6473388671875,-0.0004955996992066503,-0.0045356787741184235,-4.998606204986572
284,0.2842842936515808,49.6894645690918,-0.0004965949337929487,-0.004422809462994337,-5.134988307952881
285,0.2852852940559387,49.73162841796875,-0.0004895395832136273,-0.004421786405146122,-4.975306034088135
286,0.28628629446029663,49.77382278442383,-0.00044416371383704245,-0.005129127763211727,-3.2697877883911133
287,0.28728729486465454,49.81605911254883,-0.00039985659532248974,-0.005913130473345518,-1.2790491580963135
288,0.28828829526901245,49.85832595825195,-0.00033607592922635376,-0.0071655758656561375,2.1963093280792236
289,0.28928929567337036,49.900630950927734,-0.0003186366811860353,-0.007489379961043596,3.2134642601013184
290,0.29029029607772827,49.94297409057617,-0.00031361953006125987,-0.007535192184150219,3.414811134338379
291,0.2912912964820862,49.985355377197266,-0.0003031872911378741,-0.007675345055758953,4.008502006530762
292,0.2922922968864441,50.02776336669922,-0.00030733493622392416,-0.007558079902082682,3.737769842147827
293,0.293293297290802,50.07020950317383,-0.0003122074413113296,-0.0074511077255010605,3.4627559185028076
294,0.2942942976951599,50.11269760131836,-0.00033529248321428895,-0.007037161383777857,2.237494468688965
295,0.2952952980995178,50.155216217041016,-0.00031752593349665403,-0.007352921180427074,3.2653377056121826
296,0.29629629850387573,50.197776794433594,-0.0003245716216042638,-0.007219281513243914,2.971971273422241
297,0.29729729890823364,50.2403678894043,-0.00031283090356737375,-0.007401082199066877,3.663851499557495
298,0.29829829931259155,50.282997131347656,-0.000348115834640339,-0.006810818798840046,1.989612102508545
299,0.29929929971694946,50.32566452026367,-0.00038982590194791555,-0.006069651804864407,0.08355244994163513
300,0.3003003001213074,50.36836242675781,-0.0003888229257427156,-0.006019556429237127,0.18705594539642334
301,0.3013013005256653,50.41109848022461,-0.00041142560075968504,-0.005416539032012224,-1.0004433393478394
302,0.3023023009300232,50.45387649536133,-0.0003740389074664563,-0.00596658606082201,0.7904874086380005
303,0.3033033013343811,50.49668502807617,-0.0003468423674348742,-0.0064675225876271725,2.529111862182617
304,0.304304301738739,50.53953552246094,-0.00034009956289082766,-0.006610244512557983,3.2237908840179443
305,0.3053053021430969,50.58241653442383,-0.00033144315239042044,-0.006882270332425833,4.122248649597168
306,0.30630630254745483,50.625335693359375,-0.00032194354571402073,-0.00720882136374712,5.010578632354736
307,0.30730730295181274,50.66829299926758,-0.00032015563920140266,-0.007195234764367342,4.799840927124023
308,0.30830830335617065,50.71128463745117,-0.00035092432517558336,-0.006223379634320736,1.7394890785217285
309,0.30930930376052856,50.754310607910156,-0.00038455502362921834,-0.005449731834232807,-0.40420347452163696
310,0.3103103041648865,50.79737854003906,-0.0003922284231521189,-0.005329424049705267,-0.627589225769043
311,0.3113113045692444,50.840476989746094,-0.0003483477048575878,-0.0064112721011042595,2.4200539588928223
312,0.3123123049736023,50.88361358642578,-0.0003215571050532162,-0.007104695774614811,4.56458044052124
313,0.3133133053779602,50.92679214477539,-0.00032462310628034174,-0.00707969581708312,4.429670810699463
314,0.3143143057823181,50.97000503540039,-0.0002968981862068176,-0.007662989664822817,6.195181369781494
315,0.315315306186676,51.01325225830078,-0.000287286879029125,-0.007842731662094593,6.683735370635986
316,0.31631630659103394,51.056541442871094,-0.00028227013535797596,-0.007932213135063648,6.817004680633545
317,0.31731730699539185,51.099857330322266,-0.00030198058811947703,-0.007619217969477177,5.559738636016846
318,0.31831830739974976,51.14321517944336,-0.0002968071785289794,-0.007743291091173887,5.758670806884766
319,0.31931930780410767,51.186614990234375,-0.0003093011036980897,-0.00754959462210536,4.858957290649414
320,0.3203203082084656,51.23004913330078,-0.0003587189712561667,-0.0066695259883999825,1.96532142162323
321,0.3213213086128235,51.27351379394531,-0.0003522030310705304,-0.006819428876042366,2.0701518058776855
322,0.3223223090171814,51.317020416259766,-0.0003804212901741266,-0.006338847801089287,0.44086456298828125
323,0.3233233094215393,51.36056137084961,-0.00031189792207442224,-0.007486220449209213,3.6392996311187744
324,0.3243243098258972,51.40414047241211,-0.0002957574324682355,-0.007730673998594284,4.589146614074707
325,0.3253253102302551,51.44776153564453,-0.00034306012094020844,-0.006846338510513306,2.041123390197754
326,0.32632631063461304,51.49141311645508,-0.0003909325459972024,-0.005857065785676241,-0.4190220832824707
327,0.32732731103897095,51.53510284423828,-0.0003960172471124679,-0.005659204442054033,-0.6340641975402832
328,0.32832831144332886,51.578834533691406,-0.00035998341627418995,-0.006325364112854004,1.408785343170166
329,0.32932931184768677,51.622596740722656,-0.00031133758602663875,-0.007278133649379015,4.582121849060059
330,0.3303303122520447,51.66639709472656,-0.00029707688372582197,-0.0075166719034314156,5.692071914672852
331,0.3313313126564026,51.71023941040039,-0.0002972437359858304,-0.007443946786224842,5.65165376663208
332,0.3323323130607605,51.754112243652344,-0.0003080075257457793,-0.007186319679021835,4.91963005065918
333,0.3333333432674408,51.79802703857422,-0.0003310456813778728,-0.006716486997902393,3.5256259441375732
334,0.3343343436717987,51.84197998046875,-0.0003362611460033804,-0.006547840777784586,3.129507541656494
335,0.3353353440761566,51.88597106933594,-0.0003616477479226887,-0.00593453599140048,1.6186187267303467
336,0.3363363444805145,51.92999267578125,-0.0003799271653406322,-0.0053840577602386475,0.30721569061279297
337,0.33733734488487244,51.974056243896484,-0.0003477829450275749,-0.005880427546799183,1.919512152671814
338,0.33833834528923035,52.018157958984375,-0.0003505235363263637,-0.005585390143096447,1.3509881496429443
339,0.33933934569358826,52.06229782104492,-0.0003199104103259742,-0.006212249863892794,3.496176242828369
340,0.34034034609794617,52.106468200683594,-0.00034156875335611403,-0.005429402459412813,1.3224310874938965
341,0.3413413465023041,52.15068054199219,-0.0003177667676936835,-0.006079425569623709,3.471607208251953
342,0.342342346906662,52.19493103027344,-0.00029680339503102005,-0.006995654199272394,6.556726455688477
343,0.3433433473110199,52.23921585083008,-0.0003058574802707881,-0.006500178948044777,4.90878438949585
344,0.3443443477153778,52.283546447753906,-0.00029953260673210025,-0.006817993242293596,5.923518657684326
345,0.3453453481197357,52.327911376953125,-0.0003076106950175017,-0.006479409523308277,4.70478630065918
346,0.34634634852409363,52.372310638427734,-0.00030641042394563556,-0.006541996728628874,4.798129558563232
347,0.34734734892845154,52.416744232177734,-0.00030989875085651875,-0.006455542519688606,4.408489227294922
348,0.34834834933280945,52.46122360229492,-0.0003088656812906265,-0.0065143718384206295,4.725765228271484
349,0.34934934973716736,52.505733489990234,-0.00030066794715821743,-0.006817729212343693,5.92606782913208
350,0.35035035014152527,52.55028533935547,-0.0003117871528957039,-0.00641236174851656,4.849194049835205
351,0.3513513505458832,52.594879150390625,-0.0003203424857929349,-0.006051933392882347,3.9713120460510254
352,0.3523523509502411,52.639503479003906,-0.0003144992224406451,-0.006200106348842382,4.689742088317871
353,0.353353351354599,52.68416976928711,-0.00029923825059086084,-0.006860441993921995,7.058856010437012
354,0.3543543517589569,52.72887420654297,-0.00029372359858825803,-0.007098396308720112,8.028133392333984
355,0.3553553521633148,52.77360916137695,-0.0002980893477797508,-0.006677595898509026,6.704061031341553
356,0.35635635256767273,52.81839370727539,-0.0002987349289469421,-0.006527347024530172,6.174619197845459
357,0.35735735297203064,52.86320495605469,-0.0002859978121705353,-0.007123847957700491,8.082033157348633
358,0.35835835337638855,52.90806198120117,-0.00028996786568313837,-0.006772896740585566,6.749397277832031
359,0.35935935378074646,52.95295333862305,-0.0002863170229829848,-0.007301170378923416,8.558019638061523
360,0.36036035418510437,52.99788284301758,-0.0002951649948954582,-0.006672421004623175,6.4797043800354
361,0.3613613545894623,53.0428581237793,-0.0003000371507368982,-0.006248713470995426,5.185086250305176
362,0.3623623549938202,53.087860107421875,-0.00030439873808063567,-0.005840517580509186,4.012538433074951
363,0.3633633553981781,53.13290786743164,-0.0003043826436623931,-0.005931407678872347,4.48276948928833
364,0.364364355802536,53.1779899597168,-0.00030911448993720114,-0.005537156481295824,3.372206926345825
365,0.3653653562068939,53.223114013671875,-0.00030752725433558226,-0.005918184295296669,4.786038398742676
366,0.36636635661125183,53.268272399902344,-0.00030856579542160034,-0.006350390613079071,6.337031364440918
367,0.36736735701560974,53.31346893310547,-0.00031066712108440697,-0.006785813719034195,7.8554487228393555
368,0.36836835741996765,53.358707427978516,-0.000309332855977118,-0.006398798432201147,6.672206401824951
369,0.36936935782432556,53.40398025512695,-0.0003088445228058845,-0.006610512733459473,7.368226051330566
370,0.37037035822868347,53.44929885864258,-0.0003140423505101353,-0.005613211076706648,4.1121015548706055
371,0.3713713586330414,53.49464797973633,-0.0003245276748202741,-0.00516195222735405,2.621151924133301
372,0.3723723590373993,53.5400390625,-0.00033216687734238803,-0.005042774137109518,2.1755595207214355
373,0.3733733594417572,53.58546829223633,-0.0003411434590816498,-0.0049443026073277,1.7781001329421997
374,0.3743743598461151,53.63093566894531,-0.00036558182910084724,-0.004415588919073343,0.16006755828857422
375,0.375375360250473,53.67644500732422,-0.00039710738928988576,-0.00375955062918365,-1.5463762283325195
376,0.37637636065483093,53.721988677978516,-0.00037461862666532397,-0.004411645233631134,0.247328519821167
377,0.37737736105918884,53.76757049560547,-0.000349020934663713,-0.0053857131861150265,3.0017857551574707
378,0.37837836146354675,53.813194274902344,-0.0003747506416402757,-0.00462829926982522,0.9080411195755005
379,0.37937936186790466,53.858856201171875,-0.0003583817451726645,-0.0053063202649354935,2.778750419616699
380,0.3803803622722626,53.9045524597168,-0.0003740261890925467,-0.004891345277428627,1.6782318353652954
381,0.3813813626766205,53.950294494628906,-0.000372386712115258,-0.00504092313349247,2.187981128692627
382,0.3823823630809784,53.996070861816406,-0.00037219616933725774,-0.005148471333086491,2.523881435394287
383,0.3833833634853363,54.04188919067383,-0.00038481727824546397,-0.0048175230622291565,1.676418423652649
384,0.3843843936920166,54.08774185180664,-0.0003658397472463548,-0.005321708973497152,3.0520553588867188
385,0.3853853940963745,54.133636474609375,-0.00038439183845184743,-0.0048254067078232765,1.6305105686187744
386,0.3863863945007324,54.1795654296875,-0.0003692209138534963,-0.0052585480734705925,2.5366106033325195
387,0.38738739490509033,54.22554016113281,-0.00037767121102660894,-0.005088315811008215,1.849021077156067
388,0.38838839530944824,54.271549224853516,-0.0003797473618760705,-0.005003261845558882,1.4952290058135986
389,0.38938939571380615,54.317596435546875,-0.0003471386735327542,-0.005680643487721682,3.3498167991638184
390,0.39039039611816406,54.363685607910156,-0.0003575307782739401,-0.005356254056096077,2.342957019805908
391,0.391391396522522,54.40981674194336,-0.0003347372403368354,-0.005949778947979212,3.9858522415161133
392,0.3923923969268799,54.45597839355469,-0.0003253202885389328,-0.006225314922630787,4.92763090133667
393,0.3933933973312378,54.502193450927734,-0.0003331849002279341,-0.005808278918266296,4.0351338386535645
394,0.3943943977355957,54.54843521118164,-0.00033940374851226807,-0.0051768324337899685,2.525676965713501
395,0.3953953981399536,54.59471893310547,-0.0003297642106190324,-0.005969237070530653,5.288667678833008
396,0.3963963985443115,54.64104080200195,-0.0003313424822408706,-0.005504157859832048,4.195339202880859
397,0.39739739894866943,54.68740463256836,-0.0003323787823319435,-0.005672138649970293,4.987427234649658
398,0.39839839935302734,54.73381042480469,-0.00033434113720431924,-0.0068982853554189205,8.83286190032959
399,0.39939939975738525,54.780250549316406,-0.0003334712819196284,-0.006259969435632229,7.007848262786865
400,0.40040040016174316,54.82673263549805,-0.0003259500954300165,-0.006773577071726322,8.559964179992676
401,0.4014014005661011,54.87324905395508,-0.00032160209957510233,-0.006750650238245726,8.540390014648438
402,0.402402400970459,54.91980743408203,-0.00031502346973866224,-0.007072087377309799,9.621515274047852
403,0.4034034013748169,54.96641540527344,-0.00031314947409555316,-0.0076986136846244335,11.78880500793457
404,0.4044044017791748,55.01305389404297,-0.00031301673152484,-0.00772375101223588,11.982730865478516
405,0.4054054021835327,55.059730529785156,-0.0003138057654723525,-0.008405271917581558,14.21791934967041
406,0.4064064025878906,55.106449127197266,-0.0003123946371488273,-0.00830600131303072,13.945594787597656
407,0.40740740299224854,55.1532096862793,-0.0003145292866975069,-0.00861803162842989,14.968484878540039
408,0.40840840339660645,55.200008392333984,-0.00031952300923876464,-0.009909535758197308,19.04539680480957
409,0.40940940380096436,55.24684524536133,-0.00031804171158000827,-0.009174826554954052,16.69785499572754
410,0.41041040420532227,55.293724060058594,-0.00031620345544070005,-0.00956436712294817,17.866748809814453
411,0.4114114046096802,55.340641021728516,-0.0003128217067569494,-0.009218853898346424,16.746479034423828
412,0.4124124050140381,55.38759231567383,-0.00030442484421655536,-0.007925672456622124,12.556482315063477
413,0.413413405418396,55.43458938598633,-0.00029718453879468143,-0.007594792637974024,11.429414749145508
414,0.4144144058227539,55.481624603271484,-0.00029005337273702025,-0.007841624319553375,12.245144844055176
415,0.4154154062271118,55.52870178222656,-0.00028296373784542084,-0.008108134381473064,13.221179962158203
416,0.4164164066314697,55.5758171081543,-0.00028512682183645666,-0.00860154815018177,15.076265335083008
417,0.41741740703582764,55.62297439575195,-0.000279070227406919,-0.007598156575113535,11.663253784179688
418,0.41841840744018555,55.67017364501953,-0.00030177837470546365,-0.00662940414622426,8.584819793701172
419,0.41941940784454346,55.71741485595703,-0.0003225973923690617,-0.00606319447979331,6.979137420654297
420,0.42042040824890137,55.764686584472656,-0.00030681845964863896,-0.006674167234450579,8.989422798156738
421,0.4214214086532593,55.81200408935547,-0.00029872998129576445,-0.007406068034470081,11.391173362731934
422,0.4224224090576172,55.85935592651367,-0.00029640935827046633,-0.0074991281144320965,11.681925773620605
423,0.4234234094619751,55.90675735473633,-0.00029813696164637804,-0.007961169816553593,13.236503601074219
424,0.424424409866333,55.954193115234375,-0.00028667825972661376,-0.007347983308136463,11.205522537231445
425,0.4254254102706909,56.00166702270508,-0.0003232369781471789,-0.008821110241115093,16.11509132385254
426,0.42642641067504883,56.04918670654297,-0.00033842079574242234,-0.00948096439242363,18.044281005859375
427,0.42742741107940674,56.096744537353516,-0.0003455983242020011,-0.00993277132511139,19.31627655029297
428,0.42842841148376465,56.14434814453125,-0.00035065191332250834,-0.009320414625108242,17.53966522216797
429,0.42942941188812256,56.191978454589844,-0.00035001005744561553,-0.010034600272774696,19.564693450927734
430,0.43043041229248047,56.239662170410156,-0.0003504763590171933,-0.009616407565772533,18.347076416015625
431,0.4314314126968384,56.287384033203125,-0.00034555053571239114,-0.010028824210166931,19.506805419921875
432,0.4324324131011963,56.335140228271484,-0.0003463216999080032,-0.009863958694040775,18.970319747924805
433,0.4334334135055542,56.3829460144043,-0.00034003815380856395,-0.010715528391301632,21.397903442382812
434,0.4344344139099121,56.430782318115234,-0.00034108705585822463,-0.010317211039364338,20.20248794555664
435,0.43543541431427,56.478668212890625,-0.0003349042381159961,-0.01070323120802641,21.35725975036621
436,0.4364364445209503,56.526588439941406,-0.00033925031311810017,-0.009915048256516457,19.044157028198242
437,0.4374374449253082,56.574554443359375,-0.0003394545055925846,-0.009613748639822006,18.1430606842041
438,0.43843844532966614,56.62255859375,-0.0003390108176972717,-0.009437753818929195,17.61941146850586
439,0.43943944573402405,56.67060089111328,-0.0003362475836183876,-0.009499462321400642,17.802947998046875
440,0.44044044613838196,56.718685150146484,-0.000333442963892594,-0.009724019095301628,18.485187530517578
441,0.44144144654273987,56.76681137084961,-0.00033818045631051064,-0.009353901259601116,17.386295318603516
442,0.4424424469470978,56.814979553222656,-0.0003500472812447697,-0.008532918989658356,14.997419357299805
443,0.4434434473514557,56.86318588256836,-0.0003544302308000624,-0.008316378109157085,14.376930236816406
444,0.4444444477558136,56.911434173583984,-0.0003576375311240554,-0.007643727120012045,12.509515762329102
445,0.4454454481601715,56.95972442626953,-0.00035890768049284816,-0.00687237735837698,10.418106079101562
446,0.4464464485645294,57.008056640625,-0.0003595903981477022,-0.0062892623245716095,8.871610641479492
447,0.44744744896888733,57.056427001953125,-0.0003536452422849834,-0.006816476583480835,10.466028213500977
448,0.44844844937324524,57.10483932495117,-0.00035372935235500336,-0.006381374783813953,9.433303833007812
449,0.44944944977760315,57.153297424316406,-0.0003693272010423243,-0.00497434614226222,5.718148231506348
450,0.45045045018196106,57.20178985595703,-0.000359852216206491,-0.005431636702269316,7.171550750732422
451,0.45145145058631897,57.25032424926758,-0.00034932655398733914,-0.005826006643474102,8.444997787475586
452,0.4524524509906769,57.29890060424805,-0.0003507835790514946,-0.005554476752877235,7.817732810974121
453,0.4534534513950348,57.3475227355957,-0.00035139420651830733,-0.005399084649980068,7.457396984100342
454,0.4544544517993927,57.396183013916016,-0.000357271172106266,-0.005079879425466061,6.609273910522461
455,0.4554554522037506,57.444881439208984,-0.00035956379724666476,-0.005057358182966709,6.599908828735352
456,0.4564564526081085,57.49362564086914,-0.0003491126699373126,-0.006471756845712662,10.700630187988281
457,0.45745745301246643,57.54240417480469,-0.0003683122049551457,-0.005569735541939735,8.251090049743652
458,0.45845845341682434,57.59122848510742,-0.0003744768619071692,-0.00573238218203187,8.760028839111328
459,0.45945945382118225,57.640098571777344,-0.0003769807517528534,-0.00601611752063036,9.506515502929688
460,0.46046045422554016,57.68900680541992,-0.000378409749828279,-0.005668955855071545,8.48383903503418
461,0.46146145462989807,57.73795700073242,-0.0003805617743637413,-0.005117279943078756,6.921780586242676
462,0.462462455034256,57.786949157714844,-0.00038025309913791716,-0.005166954826563597,6.9277825355529785
463,0.4634634554386139,57.83598327636719,-0.00038117979420349,-0.004938551690429449,6.234203815460205
464,0.4644644558429718,57.88505554199219,-0.0003790245100390166,-0.004946358036249876,6.0853352546691895
465,0.4654654562473297,57.934165954589844,-0.0003710694727487862,-0.005278715863823891,6.828259468078613
466,0.4664664566516876,57.98332977294922,-0.00036268215626478195,-0.005834098439663649,8.358579635620117
467,0.46746745705604553,58.03252410888672,-0.0003638454945757985,-0.00553186796605587,7.63688325881958
468,0.46846845746040344,58.08176803588867,-0.00036846677539870143,-0.004632002208381891,5.294984340667725
469,0.46946945786476135,58.131046295166016,-0.00036104038008488715,-0.0047041322104632854,5.539647102355957
470,0.47047045826911926,58.18037414550781,-0.0003534128190949559,-0.004585405346006155,5.181123733520508
471,0.4714714586734772,58.229740142822266,-0.0003500526654534042,-0.005598729941993952,7.983891487121582
472,0.4724724590778351,58.27914810180664,-0.0003448858333285898,-0.005459696054458618,7.439896583557129
473,0.473473459482193,58.32859802246094,-0.00035120511893182993,-0.006283720955252647,9.726334571838379
474,0.4744744598865509,58.37809371948242,-0.00035273859975859523,-0.0062587447464466095,9.716352462768555
475,0.4754754602909088,58.42762756347656,-0.0003552776761353016,-0.006244468502700329,9.765220642089844
476,0.4764764606952667,58.47719955444336,-0.00035596993984654546,-0.005989238154143095,9.109867095947266
477,0.47747746109962463,58.52682113647461,-0.0003592442662920803,-0.007023256737738848,12.007404327392578
478,0.47847846150398254,58.57647705078125,-0.0003550623659975827,-0.005116092041134834,6.661080360412598
479,0.47947946190834045,58.626182556152344,-0.00034666270948946476,-0.005946707911789417,9.022150039672852
480,0.48048046231269836,58.675926208496094,-0.0003440123691689223,-0.005858101882040501,8.934920310974121
481,0.4814814627170563,58.725711822509766,-0.00034542783396318555,-0.006091429386287928,9.808234214782715
482,0.4824824631214142,58.775543212890625,-0.0003520403988659382,-0.005073028616607189,7.096946716308594
483,0.4834834635257721,58.82541275024414,-0.0003510684473440051,-0.00576937198638916,9.22886848449707
484,0.48448446393013,58.875328063964844,-0.00035062222741544247,-0.005878026131540537,9.616856575012207
485,0.4854854643344879,58.92528533935547,-0.0003501093597151339,-0.00652136467397213,11.508665084838867
486,0.4864864647388458,58.97528076171875,-0.00035267346538603306,-0.004956691991537809,7.164704322814941
487,0.4874874949455261,59.025325775146484,-0.0003610657877288759,-0.006332349963486195,11.235143661499023
488,0.48848849534988403,59.07540512084961,-0.0003685732954181731,-0.006834309082478285,12.730051040649414
489,0.48948949575424194,59.12553024291992,-0.00037308799801394343,-0.006975100375711918,13.215814590454102
490,0.49049049615859985,59.17570114135742,-0.00037427188362926245,-0.00809635128825903,16.278160095214844
491,0.49149149656295776,59.22591781616211,-0.00035816209856420755,-0.009208768606185913,19.295974731445312
492,0.4924924969673157,59.27616500854492,-0.0003453047829680145,-0.009814539924263954,20.98923110961914
493,0.4934934973716736,59.32646560668945,-0.00034801126457750797,-0.009510979987680912,20.070674896240234
494,0.4944944977760315,59.376800537109375,-0.0003586631501093507,-0.008629485964775085,17.53911018371582
495,0.4954954981803894,59.427181243896484,-0.00036282686050981283,-0.007768938317894936,15.110260963439941
496,0.4964964985847473,59.47761154174805,-0.00035995239159092307,-0.006993282586336136,12.856456756591797
497,0.4974974989891052,59.528072357177734,-0.00035735187702812254,-0.007148575037717819,13.18132209777832
498,0.49849849939346313,59.57858657836914,-0.00034931307891383767,-0.008185778744518757,16.048561096191406
499,0.49949949979782104,59.62913513183594,-0.0003486234927549958,-0.008066877722740173,15.657499313354492
500,0.500500500202179,59.67972946166992,-0.00034917404991574585,-0.007922728545963764,15.229948997497559
501,0.5015015006065369,59.73036575317383,-0.0003477412974461913,-0.007932191714644432,15.259660720825195
502,0.5025025010108948,59.78105163574219,-0.0003503065090626478,-0.006605545524507761,11.47443675994873
503,0.5035035014152527,59.83177947998047,-0.00034644315019249916,-0.006062918342649937,9.957802772521973
504,0.5045045018196106,59.88254165649414,-0.00034404697362333536,-0.006951834075152874,12.661611557006836
505,0.5055055022239685,59.93335723876953,-0.00034297583624720573,-0.006522573530673981,11.567878723144531
506,0.5065065026283264,59.98421096801758,-0.00034341623540967703,-0.006685759872198105,12.222787857055664
507,0.5075075030326843,60.03510665893555,-0.000339087302563712,-0.005388881079852581,8.599382400512695
508,0.5085085034370422,60.08604431152344,-0.00034502841299399734,-0.0058735026977956295,10.208702087402344
509,0.5095095038414001,60.13703155517578,-0.00034378739655949175,-0.005021192599087954,7.825955867767334
510,0.5105105042457581,60.18806076049805,-0.0003497224533930421,-0.006218550261110067,11.325457572937012
511,0.511511504650116,60.2391242980957,-0.0003549499379005283,-0.0066889082081615925,12.695127487182617
512,0.5125125050544739,60.29024124145508,-0.0003447640920057893,-0.0051407236605882645,8.285351753234863
513,0.5135135054588318,60.341392517089844,-0.0003482569882180542,-0.005231780931353569,8.627518653869629
514,0.5145145058631897,60.39259719848633,-0.0003592924331314862,-0.0059294989332556725,10.642601013183594
515,0.5155155062675476,60.44384002685547,-0.000361972110113129,-0.005895488895475864,10.554591178894043
516,0.5165165066719055,60.495121002197266,-0.0003722600522451103,-0.006574710365384817,12.386550903320312
517,0.5175175070762634,60.54645538330078,-0.00037566409446299076,-0.006738821975886822,12.840400695800781
518,0.5185185074806213,60.59783172607422,-0.00037683139089494944,-0.006490037776529789,12.235257148742676
519,0.5195195078849792,60.64924621582031,-0.00037837622221559286,-0.006803363095968962,13.12778377532959
520,0.5205205082893372,60.700706481933594,-0.000378278607968241,-0.006981140002608299,13.679313659667969
521,0.5215215086936951,60.75221252441406,-0.0003766712034121156,-0.007139734458178282,14.142006874084473
522,0.522522509098053,60.80376434326172,-0.0003701930691022426,-0.0077644591219723225,15.823286056518555
523,0.5235235095024109,60.85535430908203,-0.0003680568770505488,-0.00772879971191287,15.758112907409668
524,0.5245245099067688,60.90699005126953,-0.00036596087738871574,-0.007736451458185911,15.795815467834473
525,0.5255255103111267,60.95866775512695,-0.00037010619416832924,-0.006890122313052416,13.450139999389648
526,0.5265265107154846,61.01039123535156,-0.00036934477975592017,-0.007041740231215954,13.782225608825684
527,0.5275275111198425,61.06216049194336,-0.0003698804648593068,-0.006375505588948727,11.900757789611816
528,0.5285285115242004,61.11397171020508,-0.00036975060356780887,-0.006733400281518698,12.795574188232422
529,0.5295295119285583,61.165828704833984,-0.0003674522158689797,-0.007013340480625629,13.496126174926758
530,0.5305305123329163,61.21773147583008,-0.0003612266737036407,-0.007645355071872473,15.259359359741211
531,0.5315315127372742,61.26966857910156,-0.00035444286186248064,-0.008167977444827557,16.83119773864746
532,0.5325325131416321,61.3216552734375,-0.00035409617703408003,-0.008051835931837559,16.646018981933594
533,0.53353351354599,61.373695373535156,-0.0003440446453168988,-0.008749871514737606,18.792072296142578
534,0.5345345139503479,61.4257698059082,-0.00035020156065002084,-0.00807022675871849,16.93368911743164
535,0.5355355143547058,61.47788619995117,-0.0003430464130360633,-0.008814181201159954,19.186145782470703
536,0.5365365147590637,61.530052185058594,-0.00034980825148522854,-0.008372122421860695,17.984203338623047
537,0.5375375151634216,61.5822639465332,-0.0003558920288924128,-0.008163847029209137,17.443435668945312
538,0.5385385155677795,61.63451385498047,-0.00036278017796576023,-0.007773080840706825,16.43972396850586
539,0.5395395755767822,61.68681716918945,-0.0003536232397891581,-0.00883535761386156,19.431438446044922
540,0.5405405759811401,61.73915481567383,-0.0003503691987134516,-0.009065663442015648,20.064435958862305
541,0.541541576385498,61.791542053222656,-0.00034509602119214833,-0.00948464684188366,21.277860641479492
542,0.542542576789856,61.843971252441406,-0.00033989560324698687,-0.010019414126873016,22.859729766845703
543,0.5435435771942139,61.89645004272461,-0.0003446762857493013,-0.009685537777841091,21.90310287475586
544,0.5445445775985718,61.94896697998047,-0.0003365150769241154,-0.010535717941820621,24.391809463500977
545,0.5455455780029297,62.001529693603516,-0.00034036400029435754,-0.010231271386146545,23.497943878173828
546,0.5465465784072876,62.05413818359375,-0.0003513443225529045,-0.009426034986972809,21.157167434692383
547,0.5475475788116455,62.10679244995117,-0.0003612901200540364,-0.008671499788761139,19.06312370300293
548,0.5485485792160034,62.159488677978516,-0.0003472489188425243,-0.01026877574622631,23.582046508789062
549,0.5495495796203613,62.21223068237305,-0.0003513527335599065,-0.010026861913502216,22.87110137939453
550,0.5505505800247192,62.26502227783203,-0.00035043200477957726,-0.01038765162229538,23.892669677734375
551,0.5515515804290771,62.31785202026367,-0.0003490581875666976,-0.010954922065138817,25.514970779418945
552,0.5525525808334351,62.3707275390625,-0.00034584756940603256,-0.011968583799898624,28.454618453979492
553,0.553553581237793,62.42365264892578,-0.00034404912730678916,-0.012827997095882893,31.04351043701172
554,0.5545545816421509,62.476619720458984,-0.00035138087696395814,-0.011315178126096725,26.80168914794922
555,0.5555555820465088,62.52962875366211,-0.0003462840395513922,-0.011730620637536049,28.109493255615234
556,0.5565565824508667,62.58268737792969,-0.00034135940950363874,-0.011894149705767632,28.710426330566406
557,0.5575575828552246,62.63578796386719,-0.0003357109671924263,-0.011976498179137707,29.08513832092285
558,0.5585585832595825,62.688934326171875,-0.00033050146885216236,-0.011739669367671013,28.55317497253418
559,0.5595595836639404,62.74212646484375,-0.000326093373587355,-0.011260230094194412,27.269580841064453
560,0.5605605840682983,62.79536437988281,-0.00031853606924414635,-0.01194803137332201,29.56229019165039
561,0.5615615844726562,62.8486442565918,-0.00031925743678584695,-0.012863341718912125,32.61886215209961
562,0.5625625848770142,62.901973724365234,-0.0003173265140503645,-0.012719349935650826,32.28500747680664
563,0.5635635852813721,62.955345153808594,-0.000315829471219331,-0.012497572228312492,31.6716365814209
564,0.56456458568573,63.008766174316406,-0.00031552559812553227,-0.01243660133332014,31.554622650146484
565,0.5655655860900879,63.062225341796875,-0.0003146557428408414,-0.011760439723730087,29.442590713500977
566,0.5665665864944458,63.11573791503906,-0.00031662339461036026,-0.011400682851672173,28.383146286010742
567,0.5675675868988037,63.16929244995117,-0.00031886607757769525,-0.012059042230248451,30.581024169921875
568,0.5685685873031616,63.2228889465332,-0.0003218038473278284,-0.011861609295010567,29.980438232421875
569,0.5695695877075195,63.27653503417969,-0.00032439851202070713,-0.01177372969686985,29.645183563232422
570,0.5705705881118774,63.33022689819336,-0.00032841769279912114,-0.010942150838673115,26.949501037597656
571,0.5715715885162354,63.38396072387695,-0.00032850506249815226,-0.010897795669734478,26.66665267944336
572,0.5725725889205933,63.437744140625,-0.0003268913715146482,-0.011632940731942654,28.844520568847656
573,0.5735735893249512,63.4915657043457,-0.0003300815587863326,-0.01257723942399025,31.686622619628906
574,0.5745745897293091,63.545440673828125,-0.0003276256611570716,-0.012233691290020943,30.68848419189453
575,0.575575590133667,63.599361419677734,-0.0003245611733291298,-0.011961320415139198,29.996946334838867
576,0.5765765905380249,63.65332794189453,-0.00031996582401916385,-0.011613307520747185,29.144792556762695
577,0.5775775909423828,63.707332611083984,-0.000320283230394125,-0.012114828452467918,30.961536407470703
578,0.5785785913467407,63.761390686035156,-0.00031416970887221396,-0.011606681160628796,29.59395980834961
579,0.5795795917510986,63.815494537353516,-0.00031953470897860825,-0.012413300573825836,32.33361053466797
580,0.5805805921554565,63.8696403503418,-0.00031742904684506357,-0.012347685173153877,32.24674606323242
581,0.5815815925598145,63.92383575439453,-0.0003208078851457685,-0.012774830684065819,33.59413528442383
582,0.5825825929641724,63.97807693481445,-0.0003150041156914085,-0.011935602873563766,30.874155044555664
583,0.5835835933685303,64.03236389160156,-0.0003172426368109882,-0.010797103866934776,27.12994384765625
584,0.5845845937728882,64.0866928100586,-0.0003306030703242868,-0.009496752172708511,22.96735382080078
585,0.5855855941772461,64.14107513427734,-0.0003341012052260339,-0.009498749859631062,22.828861236572266
586,0.586586594581604,64.19549560546875,-0.00033598497975617647,-0.009444034658372402,22.588151931762695
587,0.5875875949859619,64.24996948242188,-0.0003314836067147553,-0.009933623485267162,24.08579444885254
588,0.5885885953903198,64.30448150634766,-0.0003315694339107722,-0.009832006879150867,23.87417221069336
589,0.5895895957946777,64.35903930664062,-0.00032568781170994043,-0.010545655153691769,26.216543197631836
590,0.5905905961990356,64.41365814208984,-0.00032209575874730945,-0.011317558586597443,28.798730850219727
591,0.5915915966033936,64.46830749511719,-0.00032015773467719555,-0.01183414924889803,30.630859375
592,0.5925925970077515,64.52301025390625,-0.0003195700701326132,-0.011914001777768135,31.099613189697266
593,0.5935935974121094,64.5777587890625,-0.0003215465403627604,-0.012375466525554657,32.7140007019043
594,0.5945945978164673,64.63255310058594,-0.0003256297204643488,-0.013698824681341648,36.934326171875
595,0.5955955982208252,64.68739318847656,-0.0003260830417275429,-0.014010238461196423,38.00994110107422
596,0.5965965986251831,64.74227905273438,-0.00032675894908607006,-0.014283918775618076,39.017635345458984
597,0.597597599029541,64.7972183227539,-0.0003297773946542293,-0.01482060831040144,40.9449577331543
598,0.5985985994338989,64.8521957397461,-0.00033526308834552765,-0.01549493707716465,43.277976989746094
599,0.5995995998382568,64.9072265625,-0.0003367037861607969,-0.015448290854692459,43.28688049316406
600,0.6006006002426147,64.96229553222656,-0.0003394605591893196,-0.01572117581963539,44.03902816772461
601,0.6016016006469727,65.01741790771484,-0.0003402308211661875,-0.015835260972380638,44.13395690917969
602,0.6026026010513306,65.07258605957031,-0.0003474187687970698,-0.016977377235889435,47.116493225097656
603,0.6036036014556885,65.12779998779297,-0.0003468561917543411,-0.017033709213137627,47.05112075805664
604,0.6046046018600464,65.18305969238281,-0.0003501991741359234,-0.01786547526717186,49.33219528198242
605,0.6056056022644043,65.23836517333984,-0.00034706282895058393,-0.017723577097058296,49.026519775390625
606,0.6066066026687622,65.2937240600586,-0.0003504720516502857,-0.01856663078069687,51.59505844116211
607,0.6076076030731201,65.34912872314453,-0.0003456904087215662,-0.018054764717817307,50.27674102783203
608,0.608608603477478,65.40457916259766,-0.0003488365327939391,-0.01850326918065548,51.70278549194336
609,0.6096096038818359,65.46007537841797,-0.00034711899934336543,-0.01825825124979019,51.10777282714844
610,0.6106106042861938,65.51561737060547,-0.00034916543518193066,-0.018563663586974144,52.14863586425781
611,0.6116116046905518,65.57120513916016,-0.0003452473902143538,-0.01830926351249218,51.68989181518555
612,0.6126126050949097,65.62684631347656,-0.0003478004364296794,-0.01889169216156006,53.62759780883789
613,0.6136136054992676,65.68252563476562,-0.00034482841147109866,-0.01883169636130333,53.62554168701172
614,0.6146146059036255,65.7382583618164,-0.0003364513977430761,-0.018032241612672806,51.369712829589844
615,0.6156156063079834,65.79403686523438,-0.0003306834842078388,-0.017421221360564232,49.60048294067383
616,0.6166166067123413,65.84986877441406,-0.00032585725421085954,-0.016713788732886314,47.47883987426758
617,0.6176176071166992,65.9057388305664,-0.0003261866804677993,-0.01670648902654648,47.42770004272461
618,0.6186186075210571,65.96166229248047,-0.00031939608743414283,-0.015420282259583473,43.38982009887695
619,0.619619607925415,66.01763153076172,-0.0003145223017781973,-0.01417201291769743,39.388423919677734
620,0.620620608329773,66.07364654541016,-0.0003117690794169903,-0.01304882112890482,35.70683288574219
621,0.6216216087341309,66.12971496582031,-0.0003143269568681717,-0.013852900825440884,38.17607879638672
622,0.6226226091384888,66.18582916259766,-0.0003162049106322229,-0.0141155906021595,38.87235641479492
623,0.6236236095428467,66.24198150634766,-0.00031964073423296213,-0.015025799162685871,41.6009407043457
624,0.6246246099472046,66.29818725585938,-0.0003206891124136746,-0.015241567976772785,42.202571868896484
625,0.6256256103515625,66.35443878173828,-0.00032080122036859393,-0.015190936625003815,42.0858039855957
626,0.6266266107559204,66.4107437133789,-0.0003214713360648602,-0.015442189760506153,42.90979766845703
627,0.6276276111602783,66.46709442138672,-0.00032194459345191717,-0.015748631209135056,43.951133728027344
628,0.6286286115646362,66.52349090576172,-0.00032500881934538484,-0.01704212836921215,48.037681579589844
629,0.6296296119689941,66.57994079589844,-0.00032471740269102156,-0.0167717132717371,47.29957962036133
630,0.630630612373352,66.63642883300781,-0.0003240812220610678,-0.016347190365195274,46.10225296020508
631,0.63163161277771,66.6929702758789,-0.0003224356914870441,-0.015468095429241657,43.47452926635742
632,0.6326326131820679,66.74955749511719,-0.0003231721348129213,-0.01600497215986252,45.26777267456055
633,0.6336336135864258,66.80619812011719,-0.0003279086959082633,-0.01740192621946335,49.703765869140625
634,0.6346346139907837,66.86288452148438,-0.0003271621826570481,-0.01733958162367344,49.619449615478516
635,0.6356356143951416,66.91961669921875,-0.0003255562041886151,-0.017110981047153473,48.98925018310547
636,0.6366366147994995,66.97640228271484,-0.00032807630486786366,-0.017590299248695374,50.58373260498047
637,0.6376376152038574,67.0332260131836,-0.0003327931626699865,-0.018287556245923042,52.84321594238281
638,0.6386386156082153,67.0901107788086,-0.0003356034867465496,-0.018666081130504608,54.12021255493164
639,0.6396396160125732,67.14703369140625,-0.00033734197495505214,-0.018958525732159615,55.112945556640625
640,0.6406406164169312,67.20401000976562,-0.0003351885243318975,-0.018769795075058937,54.665950775146484
641,0.6416416764259338,67.26103210449219,-0.00033576847636140883,-0.018999893218278885,55.578426361083984
642,0.6426426768302917,67.31810760498047,-0.0003278993535786867,-0.018092913553118706,53.07150650024414
643,0.6436436772346497,67.37522888183594,-0.0003159923944622278,-0.01666983589529991,48.96567916870117
644,0.6446446776390076,67.4323959350586,-0.0003159325569868088,-0.016804862767457962,49.70130920410156
645,0.6456456780433655,67.48960876464844,-0.0003143537323921919,-0.01669374667108059,49.630470275878906
646,0.6466466784477234,67.546875,-0.00031411711825057864,-0.016687938943505287,49.79841232299805
647,0.6476476788520813,67.60418701171875,-0.000314613658702001,-0.016687456518411636,49.88836669921875
648,0.6486486792564392,67.66155242919922,-0.00032341404585167766,-0.017785925418138504,53.419498443603516
649,0.6496496796607971,67.71896362304688,-0.0003217513731215149,-0.017538752406835556,52.71744918823242
650,0.650650680065155,67.77642822265625,-0.0003213526215404272,-0.017671804875135422,53.17003631591797
651,0.6516516804695129,67.83393859863281,-0.00032171831117011607,-0.017920562997460365,53.896766662597656
652,0.6526526808738708,67.89148712158203,-0.0003291406901553273,-0.019096707925200462,57.39107131958008
653,0.6536536812782288,67.9490966796875,-0.0003368472680449486,-0.02026532031595707,60.817543029785156
654,0.6546546816825867,68.00675201416016,-0.0003365876036696136,-0.02035118080675602,61.05274963378906
655,0.6556556820869446,68.064453125,-0.00033745146356523037,-0.020839817821979523,62.53902816772461
656,0.6566566824913025,68.1222152709961,-0.0003367176977917552,-0.020932702347636223,62.833065032958984
657,0.6576576828956604,68.18000793457031,-0.00033312273444607854,-0.020438866689801216,61.37644958496094
658,0.6586586833000183,68.23786163330078,-0.0003379666886758059,-0.020875683054327965,62.70009231567383
659,0.6596596837043762,68.29576110839844,-0.00034189081634394825,-0.021060969680547714,63.28097915649414
660,0.6606606841087341,68.35371398925781,-0.0003447024791967124,-0.02105090022087097,63.33403396606445
661,0.661661684513092,68.41171264648438,-0.0003360354749020189,-0.019548213109374046,59.07896041870117
662,0.66266268491745,68.46975708007812,-0.00034072838025167584,-0.020023632794618607,60.667545318603516
663,0.6636636853218079,68.5278549194336,-0.0003376880777068436,-0.019646164029836655,59.72207260131836
664,0.6646646857261658,68.58599853515625,-0.00034046851214952767,-0.020350322127342224,61.86180114746094
665,0.6656656861305237,68.64419555664062,-0.0003401844296604395,-0.020741738379001617,62.99382019042969
666,0.6666666865348816,68.70243835449219,-0.0003359396359883249,-0.020436299964785576,61.99540710449219
667,0.6676676869392395,68.76073455810547,-0.00033056974643841386,-0.01984572596848011,60.12202453613281
668,0.6686686873435974,68.81907653808594,-0.0003373066138010472,-0.021576296538114548,65.29698944091797
669,0.6696696877479553,68.87747192382812,-0.0003375951200723648,-0.021998532116413116,66.5831527709961
670,0.6706706881523132,68.9359130859375,-0.0003310649190098047,-0.020832013338804245,63.12847137451172
671,0.6716716885566711,68.9944076538086,-0.00032761620241217315,-0.02027200721204281,61.53154373168945
672,0.672672688961029,69.05294799804688,-0.0003220779472030699,-0.019183777272701263,58.33115768432617
673,0.673673689365387,69.11154174804688,-0.0003240958321839571,-0.019321095198392868,58.9103889465332
674,0.6746746897697449,69.17018127441406,-0.0003288039588369429,-0.019898908212780952,60.88390350341797
675,0.6756756901741028,69.22887420654297,-0.00032596453092992306,-0.01922575943171978,59.154666900634766
676,0.6766766905784607,69.2876205444336,-0.0003252633032388985,-0.019164307042956352,59.337459564208984
677,0.6776776909828186,69.34640502929688,-0.00032551176263950765,-0.019169511273503304,59.640907287597656
678,0.6786786913871765,69.4052505493164,-0.0003253198810853064,-0.019043156877160072,59.423614501953125
679,0.6796796917915344,69.4641342163086,-0.0003324981080368161,-0.02023189514875412,63.13648986816406
680,0.6806806921958923,69.52307891845703,-0.0003309955936856568,-0.01981106773018837,61.916500091552734
681,0.6816816926002502,69.58206939697266,-0.0003334672364871949,-0.02019652910530567,63.146480560302734
682,0.6826826930046082,69.64111328125,-0.00033429599716328084,-0.02061283029615879,64.52994537353516
683,0.6836836934089661,69.7001953125,-0.00032865063985809684,-0.01991334930062294,62.51536560058594
684,0.684684693813324,69.75934600830078,-0.0003271674504503608,-0.019833246245980263,62.28330612182617
685,0.6856856942176819,69.81852722167969,-0.00033176763099618256,-0.020825963467359543,65.25646209716797
686,0.6866866946220398,69.87776947021484,-0.0003286973515059799,-0.020399026572704315,63.896244049072266
687,0.6876876950263977,69.93706512451172,-0.000329642032738775,-0.020678728818893433,64.65202331542969
688,0.6886886954307556,69.99640655517578,-0.0003314680070616305,-0.021159540861845016,66.0496597290039
689,0.6896896958351135,70.05580139160156,-0.000338098150677979,-0.02269096113741398,70.73455047607422
690,0.6906906962394714,70.11524200439453,-0.0003319864335935563,-0.022101810202002525,69.27476501464844
691,0.6916916966438293,70.17473602294922,-0.00031905865762382746,-0.020188026130199432,63.60167694091797
692,0.6926926970481873,70.23428344726562,-0.00031709211179986596,-0.019738702103495598,62.25568389892578
693,0.6936936974525452,70.29387664794922,-0.0003111865953542292,-0.01830715499818325,57.70413589477539
694,0.6946946978569031,70.353515625,-0.0003159761254210025,-0.01849559135735035,58.230812072753906
695,0.695695698261261,70.41321563720703,-0.0003180793719366193,-0.018514882773160934,58.36418914794922
696,0.6966966986656189,70.47296142578125,-0.0003139778273180127,-0.017918435856699944,56.721004486083984
697,0.6976976990699768,70.53276062011719,-0.00031343489536084235,-0.018033906817436218,57.24856948852539
698,0.6986986994743347,70.59259796142578,-0.00031185545958578587,-0.01800498738884926,57.294464111328125
699,0.6996996998786926,70.65249633789062,-0.00030427720048464835,-0.01640780083835125,52.237579345703125
700,0.7007007002830505,70.71244812011719,-0.00030298507772386074,-0.016353778541088104,52.09101867675781
701,0.7017017006874084,70.77244567871094,-0.0003020350122824311,-0.016383115202188492,52.14954376220703
702,0.7027027010917664,70.83250427246094,-0.0003018383285962045,-0.01646566018462181,52.32369613647461
703,0.7037037014961243,70.8926010131836,-0.0003013920795638114,-0.016241203993558884,51.481170654296875
704,0.7047047019004822,70.95275115966797,-0.0002989579224959016,-0.015166164375841618,47.898841857910156
705,0.7057057023048401,71.0129623413086,-0.00029758975142613053,-0.014456293545663357,45.6041145324707
706,0.706706702709198,71.07321166992188,-0.00029643269954249263,-0.013812815770506859,43.57829284667969
707,0.7077077031135559,71.1335220336914,-0.0002963236183859408,-0.013802114874124527,43.71823501586914
708,0.7087087035179138,71.19387817382812,-0.00029529427411034703,-0.013434505090117455,42.70319747924805
709,0.7097097039222717,71.25428771972656,-0.0002962777216453105,-0.014011658728122711,44.81986999511719
710,0.7107107043266296,71.31475067138672,-0.0002979587879963219,-0.014534911140799522,46.66554641723633
711,0.7117117047309875,71.37525939941406,-0.00029810689738951623,-0.014463845640420914,46.4473876953125
712,0.7127127051353455,71.4358139038086,-0.0002926874440163374,-0.013147874735295773,42.08020782470703
713,0.7137137055397034,71.4964370727539,-0.0002901684201788157,-0.012708580121397972,40.69566345214844
714,0.7147147059440613,71.55709838867188,-0.00028944070800207555,-0.012820490635931492,41.12192916870117
715,0.7157157063484192,71.61781311035156,-0.0002880849642679095,-0.012629194185137749,40.377891540527344
716,0.7167167067527771,71.67858123779297,-0.0002870172611437738,-0.012657050043344498,40.38886260986328
717,0.717717707157135,71.7394027709961,-0.00028661417309194803,-0.013013873249292374,41.52289962768555
718,0.7187187075614929,71.8002700805664,-0.00028668990125879645,-0.0132563766092062,42.19446563720703
719,0.7197197079658508,71.86119842529297,-0.0002883835113607347,-0.013979357667267323,44.4334716796875
720,0.7207207083702087,71.92217254638672,-0.00028926553204655647,-0.014136460609734058,44.7387580871582
721,0.7217217087745667,71.98320007324219,-0.0002922687563113868,-0.015232711099088192,48.37846755981445
722,0.7227227091789246,72.04427337646484,-0.0002949030895251781,-0.01602373830974102,51.01466751098633
723,0.7237237095832825,72.10540771484375,-0.00029358078609220684,-0.0156599972397089,49.818328857421875
724,0.7247247099876404,72.16658782958984,-0.0002909389731939882,-0.01500722672790289,47.71812057495117
725,0.7257257103919983,72.22782135009766,-0.00028887487133033574,-0.014554554596543312,46.35573196411133
726,0.7267267107963562,72.28910827636719,-0.0002861443208530545,-0.01381189189851284,44.01040267944336
727,0.7277277112007141,72.3504409790039,-0.0002868915908038616,-0.014795544557273388,47.64951705932617
728,0.728728711605072,72.41183471679688,-0.00028451456455513835,-0.014416431076824665,46.53861618041992
729,0.7297297120094299,72.47327423095703,-0.00028185767587274313,-0.013927364721894264,45.02029800415039
730,0.7307307124137878,72.53477478027344,-0.0002801651135087013,-0.013695836998522282,44.33427810668945
731,0.7317317128181458,72.59632110595703,-0.00027783133555203676,-0.012777844443917274,41.07158660888672
732,0.7327327132225037,72.65791320800781,-0.0002779357600957155,-0.012925606220960617,41.60020065307617
733,0.7337337136268616,72.71956634521484,-0.00027880241395905614,-0.013186491094529629,42.56108474731445
734,0.7347347140312195,72.78126525878906,-0.00028039381140843034,-0.014083819463849068,45.788169860839844
735,0.7357357144355774,72.84302520751953,-0.0002816311316564679,-0.013896793127059937,45.11878204345703
736,0.7367367148399353,72.90483093261719,-0.00028668896993622184,-0.01282790582627058,41.39693832397461
737,0.7377377152442932,72.96669006347656,-0.0002918743120972067,-0.012190821580588818,39.232845306396484
738,0.7387387156486511,73.02860260009766,-0.00029402971267700195,-0.011945740319788456,38.5125617980957
739,0.739739716053009,73.09056854248047,-0.0002920588303823024,-0.012463134713470936,40.40266036987305
740,0.7407407164573669,73.152587890625,-0.00029465448460541666,-0.011497069150209427,37.29119873046875
741,0.7417417168617249,73.21465301513672,-0.0002935547672677785,-0.011421415023505688,37.191741943359375
742,0.7427427172660828,73.27677917480469,-0.0002944345469586551,-0.009884495288133621,32.069000244140625
743,0.7437437772750854,73.33895874023438,-0.0002923597057815641,-0.009185644797980785,29.769201278686523
744,0.7447447776794434,73.40119171142578,-0.0002907943562604487,-0.00854344479739666,27.60112762451172
745,0.7457457780838013,73.46347045898438,-0.00028970741550438106,-0.00826069712638855,26.681137084960938
746,0.7467467784881592,73.52580261230469,-0.00028856698190793395,-0.009256960824131966,30.17435073852539
747,0.7477477788925171,73.58819580078125,-0.00028804148314520717,-0.009549488313496113,31.2086181640625
748,0.748748779296875,73.65062713623047,-0.00028901384212076664,-0.00834689848124981,27.016794204711914
749,0.7497497797012329,73.71311950683594,-0.00028889422537758946,-0.007877709344029427,25.294492721557617
750,0.7507507801055908,73.77567291259766,-0.0002896829100791365,-0.00813344120979309,25.99698257446289
751,0.7517517805099487,73.83826446533203,-0.00028921483317390084,-0.009559709578752518,30.658613204956055
752,0.7527527809143066,73.90092468261719,-0.00029005378019064665,-0.009084003046154976,28.731019973754883
753,0.7537537813186646,73.963623046875,-0.0002894971985369921,-0.00912549626082182,28.633848190307617
754,0.7547547817230225,74.02638244628906,-0.000287855276837945,-0.00915576983243227,28.66422462463379
755,0.7557557821273804,74.08919525146484,-0.0002874083293136209,-0.007950400933623314,24.562854766845703
756,0.7567567825317383,74.15206146240234,-0.00028557470068335533,-0.007714319508522749,23.865795135498047
757,0.7577577829360962,74.21498107910156,-0.0002832843456417322,-0.00840560719370842,26.472631454467773
758,0.7587587833404541,74.2779541015625,-0.00028170709265396,-0.006962201092392206,21.531526565551758
759,0.759759783744812,74.34097290039062,-0.0002804127288982272,-0.007212518714368343,22.549612045288086
760,0.7607607841491699,74.404052734375,-0.0002793451421894133,-0.006916377227753401,21.61060905456543
761,0.7617617845535278,74.4671859741211,-0.0002786913246382028,-0.006268711294978857,19.4300479888916
762,0.7627627849578857,74.53038024902344,-0.00027831195620819926,-0.00590504240244627,18.31122589111328
763,0.7637637853622437,74.59361267089844,-0.00027826178120449185,-0.006619560066610575,21.046306610107422
764,0.7647647857666016,74.65690612792969,-0.00027707533445209265,-0.006681615021079779,21.386491775512695
765,0.7657657861709595,74.72025299072266,-0.00027658953331410885,-0.007336292881518602,23.838159561157227
766,0.7667667865753174,74.78365325927734,-0.00027457860414870083,-0.007336810231208801,23.888019561767578
767,0.7677677869796753,74.84710693359375,-0.0002756824833340943,-0.008225742727518082,27.141775131225586
768,0.7687687873840332,74.91061401367188,-0.00027129510999657214,-0.007600037381052971,24.874187469482422
769,0.7697697877883911,74.97418212890625,-0.0002681944752112031,-0.0069159166887402534,22.29294776916504
770,0.770770788192749,75.03779602050781,-0.00027210175176151097,-0.007841522805392742,25.6267032623291
771,0.7717717885971069,75.1014633178711,-0.00027220125775784254,-0.00731623312458396,23.559646606445312
772,0.7727727890014648,75.1651840209961,-0.00027433515060693026,-0.00673995167016983,21.36775779724121
773,0.7737737894058228,75.22896575927734,-0.00027845308068208396,-0.0073439739644527435,23.448266983032227
774,0.7747747898101807,75.29280090332031,-0.00028060469776391983,-0.007621575612574816,24.456087112426758
775,0.7757757902145386,75.35668182373047,-0.0002818332868628204,-0.0074896439909935,24.065963745117188
776,0.7767767906188965,75.42062377929688,-0.0002826594572979957,-0.00687230983749032,22.004566192626953
777,0.7777777910232544,75.484619140625,-0.0002830068697221577,-0.006494796834886074,20.83452033996582
778,0.7787787914276123,75.54866790771484,-0.0002818141074385494,-0.006930010858923197,22.597803115844727
779,0.7797797918319702,75.6127700805664,-0.00028108671540394425,-0.006209351122379303,20.19790267944336
780,0.7807807922363281,75.67693328857422,-0.0002797241322696209,-0.005388528574258089,17.401748657226562
781,0.781781792640686,75.74114227294922,-0.00027760444208979607,-0.0055051641538739204,17.948259353637695
782,0.782782793045044,75.80540466308594,-0.0002752337313722819,-0.005287802312523127,17.247957229614258
783,0.7837837934494019,75.8697280883789,-0.0002726414822973311,-0.005389358848333359,17.67915916442871
784,0.7847847938537598,75.9341049194336,-0.000269853015197441,-0.005370268598198891,17.685510635375977
785,0.7857857942581177,75.99853515625,-0.00026706961216405034,-0.005111190024763346,16.793848037719727
786,0.7867867946624756,76.06301879882812,-0.00026824543601833284,-0.005936209578067064,19.902992248535156
787,0.7877877950668335,76.1275634765625,-0.00026628695195540786,-0.005474821664392948,18.143678665161133
788,0.7887887954711914,76.19215393066406,-0.0002656691358424723,-0.005281056743115187,17.335065841674805
789,0.7897897958755493,76.25680541992188,-0.0002681056794244796,-0.005820105783641338,19.23053741455078
790,0.7907907962799072,76.3215103149414,-0.00026738762971945107,-0.005484860390424728,17.87474250793457
791,0.7917917966842651,76.38626861572266,-0.00026606442406773567,-0.004915126599371433,15.72161865234375
792,0.792792797088623,76.45108032226562,-0.0002657041186466813,-0.004760108422487974,15.147459030151367
793,0.793793797492981,76.51595306396484,-0.0002660852624103427,-0.005788351874798536,19.005645751953125
794,0.7947947978973389,76.58087921142578,-0.00026551767950877547,-0.0065361512824893,21.83883285522461
795,0.7957957983016968,76.64585876464844,-0.00026106429868377745,-0.005522263702005148,18.026065826416016
796,0.7967967987060547,76.71089172363281,-0.0002585752517916262,-0.005030164495110512,16.146257400512695
797,0.7977977991104126,76.7759780883789,-0.00025747070321813226,-0.004354371223598719,13.541491508483887
798,0.7987987995147705,76.84112548828125,-0.000259850436123088,-0.0033832986373454332,9.812139511108398
799,0.7997997999191284,76.90632629394531,-0.0002551227225922048,-0.004259325098246336,13.290969848632812
800,0.8008008003234863,76.97157287597656,-0.00025657759397290647,-0.003926054574549198,12.078907012939453
801,0.8018018007278442,77.03689575195312,-0.00026298698503524065,-0.002843888709321618,7.971419334411621
802,0.8028028011322021,77.10225677490234,-0.0002628314832691103,-0.002989400876685977,8.535686492919922
803,0.8038038015365601,77.16767883300781,-0.0002638139412738383,-0.0029631685465574265,8.414265632629395
804,0.804804801940918,77.233154296875,-0.00026159605477005243,-0.003710926976054907,11.226877212524414
805,0.8058058023452759,77.29869079589844,-0.00026224477915093303,-0.003826460102573037,11.615717887878418
806,0.8068068027496338,77.36427307128906,-0.00026011388399638236,-0.004511949606239796,14.192337989807129
807,0.8078078031539917,77.42991638183594,-0.0002621784224174917,-0.004435278940945864,13.89341926574707
808,0.8088088035583496,77.49562072753906,-0.0002634484553709626,-0.004533693194389343,14.333141326904297
809,0.8098098039627075,77.56137084960938,-0.00026764534413814545,-0.003953265491873026,12.290526390075684
810,0.8108108043670654,77.62718963623047,-0.00026760221226140857,-0.00415044417604804,13.211785316467285
811,0.8118118047714233,77.69306182861328,-0.00026862387312576175,-0.003808600828051567,12.082876205444336
812,0.8128128051757812,77.75897979736328,-0.00026946887373924255,-0.0031214694026857615,9.63969898223877
813,0.8138138055801392,77.82495880126953,-0.00026470370357856154,-0.004004281479865313,13.052595138549805
814,0.8148148059844971,77.8909912109375,-0.0002635475539136678,-0.0035708039067685604,11.469449996948242
815,0.815815806388855,77.95708465576172,-0.0002639455778989941,-0.0022844914346933365,6.575351715087891
816,0.8168168067932129,78.02323150634766,-0.0002611201489344239,-0.002458656206727028,7.211081504821777
817,0.8178178071975708,78.08943176269531,-0.00026185077149420977,-0.001237036194652319,2.539187431335449
818,0.8188188076019287,78.15569305419922,-0.0002639238373376429,-0.0005722231580875814,0.05000579357147217
819,0.8198198080062866,78.22200775146484,-0.0002655280695762485,-0.000246359093580395,-1.1076607704162598
820,0.8208208084106445,78.28837585449219,-0.0002581790031399578,-0.0014606701442971826,3.5740866661071777
821,0.8218218088150024,78.35481262207031,-0.00025598154752515256,-0.00177573983091861,4.8207597732543945
822,0.8228228092193604,78.4212875366211,-0.00026521552354097366,-0.00046541509800590575,-0.21413695812225342
823,0.8238238096237183,78.48783874511719,-0.00026766571681946516,-0.00017374460003338754,-1.3391426801681519
824,0.8248248100280762,78.55442810058594,-0.0002646196517162025,-0.0004978190991096199,-0.17435050010681152
825,0.8258258104324341,78.62108612060547,-0.00026817654725164175,-9.409740414412227e-06,-2.032532215118408
826,0.826826810836792,78.68779754638672,-0.0002799559151753783,0.0014834192115813494,-7.494068145751953
827,0.8278278112411499,78.75455474853516,-0.0002818246721290052,0.001925849705003202,-9.098934173583984
828,0.8288288116455078,78.82138061523438,-0.00028289412148296833,0.0027634496800601482,-12.120964050292969
829,0.8298298120498657,78.88825988769531,-0.00028099294286221266,0.00307073094882071,-13.36350154876709
830,0.8308308124542236,78.9552001953125,-0.00027721485821530223,0.0027235092129558325,-12.233174324035645
831,0.8318318128585815,79.02220153808594,-0.0002765317040029913,0.0032545693684369326,-14.202037811279297
832,0.8328328132629395,79.08924865722656,-0.00027455773670226336,0.0035125003196299076,-15.210775375366211
833,0.8338338136672974,79.15635681152344,-0.0002672340488061309,0.0023794209118932486,-11.050071716308594
834,0.8348348140716553,79.22352600097656,-0.000267875351710245,0.0029777486342936754,-13.274982452392578
835,0.8358358144760132,79.29074096679688,-0.0002626082277856767,0.0024701878428459167,-11.352171897888184
836,0.8368368148803711,79.35801696777344,-0.00025951871066354215,0.0022574535105377436,-10.527754783630371
837,0.837837815284729,79.42535400390625,-0.0002567003248259425,0.0018662690417841077,-9.035502433776855
838,0.8388388156890869,79.49275207519531,-0.0002574862155597657,0.001863755052909255,-9.074666976928711
839,0.8398398160934448,79.56019592285156,-0.0002551590441726148,0.0012340240646153688,-6.655643463134766
840,0.8408408164978027,79.62770080566406,-0.0002576612459961325,0.001841775607317686,-9.038155555725098
841,0.8418418169021606,79.69527435302734,-0.0002541601425036788,0.0012480036821216345,-6.688512802124023
842,0.8428428173065186,79.76288604736328,-0.0002579006541054696,0.002749776002019644,-12.502214431762695
843,0.8438438177108765,79.83056640625,-0.0002580501604825258,0.003403111593797803,-15.020305633544922
844,0.8448448181152344,79.89830780029297,-0.0002572888624854386,0.0035273772664368153,-15.497538566589355
845,0.8458458185195923,79.96610260009766,-0.00025746398023329675,0.003770157927647233,-16.44244956970215
846,0.846846878528595,80.0339584350586,-0.0002584238536655903,0.00427879486232996,-18.40545082092285
847,0.8478478789329529,80.10186004638672,-0.00025950695271603763,0.004830711055546999,-20.535797119140625
848,0.8488488793373108,80.16983032226562,-0.00026179515407420695,0.005910336039960384,-24.64311981201172
849,0.8498498797416687,80.23786163330078,-0.00026167978649027646,0.005352532956749201,-22.498868942260742
850,0.8508508801460266,80.30593872070312,-0.000263555150013417,0.006039551459252834,-25.1168155670166
851,0.8518518805503845,80.37407684326172,-0.0002655448333825916,0.006730325985699892,-27.710372924804688
852,0.8528528809547424,80.44227600097656,-0.00026704720221459866,0.006320466753095388,-26.175153732299805
853,0.8538538813591003,80.51052856445312,-0.0002682246267795563,0.006009881384670734,-24.979190826416016
854,0.8548548817634583,80.57884216308594,-0.0002694705326575786,0.006569292396306992,-27.03166961669922
855,0.8558558821678162,80.647216796875,-0.00026924294070340693,0.0070315394550561905,-28.740270614624023
856,0.8568568825721741,80.71565246582031,-0.0002673061389941722,0.007646387442946434,-31.056180953979492
857,0.857857882976532,80.78413391113281,-0.0002633571275509894,0.008454575203359127,-34.12757110595703
858,0.8588588833808899,80.8526840209961,-0.0002632217656355351,0.008185121230781078,-33.10159683227539
859,0.8598598837852478,80.92127990722656,-0.0002624965272843838,0.008114209398627281,-32.81045150756836
860,0.8608608841896057,80.98995208740234,-0.00026368926046416163,0.007492507342249155,-30.415149688720703
861,0.8618618845939636,81.05866241455078,-0.00026387092657387257,0.007396583911031485,-29.97966957092285
862,0.8628628849983215,81.12744903564453,-0.00026260706363245845,0.00788545235991478,-31.786766052246094
863,0.8638638854026794,81.19628143310547,-0.00026208703638985753,0.008173039183020592,-32.904869079589844
864,0.8648648858070374,81.26518249511719,-0.00026555321528576314,0.007413031067699194,-30.11282730102539
865,0.8658658862113953,81.3341293334961,-0.00025569615536369383,0.009216533973813057,-37.165470123291016
866,0.8668668866157532,81.40314483642578,-0.0002522336144465953,0.00968438945710659,-39.224117279052734
867,0.8678678870201111,81.47222137451172,-0.0002514029329176992,0.009579747915267944,-39.07706832885742
868,0.868868887424469,81.54134368896484,-0.0002501205890439451,0.010650279931724072,-43.587615966796875
869,0.8698698878288269,81.61053466796875,-0.00025278303655795753,0.011333867907524109,-46.51881790161133
870,0.8708708882331848,81.6797866821289,-0.0002541180292610079,0.011314173229038715,-46.674930572509766
871,0.8718718886375427,81.74909210205078,-0.00025108607951551676,0.010307534597814083,-42.92927932739258
872,0.8728728890419006,81.81845092773438,-0.0002521900460124016,0.010120362043380737,-42.304176330566406
873,0.8738738894462585,81.88787078857422,-0.00025534082669764757,0.010654485784471035,-44.360816955566406
874,0.8748748898506165,81.95735931396484,-0.00025574356550350785,0.010405777022242546,-43.244998931884766
875,0.8758758902549744,82.02690887451172,-0.0002569888602010906,0.010538223199546337,-43.623111724853516
876,0.8768768906593323,82.09650421142578,-0.0002578674757387489,0.010534880682826042,-43.54177474975586
877,0.8778778910636902,82.1661605834961,-0.0002574594982434064,0.010350021533668041,-42.8571891784668
878,0.8788788914680481,82.23587799072266,-0.00025625998387113214,0.010214892216026783,-42.48095703125
879,0.879879891872406,82.30565643310547,-0.0002526703756302595,0.009043515659868717,-38.075260162353516
880,0.8808808922767639,82.37548828125,-0.00025071087293326855,0.009111032821238041,-38.59671401977539
881,0.8818818926811218,82.44538116455078,-0.00024911484797485173,0.009198416955769062,-39.17643737792969
882,0.8828828930854797,82.51534271240234,-0.00024728261632844806,0.00843350775539875,-36.13346862792969
883,0.8838838934898376,82.58535766601562,-0.00024665019009262323,0.007751410361379385,-33.337890625
884,0.8848848938941956,82.65543365478516,-0.0002467217855155468,0.007355771493166685,-31.687685012817383
885,0.8858858942985535,82.72557067871094,-0.00024653595755808055,0.008235746994614601,-35.2269172668457
886,0.8868868947029114,82.7957534790039,-0.0002470831968821585,0.009123964235186577,-38.79875946044922
887,0.8878878951072693,82.86600494384766,-0.0002472956548444927,0.009231207892298698,-39.26716613769531
888,0.8888888955116272,82.93631744384766,-0.00025032443227246404,0.010934953577816486,-46.289939880371094
889,0.8898898959159851,83.00669860839844,-0.00025799975264817476,0.012860549613833427,-54.12712478637695
890,0.890890896320343,83.0771255493164,-0.0002579977153800428,0.013010360300540924,-54.993690490722656
891,0.8918918967247009,83.14761352539062,-0.00026438513305038214,0.014627877622842789,-61.381797790527344
892,0.8928928971290588,83.21817016601562,-0.0002651232643984258,0.014858480542898178,-62.382022857666016
893,0.8938938975334167,83.28878021240234,-0.0002671036636456847,0.01580699160695076,-66.0507583618164
894,0.8948948979377747,83.35945129394531,-0.00026542620616964996,0.015020008198916912,-63.14961242675781
895,0.8958958983421326,83.43018341064453,-0.0002655619755387306,0.015008265152573586,-63.12449264526367
896,0.8968968987464905,83.5009765625,-0.00026491715107113123,0.014647855423390865,-61.77962875366211
897,0.8978978991508484,83.57182312011719,-0.00026408268604427576,0.014400329440832138,-60.94890594482422
898,0.8988988995552063,83.64273071289062,-0.0002672219998203218,0.015420066192746162,-64.99186706542969
899,0.8998998999595642,83.71370697021484,-0.000266535411356017,0.015360881574451923,-64.9449691772461
900,0.9009009003639221,83.78473663330078,-0.00026858289493247867,0.01629997231066227,-68.539794921875
901,0.90190190076828,83.85582733154297,-0.00026401132345199585,0.014945202507078648,-63.576690673828125
902,0.9029029011726379,83.9269790649414,-0.00026375934248790145,0.015024077147245407,-64.05349731445312
903,0.9039039015769958,83.99818420410156,-0.0002646392094902694,0.015576603822410107,-66.32628631591797
904,0.9049049019813538,84.06946563720703,-0.0002648374065756798,0.01626540906727314,-69.0582504272461
905,0.9059059023857117,84.14079284667969,-0.00026089343009516597,0.015498626977205276,-66.20578002929688
906,0.9069069027900696,84.21219635009766,-0.00025986507534980774,0.01595337502658367,-67.89409637451172
907,0.9079079031944275,84.28364562988281,-0.0002515564556233585,0.014185469597578049,-60.85511016845703
908,0.9089089035987854,84.35516357421875,-0.00025453761918470263,0.015307090245187283,-65.13599395751953
909,0.9099099040031433,84.42674255371094,-0.00025190634187310934,0.014684009365737438,-62.59751892089844
910,0.9109109044075012,84.49837493896484,-0.000250265613431111,0.014328396879136562,-61.29607391357422
911,0.9119119048118591,84.57007598876953,-0.00025065115187317133,0.01451130025088787,-62.2404670715332
912,0.912912905216217,84.64183044433594,-0.00025215299683623016,0.015210862271487713,-65.32198333740234
913,0.913913905620575,84.71365356445312,-0.00025162409292533994,0.015009373426437378,-64.78500366210938
914,0.9149149060249329,84.78553009033203,-0.0002521220303606242,0.015126782469451427,-65.46272277832031
915,0.9159159064292908,84.85746765136719,-0.0002514457446523011,0.014918651431798935,-64.77710723876953
916,0.9169169068336487,84.92947387695312,-0.0002534709929022938,0.015699969604611397,-67.94577026367188
917,0.9179179072380066,85.00153350830078,-0.00025399564765393734,0.01590893417596817,-68.80289459228516
918,0.9189189076423645,85.07366180419922,-0.0002562674053478986,0.01727934554219246,-74.2758560180664
919,0.9199199080467224,85.1458511352539,-0.0002562468871474266,0.018011976033449173,-77.35179138183594
920,0.9209209084510803,85.21809387207031,-0.000254751619650051,0.018008673563599586,-77.59990692138672
921,0.9219219088554382,85.29039764404297,-0.00025323955924250185,0.018500614911317825,-79.79006958007812
922,0.9229229092597961,85.3627700805664,-0.0002513359358999878,0.019126292318105698,-82.54197692871094
923,0.923923909664154,85.43519592285156,-0.0002493980573490262,0.018311625346541405,-79.50361633300781
924,0.924924910068512,85.50769805908203,-0.0002478384121786803,0.017574701458215714,-76.74688720703125
925,0.9259259104728699,85.58024597167969,-0.0002470947802066803,0.017697017639875412,-77.38619995117188
926,0.9269269108772278,85.6528549194336,-0.0002469350874889642,0.01698748767375946,-74.5511245727539
927,0.9279279112815857,85.72554779052734,-0.0002477089292369783,0.017600981518626213,-76.9994125366211
928,0.9289289116859436,85.79827880859375,-0.00024846952874213457,0.017163120210170746,-75.20590209960938
929,0.9299299120903015,85.87108612060547,-0.0002487929305061698,0.017230425029993057,-75.39803314208984
930,0.9309309124946594,85.9439468383789,-0.00024847735767252743,0.01762813702225685,-77.0485610961914
931,0.9319319128990173,86.01686096191406,-0.0002478249662090093,0.016823729500174522,-73.95531463623047
932,0.9329329133033752,86.08985137939453,-0.0002467305166646838,0.01602979376912117,-70.92201232910156
933,0.9339339137077332,86.16289520263672,-0.00024550946545787156,0.015584184788167477,-69.20295715332031
934,0.9349349141120911,86.23600769042969,-0.0002445456921122968,0.015405978076159954,-68.51724243164062
935,0.935935914516449,86.3091812133789,-0.0002449012827128172,0.016206122934818268,-71.85466003417969
936,0.9369369149208069,86.38240814208984,-0.0002454004716128111,0.017497627064585686,-77.14161682128906
937,0.9379379153251648,86.45570373535156,-0.0002455462818033993,0.017382347956299782,-76.6544189453125
938,0.9389389157295227,86.52906799316406,-0.00024625007063150406,0.01813802495598793,-79.76306915283203
939,0.9399399161338806,86.60248565673828,-0.0002461469266563654,0.018386563286185265,-80.98860168457031
940,0.9409409165382385,86.67597198486328,-0.0002461029216647148,0.018951416015625,-83.51712036132812
941,0.9419419169425964,86.74951171875,-0.00024611002299934626,0.01810966618359089,-80.36744689941406
942,0.9429429173469543,86.82312774658203,-0.00024541429593227804,0.017667226493358612,-78.78335571289062
943,0.9439439177513123,86.89679718017578,-0.00024441193090751767,0.017962366342544556,-80.23316192626953
944,0.9449449181556702,86.97053527832031,-0.000242755762883462,0.017371295019984245,-78.01318359375
945,0.9459459185600281,87.04431915283203,-0.00023663156025577337,0.015381728298962116,-69.91265106201172
946,0.946946918964386,87.11817932128906,-0.0002384336112299934,0.016226578503847122,-73.60619354248047
947,0.9479479193687439,87.19210052490234,-0.00023814375163055956,0.016435276716947556,-74.5980224609375
948,0.9489489793777466,87.2660903930664,-0.0002366734406678006,0.016038671135902405,-73.0096206665039
949,0.9499499797821045,87.34013366699219,-0.00023920531384646893,0.0166440661996603,-75.68214416503906
950,0.9509509801864624,87.41423797607422,-0.0002395298652118072,0.016584858298301697,-75.59024810791016
951,0.9519519805908203,87.48841094970703,-0.0002384543331572786,0.016109628602862358,-73.76130676269531
952,0.9529529809951782,87.56263732910156,-0.00023352305288426578,0.014646860770881176,-67.712646484375
953,0.9539539813995361,87.6369400024414,-0.00023599200358148664,0.015248904936015606,-70.44393157958984
954,0.954954981803894,87.71129608154297,-0.00023735866125207394,0.015977930277585983,-73.7088394165039
955,0.955955982208252,87.78572845458984,-0.00023514960776083171,0.015405476093292236,-71.45349884033203
956,0.9569569826126099,87.86021423339844,-0.0002363493258599192,0.0166302602738142,-76.76909637451172
957,0.9579579830169678,87.93476104736328,-0.00023531779879704118,0.016431530937552452,-75.96450805664062
958,0.9589589834213257,88.0093765258789,-0.0002344868116779253,0.016293946653604507,-75.3709487915039
959,0.9599599838256836,88.08405303955078,-0.0002344581880606711,0.01677948795258999,-77.47013854980469
960,0.9609609842300415,88.1587905883789,-0.00023337746097240597,0.016322419047355652,-75.6389389038086
961,0.9619619846343994,88.23359680175781,-0.0002338170597795397,0.01698535680770874,-78.656982421875
962,0.9629629850387573,88.30846405029297,-0.0002341289073228836,0.017672298476099968,-81.80091094970703
963,0.9639639854431152,88.38339233398438,-0.0002340052742511034,0.018352515995502472,-84.89317321777344
964,0.9649649858474731,88.45838165283203,-0.00023296843573916703,0.019774436950683594,-91.14488220214844
965,0.965965986251831,88.53343963623047,-0.00023276670253835618,0.017903566360473633,-83.27854919433594
966,0.966966986656189,88.60856628417969,-0.00023143325233832002,0.01718892902135849,-80.24707794189453
967,0.9679679870605469,88.68374633789062,-0.00023001691442914307,0.0164385586977005,-76.97942352294922
968,0.9689689874649048,88.75899505615234,-0.00022884432110004127,0.016041984781622887,-75.24247741699219
969,0.9699699878692627,88.83431243896484,-0.00022755656391382217,0.015349047258496284,-72.15520477294922
970,0.9709709882736206,88.90968322753906,-0.00022678742243442684,0.015228756703436375,-71.57544708251953
971,0.9719719886779785,88.98513793945312,-0.00022626880672760308,0.015211706049740314,-71.47042846679688
972,0.9729729890823364,89.06063842773438,-0.0002255790459457785,0.015266073867678642,-71.72936248779297
973,0.9739739894866943,89.13619995117188,-0.00022547553817275912,0.015564346686005592,-73.1947021484375
974,0.9749749898910522,89.21183776855469,-0.00022657464432995766,0.016226615756750107,-76.3541259765625
975,0.9759759902954102,89.28753662109375,-0.00022771110525354743,0.01731967180967331,-81.41761016845703
976,0.9769769906997681,89.36328887939453,-0.0002266281662741676,0.017130635678768158,-80.74634552001953
977,0.977977991104126,89.43911743164062,-0.00022602496028412133,0.017371201887726784,-81.93880462646484
978,0.9789789915084839,89.5150146484375,-0.00022529609850607812,0.017510419711470604,-82.65728759765625
979,0.9799799919128418,89.59095764160156,-0.00022473340504802763,0.017694801092147827,-83.59336853027344
980,0.9809809923171997,89.66697692871094,-0.000224164585233666,0.018015917390584946,-85.19889831542969
981,0.9819819927215576,89.7430648803711,-0.00022370237275026739,0.018340229988098145,-86.87933349609375
982,0.9829829931259155,89.81920623779297,-0.00022305327001959085,0.0179502684623003,-85.47357177734375
983,0.9839839935302734,89.89541625976562,-0.00022171757882460952,0.016916049644351006,-81.13813781738281
984,0.9849849939346313,89.97168731689453,-0.0002217494766227901,0.016791969537734985,-80.80925750732422
985,0.9859859943389893,90.04803466796875,-0.00022105187235865742,0.016260558739304543,-78.54483795166016
986,0.9869869947433472,90.12445068359375,-0.00022335158428177238,0.017369115725159645,-83.61085510253906
987,0.9879879951477051,90.20091247558594,-0.00022357616398949176,0.01721581444144249,-83.01875305175781
988,0.988988995552063,90.27745819091797,-0.00022347285994328558,0.01680936850607395,-81.29269409179688
989,0.9899899959564209,90.35404968261719,-0.0002222524635726586,0.016205035150051117,-78.72443389892578
990,0.9909909963607788,90.43071746826172,-0.00022171255841385573,0.016406400129199028,-79.84226989746094
991,0.9919919967651367,90.5074462890625,-0.00022127936244942248,0.017093295231461525,-83.15717315673828
992,0.9929929971694946,90.58423614501953,-0.0002199701266363263,0.017744556069374084,-86.3687744140625
993,0.9939939975738525,90.6611099243164,-0.00021768004808109254,0.018269270658493042,-89.0604019165039
994,0.9949949979782104,90.73802947998047,-0.00021564637427218258,0.018856259062886238,-92.01092529296875
995,0.9959959983825684,90.81501770019531,-0.00021421824931167066,0.019788620993494987,-96.54792785644531
996,0.9969969987869263,90.89208221435547,-0.00021367447334341705,0.01978999562561512,-96.56050872802734
997,0.9979979991912842,90.96920013427734,-0.00021504152391571552,0.01911179907619953,-93.09943389892578
998,0.9989989995956421,91.04638671875,-0.00021889722847845405,0.01868065446615219,-90.54454040527344
999,1.0,91.12364959716797,-0.0002265797957079485,0.01921405829489231,-91.93843841552734
