index,timestep,Diffusion_Coeff,Divergence,score,pos
0,0.0,39.05299377441406,0.03128473088145256,0.06939847022294998,-11.488275527954102
1,0.0010010009864345193,39.08612823486328,0.0256436076015234,0.1075235903263092,-10.345551490783691
2,0.0020020019728690386,39.11929702758789,0.018068911507725716,0.1314263641834259,-9.408766746520996
3,0.0030030030757188797,39.15248489379883,0.01250861119478941,0.14132943749427795,-8.895634651184082
4,0.004004003945738077,39.185707092285156,0.005399289540946484,0.1478702425956726,-8.246821403503418
5,0.005005004815757275,39.218955993652344,0.02492333948612213,0.11419840157032013,-10.37719440460205
6,0.006006006151437759,39.25223159790039,0.03205361217260361,0.07107046991586685,-11.823281288146973
7,0.007007007021456957,39.28553771972656,0.029761608690023422,0.08998332172632217,-11.154345512390137
8,0.008008007891476154,39.31887435913086,0.020647211000323296,0.12539812922477722,-9.72243595123291
9,0.009009009227156639,39.352237701416016,0.0237885732203722,0.1151498332619667,-10.180282592773438
10,0.01001000963151455,39.38562774658203,0.008114650845527649,0.14127834141254425,-8.515735626220703
11,0.011011010967195034,39.41904830932617,-0.005514380522072315,0.13963821530342102,-7.032339096069336
12,0.012012012302875519,39.452491760253906,0.008623654022812843,0.1326896995306015,-8.698716163635254
13,0.013013012707233429,39.48596954345703,0.005498770624399185,0.13062502443790436,-8.402780532836914
14,0.014014014042913914,39.51947021484375,0.010053220205008984,0.12029489874839783,-9.071407318115234
15,0.015015014447271824,39.55300521850586,-0.006070111878216267,0.11812795698642731,-6.666377544403076
16,0.01601601578295231,39.58656692504883,-0.006055516190826893,0.11104129254817963,-6.555009841918945
17,0.01701701618731022,39.620155334472656,0.003222998231649399,0.10705651342868805,-8.28497314453125
18,0.018018018454313278,39.653770446777344,0.002519726287573576,0.10289563983678818,-8.192108154296875
19,0.01901901885867119,39.68742370605469,-0.0024874575901776552,0.09873620420694351,-7.138538360595703
20,0.0200200192630291,39.721092224121094,0.007988400757312775,0.0888526663184166,-9.441158294677734
21,0.021021021530032158,39.754798889160156,0.008981305174529552,0.08323110640048981,-9.761207580566406
22,0.022022021934390068,39.78852844238281,0.012361067347228527,0.0727350115776062,-10.499040603637695
23,0.023023022338747978,39.82229232788086,0.01527157798409462,0.0610036738216877,-11.166714668273926
24,0.024024024605751038,39.8560791015625,0.007322104647755623,0.07382440567016602,-9.753913879394531
25,0.025025025010108948,39.889896392822266,0.012351544573903084,0.05893678218126297,-10.87423324584961
26,0.026026025414466858,39.92374801635742,0.004299014341086149,0.06929133087396622,-9.112035751342773
27,0.027027025818824768,39.95762252807617,-7.27237420505844e-05,0.06841780990362167,-7.7858476638793945
28,0.028028028085827827,39.99152755737305,0.008721660822629929,0.0555163249373436,-10.211048126220703
29,0.029029028490185738,40.02545928955078,0.011572259478271008,0.04617397114634514,-10.87889289855957
30,0.030030028894543648,40.05942153930664,0.014118737541139126,0.036002907902002335,-11.518726348876953
31,0.031031031161546707,40.093414306640625,0.017014198005199432,-0.0021995638962835073,-13.761064529418945
32,0.03203203156590462,40.1274299621582,0.016743440181016922,0.0020348287653177977,-13.531062126159668
33,0.03303303197026253,40.16147994995117,0.016119353473186493,0.015287507325410843,-12.767738342285156
34,0.03403403237462044,40.195556640625,0.015886323526501656,-0.0060219671577215195,-14.119726181030273
35,0.03503503277897835,40.22966384887695,0.015876516699790955,-0.0015115655260160565,-13.88176441192627
36,0.036036036908626556,40.263797760009766,0.015406688675284386,0.0017757024616003036,-13.716435432434082
37,0.03703703731298447,40.29795837402344,0.014768128283321857,-0.00275300326757133,-14.043917655944824
38,0.03803803771734238,40.3321533203125,0.01362170185893774,-0.011459465138614178,-14.677935600280762
39,0.03903903812170029,40.36637878417969,0.01329373475164175,0.013680203817784786,-12.840332984924316
40,0.0400400385260582,40.40062713623047,0.012629097327589989,0.014194614253938198,-12.720880508422852
41,0.04104103893041611,40.434906005859375,0.01010979525744915,0.02541785128414631,-11.593937873840332
42,0.042042043060064316,40.469215393066406,0.009525480680167675,0.02355586551129818,-11.564045906066895
43,0.043043043464422226,40.50355529785156,0.010827594436705112,0.00686247181147337,-13.048819541931152
44,0.044044043868780136,40.53792190551758,0.00831451267004013,-0.0169253870844841,-15.442620277404785
45,0.045045044273138046,40.572322845458984,0.005116451531648636,-0.02746962010860443,-17.075490951538086
46,0.046046044677495956,40.606746673583984,0.004874295089393854,-0.027467846870422363,-17.17234230041504
47,0.04704704508185387,40.641197204589844,0.0014683832414448261,-0.03319224342703819,-19.163833618164062
48,0.048048049211502075,40.67568588256836,0.0024129762314260006,-0.031472980976104736,-18.567197799682617
49,0.049049049615859985,40.71019744873047,0.0014400066575035453,-0.03173923119902611,-19.233245849609375
50,0.050050050020217896,40.7447395324707,0.0022876858711242676,-0.02924998290836811,-18.646007537841797
51,0.051051050424575806,40.77931213378906,0.003769963514059782,-0.023909304291009903,-17.590328216552734
52,0.052052050828933716,40.81391143798828,0.005517563782632351,-0.015661561861634254,-16.18025779724121
53,0.053053051233291626,40.84854507446289,0.006242391653358936,-0.009175185114145279,-15.266368865966797
54,0.054054051637649536,40.88320541381836,0.005001762881875038,-0.013161043636500835,-16.122173309326172
55,0.055055055767297745,40.91789627075195,0.005504715722054243,-0.008184934966266155,-15.313425064086914
56,0.056056056171655655,40.952613830566406,0.0057205939665436745,-0.004142788704484701,-14.64073371887207
57,0.057057056576013565,40.987361907958984,0.005906908772885799,0.0044889808632433414,-13.140545845031738
58,0.058058056980371475,41.02214431762695,0.004940437618643045,-0.006385535001754761,-15.043688774108887
59,0.059059057384729385,41.056949615478516,0.005525084212422371,0.002426783088594675,-13.252828598022461
60,0.060060057789087296,41.0917854309082,0.005140013061463833,0.005910506937652826,-12.31037712097168
61,0.061061061918735504,41.12665557861328,0.0044568488374352455,-0.00462551973760128,-14.062419891357422
62,0.062062062323093414,41.16154479980469,0.0035295612178742886,-0.008710218593478203,-14.811878204345703
63,0.06306306272745132,41.19647216796875,0.002053243573755026,-0.013430430553853512,-16.345216751098633
64,0.06406406313180923,41.23143005371094,0.00275184097699821,-0.010684190317988396,-15.131702423095703
65,0.06506506353616714,41.266414642333984,0.0023379717022180557,-0.011286000721156597,-15.429466247558594
66,0.06606606394052505,41.301429748535156,0.002150427084416151,-0.011059781536459923,-15.542974472045898
67,0.06706706434488297,41.33647537231445,0.002421923913061619,-0.009122819639742374,-15.02191162109375
68,0.06806806474924088,41.37154769897461,0.0029374058358371258,-0.005314666777849197,-13.91928768157959
69,0.06906906515359879,41.406654357910156,0.0032162447459995747,-3.6746296245837584e-05,-12.398968696594238
70,0.0700700655579567,41.44178771972656,0.0029358204919844866,0.0009574514697305858,-12.1611328125
71,0.0710710734128952,41.476951599121094,0.002620930317789316,0.0018537075957283378,-11.873909950256348
72,0.07207207381725311,41.512142181396484,0.0022330579813569784,0.003015813184902072,-11.361141204833984
73,0.07307307422161102,41.547367095947266,0.001959139946848154,0.00330203864723444,-11.165570259094238
74,0.07407407462596893,41.582618713378906,0.000871512689627707,0.005325278267264366,-9.683552742004395
75,0.07507507503032684,41.61790466308594,0.0020569113548845053,0.0023190516512840986,-11.694853782653809
76,0.07607607543468475,41.65321731567383,0.002065454376861453,0.0027481424622237682,-11.594414710998535
77,0.07707707583904266,41.688560485839844,-0.00016177204088307917,0.006484342738986015,-8.368979454040527
78,0.07807807624340057,41.72393035888672,0.00036760742659680545,0.0067646377719938755,-8.988511085510254
79,0.07907907664775848,41.75933074951172,0.0007362010073848069,0.006468887906521559,-9.426180839538574
80,0.0800800770521164,41.794769287109375,0.00022875545255374163,0.006388272158801556,-8.854730606079102
81,0.0810810774564743,41.830230712890625,0.0006176485912874341,0.0055222297087311745,-9.399972915649414
82,0.08208207786083221,41.865726470947266,0.0014116414822638035,0.0036938043776899576,-10.594779968261719
83,0.08308307826519012,41.9012451171875,0.001891172956675291,0.001049525453709066,-11.838321685791016
84,0.08408408612012863,41.93680191040039,0.00040483189513906837,0.0037088317330926657,-9.278328895568848
85,0.08508508652448654,41.97238540649414,-0.0010368616785854101,0.002689111977815628,-7.100131988525391
86,0.08608608692884445,42.00799560546875,0.0012663675006479025,0.0020163815934211016,-10.644641876220703
87,0.08708708733320236,42.043643951416016,0.0008378985221497715,0.00221734750084579,-9.972261428833008
88,0.08808808773756027,42.079315185546875,0.0003388668119441718,0.0020806279499083757,-9.165027618408203
89,0.08908908814191818,42.115020751953125,0.0007090384606271982,0.0009469105280004442,-9.940237998962402
90,0.09009008854627609,42.1507568359375,0.001123229507356882,-0.0008779572672210634,-11.309494972229004
91,0.091091088950634,42.186519622802734,0.00028302212012931705,0.00043842033483088017,-8.98786449432373
92,0.09209208935499191,42.22231674194336,-0.000398743839468807,-0.00014807458501309156,-7.413931846618652
93,0.09309308975934982,42.258140563964844,-0.0009338911040686071,-0.0015933722024783492,-6.049846172332764
94,0.09409409016370773,42.29399490356445,1.705911199678667e-05,-0.0010433084098622203,-8.379363059997559
95,0.09509509056806564,42.32988739013672,-0.0002875385107472539,-0.0015027903718873858,-7.569989204406738
96,0.09609609842300415,42.36580276489258,-2.106663305312395e-05,-0.001623653806746006,-8.437309265136719
97,0.09709709882736206,42.40175247192383,-2.535849853302352e-05,-0.0017870977753773332,-8.567558288574219
98,0.09809809923171997,42.4377326965332,0.000571922748349607,-0.003692993661388755,-13.065655708312988
99,0.09909909963607788,42.473731994628906,0.0001832991692936048,-0.0046277777291834354,-15.611628532409668
100,0.10010010004043579,42.5097770690918,4.857131352764554e-05,-0.004590008407831192,-16.25159454345703
101,0.1011011004447937,42.545841217041016,0.0002873963094316423,-0.004248737823218107,-14.678365707397461
102,0.10210210084915161,42.58195114135742,0.00028209490119479597,-0.004178355447947979,-14.555087089538574
103,0.10310310125350952,42.618080139160156,0.00029716832796111703,-0.003424038179218769,-12.218071937561035
104,0.10410410165786743,42.65423583984375,0.0002956397947855294,-0.003964042756706476,-13.771038055419922
105,0.10510510206222534,42.6904296875,0.0002555222308728844,-0.004062417428940535,-14.055669784545898
106,0.10610610246658325,42.726654052734375,0.0002395148912910372,-0.0038870922289788723,-13.299747467041016
107,0.10710710287094116,42.762908935546875,0.00012256912305019796,-0.004169856198132038,-14.749906539916992
108,0.10810810327529907,42.799190521240234,0.00010080090578412637,-0.0040446375496685505,-13.76453685760498
109,0.10910911113023758,42.83551025390625,6.170367851154879e-05,-0.0040519568137824535,-13.803060531616211
110,0.11011011153459549,42.871856689453125,4.175607318757102e-05,-0.0040389918722212315,-13.694718360900879
111,0.1111111119389534,42.90822982788086,4.1367311496287584e-05,-0.0040041785687208176,-13.389702796936035
112,0.11211211234331131,42.94463348388672,3.544765786500648e-05,-0.0039619989693164825,-13.13740348815918
113,0.11311311274766922,42.9810791015625,3.48103822034318e-05,-0.003920250106602907,-12.993467330932617
114,0.11411411315202713,43.017547607421875,-1.7255739294341765e-05,-0.003926391713321209,-14.222471237182617
115,0.11511511355638504,43.054054260253906,-3.522483166307211e-05,-0.003919775597751141,-13.841740608215332
116,0.11611611396074295,43.090579986572266,-0.00011000759695889428,-0.0038615677040070295,-14.283185005187988
117,0.11711711436510086,43.127140045166016,-0.000404384802095592,-0.0031710269395262003,-16.732725143432617
118,0.11811811476945877,43.16373825073242,-0.00019990788132417947,-0.003737742081284523,-14.680910110473633
119,0.11911911517381668,43.20035934448242,-0.00020341842900961637,-0.003740801941603422,-14.676227569580078
120,0.12012011557817459,43.23701477050781,-0.00023003644309937954,-0.0036731199361383915,-15.009761810302734
121,0.1211211159825325,43.27370834350586,-0.00028169516008347273,-0.0035237206611782312,-15.37343692779541
122,0.12212212383747101,43.3104248046875,-0.0002525345189496875,-0.003628808306530118,-14.665526390075684
123,0.12312312424182892,43.34716796875,-0.00025961134815588593,-0.0037017420399934053,-14.135546684265137
124,0.12412412464618683,43.38395309448242,-0.00028752296930179,-0.003759682411327958,-13.699026107788086
125,0.12512512505054474,43.42076110839844,-0.00044021973735652864,-0.0027767776045948267,-16.287376403808594
126,0.12612612545490265,43.45760726928711,-0.0003880400618072599,-0.0031905018258839846,-15.07052993774414
127,0.12712712585926056,43.494476318359375,-0.0003789446782320738,-0.00353630050085485,-14.144248008728027
128,0.12812812626361847,43.5313835144043,-0.00041058348142541945,-0.004227328114211559,-12.450825691223145
129,0.12912912666797638,43.56832504272461,-0.0004321692103985697,-0.004496955778449774,-11.90569019317627
130,0.1301301270723343,43.605289459228516,-0.00039939495036378503,-0.004218847956508398,-12.66252613067627
131,0.1311311274766922,43.64228820800781,-0.0003900089650414884,-0.003946167416870594,-13.404993057250977
132,0.1321321278810501,43.679317474365234,-0.00046039020526222885,-0.004958732984960079,-10.973960876464844
133,0.13313312828540802,43.71638107299805,-0.0004807421355508268,-0.005089832004159689,-10.740123748779297
134,0.13413412868976593,43.753475189208984,-0.0005680127069354057,-0.005924772936850786,-9.207823753356934
135,0.13513512909412384,43.79059600830078,-0.0005991618381813169,-0.006122244987636805,-8.896907806396484
136,0.13613612949848175,43.827762603759766,-0.0006206458201631904,-0.006304421462118626,-8.56722640991211
137,0.13713712990283966,43.86494445800781,-0.0006936260033398867,-0.008116673678159714,-5.749533176422119
138,0.13813813030719757,43.902164459228516,-0.0006695715128444135,-0.007528234738856554,-6.508189678192139
139,0.13913913071155548,43.93941879272461,-0.0006692635943181813,-0.007667069789022207,-6.188269138336182
140,0.1401401311159134,43.9766960144043,-0.0006620018975809216,-0.007536007557064295,-6.301085472106934
141,0.1411411464214325,44.014015197753906,-0.0006650728173553944,-0.007675246801227331,-5.975510120391846
142,0.1421421468257904,44.051361083984375,-0.0006863208254799247,-0.008254633285105228,-4.966489791870117
143,0.14314314723014832,44.08873748779297,-0.0006681827362626791,-0.007726194337010384,-5.657437801361084
144,0.14414414763450623,44.12614822387695,-0.0006589782424271107,-0.007415955886244774,-6.042799472808838
145,0.14514514803886414,44.1635856628418,-0.0006816164241172373,-0.007990683428943157,-5.138378620147705
146,0.14614614844322205,44.20106506347656,-0.0006865727482363582,-0.008077220991253853,-4.993913650512695
147,0.14714714884757996,44.238563537597656,-0.0006703371182084084,-0.0073795258067548275,-6.040393829345703
148,0.14814814925193787,44.27610778808594,-0.0006894677644595504,-0.008359231054782867,-4.691848278045654
149,0.14914914965629578,44.31366729736328,-0.0006796486559323967,-0.008164918050169945,-5.1251420974731445
150,0.1501501500606537,44.35126876831055,-0.0006809098995290697,-0.008566144853830338,-4.752263069152832
151,0.1511511504650116,44.38890075683594,-0.000680902972817421,-0.00868902076035738,-4.842951774597168
152,0.1521521508693695,44.426570892333984,-0.000681070436257869,-0.00862962007522583,-5.189277648925781
153,0.15315315127372742,44.464263916015625,-0.0006670200964435935,-0.007548161782324314,-6.9899001121521
154,0.15415415167808533,44.50199508666992,-0.0006803651922382414,-0.007820557802915573,-6.708873271942139
155,0.15515515208244324,44.53975296020508,-0.0006928144721314311,-0.008050583302974701,-6.390025615692139
156,0.15615615248680115,44.57754898071289,-0.0007006872911006212,-0.008002325892448425,-6.380856990814209
157,0.15715715289115906,44.6153678894043,-0.0007097033085301518,-0.00835561752319336,-5.715604782104492
158,0.15815815329551697,44.653228759765625,-0.0007143736584112048,-0.009370630607008934,-4.0926432609558105
159,0.15915915369987488,44.69111251831055,-0.0007090804283507168,-0.008845844306051731,-4.604280948638916
160,0.1601601541042328,44.72903823852539,-0.0006969950627535582,-0.008340172469615936,-5.077663898468018
161,0.1611611545085907,44.76698684692383,-0.0006831120699644089,-0.008557072840631008,-4.563806533813477
162,0.1621621549129486,44.804969787597656,-0.0006723683909513056,-0.008853184059262276,-3.961588144302368
163,0.16316315531730652,44.842987060546875,-0.0006807500612922013,-0.010416966862976551,-1.5384387969970703
164,0.16416415572166443,44.88103485107422,-0.0006763459532521665,-0.010721844621002674,-1.065515398979187
165,0.16516515612602234,44.91912078857422,-0.0006578250322490931,-0.011430330574512482,0.048467397689819336
166,0.16616615653038025,44.95723342895508,-0.0005284229409880936,-0.013408394530415535,3.4678776264190674
167,0.16716717183589935,44.99538040161133,-0.0004965082625858486,-0.01346531044691801,3.7812743186950684
168,0.16816817224025726,45.03356170654297,-0.0004865966038778424,-0.013294474221765995,3.5771985054016113
169,0.16916917264461517,45.071773529052734,-0.0005848990986123681,-0.011627008207142353,0.46015578508377075
170,0.17017017304897308,45.110015869140625,-0.0005791514413431287,-0.011399216949939728,-0.13273584842681885
171,0.171171173453331,45.14828872680664,-0.0005722749046981335,-0.011232009157538414,-0.6279443502426147
172,0.1721721738576889,45.18659973144531,-0.0005933406646363437,-0.010552868247032166,-1.993858814239502
173,0.17317317426204681,45.22494125366211,-0.0006206369725987315,-0.009614247828722,-3.6713662147521973
174,0.17417417466640472,45.2633171081543,-0.000603554944973439,-0.009695963934063911,-3.5526583194732666
175,0.17517517507076263,45.30172348022461,-0.0006122066406533122,-0.008480909280478954,-5.418424606323242
176,0.17617617547512054,45.34016036987305,-0.0005977709661237895,-0.007559564895927906,-6.720578193664551
177,0.17717717587947845,45.37863540649414,-0.0005689050303772092,-0.008252132683992386,-5.250033378601074
178,0.17817817628383636,45.41713333129883,-0.0005672973347827792,-0.0077049280516803265,-5.982250213623047
179,0.17917917668819427,45.45567321777344,-0.0005642638425342739,-0.007805742789059877,-5.7356390953063965
180,0.18018017709255219,45.49424362182617,-0.000502740265801549,-0.009979622438549995,-1.7010682821273804
181,0.1811811774969101,45.53284454345703,-0.0005195805570110679,-0.009942385368049145,-1.800673484802246
182,0.182182177901268,45.571475982666016,-0.0005810631555505097,-0.008517095819115639,-4.324980735778809
183,0.18318317830562592,45.610145568847656,-0.0006037416751496494,-0.0075190369971096516,-5.89351749420166
184,0.18418417870998383,45.64884567260742,-0.0006079107988625765,-0.008001408539712429,-4.985075950622559
185,0.18518517911434174,45.68758010864258,-0.0006094864220358431,-0.00837013591080904,-4.265018463134766
186,0.18618617951869965,45.726348876953125,-0.0005516544915735722,-0.010112675838172436,-1.1636593341827393
187,0.18718717992305756,45.76514434814453,-0.0005688887322321534,-0.009920407086610794,-1.3754782676696777
188,0.18818818032741547,45.803977966308594,-0.0004997311043553054,-0.011338976211845875,1.4121835231781006
189,0.18918918073177338,45.84284210205078,-0.000477163412142545,-0.011759107932448387,2.3890442848205566
190,0.1901901811361313,45.881744384765625,-0.0004340786545071751,-0.012256531976163387,3.5916781425476074
191,0.1911911815404892,45.92066955566406,-0.00032377534080296755,-0.013100376352667809,5.7058634757995605
192,0.1921921968460083,45.95963668823242,-0.0003091877733822912,-0.013250005431473255,5.936071395874023
193,0.1931931972503662,45.99863052368164,-0.00041605657315813005,-0.012698184698820114,4.140625953674316
194,0.19419419765472412,46.037662506103516,-0.0004236733657307923,-0.012680799700319767,3.9839797019958496
195,0.19519519805908203,46.07672882080078,-0.0004829477402381599,-0.01211850717663765,2.7131564617156982
196,0.19619619846343994,46.115821838378906,-0.0005228662630543113,-0.011537950485944748,1.6041370630264282
197,0.19719719886779785,46.15495300292969,-0.0005096379318274558,-0.0115902628749609,1.839808702468872
198,0.19819819927215576,46.194114685058594,-0.000539164524525404,-0.010761656798422337,0.45298445224761963
199,0.19919919967651367,46.23331069946289,-0.0005660704337060452,-0.009527673944830894,-1.6371616125106812
200,0.20020020008087158,46.27254104614258,-0.0005871645407751203,-0.008561004884541035,-3.3216028213500977
201,0.2012012004852295,46.31180191040039,-0.0005596451228484511,-0.009408622048795223,-1.8569393157958984
202,0.2022022008895874,46.35110092163086,-0.0005286680534482002,-0.010376631282269955,-0.09858214855194092
203,0.2032032012939453,46.39043045043945,-0.0005434924969449639,-0.010096840560436249,-0.7145929336547852
204,0.20420420169830322,46.42979049682617,-0.0006007589399814606,-0.008796961978077888,-3.081019639968872
205,0.20520520210266113,46.46918487548828,-0.0006360301049426198,-0.008025105111300945,-4.421600818634033
206,0.20620620250701904,46.50861740112305,-0.0006053996039554477,-0.009137392044067383,-2.739982843399048
207,0.20720720291137695,46.54807662963867,-0.0006120596081018448,-0.009015166200697422,-3.0010673999786377
208,0.20820820331573486,46.58757400512695,-0.0006047278875485063,-0.009129062294960022,-2.7724387645721436
209,0.20920920372009277,46.62710189819336,-0.000529094017110765,-0.010385718196630478,-0.3348681926727295
210,0.21021020412445068,46.666664123535156,-0.0005395191838033497,-0.009942431934177876,-0.8710758686065674
211,0.2112112045288086,46.706260681152344,-0.0004984954721294343,-0.010332934558391571,0.216115802526474
212,0.2122122049331665,46.74589157104492,-0.0004805987991858274,-0.010381395928561687,0.667503297328949
213,0.21321320533752441,46.78555679321289,-0.00052049191435799,-0.0096250856295228,-0.5564171671867371
214,0.21421420574188232,46.825252532958984,-0.0004952287999913096,-0.009896764531731606,0.17582201957702637
215,0.21521520614624023,46.864990234375,-0.00037940609036013484,-0.011270490474998951,3.5281832218170166
216,0.21621620655059814,46.90475082397461,-0.0004425981023814529,-0.010534203611314297,1.7696940898895264
217,0.21721720695495605,46.94455337524414,-0.00046384704182855785,-0.010287719778716564,1.0779380798339844
218,0.21821822226047516,46.98438262939453,-0.0004134060291107744,-0.011038740165531635,2.585315704345703
219,0.21921922266483307,47.024253845214844,-0.0004664404259528965,-0.010314512997865677,0.7947739362716675
220,0.22022022306919098,47.064151763916016,-0.0004481897922232747,-0.010410533286631107,1.097137212753296
221,0.2212212234735489,47.104087829589844,-0.0004990058951079845,-0.009431942366063595,-0.7365967035293579
222,0.2222222238779068,47.14405059814453,-0.0005216392455622554,-0.008564859628677368,-2.1377944946289062
223,0.2232232242822647,47.18405532836914,-0.0004876821767538786,-0.008645374327898026,-1.6448520421981812
224,0.22422422468662262,47.22409439086914,-0.00048241924378089607,-0.00829481054097414,-2.054060697555542
225,0.22522522509098053,47.264163970947266,-0.0004291027144063264,-0.008947979658842087,-0.2973019480705261
226,0.22622622549533844,47.304264068603516,-0.0004428600368555635,-0.00855445396155119,-0.9568101763725281
227,0.22722722589969635,47.34440231323242,-0.00043932328117080033,-0.008595870807766914,-0.7415177822113037
228,0.22822822630405426,47.384578704833984,-0.0004086234257556498,-0.009216303937137127,0.7081291675567627
229,0.22922922670841217,47.424781799316406,-0.0004906967515125871,-0.008063921704888344,-1.9436390399932861
230,0.23023022711277008,47.465023040771484,-0.00043091984116472304,-0.009323986247181892,0.7272520065307617
231,0.231231227517128,47.50529479980469,-0.00035328330704942346,-0.010319476947188377,3.214446783065796
232,0.2322322279214859,47.54560470581055,-0.0003181226784363389,-0.010619048960506916,4.167017936706543
233,0.2332332283258438,47.58594512939453,-0.00024663255317136645,-0.011041859164834023,5.833669662475586
234,0.23423422873020172,47.62632369995117,-0.0002581637818366289,-0.010787222534418106,5.27947473526001
235,0.23523522913455963,47.6667366027832,-0.000333531410433352,-0.009971571154892445,3.0080559253692627
236,0.23623622953891754,47.707176208496094,-0.0002990584180224687,-0.010026559233665466,3.638399839401245
237,0.23723722994327545,47.74766540527344,-0.00020821913494728506,-0.010467082262039185,5.837242603302002
238,0.23823823034763336,47.788177490234375,-0.00018731817544903606,-0.010455348528921604,6.2690110206604
239,0.23923923075199127,47.8287239074707,-0.00022019913012627512,-0.010149815119802952,5.263114929199219
240,0.24024023115634918,47.86930847167969,-0.0001502692757640034,-0.010418851859867573,7.354913234710693
241,0.2412412315607071,47.9099235534668,-0.00022363750031217933,-0.009890650399029255,5.188520431518555
242,0.242242231965065,47.95058059692383,-0.00017540593398734927,-0.01011846773326397,6.87454891204834
243,0.2432432323694229,47.99126052856445,-0.0002229737292509526,-0.009807968512177467,5.464250564575195
244,0.24424424767494202,48.031982421875,-0.0002792569575831294,-0.009475498460233212,3.8902220726013184
245,0.24524524807929993,48.07273864746094,-0.00030124958720989525,-0.009558414109051228,3.655524730682373
246,0.24624624848365784,48.113529205322266,-0.0002512806677259505,-0.01024184376001358,5.519647598266602
247,0.24724724888801575,48.154354095458984,-0.00010583738912828267,-0.011147172190248966,9.517379760742188
248,0.24824824929237366,48.19520950317383,-0.00011559611448319629,-0.011311997659504414,9.53606128692627
249,0.24924924969673157,48.236106872558594,-0.0001465127570554614,-0.01137043721973896,9.040918350219727
250,0.2502502501010895,48.277034759521484,-5.410983430920169e-05,-0.011713013052940369,10.916062355041504
251,0.2512512505054474,48.317996978759766,-3.48323374055326e-05,-0.011813805438578129,11.227005004882812
252,0.2522522509098053,48.35899353027344,-8.10920464573428e-05,-0.011647703126072884,10.16669750213623
253,0.2532532513141632,48.40003204345703,-0.00011368200648576021,-0.011289442889392376,9.423444747924805
254,0.2542542517185211,48.44109344482422,-0.00016101074288599193,-0.010808444581925869,8.256202697753906
255,0.25525525212287903,48.48219680786133,-0.00022054801229387522,-0.010181906633079052,6.532611846923828
256,0.25625625252723694,48.52333450317383,-0.00018966029165312648,-0.010130418464541435,7.448399543762207
257,0.25725725293159485,48.564510345458984,-0.000152716034790501,-0.010187041945755482,8.798595428466797
258,0.25825825333595276,48.605712890625,-0.0001863025827333331,-0.009819813072681427,7.569197177886963
259,0.25925925374031067,48.64695739746094,-0.00020408767159096897,-0.009572244249284267,6.907448768615723
260,0.2602602541446686,48.688236236572266,-0.00027716474141925573,-0.008850605227053165,4.0966033935546875
261,0.2612612545490265,48.729549407958984,-0.00028187601128593087,-0.008814599364995956,3.9249651432037354
262,0.2622622549533844,48.770896911621094,-0.000304664543364197,-0.008632906712591648,3.159719467163086
263,0.2632632553577423,48.812278747558594,-0.0002685760264284909,-0.00905341375619173,4.573418617248535
264,0.2642642557621002,48.85369110107422,-0.0003694292972795665,-0.007936342619359493,1.029341697692871
265,0.26526525616645813,48.895145416259766,-0.0003568811225704849,-0.008122977800667286,1.5540205240249634
266,0.26626625657081604,48.93663787841797,-0.0003767714952118695,-0.00791824609041214,1.0042290687561035
267,0.26726725697517395,48.97815704345703,-0.00045673869317397475,-0.0066168783232569695,-1.9606173038482666
268,0.26826825737953186,49.01971435546875,-0.0005124027957208455,-0.00529760867357254,-4.549434661865234
269,0.26926925778388977,49.061309814453125,-0.0004922247026115656,-0.005513471085578203,-3.9353463649749756
270,0.2702702581882477,49.10293960571289,-0.00048282675561495125,-0.005478367209434509,-3.7959470748901367
271,0.2712712585926056,49.14460754394531,-0.0005137488478794694,-0.004808785859495401,-4.935507774353027
272,0.2722722589969635,49.18630599975586,-0.0005825639236718416,-0.003567927982658148,-6.980926990509033
273,0.2732732594013214,49.2280387878418,-0.0006181758362799883,-0.002823378425091505,-8.009270668029785
274,0.2742742598056793,49.26980972290039,-0.0006093933479860425,-0.002856689738109708,-7.787065029144287
275,0.27527526021003723,49.31161880493164,-0.0006916809361428022,-0.0010288412449881434,-10.46170711517334
276,0.27627626061439514,49.35345458984375,-0.0007029787520878017,-0.000637973309494555,-10.940187454223633
277,0.27727726101875305,49.39533233642578,-0.0007308510248549283,0.0001740631414577365,-12.070510864257812
278,0.27827826142311096,49.4372444152832,-0.0006905906484462321,-0.0009723440161906183,-10.502548217773438
279,0.27927926182746887,49.479190826416016,-0.0006240837974473834,-0.0023722329642623663,-8.465255737304688
280,0.2802802622318268,49.52117156982422,-0.0006308490410447121,-0.002275806851685047,-8.785313606262207
281,0.2812812626361847,49.56319046020508,-0.0005685531650669873,-0.0034491014666855335,-7.012674808502197
282,0.282282292842865,49.60525131225586,-0.0005649065715260804,-0.0034453165717422962,-7.079232215881348
283,0.2832832932472229,49.6473388671875,-0.0006294619524851441,-0.002079521305859089,-9.366395950317383
284,0.2842842936515808,49.6894645690918,-0.0005569485365413129,-0.0033542984165251255,-7.164478302001953
285,0.2852852940559387,49.73162841796875,-0.0005546772154048085,-0.0032427585683763027,-7.235130310058594
286,0.28628629446029663,49.77382278442383,-0.0004957726341672242,-0.004190303385257721,-5.269590377807617
287,0.28728729486465454,49.81605911254883,-0.0004346078494563699,-0.005250025074928999,-2.8695735931396484
288,0.28828829526901245,49.85832595825195,-0.00046811666106805205,-0.004597553517669439,-4.261909484863281
289,0.28928929567337036,49.900630950927734,-0.00042754324385896325,-0.005364120006561279,-2.526336193084717
290,0.29029029607772827,49.94297409057617,-0.0004090245347470045,-0.0057002706453204155,-1.692553997039795
291,0.2912912964820862,49.985355377197266,-0.0003911631356459111,-0.005995634011924267,-0.8549472689628601
292,0.2922922968864441,50.02776336669922,-0.00040756078669801354,-0.0056776199489831924,-1.558240294456482
293,0.293293297290802,50.07020950317383,-0.00041516925557516515,-0.0055544329807162285,-1.7880723476409912
294,0.2942942976951599,50.11269760131836,-0.00045520829735323787,-0.004868791904300451,-3.291598320007324
295,0.2952952980995178,50.155216217041016,-0.0005083753494545817,-0.003938744775950909,-5.134043216705322
296,0.29629629850387573,50.197776794433594,-0.0005736670573242009,-0.002656894735991955,-7.396812438964844
297,0.29729729890823364,50.2403678894043,-0.000506131793372333,-0.003912752028554678,-4.9643874168396
298,0.29829829931259155,50.282997131347656,-0.0005084869917482138,-0.0038325379136949778,-5.0206146240234375
299,0.29929929971694946,50.32566452026367,-0.0005139821441844106,-0.003700586501508951,-5.1837310791015625
300,0.3003003001213074,50.36836242675781,-0.00048562983283773065,-0.004157202783972025,-4.087669372558594
301,0.3013013005256653,50.41109848022461,-0.0004982955288141966,-0.0037421216256916523,-4.6944098472595215
302,0.3023023009300232,50.45387649536133,-0.0005005528801120818,-0.0034769284538924694,-4.964359283447266
303,0.3033033013343811,50.49668502807617,-0.0005562274600379169,-0.0022121616639196873,-7.181214332580566
304,0.304304301738739,50.53953552246094,-0.0004990369779989123,-0.0031550712883472443,-5.247633457183838
305,0.3053053021430969,50.58241653442383,-0.0005055955843999982,-0.0029692850075662136,-5.573439598083496
306,0.30630630254745483,50.625335693359375,-0.0004635838558897376,-0.003781933104619384,-3.9948484897613525
307,0.30730730295181274,50.66829299926758,-0.000472251937026158,-0.0036505928728729486,-4.443962574005127
308,0.30830830335617065,50.71128463745117,-0.00048387073911726475,-0.0034722706768661737,-4.966794967651367
309,0.30930930376052856,50.754310607910156,-0.0004616798833012581,-0.003911453764885664,-4.0573410987854
310,0.3103103041648865,50.79737854003906,-0.00048646912910044193,-0.0034336522221565247,-4.966762065887451
311,0.3113113045692444,50.840476989746094,-0.0004508280544541776,-0.004170718137174845,-3.2345077991485596
312,0.3123123049736023,50.88361358642578,-0.000474051630590111,-0.003706256626173854,-4.105975151062012
313,0.3133133053779602,50.92679214477539,-0.0004746324266307056,-0.003745129331946373,-3.9994256496429443
314,0.3143143057823181,50.97000503540039,-0.0005274551804177463,-0.0025526995304971933,-6.400866508483887
315,0.315315306186676,51.01325225830078,-0.0005357766058295965,-0.0023859860375523567,-6.749872207641602
316,0.31631630659103394,51.056541442871094,-0.0005286307423375547,-0.002656741766259074,-6.334892272949219
317,0.31731730699539185,51.099857330322266,-0.00044386560330167413,-0.004763396922498941,-2.1246044635772705
318,0.31831830739974976,51.14321517944336,-0.000451210216851905,-0.004661936778575182,-2.527487277984619
319,0.31931930780410767,51.186614990234375,-0.0004204862634651363,-0.005388155579566956,-1.0861684083938599
320,0.3203203082084656,51.23004913330078,-0.0004174067289568484,-0.005526123568415642,-0.984727144241333
321,0.3213213086128235,51.27351379394531,-0.00042059304541908205,-0.0055440389551222324,-1.2364778518676758
322,0.3223223090171814,51.317020416259766,-0.0005088855978101492,-0.003960009198635817,-4.9361701011657715
323,0.3233233094215393,51.36056137084961,-0.0005315802991390228,-0.0035521688405424356,-5.846219062805176
324,0.3243243098258972,51.40414047241211,-0.0005834194598719478,-0.0023659984581172466,-7.939600944519043
325,0.3253253102302551,51.44776153564453,-0.0006545992800965905,-0.00035841664066538215,-11.117514610290527
326,0.32632631063461304,51.49141311645508,-0.0006902739405632019,0.0011182170128449798,-13.231484413146973
327,0.32732731103897095,51.53510284423828,-0.0006798459799028933,0.0009382491698488593,-12.845995903015137
328,0.32832831144332886,51.578834533691406,-0.0006556545849889517,0.0002651144750416279,-11.696999549865723
329,0.32932931184768677,51.622596740722656,-0.0006482828175649047,0.0002282484929310158,-11.481929779052734
330,0.3303303122520447,51.66639709472656,-0.0006652485462836921,0.0010587762808427215,-12.597315788269043
331,0.3313313126564026,51.71023941040039,-0.0006747269653715193,0.0016628758748993278,-13.386841773986816
332,0.3323323130607605,51.754112243652344,-0.0006599648622795939,0.001205158419907093,-12.626113891601562
333,0.3333333432674408,51.79802703857422,-0.0006308098090812564,0.00024350361491087824,-11.100625991821289
334,0.3343343436717987,51.84197998046875,-0.0006530075334012508,0.0011391830630600452,-12.500667572021484
335,0.3353353440761566,51.88597106933594,-0.0006611708668060601,0.0016087829135358334,-13.189194679260254
336,0.3363363444805145,51.92999267578125,-0.0006550408434122801,0.001390732009895146,-12.848691940307617
337,0.33733734488487244,51.974056243896484,-0.0006143295322544873,0.00011640106095001101,-10.8134183883667
338,0.33833834528923035,52.018157958984375,-0.0006044207839295268,-4.502621595747769e-05,-10.525891304016113
339,0.33933934569358826,52.06229782104492,-0.0005580215947702527,-0.0010184097336605191,-8.831904411315918
340,0.34034034609794617,52.106468200683594,-0.0005319081246852875,-0.0014348560944199562,-8.073399543762207
341,0.3413413465023041,52.15068054199219,-0.0005007539875805378,-0.0019199616508558393,-7.113606929779053
342,0.342342346906662,52.19493103027344,-0.0005019346135668457,-0.0018188703106716275,-7.306492805480957
343,0.3433433473110199,52.23921585083008,-0.0005098314140923321,-0.0016532440204173326,-7.650222301483154
344,0.3443443477153778,52.283546447753906,-0.0004891293938271701,-0.002074034186080098,-6.8072357177734375
345,0.3453453481197357,52.327911376953125,-0.0004511290171649307,-0.002880973042920232,-5.110550403594971
346,0.34634634852409363,52.372310638427734,-0.00044651961070485413,-0.003035444999113679,-4.79679536819458
347,0.34734734892845154,52.416744232177734,-0.0004745153128169477,-0.0025307410396635532,-5.903874397277832
348,0.34834834933280945,52.46122360229492,-0.0005598644493147731,-0.00056970160221681,-9.584564208984375
349,0.34934934973716736,52.505733489990234,-0.0005024712299928069,-0.0018038008129224181,-7.127537250518799
350,0.35035035014152527,52.55028533935547,-0.0005175906117074192,-0.00135909637901932,-7.87119722366333
351,0.3513513505458832,52.594879150390625,-0.000533730024471879,-0.0008742539212107658,-8.667744636535645
352,0.3523523509502411,52.639503479003906,-0.0005302567733451724,-0.0008417397039011121,-8.619093894958496
353,0.353353351354599,52.68416976928711,-0.0005454580532386899,-0.00039764869143255055,-9.370441436767578
354,0.3543543517589569,52.72887420654297,-0.0005278867902234197,-0.0007162010297179222,-8.741055488586426
355,0.3553553521633148,52.77360916137695,-0.000540246837772429,-0.00040660143713466823,-9.329988479614258
356,0.35635635256767273,52.81839370727539,-0.0006301291869021952,0.0019319095881655812,-13.419380187988281
357,0.35735735297203064,52.86320495605469,-0.0005920880939811468,0.0007109473808668554,-11.603397369384766
358,0.35835835337638855,52.90806198120117,-0.0006172657012939453,0.0012961113825440407,-12.763367652893066
359,0.35935935378074646,52.95295333862305,-0.0005214305710978806,-0.0009295864147134125,-9.011281967163086
360,0.36036035418510437,52.99788284301758,-0.0005507767200469971,-0.00023734255228191614,-10.364028930664062
361,0.3613613545894623,53.0428581237793,-0.0004839952162001282,-0.0014774715527892113,-7.960538387298584
362,0.3623623549938202,53.087860107421875,-0.00048194266855716705,-0.0014187631895765662,-7.980281829833984
363,0.3633633553981781,53.13290786743164,-0.0005070559564046562,-0.0008301950874738395,-9.04837417602539
364,0.364364355802536,53.1779899597168,-0.0005151979858055711,-0.0005699803004972637,-9.432180404663086
365,0.3653653562068939,53.223114013671875,-0.0005386995035223663,5.180747029953636e-05,-10.471145629882812
366,0.36636635661125183,53.268272399902344,-0.0005038424860686064,-0.0006882360903546214,-8.913505554199219
367,0.36736735701560974,53.31346893310547,-0.0005167035851627588,-0.0003838970442302525,-9.371804237365723
368,0.36836835741996765,53.358707427978516,-0.0005778544582426548,0.0012413231888785958,-12.204901695251465
369,0.36936935782432556,53.40398025512695,-0.0006173776928335428,0.002663807710632682,-14.477910041809082
370,0.37037035822868347,53.44929885864258,-0.0006043448811396956,0.002009378280490637,-13.30065631866455
371,0.3713713586330414,53.49464797973633,-0.0006299594533629715,0.0030393360648304224,-14.85434341430664
372,0.3723723590373993,53.5400390625,-0.0006588035030290484,0.0049242679961025715,-17.6544132232666
373,0.3733733594417572,53.58546829223633,-0.0006607249961234629,0.005040191579610109,-17.708242416381836
374,0.3743743598461151,53.63093566894531,-0.000671392073854804,0.0059596700593829155,-18.99848747253418
375,0.375375360250473,53.67644500732422,-0.0006540871690958738,0.00429231021553278,-16.367475509643555
376,0.37637636065483093,53.721988677978516,-0.0006318682571873069,0.002843225607648492,-14.004501342773438
377,0.37737736105918884,53.76757049560547,-0.0006598533364012837,0.005754769779741764,-18.43703269958496
378,0.37837836146354675,53.813194274902344,-0.000649822992272675,0.005033657420426607,-17.310745239257812
379,0.37937936186790466,53.858856201171875,-0.0006522126495838165,0.00594435865059495,-18.681791305541992
380,0.3803803622722626,53.9045524597168,-0.0006436562398448586,0.005504382308572531,-17.969131469726562
381,0.3813813626766205,53.950294494628906,-0.000639231875538826,0.005697319749742746,-18.19598960876465
382,0.3823823630809784,53.996070861816406,-0.0006384074222296476,0.006409491412341595,-19.264379501342773
383,0.3833833634853363,54.04188919067383,-0.0006481492891907692,0.008512352593243122,-22.497020721435547
384,0.3843843936920166,54.08774185180664,-0.0006457541603595018,0.008467208594083786,-22.372737884521484
385,0.3853853940963745,54.133636474609375,-0.0006515640416182578,0.009381973184645176,-23.75428581237793
386,0.3863863945007324,54.1795654296875,-0.0006614140584133565,0.010429424233734608,-25.33922004699707
387,0.38738739490509033,54.22554016113281,-0.0006614468875341117,0.010220962576568127,-25.02010154724121
388,0.38838839530944824,54.271549224853516,-0.0006625230889767408,0.01003415510058403,-24.775049209594727
389,0.38938939571380615,54.317596435546875,-0.0006861964939162135,0.012185957282781601,-28.021392822265625
390,0.39039039611816406,54.363685607910156,-0.000691493391059339,0.01205445360392332,-27.92059326171875
391,0.391391396522522,54.40981674194336,-0.000704197445884347,0.012551502324640751,-28.73974609375
392,0.3923923969268799,54.45597839355469,-0.0007460000342689455,0.015307865105569363,-32.62388610839844
393,0.3933933973312378,54.502193450927734,-0.0007675884407944977,0.0168409813195467,-34.72349548339844
394,0.3943943977355957,54.54843521118164,-0.0007598930969834328,0.016107778996229172,-33.84114074707031
395,0.3953953981399536,54.59471893310547,-0.0007749799406155944,0.01764182187616825,-35.95515441894531
396,0.3963963985443115,54.64104080200195,-0.0007903260411694646,0.019351601600646973,-38.23988342285156
397,0.39739739894866943,54.68740463256836,-0.0007815759163349867,0.01876397244632244,-37.607704162597656
398,0.39839839935302734,54.73381042480469,-0.0007827458321116865,0.01904304325580597,-38.04383087158203
399,0.39939939975738525,54.780250549316406,-0.0007660156115889549,0.017471421509981155,-36.074302673339844
400,0.40040040016174316,54.82673263549805,-0.0007561044185422361,0.01674843765795231,-35.21028137207031
401,0.4014014005661011,54.87324905395508,-0.000751746934838593,0.016900794580578804,-35.56011962890625
402,0.402402400970459,54.91980743408203,-0.0007606222643516958,0.01829872466623783,-37.5561408996582
403,0.4034034013748169,54.96641540527344,-0.0007681201095692813,0.0199130829423666,-39.84832000732422
404,0.4044044017791748,55.01305389404297,-0.00077742402208969,0.021549101918935776,-42.086143493652344
405,0.4054054021835327,55.059730529785156,-0.0007647457532584667,0.020492395386099815,-40.73159408569336
406,0.4064064025878906,55.106449127197266,-0.0007841784390620887,0.022954082116484642,-43.881317138671875
407,0.40740740299224854,55.1532096862793,-0.0007796279969625175,0.022828370332717896,-43.68129348754883
408,0.40840840339660645,55.200008392333984,-0.0007700821151956916,0.022157371044158936,-42.76559829711914
409,0.40940940380096436,55.24684524536133,-0.0007750460645183921,0.023181142285466194,-43.99422073364258
410,0.41041040420532227,55.293724060058594,-0.0007820348255336285,0.02421208843588829,-45.2132568359375
411,0.4114114046096802,55.340641021728516,-0.0007790234521962702,0.023684868589043617,-44.51802062988281
412,0.4124124050140381,55.38759231567383,-0.0007625730941072106,0.02134302258491516,-41.5538444519043
413,0.413413405418396,55.43458938598633,-0.0007636178634129465,0.02131987363100052,-41.63745880126953
414,0.4144144058227539,55.481624603271484,-0.0007656990783289075,0.021519389003515244,-42.03411102294922
415,0.4154154062271118,55.52870178222656,-0.0007584472186863422,0.020752739161252975,-41.19866180419922
416,0.4164164066314697,55.5758171081543,-0.0007703014416620135,0.022126277908682823,-43.154754638671875
417,0.41741740703582764,55.62297439575195,-0.0007490591378882527,0.02045680768787861,-41.08721160888672
418,0.41841840744018555,55.67017364501953,-0.0007442795904353261,0.020780574530363083,-41.60633087158203
419,0.41941940784454346,55.71741485595703,-0.0007633056375198066,0.023246657103300095,-44.92950439453125
420,0.42042040824890137,55.764686584472656,-0.0007763640023767948,0.024959955364465714,-47.14175033569336
421,0.4214214086532593,55.81200408935547,-0.0007862588972784579,0.025995276868343353,-48.39602279663086
422,0.4224224090576172,55.85935592651367,-0.0007997729117050767,0.02764647826552391,-50.3957633972168
423,0.4234234094619751,55.90675735473633,-0.0008202253375202417,0.030648957937955856,-53.99302673339844
424,0.424424409866333,55.954193115234375,-0.000812482787296176,0.02961983159184456,-52.8018913269043
425,0.4254254102706909,56.00166702270508,-0.0007959076901897788,0.02902611903846264,-52.42396545410156
426,0.42642641067504883,56.04918670654297,-0.00077935925219208,0.028743034228682518,-52.419368743896484
427,0.42742741107940674,56.096744537353516,-0.0007758833817206323,0.030021436512470245,-54.3050422668457
428,0.42842841148376465,56.14434814453125,-0.0007690477650612593,0.02986789494752884,-54.205020904541016
429,0.42942941188812256,56.191978454589844,-0.0007681231945753098,0.029829205945134163,-54.11008834838867
430,0.43043041229248047,56.239662170410156,-0.0007567218272015452,0.02761288918554783,-51.06214904785156
431,0.4314314126968384,56.287384033203125,-0.0007707952172495425,0.028749240562319756,-52.37333297729492
432,0.4324324131011963,56.335140228271484,-0.0007609244203194976,0.027224905788898468,-50.42810821533203
433,0.4334334135055542,56.3829460144043,-0.0007666952442377806,0.028491133823990822,-52.201393127441406
434,0.4344344139099121,56.430782318115234,-0.0007691858918406069,0.029118096455931664,-53.114749908447266
435,0.43543541431427,56.478668212890625,-0.0007751001976430416,0.03040492534637451,-54.880611419677734
436,0.4364364445209503,56.526588439941406,-0.0007783524924889207,0.031058045104146004,-55.78791046142578
437,0.4374374449253082,56.574554443359375,-0.0007720448193140328,0.029517509043216705,-53.87628173828125
438,0.43843844532966614,56.62255859375,-0.0007762626046314836,0.03066781722009182,-55.450191497802734
439,0.43943944573402405,56.67060089111328,-0.0007759235450066626,0.03055105358362198,-55.41096878051758
440,0.44044044613838196,56.718685150146484,-0.0007730571087449789,0.029922254383563995,-54.71464538574219
441,0.44144144654273987,56.76681137084961,-0.0007744712638668716,0.030589764937758446,-55.67974090576172
442,0.4424424469470978,56.814979553222656,-0.0007704794988967478,0.030713165178894997,-56.031314849853516
443,0.4434434473514557,56.86318588256836,-0.0007735625258646905,0.03216785565018654,-58.050506591796875
444,0.4444444477558136,56.911434173583984,-0.0007711382349953055,0.03167889267206192,-57.53235626220703
445,0.4454454481601715,56.95972442626953,-0.0007628470193594694,0.029912061989307404,-55.388248443603516
446,0.4464464485645294,57.008056640625,-0.0007428645621985197,0.02615196257829666,-50.49635696411133
447,0.44744744896888733,57.056427001953125,-0.0007350611267611384,0.025115875527262688,-49.189945220947266
448,0.44844844937324524,57.10483932495117,-0.0007209420436993241,0.023738175630569458,-47.40376663208008
449,0.44944944977760315,57.153297424316406,-0.0007224893779493868,0.024643704295158386,-48.73122787475586
450,0.45045045018196106,57.20178985595703,-0.0007306849001906812,0.02694454975426197,-52.01837158203125
451,0.45145145058631897,57.25032424926758,-0.0007163476548157632,0.025035224854946136,-49.450477600097656
452,0.4524524509906769,57.29890060424805,-0.000718395400326699,0.025674380362033844,-50.40495300292969
453,0.4534534513950348,57.3475227355957,-0.0007254467927850783,0.026711618527770042,-51.856876373291016
454,0.4544544517993927,57.396183013916016,-0.0007304578903131187,0.027266208082437515,-52.62409210205078
455,0.4554554522037506,57.444881439208984,-0.0007318163407035172,0.027062421664595604,-52.31146240234375
456,0.4564564526081085,57.49362564086914,-0.0007229577167890966,0.025789109990000725,-50.61164474487305
457,0.45745745301246643,57.54240417480469,-0.0007186897564679384,0.025704964995384216,-50.56348419189453
458,0.45845845341682434,57.59122848510742,-0.0007138595683500171,0.02562866173684597,-50.520957946777344
459,0.45945945382118225,57.640098571777344,-0.0007078162161633372,0.02510419487953186,-49.795074462890625
460,0.46046045422554016,57.68900680541992,-0.0007092893356457353,0.025069382041692734,-49.67116928100586
461,0.46146145462989807,57.73795700073242,-0.0007010117988102138,0.02387336455285549,-48.01972961425781
462,0.462462455034256,57.786949157714844,-0.000698646588716656,0.023392779752612114,-47.37720489501953
463,0.4634634554386139,57.83598327636719,-0.0007058862247504294,0.024567632004618645,-49.130470275878906
464,0.4644644558429718,57.88505554199219,-0.0007019314798526466,0.023756738752126694,-48.01475524902344
465,0.4654654562473297,57.934165954589844,-0.0007159983506426215,0.026498638093471527,-51.9483528137207
466,0.4664664566516876,57.98332977294922,-0.0007113897008821368,0.027050308883190155,-52.92470932006836
467,0.46746745705604553,58.03252410888672,-0.0006979267345741391,0.025847746059298515,-51.421875
468,0.46846845746040344,58.08176803588867,-0.0006859722780063748,0.02490009367465973,-50.17035675048828
469,0.46946945786476135,58.131046295166016,-0.0006907455390319228,0.027020689100027084,-53.271759033203125
470,0.47047045826911926,58.18037414550781,-0.0006843986921012402,0.02619568631052971,-52.025794982910156
471,0.4714714586734772,58.229740142822266,-0.000688400468789041,0.02729879878461361,-53.502113342285156
472,0.4724724590778351,58.27914810180664,-0.0006919689476490021,0.027759211137890816,-53.973724365234375
473,0.473473459482193,58.32859802246094,-0.0006902578752487898,0.026986123993992805,-52.76741409301758
474,0.4744744598865509,58.37809371948242,-0.0006875923136249185,0.027478644624352455,-53.67368698120117
475,0.4754754602909088,58.42762756347656,-0.0006896213162690401,0.029343659058213234,-56.62694549560547
476,0.4764764606952667,58.47719955444336,-0.00068331987131387,0.027612144127488136,-54.30549240112305
477,0.47747746109962463,58.52682113647461,-0.000684464699588716,0.027501694858074188,-54.27471923828125
478,0.47847846150398254,58.57647705078125,-0.0006825393065810204,0.026503052562475204,-52.954769134521484
479,0.47947946190834045,58.626182556152344,-0.0006856823456473649,0.02700791135430336,-53.819915771484375
480,0.48048046231269836,58.675926208496094,-0.0006790184415876865,0.026180965825915337,-52.80967712402344
481,0.4814814627170563,58.725711822509766,-0.0006710990564897656,0.025644373148679733,-52.215599060058594
482,0.4824824631214142,58.775543212890625,-0.000659388373605907,0.024269625544548035,-50.290531158447266
483,0.4834834635257721,58.82541275024414,-0.000655988696962595,0.024040771648287773,-49.973445892333984
484,0.48448446393013,58.875328063964844,-0.0006481237942352891,0.022401554509997368,-47.397151947021484
485,0.4854854643344879,58.92528533935547,-0.0006557431188412011,0.023175043985247612,-48.47028732299805
486,0.4864864647388458,58.97528076171875,-0.0006541844923049212,0.023150961846113205,-48.46714401245117
487,0.4874874949455261,59.025325775146484,-0.0006498491275124252,0.023480964824557304,-49.14590072631836
488,0.48848849534988403,59.07540512084961,-0.0006392266368493438,0.022138172760605812,-47.16510772705078
489,0.48948949575424194,59.12553024291992,-0.0006368077592924237,0.021829718723893166,-46.7470703125
490,0.49049049615859985,59.17570114135742,-0.0006433133967220783,0.023316364735364914,-49.21607208251953
491,0.49149149656295776,59.22591781616211,-0.0006393345538526773,0.02303210087120533,-48.93977737426758
492,0.4924924969673157,59.27616500854492,-0.0006270267767831683,0.020896589383482933,-45.682289123535156
493,0.4934934973716736,59.32646560668945,-0.0006154481088742614,0.019250547513365746,-43.14369201660156
494,0.4944944977760315,59.376800537109375,-0.0006147538078948855,0.018901277333498,-42.64670944213867
495,0.4954954981803894,59.427181243896484,-0.0006269554141908884,0.020260028541088104,-44.8270263671875
496,0.4964964985847473,59.47761154174805,-0.0006310127209872007,0.02085203491151333,-45.7501335144043
497,0.4974974989891052,59.528072357177734,-0.0006183781079016626,0.019461514428257942,-43.594112396240234
498,0.49849849939346313,59.57858657836914,-0.0006211291765794158,0.0206438098102808,-45.60556411743164
499,0.49949949979782104,59.62913513183594,-0.0006107228109613061,0.019588477909564972,-43.91984176635742
500,0.500500500202179,59.67972946166992,-0.0005830752197653055,0.017015550285577774,-39.65425491333008
501,0.5015015006065369,59.73036575317383,-0.0005650620441883802,0.01558148954063654,-37.15800857543945
502,0.5025025010108948,59.78105163574219,-0.0005485923029482365,0.014116188511252403,-34.5130615234375
503,0.5035035014152527,59.83177947998047,-0.0005319115007296205,0.012583967298269272,-31.71135139465332
504,0.5045045018196106,59.88254165649414,-0.0005261936457827687,0.012310531921684742,-31.261104583740234
505,0.5055055022239685,59.93335723876953,-0.0005132723017595708,0.010992778465151787,-28.778268814086914
506,0.5065065026283264,59.98421096801758,-0.0005127908079884946,0.011353028938174248,-29.532331466674805
507,0.5075075030326843,60.03510665893555,-0.0005012940964661539,0.009980529546737671,-26.86166763305664
508,0.5085085034370422,60.08604431152344,-0.0004948356654495001,0.009101999923586845,-25.10902214050293
509,0.5095095038414001,60.13703155517578,-0.0005024257116019726,0.010464712046086788,-27.84743881225586
510,0.5105105042457581,60.18806076049805,-0.0005122224101796746,0.011644462123513222,-30.157136917114258
511,0.511511504650116,60.2391242980957,-0.0005166924674995244,0.01205891277641058,-30.97049331665039
512,0.5125125050544739,60.29024124145508,-0.0005141032743267715,0.011469407938420773,-29.83980941772461
513,0.5135135054588318,60.341392517089844,-0.0005150525248609483,0.011522118002176285,-29.970186233520508
514,0.5145145058631897,60.39259719848633,-0.0004989975714124739,0.009006880223751068,-25.025800704956055
515,0.5155155062675476,60.44384002685547,-0.0004996745847165585,0.008800085633993149,-24.63797378540039
516,0.5165165066719055,60.495121002197266,-0.0005011932225897908,0.008953727781772614,-24.907264709472656
517,0.5175175070762634,60.54645538330078,-0.0004962290986441076,0.008579673245549202,-24.137155532836914
518,0.5185185074806213,60.59783172607422,-0.0004995448980480433,0.009986174292862415,-27.004610061645508
519,0.5195195078849792,60.64924621582031,-0.0005024895071983337,0.011204078793525696,-29.533554077148438
520,0.5205205082893372,60.700706481933594,-0.0004988277796655893,0.011311289854347706,-29.876863479614258
521,0.5215215086936951,60.75221252441406,-0.0005077904788777232,0.01332633476704359,-34.02653884887695
522,0.522522509098053,60.80376434326172,-0.0005075909430161119,0.01365087553858757,-34.796810150146484
523,0.5235235095024109,60.85535430908203,-0.0004954542964696884,0.012469115667045116,-32.5982780456543
524,0.5245245099067688,60.90699005126953,-0.0004961367812938988,0.013277239166200161,-34.36746597290039
525,0.5255255103111267,60.95866775512695,-0.0004980516387149692,0.013795646838843822,-35.50025939941406
526,0.5265265107154846,61.01039123535156,-0.0005064758006483316,0.014763549901545048,-37.46202850341797
527,0.5275275111198425,61.06216049194336,-0.0005064644501544535,0.014483528211712837,-36.92930603027344
528,0.5285285115242004,61.11397171020508,-0.0005060540861450136,0.014061029069125652,-36.09431076049805
529,0.5295295119285583,61.165828704833984,-0.0005292347632348537,0.01615254022181034,-40.13819122314453
530,0.5305305123329163,61.21773147583008,-0.0005425949348136783,0.017210185527801514,-42.145503997802734
531,0.5315315127372742,61.26966857910156,-0.0005501032574102283,0.018114395439624786,-43.931087493896484
532,0.5325325131416321,61.3216552734375,-0.0005482499254867435,0.01825563982129097,-44.35673141479492
533,0.53353351354599,61.373695373535156,-0.0005304932710714638,0.01670600287616253,-41.58644485473633
534,0.5345345139503479,61.4257698059082,-0.0005426892312243581,0.017995979636907578,-44.01323699951172
535,0.5355355143547058,61.47788619995117,-0.0005551769863814116,0.019600525498390198,-46.893272399902344
536,0.5365365147590637,61.530052185058594,-0.0005618667346425354,0.020489661023020744,-48.39762878417969
537,0.5375375151634216,61.5822639465332,-0.000552705314476043,0.019288018345832825,-46.09434509277344
538,0.5385385155677795,61.63451385498047,-0.0005640528979711235,0.021214205771684647,-49.631351470947266
539,0.5395395755767822,61.68681716918945,-0.0005686993827112019,0.022219302132725716,-51.51277160644531
540,0.5405405759811401,61.73915481567383,-0.00056728336494416,0.021667955443263054,-50.517845153808594
541,0.541541576385498,61.791542053222656,-0.0005686042131856084,0.021800795570015907,-50.78776168823242
542,0.542542576789856,61.843971252441406,-0.0005757222534157336,0.02341138944029808,-53.763916015625
543,0.5435435771942139,61.89645004272461,-0.0005706656957045197,0.02267211116850376,-52.56915283203125
544,0.5445445775985718,61.94896697998047,-0.0005683015333488584,0.022400114685297012,-52.123416900634766
545,0.5455455780029297,62.001529693603516,-0.0005637869471684098,0.022225646302103996,-51.90575408935547
546,0.5465465784072876,62.05413818359375,-0.0005535327363759279,0.021224303171038628,-50.09495544433594
547,0.5475475788116455,62.10679244995117,-0.0005527008324861526,0.02194351516664028,-51.433311462402344
548,0.5485485792160034,62.159488677978516,-0.0005484692519530654,0.02198020927608013,-51.489952087402344
549,0.5495495796203613,62.21223068237305,-0.0005405542906373739,0.020957952365279198,-49.48301696777344
550,0.5505505800247192,62.26502227783203,-0.000536212814040482,0.020371917635202408,-48.2403564453125
551,0.5515515804290771,62.31785202026367,-0.0005221187020651996,0.01857350766658783,-44.735069274902344
552,0.5525525808334351,62.3707275390625,-0.0005300628254190087,0.019952327013015747,-47.348411560058594
553,0.553553581237793,62.42365264892578,-0.0005314383888617158,0.020833086222410202,-49.18980407714844
554,0.5545545816421509,62.476619720458984,-0.0005270784022286534,0.02052311785519123,-48.836158752441406
555,0.5555555820465088,62.52962875366211,-0.0005241529433988035,0.020154902711510658,-48.383975982666016
556,0.5565565824508667,62.58268737792969,-0.0005167421186342835,0.018909156322479248,-46.17472839355469
557,0.5575575828552246,62.63578796386719,-0.0005258902092464268,0.019628480076789856,-47.67728805541992
558,0.5585585832595825,62.688934326171875,-0.0005219837767072022,0.01867775246500969,-46.02388381958008
559,0.5595595836639404,62.74212646484375,-0.0005231277900747955,0.01837530918419361,-45.612117767333984
560,0.5605605840682983,62.79536437988281,-0.000532501726411283,0.018737921491265297,-46.30826187133789
561,0.5615615844726562,62.8486442565918,-0.0005329691921360791,0.018306007608771324,-45.5013313293457
562,0.5625625848770142,62.901973724365234,-0.000535562401637435,0.01863383688032627,-46.11607360839844
563,0.5635635852813721,62.955345153808594,-0.0005212712567299604,0.017321676015853882,-43.638214111328125
564,0.56456458568573,63.008766174316406,-0.0005151592777110636,0.01686404086649418,-42.67566680908203
565,0.5655655860900879,63.062225341796875,-0.0005263092461973429,0.018601033836603165,-45.85213088989258
566,0.5665665864944458,63.11573791503906,-0.0005211713723838329,0.01845032162964344,-45.49406814575195
567,0.5675675868988037,63.16929244995117,-0.0005166067276149988,0.018649455159902573,-45.940608978271484
568,0.5685685873031616,63.2228889465332,-0.0005209912778809667,0.02035555988550186,-49.38944625854492
569,0.5695695877075195,63.27653503417969,-0.0005201641470193863,0.020644159987568855,-50.011619567871094
570,0.5705705881118774,63.33022689819336,-0.000519605353474617,0.020380130037665367,-49.52845001220703
571,0.5715715885162354,63.38396072387695,-0.0005127924378030002,0.018871553242206573,-46.61166000366211
572,0.5725725889205933,63.437744140625,-0.0005217110738158226,0.01993349939584732,-48.83203125
573,0.5735735893249512,63.4915657043457,-0.0004972435417585075,0.017025135457515717,-43.307762145996094
574,0.5745745897293091,63.545440673828125,-0.0004932556767016649,0.016629714518785477,-42.723445892333984
575,0.575575590133667,63.599361419677734,-0.0004919279017485678,0.016496241092681885,-42.646488189697266
576,0.5765765905380249,63.65332794189453,-0.0005081900162622333,0.018409838899970055,-46.71952438354492
577,0.5775775909423828,63.707332611083984,-0.0005109998746775091,0.01888163574039936,-47.8490104675293
578,0.5785785913467407,63.761390686035156,-0.0005225306376814842,0.0202979426831007,-50.73109436035156
579,0.5795795917510986,63.815494537353516,-0.0005114960949867964,0.019042417407035828,-48.42269515991211
580,0.5805805921554565,63.8696403503418,-0.0004971825983375311,0.01775521971285343,-45.94511795043945
581,0.5815815925598145,63.92383575439453,-0.0004980117664672434,0.01796509325504303,-46.337615966796875
582,0.5825825929641724,63.97807693481445,-0.0004915733588859439,0.017776403576135635,-46.04066467285156
583,0.5835835933685303,64.03236389160156,-0.0004801885224878788,0.016995545476675034,-44.48329544067383
584,0.5845845937728882,64.0866928100586,-0.0004778329748660326,0.016774367541074753,-43.967735290527344
585,0.5855855941772461,64.14107513427734,-0.00047690654173493385,0.01636681519448757,-43.0174446105957
586,0.586586594581604,64.19549560546875,-0.000466383236926049,0.01517800148576498,-40.53441619873047
587,0.5875875949859619,64.24996948242188,-0.00045553932432085276,0.014144177548587322,-38.448089599609375
588,0.5885885953903198,64.30448150634766,-0.0004378274315968156,0.012215852737426758,-34.27054977416992
589,0.5895895957946777,64.35903930664062,-0.0004325651389081031,0.011897264048457146,-33.674827575683594
590,0.5905905961990356,64.41365814208984,-0.0004340209998190403,0.01235214900225401,-34.79444885253906
591,0.5915915966033936,64.46830749511719,-0.00042693992145359516,0.011090491898357868,-31.891998291015625
592,0.5925925970077515,64.52301025390625,-0.00042240796028636396,0.010497383773326874,-30.466951370239258
593,0.5935935974121094,64.5777587890625,-0.0004158361698500812,0.009889764711260796,-28.94407081604004
594,0.5945945978164673,64.63255310058594,-0.00041543389670550823,0.010322016663849354,-29.925561904907227
595,0.5955955982208252,64.68739318847656,-0.00041503546526655555,0.010471670888364315,-30.24814796447754
596,0.5965965986251831,64.74227905273438,-0.0004169438616372645,0.011138158850371838,-31.870834350585938
597,0.597597599029541,64.7972183227539,-0.0004129658336751163,0.010947412811219692,-31.604536056518555
598,0.5985985994338989,64.8521957397461,-0.00041128206066787243,0.01115526631474495,-32.362857818603516
599,0.5995995998382568,64.9072265625,-0.0004100388032384217,0.010936833918094635,-32.008094787597656
600,0.6006006002426147,64.96229553222656,-0.0004142979742027819,0.011688951402902603,-33.88631057739258
601,0.6016016006469727,65.01741790771484,-0.00041446019895374775,0.011561475694179535,-33.534427642822266
602,0.6026026010513306,65.07258605957031,-0.0004199909162707627,0.012068559415638447,-34.61468505859375
603,0.6036036014556885,65.12779998779297,-0.0004208507016301155,0.012086777947843075,-34.57170486450195
604,0.6046046018600464,65.18305969238281,-0.00042344845132902265,0.01261352002620697,-35.792598724365234
605,0.6056056022644043,65.23836517333984,-0.00041749078081920743,0.012056820094585419,-34.545013427734375
606,0.6066066026687622,65.2937240600586,-0.0004191171610727906,0.012731262482702732,-36.25925827026367
607,0.6076076030731201,65.34912872314453,-0.00042931409552693367,0.014295984990894794,-40.017826080322266
608,0.608608603477478,65.40457916259766,-0.00042344856774434447,0.013136868365108967,-37.32780456542969
609,0.6096096038818359,65.46007537841797,-0.00043446815107017756,0.014362006448209286,-40.186058044433594
610,0.6106106042861938,65.51561737060547,-0.0004279923450667411,0.013341878540813923,-37.837371826171875
611,0.6116116046905518,65.57120513916016,-0.0004317896091379225,0.014108896255493164,-39.73069381713867
612,0.6126126050949097,65.62684631347656,-0.00043255294440314174,0.014626231044530869,-40.97343826293945
613,0.6136136054992676,65.68252563476562,-0.00042184110498055816,0.013406742364168167,-38.0985107421875
614,0.6146146059036255,65.7382583618164,-0.00042227914673276246,0.0137636112049222,-38.89635467529297
615,0.6156156063079834,65.79403686523438,-0.0004254080122336745,0.014640088193118572,-40.953941345214844
616,0.6166166067123413,65.84986877441406,-0.0004242309369146824,0.014693121425807476,-41.072906494140625
617,0.6176176071166992,65.9057388305664,-0.0004222350544296205,0.014351408928632736,-40.254966735839844
618,0.6186186075210571,65.96166229248047,-0.0004321846063248813,0.015925174579024315,-43.98520278930664
619,0.619619607925415,66.01763153076172,-0.00044962367974221706,0.018369199708104134,-49.600406646728516
620,0.620620608329773,66.07364654541016,-0.0004461395146790892,0.017885401844978333,-48.524925231933594
621,0.6216216087341309,66.12971496582031,-0.0004543530521914363,0.01910039409995079,-51.258270263671875
622,0.6226226091384888,66.18582916259766,-0.00045718878391198814,0.019736379384994507,-52.636268615722656
623,0.6236236095428467,66.24198150634766,-0.00045938597759231925,0.020447470247745514,-54.18619918823242
624,0.6246246099472046,66.29818725585938,-0.00045325199607759714,0.020229343324899673,-53.802940368652344
625,0.6256256103515625,66.35443878173828,-0.00045599599252454937,0.021748755127191544,-57.40272521972656
626,0.6266266107559204,66.4107437133789,-0.00044567868462763727,0.020676396787166595,-55.193294525146484
627,0.6276276111602783,66.46709442138672,-0.00044468644773587584,0.02098505198955536,-56.02012634277344
628,0.6286286115646362,66.52349090576172,-0.00043406966142356396,0.019188454374670982,-51.95315933227539
629,0.6296296119689941,66.57994079589844,-0.0004406672087498009,0.020374465733766556,-54.77587127685547
630,0.630630612373352,66.63642883300781,-0.0004407826345413923,0.02033611200749874,-54.821617126464844
631,0.63163161277771,66.6929702758789,-0.0004381768230814487,0.01970434933900833,-53.46681213378906
632,0.6326326131820679,66.74955749511719,-0.0004361305618658662,0.019460203126072884,-53.09158706665039
633,0.6336336135864258,66.80619812011719,-0.0004460858181118965,0.021200628951191902,-57.262657165527344
634,0.6346346139907837,66.86288452148438,-0.00043281412217766047,0.019442081451416016,-53.37529754638672
635,0.6356356143951416,66.91961669921875,-0.0004312198143452406,0.019215721637010574,-52.871437072753906
636,0.6366366147994995,66.97640228271484,-0.0004249912453815341,0.018429510295391083,-51.04832458496094
637,0.6376376152038574,67.0332260131836,-0.00042886912706308067,0.01893109828233719,-52.22515869140625
638,0.6386386156082153,67.0901107788086,-0.00042104412568733096,0.018022920936346054,-50.125911712646484
639,0.6396396160125732,67.14703369140625,-0.00043349372572265565,0.019770022481679916,-54.25531005859375
640,0.6406406164169312,67.20401000976562,-0.0004192920168861747,0.018189774826169014,-50.578269958496094
641,0.6416416764259338,67.26103210449219,-0.00041055254405364394,0.01727631688117981,-48.44864273071289
642,0.6426426768302917,67.31810760498047,-0.00040655783959664404,0.016733096912503242,-47.16614532470703
643,0.6436436772346497,67.37522888183594,-0.00040619721403345466,0.016856495290994644,-47.633304595947266
644,0.6446446776390076,67.4323959350586,-0.00040259279194287956,0.016234179958701134,-46.29233169555664
645,0.6456456780433655,67.48960876464844,-0.00040126379462890327,0.016086502000689507,-46.16200256347656
646,0.6466466784477234,67.546875,-0.00039221893530339,0.013961796648800373,-40.9602165222168
647,0.6476476788520813,67.60418701171875,-0.0003924223128706217,0.013832569122314453,-40.69749069213867
648,0.6486486792564392,67.66155242919922,-0.0003972692647948861,0.014818087220191956,-43.2514533996582
649,0.6496496796607971,67.71896362304688,-0.0003928805817849934,0.013717332854866982,-40.48820114135742
650,0.650650680065155,67.77642822265625,-0.0003901075106114149,0.013231108896434307,-39.30087661743164
651,0.6516516804695129,67.83393859863281,-0.000395645183743909,0.014889449812471867,-43.51946258544922
652,0.6526526808738708,67.89148712158203,-0.00040428515058010817,0.01666622795164585,-47.90938949584961
653,0.6536536812782288,67.9490966796875,-0.0003990334225818515,0.015279076062142849,-44.41816711425781
654,0.6546546816825867,68.00675201416016,-0.0004004027578048408,0.01571015454828739,-45.49819564819336
655,0.6556556820869446,68.064453125,-0.0003950887476094067,0.014588995836675167,-42.82267379760742
656,0.6566566824913025,68.1222152709961,-0.00039285828825086355,0.014284331351518631,-42.131256103515625
657,0.6576576828956604,68.18000793457031,-0.00039312930312007666,0.01536674052476883,-44.927345275878906
658,0.6586586833000183,68.23786163330078,-0.0003963283379562199,0.01690409518778324,-48.856658935546875
659,0.6596596837043762,68.29576110839844,-0.0003967643715441227,0.017086759209632874,-49.36233139038086
660,0.6606606841087341,68.35371398925781,-0.0003961331385653466,0.01687978394329548,-48.95409393310547
661,0.661661684513092,68.41171264648438,-0.00040320330299437046,0.018144717440009117,-52.24404525756836
662,0.66266268491745,68.46975708007812,-0.0004061074578203261,0.01853088103234768,-53.27882766723633
663,0.6636636853218079,68.5278549194336,-0.0004092467133887112,0.019215557724237442,-55.056644439697266
664,0.6646646857261658,68.58599853515625,-0.0004108964349143207,0.019893886521458626,-56.78738021850586
665,0.6656656861305237,68.64419555664062,-0.00040913562406785786,0.01994449831545353,-56.963016510009766
666,0.6666666865348816,68.70243835449219,-0.0004126668209210038,0.020956845954060555,-59.43098449707031
667,0.6676676869392395,68.76073455810547,-0.0004146112478338182,0.021718014031648636,-61.295921325683594
668,0.6686686873435974,68.81907653808594,-0.0004167462175246328,0.022437002509832382,-63.07332992553711
669,0.6696696877479553,68.87747192382812,-0.0004069797578267753,0.020707473158836365,-58.93716812133789
670,0.6706706881523132,68.9359130859375,-0.0004136592033319175,0.021978842094540596,-62.07085418701172
671,0.6716716885566711,68.9944076538086,-0.000418777868617326,0.022966720163822174,-64.5323257446289
672,0.672672688961029,69.05294799804688,-0.00042304061935283244,0.023869840428233147,-66.76451873779297
673,0.673673689365387,69.11154174804688,-0.00042442482663318515,0.023675158619880676,-66.29463958740234
674,0.6746746897697449,69.17018127441406,-0.0004258821427356452,0.023524485528469086,-65.95051574707031
675,0.6756756901741028,69.22887420654297,-0.0004270165227353573,0.023779911920428276,-66.7265625
676,0.6766766905784607,69.2876205444336,-0.0004275045939721167,0.024608401581645012,-68.91560363769531
677,0.6776776909828186,69.34640502929688,-0.00042777671478688717,0.024651477113366127,-69.07472229003906
678,0.6786786913871765,69.4052505493164,-0.00042882468551397324,0.024388672783970833,-68.36251068115234
679,0.6796796917915344,69.4641342163086,-0.00042952800868079066,0.023784033954143524,-66.82708740234375
680,0.6806806921958923,69.52307891845703,-0.00042775727342814207,0.022372577339410782,-63.433956146240234
681,0.6816816926002502,69.58206939697266,-0.00042108126217499375,0.02079547755420208,-59.896018981933594
682,0.6826826930046082,69.64111328125,-0.0004272656806278974,0.022409457713365555,-64.12615203857422
683,0.6836836934089661,69.7001953125,-0.00042374443728476763,0.022427955642342567,-64.58846282958984
684,0.684684693813324,69.75934600830078,-0.00041511657764203846,0.021287430077791214,-62.09641647338867
685,0.6856856942176819,69.81852722167969,-0.00040190323488786817,0.019692115485668182,-58.256500244140625
686,0.6866866946220398,69.87776947021484,-0.00040121551137417555,0.02008417807519436,-59.18019104003906
687,0.6876876950263977,69.93706512451172,-0.00039338439819402993,0.019307613372802734,-57.134422302246094
688,0.6886886954307556,69.99640655517578,-0.00040515579166822135,0.02173727937042713,-63.22803497314453
689,0.6896896958351135,70.05580139160156,-0.00039683241629973054,0.02111808955669403,-61.884944915771484
690,0.6906906962394714,70.11524200439453,-0.0003965214709751308,0.022088736295700073,-64.69257354736328
691,0.6916916966438293,70.17473602294922,-0.0003930737730115652,0.022054601460695267,-64.83393859863281
692,0.6926926970481873,70.23428344726562,-0.000397516880184412,0.02262182906270027,-66.19337463378906
693,0.6936936974525452,70.29387664794922,-0.0004049715935252607,0.02315148338675499,-67.2844009399414
694,0.6946946978569031,70.353515625,-0.00041720649460330606,0.024227377027273178,-69.43394470214844
695,0.695695698261261,70.41321563720703,-0.0004208101308904588,0.024238845333456993,-69.37226867675781
696,0.6966966986656189,70.47296142578125,-0.0004172185726929456,0.02398163452744484,-69.2059097290039
697,0.6976976990699768,70.53276062011719,-0.00041237816913053393,0.023291490972042084,-67.91353607177734
698,0.6986986994743347,70.59259796142578,-0.00040724797872826457,0.022571364417672157,-66.45941925048828
699,0.6996996998786926,70.65249633789062,-0.0004003149224445224,0.021559178829193115,-64.19123077392578
700,0.7007007002830505,70.71244812011719,-0.0003951505059376359,0.020973460748791695,-62.82615280151367
701,0.7017017006874084,70.77244567871094,-0.0003926134086214006,0.020858434960246086,-62.5527458190918
702,0.7027027010917664,70.83250427246094,-0.00039432753692381084,0.021275131031870842,-63.517295837402344
703,0.7037037014961243,70.8926010131836,-0.0003979325119871646,0.021979069337248802,-65.20655059814453
704,0.7047047019004822,70.95275115966797,-0.00039504736196249723,0.021393390372395515,-63.788536071777344
705,0.7057057023048401,71.0129623413086,-0.0003928657388314605,0.02116149477660656,-63.37519073486328
706,0.706706702709198,71.07321166992188,-0.0003910678788088262,0.02096669189631939,-63.04985046386719
707,0.7077077031135559,71.1335220336914,-0.00038716872222721577,0.02019818313419819,-61.221317291259766
708,0.7087087035179138,71.19387817382812,-0.0003885291807819158,0.02078239619731903,-62.858055114746094
709,0.7097097039222717,71.25428771972656,-0.0003936646389774978,0.02251609042286873,-67.35841369628906
710,0.7107107043266296,71.31475067138672,-0.00039453001227229834,0.022421646863222122,-67.00818634033203
711,0.7117117047309875,71.37525939941406,-0.00039946718607097864,0.02366311103105545,-69.95036315917969
712,0.7127127051353455,71.4358139038086,-0.0004008673131465912,0.024492569267749786,-72.07881927490234
713,0.7137137055397034,71.4964370727539,-0.0003989132819697261,0.02469635009765625,-72.88162994384766
714,0.7147147059440613,71.55709838867188,-0.0003971374244429171,0.02425849437713623,-71.95870208740234
715,0.7157157063484192,71.61781311035156,-0.00039808935252949595,0.025238726288080215,-74.50691986083984
716,0.7167167067527771,71.67858123779297,-0.0003968878882005811,0.02613193728029728,-77.0730209350586
717,0.717717707157135,71.7394027709961,-0.0003960290923714638,0.026688257232308388,-78.72370147705078
718,0.7187187075614929,71.8002700805664,-0.00039554701652377844,0.025826429948210716,-76.56676483154297
719,0.7197197079658508,71.86119842529297,-0.0003984005597885698,0.027416672557592392,-80.48213195800781
720,0.7207207083702087,71.92217254638672,-0.00039764371467754245,0.026335451751947403,-77.81291198730469
721,0.7217217087745667,71.98320007324219,-0.00039495533565059304,0.02564966306090355,-76.4103775024414
722,0.7227227091789246,72.04427337646484,-0.0003908975631929934,0.024515975266695023,-73.81205749511719
723,0.7237237095832825,72.10540771484375,-0.000393147231079638,0.026010772213339806,-77.897216796875
724,0.7247247099876404,72.16658782958984,-0.0003935453132726252,0.027075206860899925,-80.97315216064453
725,0.7257257103919983,72.22782135009766,-0.0003935751155950129,0.027959678322076797,-83.61589050292969
726,0.7267267107963562,72.28910827636719,-0.0003931668761651963,0.02948910929262638,-87.96479034423828
727,0.7277277112007141,72.3504409790039,-0.0003897362039424479,0.029145536944270134,-87.40966033935547
728,0.728728711605072,72.41183471679688,-0.00038628169568255544,0.028022052720189095,-84.7481460571289
729,0.7297297120094299,72.47327423095703,-0.0003844622988253832,0.02818252332508564,-85.35641479492188
730,0.7307307124137878,72.53477478027344,-0.0003839991404674947,0.028131263330578804,-85.1742172241211
731,0.7317317128181458,72.59632110595703,-0.0003839342971332371,0.028544168919324875,-86.12251281738281
732,0.7327327132225037,72.65791320800781,-0.00038409570697695017,0.02857763133943081,-86.1700668334961
733,0.7337337136268616,72.71956634521484,-0.0003839420387521386,0.02799733728170395,-84.83870697021484
734,0.7347347140312195,72.78126525878906,-0.0003832023066934198,0.026808440685272217,-81.96125030517578
735,0.7357357144355774,72.84302520751953,-0.0003818474942818284,0.02736305259168148,-83.59342193603516
736,0.7367367148399353,72.90483093261719,-0.00037811024230904877,0.026011250913143158,-80.26632690429688
737,0.7377377152442932,72.96669006347656,-0.0003765355213545263,0.026373662054538727,-81.24329376220703
738,0.7387387156486511,73.02860260009766,-0.00037443527253344655,0.026736285537481308,-82.35054779052734
739,0.739739716053009,73.09056854248047,-0.0003743827110156417,0.027811115607619286,-85.34419250488281
740,0.7407407164573669,73.152587890625,-0.0003716839128173888,0.027366505935788155,-84.34210205078125
741,0.7417417168617249,73.21465301513672,-0.0003726638969965279,0.02856443077325821,-87.64546203613281
742,0.7427427172660828,73.27677917480469,-0.00037218903889879584,0.028028205037117004,-86.12518310546875
743,0.7437437772750854,73.33895874023438,-0.000371218950022012,0.026995550841093063,-83.24307250976562
744,0.7447447776794434,73.40119171142578,-0.0003704742412082851,0.026307422667741776,-81.28717041015625
745,0.7457457780838013,73.46347045898438,-0.0003696261555887759,0.026243025436997414,-81.1081314086914
746,0.7467467784881592,73.52580261230469,-0.00036685174563899636,0.02553488500416279,-79.26661682128906
747,0.7477477788925171,73.58819580078125,-0.00036410533357411623,0.025501146912574768,-79.3975601196289
748,0.748748779296875,73.65062713623047,-0.0003605312085710466,0.024852750822901726,-77.947021484375
749,0.7497497797012329,73.71311950683594,-0.0003593818983063102,0.025477146729826927,-79.96780395507812
750,0.7507507801055908,73.77567291259766,-0.0003580001066438854,0.02494386024773121,-78.6495361328125
751,0.7517517805099487,73.83826446533203,-0.00035684919566847384,0.02388736419379711,-75.75546264648438
752,0.7527527809143066,73.90092468261719,-0.0003594353620428592,0.024333033710718155,-76.9301528930664
753,0.7537537813186646,73.963623046875,-0.0003630623104982078,0.02538982406258583,-79.8226318359375
754,0.7547547817230225,74.02638244628906,-0.00036371202440932393,0.025793230161070824,-81.1590576171875
755,0.7557557821273804,74.08919525146484,-0.00035810490953736007,0.02433355338871479,-77.66800689697266
756,0.7567567825317383,74.15206146240234,-0.0003565389197319746,0.024470433592796326,-78.48590850830078
757,0.7577577829360962,74.21498107910156,-0.00035152322379872203,0.023007823154330254,-74.71150970458984
758,0.7587587833404541,74.2779541015625,-0.00035003945231437683,0.022536931559443474,-73.55307006835938
759,0.759759783744812,74.34097290039062,-0.0003468745562713593,0.020544108003377914,-67.81705474853516
760,0.7607607841491699,74.404052734375,-0.00034930813126266,0.020596573129296303,-67.839599609375
761,0.7617617845535278,74.4671859741211,-0.0003535082214511931,0.021805908530950546,-71.17616271972656
762,0.7627627849578857,74.53038024902344,-0.0003538660821504891,0.02246479131281376,-73.11807250976562
763,0.7637637853622437,74.59361267089844,-0.0003520115278661251,0.022529544308781624,-73.47354125976562
764,0.7647647857666016,74.65690612792969,-0.0003503657062537968,0.022946028038859367,-74.85479736328125
765,0.7657657861709595,74.72025299072266,-0.00034994276938959956,0.024032004177570343,-78.1245346069336
766,0.7667667865753174,74.78365325927734,-0.00034528778633102775,0.02241288125514984,-73.60323333740234
767,0.7677677869796753,74.84710693359375,-0.00034436892019584775,0.0232959296554327,-76.43348693847656
768,0.7687687873840332,74.91061401367188,-0.0003408071934245527,0.02308753877878189,-76.2795181274414
769,0.7697697877883911,74.97418212890625,-0.0003381845890544355,0.02280235104262829,-75.7646484375
770,0.770770788192749,75.03779602050781,-0.0003375337109901011,0.022805705666542053,-75.8958969116211
771,0.7717717885971069,75.1014633178711,-0.0003388964105397463,0.022971291095018387,-76.30729675292969
772,0.7727727890014648,75.1651840209961,-0.00033848980092443526,0.021991519257426262,-73.26252746582031
773,0.7737737894058228,75.22896575927734,-0.00034090474946424365,0.022019516676664352,-73.04645538330078
774,0.7747747898101807,75.29280090332031,-0.0003424900060053915,0.022972220554947853,-75.8333511352539
775,0.7757757902145386,75.35668182373047,-0.00034084738581441343,0.02309461310505867,-76.31361389160156
776,0.7767767906188965,75.42062377929688,-0.00033794710179790854,0.022764628753066063,-75.49061584472656
777,0.7777777910232544,75.484619140625,-0.0003402269212529063,0.024304842576384544,-80.1195068359375
778,0.7787787914276123,75.54866790771484,-0.00033821843680925667,0.024316469207406044,-80.36471557617188
779,0.7797797918319702,75.6127700805664,-0.00033780490048229694,0.024478796869516373,-80.93817901611328
780,0.7807807922363281,75.67693328857422,-0.00034001783933490515,0.0258184764534235,-85.01033020019531
781,0.781781792640686,75.74114227294922,-0.0003375066153239459,0.02503272332251072,-82.87416076660156
782,0.782782793045044,75.80540466308594,-0.00033535005059093237,0.024259453639388084,-80.76717376708984
783,0.7837837934494019,75.8697280883789,-0.00033653914579190314,0.02464277297258377,-82.09088897705078
784,0.7847847938537598,75.9341049194336,-0.0003381375572644174,0.02567456290125847,-85.46015167236328
785,0.7857857942581177,75.99853515625,-0.00033059122506529093,0.023503057658672333,-79.25627136230469
786,0.7867867946624756,76.06301879882812,-0.0003291677567176521,0.023514820262789726,-79.4582748413086
787,0.7877877950668335,76.1275634765625,-0.0003305274003650993,0.024128274992108345,-81.30155181884766
788,0.7887887954711914,76.19215393066406,-0.00033101506414823234,0.02393997274339199,-80.59085083007812
789,0.7897897958755493,76.25680541992188,-0.0003310522297397256,0.023489011451601982,-79.07471466064453
790,0.7907907962799072,76.3215103149414,-0.00033113680547103286,0.023324670270085335,-78.53295135498047
791,0.7917917966842651,76.38626861572266,-0.00033148739021271467,0.023909786716103554,-80.46397399902344
792,0.792792797088623,76.45108032226562,-0.00033272983273491263,0.024776194244623184,-83.27819061279297
793,0.793793797492981,76.51595306396484,-0.00033228998654522,0.024860868230462074,-83.69745635986328
794,0.7947947978973389,76.58087921142578,-0.00033341514063067734,0.02577173337340355,-86.59516906738281
795,0.7957957983016968,76.64585876464844,-0.0003311681211926043,0.025064151734113693,-84.5912857055664
796,0.7967967987060547,76.71089172363281,-0.00033108386560343206,0.02502191625535488,-84.513916015625
797,0.7977977991104126,76.7759780883789,-0.00033241661731153727,0.025455864146351814,-85.83354949951172
798,0.7987987995147705,76.84112548828125,-0.0003344524884596467,0.02697550691664219,-90.60133361816406
799,0.7997997999191284,76.90632629394531,-0.00033386843279004097,0.026874100789427757,-90.53376007080078
800,0.8008008003234863,76.97157287597656,-0.00033327442361041903,0.026660706847906113,-90.09740447998047
801,0.8018018007278442,77.03689575195312,-0.0003323466225992888,0.02594905160367489,-88.16352081298828
802,0.8028028011322021,77.10225677490234,-0.0003327142621856183,0.026479272171854973,-89.90587615966797
803,0.8038038015365601,77.16767883300781,-0.0003323813434690237,0.02727189101278782,-92.43400573730469
804,0.804804801940918,77.233154296875,-0.0003312747576273978,0.02682367153465748,-91.22544860839844
805,0.8058058023452759,77.29869079589844,-0.0003306092112325132,0.027321595698595047,-92.77658081054688
806,0.8068068027496338,77.36427307128906,-0.0003291209868621081,0.029393799602985382,-99.06116485595703
807,0.8078078031539917,77.42991638183594,-0.000327885034494102,0.029736226424574852,-100.17941284179688
808,0.8088088035583496,77.49562072753906,-0.0003273989714216441,0.02815752848982811,-95.51860809326172
809,0.8098098039627075,77.56137084960938,-0.0003258850483689457,0.027676643803715706,-94.30713653564453
810,0.8108108043670654,77.62718963623047,-0.0003232590388506651,0.02509484440088272,-86.6545181274414
811,0.8118118047714233,77.69306182861328,-0.000321140862070024,0.024212731048464775,-84.1395492553711
812,0.8128128051757812,77.75897979736328,-0.0003206983965355903,0.02497692219913006,-86.66114807128906
813,0.8138138055801392,77.82495880126953,-0.00032031064620241523,0.02564081735908985,-88.85297393798828
814,0.8148148059844971,77.8909912109375,-0.0003197205369360745,0.0254984088242054,-88.50868225097656
815,0.815815806388855,77.95708465576172,-0.0003195209428668022,0.025711167603731155,-89.27816009521484
816,0.8168168067932129,78.02323150634766,-0.0003189636627212167,0.026776768267154694,-92.90180969238281
817,0.8178178071975708,78.08943176269531,-0.0003177931357640773,0.026915010064840317,-93.74264526367188
818,0.8188188076019287,78.15569305419922,-0.00031580141512677073,0.025881914421916008,-90.98139953613281
819,0.8198198080062866,78.22200775146484,-0.000313667522277683,0.025121401995420456,-89.09138488769531
820,0.8208208084106445,78.28837585449219,-0.0003131401026621461,0.02560826949775219,-90.950439453125
821,0.8218218088150024,78.35481262207031,-0.0003130263648927212,0.0257259551435709,-91.534423828125
822,0.8228228092193604,78.4212875366211,-0.0003132271231152117,0.025324681773781776,-90.3897933959961
823,0.8238238096237183,78.48783874511719,-0.0003137706662528217,0.02634141966700554,-93.72225189208984
824,0.8248248100280762,78.55442810058594,-0.0003145093796774745,0.02680255100131035,-95.13812255859375
825,0.8258258104324341,78.62108612060547,-0.0003147132811136544,0.026489732787013054,-94.09073638916016
826,0.826826810836792,78.68779754638672,-0.0003146663075312972,0.025417519733309746,-90.53728485107422
827,0.8278278112411499,78.75455474853516,-0.0003148635441903025,0.025333067402243614,-90.09441375732422
828,0.8288288116455078,78.82138061523438,-0.0003139933687634766,0.026157444342970848,-92.94406127929688
829,0.8298298120498657,78.88825988769531,-0.00031171366572380066,0.025025226175785065,-89.70918273925781
830,0.8308308124542236,78.9552001953125,-0.0003101660986430943,0.02553999051451683,-91.71501922607422
831,0.8318318128585815,79.02220153808594,-0.0003074188716709614,0.024883385747671127,-89.90904235839844
832,0.8328328132629395,79.08924865722656,-0.0003059112059418112,0.025639576837420464,-92.76394653320312
833,0.8338338136672974,79.15635681152344,-0.00030430848710238934,0.02576003596186638,-93.4773941040039
834,0.8348348140716553,79.22352600097656,-0.0003028535284101963,0.025284672155976295,-92.17843627929688
835,0.8358358144760132,79.29074096679688,-0.00030166638316586614,0.025219114497303963,-92.24962615966797
836,0.8368368148803711,79.35801696777344,-0.0003011165536008775,0.024783959612250328,-90.89339447021484
837,0.837837815284729,79.42535400390625,-0.00030194397550076246,0.025724897161126137,-93.88496398925781
838,0.8388388156890869,79.49275207519531,-0.00030223565408959985,0.025612082332372665,-93.42841339111328
839,0.8398398160934448,79.56019592285156,-0.00030226982198655605,0.02560753934085369,-93.41383361816406
840,0.8408408164978027,79.62770080566406,-0.00030175241408869624,0.02576267533004284,-94.06474304199219
841,0.8418418169021606,79.69527435302734,-0.00030066067120060325,0.02587740868330002,-94.68144226074219
842,0.8428428173065186,79.76288604736328,-0.00029981619445607066,0.025869056582450867,-94.8751220703125
843,0.8438438177108765,79.83056640625,-0.0002990919747389853,0.02591332048177719,-95.26692962646484
844,0.8448448181152344,79.89830780029297,-0.0002978907432407141,0.025223255157470703,-93.1467056274414
845,0.8458458185195923,79.96610260009766,-0.0002967845066450536,0.02449379675090313,-90.8669662475586
846,0.846846878528595,80.0339584350586,-0.00029578336398117244,0.023596404120326042,-87.98141479492188
847,0.8478478789329529,80.10186004638672,-0.00029498623916879296,0.023474814370274544,-87.82339477539062
848,0.8488488793373108,80.16983032226562,-0.0002940341946668923,0.023656515404582024,-88.7166519165039
849,0.8498498797416687,80.23786163330078,-0.00029233648092485964,0.023910250514745712,-89.96134948730469
850,0.8508508801460266,80.30593872070312,-0.00028882615151815116,0.022661257535219193,-86.0625228881836
851,0.8518518805503845,80.37407684326172,-0.0002861706307157874,0.021592751145362854,-82.60417175292969
852,0.8528528809547424,80.44227600097656,-0.0002845989656634629,0.020935913547873497,-80.49278259277344
853,0.8538538813591003,80.51052856445312,-0.00028376345289871097,0.02060575596988201,-79.3790512084961
854,0.8548548817634583,80.57884216308594,-0.00028285221196711063,0.020146679133176804,-77.81391906738281
855,0.8558558821678162,80.647216796875,-0.00028209391166456044,0.019490757957100868,-75.52771759033203
856,0.8568568825721741,80.71565246582031,-0.00028238832601346076,0.019272752106189728,-74.79065704345703
857,0.857857882976532,80.78413391113281,-0.00028405754710547626,0.020083652809262276,-77.6469497680664
858,0.8588588833808899,80.8526840209961,-0.0002828999422490597,0.019324051216244698,-74.95248413085938
859,0.8598598837852478,80.92127990722656,-0.0002829484292306006,0.019920524209737778,-77.10857391357422
860,0.8608608841896057,80.98995208740234,-0.00028218215447850525,0.019776536151766777,-76.68331146240234
861,0.8618618845939636,81.05866241455078,-0.00028118115733377635,0.019411440938711166,-75.45512390136719
862,0.8628628849983215,81.12744903564453,-0.0002807239070534706,0.01924377866089344,-74.92691802978516
863,0.8638638854026794,81.19628143310547,-0.0002804429386742413,0.01895354688167572,-73.93657684326172
864,0.8648648858070374,81.26518249511719,-0.00027925102040171623,0.01809246465563774,-70.927734375
865,0.8658658862113953,81.3341293334961,-0.0002799165667966008,0.018112437799572945,-71.11319732666016
866,0.8668668866157532,81.40314483642578,-0.00028245666180737317,0.0191232617944479,-74.81749725341797
867,0.8678678870201111,81.47222137451172,-0.00028374165412969887,0.020243486389517784,-78.94328308105469
868,0.868868887424469,81.54134368896484,-0.00028355035465210676,0.0202628206461668,-79.14082336425781
869,0.8698698878288269,81.61053466796875,-0.00028318807017058134,0.01906323805451393,-74.96625518798828
870,0.8708708882331848,81.6797866821289,-0.00028348955675028265,0.018834615126252174,-74.24169158935547
871,0.8718718886375427,81.74909210205078,-0.000283729110378772,0.01914350874722004,-75.43696594238281
872,0.8728728890419006,81.81845092773438,-0.0002841068198904395,0.020398644730448723,-79.88136291503906
873,0.8738738894462585,81.88787078857422,-0.00028252904303371906,0.01917159929871559,-75.58255004882812
874,0.8748748898506165,81.95735931396484,-0.00028029546956531703,0.018543019890785217,-73.32217407226562
875,0.8758758902549744,82.02690887451172,-0.0002782727242447436,0.018769938498735428,-74.14647674560547
876,0.8768768906593323,82.09650421142578,-0.00027437464450486004,0.017382977530360222,-69.17884826660156
877,0.8778778910636902,82.1661605834961,-0.0002721677301451564,0.016765132546424866,-67.02284240722656
878,0.8788788914680481,82.23587799072266,-0.0002702401834540069,0.015755048021674156,-63.49911117553711
879,0.879879891872406,82.30565643310547,-0.00026928121224045753,0.015083035454154015,-61.26530075073242
880,0.8808808922767639,82.37548828125,-0.0002665627689566463,0.0139128677546978,-57.223541259765625
881,0.8818818926811218,82.44538116455078,-0.00026342342607676983,0.013130275532603264,-54.573951721191406
882,0.8828828930854797,82.51534271240234,-0.00026260188315063715,0.01310656312853098,-54.592567443847656
883,0.8838838934898376,82.58535766601562,-0.0002651918912306428,0.013877405785024166,-57.54254913330078
884,0.8848848938941956,82.65543365478516,-0.0002649576053954661,0.013760150410234928,-57.07474136352539
885,0.8858858942985535,82.72557067871094,-0.0002656957949511707,0.013800110667943954,-57.17708206176758
886,0.8868868947029114,82.7957534790039,-0.000265521346591413,0.013688743114471436,-56.71182632446289
887,0.8878878951072693,82.86600494384766,-0.00026476875063963234,0.013722221367061138,-56.9091682434082
888,0.8888888955116272,82.93631744384766,-0.0002567825431469828,0.012380179017782211,-51.99309158325195
889,0.8898898959159851,83.00669860839844,-0.0002572924713604152,0.01270926371216774,-53.539947509765625
890,0.890890896320343,83.0771255493164,-0.0002564887690823525,0.012689746916294098,-53.74736404418945
891,0.8918918967247009,83.14761352539062,-0.00026102937408722937,0.01367967575788498,-57.77349090576172
892,0.8928928971290588,83.21817016601562,-0.0002617894788272679,0.013850159011781216,-58.556068420410156
893,0.8938938975334167,83.28878021240234,-0.00026480312226340175,0.014839690178632736,-62.414676666259766
894,0.8948948979377747,83.35945129394531,-0.0002628403599373996,0.014231275767087936,-60.1641731262207
895,0.8958958983421326,83.43018341064453,-0.0002581943408586085,0.013215486891567707,-56.28691482543945
896,0.8968968987464905,83.5009765625,-0.00025456742150709033,0.012545797042548656,-53.6988639831543
897,0.8978978991508484,83.57182312011719,-0.0002562347217462957,0.012862377800047398,-55.04237365722656
898,0.8988988995552063,83.64273071289062,-0.00025028857635334134,0.012027101591229439,-51.9290885925293
899,0.8998998999595642,83.71370697021484,-0.00024735237821005285,0.011690248735249043,-50.71257019042969
900,0.9009009003639221,83.78473663330078,-0.00025253562489524484,0.012590430676937103,-54.37242889404297
901,0.90190190076828,83.85582733154297,-0.0002463564742356539,0.011663943529129028,-50.74748992919922
902,0.9029029011726379,83.9269790649414,-0.0002443958364892751,0.011375602334737778,-49.73054885864258
903,0.9039039015769958,83.99818420410156,-0.0002444754645694047,0.011507578194141388,-50.41252899169922
904,0.9049049019813538,84.06946563720703,-0.00024788855807855725,0.012299677357077599,-53.67380142211914
905,0.9059059023857117,84.14079284667969,-0.00024469400523230433,0.012118893675506115,-52.87871551513672
906,0.9069069027900696,84.21219635009766,-0.00024513850803487003,0.012556515634059906,-54.48268127441406
907,0.9079079031944275,84.28364562988281,-0.00024507890339009464,0.012811310589313507,-55.322021484375
908,0.9089089035987854,84.35516357421875,-0.0002477958332747221,0.013555117882788181,-58.164154052734375
909,0.9099099040031433,84.42674255371094,-0.0002498817630112171,0.014115982688963413,-60.33357620239258
910,0.9109109044075012,84.49837493896484,-0.00024682466755621135,0.013251002877950668,-56.96104049682617
911,0.9119119048118591,84.57007598876953,-0.00024785459390841424,0.013532423414289951,-58.31324005126953
912,0.912912905216217,84.64183044433594,-0.00024542707251384854,0.012697993777692318,-55.222503662109375
913,0.913913905620575,84.71365356445312,-0.00024370918981730938,0.012135462835431099,-53.18157958984375
914,0.9149149060249329,84.78553009033203,-0.00024533114628866315,0.012847885489463806,-56.304420471191406
915,0.9159159064292908,84.85746765136719,-0.0002444648998789489,0.012786845676600933,-56.18326187133789
916,0.9169169068336487,84.92947387695312,-0.0002441226242808625,0.012853673659265041,-56.520057678222656
917,0.9179179072380066,85.00153350830078,-0.0002455811481922865,0.013345369137823582,-58.5549201965332
918,0.9189189076423645,85.07366180419922,-0.00024462223518639803,0.01319787185639143,-58.0515251159668
919,0.9199199080467224,85.1458511352539,-0.00023996038362383842,0.012349357828497887,-54.73043441772461
920,0.9209209084510803,85.21809387207031,-0.00023500352108385414,0.011544332839548588,-51.48871994018555
921,0.9219219088554382,85.29039764404297,-0.00023438764037564397,0.01161948312073946,-51.91851806640625
922,0.9229229092597961,85.3627700805664,-0.00023156896349973977,0.011090395972132683,-49.727664947509766
923,0.923923909664154,85.43519592285156,-0.00023049875744618475,0.01082614902406931,-48.63334655761719
924,0.924924910068512,85.50769805908203,-0.00023134758521337062,0.011386428028345108,-51.15695571899414
925,0.9259259104728699,85.58024597167969,-0.00023008265998214483,0.010909653268754482,-49.18347930908203
926,0.9269269108772278,85.6528549194336,-0.000233092054259032,0.011889404617249966,-53.474952697753906
927,0.9279279112815857,85.72554779052734,-0.0002315826714038849,0.011250082403421402,-50.77679443359375
928,0.9289289116859436,85.79827880859375,-0.00023123540449887514,0.011027329601347446,-49.873592376708984
929,0.9299299120903015,85.87108612060547,-0.00023515864450018853,0.011902513913810253,-53.59020233154297
930,0.9309309124946594,85.9439468383789,-0.00023441777739208192,0.011755499057471752,-52.99543380737305
931,0.9319319128990173,86.01686096191406,-0.00023468499421142042,0.011910941451787949,-53.75376510620117
932,0.9329329133033752,86.08985137939453,-0.00023472595785278827,0.012064824812114239,-54.53251266479492
933,0.9339339137077332,86.16289520263672,-0.00023420623620040715,0.012143340893089771,-54.903717041015625
934,0.9349349141120911,86.23600769042969,-0.00023702549515292048,0.013033175840973854,-58.6797981262207
935,0.935935914516449,86.3091812133789,-0.00023360703198704869,0.012312124483287334,-55.63272476196289
936,0.9369369149208069,86.38240814208984,-0.00023562900605611503,0.012970192357897758,-58.41743850708008
937,0.9379379153251648,86.45570373535156,-0.00023651632363907993,0.01320189330726862,-59.38203811645508
938,0.9389389157295227,86.52906799316406,-0.00023528702149633318,0.01270888838917017,-57.350894927978516
939,0.9399399161338806,86.60248565673828,-0.00023379942285828292,0.012388179078698158,-56.157981872558594
940,0.9409409165382385,86.67597198486328,-0.00023265321215149015,0.01222370844334364,-55.65506362915039
941,0.9419419169425964,86.74951171875,-0.00023105082800611854,0.012006507255136967,-54.961517333984375
942,0.9429429173469543,86.82312774658203,-0.0002277304301969707,0.011011394672095776,-50.72090148925781
943,0.9439439177513123,86.89679718017578,-0.00022540225472766906,0.011147242039442062,-51.319252014160156
944,0.9449449181556702,86.97053527832031,-0.00022324932797346264,0.010974337346851826,-50.51710510253906
945,0.9459459185600281,87.04431915283203,-0.00022346843616105616,0.01010046899318695,-46.60450744628906
946,0.946946918964386,87.11817932128906,-0.0002237571607111022,0.00982184149324894,-45.34437942504883
947,0.9479479193687439,87.19210052490234,-0.00022743373119737953,0.009046618826687336,-41.868003845214844
948,0.9489489793777466,87.2660903930664,-0.0002263890637550503,0.009190996177494526,-42.51325225830078
949,0.9499499797821045,87.34013366699219,-0.0002206321369158104,0.010028964839875698,-46.39982223510742
950,0.9509509801864624,87.41423797607422,-0.00022399054432753474,0.009187531657516956,-42.79740524291992
951,0.9519519805908203,87.48841094970703,-0.00021970394300296903,0.009799569845199585,-45.751705169677734
952,0.9529529809951782,87.56263732910156,-0.00022099772468209267,0.009287458844482899,-43.6109619140625
953,0.9539539813995361,87.6369400024414,-0.0002175928675569594,0.009921809658408165,-46.67289352416992
954,0.954954981803894,87.71129608154297,-0.00021932681556791067,0.009116731584072113,-43.13842010498047
955,0.955955982208252,87.78572845458984,-0.000217025401070714,0.00983069185167551,-46.54961013793945
956,0.9569569826126099,87.86021423339844,-0.00021735142217949033,0.011059566400945187,-52.29745101928711
957,0.9579579830169678,87.93476104736328,-0.00021813368948642164,0.011239091865718365,-53.116943359375
958,0.9589589834213257,88.0093765258789,-0.00022032314154785126,0.011995923705399036,-56.52608871459961
959,0.9599599838256836,88.08405303955078,-0.00021955698321107775,0.011284077540040016,-53.287437438964844
960,0.9609609842300415,88.1587905883789,-0.00022033214918337762,0.01094475481659174,-51.845767974853516
961,0.9619619846343994,88.23359680175781,-0.00022104148229118437,0.01137442048639059,-53.98490524291992
962,0.9629629850387573,88.30846405029297,-0.00022196094505488873,0.010978937149047852,-52.45317840576172
963,0.9639639854431152,88.38339233398438,-0.00022260943660512567,0.011076475493609905,-53.1281852722168
964,0.9649649858474731,88.45838165283203,-0.00022301470744423568,0.011163647286593914,-53.694583892822266
965,0.965965986251831,88.53343963623047,-0.00022359915601555258,0.011782054789364338,-56.565670013427734
966,0.966966986656189,88.60856628417969,-0.00022426854411605746,0.012090660631656647,-57.92583084106445
967,0.9679679870605469,88.68374633789062,-0.0002255324216093868,0.012867958284914494,-61.321258544921875
968,0.9689689874649048,88.75899505615234,-0.00022528378758579493,0.012793881818652153,-60.94552993774414
969,0.9699699878692627,88.83431243896484,-0.0002239126042695716,0.012183957733213902,-58.13100814819336
970,0.9709709882736206,88.90968322753906,-0.0002220786118414253,0.011046425439417362,-52.908992767333984
971,0.9719719886779785,88.98513793945312,-0.0002212238614447415,0.01124868169426918,-53.71715545654297
972,0.9729729890823364,89.06063842773438,-0.0002199152368120849,0.011349580250680447,-54.0885124206543
973,0.9739739894866943,89.13619995117188,-0.00021842439309693873,0.01216048002243042,-57.83077621459961
974,0.9749749898910522,89.21183776855469,-0.00021756539354100823,0.012494297698140144,-59.54000473022461
975,0.9759759902954102,89.28753662109375,-0.00021668142289854586,0.012554059736430645,-60.005489349365234
976,0.9769769906997681,89.36328887939453,-0.00021501528681255877,0.01225008349865675,-58.65013122558594
977,0.977977991104126,89.43911743164062,-0.00021395896328613162,0.010611270554363728,-51.007568359375
978,0.9789789915084839,89.5150146484375,-0.00021304207621142268,0.011174051091074944,-53.65403366088867
979,0.9799799919128418,89.59095764160156,-0.0002133280213456601,0.0105484239757061,-50.764930725097656
980,0.9809809923171997,89.66697692871094,-0.0002128833148162812,0.010391519404947758,-50.10220718383789
981,0.9819819927215576,89.7430648803711,-0.00021413181093521416,0.009425000287592411,-45.655067443847656
982,0.9829829931259155,89.81920623779297,-0.00021629853290505707,0.008371595293283463,-40.91963195800781
983,0.9839839935302734,89.89541625976562,-0.00021695038594771177,0.007773285266011953,-38.302555084228516
984,0.9849849939346313,89.97168731689453,-0.0002161893789889291,0.007611715700477362,-37.680362701416016
985,0.9859859943389893,90.04803466796875,-0.0002162044693250209,0.007333270739763975,-36.495819091796875
986,0.9869869947433472,90.12445068359375,-0.00021742083481512964,0.006551546975970268,-32.98928451538086
987,0.9879879951477051,90.20091247558594,-0.0002169735380448401,0.00622916454449296,-31.60935401916504
988,0.988988995552063,90.27745819091797,-0.00021594541613012552,0.006351337302476168,-32.306148529052734
989,0.9899899959564209,90.35404968261719,-0.00021502189338207245,0.00634559104219079,-32.452354431152344
990,0.9909909963607788,90.43071746826172,-0.0002144368045264855,0.006476630922406912,-33.23290252685547
991,0.9919919967651367,90.5074462890625,-0.00021405429288279265,0.007036270573735237,-35.99144744873047
992,0.9929929971694946,90.58423614501953,-0.00021433806978166103,0.0067137000150978565,-34.635894775390625
993,0.9939939975738525,90.6611099243164,-0.00021539616864174604,0.0066797928884625435,-34.61042022705078
994,0.9949949979782104,90.73802947998047,-0.00021522225870285183,0.005267016589641571,-28.170421600341797
995,0.9959959983825684,90.81501770019531,-0.00021761134848929942,0.005861259996891022,-31.000524520874023
996,0.9969969987869263,90.89208221435547,-0.00021886304602958262,0.006221895106136799,-32.64452362060547
997,0.9979979991912842,90.96920013427734,-0.0002195400302298367,0.006134034134447575,-32.209983825683594
998,0.9989989995956421,91.04638671875,-0.00021677513723261654,0.007227253168821335,-37.18141174316406
999,1.0,91.12364959716797,-0.00021333796030376107,0.007606210187077522,-39.030914306640625
