index,timestep,Diffusion_Coeff,Divergence,score,pos
0,0.0,39.05299377441406,-0.006102788262069225,0.11736223101615906,26.516746520996094
1,0.0010010009864345193,39.08612823486328,-0.006575350649654865,0.11783997714519501,27.03110694885254
2,0.0020020019728690386,39.11929702758789,-0.00732895452529192,0.11128402501344681,28.146854400634766
3,0.0030030030757188797,39.15248489379883,-0.007579107768833637,0.10787290334701538,28.720888137817383
4,0.004004003945738077,39.185707092285156,-0.008202847093343735,0.09719188511371613,30.191974639892578
5,0.005005004815757275,39.218955993652344,-0.007865001447498798,0.10333562642335892,29.513080596923828
6,0.006006006151437759,39.25223159790039,-0.006890360731631517,0.11692482978105545,27.745811462402344
7,0.007007007021456957,39.28553771972656,-0.008019824512302876,0.10207492113113403,29.772789001464844
8,0.008008007891476154,39.31887435913086,-0.0084500377997756,0.09491779655218124,30.659168243408203
9,0.009009009227156639,39.352237701416016,-0.009088931605219841,0.08021362870931625,32.331756591796875
10,0.01001000963151455,39.38562774658203,-0.008916929364204407,0.08427181839942932,31.865081787109375
11,0.011011010967195034,39.41904830932617,-0.008934864774346352,0.08240462094545364,32.020015716552734
12,0.012012012302875519,39.452491760253906,-0.008973546326160431,0.07772679626941681,32.43663787841797
13,0.013013012707233429,39.48596954345703,-0.008985360153019428,0.07059355080127716,33.07228469848633
14,0.014014014042913914,39.51947021484375,-0.008954010903835297,0.05499963089823723,34.6206169128418
15,0.015015014447271824,39.55300521850586,-0.008857592940330505,0.040505655109882355,36.069305419921875
16,0.01601601578295231,39.58656692504883,-0.008820914663374424,0.023558082059025764,37.88222885131836
17,0.01701701618731022,39.620155334472656,-0.008494733832776546,0.033484864979982376,36.655242919921875
18,0.018018018454313278,39.653770446777344,-0.008473118767142296,0.0245551448315382,37.65980529785156
19,0.01901901885867119,39.68742370605469,-0.00843479298055172,0.01810695230960846,38.40886306762695
20,0.0200200192630291,39.721092224121094,-0.008528927341103554,-0.0066894954070448875,41.34892654418945
21,0.021021021530032158,39.754798889160156,-0.008401034399867058,-0.006408344488590956,41.348087310791016
22,0.022022021934390068,39.78852844238281,-0.008300337940454483,-0.014987376518547535,42.408111572265625
23,0.023023022338747978,39.82229232788086,-0.00815149862319231,-0.027222000062465668,43.93779754638672
24,0.024024024605751038,39.8560791015625,-0.0078054191544651985,-0.051506225019693375,47.03718948364258
25,0.025025025010108948,39.889896392822266,-0.007505419198423624,-0.06409472227096558,48.78255844116211
26,0.026026025414466858,39.92374801635742,-0.007185724563896656,-0.07701413333415985,50.64780044555664
27,0.027027025818824768,39.95762252807617,-0.007197840139269829,-0.07421489804983139,50.35681915283203
28,0.028028028085827827,39.99152755737305,-0.007145402953028679,-0.07525591552257538,50.587013244628906
29,0.029029028490185738,40.02545928955078,-0.006879229564219713,-0.08514267206192017,52.071937561035156
30,0.030030028894543648,40.05942153930664,-0.00694535207003355,-0.08041538298130035,51.45613479614258
31,0.031031031161546707,40.093414306640625,-0.0069737182930111885,-0.07657792419195175,51.00737762451172
32,0.03203203156590462,40.1274299621582,-0.00672849640250206,-0.08519309759140015,52.39321517944336
33,0.03303303197026253,40.16147994995117,-0.006496601738035679,-0.09388495236635208,53.80938720703125
34,0.03403403237462044,40.195556640625,-0.006589818745851517,-0.09004239737987518,53.304893493652344
35,0.03503503277897835,40.22966384887695,-0.0068709454499185085,-0.07727240771055222,51.4921760559082
36,0.036036036908626556,40.263797760009766,-0.006735245697200298,-0.08102098852396011,52.15382766723633
37,0.03703703731298447,40.29795837402344,-0.006501650437712669,-0.08911620825529099,53.47677230834961
38,0.03803803771734238,40.3321533203125,-0.0065961312502622604,-0.08288577944040298,52.623165130615234
39,0.03903903812170029,40.36637878417969,-0.006349634844809771,-0.09116295725107193,54.011653900146484
40,0.0400400385260582,40.40062713623047,-0.006163070909678936,-0.09604346752166748,54.9268913269043
41,0.04104103893041611,40.434906005859375,-0.006265346892178059,-0.08764935284852982,53.76573181152344
42,0.042042043060064316,40.469215393066406,-0.0063477084040641785,-0.07866797596216202,52.5849723815918
43,0.043043043464422226,40.50355529785156,-0.006122649181634188,-0.08512113988399506,53.839881896972656
44,0.044044043868780136,40.53792190551758,-0.006006509065628052,-0.08787510544061661,54.48317337036133
45,0.045045044273138046,40.572322845458984,-0.005726396571844816,-0.09898164123296738,56.50827407836914
46,0.046046044677495956,40.606746673583984,-0.005656159017235041,-0.10059279203414917,56.9219970703125
47,0.04704704508185387,40.641197204589844,-0.005662678275257349,-0.09909580647945404,56.76864242553711
48,0.048048049211502075,40.67568588256836,-0.005764358211308718,-0.09344051778316498,55.885223388671875
49,0.049049049615859985,40.71019744873047,-0.005526920780539513,-0.10259123146533966,57.64466094970703
50,0.050050050020217896,40.7447395324707,-0.005467146635055542,-0.10333206504583359,57.95956039428711
51,0.051051050424575806,40.77931213378906,-0.005450825206935406,-0.10075657814741135,57.77293395996094
52,0.052052050828933716,40.81391143798828,-0.0053660571575164795,-0.10132715106010437,58.15565872192383
53,0.053053051233291626,40.84854507446289,-0.005364611744880676,-0.09827099740505219,57.84433364868164
54,0.054054051637649536,40.88320541381836,-0.0052674273028969765,-0.10005034506320953,58.40701675415039
55,0.055055055767297745,40.91789627075195,-0.005164208821952343,-0.10209842771291733,59.01512145996094
56,0.056056056171655655,40.952613830566406,-0.004948040004819632,-0.10997132956981659,60.7631950378418
57,0.057057056576013565,40.987361907958984,-0.004896093159914017,-0.11055746674537659,61.037559509277344
58,0.058058056980371475,41.02214431762695,-0.005111086182296276,-0.0984138771891594,58.72883224487305
59,0.059059057384729385,41.056949615478516,-0.005040096119046211,-0.09992637485265732,59.198081970214844
60,0.060060057789087296,41.0917854309082,-0.004994641058146954,-0.09963784366846085,59.36374282836914
61,0.061061061918735504,41.12665557861328,-0.005009918007999659,-0.09550750255584717,58.817039489746094
62,0.062062062323093414,41.16154479980469,-0.004920119419693947,-0.09769529104232788,59.48027801513672
63,0.06306306272745132,41.19647216796875,-0.004976700991392136,-0.0927056074142456,58.65010452270508
64,0.06406406313180923,41.23143005371094,-0.0049712201580405235,-0.0906614363193512,58.453956604003906
65,0.06506506353616714,41.266414642333984,-0.004906006157398224,-0.09145724028348923,58.852027893066406
66,0.06606606394052505,41.301429748535156,-0.004780896008014679,-0.09623967856168747,60.06467056274414
67,0.06706706434488297,41.33647537231445,-0.0047955699265003204,-0.09250064194202423,59.547080993652344
68,0.06806806474924088,41.37154769897461,-0.004809356294572353,-0.08657523989677429,58.66202926635742
69,0.06906906515359879,41.406654357910156,-0.004732085391879082,-0.08666995912790298,58.9220085144043
70,0.0700700655579567,41.44178771972656,-0.004700753837823868,-0.08288474380970001,58.33671951293945
71,0.0710710734128952,41.476951599121094,-0.004658704623579979,-0.07968201488256454,57.81016159057617
72,0.07207207381725311,41.512142181396484,-0.0046921102330088615,-0.06817150115966797,55.43159866333008
73,0.07307307422161102,41.547367095947266,-0.004655481781810522,-0.06142042949795723,54.03229522705078
74,0.07407407462596893,41.582618713378906,-0.004612588789314032,-0.06265774369239807,54.32344436645508
75,0.07507507503032684,41.61790466308594,-0.00460964348167181,-0.05934150144457817,53.61149215698242
76,0.07607607543468475,41.65321731567383,-0.004595919046550989,-0.06769683957099915,55.42551803588867
77,0.07707707583904266,41.688560485839844,-0.004599359352141619,-0.06967276334762573,55.8978157043457
78,0.07807807624340057,41.72393035888672,-0.004647313617169857,-0.062411509454250336,54.41725158691406
79,0.07907907664775848,41.75933074951172,-0.004625009838491678,-0.060567233711481094,54.17918395996094
80,0.0800800770521164,41.794769287109375,-0.00456713791936636,-0.06281234323978424,54.838993072509766
81,0.0810810774564743,41.830230712890625,-0.0044964756816625595,-0.0646304339170456,55.4367561340332
82,0.08208207786083221,41.865726470947266,-0.004374268464744091,-0.07611370831727982,58.180931091308594
83,0.08308307826519012,41.9012451171875,-0.004334375727921724,-0.0753031000494957,58.116546630859375
84,0.08408408612012863,41.93680191040039,-0.004343115258961916,-0.06919065117835999,56.75534439086914
85,0.08508508652448654,41.97238540649414,-0.004336705431342125,-0.06904448568820953,56.67914581298828
86,0.08608608692884445,42.00799560546875,-0.004358472302556038,-0.0642676055431366,55.50386428833008
87,0.08708708733320236,42.043643951416016,-0.0043531316332519054,-0.05722132325172424,53.850807189941406
88,0.08808808773756027,42.079315185546875,-0.004318758845329285,-0.053698793053627014,53.049903869628906
89,0.08908908814191818,42.115020751953125,-0.004236308857798576,-0.049444716423749924,52.17572021484375
90,0.09009008854627609,42.1507568359375,-0.004189465194940567,-0.05027368664741516,52.52085876464844
91,0.091091088950634,42.186519622802734,-0.0040839072316884995,-0.04457516968250275,51.30208969116211
92,0.09209208935499191,42.22231674194336,-0.0040463595651090145,-0.04578135907649994,51.80390930175781
93,0.09309308975934982,42.258140563964844,-0.0040363711304962635,-0.04941082373261452,52.93125534057617
94,0.09409409016370773,42.29399490356445,-0.003968542441725731,-0.047625165432691574,52.72624969482422
95,0.09509509056806564,42.32988739013672,-0.0038578344974666834,-0.04219158738851547,51.53866195678711
96,0.09609609842300415,42.36580276489258,-0.003707867581397295,-0.03537498041987419,49.867645263671875
97,0.09709709882736206,42.40175247192383,-0.0036923710722476244,-0.035703349858522415,50.02297592163086
98,0.09809809923171997,42.4377326965332,-0.003712615231052041,-0.03819473460316658,50.71168518066406
99,0.09909909963607788,42.473731994628906,-0.003460241947323084,-0.028205741196870804,47.93653869628906
100,0.10010010004043579,42.5097770690918,-0.0033834613859653473,-0.026789912953972816,47.494449615478516
101,0.1011011004447937,42.545841217041016,-0.003335587214678526,-0.025982605293393135,47.20843505859375
102,0.10210210084915161,42.58195114135742,-0.0034053497947752476,-0.02981462888419628,48.302791595458984
103,0.10310310125350952,42.618080139160156,-0.003552406094968319,-0.03787415847182274,50.583900451660156
104,0.10410410165786743,42.65423583984375,-0.0036001664120703936,-0.041702937334775925,51.641029357910156
105,0.10510510206222534,42.6904296875,-0.003540217876434326,-0.03795010596513748,50.52973175048828
106,0.10610610246658325,42.726654052734375,-0.0036112437956035137,-0.04345929995179176,52.03461837768555
107,0.10710710287094116,42.762908935546875,-0.003644530428573489,-0.04969463869929314,53.75568389892578
108,0.10810810327529907,42.799190521240234,-0.003592623397707939,-0.047617506235837936,53.233360290527344
109,0.10910911113023758,42.83551025390625,-0.0035303374752402306,-0.044003963470458984,52.281898498535156
110,0.11011011153459549,42.871856689453125,-0.003417740575969219,-0.03773663192987442,50.56924819946289
111,0.1111111119389534,42.90822982788086,-0.0033832434564828873,-0.036933060735464096,50.45222854614258
112,0.11211211234331131,42.94463348388672,-0.003471208270639181,-0.045068807899951935,52.979148864746094
113,0.11311311274766922,42.9810791015625,-0.0035139780957251787,-0.0531909205019474,55.513248443603516
114,0.11411411315202713,43.017547607421875,-0.0034562184009701014,-0.05134473741054535,55.21669387817383
115,0.11511511355638504,43.054054260253906,-0.0033228222746402025,-0.04490942135453224,53.56167984008789
116,0.11611611396074295,43.090579986572266,-0.0032475448679178953,-0.042751606553792953,52.99213409423828
117,0.11711711436510086,43.127140045166016,-0.0032884811516851187,-0.04776063933968544,54.55778884887695
118,0.11811811476945877,43.16373825073242,-0.003298793453723192,-0.04981108754873276,55.17498779296875
119,0.11911911517381668,43.20035934448242,-0.003298392752185464,-0.04952051490545273,55.0463981628418
120,0.12012011557817459,43.23701477050781,-0.00326710706576705,-0.045953169465065,53.92060852050781
121,0.1211211159825325,43.27370834350586,-0.0032683582976460457,-0.046495839953422546,54.10110855102539
122,0.12212212383747101,43.3104248046875,-0.0031882058829069138,-0.04167639836668968,52.622589111328125
123,0.12312312424182892,43.34716796875,-0.0030936398543417454,-0.03680875897407532,51.10905456542969
124,0.12412412464618683,43.38395309448242,-0.002985830884426832,-0.032584190368652344,49.80125045776367
125,0.12512512505054474,43.42076110839844,-0.003078111447393894,-0.038727350533008575,51.9420166015625
126,0.12612612545490265,43.45760726928711,-0.0029051159508526325,-0.031852006912231445,49.781951904296875
127,0.12712712585926056,43.494476318359375,-0.0029657352715730667,-0.03584982827305794,51.29277420043945
128,0.12812812626361847,43.5313835144043,-0.0029354721773415804,-0.03526435047388077,51.2325325012207
129,0.12912912666797638,43.56832504272461,-0.0029964190907776356,-0.03906765952706337,52.633785247802734
130,0.1301301270723343,43.605289459228516,-0.0030463526491075754,-0.04216476529836655,53.76814270019531
131,0.1311311274766922,43.64228820800781,-0.0030467647593468428,-0.042442839592695236,53.938392639160156
132,0.1321321278810501,43.679317474365234,-0.002978384029120207,-0.03931955620646477,52.96304702758789
133,0.13313312828540802,43.71638107299805,-0.002977136056870222,-0.04083212465047836,53.49308395385742
134,0.13413412868976593,43.753475189208984,-0.0029951774049550295,-0.0437195748090744,54.45986557006836
135,0.13513512909412384,43.79059600830078,-0.002869229530915618,-0.04087626561522484,53.60170364379883
136,0.13613612949848175,43.827762603759766,-0.0027940773870795965,-0.0406641811132431,53.61588668823242
137,0.13713712990283966,43.86494445800781,-0.002806540811434388,-0.04467448592185974,55.127685546875
138,0.13813813030719757,43.902164459228516,-0.0027984492480754852,-0.04585011675953865,55.597896575927734
139,0.13913913071155548,43.93941879272461,-0.0027751014567911625,-0.04505131021142006,55.376670837402344
140,0.1401401311159134,43.9766960144043,-0.002732668537646532,-0.042311057448387146,54.44094467163086
141,0.1411411464214325,44.014015197753906,-0.0026837815530598164,-0.039207443594932556,53.35478591918945
142,0.1421421468257904,44.051361083984375,-0.002667053369805217,-0.03850644826889038,53.188873291015625
143,0.14314314723014832,44.08873748779297,-0.002548640128225088,-0.03372917324304581,51.521305084228516
144,0.14414414763450623,44.12614822387695,-0.002388659631833434,-0.027297087013721466,49.04137420654297
145,0.14514514803886414,44.1635856628418,-0.0023430604487657547,-0.026164978742599487,48.688140869140625
146,0.14614614844322205,44.20106506347656,-0.002195467473939061,-0.02136855199933052,46.70065689086914
147,0.14714714884757996,44.238563537597656,-0.0020553292706608772,-0.017489630728960037,44.973995208740234
148,0.14814814925193787,44.27610778808594,-0.0021937889978289604,-0.02289695478975773,47.573760986328125
149,0.14914914965629578,44.31366729736328,-0.0021194876171648502,-0.02041695825755596,46.43834686279297
150,0.1501501500606537,44.35126876831055,-0.00204597320407629,-0.018166566267609596,45.29917526245117
151,0.1511511504650116,44.38890075683594,-0.002033491153270006,-0.017990807071328163,45.10057067871094
152,0.1521521508693695,44.426570892333984,-0.00195417576469481,-0.01582971401512623,43.88166427612305
153,0.15315315127372742,44.464263916015625,-0.0019626840949058533,-0.016108259558677673,43.88680648803711
154,0.15415415167808533,44.50199508666992,-0.001930635655298829,-0.01526204776018858,43.3087158203125
155,0.15515515208244324,44.53975296020508,-0.002051091520115733,-0.019442947581410408,45.260189056396484
156,0.15615615248680115,44.57754898071289,-0.002023282926529646,-0.019492685794830322,45.172523498535156
157,0.15715715289115906,44.6153678894043,-0.0019660498946905136,-0.018783237785100937,44.73635482788086
158,0.15815815329551697,44.653228759765625,-0.0019364242907613516,-0.0188357662409544,44.74297332763672
159,0.15915915369987488,44.69111251831055,-0.0019399727461859584,-0.019708730280399323,45.24833679199219
160,0.1601601541042328,44.72903823852539,-0.0019710795022547245,-0.021404583007097244,46.193119049072266
161,0.1611611545085907,44.76698684692383,-0.0017983433790504932,-0.01662604697048664,43.75551223754883
162,0.1621621549129486,44.804969787597656,-0.0017135503003373742,-0.014737637713551521,42.78162384033203
163,0.16316315531730652,44.842987060546875,-0.0016094229649752378,-0.012609608471393585,41.61659622192383
164,0.16416415572166443,44.88103485107422,-0.0016333608655259013,-0.013349049724638462,42.068389892578125
165,0.16516515612602234,44.91912078857422,-0.0015341338003054261,-0.012546917423605919,41.48801803588867
166,0.16616615653038025,44.95723342895508,-0.001491138944402337,-0.012769545428454876,41.51469421386719
167,0.16716717183589935,44.99538040161133,-0.0012891071382910013,-0.010902917012572289,40.01788330078125
168,0.16816817224025726,45.03356170654297,-0.0011928444728255272,-0.01042003370821476,39.42213439941406
169,0.16916917264461517,45.071773529052734,-0.000931411050260067,-0.008509750477969646,37.43418884277344
170,0.17017017304897308,45.110015869140625,-0.0008262847550213337,-0.007878764532506466,36.56627655029297
171,0.171171173453331,45.14828872680664,-0.0011782204965129495,-0.01054149679839611,39.07871627807617
172,0.1721721738576889,45.18659973144531,-0.0012823848519474268,-0.011550736613571644,39.83844757080078
173,0.17317317426204681,45.22494125366211,-0.001260590273886919,-0.011312422342598438,39.54529571533203
174,0.17417417466640472,45.2633171081543,-0.0012024660827592015,-0.010868385434150696,39.02875900268555
175,0.17517517507076263,45.30172348022461,-0.0013079200871288776,-0.01273589301854372,40.25493240356445
176,0.17617617547512054,45.34016036987305,-0.001379246124997735,-0.014638420194387436,41.45112991333008
177,0.17717717587947845,45.37863540649414,-0.0013952620793133974,-0.015642201527953148,42.066741943359375
178,0.17817817628383636,45.41713333129883,-0.0013526043621823192,-0.015298739075660706,41.87141036987305
179,0.17917917668819427,45.45567321777344,-0.0009524104534648359,-0.010830805636942387,38.213340759277344
180,0.18018017709255219,45.49424362182617,-0.0007286737090907991,-0.009083195589482784,36.533878326416016
181,0.1811811774969101,45.53284454345703,-0.0007194119971245527,-0.008708808571100235,36.52120590209961
182,0.182182177901268,45.571475982666016,-0.0006460258737206459,-0.00801023282110691,35.99846267700195
183,0.18318317830562592,45.610145568847656,-0.0009048329084180295,-0.00945865735411644,37.92790222167969
184,0.18418417870998383,45.64884567260742,-0.0009357781382277608,-0.009938347153365612,38.2510871887207
185,0.18518517911434174,45.68758010864258,-0.0009937734575942159,-0.010777713730931282,38.80515670776367
186,0.18618617951869965,45.726348876953125,-0.0006170559790916741,-0.00869913399219513,35.76053237915039
187,0.18718717992305756,45.76514434814453,-0.000533150159753859,-0.00871278066188097,35.02011489868164
188,0.18818818032741547,45.803977966308594,-0.0006049768417142332,-0.009430285543203354,35.59780502319336
189,0.18918918073177338,45.84284210205078,-0.0004542436799965799,-0.00897087249904871,34.16596984863281
190,0.1901901811361313,45.881744384765625,-0.00017091156041715294,-0.008318699896335602,31.19037628173828
191,0.1911911815404892,45.92066955566406,-0.00018361226830165833,-0.008462533354759216,31.38814926147461
192,0.1921921968460083,45.95963668823242,-0.0002577188133727759,-0.008635452017188072,32.308128356933594
193,0.1931931972503662,45.99863052368164,-0.0004927008412778378,-0.00933476909995079,34.73588943481445
194,0.19419419765472412,46.037662506103516,-0.00046769072650931776,-0.009021413512527943,34.54771423339844
195,0.19519519805908203,46.07672882080078,-0.000444742850959301,-0.008772013708949089,34.3681755065918
196,0.19619619846343994,46.115821838378906,-0.0006932587129995227,-0.009988877922296524,36.65115737915039
197,0.19719719886779785,46.15495300292969,-0.0006370130577124655,-0.009651415050029755,36.17445755004883
198,0.19819819927215576,46.194114685058594,-0.0008263097843155265,-0.011077817529439926,38.066429138183594
199,0.19919919967651367,46.23331069946289,-0.0006565415533259511,-0.01010702084749937,36.55740737915039
200,0.20020020008087158,46.27254104614258,-0.0005794414901174605,-0.009849311783909798,35.87690734863281
201,0.2012012004852295,46.31180191040039,-0.00045728328404948115,-0.009426089935004711,34.68361282348633
202,0.2022022008895874,46.35110092163086,-0.0004578402149491012,-0.009697265923023224,34.73539352416992
203,0.2032032012939453,46.39043045043945,-0.00047567678848281503,-0.010054481215775013,35.0140380859375
204,0.20420420169830322,46.42979049682617,-0.00040457083377987146,-0.009865050204098225,34.26292037963867
205,0.20520520210266113,46.46918487548828,-0.0005863780388608575,-0.010836736299097538,36.355838775634766
206,0.20620620250701904,46.50861740112305,-0.00062420783797279,-0.010875883512198925,36.704490661621094
207,0.20720720291137695,46.54807662963867,-0.0009767513256520033,-0.013644321821630001,40.40180587768555
208,0.20820820331573486,46.58757400512695,-0.0010311135556548834,-0.014079425483942032,40.9835090637207
209,0.20920920372009277,46.62710189819336,-0.0009215966565534472,-0.012988748960196972,39.89260482788086
210,0.21021020412445068,46.666664123535156,-0.0011138634290546179,-0.015648160129785538,42.46684265136719
211,0.2112112045288086,46.706260681152344,-0.0009549926035106182,-0.014005127362906933,40.804832458496094
212,0.2122122049331665,46.74589157104492,-0.0009156714659184217,-0.01400669477880001,40.654354095458984
213,0.21321320533752441,46.78555679321289,-0.0006254148902371526,-0.011738409288227558,37.474788665771484
214,0.21421420574188232,46.825252532958984,-0.0006373851792886853,-0.012027879245579243,37.6932373046875
215,0.21521520614624023,46.864990234375,-0.0005828188732266426,-0.011808691546320915,37.07461166381836
216,0.21621620655059814,46.90475082397461,-0.0005168405477888882,-0.011394915170967579,36.20900344848633
217,0.21721720695495605,46.94455337524414,-0.0004978809738531709,-0.011174587532877922,35.96133041381836
218,0.21821822226047516,46.98438262939453,-0.0003783141728490591,-0.010325598530471325,34.273983001708984
219,0.21921922266483307,47.024253845214844,-0.0004633063217625022,-0.010693617165088654,35.444400787353516
220,0.22022022306919098,47.064151763916016,-0.0003791988710872829,-0.010294776409864426,34.33389663696289
221,0.2212212234735489,47.104087829589844,-0.0004003482754342258,-0.010576747357845306,34.60115432739258
222,0.2222222238779068,47.14405059814453,-0.00048748456174507737,-0.01127192284911871,35.75457000732422
223,0.2232232242822647,47.18405532836914,-0.0005423158872872591,-0.011828640475869179,36.53191375732422
224,0.22422422468662262,47.22409439086914,-0.0005601163720712066,-0.012110224924981594,36.86160659790039
225,0.22522522509098053,47.264163970947266,-0.0005982180591672659,-0.012555393390357494,37.46609115600586
226,0.22622622549533844,47.304264068603516,-0.0007302593439817429,-0.013866911642253399,39.37364196777344
227,0.22722722589969635,47.34440231323242,-0.0007039373740553856,-0.013704451732337475,39.148963928222656
228,0.22822822630405426,47.384578704833984,-0.00063345767557621,-0.013069539330899715,38.26520919799805
229,0.22922922670841217,47.424781799316406,-0.000448278384283185,-0.011576914228498936,35.66930389404297
230,0.23023022711277008,47.465023040771484,-0.0003355330554768443,-0.01086479052901268,33.92082595825195
231,0.231231227517128,47.50529479980469,-0.0002670885587576777,-0.010544667020440102,32.63993835449219
232,0.2322322279214859,47.54560470581055,-0.0002459598472341895,-0.010520554147660732,32.099586486816406
233,0.2332332283258438,47.58594512939453,-0.00025599630316719413,-0.010655153542757034,32.15989685058594
234,0.23423422873020172,47.62632369995117,-0.00011949455802096054,-0.01024416834115982,29.144062042236328
235,0.23523522913455963,47.6667366027832,-0.00022910133702680469,-0.010816088877618313,31.55877685546875
236,0.23623622953891754,47.707176208496094,-0.000260952248936519,-0.0110964709892869,32.303531646728516
237,0.23723722994327545,47.74766540527344,-0.0002735040907282382,-0.011200387962162495,32.69832229614258
238,0.23823823034763336,47.788177490234375,-0.0002820123918354511,-0.01125321350991726,32.97764587402344
239,0.23923923075199127,47.8287239074707,-0.00029289082158356905,-0.011355043388903141,33.182106018066406
240,0.24024023115634918,47.86930847167969,-0.0003323119890410453,-0.011696865782141685,33.89625549316406
241,0.2412412315607071,47.9099235534668,-0.0002322161744814366,-0.011210229247808456,31.59477424621582
242,0.242242231965065,47.95058059692383,-0.0002519114059396088,-0.011416769586503506,31.86496353149414
243,0.2432432323694229,47.99126052856445,-0.00029499648371711373,-0.011736009269952774,32.62021255493164
244,0.24424424767494202,48.031982421875,-0.00039553415263071656,-0.012498537078499794,34.56960678100586
245,0.24524524807929993,48.07273864746094,-0.000349945854395628,-0.012150220572948456,33.47942352294922
246,0.24624624848365784,48.113529205322266,-0.0004661826533265412,-0.013264663517475128,36.005615234375
247,0.24724724888801575,48.154354095458984,-0.0003377521352376789,-0.01206993032246828,32.856849670410156
248,0.24824824929237366,48.19520950317383,-0.0003431576187722385,-0.012065466493368149,32.86015701293945
249,0.24924924969673157,48.236106872558594,-0.00033510950743220747,-0.011907428503036499,32.60658264160156
250,0.2502502501010895,48.277034759521484,-0.00030079061980359256,-0.011512165889143944,31.879981994628906
251,0.2512512505054474,48.317996978759766,-0.00025358874700032175,-0.01111032534390688,30.93134307861328
252,0.2522522509098053,48.35899353027344,-0.0003033215180039406,-0.011463621631264687,32.16378402709961
253,0.2532532513141632,48.40003204345703,-0.00036462428397499025,-0.012117436155676842,33.57179260253906
254,0.2542542517185211,48.44109344482422,-0.0002835550403688103,-0.011702021583914757,31.664766311645508
255,0.25525525212287903,48.48219680786133,-0.00028505525551736355,-0.011910809203982353,31.71733856201172
256,0.25625625252723694,48.52333450317383,-0.00031475082505494356,-0.012325039133429527,32.509254455566406
257,0.25725725293159485,48.564510345458984,-0.0003121697809547186,-0.012462601065635681,32.45963668823242
258,0.25825825333595276,48.605712890625,-0.00033597074798308313,-0.012847714126110077,33.0555419921875
259,0.25925925374031067,48.64695739746094,-0.00035102403489872813,-0.013142546638846397,33.40262985229492
260,0.2602602541446686,48.688236236572266,-0.00037615516339428723,-0.013497712090611458,34.13945388793945
261,0.2612612545490265,48.729549407958984,-0.0003461219312157482,-0.013098339550197124,33.05482482910156
262,0.2622622549533844,48.770896911621094,-0.00032736631692387164,-0.01280239224433899,32.361732482910156
263,0.2632632553577423,48.812278747558594,-0.0003192877920810133,-0.012682026252150536,32.13467025756836
264,0.2642642557621002,48.85369110107422,-0.00034744921140372753,-0.012969180010259151,33.281856536865234
265,0.26526525616645813,48.895145416259766,-0.00042207384831272066,-0.01385889295488596,35.82740783691406
266,0.26626625657081604,48.93663787841797,-0.00038911629235371947,-0.013363156467676163,34.84454345703125
267,0.26726725697517395,48.97815704345703,-0.0003707423456944525,-0.013154465705156326,34.32379150390625
268,0.26826825737953186,49.01971435546875,-0.00039816531352698803,-0.013510242104530334,35.22426223754883
269,0.26926925778388977,49.061309814453125,-0.0004811353865079582,-0.01462917122989893,37.611454010009766
270,0.2702702581882477,49.10293960571289,-0.000452674925327301,-0.014459379948675632,36.880393981933594
271,0.2712712585926056,49.14460754394531,-0.00046362358261831105,-0.014849698171019554,37.20757293701172
272,0.2722722589969635,49.18630599975586,-0.00042708200635388494,-0.014654620550572872,36.077796936035156
273,0.2732732594013214,49.2280387878418,-0.0003941753529943526,-0.014451396651566029,34.850120544433594
274,0.2742742598056793,49.26980972290039,-0.0004547592834569514,-0.015623239800333977,36.98671340942383
275,0.27527526021003723,49.31161880493164,-0.0003998430329374969,-0.015007230453193188,35.00564193725586
276,0.27627626061439514,49.35345458984375,-0.0004392726405058056,-0.015922700986266136,36.784950256347656
277,0.27727726101875305,49.39533233642578,-0.00041091901948675513,-0.01557268388569355,35.79005432128906
278,0.27827826142311096,49.4372444152832,-0.00045822077663615346,-0.016539165750145912,37.995811462402344
279,0.27927926182746887,49.479190826416016,-0.0005275366711430252,-0.017715036869049072,40.42516326904297
280,0.2802802622318268,49.52117156982422,-0.0004763634060509503,-0.016847053542733192,38.83639144897461
281,0.2812812626361847,49.56319046020508,-0.0004898507613688707,-0.017019173130393028,39.27120590209961
282,0.282282292842865,49.60525131225586,-0.0004829154349863529,-0.01696191541850567,39.04560089111328
283,0.2832832932472229,49.6473388671875,-0.00045273243449628353,-0.01657087542116642,38.0118408203125
284,0.2842842936515808,49.6894645690918,-0.0004076333425473422,-0.015871843323111534,36.16242980957031
285,0.2852852940559387,49.73162841796875,-0.00044131072354502976,-0.01651426963508129,37.49894332885742
286,0.28628629446029663,49.77382278442383,-0.00048377434723079205,-0.01726231351494789,39.0513916015625
287,0.28728729486465454,49.81605911254883,-0.000477043999126181,-0.01705721765756607,38.75732421875
288,0.28828829526901245,49.85832595825195,-0.0005074706859886646,-0.017444990575313568,39.76596450805664
289,0.28928929567337036,49.900630950927734,-0.0005252742557786405,-0.017679985612630844,40.40834045410156
290,0.29029029607772827,49.94297409057617,-0.0004639377002604306,-0.01663653738796711,38.423362731933594
291,0.2912912964820862,49.985355377197266,-0.0003999292675871402,-0.015536729246377945,35.84442901611328
292,0.2922922968864441,50.02776336669922,-0.00039804846164770424,-0.015629185363650322,35.91567611694336
293,0.293293297290802,50.07020950317383,-0.0004212906351312995,-0.016230124980211258,37.22587203979492
294,0.2942942976951599,50.11269760131836,-0.0004217767855152488,-0.016363611444830894,37.42924880981445
295,0.2952952980995178,50.155216217041016,-0.0004161562246736139,-0.01637842506170273,37.37653350830078
296,0.29629629850387573,50.197776794433594,-0.00037407755735330284,-0.015580205246806145,35.282432556152344
297,0.29729729890823364,50.2403678894043,-0.0003915225388482213,-0.016037367284297943,36.47351837158203
298,0.29829829931259155,50.282997131347656,-0.00031637505162507296,-0.013579189777374268,29.390329360961914
299,0.29929929971694946,50.32566452026367,-0.00031105635571293533,-0.013343719765543938,28.783403396606445
300,0.3003003001213074,50.36836242675781,-0.00029787863604724407,-0.013015985488891602,27.868366241455078
301,0.3013013005256653,50.41109848022461,-0.00028106931131333113,-0.012764583341777325,27.16523551940918
302,0.3023023009300232,50.45387649536133,-0.0002625485649332404,-0.012586881406605244,26.665782928466797
303,0.3033033013343811,50.49668502807617,-0.00027255649911239743,-0.013025302439928055,28.645376205444336
304,0.304304301738739,50.53953552246094,-0.00034500076435506344,-0.014306159690022469,33.191139221191406
305,0.3053053021430969,50.58241653442383,-0.0003495418932288885,-0.014272172935307026,33.40815734863281
306,0.30630630254745483,50.625335693359375,-0.0002908481692429632,-0.013376428745687008,30.91694450378418
307,0.30730730295181274,50.66829299926758,-0.0002896045334637165,-0.013299585320055485,30.96098518371582
308,0.30830830335617065,50.71128463745117,-0.00023065423010848463,-0.012437429279088974,27.79828643798828
309,0.30930930376052856,50.754310607910156,-0.00023152123321779072,-0.01234061736613512,27.436017990112305
310,0.3103103041648865,50.79737854003906,-0.00023522585979662836,-0.012264309450984001,27.064697265625
311,0.3113113045692444,50.840476989746094,-0.000251674820901826,-0.012392885982990265,27.501117706298828
312,0.3123123049736023,50.88361358642578,-0.00026520038954913616,-0.012498915195465088,27.726221084594727
313,0.3133133053779602,50.92679214477539,-0.0002784756652545184,-0.012630731798708439,28.165708541870117
314,0.3143143057823181,50.97000503540039,-0.0003001885488629341,-0.012981662526726723,29.395729064941406
315,0.315315306186676,51.01325225830078,-0.00028582452796399593,-0.012594202533364296,28.032772064208984
316,0.31631630659103394,51.056541442871094,-0.000257174571743235,-0.012002209201455116,25.921255111694336
317,0.31731730699539185,51.099857330322266,-0.00023890999727882445,-0.011727568693459034,24.861148834228516
318,0.31831830739974976,51.14321517944336,-0.00023614027304574847,-0.01175883412361145,24.964736938476562
319,0.31931930780410767,51.186614990234375,-0.0001873052096925676,-0.010983766056597233,21.196407318115234
320,0.3203203082084656,51.23004913330078,-0.00020710896933451295,-0.011396091431379318,23.178939819335938
321,0.3213213086128235,51.27351379394531,-0.00019363319734111428,-0.011191506870090961,22.01556968688965
322,0.3223223090171814,51.317020416259766,-0.00018987146904692054,-0.011108736507594585,21.410778045654297
323,0.3233233094215393,51.36056137084961,-0.00020250726083759218,-0.011269589886069298,21.867338180541992
324,0.3243243098258972,51.40414047241211,-0.0002088885521516204,-0.011277028359472752,21.42828369140625
325,0.3253253102302551,51.44776153564453,-0.0002567655174061656,-0.012236430309712887,25.10504913330078
326,0.32632631063461304,51.49141311645508,-0.00026549948961474,-0.012349018827080727,25.227540969848633
327,0.32732731103897095,51.53510284423828,-0.0002544868038967252,-0.011877222917973995,23.223291397094727
328,0.32832831144332886,51.578834533691406,-0.00025955276214517653,-0.011827295646071434,23.028564453125
329,0.32932931184768677,51.622596740722656,-0.000283717701677233,-0.012419912964105606,25.279401779174805
330,0.3303303122520447,51.66639709472656,-0.00028378417482599616,-0.012219959869980812,24.73160171508789
331,0.3313313126564026,51.71023941040039,-0.0002876034996006638,-0.01211552508175373,24.61406135559082
332,0.3323323130607605,51.754112243652344,-0.00030545209301635623,-0.01253970991820097,26.250391006469727
333,0.3333333432674408,51.79802703857422,-0.0003329292521812022,-0.013522225432097912,29.55733299255371
334,0.3343343436717987,51.84197998046875,-0.00034755206434056163,-0.01414245180785656,31.515438079833984
335,0.3353353440761566,51.88597106933594,-0.0003318662056699395,-0.013451807200908661,29.434982299804688
336,0.3363363444805145,51.92999267578125,-0.0003155236190650612,-0.01279718428850174,27.39499282836914
337,0.33733734488487244,51.974056243896484,-0.00033134082332253456,-0.013602258637547493,29.85993194580078
338,0.33833834528923035,52.018157958984375,-0.0003322634438518435,-0.013724986463785172,30.245349884033203
339,0.33933934569358826,52.06229782104492,-0.0003302503901068121,-0.013730797916650772,30.253427505493164
340,0.34034034609794617,52.106468200683594,-0.000363349070539698,-0.015019678510725498,34.052955627441406
341,0.3413413465023041,52.15068054199219,-0.0003843102022074163,-0.01563793234527111,35.775177001953125
342,0.342342346906662,52.19493103027344,-0.0003608157276175916,-0.014980870299041271,34.01070022583008
343,0.3433433473110199,52.23921585083008,-0.0003991088888142258,-0.01611853577196598,36.9744873046875
344,0.3443443477153778,52.283546447753906,-0.00037952279672026634,-0.01566188596189022,35.671607971191406
345,0.3453453481197357,52.327911376953125,-0.0004318206338211894,-0.017139939591288567,39.22111892700195
346,0.34634634852409363,52.372310638427734,-0.00041669889469631016,-0.016823165118694305,38.428245544433594
347,0.34734734892845154,52.416744232177734,-0.0004049417329952121,-0.01655159331858158,37.690582275390625
348,0.34834834933280945,52.46122360229492,-0.00042308380943723023,-0.01717999204993248,39.07440185546875
349,0.34934934973716736,52.505733489990234,-0.0003978669992648065,-0.016491590067744255,37.2369270324707
350,0.35035035014152527,52.55028533935547,-0.0004479335620999336,-0.017992371693253517,40.73331832885742
351,0.3513513505458832,52.594879150390625,-0.0004572600300889462,-0.018243620172142982,41.25600814819336
352,0.3523523509502411,52.639503479003906,-0.00042361131636425853,-0.017255190759897232,39.048851013183594
353,0.353353351354599,52.68416976928711,-0.000488294055685401,-0.018824808299541473,42.66958999633789
354,0.3543543517589569,52.72887420654297,-0.00046587572433054447,-0.018055658787488937,41.27099609375
355,0.3553553521633148,52.77360916137695,-0.0004884612862952054,-0.018400482833385468,42.180458068847656
356,0.35635635256767273,52.81839370727539,-0.0004961040103808045,-0.018470192328095436,42.405338287353516
357,0.35735735297203064,52.86320495605469,-0.000494275358505547,-0.018409350886940956,42.28372573852539
358,0.35835835337638855,52.90806198120117,-0.0005268864333629608,-0.019290432333946228,43.89147186279297
359,0.35935935378074646,52.95295333862305,-0.000502891605719924,-0.018971240147948265,43.018314361572266
360,0.36036035418510437,52.99788284301758,-0.0005466981092467904,-0.020485229790210724,45.61899185180664
361,0.3613613545894623,53.0428581237793,-0.0005384448450058699,-0.020476117730140686,45.47447204589844
362,0.3623623549938202,53.087860107421875,-0.0005281928461045027,-0.020270057022571564,45.095638275146484
363,0.3633633553981781,53.13290786743164,-0.0005270996480248868,-0.020273396745324135,45.16571807861328
364,0.364364355802536,53.1779899597168,-0.0005023510893806815,-0.01960376650094986,43.933982849121094
365,0.3653653562068939,53.223114013671875,-0.0005406501004472375,-0.020897576585412025,46.43375778198242
366,0.36636635661125183,53.268272399902344,-0.0005167071940377355,-0.020373918116092682,45.446685791015625
367,0.36736735701560974,53.31346893310547,-0.0005378214991651475,-0.02120206505060196,47.07976150512695
368,0.36836835741996765,53.358707427978516,-0.0005656441207975149,-0.022210069000720978,49.02815246582031
369,0.36936935782432556,53.40398025512695,-0.0005563739105127752,-0.02198776975274086,48.713706970214844
370,0.37037035822868347,53.44929885864258,-0.0005251161637715995,-0.021045798435807228,47.04097366333008
371,0.3713713586330414,53.49464797973633,-0.0005410187877714634,-0.021579492837190628,48.140071868896484
372,0.3723723590373993,53.5400390625,-0.0005709073739126325,-0.022578848525881767,50.031314849853516
373,0.3733733594417572,53.58546829223633,-0.0005768053233623505,-0.02280832640826702,50.47386169433594
374,0.3743743598461151,53.63093566894531,-0.0005227164947427809,-0.02119188755750656,47.491275787353516
375,0.375375360250473,53.67644500732422,-0.0005380890215747058,-0.021760886535048485,48.44591522216797
376,0.37637636065483093,53.721988677978516,-0.0004943636013194919,-0.020556112751364708,46.01802062988281
377,0.37737736105918884,53.76757049560547,-0.0005144788301549852,-0.0212286077439785,47.34136199951172
378,0.37837836146354675,53.813194274902344,-0.00044992659240961075,-0.01914725825190544,43.049659729003906
379,0.37937936186790466,53.858856201171875,-0.00046986291999928653,-0.019791878759860992,44.56632614135742
380,0.3803803622722626,53.9045524597168,-0.0004428749089129269,-0.018861569464206696,42.68593215942383
381,0.3813813626766205,53.950294494628906,-0.0004477151087485254,-0.018997490406036377,43.18269348144531
382,0.3823823630809784,53.996070861816406,-0.0004519950016401708,-0.019067415967583656,43.58909606933594
383,0.3833833634853363,54.04188919067383,-0.00044696443364955485,-0.018828973174095154,43.344444274902344
384,0.3843843936920166,54.08774185180664,-0.0004697419935837388,-0.019486740231513977,45.05466079711914
385,0.3853853940963745,54.133636474609375,-0.00047724044998176396,-0.019636696204543114,45.6563835144043
386,0.3863863945007324,54.1795654296875,-0.0004908469272777438,-0.019912445917725563,46.55648422241211
387,0.38738739490509033,54.22554016113281,-0.00046913139522075653,-0.019201787188649178,45.3966178894043
388,0.38838839530944824,54.271549224853516,-0.00047610144247300923,-0.019361240789294243,45.919769287109375
389,0.38938939571380615,54.317596435546875,-0.00044331784010864794,-0.018359700217843056,43.779563903808594
390,0.39039039611816406,54.363685607910156,-0.00040351442294195294,-0.017043031752109528,40.65046691894531
391,0.391391396522522,54.40981674194336,-0.0003875934053212404,-0.016477549448609352,39.0962028503418
392,0.3923923969268799,54.45597839355469,-0.0004170225001871586,-0.01748230680823326,41.297462463378906
393,0.3933933973312378,54.502193450927734,-0.0004261676222085953,-0.017894282937049866,41.8160285949707
394,0.3943943977355957,54.54843521118164,-0.00041718658758327365,-0.017689835280179977,40.88932418823242
395,0.3953953981399536,54.59471893310547,-0.00041046240949071944,-0.017538532614707947,40.089717864990234
396,0.3963963985443115,54.64104080200195,-0.0004141311801504344,-0.01774417795240879,40.24155044555664
397,0.39739739894866943,54.68740463256836,-0.00039723439840599895,-0.01693856716156006,38.03649139404297
398,0.39839839935302734,54.73381042480469,-0.00038447469705715775,-0.01614394225180149,35.944705963134766
399,0.39939939975738525,54.780250549316406,-0.0003879106661770493,-0.016237791627645493,36.20528030395508
400,0.40040040016174316,54.82673263549805,-0.0003826640313491225,-0.01580916903913021,35.22024917602539
401,0.4014014005661011,54.87324905395508,-0.00037658101064153016,-0.015269102528691292,33.91347885131836
402,0.402402400970459,54.91980743408203,-0.00036158744478598237,-0.013959708623588085,30.494033813476562
403,0.4034034013748169,54.96641540527344,-0.00038030376890674233,-0.015430842526257038,34.572364807128906
404,0.4044044017791748,55.01305389404297,-0.00040099682519212365,-0.01690094918012619,38.48876953125
405,0.4054054021835327,55.059730529785156,-0.0003900379524566233,-0.01623864285647869,37.02658462524414
406,0.4064064025878906,55.106449127197266,-0.0003934291307814419,-0.016524890437722206,37.95073699951172
407,0.40740740299224854,55.1532096862793,-0.0003870866494253278,-0.016225246712565422,37.33319854736328
408,0.40840840339660645,55.200008392333984,-0.00038208888145163655,-0.01601138897240162,36.884056091308594
409,0.40940940380096436,55.24684524536133,-0.0003758275997824967,-0.015719028189778328,36.15890121459961
410,0.41041040420532227,55.293724060058594,-0.0003850337234325707,-0.016282450407743454,37.68965530395508
411,0.4114114046096802,55.340641021728516,-0.0004030223353765905,-0.017210274934768677,40.06254577636719
412,0.4124124050140381,55.38759231567383,-0.00040900433668866754,-0.017455734312534332,40.718502044677734
413,0.413413405418396,55.43458938598633,-0.0004130342276766896,-0.017612028867006302,41.16331100463867
414,0.4144144058227539,55.481624603271484,-0.00043078517774119973,-0.01843196339905262,43.154911041259766
415,0.4154154062271118,55.52870178222656,-0.00043786800233647227,-0.01869477704167366,43.886962890625
416,0.4164164066314697,55.5758171081543,-0.00048822848475538194,-0.020648382604122162,48.189453125
417,0.41741740703582764,55.62297439575195,-0.00046550697879865766,-0.01990470662713051,46.63576889038086
418,0.41841840744018555,55.67017364501953,-0.00048225896898657084,-0.020748941227793694,48.333404541015625
419,0.41941940784454346,55.71741485595703,-0.00046973180724307895,-0.020438916981220245,47.58113098144531
420,0.42042040824890137,55.764686584472656,-0.000492616614792496,-0.021439652889966965,49.558998107910156
421,0.4214214086532593,55.81200408935547,-0.0004973751492798328,-0.021601637825369835,49.80792999267578
422,0.4224224090576172,55.85935592651367,-0.000554898229893297,-0.023691536858677864,53.678226470947266
423,0.4234234094619751,55.90675735473633,-0.0005758545594289899,-0.024279557168483734,54.603878021240234
424,0.424424409866333,55.954193115234375,-0.0005775701138190925,-0.024245712906122208,54.48015213012695
425,0.4254254102706909,56.00166702270508,-0.0005698958411812782,-0.024220073595643044,54.3987922668457
426,0.42642641067504883,56.04918670654297,-0.0005959884729236364,-0.02580585703253746,57.11809539794922
427,0.42742741107940674,56.096744537353516,-0.000580574618652463,-0.025539662688970566,56.74098205566406
428,0.42842841148376465,56.14434814453125,-0.0005739361513406038,-0.02543005719780922,56.60280990600586
429,0.42942941188812256,56.191978454589844,-0.0005699929315596819,-0.025242025032639503,56.3122444152832
430,0.43043041229248047,56.239662170410156,-0.0005835967021994293,-0.025760266929864883,57.255313873291016
431,0.4314314126968384,56.287384033203125,-0.0005678501911461353,-0.02481953427195549,55.71319580078125
432,0.4324324131011963,56.335140228271484,-0.0005676565342582762,-0.024961717426776886,56.13779830932617
433,0.4334334135055542,56.3829460144043,-0.0005474776844494045,-0.02424454502761364,55.04051208496094
434,0.4344344139099121,56.430782318115234,-0.0005630571395158768,-0.02508685179054737,56.72316360473633
435,0.43543541431427,56.478668212890625,-0.000563343521207571,-0.025127749890089035,56.930259704589844
436,0.4364364445209503,56.526588439941406,-0.0006012708763591945,-0.02708996832370758,60.398590087890625
437,0.4374374449253082,56.574554443359375,-0.0006141809280961752,-0.02782115340232849,61.67901611328125
438,0.43843844532966614,56.62255859375,-0.000626767985522747,-0.0285491943359375,62.91669845581055
439,0.43943944573402405,56.67060089111328,-0.0006001098081469536,-0.02681504562497139,60.1522216796875
440,0.44044044613838196,56.718685150146484,-0.0005932661006227136,-0.02640419267117977,59.53965377807617
441,0.44144144654273987,56.76681137084961,-0.0005783798987977207,-0.025657683610916138,58.29240036010742
442,0.4424424469470978,56.814979553222656,-0.0005212512332946062,-0.023131640627980232,53.66940689086914
443,0.4434434473514557,56.86318588256836,-0.0005411994643509388,-0.024179520085453987,55.548973083496094
444,0.4444444477558136,56.911434173583984,-0.0005506185116246343,-0.024680735543370247,56.40006637573242
445,0.4454454481601715,56.95972442626953,-0.0005482054548338056,-0.024638328701257706,56.33407974243164
446,0.4464464485645294,57.008056640625,-0.0005730998236685991,-0.025957250967621803,58.75750732421875
447,0.44744744896888733,57.056427001953125,-0.0005565440515056252,-0.025148075073957443,57.437339782714844
448,0.44844844937324524,57.10483932495117,-0.000527998257894069,-0.023869281634688377,55.212886810302734
449,0.44944944977760315,57.153297424316406,-0.0005004288395866752,-0.022709647193551064,53.04597091674805
450,0.45045045018196106,57.20178985595703,-0.00047575822100043297,-0.02168828248977661,51.078189849853516
451,0.45145145058631897,57.25032424926758,-0.0004672575159929693,-0.021323569118976593,50.443904876708984
452,0.4524524509906769,57.29890060424805,-0.0004589505260810256,-0.020964093506336212,49.776588439941406
453,0.4534534513950348,57.3475227355957,-0.0004824018687941134,-0.02199253812432289,52.083621978759766
454,0.4544544517993927,57.396183013916016,-0.0005242552142590284,-0.023746700957417488,55.707115173339844
455,0.4554554522037506,57.444881439208984,-0.000495395390316844,-0.02244768664240837,53.26075744628906
456,0.4564564526081085,57.49362564086914,-0.00046831986401230097,-0.021424027159810066,51.199275970458984
457,0.45745745301246643,57.54240417480469,-0.00045987192424945533,-0.021281683817505836,50.88883972167969
458,0.45845845341682434,57.59122848510742,-0.00044876575702801347,-0.02098771743476391,50.213565826416016
459,0.45945945382118225,57.640098571777344,-0.0004384847707115114,-0.020646508783102036,49.406288146972656
460,0.46046045422554016,57.68900680541992,-0.0004285919130779803,-0.02018553949892521,48.28498458862305
461,0.46146145462989807,57.73795700073242,-0.0004461567441467196,-0.021256158128380775,50.71944808959961
462,0.462462455034256,57.786949157714844,-0.00044549989979714155,-0.02128029428422451,50.772552490234375
463,0.4634634554386139,57.83598327636719,-0.00043244496919214725,-0.02058418095111847,49.19969177246094
464,0.4644644558429718,57.88505554199219,-0.00044072914170101285,-0.02105559967458248,50.30626678466797
465,0.4654654562473297,57.934165954589844,-0.0004515126347541809,-0.021626116707921028,51.63154602050781
466,0.4664664566516876,57.98332977294922,-0.00044012092985212803,-0.021080421283841133,50.46382522583008
467,0.46746745705604553,58.03252410888672,-0.00044600616092793643,-0.021533261984586716,51.562232971191406
468,0.46846845746040344,58.08176803588867,-0.00044591433834284544,-0.021631034091114998,51.859107971191406
469,0.46946945786476135,58.131046295166016,-0.0004392672562971711,-0.02131620980799198,51.21104431152344
470,0.47047045826911926,58.18037414550781,-0.0004767302016261965,-0.02348499186336994,55.981292724609375
471,0.4714714586734772,58.229740142822266,-0.0004637731472030282,-0.022729964926838875,54.35033416748047
472,0.4724724590778351,58.27914810180664,-0.0004266754840500653,-0.020547108724713326,49.39481735229492
473,0.473473459482193,58.32859802246094,-0.0004307948984205723,-0.020733432844281197,49.80141830444336
474,0.4744744598865509,58.37809371948242,-0.000447223661467433,-0.021690642461180687,52.03120040893555
475,0.4754754602909088,58.42762756347656,-0.00044521153904497623,-0.02154478058218956,51.778900146484375
476,0.4764764606952667,58.47719955444336,-0.00045385141856968403,-0.021888824179768562,52.584190368652344
477,0.47747746109962463,58.52682113647461,-0.00045695476001128554,-0.021823206916451454,52.44792175292969
478,0.47847846150398254,58.57647705078125,-0.00043604077654890716,-0.020449897274374962,49.372379302978516
479,0.47947946190834045,58.626182556152344,-0.0004399876343086362,-0.020506413653492928,49.56866455078125
480,0.48048046231269836,58.675926208496094,-0.0004106392152607441,-0.01870441436767578,45.4287223815918
481,0.4814814627170563,58.725711822509766,-0.00040393133531324565,-0.018333394080400467,44.59503173828125
482,0.4824824631214142,58.775543212890625,-0.0003885012702085078,-0.017244476824998856,41.89731979370117
483,0.4834834635257721,58.82541275024414,-0.0003912855754606426,-0.017537912353873253,42.71250534057617
484,0.48448446393013,58.875328063964844,-0.000366577209206298,-0.015258271247148514,36.757652282714844
485,0.4854854643344879,58.92528533935547,-0.0003642797819338739,-0.014946570619940758,35.973880767822266
486,0.4864864647388458,58.97528076171875,-0.0003691500169225037,-0.015422012656927109,37.286312103271484
487,0.4874874949455261,59.025325775146484,-0.0003747668815776706,-0.01601925492286682,38.8682975769043
488,0.48848849534988403,59.07540512084961,-0.00038329733069986105,-0.016797222197055817,40.92567825317383
489,0.48948949575424194,59.12553024291992,-0.00037407485069707036,-0.015845609828829765,38.4405632019043
490,0.49049049615859985,59.17570114135742,-0.00037346140015870333,-0.01574704237282276,38.21360778808594
491,0.49149149656295776,59.22591781616211,-0.00036382576217874885,-0.014845522120594978,35.74690246582031
492,0.4924924969673157,59.27616500854492,-0.0003663803217932582,-0.015076640993356705,36.36178207397461
493,0.4934934973716736,59.32646560668945,-0.00036873138742521405,-0.015320733189582825,37.0194091796875
494,0.4944944977760315,59.376800537109375,-0.0003953198320232332,-0.0178203247487545,43.6009521484375
495,0.4954954981803894,59.427181243896484,-0.0003916904388461262,-0.017489297315478325,42.82929992675781
496,0.4964964985847473,59.47761154174805,-0.00038708921056240797,-0.017133228480815887,41.97110366821289
497,0.4974974989891052,59.528072357177734,-0.00038798374589532614,-0.0173930823802948,42.73069763183594
498,0.49849849939346313,59.57858657836914,-0.00038179554394446313,-0.017062051221728325,41.98756790161133
499,0.49949949979782104,59.62913513183594,-0.0003868139465339482,-0.017650991678237915,43.62026596069336
500,0.500500500202179,59.67972946166992,-0.0003967105585616082,-0.0186114851385355,46.18125915527344
501,0.5015015006065369,59.73036575317383,-0.0004052850999869406,-0.019322777166962624,48.05742645263672
502,0.5025025010108948,59.78105163574219,-0.00039617379661649466,-0.018567543476819992,46.26373291015625
503,0.5035035014152527,59.83177947998047,-0.0003864419413730502,-0.017726508900523186,44.234283447265625
504,0.5045045018196106,59.88254165649414,-0.00037854674155823886,-0.017017198726534843,42.48421096801758
505,0.5055055022239685,59.93335723876953,-0.0003919585724361241,-0.01808851957321167,45.31194305419922
506,0.5065065026283264,59.98421096801758,-0.00038175040390342474,-0.01719045639038086,43.047080993652344
507,0.5075075030326843,60.03510665893555,-0.00037103326758369803,-0.01619151420891285,40.43886947631836
508,0.5085085034370422,60.08604431152344,-0.00036734610330313444,-0.015822188928723335,39.39064025878906
509,0.5095095038414001,60.13703155517578,-0.0003601516073103994,-0.015030073001980782,37.145294189453125
510,0.5105105042457581,60.18806076049805,-0.0003529778041411191,-0.014207009226083755,34.804256439208984
511,0.511511504650116,60.2391242980957,-0.000355828640749678,-0.014418954029679298,35.37541961669922
512,0.5125125050544739,60.29024124145508,-0.000359562982339412,-0.014705655165016651,36.166561126708984
513,0.5135135054588318,60.341392517089844,-0.0003580766497179866,-0.014538871124386787,35.666542053222656
514,0.5145145058631897,60.39259719848633,-0.0003630687133409083,-0.015015846118330956,36.93159866333008
515,0.5155155062675476,60.44384002685547,-0.0003545895160641521,-0.014226025901734829,34.69639587402344
516,0.5165165066719055,60.495121002197266,-0.00034184285323135555,-0.013241462409496307,31.779617309570312
517,0.5175175070762634,60.54645538330078,-0.0003419785061851144,-0.013459201902151108,32.3739013671875
518,0.5185185074806213,60.59783172607422,-0.0003467043279670179,-0.014131901785731316,34.375694274902344
519,0.5195195078849792,60.64924621582031,-0.00035021337680518627,-0.014656639657914639,35.9572639465332
520,0.5205205082893372,60.700706481933594,-0.00034551380667835474,-0.014375092461705208,35.257606506347656
521,0.5215215086936951,60.75221252441406,-0.0003461633459664881,-0.014634509570896626,36.110435485839844
522,0.522522509098053,60.80376434326172,-0.00035570893669500947,-0.015707535669207573,39.2418327331543
523,0.5235235095024109,60.85535430908203,-0.00034797826083377004,-0.015043992549180984,37.46303176879883
524,0.5245245099067688,60.90699005126953,-0.00034455073182471097,-0.014822307974100113,36.8890266418457
525,0.5255255103111267,60.95866775512695,-0.00034311471972614527,-0.014790436252951622,36.75606918334961
526,0.5265265107154846,61.01039123535156,-0.0003319719107821584,-0.013605101965367794,33.171173095703125
527,0.5275275111198425,61.06216049194336,-0.0003296789654996246,-0.01332841720432043,32.262550354003906
528,0.5285285115242004,61.11397171020508,-0.00033076293766498566,-0.013464793562889099,32.617835998535156
529,0.5295295119285583,61.165828704833984,-0.000338104204274714,-0.014324340038001537,35.20512008666992
530,0.5305305123329163,61.21773147583008,-0.0003239210054744035,-0.012400093488395214,29.46388053894043
531,0.5315315127372742,61.26966857910156,-0.0003224131651222706,-0.011243831366300583,26.002826690673828
532,0.5325325131416321,61.3216552734375,-0.0003225367981940508,-0.011105942539870739,25.74172592163086
533,0.53353351354599,61.373695373535156,-0.000322703825077042,-0.010935486294329166,25.38496971130371
534,0.5345345139503479,61.4257698059082,-0.0003221434890292585,-0.011806264519691467,28.219600677490234
535,0.5355355143547058,61.47788619995117,-0.00032838620245456696,-0.012665214948356152,30.898279190063477
536,0.5365365147590637,61.530052185058594,-0.00033255558810196817,-0.012947572395205498,31.746986389160156
537,0.5375375151634216,61.5822639465332,-0.0003331269836053252,-0.012499379925429821,30.294715881347656
538,0.5385385155677795,61.63451385498047,-0.00033345315023325384,-0.011829672381281853,28.235401153564453
539,0.5395395755767822,61.68681716918945,-0.00033429532777518034,-0.01196868997067213,28.644378662109375
540,0.5405405759811401,61.73915481567383,-0.00033441593404859304,-0.012470240704715252,30.152374267578125
541,0.541541576385498,61.791542053222656,-0.0003311784821562469,-0.011820584535598755,28.238405227661133
542,0.542542576789856,61.843971252441406,-0.00033029052428901196,-0.01207281369715929,29.025474548339844
543,0.5435435771942139,61.89645004272461,-0.00032972494955174625,-0.01199590414762497,28.805051803588867
544,0.5445445775985718,61.94896697998047,-0.0003312190528959036,-0.011290574446320534,26.654624938964844
545,0.5455455780029297,62.001529693603516,-0.00033187359804287553,-0.011226315051317215,26.462087631225586
546,0.5465465784072876,62.05413818359375,-0.0003342204727232456,-0.01107772160321474,25.98611068725586
547,0.5475475788116455,62.10679244995117,-0.00033148095826618373,-0.012153864838182926,29.184995651245117
548,0.5485485792160034,62.159488677978516,-0.00033251388231292367,-0.012750711292028427,30.923009872436523
549,0.5495495796203613,62.21223068237305,-0.00033357570646330714,-0.013331637717783451,32.597476959228516
550,0.5505505800247192,62.26502227783203,-0.0003356338129378855,-0.013377920724451542,32.6607666015625
551,0.5515515804290771,62.31785202026367,-0.0003421109286136925,-0.01213180273771286,28.923038482666016
552,0.5525525808334351,62.3707275390625,-0.0003496836288832128,-0.01130153052508831,26.536102294921875
553,0.553553581237793,62.42365264892578,-0.00035432958975434303,-0.01090831495821476,25.53768539428711
554,0.5545545816421509,62.476619720458984,-0.00036133010871708393,-0.009939007461071014,22.937828063964844
555,0.5555555820465088,62.52962875366211,-0.0003604567900765687,-0.009802108630537987,22.64369773864746
556,0.5565565824508667,62.58268737792969,-0.0003638985217548907,-0.009062930010259151,20.652170181274414
557,0.5575575828552246,62.63578796386719,-0.0003721489920280874,-0.007623665034770966,16.7315673828125
558,0.5585585832595825,62.688934326171875,-0.0003624451346695423,-0.008340701460838318,18.668981552124023
559,0.5595595836639404,62.74212646484375,-0.00035536917857825756,-0.008466038852930069,19.016429901123047
560,0.5605605840682983,62.79536437988281,-0.0003584916121326387,-0.007609206717461348,16.54313087463379
561,0.5615615844726562,62.8486442565918,-0.00035188536276109517,-0.007829138077795506,17.152341842651367
562,0.5625625848770142,62.901973724365234,-0.00034836112172342837,-0.007959707640111446,17.560056686401367
563,0.5635635852813721,62.955345153808594,-0.0003476502897683531,-0.00803599413484335,17.88349151611328
564,0.56456458568573,63.008766174316406,-0.00035298860166221857,-0.007461904548108578,16.324504852294922
565,0.5655655860900879,63.062225341796875,-0.00035636191023513675,-0.0069397068582475185,14.940418243408203
566,0.5665665864944458,63.11573791503906,-0.00033952505327761173,-0.008880218490958214,20.63216781616211
567,0.5675675868988037,63.16929244995117,-0.0003496175922919065,-0.008176540955901146,18.76947784423828
568,0.5685685873031616,63.2228889465332,-0.0003523119376040995,-0.008183078840374947,18.927433013916016
569,0.5695695877075195,63.27653503417969,-0.0003547946398612112,-0.008137824945151806,18.816387176513672
570,0.5705705881118774,63.33022689819336,-0.0003589450498111546,-0.007893333211541176,18.036462783813477
571,0.5715715885162354,63.38396072387695,-0.00035205198219045997,-0.008555475622415543,19.744441986083984
572,0.5725725889205933,63.437744140625,-0.00034254384809173644,-0.009233535267412663,21.611391067504883
573,0.5735735893249512,63.4915657043457,-0.00034339562989771366,-0.009089387953281403,21.142244338989258
574,0.5745745897293091,63.545440673828125,-0.0003317605587653816,-0.009798286482691765,23.229206085205078
575,0.575575590133667,63.599361419677734,-0.00032432336593046784,-0.010209346190094948,24.567962646484375
576,0.5765765905380249,63.65332794189453,-0.0003282782854512334,-0.009301424026489258,21.937698364257812
577,0.5775775909423828,63.707332611083984,-0.0003231292648706585,-0.00935518927872181,22.255685806274414
578,0.5785785913467407,63.761390686035156,-0.0003196341567672789,-0.009299376979470253,22.227725982666016
579,0.5795795917510986,63.815494537353516,-0.00031670217867940664,-0.009361297823488712,22.557104110717773
580,0.5805805921554565,63.8696403503418,-0.0003126529627479613,-0.009761560708284378,23.9245662689209
581,0.5815815925598145,63.92383575439453,-0.00031188910361379385,-0.010035430081188679,24.82040786743164
582,0.5825825929641724,63.97807693481445,-0.0003131962730549276,-0.01054433174431324,26.42919158935547
583,0.5835835933685303,64.03236389160156,-0.00032104941783472896,-0.010055058635771275,24.80278205871582
584,0.5845845937728882,64.0866928100586,-0.00033266624086536467,-0.009283586405217648,22.324562072753906
585,0.5855855941772461,64.14107513427734,-0.0003387813630979508,-0.009022294543683529,21.412551879882812
586,0.586586594581604,64.19549560546875,-0.00034798079286701977,-0.008217821829020977,19.002473831176758
587,0.5875875949859619,64.24996948242188,-0.0003534110728651285,-0.00740116136148572,16.696659088134766
588,0.5885885953903198,64.30448150634766,-0.0003493382246233523,-0.007722277659922838,17.678125381469727
589,0.5895895957946777,64.35903930664062,-0.00034823670284822583,-0.007311082910746336,16.60801124572754
590,0.5905905961990356,64.41365814208984,-0.00034274166682735085,-0.007695619948208332,17.833019256591797
591,0.5915915966033936,64.46830749511719,-0.00033891963539645076,-0.007681426126509905,17.889667510986328
592,0.5925925970077515,64.52301025390625,-0.0003344510914757848,-0.008055427111685276,19.172592163085938
593,0.5935935974121094,64.5777587890625,-0.0003296903450973332,-0.00890734139829874,21.964181900024414
594,0.5945945978164673,64.63255310058594,-0.00032856251345947385,-0.009160666726529598,22.876585006713867
595,0.5955955982208252,64.68739318847656,-0.0003314108762424439,-0.008545156568288803,21.060806274414062
596,0.5965965986251831,64.74227905273438,-0.00032759516034275293,-0.008706641383469105,21.55640983581543
597,0.597597599029541,64.7972183227539,-0.00032839676714502275,-0.008253742009401321,20.248332977294922
598,0.5985985994338989,64.8521957397461,-0.0003291042521595955,-0.008063949644565582,19.798709869384766
599,0.5995995998382568,64.9072265625,-0.0003370786434970796,-0.007296979892998934,17.595836639404297
600,0.6006006002426147,64.96229553222656,-0.00033569650258868933,-0.007642763666808605,18.601083755493164
601,0.6016016006469727,65.01741790771484,-0.0003397203399799764,-0.007069068495184183,16.708932876586914
602,0.6026026010513306,65.07258605957031,-0.0003332116757519543,-0.007898364216089249,18.90837287902832
603,0.6036036014556885,65.12779998779297,-0.0003315143985673785,-0.008070257492363453,19.240436553955078
604,0.6046046018600464,65.18305969238281,-0.0003409500641282648,-0.006797851994633675,15.366199493408203
605,0.6056056022644043,65.23836517333984,-0.0003331951447762549,-0.007949072867631912,18.8221378326416
606,0.6066066026687622,65.2937240600586,-0.000331792893121019,-0.00811443105340004,19.399494171142578
607,0.6076076030731201,65.34912872314453,-0.0003215047181583941,-0.00924837589263916,22.932788848876953
608,0.608608603477478,65.40457916259766,-0.0003185677924193442,-0.009579438716173172,24.008678436279297
609,0.6096096038818359,65.46007537841797,-0.0003151183482259512,-0.009991779923439026,25.361251831054688
610,0.6106106042861938,65.51561737060547,-0.000311569485347718,-0.01056333351880312,27.283428192138672
611,0.6116116046905518,65.57120513916016,-0.00031239064992405474,-0.010455851443111897,27.138708114624023
612,0.6126126050949097,65.62684631347656,-0.00031943642534315586,-0.009638712741434574,24.746253967285156
613,0.6136136054992676,65.68252563476562,-0.00031959015177562833,-0.009817035868763924,25.458356857299805
614,0.6146146059036255,65.7382583618164,-0.0003239209472667426,-0.00931541807949543,24.00872802734375
615,0.6156156063079834,65.79403686523438,-0.00031958497129380703,-0.010042229667305946,26.34918975830078
616,0.6166166067123413,65.84986877441406,-0.0003194837481714785,-0.009944968856871128,26.06072425842285
617,0.6176176071166992,65.9057388305664,-0.00031597859924659133,-0.010419999249279499,27.500450134277344
618,0.6186186075210571,65.96166229248047,-0.00031657147337682545,-0.01032887864857912,27.16034698486328
619,0.619619607925415,66.01763153076172,-0.0003267644497100264,-0.00884172786027193,22.467256546020508
620,0.620620608329773,66.07364654541016,-0.00033012760104611516,-0.008521824143826962,21.411497116088867
621,0.6216216087341309,66.12971496582031,-0.0003289350133854896,-0.008886885829269886,22.48311996459961
622,0.6226226091384888,66.18582916259766,-0.00033534615067765117,-0.00830514170229435,20.727893829345703
623,0.6236236095428467,66.24198150634766,-0.00033918858389370143,-0.007928971201181412,19.66103172302246
624,0.6246246099472046,66.29818725585938,-0.0003403989248909056,-0.007122816052287817,17.426406860351562
625,0.6256256103515625,66.35443878173828,-0.00033931905636563897,-0.007349852938205004,18.270063400268555
626,0.6266266107559204,66.4107437133789,-0.0003361482231412083,-0.00692044198513031,17.132410049438477
627,0.6276276111602783,66.46709442138672,-0.0003323765704408288,-0.006519727874547243,16.05350685119629
628,0.6286286115646362,66.52349090576172,-0.0003281576791778207,-0.005967392586171627,14.449518203735352
629,0.6296296119689941,66.57994079589844,-0.00032813294092193246,-0.005925882142037153,14.396865844726562
630,0.630630612373352,66.63642883300781,-0.00032956834184005857,-0.005935808178037405,14.483260154724121
631,0.63163161277771,66.6929702758789,-0.0003335867077112198,-0.006221654359251261,15.338884353637695
632,0.6326326131820679,66.74955749511719,-0.0003371906350366771,-0.007168615702539682,18.115310668945312
633,0.6336336135864258,66.80619812011719,-0.0003371014609001577,-0.007198214065283537,18.159711837768555
634,0.6346346139907837,66.86288452148438,-0.00033184821950271726,-0.008341004140675068,21.470569610595703
635,0.6356356143951416,66.91961669921875,-0.0003326886799186468,-0.007999852299690247,20.297271728515625
636,0.6366366147994995,66.97640228271484,-0.00032843544613569975,-0.008322621695697308,21.163009643554688
637,0.6376376152038574,67.0332260131836,-0.0003309412277303636,-0.00771308783441782,19.225723266601562
638,0.6386386156082153,67.0901107788086,-0.00032867840491235256,-0.007720557041466236,19.174501419067383
639,0.6396396160125732,67.14703369140625,-0.0003270594170317054,-0.0077326735481619835,19.197853088378906
640,0.6406406164169312,67.20401000976562,-0.00032566452864557505,-0.007753279525786638,19.312694549560547
641,0.6416416764259338,67.26103210449219,-0.0003252080932725221,-0.00758726242929697,18.917133331298828
642,0.6426426768302917,67.31810760498047,-0.0003238622739445418,-0.007689260877668858,19.373613357543945
643,0.6436436772346497,67.37522888183594,-0.00032607215689495206,-0.0071942186914384365,18.0650577545166
644,0.6446446776390076,67.4323959350586,-0.0003274496702942997,-0.006636359728872776,16.593774795532227
645,0.6456456780433655,67.48960876464844,-0.0003271907917223871,-0.00612979382276535,15.280810356140137
646,0.6466466784477234,67.546875,-0.0003277178620919585,-0.006331752520054579,16.07596206665039
647,0.6476476788520813,67.60418701171875,-0.000321729457937181,-0.004947242327034473,11.946325302124023
648,0.6486486792564392,67.66155242919922,-0.00031680663232691586,-0.004467001184821129,10.551136016845703
649,0.6496496796607971,67.71896362304688,-0.00031712709460407495,-0.004757263232022524,11.542596817016602
650,0.650650680065155,67.77642822265625,-0.0003044116892851889,-0.0036115185357630253,7.905030250549316
651,0.6516516804695129,67.83393859863281,-0.00030419082031585276,-0.0041906884871423244,9.759364128112793
652,0.6526526808738708,67.89148712158203,-0.00031293349456973374,-0.0054303319193422794,13.685050010681152
653,0.6536536812782288,67.9490966796875,-0.0003134834114462137,-0.005702031776309013,14.45653247833252
654,0.6546546816825867,68.00675201416016,-0.00030084565514698625,-0.004643838852643967,10.962800979614258
655,0.6556556820869446,68.064453125,-0.00031340488931164145,-0.005883930251002312,15.043485641479492
656,0.6566566824913025,68.1222152709961,-0.00030513477395288646,-0.0049141994677484035,11.939915657043457
657,0.6576576828956604,68.18000793457031,-0.00029811460990458727,-0.0032330763060599566,6.4351372718811035
658,0.6586586833000183,68.23786163330078,-0.00030185881769284606,-0.0024484284222126007,3.9591314792633057
659,0.6596596837043762,68.29576110839844,-0.0003038767899852246,-0.0022935899905860424,3.62391996383667
660,0.6606606841087341,68.35371398925781,-0.00030384547426365316,-0.0026062617544084787,4.853748798370361
661,0.661661684513092,68.41171264648438,-0.00030646557570435107,-0.0021031489595770836,3.4413437843322754
662,0.66266268491745,68.46975708007812,-0.0003058002330362797,-0.002254628809168935,4.125805854797363
663,0.6636636853218079,68.5278549194336,-0.0003046737692784518,-0.002823813818395138,6.1290082931518555
664,0.6646646857261658,68.58599853515625,-0.0003056675777770579,-0.0033871596679091454,8.040166854858398
665,0.6656656861305237,68.64419555664062,-0.00030659176991321146,-0.0036515670362859964,8.875166893005371
666,0.6666666865348816,68.70243835449219,-0.00031516581657342613,-0.004781377036124468,12.408709526062012
667,0.6676676869392395,68.76073455810547,-0.0003161280183121562,-0.004965988919138908,12.865104675292969
668,0.6686686873435974,68.81907653808594,-0.00031554087763652205,-0.005010300315916538,12.89095687866211
669,0.6696696877479553,68.87747192382812,-0.0003179062332492322,-0.0054432484321296215,14.158065795898438
670,0.6706706881523132,68.9359130859375,-0.0003183339140377939,-0.005653975997120142,14.756293296813965
671,0.6716716885566711,68.9944076538086,-0.0003192633739672601,-0.006016635335981846,15.887163162231445
672,0.672672688961029,69.05294799804688,-0.00032117654336616397,-0.006935604847967625,18.79094886779785
673,0.673673689365387,69.11154174804688,-0.00031759103876538575,-0.006437493953853846,17.288013458251953
674,0.6746746897697449,69.17018127441406,-0.0003172441211063415,-0.007086673751473427,19.441755294799805
675,0.6756756901741028,69.22887420654297,-0.0003141714259982109,-0.006752568297088146,18.576932907104492
676,0.6766766905784607,69.2876205444336,-0.0003124818904325366,-0.007335459813475609,20.69129753112793
677,0.6776776909828186,69.34640502929688,-0.0003097121953032911,-0.007055629510432482,19.995201110839844
678,0.6786786913871765,69.4052505493164,-0.00030740315560251474,-0.006665907334536314,18.864545822143555
679,0.6796796917915344,69.4641342163086,-0.00030690498533658683,-0.006545055657625198,18.573183059692383
680,0.6806806921958923,69.52307891845703,-0.00030787824653089046,-0.006911995820701122,19.79932975769043
681,0.6816816926002502,69.58206939697266,-0.0003050729865208268,-0.007888355292379856,22.953914642333984
682,0.6826826930046082,69.64111328125,-0.00030256318859755993,-0.00806643720716238,23.50265884399414
683,0.6836836934089661,69.7001953125,-0.0003054049448110163,-0.007297210395336151,20.86370086669922
684,0.684684693813324,69.75934600830078,-0.0003057799185626209,-0.00716214207932353,20.262592315673828
685,0.6856856942176819,69.81852722167969,-0.0003026807389687747,-0.00782098714262247,22.244674682617188
686,0.6866866946220398,69.87776947021484,-0.0003062792238779366,-0.007357462774962187,20.56374740600586
687,0.6876876950263977,69.93706512451172,-0.00031001027673482895,-0.0058081792667508125,15.491650581359863
688,0.6886886954307556,69.99640655517578,-0.00030956752016209066,-0.006045759655535221,16.278121948242188
689,0.6896896958351135,70.05580139160156,-0.0003064029151573777,-0.005500162485986948,14.660521507263184
690,0.6906906962394714,70.11524200439453,-0.0003045476332772523,-0.005746741779148579,15.721034049987793
691,0.6916916966438293,70.17473602294922,-0.00029417482437565923,-0.003927683923393488,9.836715698242188
692,0.6926926970481873,70.23428344726562,-0.00029169314075261354,-0.0036652975250035524,9.05565357208252
693,0.6936936974525452,70.29387664794922,-0.00029255315894261,-0.0024913237430155277,5.075739860534668
694,0.6946946978569031,70.353515625,-0.0002922665444202721,-0.0037254393100738525,9.268279075622559
695,0.695695698261261,70.41321563720703,-0.0002962328726425767,-0.004632831551134586,12.343923568725586
696,0.6966966986656189,70.47296142578125,-0.00029882858507335186,-0.005720543209463358,16.075796127319336
697,0.6976976990699768,70.53276062011719,-0.00029530285974033177,-0.004951941315084696,13.534162521362305
698,0.6986986994743347,70.59259796142578,-0.0002938086399808526,-0.005286893341690302,14.718274116516113
699,0.6996996998786926,70.65249633789062,-0.0002909802133217454,-0.00539605226367712,15.1051664352417
700,0.7007007002830505,70.71244812011719,-0.0002901239204220474,-0.005876874551177025,16.725950241088867
701,0.7017017006874084,70.77244567871094,-0.0002903421118389815,-0.006241649854928255,17.931921005249023
702,0.7027027010917664,70.83250427246094,-0.0002917716046795249,-0.006491048261523247,18.68600845336914
703,0.7037037014961243,70.8926010131836,-0.00029370287666097283,-0.006776177324354649,19.56790542602539
704,0.7047047019004822,70.95275115966797,-0.00029394117882475257,-0.006482745986431837,18.566007614135742
705,0.7057057023048401,71.0129623413086,-0.0002973462105728686,-0.007550511509180069,22.265995025634766
706,0.706706702709198,71.07321166992188,-0.00029825392994098365,-0.008027712814509869,24.00247573852539
707,0.7077077031135559,71.1335220336914,-0.0002995981485582888,-0.007557344157248735,22.58651351928711
708,0.7087087035179138,71.19387817382812,-0.00029924086993560195,-0.007663507480174303,23.117542266845703
709,0.7097097039222717,71.25428771972656,-0.0002974490635097027,-0.008180257864296436,24.95323944091797
710,0.7107107043266296,71.31475067138672,-0.0002948216279037297,-0.008645372465252876,26.53774642944336
711,0.7117117047309875,71.37525939941406,-0.0002981479628942907,-0.00746526475995779,22.52389144897461
712,0.7127127051353455,71.4358139038086,-0.0002987502666655928,-0.007027981337159872,21.074573516845703
713,0.7137137055397034,71.4964370727539,-0.00029408809496089816,-0.008330016396939754,25.54836654663086
714,0.7147147059440613,71.55709838867188,-0.00029163339058868587,-0.008872399106621742,27.418821334838867
715,0.7157157063484192,71.61781311035156,-0.00029558653477579355,-0.00813134666532278,24.8138370513916
716,0.7167167067527771,71.67858123779297,-0.00029752988484688103,-0.00785114150494337,23.77906036376953
717,0.717717707157135,71.7394027709961,-0.00030150983366183937,-0.006739966571331024,19.94805908203125
718,0.7187187075614929,71.8002700805664,-0.000302271859254688,-0.005869540385901928,16.923540115356445
719,0.7197197079658508,71.86119842529297,-0.0002990095235873014,-0.004701342899352312,12.86832046508789
720,0.7207207083702087,71.92217254638672,-0.0002976277028210461,-0.004600577987730503,12.387590408325195
721,0.7217217087745667,71.98320007324219,-0.0002968772023450583,-0.004795478191226721,12.96329402923584
722,0.7227227091789246,72.04427337646484,-0.0002994149108417332,-0.00600315211340785,16.921222686767578
723,0.7237237095832825,72.10540771484375,-0.0002978434204123914,-0.0066636535339057446,19.052888870239258
724,0.7247247099876404,72.16658782958984,-0.00029449426801875234,-0.006326716858893633,17.879047393798828
725,0.7257257103919983,72.22782135009766,-0.0002911033807322383,-0.0056256139650940895,15.494256973266602
726,0.7267267107963562,72.28910827636719,-0.0002910991897806525,-0.00688149593770504,19.873693466186523
727,0.7277277112007141,72.3504409790039,-0.0002903890854213387,-0.006941055413335562,20.16944122314453
728,0.728728711605072,72.41183471679688,-0.00029006085242144763,-0.006986334919929504,20.392011642456055
729,0.7297297120094299,72.47327423095703,-0.0002888445451389998,-0.007608793675899506,22.60773468017578
730,0.7307307124137878,72.53477478027344,-0.0002901157131418586,-0.007314045913517475,21.63564682006836
731,0.7317317128181458,72.59632110595703,-0.0002915504155680537,-0.007405803073197603,22.010364532470703
732,0.7327327132225037,72.65791320800781,-0.0002955553645733744,-0.006273257080465555,18.25248146057129
733,0.7337337136268616,72.71956634521484,-0.000296547805191949,-0.006550813093781471,19.388442993164062
734,0.7347347140312195,72.78126525878906,-0.00029514182824641466,-0.0080111688002944,24.537931442260742
735,0.7357357144355774,72.84302520751953,-0.0002949864137917757,-0.008789780549705029,27.36928939819336
736,0.7367367148399353,72.90483093261719,-0.0002959508274216205,-0.0070825316943228245,21.83633804321289
737,0.7377377152442932,72.96669006347656,-0.0002955524832941592,-0.007364827208220959,22.938257217407227
738,0.7387387156486511,73.02860260009766,-0.00028681932599283755,-0.00591157516464591,18.07205581665039
739,0.739739716053009,73.09056854248047,-0.0002785096876323223,-0.004931125324219465,14.661588668823242
740,0.7407407164573669,73.152587890625,-0.0002727467508520931,-0.003949264995753765,11.1880464553833
741,0.7417417168617249,73.21465301513672,-0.0002717309689614922,-0.0027854982763528824,7.001744270324707
742,0.7427427172660828,73.27677917480469,-0.0002717252937145531,-0.0026867040432989597,6.7246246337890625
743,0.7437437772750854,73.33895874023438,-0.0002716398157645017,-0.0029505505226552486,7.770198345184326
744,0.7447447776794434,73.40119171142578,-0.0002772536245174706,-0.004445151425898075,13.269306182861328
745,0.7457457780838013,73.46347045898438,-0.00027541909366846085,-0.0038456949405372143,11.147576332092285
746,0.7467467784881592,73.52580261230469,-0.000276064733043313,-0.0038844675291329622,11.328642845153809
747,0.7477477788925171,73.58819580078125,-0.00027552421670407057,-0.003511963179334998,9.981908798217773
748,0.748748779296875,73.65062713623047,-0.00027632637647911906,-0.002657769713550806,6.838348865509033
749,0.7497497797012329,73.71311950683594,-0.00027731357840821147,-0.00264175608754158,6.6948652267456055
750,0.7507507801055908,73.77567291259766,-0.00027715516625903547,-0.003253093222156167,8.75139331817627
751,0.7517517805099487,73.83826446533203,-0.00027816760120913386,-0.003988010808825493,11.191489219665527
752,0.7527527809143066,73.90092468261719,-0.00027791043976321816,-0.0034038014709949493,8.828309059143066
753,0.7537537813186646,73.963623046875,-0.0002789684513118118,-0.0028646187856793404,6.649955749511719
754,0.7547547817230225,74.02638244628906,-0.00027923641027882695,-0.0027908284682780504,6.238645553588867
755,0.7557557821273804,74.08919525146484,-0.0002773097949102521,-0.0032411895226687193,7.86454439163208
756,0.7567567825317383,74.15206146240234,-0.00027671700809150934,-0.003134101629257202,7.531075477600098
757,0.7577577829360962,74.21498107910156,-0.00027690117713063955,-0.002864466281607747,6.663607597351074
758,0.7587587833404541,74.2779541015625,-0.0002790258440654725,-0.0023465307895094156,4.9207377433776855
759,0.759759783744812,74.34097290039062,-0.0002854914637282491,-0.0013132798485457897,1.3883682489395142
760,0.7607607841491699,74.404052734375,-0.00028399916482158005,-0.001630940823815763,2.6345367431640625
761,0.7617617845535278,74.4671859741211,-0.0002872698532883078,-0.0012069540098309517,1.326348066329956
762,0.7627627849578857,74.53038024902344,-0.00029090806492604315,-0.0006464456091634929,-0.37301355600357056
763,0.7637637853622437,74.59361267089844,-0.0002914586802944541,-0.0005497263045981526,-0.4967848062515259
764,0.7647647857666016,74.65690612792969,-0.0002905912115238607,-0.0009828461334109306,1.1133309602737427
765,0.7657657861709595,74.72025299072266,-0.0002903352724388242,-0.001358996145427227,2.455080270767212
766,0.7667667865753174,74.78365325927734,-0.00029143880237825215,-0.001447852817364037,2.7496371269226074
767,0.7677677869796753,74.84710693359375,-0.0002933745854534209,-0.0012771131005138159,2.1196086406707764
768,0.7687687873840332,74.91061401367188,-0.0002948165056295693,-0.0007272186339832842,0.20648980140686035
769,0.7697697877883911,74.97418212890625,-0.00029364824877120554,-0.0015150345861911774,2.8349685668945312
770,0.770770788192749,75.03779602050781,-0.00029344536596909165,-0.0015708826249465346,2.9743621349334717
771,0.7717717885971069,75.1014633178711,-0.00029333692509680986,-0.0015651173889636993,2.943202018737793
772,0.7727727890014648,75.1651840209961,-0.00029274841654114425,-0.0013746698386967182,2.350051164627075
773,0.7737737894058228,75.22896575927734,-0.0002916502417065203,-0.0007469927659258246,0.26480358839035034
774,0.7747747898101807,75.29280090332031,-0.0002904516877606511,-0.0009134168503805995,0.9615090489387512
775,0.7757757902145386,75.35668182373047,-0.00028883261256851256,-0.0006002464797347784,0.02050459384918213
776,0.7767767906188965,75.42062377929688,-0.00028696743538603187,-0.00017421127995476127,-1.3159310817718506
777,0.7777777910232544,75.484619140625,-0.0002891705953516066,-0.0010762499878183007,1.9729981422424316
778,0.7787787914276123,75.54866790771484,-0.00028914358699694276,-0.002199653536081314,5.994440078735352
779,0.7797797918319702,75.6127700805664,-0.00028723388095386326,-0.0012315665371716022,2.7028932571411133
780,0.7807807922363281,75.67693328857422,-0.0002862599794752896,-0.0003869428765028715,-0.24426054954528809
781,0.781781792640686,75.74114227294922,-0.0002877411316148937,0.0006047254428267479,-3.761251926422119
782,0.782782793045044,75.80540466308594,-0.0002896350051742047,0.000947227468714118,-5.0733866691589355
783,0.7837837934494019,75.8697280883789,-0.00028601381927728653,0.0002797448541969061,-2.939333200454712
784,0.7847847938537598,75.9341049194336,-0.0002927512105088681,0.0012745200656354427,-6.576060771942139
785,0.7857857942581177,75.99853515625,-0.00027979130391031504,-0.00014210706285666674,-1.7862067222595215
786,0.7867867946624756,76.06301879882812,-0.00029559782706201077,0.0016563304234296083,-8.156896591186523
787,0.7877877950668335,76.1275634765625,-0.0002962675062008202,0.0017187483608722687,-8.472996711730957
788,0.7887887954711914,76.19215393066406,-0.0002975570678245276,0.001959246816113591,-9.353727340698242
789,0.7897897958755493,76.25680541992188,-0.0002988523046951741,0.002414525719359517,-10.923264503479004
790,0.7907907962799072,76.3215103149414,-0.00029701244784519076,0.0024703273084014654,-11.14953327178955
791,0.7917917966842651,76.38626861572266,-0.0002914080105256289,0.001803683117032051,-8.878096580505371
792,0.792792797088623,76.45108032226562,-0.0002817241766024381,0.0004191334010101855,-4.017342567443848
793,0.793793797492981,76.51595306396484,-0.00028369762003421783,0.0007518251077271998,-5.188366889953613
794,0.7947947978973389,76.58087921142578,-0.00027972314273938537,-1.4558145267073996e-05,-2.5136828422546387
795,0.7957957983016968,76.64585876464844,-0.00028111488791182637,0.00018831608758773655,-3.3006374835968018
796,0.7967967987060547,76.71089172363281,-0.00027959211729466915,-5.423628681455739e-05,-2.505603313446045
797,0.7977977991104126,76.7759780883789,-0.0002867441507987678,0.0011075659422203898,-6.665300369262695
798,0.7987987995147705,76.84112548828125,-0.0002866628346964717,0.0012269404251128435,-7.091733932495117
799,0.7997997999191284,76.90632629394531,-0.0002812315942719579,0.0006155776209197938,-4.9108195304870605
800,0.8008008003234863,76.97157287597656,-0.0002796765184029937,0.0008705605869181454,-5.7774338722229
801,0.8018018007278442,77.03689575195312,-0.00027730930014513433,0.00107188627589494,-6.506720542907715
802,0.8028028011322021,77.10225677490234,-0.00027363706612959504,0.0009196227765642107,-6.014163970947266
803,0.8038038015365601,77.16767883300781,-0.00027040840359404683,0.000893597723916173,-6.006880283355713
804,0.804804801940918,77.233154296875,-0.00026785809313878417,0.0009407394099980593,-6.248771667480469
805,0.8058058023452759,77.29869079589844,-0.0002683469792827964,0.001584726618602872,-8.70958423614502
806,0.8068068027496338,77.36427307128906,-0.00026844299281947315,0.0018640407361090183,-9.76806926727295
807,0.8078078031539917,77.42991638183594,-0.0002671965630725026,0.0017204798059538007,-9.171128273010254
808,0.8088088035583496,77.49562072753906,-0.000267586437985301,0.0018845322774723172,-9.6534423828125
809,0.8098098039627075,77.56137084960938,-0.0002660700702108443,0.0016178811201825738,-8.4791259765625
810,0.8108108043670654,77.62718963623047,-0.0002696524898055941,0.0028259034734219313,-12.81179428100586
811,0.8118118047714233,77.69306182861328,-0.0002710994449444115,0.003432609373703599,-14.91839599609375
812,0.8128128051757812,77.75897979736328,-0.00027258164482191205,0.004087905399501324,-17.241065979003906
813,0.8138138055801392,77.82495880126953,-0.0002735693706199527,0.004061615094542503,-17.06170082092285
814,0.8148148059844971,77.8909912109375,-0.0002750108833424747,0.0038551983889192343,-16.244712829589844
815,0.815815806388855,77.95708465576172,-0.0002771540021058172,0.003936445340514183,-16.486534118652344
816,0.8168168067932129,78.02323150634766,-0.0002789393183775246,0.004701600875705481,-19.18043327331543
817,0.8178178071975708,78.08943176269531,-0.0002814616891555488,0.003992280922830105,-16.571186065673828
818,0.8188188076019287,78.15569305419922,-0.0002814368926919997,0.004292688332498074,-17.55079460144043
819,0.8198198080062866,78.22200775146484,-0.0002817243221215904,0.0036870120093226433,-15.335993766784668
820,0.8208208084106445,78.28837585449219,-0.00028183255926705897,0.0035480656661093235,-14.773168563842773
821,0.8218218088150024,78.35481262207031,-0.0002825730771292001,0.003380468115210533,-14.116521835327148
822,0.8228228092193604,78.4212875366211,-0.0002795659238472581,0.004678389988839626,-18.686351776123047
823,0.8238238096237183,78.48783874511719,-0.0002836349594872445,0.003902337048202753,-15.907135963439941
824,0.8248248100280762,78.55442810058594,-0.0002857789513655007,0.0035835723392665386,-14.795169830322266
825,0.8258258104324341,78.62108612060547,-0.00028602860402315855,0.0029289284721016884,-12.556806564331055
826,0.826826810836792,78.68779754638672,-0.0002859844535123557,0.0031468747183680534,-13.354887962341309
827,0.8278278112411499,78.75455474853516,-0.00028567109256982803,0.003701168345287442,-15.335591316223145
828,0.8288288116455078,78.82138061523438,-0.00028387707425281405,0.0038348790258169174,-15.898038864135742
829,0.8298298120498657,78.88825988769531,-0.00028181797824800014,0.004003989044576883,-16.677732467651367
830,0.8308308124542236,78.9552001953125,-0.00027901300927624106,0.0033556490670889616,-14.505358695983887
831,0.8318318128585815,79.02220153808594,-0.0002748471451923251,0.0027652024291455746,-12.427306175231934
832,0.8328328132629395,79.08924865722656,-0.0002709698164835572,0.0026070831809192896,-11.893187522888184
833,0.8338338136672974,79.15635681152344,-0.0002699612232390791,0.0029170953202992678,-13.051566123962402
834,0.8348348140716553,79.22352600097656,-0.0002641415339894593,0.0022328265476971865,-10.475167274475098
835,0.8358358144760132,79.29074096679688,-0.0002608120266813785,0.002120120683684945,-10.014573097229004
836,0.8368368148803711,79.35801696777344,-0.00025969662237912416,0.0022925722878426313,-10.663030624389648
837,0.837837815284729,79.42535400390625,-0.000260209635598585,0.0025653934571892023,-11.74052619934082
838,0.8388388156890869,79.49275207519531,-0.0002643403713591397,0.0033558248542249203,-14.790374755859375
839,0.8398398160934448,79.56019592285156,-0.0002607472997624427,0.002462307456880808,-11.417671203613281
840,0.8408408164978027,79.62770080566406,-0.0002601183659862727,0.0024430814664810896,-11.360664367675781
841,0.8418418169021606,79.69527435302734,-0.0002602798049338162,0.0029618432745337486,-13.349221229553223
842,0.8428428173065186,79.76288604736328,-0.00025574889150448143,0.002068537985906005,-9.849960327148438
843,0.8438438177108765,79.83056640625,-0.000252307130722329,0.0014789478154852986,-7.485726833343506
844,0.8448448181152344,79.89830780029297,-0.00025078048929572105,0.0014602727023884654,-7.368546009063721
845,0.8458458185195923,79.96610260009766,-0.00024898943956941366,0.0011870659654960036,-6.259012699127197
846,0.846846878528595,80.0339584350586,-0.0002508900943212211,0.0017168542835861444,-8.369858741760254
847,0.8478478789329529,80.10186004638672,-0.0002524710143916309,0.0020553944632411003,-9.723247528076172
848,0.8488488793373108,80.16983032226562,-0.0002552302903495729,0.0024695107713341713,-11.364075660705566
849,0.8498498797416687,80.23786163330078,-0.0002576665719971061,0.002926973858848214,-13.17148208618164
850,0.8508508801460266,80.30593872070312,-0.0002544671297073364,0.001902079558931291,-9.216465950012207
851,0.8518518805503845,80.37407684326172,-0.0002566839102655649,0.0021869721822440624,-10.394935607910156
852,0.8528528809547424,80.44227600097656,-0.00025491375708952546,0.0015355187933892012,-7.941919803619385
853,0.8538538813591003,80.51052856445312,-0.00025626286515034735,0.001425434136763215,-7.582957744598389
854,0.8548548817634583,80.57884216308594,-0.00025818205904215574,0.0015417557442560792,-8.07511043548584
855,0.8558558821678162,80.647216796875,-0.0002588583156466484,0.0015155320288613439,-7.968220233917236
856,0.8568568825721741,80.71565246582031,-0.0002590847434476018,0.00155343278311193,-8.08689022064209
857,0.857857882976532,80.78413391113281,-0.00026012343005277216,0.0019366320921108127,-9.52885913848877
858,0.8588588833808899,80.8526840209961,-0.0002595247933641076,0.0018538900185376406,-9.152616500854492
859,0.8598598837852478,80.92127990722656,-0.0002617153513710946,0.002701571909710765,-12.364901542663574
860,0.8608608841896057,80.98995208740234,-0.00026214064564555883,0.0026408853009343147,-12.111771583557129
861,0.8618618845939636,81.05866241455078,-0.0002626060741022229,0.002540638204663992,-11.691779136657715
862,0.8628628849983215,81.12744903564453,-0.00026093353517353535,0.0017829316202551126,-8.807552337646484
863,0.8638638854026794,81.19628143310547,-0.0002622909960336983,0.0022717933170497417,-10.770792961120605
864,0.8648648858070374,81.26518249511719,-0.000258494692388922,0.0014512860216200352,-7.738143444061279
865,0.8658658862113953,81.3341293334961,-0.00025786340120248497,0.0016631410690024495,-8.657544136047363
866,0.8668668866157532,81.40314483642578,-0.00026373431319370866,0.002913150703534484,-13.564937591552734
867,0.8678678870201111,81.47222137451172,-0.0002612961980048567,0.0026737453881651163,-12.763200759887695
868,0.868868887424469,81.54134368896484,-0.00025741237914189696,0.0022683609277009964,-11.267348289489746
869,0.8698698878288269,81.61053466796875,-0.0002556067775003612,0.0022093397565186024,-11.077190399169922
870,0.8708708882331848,81.6797866821289,-0.0002501643029972911,0.0017820267239585519,-9.427172660827637
871,0.8718718886375427,81.74909210205078,-0.0002509682672098279,0.00218984461389482,-11.126208305358887
872,0.8728728890419006,81.81845092773438,-0.00025010117678903043,0.002276234095916152,-11.53951644897461
873,0.8738738894462585,81.88787078857422,-0.0002503725700080395,0.002361295046284795,-11.87842845916748
874,0.8748748898506165,81.95735931396484,-0.0002544415183365345,0.003006382379680872,-14.366683006286621
875,0.8758758902549744,82.02690887451172,-0.0002557622210588306,0.003335900604724884,-15.550089836120605
876,0.8768768906593323,82.09650421142578,-0.00025345187168568373,0.0026080752722918987,-12.609114646911621
877,0.8778778910636902,82.1661605834961,-0.0002521970891393721,0.002312109339982271,-11.352978706359863
878,0.8788788914680481,82.23587799072266,-0.0002500663395039737,0.002106676809489727,-10.443851470947266
879,0.879879891872406,82.30565643310547,-0.00024927197955548763,0.0027012787759304047,-12.758566856384277
880,0.8808808922767639,82.37548828125,-0.0002452782937325537,0.0021659231279045343,-10.59878158569336
881,0.8818818926811218,82.44538116455078,-0.00024194334400817752,0.0019823650363832712,-9.851288795471191
882,0.8828828930854797,82.51534271240234,-0.00024105420743580908,0.001949825556948781,-9.703622817993164
883,0.8838838934898376,82.58535766601562,-0.0002436390786897391,0.0028457827866077423,-13.38857650756836
884,0.8848848938941956,82.65543365478516,-0.00024290393048431724,0.002517418935894966,-12.01673698425293
885,0.8858858942985535,82.72557067871094,-0.00024507578928023577,0.003297047223895788,-15.200912475585938
886,0.8868868947029114,82.7957534790039,-0.0002469326718710363,0.004811444319784641,-21.350540161132812
887,0.8878878951072693,82.86600494384766,-0.0002463198034092784,0.0043005915358662605,-19.328128814697266
888,0.8888888955116272,82.93631744384766,-0.0002445438876748085,0.0038699209690093994,-17.684131622314453
889,0.8898898959159851,83.00669860839844,-0.0002433979680063203,0.004169590771198273,-19.040863037109375
890,0.890890896320343,83.0771255493164,-0.00024124083574861288,0.003724893555045128,-17.325031280517578
891,0.8918918967247009,83.14761352539062,-0.0002400255179964006,0.003699684515595436,-17.348876953125
892,0.8928928971290588,83.21817016601562,-0.00023973200586624444,0.0035200249403715134,-16.771240234375
893,0.8938938975334167,83.28878021240234,-0.00024304557882715017,0.004148290026932955,-19.500221252441406
894,0.8948948979377747,83.35945129394531,-0.00024373750784434378,0.0037718263920396566,-18.0905818939209
895,0.8958958983421326,83.43018341064453,-0.00024340240634046495,0.003324374556541443,-16.37032699584961
896,0.8968968987464905,83.5009765625,-0.00024513257085345685,0.003433616366237402,-16.8834228515625
897,0.8978978991508484,83.57182312011719,-0.00024995312560349703,0.004338446538895369,-20.560911178588867
898,0.8988988995552063,83.64273071289062,-0.0002483918215148151,0.004102523438632488,-19.665691375732422
899,0.8998998999595642,83.71370697021484,-0.00024422199930995703,0.0035677426494657993,-17.521650314331055
900,0.9009009003639221,83.78473663330078,-0.0002421544340904802,0.0034374117385596037,-16.993547439575195
901,0.90190190076828,83.85582733154297,-0.0002448542509227991,0.004123062361031771,-19.81266212463379
902,0.9029029011726379,83.9269790649414,-0.0002435769565636292,0.004317654296755791,-20.62030792236328
903,0.9039039015769958,83.99818420410156,-0.0002409246953902766,0.00418240437284112,-20.018470764160156
904,0.9049049019813538,84.06946563720703,-0.00023860693909227848,0.0038162614218890667,-18.3985538482666
905,0.9059059023857117,84.14079284667969,-0.00024091851082630455,0.0044861421920359135,-21.093952178955078
906,0.9069069027900696,84.21219635009766,-0.00023884535767138004,0.003956223372370005,-18.77284812927246
907,0.9079079031944275,84.28364562988281,-0.00023711253015790135,0.0036173947155475616,-17.290061950683594
908,0.9089089035987854,84.35516357421875,-0.0002395655756117776,0.004303931724280119,-20.186330795288086
909,0.9099099040031433,84.42674255371094,-0.0002366129047004506,0.0038794728461652994,-18.482404708862305
910,0.9109109044075012,84.49837493896484,-0.00023203685123007745,0.0033218690659850836,-16.202224731445312
911,0.9119119048118591,84.57007598876953,-0.00022930701379664242,0.0031515262089669704,-15.560600280761719
912,0.912912905216217,84.64183044433594,-0.00022788243950344622,0.003164738416671753,-15.686262130737305
913,0.913913905620575,84.71365356445312,-0.00021787380683235824,0.0012960229068994522,-7.266745567321777
914,0.9149149060249329,84.78553009033203,-0.00021839092369191349,0.0012042545713484287,-6.819222450256348
915,0.9159159064292908,84.85746765136719,-0.00021977088181301951,0.0006604959489777684,-4.350473403930664
916,0.9169169068336487,84.92947387695312,-0.00022070962586440146,0.0009064922924153507,-5.513599872589111
917,0.9179179072380066,85.00153350830078,-0.0002242943155579269,0.0017084182472899556,-9.19307804107666
918,0.9189189076423645,85.07366180419922,-0.00023022334789857268,0.0024620259646326303,-12.636468887329102
919,0.9199199080467224,85.1458511352539,-0.00023265104391612113,0.002657425357028842,-13.62429428100586
920,0.9209209084510803,85.21809387207031,-0.00023454081383533776,0.0029069415759295225,-14.84964656829834
921,0.9219219088554382,85.29039764404297,-0.00023127208987716585,0.002472112886607647,-13.135856628417969
922,0.9229229092597961,85.3627700805664,-0.00022476156300399452,0.0017775758169591427,-10.162067413330078
923,0.923923909664154,85.43519592285156,-0.00022653897758573294,0.0021983562037348747,-12.053377151489258
924,0.924924910068512,85.50769805908203,-0.00022241265105549246,0.001809398178011179,-10.284607887268066
925,0.9259259104728699,85.58024597167969,-0.0002213049156125635,0.0018145655049011111,-10.22947883605957
926,0.9269269108772278,85.6528549194336,-0.00021856163220945746,0.0012631623540073633,-7.626713752746582
927,0.9279279112815857,85.72554779052734,-0.0002179326838813722,0.0008446854772046208,-5.629426956176758
928,0.9289289116859436,85.79827880859375,-0.0002182196913054213,0.0004463752848096192,-3.7595224380493164
929,0.9299299120903015,85.87108612060547,-0.00021904849563725293,0.000850595417432487,-5.571220874786377
930,0.9309309124946594,85.9439468383789,-0.00021946347260382026,0.0007376002031378448,-5.023011207580566
931,0.9319319128990173,86.01686096191406,-0.00021941980230621994,-1.973370444829925e-06,-1.6210230588912964
932,0.9329329133033752,86.08985137939453,-0.00022023427300155163,-0.0005312782013788819,0.8096574544906616
933,0.9339339137077332,86.16289520263672,-0.00021968403598293662,-0.00025060775806196034,-0.4177684783935547
934,0.9349349141120911,86.23600769042969,-0.0002217231667600572,-0.0010179246310144663,3.092172145843506
935,0.935935914516449,86.3091812133789,-0.0002206719946116209,-0.000711894768755883,1.7199457883834839
936,0.9369369149208069,86.38240814208984,-0.00021949471556581557,-0.0003640947106759995,0.13968360424041748
937,0.9379379153251648,86.45570373535156,-0.00022124771203380078,-0.0006602100911550224,1.4398119449615479
938,0.9389389157295227,86.52906799316406,-0.00022395513951778412,-0.0012318410445004702,3.933300256729126
939,0.9399399161338806,86.60248565673828,-0.00022467225790023804,-0.001418935600668192,4.714075565338135
940,0.9409409165382385,86.67597198486328,-0.0002254355640616268,-0.0016711700009182096,5.7855987548828125
941,0.9419419169425964,86.74951171875,-0.0002237942535430193,-0.0011540527921169996,3.464465618133545
942,0.9429429173469543,86.82312774658203,-0.000222737347939983,-0.0007299364660866559,1.5524815320968628
943,0.9439439177513123,86.89679718017578,-0.00022386389900930226,-0.0009497078135609627,2.532992362976074
944,0.9449449181556702,86.97053527832031,-0.00022433653066400439,-0.00120240927208215,3.6342477798461914
945,0.9459459185600281,87.04431915283203,-0.00022285406885202974,-0.0010325195034965873,2.839390754699707
946,0.946946918964386,87.11817932128906,-0.00022228501620702446,-0.0012451299699023366,3.760432720184326
947,0.9479479193687439,87.19210052490234,-0.00021961840684525669,-0.0008620568551123142,1.9831866025924683
948,0.9489489793777466,87.2660903930664,-0.00021724667749367654,-0.000598205195274204,0.7136468887329102
949,0.9499499797821045,87.34013366699219,-0.00021966789790894836,-0.0017185546457767487,5.826963424682617
950,0.9509509801864624,87.41423797607422,-0.00021616785670630634,-0.001202840474434197,3.4771828651428223
951,0.9519519805908203,87.48841094970703,-0.0002167440252378583,-0.002353783929720521,8.875711441040039
952,0.9529529809951782,87.56263732910156,-0.0002144855388905853,-0.0026237857528030872,10.28501033782959
953,0.9539539813995361,87.6369400024414,-0.00021286697301547974,-0.002262699417769909,8.791292190551758
954,0.954954981803894,87.71129608154297,-0.00021129804372321814,-0.002154366811737418,8.470041275024414
955,0.955955982208252,87.78572845458984,-0.00020894603221677244,-0.0010846026707440615,3.503170967102051
956,0.9569569826126099,87.86021423339844,-0.00020841309742536396,-0.0011244873749092221,3.7966065406799316
957,0.9579579830169678,87.93476104736328,-0.00020861171651631594,-0.0013297880068421364,4.870509624481201
958,0.9589589834213257,88.0093765258789,-0.00020909265731461346,-0.0014874394983053207,5.696845054626465
959,0.9599599838256836,88.08405303955078,-0.00020898826187476516,-0.0015272165182977915,5.950664043426514
960,0.9609609842300415,88.1587905883789,-0.0002064395957859233,-0.0011269012466073036,4.0664825439453125
961,0.9619619846343994,88.23359680175781,-0.00019866862567141652,0.00023513894120696932,-2.7276124954223633
962,0.9629629850387573,88.30846405029297,-0.00019633234478533268,0.00036487201577983797,-3.5347752571105957
963,0.9639639854431152,88.38339233398438,-0.0001951970625668764,0.0004098811186850071,-3.9025518894195557
964,0.9649649858474731,88.45838165283203,-0.00019515692838467658,0.0005579618737101555,-4.773643493652344
965,0.965965986251831,88.53343963623047,-0.0001959539804374799,0.0004114047915209085,-4.118250370025635
966,0.966966986656189,88.60856628417969,-0.00019706488819792867,0.00010121340892510489,-2.588014602661133
967,0.9679679870605469,88.68374633789062,-0.00020415749168023467,0.0014382114168256521,-9.289341926574707
968,0.9689689874649048,88.75899505615234,-0.00020270771346986294,0.0006120101315900683,-5.200601577758789
969,0.9699699878692627,88.83431243896484,-0.00020677284919656813,0.0009868143824860454,-7.028426170349121
970,0.9709709882736206,88.90968322753906,-0.00021206869860179722,0.0017489941092208028,-10.611754417419434
971,0.9719719886779785,88.98513793945312,-0.00020853376190643758,0.0007635541842319071,-5.879495143890381
972,0.9729729890823364,89.06063842773438,-0.00020833653979934752,0.000707601138856262,-5.543492317199707
973,0.9739739894866943,89.13619995117188,-0.00021020825079176575,0.0013506461400538683,-8.528143882751465
974,0.9749749898910522,89.21183776855469,-0.0002084642183035612,0.0011903620325028896,-7.672252655029297
975,0.9759759902954102,89.28753662109375,-0.00020527487504296005,0.0006155624869279563,-4.844613075256348
976,0.9769769906997681,89.36328887939453,-0.00020253873663023114,-0.0005445799906738102,0.8635737895965576
977,0.977977991104126,89.43911743164062,-0.00020298446179367602,-0.00034564133966341615,-0.1660909652709961
978,0.9789789915084839,89.5150146484375,-0.00020371185382828116,-0.00019016633450519294,-1.003230333328247
979,0.9799799919128418,89.59095764160156,-0.00020369605044834316,-0.0007643534918315709,1.7113666534423828
980,0.9809809923171997,89.66697692871094,-0.00020470100571401417,0.0002991443907376379,-3.571932792663574
981,0.9819819927215576,89.7430648803711,-0.00020512702758423984,0.0007513526943512261,-5.76445198059082
982,0.9829829931259155,89.81920623779297,-0.00020321266492828727,0.0007156514911912382,-5.534173965454102
983,0.9839839935302734,89.89541625976562,-0.00020131786004640162,0.0008319980697706342,-6.003533840179443
984,0.9849849939346313,89.97168731689453,-0.00019953984883613884,0.0009808208560571074,-6.636089324951172
985,0.9859859943389893,90.04803466796875,-0.0001974520127987489,0.0009905914776027203,-6.558807849884033
986,0.9869869947433472,90.12445068359375,-0.0001951570447999984,0.00041883604717440903,-3.548449993133545
987,0.9879879951477051,90.20091247558594,-0.00019936411990784109,-0.0007214588695205748,2.3201208114624023
988,0.988988995552063,90.27745819091797,-0.00019815206178463995,-0.00050670828204602,1.2679190635681152
989,0.9899899959564209,90.35404968261719,-0.00019656438962556422,-0.00021577735606115311,-0.22744834423065186
990,0.9909909963607788,90.43071746826172,-0.00019828158838208765,-0.0004800714086741209,1.0715115070343018
991,0.9919919967651367,90.5074462890625,-0.00019396195420995355,0.00017779413610696793,-2.3115034103393555
992,0.9929929971694946,90.58423614501953,-0.0001923673553392291,0.0003620948118623346,-3.3402857780456543
993,0.9939939975738525,90.6611099243164,-0.0001931012375280261,-6.391700298991054e-05,-1.272913932800293
994,0.9949949979782104,90.73802947998047,-0.00018864168669097126,0.0006486966740339994,-5.15578556060791
995,0.9959959983825684,90.81501770019531,-0.00018740352243185043,0.0006173707661218941,-5.117299556732178
996,0.9969969987869263,90.89208221435547,-0.00018692018056754023,0.0005550167406909168,-4.892488479614258
997,0.9979979991912842,90.96920013427734,-0.00018696219194680452,0.0004307862254790962,-4.338995456695557
998,0.9989989995956421,91.04638671875,-0.00018744965200312436,0.0006139372126199305,-5.4144134521484375
999,1.0,91.12364959716797,-0.00018858653493225574,0.0006580331828445196,-5.724165916442871
