index,timestep,Diffusion_Coeff,Divergence,score,pos
0,0.0,39.05299377441406,-0.009246375411748886,-0.056818220764398575,45.34524154663086
1,0.0010010009864345193,39.08612823486328,-0.009260905906558037,-0.06009230390191078,46.097564697265625
2,0.0020020019728690386,39.11929702758789,-0.009033247828483582,-0.07326628267765045,47.74287796020508
3,0.0030030030757188797,39.15248489379883,-0.009254765696823597,-0.05984998866915703,46.43824768066406
4,0.004004003945738077,39.185707092285156,-0.009267791174352169,-0.059013091027736664,46.48933792114258
5,0.005005004815757275,39.218955993652344,-0.009369775652885437,-0.052415091544389725,45.86310958862305
6,0.006006006151437759,39.25223159790039,-0.00926594901829958,-0.0595855638384819,46.67832946777344
7,0.007007007021456957,39.28553771972656,-0.009183723479509354,-0.06418998539447784,47.21650695800781
8,0.008008007891476154,39.31887435913086,-0.008888432756066322,-0.07903651148080826,48.91870880126953
9,0.009009009227156639,39.352237701416016,-0.00899783056229353,-0.07023799419403076,48.0375862121582
10,0.01001000963151455,39.38562774658203,-0.008146155625581741,-0.10764123499393463,52.54142379760742
11,0.011011010967195034,39.41904830932617,-0.008046561852097511,-0.10780521482229233,52.73818588256836
12,0.012012012302875519,39.452491760253906,-0.008491456508636475,-0.0818786472082138,49.74111557006836
13,0.013013012707233429,39.48596954345703,-0.008411134593188763,-0.08050771802663803,49.64042663574219
14,0.014014014042913914,39.51947021484375,-0.008425405248999596,-0.07448312640190125,48.94804000854492
15,0.015015014447271824,39.55300521850586,-0.008531113155186176,-0.0641479566693306,47.72199249267578
16,0.01601601578295231,39.58656692504883,-0.008412487804889679,-0.06423605978488922,47.79556655883789
17,0.01701701618731022,39.620155334472656,-0.008239494636654854,-0.06706821173429489,48.226768493652344
18,0.018018018454313278,39.653770446777344,-0.008238364942371845,-0.06257261335849762,47.765682220458984
19,0.01901901885867119,39.68742370605469,-0.00822483841329813,-0.05834425613284111,47.35559844970703
20,0.0200200192630291,39.721092224121094,-0.008093444630503654,-0.05934125557541847,47.61243438720703
21,0.021021021530032158,39.754798889160156,-0.008042726665735245,-0.05591356381773949,47.30632400512695
22,0.022022021934390068,39.78852844238281,-0.007970727980136871,-0.053763072937726974,47.14439010620117
23,0.023023022338747978,39.82229232788086,-0.007880959659814835,-0.05261913686990738,47.098052978515625
24,0.024024024605751038,39.8560791015625,-0.007779257372021675,-0.053256236016750336,47.26176834106445
25,0.025025025010108948,39.889896392822266,-0.0075762453489005566,-0.060039978474378586,48.244873046875
26,0.026026025414466858,39.92374801635742,-0.007388133555650711,-0.06673742830753326,49.23774719238281
27,0.027027025818824768,39.95762252807617,-0.00729746837168932,-0.06924037635326385,49.67048645019531
28,0.028028028085827827,39.99152755737305,-0.0072471583262085915,-0.07035046070814133,49.90538024902344
29,0.029029028490185738,40.02545928955078,-0.007425338961184025,-0.05895853787660599,48.41724395751953
30,0.030030028894543648,40.05942153930664,-0.007205947767943144,-0.06873596459627151,49.806053161621094
31,0.031031031161546707,40.093414306640625,-0.00711111631244421,-0.07044435292482376,50.13652801513672
32,0.03203203156590462,40.1274299621582,-0.00702064111828804,-0.07291306555271149,50.6075325012207
33,0.03303303197026253,40.16147994995117,-0.0069232843816280365,-0.07662884891033173,51.23878479003906
34,0.03403403237462044,40.195556640625,-0.006577702239155769,-0.09052374958992004,53.37800598144531
35,0.03503503277897835,40.22966384887695,-0.006310481112450361,-0.10042060911655426,55.00276565551758
36,0.036036036908626556,40.263797760009766,-0.006145208142697811,-0.10543203353881836,55.94346237182617
37,0.03703703731298447,40.29795837402344,-0.006266927346587181,-0.09889717400074005,55.008785247802734
38,0.03803803771734238,40.3321533203125,-0.0060582454316318035,-0.10555629432201385,56.20592498779297
39,0.03903903812170029,40.36637878417969,-0.006074980832636356,-0.1025666669011116,55.84735107421875
40,0.0400400385260582,40.40062713623047,-0.005973006132990122,-0.10384295135736465,56.21226501464844
41,0.04104103893041611,40.434906005859375,-0.00605347566306591,-0.09664446115493774,55.22605895996094
42,0.042042043060064316,40.469215393066406,-0.006090976297855377,-0.09037946164608002,54.467613220214844
43,0.043043043464422226,40.50355529785156,-0.006462466903030872,-0.06758207082748413,51.05533218383789
44,0.044044043868780136,40.53792190551758,-0.00654056528583169,-0.05724620819091797,49.619346618652344
45,0.045045044273138046,40.572322845458984,-0.006530236452817917,-0.05444401130080223,49.2901725769043
46,0.046046044677495956,40.606746673583984,-0.006477356888353825,-0.05541585013270378,49.52507781982422
47,0.04704704508185387,40.641197204589844,-0.00626936974003911,-0.06898493319749832,51.731605529785156
48,0.048048049211502075,40.67568588256836,-0.006359856575727463,-0.06039505824446678,50.454952239990234
49,0.049049049615859985,40.71019744873047,-0.006402951665222645,-0.05153067782521248,49.16571807861328
50,0.050050050020217896,40.7447395324707,-0.00635521998628974,-0.05064553767442703,49.13930130004883
51,0.051051050424575806,40.77931213378906,-0.006271363236010075,-0.0484972819685936,48.961612701416016
52,0.052052050828933716,40.81391143798828,-0.006141181103885174,-0.05556603521108627,50.26272201538086
53,0.053053051233291626,40.84854507446289,-0.006087468937039375,-0.03962550684809685,47.804290771484375
54,0.054054051637649536,40.88320541381836,-0.005986473523080349,-0.03621523827314377,47.343421936035156
55,0.055055055767297745,40.91789627075195,-0.005659759044647217,-0.020813629031181335,44.76094055175781
56,0.056056056171655655,40.952613830566406,-0.005134353414177895,-0.0062705716118216515,42.06264877319336
57,0.057057056576013565,40.987361907958984,-0.005348364822566509,-0.015247223898768425,43.75380325317383
58,0.058058056980371475,41.02214431762695,-0.0054015167988836765,-0.01936807855963707,44.51702117919922
59,0.059059057384729385,41.056949615478516,-0.005197852849960327,-0.014821839518845081,43.683311462402344
60,0.060060057789087296,41.0917854309082,-0.00509077962487936,-0.014235422015190125,43.59477996826172
61,0.061061061918735504,41.12665557861328,-0.005183844827115536,-0.020726041868329048,44.91544723510742
62,0.062062062323093414,41.16154479980469,-0.005091796163469553,-0.019711188971996307,44.785255432128906
63,0.06306306272745132,41.19647216796875,-0.004983959719538689,-0.01734009198844433,44.384761810302734
64,0.06406406313180923,41.23143005371094,-0.004874321632087231,-0.015432911925017834,44.08095169067383
65,0.06506506353616714,41.266414642333984,-0.004747867584228516,-0.013781663961708546,43.795291900634766
66,0.06606606394052505,41.301429748535156,-0.004305616021156311,-0.002862793393433094,41.41630172729492
67,0.06706706434488297,41.33647537231445,-0.0042507229372859,-0.004051851108670235,41.6906852722168
68,0.06806806474924088,41.37154769897461,-0.004118002951145172,-0.004119477234780788,41.65642547607422
69,0.06906906515359879,41.406654357910156,-0.0040041739121079445,-0.004114226903766394,41.53150177001953
70,0.0700700655579567,41.44178771972656,-0.003779072780162096,-0.0004326839989516884,40.39012145996094
71,0.0710710734128952,41.476951599121094,-0.003649916499853134,0.0007464017835445702,39.825374603271484
72,0.07207207381725311,41.512142181396484,-0.003629517275840044,-0.0014583294978365302,40.19349670410156
73,0.07307307422161102,41.547367095947266,-0.0036734486930072308,-0.005374934524297714,41.07148361206055
74,0.07407407462596893,41.582618713378906,-0.003586597740650177,-0.0036257707979530096,40.48099899291992
75,0.07507507503032684,41.61790466308594,-0.0033693714067339897,0.005269113928079605,37.89289474487305
76,0.07607607543468475,41.65321731567383,-0.003358613234013319,0.006236465647816658,37.664405822753906
77,0.07707707583904266,41.688560485839844,-0.003311116248369217,0.00827610120177269,37.150657653808594
78,0.07807807624340057,41.72393035888672,-0.0032506799325346947,0.010073632001876831,36.73243713378906
79,0.07907907664775848,41.75933074951172,-0.0032601591665297747,0.008444815874099731,37.26641082763672
80,0.0800800770521164,41.794769287109375,-0.0032884711399674416,0.006022395566105843,37.97332763671875
81,0.0810810774564743,41.830230712890625,-0.0032873402815312147,0.004284711554646492,38.44600296020508
82,0.08208207786083221,41.865726470947266,-0.0031436732970178127,0.007869013585150242,37.263885498046875
83,0.08308307826519012,41.9012451171875,-0.0031559779308736324,0.006592917256057262,37.57393264770508
84,0.08408408612012863,41.93680191040039,-0.003284175880253315,0.00044483738020062447,39.37788772583008
85,0.08508508652448654,41.97238540649414,-0.0031059710308909416,0.007147941738367081,37.19330978393555
86,0.08608608692884445,42.00799560546875,-0.0030630093533545732,0.008055184967815876,36.78377914428711
87,0.08708708733320236,42.043643951416016,-0.002856350503861904,0.01174685824662447,35.363006591796875
88,0.08808808773756027,42.079315185546875,-0.0028558364138007164,0.010235417634248734,35.67251205444336
89,0.08908908814191818,42.115020751953125,-0.0019507277756929398,0.017147241160273552,32.539730072021484
90,0.09009008854627609,42.1507568359375,-0.0018791728653013706,0.016067536547780037,32.6267204284668
91,0.091091088950634,42.186519622802734,-0.001330874627456069,0.017014505341649055,31.522409439086914
92,0.09209208935499191,42.22231674194336,-0.00190150854177773,0.01339624635875225,33.355712890625
93,0.09309308975934982,42.258140563964844,-0.0017566557507961988,0.013418159447610378,33.16111755371094
94,0.09409409016370773,42.29399490356445,-0.0008647599024698138,0.015957899391651154,31.03715705871582
95,0.09509509056806564,42.32988739013672,-0.0014135269448161125,0.014049659483134747,32.559871673583984
96,0.09609609842300415,42.36580276489258,-0.0015554246492683887,0.013252658769488335,33.078617095947266
97,0.09709709882736206,42.40175247192383,-0.0016368196811527014,0.012715638615190983,33.38645935058594
98,0.09809809923171997,42.4377326965332,-0.001833583926782012,0.011489205062389374,34.01493453979492
99,0.09909909963607788,42.473731994628906,-0.0021207628306001425,0.008887127041816711,35.1363525390625
100,0.10010010004043579,42.5097770690918,-0.002393136965110898,0.005139118526130915,36.599029541015625
101,0.1011011004447937,42.545841217041016,-0.002447225619107485,0.0037416715640574694,37.03352737426758
102,0.10210210084915161,42.58195114135742,-0.0021743238903582096,0.006896135862916708,35.54780960083008
103,0.10310310125350952,42.618080139160156,-0.0021385876461863518,0.007017133757472038,35.391475677490234
104,0.10410410165786743,42.65423583984375,-0.0024783629924058914,0.002221666043624282,37.388710021972656
105,0.10510510206222534,42.6904296875,-0.0022657779045403004,0.005603174213320017,35.90021514892578
106,0.10610610246658325,42.726654052734375,-0.0025100046768784523,0.0015166980447247624,37.528194427490234
107,0.10710710287094116,42.762908935546875,-0.0021071003284305334,0.006926910486072302,35.06422424316406
108,0.10810810327529907,42.799190521240234,-0.0024664991069585085,0.0009535698918625712,37.50556564331055
109,0.10910911113023758,42.83551025390625,-0.0025287712924182415,-0.001402796944603324,38.37950134277344
110,0.11011011153459549,42.871856689453125,-0.002640591701492667,-0.00571022043004632,40.02898025512695
111,0.1111111119389534,42.90822982788086,-0.0025255149230360985,-0.003154294565320015,39.071258544921875
112,0.11211211234331131,42.94463348388672,-0.0024449885822832584,-0.002529992489144206,38.804481506347656
113,0.11311311274766922,42.9810791015625,-0.0023050629533827305,-0.0013322040904313326,38.24602508544922
114,0.11411411315202713,43.017547607421875,-0.0023291760589927435,-0.0033102910965681076,39.02830505371094
115,0.11511511355638504,43.054054260253906,-0.0015982164768502116,0.0034092203713953495,35.4863166809082
116,0.11611611396074295,43.090579986572266,-0.000770319951698184,0.0063628810457885265,32.56819152832031
117,0.11711711436510086,43.127140045166016,-0.0007700315909460187,0.005946228746324778,32.61273956298828
118,0.11811811476945877,43.16373825073242,-0.0010347641073167324,0.004953066818416119,33.53273391723633
119,0.11911911517381668,43.20035934448242,-0.0005642491159960628,0.006279026158154011,31.90255355834961
120,0.12012011557817459,43.23701477050781,-0.0012444222811609507,0.004247575532644987,34.228729248046875
121,0.1211211159825325,43.27370834350586,-0.0016159379156306386,0.0018826277228072286,35.79365921020508
122,0.12212212383747101,43.3104248046875,-0.0017918669618666172,0.00016037165187299252,36.69817352294922
123,0.12312312424182892,43.34716796875,-0.001719999359920621,0.0004957086639478803,36.43630599975586
124,0.12412412464618683,43.38395309448242,-0.001753230462782085,-0.00029738753801211715,36.79736328125
125,0.12512512505054474,43.42076110839844,-0.0018904464086517692,-0.0023701100144535303,37.83116912841797
126,0.12612612545490265,43.45760726928711,-0.001893155975267291,-0.0031001621391624212,38.1519775390625
127,0.12712712585926056,43.494476318359375,-0.002021373249590397,-0.005300139542669058,39.29494094848633
128,0.12812812626361847,43.5313835144043,-0.0018549286760389805,-0.003436043858528137,38.37464904785156
129,0.12912912666797638,43.56832504272461,-0.002013149671256542,-0.005781452637165785,39.63693618774414
130,0.1301301270723343,43.605289459228516,-0.002213475527241826,-0.009619426913559437,41.54166030883789
131,0.1311311274766922,43.64228820800781,-0.0021645298693329096,-0.008689377456903458,41.169288635253906
132,0.1321321278810501,43.679317474365234,-0.0022892276756465435,-0.012147437781095505,42.71192169189453
133,0.13313312828540802,43.71638107299805,-0.0022688349708914757,-0.012410369701683521,42.738067626953125
134,0.13413412868976593,43.753475189208984,-0.002261694520711899,-0.013090338557958603,42.91385269165039
135,0.13513512909412384,43.79059600830078,-0.0020607297774404287,-0.010310008190572262,41.38019943237305
136,0.13613612949848175,43.827762603759766,-0.001994092483073473,-0.010702604427933693,41.299964904785156
137,0.13713712990283966,43.86494445800781,-0.0019430936081334949,-0.01092979684472084,41.211952209472656
138,0.13813813030719757,43.902164459228516,-0.002030516043305397,-0.013409160077571869,42.36903381347656
139,0.13913913071155548,43.93941879272461,-0.0018406526651233435,-0.009938962757587433,40.57306671142578
140,0.1401401311159134,43.9766960144043,-0.002077472396194935,-0.014924498274922371,43.16450881958008
141,0.1411411464214325,44.014015197753906,-0.0020237460266798735,-0.01346287876367569,42.52981185913086
142,0.1421421468257904,44.051361083984375,-0.002135277260094881,-0.016524195671081543,44.08272171020508
143,0.14314314723014832,44.08873748779297,-0.002180401235818863,-0.018664220348000526,45.164634704589844
144,0.14414414763450623,44.12614822387695,-0.0021111099049448967,-0.017000462859869003,44.475467681884766
145,0.14514514803886414,44.1635856628418,-0.0019955476745963097,-0.014406614936888218,43.29631423950195
146,0.14614614844322205,44.20106506347656,-0.002007424598559737,-0.01546385232359171,43.89643859863281
147,0.14714714884757996,44.238563537597656,-0.002056731143966317,-0.01753126084804535,44.99424362182617
148,0.14814814925193787,44.27610778808594,-0.002096231561154127,-0.01939103566110134,45.93998718261719
149,0.14914914965629578,44.31366729736328,-0.0020799327176064253,-0.019076701253652573,45.80009078979492
150,0.1501501500606537,44.35126876831055,-0.002054433338344097,-0.018433472141623497,45.429359436035156
151,0.1511511504650116,44.38890075683594,-0.001958339475095272,-0.015812940895557404,44.00980758666992
152,0.1521521508693695,44.426570892333984,-0.001786466222256422,-0.012038828805088997,41.858985900878906
153,0.15315315127372742,44.464263916015625,-0.001963516464456916,-0.016131334006786346,43.8985595703125
154,0.15415415167808533,44.50199508666992,-0.001977996900677681,-0.016554147005081177,43.969764709472656
155,0.15515515208244324,44.53975296020508,-0.0019695924129337072,-0.016884934157133102,43.988250732421875
156,0.15615615248680115,44.57754898071289,-0.0018472590018063784,-0.014543634839355946,42.620697021484375
157,0.15715715289115906,44.6153678894043,-0.0017205816693603992,-0.012828411534428596,41.52043914794922
158,0.15815815329551697,44.653228759765625,-0.0013437534216791391,-0.008480130694806576,38.57810592651367
159,0.15915915369987488,44.69111251831055,-0.0010673634242266417,-0.006703594699501991,36.99126434326172
160,0.1601601541042328,44.72903823852539,-0.0008751449640840292,-0.005929470993578434,36.03943634033203
161,0.1611611545085907,44.76698684692383,-0.0005776950856670737,-0.00476560415700078,34.412479400634766
162,0.1621621549129486,44.804969787597656,-0.00012856852845288813,-0.003764556022360921,31.74704360961914
163,0.16316315531730652,44.842987060546875,-0.00021064442989882082,-0.0036347315181046724,32.267662048339844
164,0.16416415572166443,44.88103485107422,-0.00013464930816553533,-0.0037034377455711365,31.809051513671875
165,0.16516515612602234,44.91912078857422,-5.490265539265238e-05,-0.004068604204803705,31.297826766967773
166,0.16616615653038025,44.95723342895508,0.00029928807634860277,-0.004907946102321148,28.467939376831055
167,0.16716717183589935,44.99538040161133,0.00029472404276020825,-0.00532895140349865,28.299041748046875
168,0.16816817224025726,45.03356170654297,0.0006298697553575039,-0.007353848312050104,24.62675666809082
169,0.16916917264461517,45.071773529052734,0.0006175350863486528,-0.007576338015496731,24.402996063232422
170,0.17017017304897308,45.110015869140625,0.00065037322929129,-0.008132721297442913,23.425262451171875
171,0.171171173453331,45.14828872680664,0.0004690745263360441,-0.006649317219853401,25.84507179260254
172,0.1721721738576889,45.18659973144531,0.00041021511424332857,-0.006255649030208588,26.416725158691406
173,0.17317317426204681,45.22494125366211,0.0005348194390535355,-0.007134189363569021,24.354995727539062
174,0.17417417466640472,45.2633171081543,0.0005138868000358343,-0.007225285284221172,24.13324737548828
175,0.17517517507076263,45.30172348022461,0.00044186890590935946,-0.00729556055739522,24.446979522705078
176,0.17617617547512054,45.34016036987305,0.00018312463362235576,-0.006666491739451885,27.79189109802246
177,0.17717717587947845,45.37863540649414,4.8283367505064234e-05,-0.00694805895909667,29.285503387451172
178,0.17817817628383636,45.41713333129883,0.0001597751397639513,-0.007345360703766346,27.94068145751953
179,0.17917917668819427,45.45567321777344,0.00017653784016147256,-0.007393366191536188,27.956573486328125
180,0.18018017709255219,45.49424362182617,0.0001128036092268303,-0.007067744620144367,29.20326042175293
181,0.1811811774969101,45.53284454345703,0.00012451125076040626,-0.006811538245528936,29.386476516723633
182,0.182182177901268,45.571475982666016,0.00040561880450695753,-0.0076549360528588295,25.545379638671875
183,0.18318317830562592,45.610145568847656,0.000495184154715389,-0.008490662090480328,23.65870475769043
184,0.18418417870998383,45.64884567260742,0.0004707567277364433,-0.008352324366569519,24.11931037902832
185,0.18518517911434174,45.68758010864258,0.0004564820264931768,-0.00849255733191967,24.028648376464844
186,0.18618617951869965,45.726348876953125,0.0004612841294147074,-0.008868053555488586,23.407392501831055
187,0.18718717992305756,45.76514434814453,0.0004036430036649108,-0.008688351139426231,24.156051635742188
188,0.18818818032741547,45.803977966308594,0.00045149342622607946,-0.009400262497365475,22.72612762451172
189,0.18918918073177338,45.84284210205078,0.0004390215908642858,-0.009460058063268661,22.775665283203125
190,0.1901901811361313,45.881744384765625,0.00029281849856488407,-0.008752626366913319,25.127796173095703
191,0.1911911815404892,45.92066955566406,0.00021533870312850922,-0.008577359840273857,26.385595321655273
192,0.1921921968460083,45.95963668823242,0.0003438612329773605,-0.0090938126668334,24.810104370117188
193,0.1931931972503662,45.99863052368164,0.00048194764531217515,-0.010075964964926243,22.52309799194336
194,0.19419419765472412,46.037662506103516,0.0005203766049817204,-0.01070945430546999,21.284828186035156
195,0.19519519805908203,46.07672882080078,0.00048104487359523773,-0.00952922273427248,23.50515365600586
196,0.19619619846343994,46.115821838378906,0.0005430134478956461,-0.010315679013729095,21.841833114624023
197,0.19719719886779785,46.15495300292969,0.0005647753132507205,-0.010628904215991497,21.17731475830078
198,0.19819819927215576,46.194114685058594,0.0005445814458653331,-0.009960389696061611,22.22603988647461
199,0.19919919967651367,46.23331069946289,0.0004065193352289498,-0.008977077901363373,24.196535110473633
200,0.20020020008087158,46.27254104614258,0.0004663972940761596,-0.009562859311699867,22.92499542236328
201,0.2012012004852295,46.31180191040039,0.0003893775283358991,-0.009277326986193657,23.678434371948242
202,0.2022022008895874,46.35110092163086,0.00024684087838977575,-0.008878587745130062,25.313003540039062
203,0.2032032012939453,46.39043045043945,0.0002938569523394108,-0.009329904802143574,24.343400955200195
204,0.20420420169830322,46.42979049682617,0.0003074331907555461,-0.009617744944989681,23.92233657836914
205,0.20520520210266113,46.46918487548828,0.00031887239310890436,-0.009739448316395283,23.777469635009766
206,0.20620620250701904,46.50861740112305,0.00034674847847782075,-0.009882942773401737,23.305389404296875
207,0.20720720291137695,46.54807662963867,0.000357289332896471,-0.00984467938542366,23.271526336669922
208,0.20820820331573486,46.58757400512695,0.00034939160104840994,-0.009692901745438576,23.592893600463867
209,0.20920920372009277,46.62710189819336,0.0003196538891643286,-0.009585771709680557,23.975208282470703
210,0.21021020412445068,46.666664123535156,0.0002618323196657002,-0.009370822459459305,25.063901901245117
211,0.2112112045288086,46.706260681152344,0.00023150125343818218,-0.009454101324081421,25.339019775390625
212,0.2122122049331665,46.74589157104492,7.887974788900465e-05,-0.009177949279546738,28.05205726623535
213,0.21321320533752441,46.78555679321289,9.573603165335953e-05,-0.00934609305113554,27.23727035522461
214,0.21421420574188232,46.825252532958984,0.0001525623956695199,-0.009532222524285316,25.540578842163086
215,0.21521520614624023,46.864990234375,0.00014145432214718312,-0.009539319202303886,25.291250228881836
216,0.21621620655059814,46.90475082397461,0.00010267153265886009,-0.009449100121855736,25.88150405883789
217,0.21721720695495605,46.94455337524414,0.00014900724636390805,-0.009493845514953136,25.130882263183594
218,0.21821822226047516,46.98438262939453,0.00030071637593209743,-0.010210811160504818,22.008148193359375
219,0.21921922266483307,47.024253845214844,0.0002157528215320781,-0.009607520885765553,24.38108253479004
220,0.22022022306919098,47.064151763916016,0.00010779823060147464,-0.009358042851090431,26.554346084594727
221,0.2212212234735489,47.104087829589844,0.00010098070924868807,-0.009523369371891022,26.5044002532959
222,0.2222222238779068,47.14405059814453,5.223430343903601e-05,-0.009620142169296741,27.27503204345703
223,0.2232232242822647,47.18405532836914,9.949119703378528e-05,-0.009871043264865875,25.685949325561523
224,0.22422422468662262,47.22409439086914,5.148646596353501e-05,-0.009885324165225029,26.725341796875
225,0.22522522509098053,47.264163970947266,-5.2179799240548164e-05,-0.00997999869287014,29.02577018737793
226,0.22622622549533844,47.304264068603516,-5.4647505749017e-05,-0.01004332210868597,29.000194549560547
227,0.22722722589969635,47.34440231323242,-1.2530139429145493e-05,-0.01003661286085844,27.93851661682129
228,0.22822822630405426,47.384578704833984,-9.080798190552741e-05,-0.010086682625114918,29.629865646362305
229,0.22922922670841217,47.424781799316406,-9.290403977502137e-05,-0.00999651849269867,29.622100830078125
230,0.23023022711277008,47.465023040771484,-4.8682341002859175e-05,-0.009864707477390766,28.514795303344727
231,0.231231227517128,47.50529479980469,-7.607357110828161e-05,-0.009906685911118984,28.856142044067383
232,0.2322322279214859,47.54560470581055,-2.843202673830092e-05,-0.009903819300234318,27.475584030151367
233,0.2332332283258438,47.58594512939453,-4.240666748955846e-05,-0.00997630413621664,27.50310707092285
234,0.23423422873020172,47.62632369995117,-8.724848157726228e-05,-0.010164637118577957,28.373945236206055
235,0.23523522913455963,47.6667366027832,-9.332400077255443e-05,-0.010303488932549953,28.341697692871094
236,0.23623622953891754,47.707176208496094,-1.3255155863589607e-05,-0.010264739394187927,25.817302703857422
237,0.23723722994327545,47.74766540527344,3.207615009159781e-07,-0.010272087529301643,25.1773681640625
238,0.23823823034763336,47.788177490234375,4.9064851737057324e-06,-0.010263349860906601,24.87187385559082
239,0.23923923075199127,47.8287239074707,4.2928761104121804e-05,-0.010343235917389393,22.47270393371582
240,0.24024023115634918,47.86930847167969,-5.9839476307388395e-06,-0.010355067439377308,24.6972713470459
241,0.2412412315607071,47.9099235534668,-7.27742190065328e-07,-0.010436126962304115,23.815221786499023
242,0.242242231965065,47.95058059692383,-2.155545644200174e-06,-0.010505227372050285,23.271015167236328
243,0.2432432323694229,47.99126052856445,1.806950785976369e-05,-0.010557923465967178,21.0559024810791
244,0.24424424767494202,48.031982421875,1.2223003977851477e-05,-0.010559731163084507,21.844446182250977
245,0.24524524807929993,48.07273864746094,-8.729462933843024e-06,-0.010552864521741867,23.494094848632812
246,0.24624624848365784,48.113529205322266,-2.535576277296059e-05,-0.010564054362475872,24.267255783081055
247,0.24724724888801575,48.154354095458984,-5.541367136174813e-05,-0.010583355091512203,25.218467712402344
248,0.24824824929237366,48.19520950317383,3.6779732909053564e-05,-0.010511419735848904,22.682661056518555
249,0.24924924969673157,48.236106872558594,3.50810878444463e-05,-0.010468615218997002,23.141399383544922
250,0.2502502501010895,48.277034759521484,-1.580532443767879e-05,-0.010415589436888695,25.003929138183594
251,0.2512512505054474,48.317996978759766,0.00012404072913341224,-0.01058578584343195,21.68259048461914
252,0.2522522509098053,48.35899353027344,4.996130883228034e-05,-0.010433663614094257,23.702789306640625
253,0.2532532513141632,48.40003204345703,-2.1942400053376332e-05,-0.010533073917031288,25.144432067871094
254,0.2542542517185211,48.44109344482422,-9.5516716100974e-06,-0.010656710714101791,24.05415916442871
255,0.25525525212287903,48.48219680786133,-9.76141745923087e-06,-0.010763709433376789,23.04480743408203
256,0.25625625252723694,48.52333450317383,-4.972790520696435e-06,-0.010816537775099277,20.98006820678711
257,0.25725725293159485,48.564510345458984,-2.8758162443409674e-05,-0.01084494311362505,21.30783462524414
258,0.25825825333595276,48.605712890625,-4.675508535001427e-05,-0.01085701584815979,21.05138397216797
259,0.25925925374031067,48.64695739746094,-7.2106922743842e-05,-0.010920515283942223,21.92746925354004
260,0.2602602541446686,48.688236236572266,-9.875041723717004e-05,-0.01099521666765213,23.11353874206543
261,0.2612612545490265,48.729549407958984,-0.00011242149048484862,-0.01099002081900835,23.678916931152344
262,0.2622622549533844,48.770896911621094,-0.00010427049710415304,-0.010919787921011448,23.50541114807129
263,0.2632632553577423,48.812278747558594,-0.0001160806932603009,-0.011010387912392616,24.376985549926758
264,0.2642642557621002,48.85369110107422,-0.00013965429388917983,-0.01114414818584919,25.74839210510254
265,0.26526525616645813,48.895145416259766,-0.00016113053425215185,-0.011257676407694817,26.833148956298828
266,0.26626625657081604,48.93663787841797,-0.00011744584480766207,-0.011048076674342155,25.554981231689453
267,0.26726725697517395,48.97815704345703,-0.00015717826317995787,-0.011308037675917149,27.256929397583008
268,0.26826825737953186,49.01971435546875,-0.0001838430907810107,-0.011542489752173424,28.388750076293945
269,0.26926925778388977,49.061309814453125,-0.0001502332161180675,-0.011417497880756855,27.10097885131836
270,0.2702702581882477,49.10293960571289,-0.00013835940626449883,-0.011422812007367611,26.158967971801758
271,0.2712712585926056,49.14460754394531,-0.00017580883286427706,-0.011757788248360157,27.238306045532227
272,0.2722722589969635,49.18630599975586,-0.00020471226889640093,-0.012070397846400738,27.738271713256836
273,0.2732732594013214,49.2280387878418,-0.0001932739105541259,-0.0119842030107975,26.266687393188477
274,0.2742742598056793,49.26980972290039,-0.00021519820438697934,-0.012209214270114899,26.5227108001709
275,0.27527526021003723,49.31161880493164,-0.00028569684945978224,-0.013125265017151833,29.48273277282715
276,0.27627626061439514,49.35345458984375,-0.00029209518106654286,-0.013205839321017265,29.250959396362305
277,0.27727726101875305,49.39533233642578,-0.000308623886667192,-0.013477278873324394,29.91415786743164
278,0.27827826142311096,49.4372444152832,-0.00031197204953059554,-0.013568991795182228,30.10417938232422
279,0.27927926182746887,49.479190826416016,-0.0002980646677315235,-0.013337709940969944,29.298751831054688
280,0.2802802622318268,49.52117156982422,-0.00028942376957274973,-0.013215477578341961,29.008853912353516
281,0.2812812626361847,49.56319046020508,-0.00027153483824804425,-0.012953206896781921,28.11992835998535
282,0.282282292842865,49.60525131225586,-0.0002737436443567276,-0.013110075145959854,28.46721076965332
283,0.2832832932472229,49.6473388671875,-0.0003044496406801045,-0.013807759620249271,30.561586380004883
284,0.2842842936515808,49.6894645690918,-0.00033124361652880907,-0.01441214233636856,32.18840789794922
285,0.2852852940559387,49.73162841796875,-0.0003166618989780545,-0.014135250821709633,31.131929397583008
286,0.28628629446029663,49.77382278442383,-0.00029158632969483733,-0.013590500690042973,29.286672592163086
287,0.28728729486465454,49.81605911254883,-0.0002775463508442044,-0.013215710408985615,28.249176025390625
288,0.28828829526901245,49.85832595825195,-0.00027304410468786955,-0.01304361131042242,28.043371200561523
289,0.28928929567337036,49.900630950927734,-0.0002831490128301084,-0.013141673989593983,28.728309631347656
290,0.29029029607772827,49.94297409057617,-0.00028946754173375666,-0.013192343525588512,29.05962371826172
291,0.2912912964820862,49.985355377197266,-0.00029044452821835876,-0.013177085667848587,28.940574645996094
292,0.2922922968864441,50.02776336669922,-0.00030470796627923846,-0.013453098945319653,29.661426544189453
293,0.293293297290802,50.07020950317383,-0.0003376664826646447,-0.01432717777788639,32.15953826904297
294,0.2942942976951599,50.11269760131836,-0.0003286677529104054,-0.014108940027654171,31.328027725219727
295,0.2952952980995178,50.155216217041016,-0.00033813342452049255,-0.014454517513513565,32.210880279541016
296,0.29629629850387573,50.197776794433594,-0.00037109479308128357,-0.015505969524383545,35.083187103271484
297,0.29729729890823364,50.2403678894043,-0.0003613900044001639,-0.015299222432076931,34.50858688354492
298,0.29829829931259155,50.282997131347656,-0.00035317958099767566,-0.015020636841654778,33.71564865112305
299,0.29929929971694946,50.32566452026367,-0.0003798531834036112,-0.015655875205993652,35.565673828125
300,0.3003003001213074,50.36836242675781,-0.00040773022919893265,-0.01613518036901951,36.9202766418457
301,0.3013013005256653,50.41109848022461,-0.0004580191452987492,-0.016894226893782616,38.82433319091797
302,0.3023023009300232,50.45387649536133,-0.00046717235818505287,-0.016800357028841972,38.761539459228516
303,0.3033033013343811,50.49668502807617,-0.0005606077029369771,-0.018005134537816048,41.27305603027344
304,0.304304301738739,50.53953552246094,-0.0006138301687315106,-0.018607329577207565,42.367828369140625
305,0.3053053021430969,50.58241653442383,-0.0006009516655467451,-0.01812213845551014,41.64811706542969
306,0.30630630254745483,50.625335693359375,-0.0006853712256997824,-0.019421644508838654,43.74195098876953
307,0.30730730295181274,50.66829299926758,-0.0006481368909589946,-0.018603375181555748,42.63591766357422
308,0.30830830335617065,50.71128463745117,-0.0006484123878180981,-0.01865779608488083,42.845062255859375
309,0.30930930376052856,50.754310607910156,-0.000715647533070296,-0.020246557891368866,45.32173538208008
310,0.3103103041648865,50.79737854003906,-0.0006858034757897258,-0.020006710663437843,45.13137435913086
311,0.3113113045692444,50.840476989746094,-0.0006621230859309435,-0.019917940720915794,45.12345886230469
312,0.3123123049736023,50.88361358642578,-0.0006741444813087583,-0.020564846694469452,46.160621643066406
313,0.3133133053779602,50.92679214477539,-0.0006413602968677878,-0.02013629861176014,45.60785675048828
314,0.3143143057823181,50.97000503540039,-0.0006332115735858679,-0.020124828442931175,45.69203186035156
315,0.315315306186676,51.01325225830078,-0.0006126272492110729,-0.019828418269753456,45.25983428955078
316,0.31631630659103394,51.056541442871094,-0.0007235858356580138,-0.022206749767065048,48.87602996826172
317,0.31731730699539185,51.099857330322266,-0.0006940230377949774,-0.02148541994392872,47.89469909667969
318,0.31831830739974976,51.14321517944336,-0.0006784686702303588,-0.021123303100466728,47.40568923950195
319,0.31931930780410767,51.186614990234375,-0.0006856875261291862,-0.021285412833094597,47.721290588378906
320,0.3203203082084656,51.23004913330078,-0.0006528866942971945,-0.020620400086045265,46.77154541015625
321,0.3213213086128235,51.27351379394531,-0.0006745276041328907,-0.021168280392885208,47.613746643066406
322,0.3223223090171814,51.317020416259766,-0.0007349383668042719,-0.022701123729348183,49.755863189697266
323,0.3233233094215393,51.36056137084961,-0.0007599574164487422,-0.023563096299767494,50.80059051513672
324,0.3243243098258972,51.40414047241211,-0.0008234320557676256,-0.025767166167497635,53.50556564331055
325,0.3253253102302551,51.44776153564453,-0.000756801338866353,-0.024280259385704994,51.58277130126953
326,0.32632631063461304,51.49141311645508,-0.0007180614629760385,-0.023588359355926514,50.59857940673828
327,0.32732731103897095,51.53510284423828,-0.0006656201439909637,-0.022537706419825554,49.026458740234375
328,0.32832831144332886,51.578834533691406,-0.0005622219759970903,-0.02023419365286827,45.23493194580078
329,0.32932931184768677,51.622596740722656,-0.0005342797376215458,-0.019664164632558823,44.18971252441406
330,0.3303303122520447,51.66639709472656,-0.0005592275410890579,-0.020261172205209732,45.306819915771484
331,0.3313313126564026,51.71023941040039,-0.0005545734311453998,-0.020144572481513023,45.16130065917969
332,0.3323323130607605,51.754112243652344,-0.0005157968844287097,-0.01923607662320137,43.53464126586914
333,0.3333333432674408,51.79802703857422,-0.0005215315613895655,-0.019297612830996513,43.767303466796875
334,0.3343343436717987,51.84197998046875,-0.0005411118036136031,-0.01966744288802147,44.53604507446289
335,0.3353353440761566,51.88597106933594,-0.0005359572824090719,-0.019578002393245697,44.35821533203125
336,0.3363363444805145,51.92999267578125,-0.0005150994984433055,-0.019081469625234604,43.41268539428711
337,0.33733734488487244,51.974056243896484,-0.0005050025647506118,-0.018827421590685844,42.905174255371094
338,0.33833834528923035,52.018157958984375,-0.000471862789709121,-0.017993152141571045,41.199928283691406
339,0.33933934569358826,52.06229782104492,-0.00048439588863402605,-0.018199585378170013,41.60826873779297
340,0.34034034609794617,52.106468200683594,-0.0004320889129303396,-0.016888543963432312,38.783931732177734
341,0.3413413465023041,52.15068054199219,-0.00046213503810577095,-0.01752866432070732,40.26873016357422
342,0.342342346906662,52.19493103027344,-0.00042190004023723304,-0.016616694629192352,38.21357727050781
343,0.3433433473110199,52.23921585083008,-0.0004078913480043411,-0.01634339429438114,37.53181076049805
344,0.3443443477153778,52.283546447753906,-0.000395335431676358,-0.016108036041259766,36.823646545410156
345,0.3453453481197357,52.327911376953125,-0.00040247809374704957,-0.016375314444303513,37.38640594482422
346,0.34634634852409363,52.372310638427734,-0.00039000302786007524,-0.016059601679444313,36.533294677734375
347,0.34734734892845154,52.416744232177734,-0.00041318254079669714,-0.016792606562376022,38.27981185913086
348,0.34834834933280945,52.46122360229492,-0.0003721567918546498,-0.015527311712503433,34.89946746826172
349,0.34934934973716736,52.505733489990234,-0.00036713603185489774,-0.015370383858680725,34.299495697021484
350,0.35035035014152527,52.55028533935547,-0.0003580832271836698,-0.01499167364090681,33.186279296875
351,0.3513513505458832,52.594879150390625,-0.0003690252488013357,-0.015459914691746235,34.44432067871094
352,0.3523523509502411,52.639503479003906,-0.00037805811734870076,-0.015786433592438698,35.37216567993164
353,0.353353351354599,52.68416976928711,-0.0003712934267241508,-0.015475625172257423,34.759681701660156
354,0.3543543517589569,52.72887420654297,-0.0003816004900727421,-0.015757374465465546,35.80464553833008
355,0.3553553521633148,52.77360916137695,-0.0003865234029944986,-0.01580861210823059,36.2020378112793
356,0.35635635256767273,52.81839370727539,-0.00039283616933971643,-0.01593027636408806,36.64434051513672
357,0.35735735297203064,52.86320495605469,-0.0004269146593287587,-0.0168062262237072,38.79433822631836
358,0.35835835337638855,52.90806198120117,-0.0004984518745914102,-0.018604349344968796,42.5529670715332
359,0.35935935378074646,52.95295333862305,-0.0004806625656783581,-0.01841171458363533,41.88036346435547
360,0.36036035418510437,52.99788284301758,-0.0004436620220076293,-0.017696494236588478,39.96733474731445
361,0.3613613545894623,53.0428581237793,-0.0004623255808837712,-0.01834450662136078,41.20692443847656
362,0.3623623549938202,53.087860107421875,-0.00042396390927024186,-0.01726342923939228,38.74809265136719
363,0.3633633553981781,53.13290786743164,-0.0004012793942820281,-0.016531363129615784,37.02922058105469
364,0.364364355802536,53.1779899597168,-0.00039926142198964953,-0.016465405002236366,36.92168045043945
365,0.3653653562068939,53.223114013671875,-0.00040542188799008727,-0.016729287803173065,37.539520263671875
366,0.36636635661125183,53.268272399902344,-0.00039069593185558915,-0.016267508268356323,36.297115325927734
367,0.36736735701560974,53.31346893310547,-0.00037799018900841475,-0.015790987759828568,35.048362731933594
368,0.36836835741996765,53.358707427978516,-0.0003744546265807003,-0.015655314549803734,34.74921417236328
369,0.36936935782432556,53.40398025512695,-0.00035957491490989923,-0.014904848299920559,32.73747634887695
370,0.37037035822868347,53.44929885864258,-0.00037145326496101916,-0.0155192781239748,34.446109771728516
371,0.3713713586330414,53.49464797973633,-0.00034830113872885704,-0.014281116425991058,31.058460235595703
372,0.3723723590373993,53.5400390625,-0.00034404138568788767,-0.014107988215982914,30.57044219970703
373,0.3733733594417572,53.58546829223633,-0.0003557547170203179,-0.01490835752338171,32.82128143310547
374,0.3743743598461151,53.63093566894531,-0.000332918600179255,-0.013523906469345093,28.673362731933594
375,0.375375360250473,53.67644500732422,-0.0003312469634693116,-0.013461707159876823,28.272159576416016
376,0.37637636065483093,53.721988677978516,-0.00032434138120152056,-0.012772965244948864,25.972888946533203
377,0.37737736105918884,53.76757049560547,-0.00032747338991612196,-0.013168958947062492,27.1298885345459
378,0.37837836146354675,53.813194274902344,-0.0003201039507985115,-0.012354003265500069,24.621932983398438
379,0.37937936186790466,53.858856201171875,-0.00031611783197149634,-0.01184774748980999,23.09900665283203
380,0.3803803622722626,53.9045524597168,-0.0003195956232957542,-0.012698669917881489,25.901723861694336
381,0.3813813626766205,53.950294494628906,-0.00032250757794827223,-0.013071765191853046,27.24730110168457
382,0.3823823630809784,53.996070861816406,-0.0003227382549084723,-0.013112577609717846,27.650041580200195
383,0.3833833634853363,54.04188919067383,-0.00033059041015803814,-0.013750621117651463,29.923648834228516
384,0.3843843936920166,54.08774185180664,-0.00032587521127425134,-0.013418096117675304,29.20387840270996
385,0.3853853940963745,54.133636474609375,-0.0003215215401723981,-0.013103097677230835,28.555355072021484
386,0.3863863945007324,54.1795654296875,-0.00030757501372136176,-0.012065577320754528,25.651395797729492
387,0.38738739490509033,54.22554016113281,-0.0003129222022835165,-0.012537727132439613,27.536357879638672
388,0.38838839530944824,54.271549224853516,-0.00030029239133000374,-0.011918325908482075,25.67937660217285
389,0.38938939571380615,54.317596435546875,-0.00028389954240992665,-0.011234224773943424,23.259492874145508
390,0.39039039611816406,54.363685607910156,-0.00028152961749583483,-0.011353041976690292,23.52574920654297
391,0.391391396522522,54.40981674194336,-0.000274660880677402,-0.011061407625675201,22.265892028808594
392,0.3923923969268799,54.45597839355469,-0.00029230359359644353,-0.012193233706057072,25.94684600830078
393,0.3933933973312378,54.502193450927734,-0.0003032702661585063,-0.012706599198281765,27.223506927490234
394,0.3943943977355957,54.54843521118164,-0.0003121467016171664,-0.012973988428711891,27.696739196777344
395,0.3953953981399536,54.59471893310547,-0.00031726405723020434,-0.01278399582952261,26.77066993713379
396,0.3963963985443115,54.64104080200195,-0.0003237070341128856,-0.012622343376278877,26.080881118774414
397,0.39739739894866943,54.68740463256836,-0.00032785418443381786,-0.012234950438141823,24.849857330322266
398,0.39839839935302734,54.73381042480469,-0.00032871056464500725,-0.011489025317132473,22.677570343017578
399,0.39939939975738525,54.780250549316406,-0.0003296337090432644,-0.01098422147333622,21.298534393310547
400,0.40040040016174316,54.82673263549805,-0.0003274242044426501,-0.010380341671407223,19.671653747558594
401,0.4014014005661011,54.87324905395508,-0.0003212963929399848,-0.009024144150316715,15.680389404296875
402,0.402402400970459,54.91980743408203,-0.0003142331843264401,-0.008220328949391842,13.285199165344238
403,0.4034034013748169,54.96641540527344,-0.00031350558856502175,-0.007875551469624043,12.353554725646973
404,0.4044044017791748,55.01305389404297,-0.00031297560781240463,-0.007699933834373951,11.906638145446777
405,0.4054054021835327,55.059730529785156,-0.0003120440524071455,-0.007058416958898306,9.897988319396973
406,0.4064064025878906,55.106449127197266,-0.00031140854116529226,-0.007031558081507683,9.847423553466797
407,0.40740740299224854,55.1532096862793,-0.000311863434035331,-0.007648285944014788,11.869621276855469
408,0.40840840339660645,55.200008392333984,-0.0003160114283673465,-0.008675831370055676,15.16302490234375
409,0.40940940380096436,55.24684524536133,-0.0003182506770826876,-0.009295107796788216,17.075925827026367
410,0.41041040420532227,55.293724060058594,-0.0003161901840940118,-0.009555852971971035,17.839820861816406
411,0.4114114046096802,55.340641021728516,-0.000314974517095834,-0.010155371390283108,19.7303409576416
412,0.4124124050140381,55.38759231567383,-0.0003102045739069581,-0.009765601716935635,18.554262161254883
413,0.413413405418396,55.43458938598633,-0.00030692186555825174,-0.009817029349505901,18.8314208984375
414,0.4144144058227539,55.481624603271484,-0.00030747440177947283,-0.010145796462893486,19.995866775512695
415,0.4154154062271118,55.52870178222656,-0.00030333243194036186,-0.009909585118293762,19.38163948059082
416,0.4164164066314697,55.5758171081543,-0.0003024601028300822,-0.009788921102881432,19.115861892700195
417,0.41741740703582764,55.62297439575195,-0.0002928773465100676,-0.008890070952475071,16.217281341552734
418,0.41841840744018555,55.67017364501953,-0.00030991516541689634,-0.009423251263797283,18.03980255126953
419,0.41941940784454346,55.71741485595703,-0.0003148609830532223,-0.009238638915121555,17.415027618408203
420,0.42042040824890137,55.764686584472656,-0.00032424862729385495,-0.010003398172557354,19.73332977294922
421,0.4214214086532593,55.81200408935547,-0.0003220540820620954,-0.009350772947072983,17.671432495117188
422,0.4224224090576172,55.85935592651367,-0.0003211229923181236,-0.009121454320847988,16.944419860839844
423,0.4234234094619751,55.90675735473633,-0.00031637505162507296,-0.00886050146073103,16.162090301513672
424,0.424424409866333,55.954193115234375,-0.000322775129461661,-0.009234475903213024,17.41067886352539
425,0.4254254102706909,56.00166702270508,-0.0003209795104339719,-0.008679943159222603,15.67685317993164
426,0.42642641067504883,56.04918670654297,-0.0003211689763702452,-0.007788563147187233,12.934679985046387
427,0.42742741107940674,56.096744537353516,-0.00033473261282779276,-0.007511072792112827,12.246477127075195
428,0.42842841148376465,56.14434814453125,-0.00034537649480625987,-0.007612842135131359,12.650328636169434
429,0.42942941188812256,56.191978454589844,-0.00035075616324320436,-0.007890218868851662,13.474485397338867
430,0.43043041229248047,56.239662170410156,-0.00035023619420826435,-0.007789806928485632,13.15471363067627
431,0.4314314126968384,56.287384033203125,-0.00034896223223768175,-0.008022727444767952,13.754584312438965
432,0.4324324131011963,56.335140228271484,-0.0003518935991451144,-0.008542013354599476,15.190181732177734
433,0.4334334135055542,56.3829460144043,-0.00035467767156660557,-0.008168143220245838,14.096056938171387
434,0.4344344139099121,56.430782318115234,-0.0003465402696747333,-0.009701860137283802,18.412700653076172
435,0.43543541431427,56.478668212890625,-0.0003509119269438088,-0.008813157677650452,15.850479125976562
436,0.4364364445209503,56.526588439941406,-0.0003450741060078144,-0.009278953075408936,17.18546485900879
437,0.4374374449253082,56.574554443359375,-0.00033828834421001375,-0.009734128601849079,18.49829864501953
438,0.43843844532966614,56.62255859375,-0.000334648706484586,-0.009883766993880272,18.943477630615234
439,0.43943944573402405,56.67060089111328,-0.0003379008558113128,-0.009323718957602978,17.281579971313477
440,0.44044044613838196,56.718685150146484,-0.00034557917388156056,-0.008269407786428928,14.207293510437012
441,0.44144144654273987,56.76681137084961,-0.00034789013443514705,-0.008132786490023136,13.830931663513184
442,0.4424424469470978,56.814979553222656,-0.0003566988743841648,-0.007200850639492273,11.234197616577148
443,0.4434434473514557,56.86318588256836,-0.00036055658711120486,-0.006582825910300016,9.539987564086914
444,0.4444444477558136,56.911434173583984,-0.00035987820592708886,-0.006944252643734217,10.560385704040527
445,0.4454454481601715,56.95972442626953,-0.00035339719033800066,-0.008178879506886005,14.083375930786133
446,0.4464464485645294,57.008056640625,-0.00034590682480484247,-0.008957506157457829,16.4221248626709
447,0.44744744896888733,57.056427001953125,-0.000347074237652123,-0.008386297151446342,14.94786262512207
448,0.44844844937324524,57.10483932495117,-0.00034718395909294486,-0.008005078881978989,14.077794075012207
449,0.44944944977760315,57.153297424316406,-0.00034772412618622184,-0.00713500939309597,11.792680740356445
450,0.45045045018196106,57.20178985595703,-0.0003473690594546497,-0.007678416557610035,13.594185829162598
451,0.45145145058631897,57.25032424926758,-0.0003479840815998614,-0.008134202100336552,15.134078979492188
452,0.4524524509906769,57.29890060424805,-0.0003489566734060645,-0.008121345192193985,15.26234245300293
453,0.4534534513950348,57.3475227355957,-0.00035010441206395626,-0.008352500386536121,16.034217834472656
454,0.4544544517993927,57.396183013916016,-0.0003436258703004569,-0.007470037322491407,13.556079864501953
455,0.4554554522037506,57.444881439208984,-0.00034118950134143233,-0.006670047529041767,11.24106216430664
456,0.4564564526081085,57.49362564086914,-0.00035019987262785435,-0.006263368297368288,10.104567527770996
457,0.45745745301246643,57.54240417480469,-0.00035973754711449146,-0.007123670540750027,12.537067413330078
458,0.45845845341682434,57.59122848510742,-0.00036800451925955713,-0.007573576644062996,13.727304458618164
459,0.45945945382118225,57.640098571777344,-0.0003676131018437445,-0.008417146280407906,15.934211730957031
460,0.46046045422554016,57.68900680541992,-0.00037381413858383894,-0.007600054144859314,13.614011764526367
461,0.46146145462989807,57.73795700073242,-0.00037142785731703043,-0.007899903692305088,14.31496810913086
462,0.462462455034256,57.786949157714844,-0.00037441900349222124,-0.006481367163360119,10.41514778137207
463,0.4634634554386139,57.83598327636719,-0.00037433323450386524,-0.005813386291265488,8.551803588867188
464,0.4644644558429718,57.88505554199219,-0.00037164887180551887,-0.005591886583715677,7.806024074554443
465,0.4654654562473297,57.934165954589844,-0.00037860096199437976,-0.004770435392856598,5.471900939941406
466,0.4664664566516876,57.98332977294922,-0.00038583262357860804,-0.004142545163631439,3.826107978820801
467,0.46746745705604553,58.03252410888672,-0.0004102398524992168,-0.0019321901490911841,-1.6933670043945312
468,0.46846845746040344,58.08176803588867,-0.00038936478085815907,-0.0029187279287725687,0.7653186321258545
469,0.46946945786476135,58.131046295166016,-0.00040529531543143094,-0.001582929166033864,-2.711557388305664
470,0.47047045826911926,58.18037414550781,-0.00044264987809583545,-0.00015754559717606753,-6.302359580993652
471,0.4714714586734772,58.229740142822266,-0.00040314655052497983,-0.0014955514343455434,-3.407485008239746
472,0.4724724590778351,58.27914810180664,-0.00038726767525076866,-0.0019796632695943117,-2.452115774154663
473,0.473473459482193,58.32859802246094,-0.0004061328945681453,-0.0014490933390334249,-3.9489314556121826
474,0.4744744598865509,58.37809371948242,-0.00044998707016929984,-0.00015562715998385102,-6.956940174102783
475,0.4754754602909088,58.42762756347656,-0.0004335478297434747,-0.00046243390534073114,-6.187500953674316
476,0.4764764606952667,58.47719955444336,-0.00040673866169527173,-0.0010306999320164323,-4.6967973709106445
477,0.47747746109962463,58.52682113647461,-0.00044395876466296613,0.0004614964418578893,-8.101676940917969
478,0.47847846150398254,58.57647705078125,-0.00039719208143651485,-0.0009472347446717322,-4.648137092590332
479,0.47947946190834045,58.626182556152344,-0.000391844951082021,-0.001218122080899775,-3.915959119796753
480,0.48048046231269836,58.675926208496094,-0.0004056915349792689,-0.0004591155156958848,-5.686115264892578
481,0.4814814627170563,58.725711822509766,-0.00038698993739672005,-0.0015194640727713704,-2.8138515949249268
482,0.4824824631214142,58.775543212890625,-0.00040257273940369487,-0.0006054013501852751,-4.914039611816406
483,0.4834834635257721,58.82541275024414,-0.00040396227268502116,-0.000632326235063374,-4.685920715332031
484,0.48448446393013,58.875328063964844,-0.000391081819543615,-0.00148854311555624,-2.4188852310180664
485,0.4854854643344879,58.92528533935547,-0.00039917946560308337,-0.0012820475967600942,-2.865494966506958
486,0.4864864647388458,58.97528076171875,-0.00041316531132906675,-0.0006164014921523631,-4.331356048583984
487,0.4874874949455261,59.025325775146484,-0.0004187522572465241,-0.0002957696851808578,-4.8666486740112305
488,0.48848849534988403,59.07540512084961,-0.00042932547512464225,0.00024646552628837526,-6.003669738769531
489,0.48948949575424194,59.12553024291992,-0.00045699672773480415,0.0018134101992473006,-9.479195594787598
490,0.49049049615859985,59.17570114135742,-0.0004542001406662166,0.0017163330921903253,-9.268172264099121
491,0.49149149656295776,59.22591781616211,-0.00046862714225426316,0.0032354064751416445,-12.610467910766602
492,0.4924924969673157,59.27616500854492,-0.00046473293332383037,0.003084711264818907,-12.41927433013916
493,0.4934934973716736,59.32646560668945,-0.00047161654219962656,0.004180983640253544,-14.935633659362793
494,0.4944944977760315,59.376800537109375,-0.0004686863685492426,0.003865654580295086,-14.458166122436523
495,0.4954954981803894,59.427181243896484,-0.0004648456524591893,0.003351885126903653,-13.500395774841309
496,0.4964964985847473,59.47761154174805,-0.00047357959556393325,0.003993374761193991,-14.9512357711792
497,0.4974974989891052,59.528072357177734,-0.00047633866779506207,0.00407002680003643,-15.106350898742676
498,0.49849849939346313,59.57858657836914,-0.00048599846195429564,0.005240954924374819,-17.512489318847656
499,0.49949949979782104,59.62913513183594,-0.0004904918605461717,0.0055976128205657005,-18.205530166625977
500,0.500500500202179,59.67972946166992,-0.0004903200315311551,0.005036329384893179,-16.98300552368164
501,0.5015015006065369,59.73036575317383,-0.0004949265858158469,0.005957844667136669,-18.77983283996582
502,0.5025025010108948,59.78105163574219,-0.0004937894409522414,0.0054510850459337234,-17.69973373413086
503,0.5035035014152527,59.83177947998047,-0.0004962384700775146,0.006673110648989677,-20.150054931640625
504,0.5045045018196106,59.88254165649414,-0.0004916986217722297,0.005463572219014168,-17.703384399414062
505,0.5055055022239685,59.93335723876953,-0.0004859204054810107,0.004059668630361557,-14.819822311401367
506,0.5065065026283264,59.98421096801758,-0.0004834957071579993,0.004090352449566126,-14.858284950256348
507,0.5075075030326843,60.03510665893555,-0.0004787826619576663,0.0037175207398831844,-14.042614936828613
508,0.5085085034370422,60.08604431152344,-0.0004766120109707117,0.004080600570887327,-14.7494478225708
509,0.5095095038414001,60.13703155517578,-0.00045998531277291477,0.002368662506341934,-11.07436466217041
510,0.5105105042457581,60.18806076049805,-0.00046987272799015045,0.003382425755262375,-13.257845878601074
511,0.511511504650116,60.2391242980957,-0.00047240834101103246,0.0039011489134281874,-14.376702308654785
512,0.5125125050544739,60.29024124145508,-0.0004709327477030456,0.003738213097676635,-14.073824882507324
513,0.5135135054588318,60.341392517089844,-0.00046016633859835565,0.0027539769653230906,-11.980770111083984
514,0.5145145058631897,60.39259719848633,-0.00045714384759776294,0.002665618434548378,-11.817937850952148
515,0.5155155062675476,60.44384002685547,-0.0004506724944803864,0.0023059872910380363,-11.067550659179688
516,0.5165165066719055,60.495121002197266,-0.00045190038508735597,0.0025252727791666985,-11.508310317993164
517,0.5175175070762634,60.54645538330078,-0.0004638113605324179,0.003732315730303526,-14.061683654785156
518,0.5185185074806213,60.59783172607422,-0.00046178174670785666,0.003920357674360275,-14.427079200744629
519,0.5195195078849792,60.64924621582031,-0.0004558511427603662,0.0037899815943092108,-14.13432788848877
520,0.5205205082893372,60.700706481933594,-0.0004411053378134966,0.0028934243600815535,-12.117218971252441
521,0.5215215086936951,60.75221252441406,-0.00044867541873827577,0.0038880796637386084,-14.366539001464844
522,0.522522509098053,60.80376434326172,-0.0004424472281243652,0.003450860967859626,-13.428120613098145
523,0.5235235095024109,60.85535430908203,-0.0004534865147434175,0.004935828968882561,-16.782276153564453
524,0.5245245099067688,60.90699005126953,-0.0004587142029777169,0.005963537376374006,-19.06853485107422
525,0.5255255103111267,60.95866775512695,-0.0004517333582043648,0.005031893029808998,-17.06356430053711
526,0.5265265107154846,61.01039123535156,-0.000453262182418257,0.0052256095223128796,-17.547828674316406
527,0.5275275111198425,61.06216049194336,-0.0004643305146601051,0.006908839102834463,-21.290245056152344
528,0.5285285115242004,61.11397171020508,-0.0004615257494151592,0.00626227306202054,-19.96282196044922
529,0.5295295119285583,61.165828704833984,-0.00046675564954057336,0.006847463082522154,-21.30926513671875
530,0.5305305123329163,61.21773147583008,-0.00046940046013332903,0.00719710998237133,-22.14153289794922
531,0.5315315127372742,61.26966857910156,-0.00047100422671064734,0.0076307738199830055,-23.143802642822266
532,0.5325325131416321,61.3216552734375,-0.00047369254752993584,0.008322369307279587,-24.68446922302246
533,0.53353351354599,61.373695373535156,-0.00047831726260483265,0.009387612342834473,-26.961711883544922
534,0.5345345139503479,61.4257698059082,-0.00047878368059173226,0.009595963172614574,-27.40875244140625
535,0.5355355143547058,61.47788619995117,-0.0004749828658532351,0.009118618443608284,-26.312332153320312
536,0.5365365147590637,61.530052185058594,-0.0004759417206514627,0.009448502212762833,-26.908798217773438
537,0.5375375151634216,61.5822639465332,-0.0004686170141212642,0.008281953632831573,-24.31535530090332
538,0.5385385155677795,61.63451385498047,-0.00046953640412539244,0.008777550421655178,-25.349884033203125
539,0.5395395755767822,61.68681716918945,-0.0004738320130854845,0.009666966274380684,-27.281421661376953
540,0.5405405759811401,61.73915481567383,-0.000477827648865059,0.010163988918066025,-28.370689392089844
541,0.541541576385498,61.791542053222656,-0.0004805234493687749,0.010521975345909595,-29.167980194091797
542,0.542542576789856,61.843971252441406,-0.0004766611382365227,0.010071668773889542,-28.30378532409668
543,0.5435435771942139,61.89645004272461,-0.0004737787530757487,0.009757040068507195,-27.66095542907715
544,0.5445445775985718,61.94896697998047,-0.00047447605174966156,0.009958072565495968,-28.072509765625
545,0.5455455780029297,62.001529693603516,-0.00047404991346411407,0.010108254849910736,-28.350526809692383
546,0.5465465784072876,62.05413818359375,-0.0004784255288541317,0.010847432538866997,-29.809106826782227
547,0.5475475788116455,62.10679244995117,-0.00047610350884497166,0.010611111298203468,-29.20869255065918
548,0.5485485792160034,62.159488677978516,-0.0004756862763315439,0.010811894200742245,-29.501117706298828
549,0.5495495796203613,62.21223068237305,-0.0004762574681080878,0.011075801216065884,-29.900604248046875
550,0.5505505800247192,62.26502227783203,-0.0004767545033246279,0.011413391679525375,-30.442087173461914
551,0.5515515804290771,62.31785202026367,-0.00047313334653154016,0.010999827645719051,-29.42739486694336
552,0.5525525808334351,62.3707275390625,-0.0004793689586222172,0.012778853066265583,-33.08496856689453
553,0.553553581237793,62.42365264892578,-0.0004810693790204823,0.01393740065395832,-35.553707122802734
554,0.5545545816421509,62.476619720458984,-0.0004721128789242357,0.013091251254081726,-33.92385482788086
555,0.5555555820465088,62.52962875366211,-0.0004690149798989296,0.01303489413112402,-34.011295318603516
556,0.5565565824508667,62.58268737792969,-0.00048124598106369376,0.0147475590929389,-37.8313102722168
557,0.5575575828552246,62.63578796386719,-0.0004815965367015451,0.014455772936344147,-37.40996170043945
558,0.5585585832595825,62.688934326171875,-0.0004751713713631034,0.0133427819237113,-35.310672760009766
559,0.5595595836639404,62.74212646484375,-0.00048208609223365784,0.013840517029166222,-36.58580780029297
560,0.5605605840682983,62.79536437988281,-0.0004876737657468766,0.01376543752849102,-36.562374114990234
561,0.5615615844726562,62.8486442565918,-0.0004978157812729478,0.014406139962375164,-37.93832778930664
562,0.5625625848770142,62.901973724365234,-0.0005027092411182821,0.014807225205004215,-38.75077438354492
563,0.5635635852813721,62.955345153808594,-0.0004885013331659138,0.013433261774480343,-35.93337631225586
564,0.56456458568573,63.008766174316406,-0.0004862555069848895,0.013289747759699821,-35.532798767089844
565,0.5655655860900879,63.062225341796875,-0.000494670937769115,0.014524981379508972,-37.86995315551758
566,0.5665665864944458,63.11573791503906,-0.0004892621655017138,0.01427531149238348,-37.22990417480469
567,0.5675675868988037,63.16929244995117,-0.0004947468405589461,0.015765726566314697,-40.239166259765625
568,0.5685685873031616,63.2228889465332,-0.0004955452168360353,0.016742849722504616,-42.28793716430664
569,0.5695695877075195,63.27653503417969,-0.0005053991917520761,0.018441330641508102,-45.71794509887695
570,0.5705705881118774,63.33022689819336,-0.00048538570990785956,0.015905147418379784,-40.631351470947266
571,0.5715715885162354,63.38396072387695,-0.0004902320797555149,0.016212690621614456,-41.31106948852539
572,0.5725725889205933,63.437744140625,-0.0004968357388861477,0.016952037811279297,-42.98225784301758
573,0.5735735893249512,63.4915657043457,-0.0005082504358142614,0.018226874992251396,-45.69795227050781
574,0.5745745897293091,63.545440673828125,-0.0005152719677425921,0.018999112769961357,-47.42055892944336
575,0.575575590133667,63.599361419677734,-0.0005096389213576913,0.018307063728570938,-46.261993408203125
576,0.5765765905380249,63.65332794189453,-0.0005039188545197248,0.017962943762540817,-45.836448669433594
577,0.5775775909423828,63.707332611083984,-0.0005066015291959047,0.01841045171022415,-46.92295837402344
578,0.5785785913467407,63.761390686035156,-0.0005069248145446181,0.018478091806173325,-47.19748306274414
579,0.5795795917510986,63.815494537353516,-0.0005057103699073195,0.018421033397316933,-47.20100784301758
580,0.5805805921554565,63.8696403503418,-0.0005045692669227719,0.018507543951272964,-47.447059631347656
581,0.5815815925598145,63.92383575439453,-0.0004935422330163419,0.017518693581223488,-45.437225341796875
582,0.5825825929641724,63.97807693481445,-0.00047994981287047267,0.016626788303256035,-43.67409896850586
583,0.5835835933685303,64.03236389160156,-0.0004681090940721333,0.01578972488641739,-41.93998336791992
584,0.5845845937728882,64.0866928100586,-0.00047353486297652125,0.016340212896466255,-43.05503845214844
585,0.5855855941772461,64.14107513427734,-0.0004632936033885926,0.014967513270676136,-40.040252685546875
586,0.586586594581604,64.19549560546875,-0.00045960996067151427,0.014453483745455742,-38.96943283081055
587,0.5875875949859619,64.24996948242188,-0.0004605259164236486,0.014695744030177593,-39.65236282348633
588,0.5885885953903198,64.30448150634766,-0.0004483714874368161,0.01364529225975275,-37.49800109863281
589,0.5895895957946777,64.35903930664062,-0.00043676045606844127,0.012534355744719505,-35.14065933227539
590,0.5905905961990356,64.41365814208984,-0.0004257637192495167,0.010992560535669327,-31.631084442138672
591,0.5915915966033936,64.46830749511719,-0.0004271480720490217,0.011126156896352768,-31.975513458251953
592,0.5925925970077515,64.52301025390625,-0.00042625213973224163,0.011183665134012699,-32.084285736083984
593,0.5935935974121094,64.5777587890625,-0.0004251368809491396,0.011711678467690945,-33.27682113647461
594,0.5945945978164673,64.63255310058594,-0.0004198055830784142,0.011262346059083939,-32.17719650268555
595,0.5955955982208252,64.68739318847656,-0.0004161623655818403,0.010723141953349113,-30.853229522705078
596,0.5965965986251831,64.74227905273438,-0.00042113117524422705,0.0120069095864892,-33.944278717041016
597,0.597597599029541,64.7972183227539,-0.0004150936147198081,0.011403354816138744,-32.70580291748047
598,0.5985985994338989,64.8521957397461,-0.0004099602228961885,0.010883946903049946,-31.70208740234375
599,0.5995995998382568,64.9072265625,-0.0004079249920323491,0.01051564421504736,-30.978199005126953
600,0.6006006002426147,64.96229553222656,-0.00040814117528498173,0.010622167028486729,-31.29126739501953
601,0.6016016006469727,65.01741790771484,-0.0004065460816491395,0.010040432214736938,-29.826778411865234
602,0.6026026010513306,65.07258605957031,-0.0004102697130292654,0.010275022126734257,-30.29038429260254
603,0.6036036014556885,65.12779998779297,-0.00041171893826685846,0.01029257569462061,-30.25787353515625
604,0.6046046018600464,65.18305969238281,-0.0004049263661727309,0.008132599294185638,-24.937671661376953
605,0.6056056022644043,65.23836517333984,-0.00040155486203730106,0.007552899420261383,-23.527442932128906
606,0.6066066026687622,65.2937240600586,-0.0003993496939074248,0.007349912077188492,-23.076147079467773
607,0.6076076030731201,65.34912872314453,-0.00040076510049402714,0.007896007969975471,-24.50864028930664
608,0.608608603477478,65.40457916259766,-0.00040032569086179137,0.00767320953309536,-24.030073165893555
609,0.6096096038818359,65.46007537841797,-0.0004014766891486943,0.00786514487117529,-24.562856674194336
610,0.6106106042861938,65.51561737060547,-0.0004053622542414814,0.008707004599273205,-26.685773849487305
611,0.6116116046905518,65.57120513916016,-0.00039902908611111343,0.007697916589677334,-24.239788055419922
612,0.6126126050949097,65.62684631347656,-0.0003951872349716723,0.007090841885656118,-22.680185317993164
613,0.6136136054992676,65.68252563476562,-0.0003944439522456378,0.006917417515069246,-22.16977310180664
614,0.6146146059036255,65.7382583618164,-0.0003981863847002387,0.007846272550523281,-24.435075759887695
615,0.6156156063079834,65.79403686523438,-0.0004011097480542958,0.008903970010578632,-27.01365089416504
616,0.6166166067123413,65.84986877441406,-0.0004004904185421765,0.009040088392794132,-27.304101943969727
617,0.6176176071166992,65.9057388305664,-0.0003988243406638503,0.008556999266147614,-26.085384368896484
618,0.6186186075210571,65.96166229248047,-0.0003954619460273534,0.007695822045207024,-23.932886123657227
619,0.619619607925415,66.01763153076172,-0.0003947641816921532,0.007560079451650381,-23.616748809814453
620,0.620620608329773,66.07364654541016,-0.0003930447855964303,0.005988287273794413,-19.670047760009766
621,0.6216216087341309,66.12971496582031,-0.0003940422320738435,0.0061861928552389145,-20.239336013793945
622,0.6226226091384888,66.18582916259766,-0.00039626104990020394,0.006591358222067356,-21.288047790527344
623,0.6236236095428467,66.24198150634766,-0.0004032166616525501,0.008345432579517365,-25.661209106445312
624,0.6246246099472046,66.29818725585938,-0.0004009481053799391,0.007801470346748829,-24.276500701904297
625,0.6256256103515625,66.35443878173828,-0.00039706577081233263,0.0072371987625956535,-22.837522506713867
626,0.6266266107559204,66.4107437133789,-0.0003967121010646224,0.0074014062993228436,-23.23396110534668
627,0.6276276111602783,66.46709442138672,-0.00039554655086249113,0.007109185680747032,-22.497785568237305
628,0.6286286115646362,66.52349090576172,-0.00039391673635691404,0.006077169440686703,-19.8809814453125
629,0.6296296119689941,66.57994079589844,-0.00039318896597251296,0.006470233667641878,-20.860952377319336
630,0.630630612373352,66.63642883300781,-0.0003911368257831782,0.006621933076530695,-21.244842529296875
631,0.63163161277771,66.6929702758789,-0.0003881058655679226,0.0059883808717131615,-19.639707565307617
632,0.6326326131820679,66.74955749511719,-0.00038721959572285414,0.006438091397285461,-20.844709396362305
633,0.6336336135864258,66.80619812011719,-0.0003852174268104136,0.006157114636152983,-20.138614654541016
634,0.6346346139907837,66.86288452148438,-0.0003833767550531775,0.005114409606903791,-17.435731887817383
635,0.6356356143951416,66.91961669921875,-0.00038321479223668575,0.004348899703472853,-15.467826843261719
636,0.6366366147994995,66.97640228271484,-0.0003815909440163523,0.003438957268372178,-13.150921821594238
637,0.6376376152038574,67.0332260131836,-0.0003858308191411197,0.0041514174081385136,-15.102806091308594
638,0.6386386156082153,67.0901107788086,-0.00037761498242616653,0.0025231121107935905,-11.002568244934082
639,0.6396396160125732,67.14703369140625,-0.00038385315565392375,0.0031778537668287754,-12.869953155517578
640,0.6406406164169312,67.20401000976562,-0.0003882245800923556,0.003720563603565097,-14.366729736328125
641,0.6416416764259338,67.26103210449219,-0.00038033543387427926,0.0025039121974259615,-11.2518892288208
642,0.6426426768302917,67.31810760498047,-0.00037215728661976755,0.0017346694367006421,-9.1743803024292
643,0.6436436772346497,67.37522888183594,-0.0003822047438006848,0.0031975454185158014,-12.948023796081543
644,0.6446446776390076,67.4323959350586,-0.0003771943738684058,0.003138594329357147,-12.681705474853516
645,0.6456456780433655,67.48960876464844,-0.0003749899915419519,0.0044577703811228275,-16.09996223449707
646,0.6466466784477234,67.546875,-0.000370137975551188,0.004263076465576887,-15.542288780212402
647,0.6476476788520813,67.60418701171875,-0.0003675398766063154,0.004035281017422676,-14.921563148498535
648,0.6486486792564392,67.66155242919922,-0.0003616971953306347,0.0026549077592790127,-11.163415908813477
649,0.6496496796607971,67.71896362304688,-0.00036723422817885876,0.004356003366410732,-15.885496139526367
650,0.650650680065155,67.77642822265625,-0.00036718830233439803,0.004044304136186838,-15.102246284484863
651,0.6516516804695129,67.83393859863281,-0.00036480731796473265,0.002912564668804407,-12.147590637207031
652,0.6526526808738708,67.89148712158203,-0.00036330134025774896,0.0023564936127513647,-10.813178062438965
653,0.6536536812782288,67.9490966796875,-0.0003555926086846739,0.0014670075615867972,-8.521689414978027
654,0.6546546816825867,68.00675201416016,-0.0003526910440996289,0.0012111179530620575,-7.888096809387207
655,0.6556556820869446,68.064453125,-0.0003620016505010426,0.0021654432639479637,-10.470641136169434
656,0.6566566824913025,68.1222152709961,-0.00036136104608885944,0.0022727842442691326,-10.665884017944336
657,0.6576576828956604,68.18000793457031,-0.00036675436422228813,0.003416897961869836,-13.67955207824707
658,0.6586586833000183,68.23786163330078,-0.0003570641565602273,0.0020498146768659353,-9.759544372558594
659,0.6596596837043762,68.29576110839844,-0.00035238818963989615,0.0017116840463131666,-8.640608787536621
660,0.6606606841087341,68.35371398925781,-0.00034137253533117473,0.0009157126769423485,-6.174984931945801
661,0.661661684513092,68.41171264648438,-0.00033086526673287153,0.00027283240342512727,-4.054440975189209
662,0.66266268491745,68.46975708007812,-0.00031325436430051923,-0.0011050882749259472,0.4033054709434509
663,0.6636636853218079,68.5278549194336,-0.0003100447356700897,-0.0013308837078511715,1.24942946434021
664,0.6646646857261658,68.58599853515625,-0.0003048898361157626,-0.001960199326276779,3.3451831340789795
665,0.6656656861305237,68.64419555664062,-0.00030471361242234707,-0.002009817399084568,3.4729599952697754
666,0.6666666865348816,68.70243835449219,-0.0003028698265552521,-0.0027189734391868114,5.701107025146484
667,0.6676676869392395,68.76073455810547,-0.00030406384030357003,-0.002298465697094798,4.178861141204834
668,0.6686686873435974,68.81907653808594,-0.000309380964608863,-0.0016682466957718134,1.9968805313110352
669,0.6696696877479553,68.87747192382812,-0.00032205559546127915,-0.0007529627764597535,-1.0161020755767822
670,0.6706706881523132,68.9359130859375,-0.00032279553124681115,-0.0006987960659898818,-1.2842423915863037
671,0.6716716885566711,68.9944076538086,-0.0003381490532774478,0.00038927813875488937,-4.6626386642456055
672,0.672672688961029,69.05294799804688,-0.0003470990341156721,0.0012886730255559087,-7.420397758483887
673,0.673673689365387,69.11154174804688,-0.0003251477610319853,-0.00012220519420225173,-3.389439105987549
674,0.6746746897697449,69.17018127441406,-0.0003233242314308882,-1.8465394532540813e-05,-3.8323800563812256
675,0.6756756901741028,69.22887420654297,-0.00032351500703953207,0.00022460486798081547,-4.648934841156006
676,0.6766766905784607,69.2876205444336,-0.00030283903470262885,-0.0009631696157157421,-0.8300999402999878
677,0.6776776909828186,69.34640502929688,-0.00030214013531804085,-0.0009618397452868521,-0.7996747493743896
678,0.6786786913871765,69.4052505493164,-0.00031269638566300273,-0.0003101495385635644,-2.8529701232910156
679,0.6796796917915344,69.4641342163086,-0.0003177087055519223,2.0949910322087817e-05,-3.785834312438965
680,0.6806806921958923,69.52307891845703,-0.0003058877191506326,-0.0007244420703500509,-1.2637132406234741
681,0.6816816926002502,69.58206939697266,-0.00031273934291675687,-0.00025074847508221865,-2.6943562030792236
682,0.6826826930046082,69.64111328125,-0.0003100549802184105,-0.00046771843335591257,-1.8879891633987427
683,0.6836836934089661,69.7001953125,-0.0003123224014416337,-0.00038038374623283744,-2.080944538116455
684,0.684684693813324,69.75934600830078,-0.0003129264514427632,-0.000553271034732461,-1.4821544885635376
685,0.6856856942176819,69.81852722167969,-0.00031352488440461457,-0.0008796368492767215,-0.43731093406677246
686,0.6866866946220398,69.87776947021484,-0.0003150669508613646,-0.0010850788094103336,0.19101500511169434
687,0.6876876950263977,69.93706512451172,-0.00032513629412278533,-0.0002705056103877723,-2.3839190006256104
688,0.6886886954307556,69.99640655517578,-0.0003321054973639548,0.0002461327821947634,-4.0056843757629395
689,0.6896896958351135,70.05580139160156,-0.00033779756631702185,0.0007517899503000081,-5.525478363037109
690,0.6906906962394714,70.11524200439453,-0.0003479024744592607,0.001885289791971445,-8.808328628540039
691,0.6916916966438293,70.17473602294922,-0.0003351938503328711,0.0008965468150563538,-5.901279449462891
692,0.6926926970481873,70.23428344726562,-0.00032553140772506595,0.0003049061051569879,-4.084317207336426
693,0.6936936974525452,70.29387664794922,-0.000329902017256245,0.0006916553247720003,-5.24185037612915
694,0.6946946978569031,70.353515625,-0.0003432396915741265,0.0020676865242421627,-9.345691680908203
695,0.695695698261261,70.41321563720703,-0.0003434930113144219,0.0027653826400637627,-11.40139102935791
696,0.6966966986656189,70.47296142578125,-0.00033670413540676236,0.002267891773954034,-9.935298919677734
697,0.6976976990699768,70.53276062011719,-0.0003361738636158407,0.0029002230148762465,-11.842869758605957
698,0.6986986994743347,70.59259796142578,-0.00033648230601102114,0.0035073990002274513,-13.708789825439453
699,0.6996996998786926,70.65249633789062,-0.0003377533867023885,0.003782590851187706,-14.578269004821777
700,0.7007007002830505,70.71244812011719,-0.0003392989165149629,0.004605159163475037,-17.02544403076172
701,0.7017017006874084,70.77244567871094,-0.0003408625489100814,0.0048598917201161385,-17.76639175415039
702,0.7027027010917664,70.83250427246094,-0.00034433399559929967,0.0035643274895846844,-14.004014015197754
703,0.7037037014961243,70.8926010131836,-0.00034448597580194473,0.0028253691270947456,-11.902275085449219
704,0.7047047019004822,70.95275115966797,-0.00033866288140416145,0.0017823486123234034,-8.834243774414062
705,0.7057057023048401,71.0129623413086,-0.00033196446020156145,0.0013069831766188145,-7.345912456512451
706,0.706706702709198,71.07321166992188,-0.00032890401780605316,0.001487069413997233,-7.809675216674805
707,0.7077077031135559,71.1335220336914,-0.0003183178196195513,0.0008042920380830765,-5.626931667327881
708,0.7087087035179138,71.19387817382812,-0.00030675390735268593,3.975083018303849e-05,-3.099757194519043
709,0.7097097039222717,71.25428771972656,-0.00030459530535154045,0.000125831036712043,-3.3543379306793213
710,0.7107107043266296,71.31475067138672,-0.0003008958010468632,-0.00010023274080595002,-2.6433370113372803
711,0.7117117047309875,71.37525939941406,-0.0002957196848001331,-0.0006265780539251864,-0.9243489503860474
712,0.7127127051353455,71.4358139038086,-0.00029825931414961815,-0.0002748074184637517,-2.0749423503875732
713,0.7137137055397034,71.4964370727539,-0.0003020932781510055,0.00015446862380485982,-3.401496410369873
714,0.7147147059440613,71.55709838867188,-0.00030897336546331644,0.0008007570868358016,-5.423972129821777
715,0.7157157063484192,71.61781311035156,-0.0003173323639202863,0.0015870070783421397,-7.839245319366455
716,0.7167167067527771,71.67858123779297,-0.00031235560891218483,0.0007118403445929289,-4.965139389038086
717,0.717717707157135,71.7394027709961,-0.0003176215395797044,0.0012823957949876785,-6.761501312255859
718,0.7187187075614929,71.8002700805664,-0.000320920895319432,0.00152440438978374,-7.59124755859375
719,0.7197197079658508,71.86119842529297,-0.0003208422567695379,0.0011211144737899303,-6.4760847091674805
720,0.7207207083702087,71.92217254638672,-0.00030457935645245016,-0.0007021964993327856,-0.8121418952941895
721,0.7217217087745667,71.98320007324219,-0.0003097291337326169,-0.00027161030448041856,-2.314582109451294
722,0.7227227091789246,72.04427337646484,-0.0002999983262270689,-0.0013320031575858593,1.0611176490783691
723,0.7237237095832825,72.10540771484375,-0.0002941168495453894,-0.0022872420959174633,4.134253978729248
724,0.7247247099876404,72.16658782958984,-0.00030000839615240693,-0.001606422127224505,1.7403581142425537
725,0.7257257103919983,72.22782135009766,-0.00030953437089920044,-0.0007221999694593251,-1.1720292568206787
726,0.7267267107963562,72.28910827636719,-0.00032009283313527703,0.00036407585139386356,-4.564735412597656
727,0.7277277112007141,72.3504409790039,-0.00032338377786800265,0.0009390470804646611,-6.250682830810547
728,0.728728711605072,72.41183471679688,-0.0003248271532356739,0.0018110028468072414,-8.82791519165039
729,0.7297297120094299,72.47327423095703,-0.0003217416233383119,0.002249340061098337,-10.09132194519043
730,0.7307307124137878,72.53477478027344,-0.00031900801695883274,0.0012834410881623626,-6.993644714355469
731,0.7317317128181458,72.59632110595703,-0.00031497591407969594,0.00046437254059128463,-4.352749824523926
732,0.7327327132225037,72.65791320800781,-0.00030893131042830646,-0.00028543456573970616,-1.9015623331069946
733,0.7337337136268616,72.71956634521484,-0.00030096707632765174,-0.0010293491650372744,0.6425150632858276
734,0.7347347140312195,72.78126525878906,-0.0002947367902379483,-0.001502599916420877,2.3294129371643066
735,0.7357357144355774,72.84302520751953,-0.00029482104582712054,-0.001156408921815455,1.2181763648986816
736,0.7367367148399353,72.90483093261719,-0.0003097236040048301,0.0005359109491109848,-4.373863220214844
737,0.7377377152442932,72.96669006347656,-0.00030354794580489397,-5.948662874288857e-05,-2.492900848388672
738,0.7387387156486511,73.02860260009766,-0.00029949203599244356,-0.00031274944194592535,-1.7481584548950195
739,0.739739716053009,73.09056854248047,-0.0003077098517678678,0.00038958442746661603,-4.164911270141602
740,0.7407407164573669,73.152587890625,-0.0003021952579729259,0.00013838248560205102,-3.367917537689209
741,0.7417417168617249,73.21465301513672,-0.0002974564558826387,-3.175993333570659e-05,-2.777815580368042
742,0.7427427172660828,73.27677917480469,-0.0003050141385756433,0.0007268753834068775,-5.2681403160095215
743,0.7437437772750854,73.33895874023438,-0.0002947915345430374,0.000138462710310705,-3.2845458984375
744,0.7447447776794434,73.40119171142578,-0.00029994393116794527,0.0007252163486555219,-5.215264320373535
745,0.7457457780838013,73.46347045898438,-0.0002948484616354108,0.00038792830309830606,-4.022106170654297
746,0.7467467784881592,73.52580261230469,-0.0002923175343312323,0.00018773498595692217,-3.270691394805908
747,0.7477477788925171,73.58819580078125,-0.00029898746288381517,0.0008320997003465891,-5.389829635620117
748,0.748748779296875,73.65062713623047,-0.00030271796276792884,0.0012620724737644196,-6.811099052429199
749,0.7497497797012329,73.71311950683594,-0.00029518757946789265,0.0002339995262445882,-3.4085028171539307
750,0.7507507801055908,73.77567291259766,-0.00029536127112805843,4.235515734762885e-05,-2.852785587310791
751,0.7517517805099487,73.83826446533203,-0.0002935791853815317,-0.00041459829662926495,-1.453688144683838
752,0.7527527809143066,73.90092468261719,-0.0002891074982471764,-0.0011386991245672107,0.7933428287506104
753,0.7537537813186646,73.963623046875,-0.00028587947599589825,-0.0016472734278067946,2.331754207611084
754,0.7547547817230225,74.02638244628906,-0.00028790917713195086,-0.0014604795724153519,1.537746548652649
755,0.7557557821273804,74.08919525146484,-0.0002853491168934852,-0.0016633220948278904,2.2390897274017334
756,0.7567567825317383,74.15206146240234,-0.00028436677530407906,-0.0016516527393832803,2.2337121963500977
757,0.7577577829360962,74.21498107910156,-0.00028279994148761034,-0.0017335893353447318,2.6172523498535156
758,0.7587587833404541,74.2779541015625,-0.00028016045689582825,-0.0021262695081532,4.132907390594482
759,0.759759783744812,74.34097290039062,-0.00027970148948952556,-0.0023131626658141613,4.929027080535889
760,0.7607607841491699,74.404052734375,-0.00028202851535752416,-0.0019830064848065376,3.87862229347229
761,0.7617617845535278,74.4671859741211,-0.0002842391259036958,-0.0017454304033890367,3.210963010787964
762,0.7627627849578857,74.53038024902344,-0.0002858732477761805,-0.0016577544156461954,3.134164571762085
763,0.7637637853622437,74.59361267089844,-0.00028704883879981935,-0.0016889378894120455,3.441380262374878
764,0.7647647857666016,74.65690612792969,-0.00028834695694968104,-0.0016772764502093196,3.5120372772216797
765,0.7657657861709595,74.72025299072266,-0.00029327633092179894,8.741489000385627e-05,-2.498889446258545
766,0.7667667865753174,74.78365325927734,-0.0002936650125775486,-0.0002016379003180191,-1.5073691606521606
767,0.7677677869796753,74.84710693359375,-0.0002946501481346786,-0.0001730177755234763,-1.6333577632904053
768,0.7687687873840332,74.91061401367188,-0.0002949009358417243,-0.0006115215364843607,-0.18588650226593018
769,0.7697697877883911,74.97418212890625,-0.00029490291490219533,-0.0007509100832976401,0.2395256757736206
770,0.770770788192749,75.03779602050781,-0.000294411089271307,-0.0010336515260860324,1.1470487117767334
771,0.7717717885971069,75.1014633178711,-0.00029398337937891483,-0.0003857631527353078,-1.0691070556640625
772,0.7727727890014648,75.1651840209961,-0.00029084342531859875,0.0010782710742205381,-6.048274993896484
773,0.7737737894058228,75.22896575927734,-0.00028937356546521187,0.0016714553348720074,-8.070945739746094
774,0.7747747898101807,75.29280090332031,-0.00028758932603523135,0.0006188348634168506,-4.341246128082275
775,0.7757757902145386,75.35668182373047,-0.0002880182000808418,-0.0002898212114814669,-1.055768370628357
776,0.7767767906188965,75.42062377929688,-0.00028651265893131495,-7.092512987583177e-06,-1.8987560272216797
777,0.7777777910232544,75.484619140625,-0.0002862281398847699,5.142897862242535e-05,-1.9464545249938965
778,0.7787787914276123,75.54866790771484,-0.000285764632280916,0.00012528503430075943,-2.0820090770721436
779,0.7797797918319702,75.6127700805664,-0.0002860698150470853,0.00015886170149315149,-2.147963047027588
780,0.7807807922363281,75.67693328857422,-0.00028634845511987805,-0.0002606515190564096,-0.685370922088623
781,0.781781792640686,75.74114227294922,-0.00028733056387864053,0.0004706087347585708,-3.294816732406616
782,0.782782793045044,75.80540466308594,-0.0002894786885008216,0.0009143062634393573,-4.959691047668457
783,0.7837837934494019,75.8697280883789,-0.00029340520268306136,0.0014337175525724888,-6.92106819152832
784,0.7847847938537598,75.9341049194336,-0.0002849095035344362,0.00028325107996352017,-3.1452198028564453
785,0.7857857942581177,75.99853515625,-0.0002844115369953215,0.0003401674039196223,-3.4958229064941406
786,0.7867867946624756,76.06301879882812,-0.00027746427804231644,-0.00028210770688019693,-1.402327537536621
787,0.7877877950668335,76.1275634765625,-0.00026567309396341443,-0.0015018567210063338,2.9942407608032227
788,0.7887887954711914,76.19215393066406,-0.0002657342702150345,-0.0015234941383823752,3.0019922256469727
789,0.7897897958755493,76.25680541992188,-0.00026744886417873204,-0.0014678770676255226,2.7432332038879395
790,0.7907907962799072,76.3215103149414,-0.0002703757199924439,-0.0012595233274623752,1.9543647766113281
791,0.7917917966842651,76.38626861572266,-0.000272558128926903,-0.0010697983670979738,1.306563377380371
792,0.792792797088623,76.45108032226562,-0.0002777452755253762,-0.00022654724307358265,-1.709040880203247
793,0.793793797492981,76.51595306396484,-0.00028183136601001024,0.00042024211143143475,-4.015728950500488
794,0.7947947978973389,76.58087921142578,-0.00028895254945382476,0.0017523291753605008,-8.724132537841797
795,0.7957957983016968,76.64585876464844,-0.0002930322661995888,0.002752922708168626,-12.212067604064941
796,0.7967967987060547,76.71089172363281,-0.00029237146372906864,0.002298211446031928,-10.718442916870117
797,0.7977977991104126,76.7759780883789,-0.0002917256497312337,0.0020598520059138536,-9.956267356872559
798,0.7987987995147705,76.84112548828125,-0.0002927177120000124,0.002615814795717597,-11.880890846252441
799,0.7997997999191284,76.90632629394531,-0.0002901788684539497,0.002615300938487053,-11.900132179260254
800,0.8008008003234863,76.97157287597656,-0.00028718626708723605,0.0027147752698510885,-12.278541564941406
801,0.8018018007278442,77.03689575195312,-0.0002789327409118414,0.0014531955821439624,-7.877767562866211
802,0.8028028011322021,77.10225677490234,-0.0002784827083814889,0.0020511841867119074,-10.114337921142578
803,0.8038038015365601,77.16767883300781,-0.0002705621882341802,0.0009387828758917749,-6.173933982849121
804,0.804804801940918,77.233154296875,-0.00026643479941412807,0.00013416433648671955,-3.2277350425720215
805,0.8058058023452759,77.29869079589844,-0.000265242881141603,0.0003243855608161539,-3.9778857231140137
806,0.8068068027496338,77.36427307128906,-0.0002647666842676699,0.00018115981947630644,-3.4366519451141357
807,0.8078078031539917,77.42991638183594,-0.0002647580695338547,0.00036389220622368157,-4.060342311859131
808,0.8088088035583496,77.49562072753906,-0.0002651328395586461,0.00025230032042600214,-3.508385181427002
809,0.8098098039627075,77.56137084960938,-0.00026603377773426473,-0.00019184216216672212,-1.6539160013198853
810,0.8108108043670654,77.62718963623047,-0.00026486616116017103,0.00019950224668718874,-2.9394094944000244
811,0.8118118047714233,77.69306182861328,-0.0002669731620699167,-0.0006102117476984859,0.23595431447029114
812,0.8128128051757812,77.75897979736328,-0.00026601157151162624,-0.00046553430729545653,-0.2416691780090332
813,0.8138138055801392,77.82495880126953,-0.0002665384381543845,-0.0011709507089108229,2.4442813396453857
814,0.8148148059844971,77.8909912109375,-0.00026563729625195265,-0.0012877348344773054,2.866162061691284
815,0.815815806388855,77.95708465576172,-0.0002646608045324683,-0.001499886391684413,3.607335090637207
816,0.8168168067932129,78.02323150634766,-0.0002626928617246449,-0.0016538129420951009,4.138346195220947
817,0.8178178071975708,78.08943176269531,-0.00025777556584216654,-0.002695939037948847,8.156363487243652
818,0.8188188076019287,78.15569305419922,-0.0002527092001400888,-0.004330806899815798,14.682761192321777
819,0.8198198080062866,78.22200775146484,-0.00025188224390149117,-0.0034574479795992374,11.369132995605469
820,0.8208208084106445,78.28837585449219,-0.00025087149697355926,-0.003233640920370817,10.553686141967773
821,0.8218218088150024,78.35481262207031,-0.0002486815501470119,-0.003815752686932683,12.935432434082031
822,0.8228228092193604,78.4212875366211,-0.0002476429217495024,-0.003641463117673993,12.265791893005371
823,0.8238238096237183,78.48783874511719,-0.0002461645635776222,-0.003736170707270503,12.669026374816895
824,0.8248248100280762,78.55442810058594,-0.00024494819808751345,-0.0035033023450523615,11.722352027893066
825,0.8258258104324341,78.62108612060547,-0.0002438351948512718,-0.003692879108712077,12.536795616149902
826,0.826826810836792,78.68779754638672,-0.00024376843066420406,-0.0031953947618603706,10.525930404663086
827,0.8278278112411499,78.75455474853516,-0.00024663290241733193,-0.002474502893164754,7.584813117980957
828,0.8288288116455078,78.82138061523438,-0.00025647232541814446,-0.0010196368675678968,1.8283803462982178
829,0.8298298120498657,78.88825988769531,-0.000249126082053408,-0.0018775594653561711,5.236313819885254
830,0.8308308124542236,78.9552001953125,-0.0002471481857355684,-0.0022017478477209806,6.592792510986328
831,0.8318318128585815,79.02220153808594,-0.0002499287948012352,-0.001581795746460557,4.178956985473633
832,0.8328328132629395,79.08924865722656,-0.0002500952105037868,-0.0017008889699354768,4.743306636810303
833,0.8338338136672974,79.15635681152344,-0.00025014232960529625,-0.0023512302432209253,7.416293621063232
834,0.8348348140716553,79.22352600097656,-0.0002515296218916774,-0.002752047497779131,9.063518524169922
835,0.8358358144760132,79.29074096679688,-0.00025270081823691726,-0.003140225075185299,10.702542304992676
836,0.8368368148803711,79.35801696777344,-0.00025418942095711827,-0.003211008384823799,11.061017990112305
837,0.837837815284729,79.42535400390625,-0.0002525651943869889,-0.0018654295708984137,5.775323867797852
838,0.8388388156890869,79.49275207519531,-0.00025444928905926645,-0.0027638112660497427,9.258956909179688
839,0.8398398160934448,79.56019592285156,-0.00025246068253181875,-0.0020006957929581404,6.1880669593811035
840,0.8408408164978027,79.62770080566406,-0.0002522140566725284,-0.0021282597444951534,6.686103343963623
841,0.8418418169021606,79.69527435302734,-0.0002532096696086228,-0.00272768153809011,9.125272750854492
842,0.8428428173065186,79.76288604736328,-0.00025437495787627995,-0.003233306808397174,11.223268508911133
843,0.8438438177108765,79.83056640625,-0.00025484286015853286,-0.0033780422527343035,11.907787322998047
844,0.8448448181152344,79.89830780029297,-0.00025270498008467257,-0.0027207189705222845,9.440713882446289
845,0.8458458185195923,79.96610260009766,-0.00025510761770419776,-0.0034443477634340525,12.370281219482422
846,0.846846878528595,80.0339584350586,-0.000255553430179134,-0.0036357096396386623,13.175169944763184
847,0.8478478789329529,80.10186004638672,-0.00025372509844601154,-0.003507086308673024,12.703531265258789
848,0.8488488793373108,80.16983032226562,-0.00025001229369081557,-0.0029597312677651644,10.510122299194336
849,0.8498498797416687,80.23786163330078,-0.00024811248295009136,-0.0030592980328947306,10.852538108825684
850,0.8508508801460266,80.30593872070312,-0.00024599023163318634,-0.0032273135147988796,11.45451831817627
851,0.8518518805503845,80.37407684326172,-0.0002433870977256447,-0.0032847446855157614,11.608925819396973
852,0.8528528809547424,80.44227600097656,-0.0002399830991635099,-0.003545122453942895,12.61795425415039
853,0.8538538813591003,80.51052856445312,-0.0002389216679148376,-0.003175137797370553,11.000892639160156
854,0.8548548817634583,80.57884216308594,-0.00024055849644355476,-0.0024699163623154163,7.994688034057617
855,0.8558558821678162,80.647216796875,-0.00023635238176211715,-0.0030025953892618418,10.20422649383545
856,0.8568568825721741,80.71565246582031,-0.00023323472123593092,-0.0033297715708613396,11.613394737243652
857,0.857857882976532,80.78413391113281,-0.00023389871057588607,-0.003238209756091237,11.197919845581055
858,0.8588588833808899,80.8526840209961,-0.0002338710764888674,-0.0034129703417420387,11.919500350952148
859,0.8598598837852478,80.92127990722656,-0.00024061610747594386,-0.0027883625589311123,9.244049072265625
860,0.8608608841896057,80.98995208740234,-0.00023984098515938967,-0.0030475652310997248,10.258197784423828
861,0.8618618845939636,81.05866241455078,-0.00024075193505268544,-0.003129348624497652,10.543570518493652
862,0.8628628849983215,81.12744903564453,-0.00023807238903827965,-0.0035438495688140392,12.242555618286133
863,0.8638638854026794,81.19628143310547,-0.0002395018091192469,-0.0033922498114407063,11.585458755493164
864,0.8648648858070374,81.26518249511719,-0.0002364081155974418,-0.003876485861837864,13.62178897857666
865,0.8658658862113953,81.3341293334961,-0.0002375212498009205,-0.003631752682849765,12.686137199401855
866,0.8668668866157532,81.40314483642578,-0.00023617976694367826,-0.003786191577091813,13.479157447814941
867,0.8678678870201111,81.47222137451172,-0.00023664699983783066,-0.0027703868690878153,9.342642784118652
868,0.868868887424469,81.54134368896484,-0.00023433387104887515,-0.003271223045885563,11.626080513000488
869,0.8698698878288269,81.61053466796875,-0.00023295549908652902,-0.003654694417491555,13.475881576538086
870,0.8708708882331848,81.6797866821289,-0.00023425318067893386,-0.004636237397789955,17.919708251953125
871,0.8718718886375427,81.74909210205078,-0.00023178933770395815,-0.00448122713714838,17.50938606262207
872,0.8728728890419006,81.81845092773438,-0.00023435924958903342,-0.005448873620480299,21.8389892578125
873,0.8738738894462585,81.88787078857422,-0.0002318573388038203,-0.00491696409881115,19.558942794799805
874,0.8748748898506165,81.95735931396484,-0.000234194565564394,-0.005196322686970234,20.63784408569336
875,0.8758758902549744,82.02690887451172,-0.00023013187455944717,-0.004215344786643982,16.248371124267578
876,0.8768768906593323,82.09650421142578,-0.00022928675753064454,-0.0032232569064944983,11.76190185546875
877,0.8778778910636902,82.1661605834961,-0.00023079510719981045,-0.0038038368802517653,14.224770545959473
878,0.8788788914680481,82.23587799072266,-0.00023192292428575456,-0.0038668084889650345,14.547857284545898
879,0.879879891872406,82.30565643310547,-0.00023263513867277652,-0.003147706389427185,11.578611373901367
880,0.8808808922767639,82.37548828125,-0.0002347647096030414,-0.0019004057394340634,6.379050254821777
881,0.8818818926811218,82.44538116455078,-0.00023572413192596287,-0.0008922344422899187,2.211890697479248
882,0.8828828930854797,82.51534271240234,-0.0002358790661673993,-0.0001588220038684085,-0.8484704494476318
883,0.8838838934898376,82.58535766601562,-0.0002353980962652713,-0.00013559024955611676,-0.921961784362793
884,0.8848848938941956,82.65543365478516,-0.00023763709759805351,0.000887490576133132,-5.2317304611206055
885,0.8858858942985535,82.72557067871094,-0.00023926590802147985,0.0012721766252070665,-6.845561504364014
886,0.8868868947029114,82.7957534790039,-0.00023928396694827825,0.0008154120296239853,-4.963753700256348
887,0.8878878951072693,82.86600494384766,-0.00024381635012105107,0.0026318863965570927,-12.523737907409668
888,0.8888888955116272,82.93631744384766,-0.00024382230185437948,0.0033730522263795137,-15.649368286132812
889,0.8898898959159851,83.00669860839844,-0.00024361428222618997,0.004319675732403994,-19.657215118408203
890,0.890890896320343,83.0771255493164,-0.0002423753758193925,0.004470923449844122,-20.410316467285156
891,0.8918918967247009,83.14761352539062,-0.00024035709793679416,0.003886634251102805,-18.127216339111328
892,0.8928928971290588,83.21817016601562,-0.00024175585713237524,0.004322999622672796,-20.10641860961914
893,0.8938938975334167,83.28878021240234,-0.00024131470127031207,0.003616712987422943,-17.305469512939453
894,0.8948948979377747,83.35945129394531,-0.00024008183390833437,0.0030234246514737606,-14.997593879699707
895,0.8958958983421326,83.43018341064453,-0.00024267441767733544,0.003206253983080387,-15.88431453704834
896,0.8968968987464905,83.5009765625,-0.000243074115132913,0.003130616620182991,-15.64223575592041
897,0.8978978991508484,83.57182312011719,-0.0002353590098209679,0.0021784089040011168,-11.692362785339355
898,0.8988988995552063,83.64273071289062,-0.000235077110119164,0.0022960733622312546,-12.213722229003906
899,0.8998998999595642,83.71370697021484,-0.00023518552188761532,0.0024727853015065193,-12.957695960998535
900,0.9009009003639221,83.78473663330078,-0.0002323406224604696,0.0022998966742306948,-12.202219009399414
901,0.90190190076828,83.85582733154297,-0.00022665353026241064,0.001811815658584237,-10.034491539001465
902,0.9029029011726379,83.9269790649414,-0.00023440466611646116,0.002906812122091651,-14.728267669677734
903,0.9039039015769958,83.99818420410156,-0.00023785539087839425,0.0035957391373813152,-17.568620681762695
904,0.9049049019813538,84.06946563720703,-0.00023124378640204668,0.0025840122252702713,-13.15703010559082
905,0.9059059023857117,84.14079284667969,-0.00022687719319947064,0.0016181590035557747,-8.84394359588623
906,0.9069069027900696,84.21219635009766,-0.00023117226373869926,0.002388878958299756,-12.105155944824219
907,0.9079079031944275,84.28364562988281,-0.00022801337763667107,0.001349292229861021,-7.5070481300354
908,0.9089089035987854,84.35516357421875,-0.0002274618309456855,0.0010647433809936047,-6.22796106338501
909,0.9099099040031433,84.42674255371094,-0.00022590666776522994,0.0014091519406065345,-7.752224922180176
910,0.9109109044075012,84.49837493896484,-0.00022472154523711652,0.0005643341573886573,-3.9993109703063965
911,0.9119119048118591,84.57007598876953,-0.00022470597468782216,7.5512007242650725e-06,-1.4798529148101807
912,0.912912905216217,84.64183044433594,-0.00022361897572409362,-0.0001570745516801253,-0.6808665990829468
913,0.913913905620575,84.71365356445312,-0.00022133818129077554,4.766794518218376e-05,-1.5641193389892578
914,0.9149149060249329,84.78553009033203,-0.00022260636615101248,-0.0001573501795064658,-0.6238818168640137
915,0.9159159064292908,84.85746765136719,-0.00022053551219869405,0.00038133678026497364,-3.0822789669036865
916,0.9169169068336487,84.92947387695312,-0.00022163310495670885,0.0002874906058423221,-2.7130584716796875
917,0.9179179072380066,85.00153350830078,-0.00022511770657729357,-0.0007974763866513968,2.0476136207580566
918,0.9189189076423645,85.07366180419922,-0.00022476192680187523,-0.0015446783509105444,5.243772983551025
919,0.9199199080467224,85.1458511352539,-0.00022072781575843692,-0.0007304891478270292,1.4904608726501465
920,0.9209209084510803,85.21809387207031,-0.00021835093502886593,-0.0007108570425771177,1.311650276184082
921,0.9219219088554382,85.29039764404297,-0.00021795301290694624,-0.0018329165177419782,6.39422607421875
922,0.9229229092597961,85.3627700805664,-0.0002183013566536829,-0.002329147420823574,8.662368774414062
923,0.923923909664154,85.43519592285156,-0.00021883667795918882,-0.0024127201177179813,9.035506248474121
924,0.924924910068512,85.50769805908203,-0.00021944228501524776,-0.0030424108263105154,11.921289443969727
925,0.9259259104728699,85.58024597167969,-0.00022057569003663957,-0.002101887483149767,7.6953816413879395
926,0.9269269108772278,85.6528549194336,-0.0002217299334006384,-0.0025783206801861525,9.88081169128418
927,0.9279279112815857,85.72554779052734,-0.0002229919919045642,-0.002388313412666321,9.044453620910645
928,0.9289289116859436,85.79827880859375,-0.00022370668011717498,-0.0025145099498331547,9.616674423217773
929,0.9299299120903015,85.87108612060547,-0.00022401362366508693,-0.0019118908094242215,6.946355819702148
930,0.9309309124946594,85.9439468383789,-0.00022298461408354342,-0.0013883953215554357,4.62430477142334
931,0.9319319128990173,86.01686096191406,-0.00022120631183497608,-0.0008564789313822985,2.26004695892334
932,0.9329329133033752,86.08985137939453,-0.00022156462364364415,-0.00105741445440799,3.191683292388916
933,0.9339339137077332,86.16289520263672,-0.0002231005346402526,-0.0016895366134122014,6.081894397735596
934,0.9349349141120911,86.23600769042969,-0.00022050538973417133,-0.0005967548931948841,1.187331199645996
935,0.935935914516449,86.3091812133789,-0.00021838399698026478,0.00024060890427790582,-2.622817039489746
936,0.9369369149208069,86.38240814208984,-0.00021840428235009313,0.0013209126191213727,-7.5845537185668945
937,0.9379379153251648,86.45570373535156,-0.00022005877690389752,0.0021012129727751017,-11.176947593688965
938,0.9389389157295227,86.52906799316406,-0.0002205485652666539,0.0025176438502967358,-13.135980606079102
939,0.9399399161338806,86.60248565673828,-0.00021843388094566762,0.0017556219827383757,-9.72352409362793
940,0.9409409165382385,86.67597198486328,-0.00021808818564750254,0.0017162284348160028,-9.583036422729492
941,0.9419419169425964,86.74951171875,-0.00021770440798718482,0.0014805188402533531,-8.524698257446289
942,0.9429429173469543,86.82312774658203,-0.0002180999581469223,0.0015573661075904965,-8.866324424743652
943,0.9439439177513123,86.89679718017578,-0.00021871781791560352,0.0017024170374497771,-9.512563705444336
944,0.9449449181556702,86.97053527832031,-0.00021844601724296808,0.0010000141337513924,-6.33860969543457
945,0.9459459185600281,87.04431915283203,-0.0002191687235608697,0.0019542998634278774,-10.79151439666748
946,0.946946918964386,87.11817932128906,-0.0002222298353444785,0.0027474132366478443,-14.48962116241455
947,0.9479479193687439,87.19210052490234,-0.00022739346604794264,0.003721575951203704,-18.90935516357422
948,0.9489489793777466,87.2660903930664,-0.00022681461996398866,0.0033599194139242172,-17.431400299072266
949,0.9499499797821045,87.34013366699219,-0.0002278043539263308,0.0034928652457892895,-18.14368438720703
950,0.9509509801864624,87.41423797607422,-0.00022935564629733562,0.0037647061981260777,-19.472244262695312
951,0.9519519805908203,87.48841094970703,-0.00023138606047723442,0.004303710535168648,-21.889616012573242
952,0.9529529809951782,87.56263732910156,-0.00023083772975951433,0.00448031397536397,-22.686399459838867
953,0.9539539813995361,87.6369400024414,-0.00022491552226711065,0.0035873381420969963,-18.734634399414062
954,0.954954981803894,87.71129608154297,-0.00022118783090263605,0.0032650551293045282,-17.213613510131836
955,0.955955982208252,87.78572845458984,-0.00021643955551553518,0.002712790621444583,-14.633976936340332
956,0.9569569826126099,87.86021423339844,-0.00021212272986304015,0.0021646490786224604,-12.031805038452148
957,0.9579579830169678,87.93476104736328,-0.00020758260507136583,0.0014055640203878284,-8.368574142456055
958,0.9589589834213257,88.0093765258789,-0.00020971137564629316,0.0021688039414584637,-12.016587257385254
959,0.9599599838256836,88.08405303955078,-0.00020424264948815107,0.001359104411676526,-8.134571075439453
960,0.9609609842300415,88.1587905883789,-0.0002032688062172383,0.0017422963865101337,-10.11502742767334
961,0.9619619846343994,88.23359680175781,-0.00019989130669273436,0.0015234246384352446,-9.216800689697266
962,0.9629629850387573,88.30846405029297,-0.00019768149650190026,0.0014268532395362854,-8.940327644348145
963,0.9639639854431152,88.38339233398438,-0.00019532092846930027,0.0009022546582855284,-6.425678253173828
964,0.9649649858474731,88.45838165283203,-0.00019513876759447157,0.0005082249408587813,-4.518772125244141
965,0.965965986251831,88.53343963623047,-0.00019587940187193453,0.00023492451873607934,-3.217406749725342
966,0.966966986656189,88.60856628417969,-0.0001971006131498143,0.00014478749653790146,-2.809109687805176
967,0.9679679870605469,88.68374633789062,-0.00019789629732258618,-0.0006925460183992982,1.365403652191162
968,0.9689689874649048,88.75899505615234,-0.00020352780120447278,0.0008041259134188294,-6.146467208862305
969,0.9699699878692627,88.83431243896484,-0.00020545338338706642,0.0006960279424674809,-5.617557048797607
970,0.9709709882736206,88.90968322753906,-0.00020505240536294878,0.000148986087879166,-2.9365968704223633
971,0.9719719886779785,88.98513793945312,-0.000206135242478922,0.00017705951177049428,-3.050614833831787
972,0.9729729890823364,89.06063842773438,-0.0002077032986562699,0.0005431582103483379,-4.752974510192871
973,0.9739739894866943,89.13619995117188,-0.00020961149130016565,0.001188828144222498,-7.757248878479004
974,0.9749749898910522,89.21183776855469,-0.00020964523719158024,0.0015281086089089513,-9.287861824035645
975,0.9759759902954102,89.28753662109375,-0.0002082978026010096,0.0015148862730711699,-9.194825172424316
976,0.9769769906997681,89.36328887939453,-0.00020779817714355886,0.0013630437897518277,-8.455033302307129
977,0.977977991104126,89.43911743164062,-0.0002079081314150244,0.0013396298745647073,-8.386913299560547
978,0.9789789915084839,89.5150146484375,-0.00020417061750777066,8.693168638274074e-05,-2.362043857574463
979,0.9799799919128418,89.59095764160156,-0.00020370687707327306,-0.0006226483383215964,1.015707015991211
980,0.9809809923171997,89.66697692871094,-0.0002039149112533778,-0.0007734615937806666,1.6838394403457642
981,0.9819819927215576,89.7430648803711,-0.00020359708287287503,-0.0003871996304951608,-0.183904767036438
982,0.9829829931259155,89.81920623779297,-0.00020283425692468882,-0.00065748201450333,1.2461676597595215
983,0.9839839935302734,89.89541625976562,-0.00020054628839716315,0.0003708363510668278,-3.707548141479492
984,0.9849849939346313,89.97168731689453,-0.00019863749912474304,0.0004932766896672547,-4.186039924621582
985,0.9859859943389893,90.04803466796875,-0.0001972024911083281,0.0008883117116056383,-6.040470600128174
986,0.9869869947433472,90.12445068359375,-0.00019554118625819683,0.0009849811904132366,-6.448896408081055
987,0.9879879951477051,90.20091247558594,-0.00019407772924751043,0.0007724909228272736,-5.308762073516846
988,0.988988995552063,90.27745819091797,-0.00019342268933542073,0.0009118714369833469,-6.011636257171631
989,0.9899899959564209,90.35404968261719,-0.00019308863556943834,0.0006748156738467515,-4.807302474975586
990,0.9909909963607788,90.43071746826172,-0.00019245356088504195,0.0009876195108518004,-6.477827072143555
991,0.9919919967651367,90.5074462890625,-0.00019238133972976357,0.0014098011888563633,-8.716381072998047
992,0.9929929971694946,90.58423614501953,-0.00019160998635925353,0.0014565681340172887,-9.06087875366211
993,0.9939939975738525,90.6611099243164,-0.00019052928837481886,0.0014595200773328543,-9.268180847167969
994,0.9949949979782104,90.73802947998047,-0.00018851403729058802,0.0010812677210196853,-7.451091289520264
995,0.9959959983825684,90.81501770019531,-0.000187863246537745,0.0012330178869888186,-8.402884483337402
996,0.9969969987869263,90.89208221435547,-0.00018682851805351675,0.0008159144199453294,-6.288936614990234
997,0.9979979991912842,90.96920013427734,-0.00018731830641627312,0.0002434234629618004,-3.3377013206481934
998,0.9989989995956421,91.04638671875,-0.0001896278845379129,-0.0004656277596950531,0.32818007469177246
999,1.0,91.12364959716797,-0.00018804596038535237,9.359524710816913e-07,-2.2304840087890625
