index,timestep,Diffusion_Coeff,Divergence,score,pos
0,0.0,39.05299377441406,-0.023829754441976547,-0.13785681128501892,4.8217267990112305
1,0.0010010009864345193,39.08612823486328,-0.023146135732531548,-0.17206928133964539,6.20543098449707
2,0.0020020019728690386,39.11929702758789,-0.02461966499686241,-0.1317535787820816,4.466022491455078
3,0.0030030030757188797,39.15248489379883,-0.024896305054426193,-0.11460389196872711,3.7185230255126953
4,0.004004003945738077,39.185707092285156,-0.024862531572580338,-0.11403609067201614,3.663336753845215
5,0.005005004815757275,39.218955993652344,-0.02482302114367485,-0.1107277050614357,3.551147699356079
6,0.006006006151437759,39.25223159790039,-0.025257419794797897,-0.0864066332578659,2.6363210678100586
7,0.007007007021456957,39.28553771972656,-0.024675779044628143,-0.1044883280992508,3.4433555603027344
8,0.008008007891476154,39.31887435913086,-0.02394435927271843,-0.127492293715477,4.503618240356445
9,0.009009009227156639,39.352237701416016,-0.022556763142347336,-0.16270704567432404,6.155557632446289
10,0.01001000963151455,39.38562774658203,-0.0211854949593544,-0.1775600016117096,7.039986610412598
11,0.011011010967195034,39.41904830932617,-0.018510375171899796,-0.1960618942975998,8.257551193237305
12,0.012012012302875519,39.452491760253906,-0.019786374643445015,-0.17211687564849854,7.328116416931152
13,0.013013012707233429,39.48596954345703,-0.01946110650897026,-0.16223806142807007,7.065001964569092
14,0.014014014042913914,39.51947021484375,-0.013732594437897205,-0.19871975481510162,9.502184867858887
15,0.015015014447271824,39.55300521850586,-0.016010014340281487,-0.1789930909872055,8.565896987915039
16,0.01601601578295231,39.58656692504883,-0.018168343231081963,-0.13351374864578247,6.245337009429932
17,0.01701701618731022,39.620155334472656,-0.017068859189748764,-0.13702800869941711,6.7046942710876465
18,0.018018018454313278,39.653770446777344,-0.01868392899632454,-0.09474682807922363,4.506838798522949
19,0.01901901885867119,39.68742370605469,-0.019032560288906097,-0.07469281554222107,3.5772452354431152
20,0.0200200192630291,39.721092224121094,-0.017958661541342735,-0.08192740380764008,4.125473976135254
21,0.021021021530032158,39.754798889160156,-0.016617588698863983,-0.09468764066696167,5.04603910446167
22,0.022022021934390068,39.78852844238281,-0.016050193458795547,-0.09262136369943619,5.132068634033203
23,0.023023022338747978,39.82229232788086,-0.016282470896840096,-0.07359075546264648,4.169576168060303
24,0.024024024605751038,39.8560791015625,-0.015466969460248947,-0.07992962747812271,4.759469985961914
25,0.025025025010108948,39.889896392822266,-0.015403219498693943,-0.06770535558462143,4.158192157745361
26,0.026026025414466858,39.92374801635742,-0.015328148379921913,-0.05424485355615616,3.4244561195373535
27,0.027027025818824768,39.95762252807617,-0.01437516137957573,-0.07444155961275101,4.9024505615234375
28,0.028028028085827827,39.99152755737305,-0.012342549860477448,-0.10285364836454391,7.129125595092773
29,0.029029028490185738,40.02545928955078,-0.013386429287493229,-0.08521703630685806,5.861107349395752
30,0.030030028894543648,40.05942153930664,-0.013253687880933285,-0.08413947373628616,5.833350658416748
31,0.031031031161546707,40.093414306640625,-0.014048656448721886,-0.05618834123015404,3.8625030517578125
32,0.03203203156590462,40.1274299621582,-0.013000166043639183,-0.0780327171087265,5.545539855957031
33,0.03303303197026253,40.16147994995117,-0.007436196319758892,-0.11591898649930954,9.217560768127441
34,0.03403403237462044,40.195556640625,-0.006979686673730612,-0.1160699799656868,9.420815467834473
35,0.03503503277897835,40.22966384887695,-0.005874903406947851,-0.11747205257415771,9.905811309814453
36,0.036036036908626556,40.263797760009766,-0.007704181596636772,-0.1082339733839035,8.988014221191406
37,0.03703703731298447,40.29795837402344,-0.005896532908082008,-0.11121910065412521,9.83292007446289
38,0.03803803771734238,40.3321533203125,-0.004246562719345093,-0.11197114735841751,10.555941581726074
39,0.03903903812170029,40.36637878417969,-0.003599673043936491,-0.10950467735528946,10.78619384765625
40,0.0400400385260582,40.40062713623047,-0.001018081558868289,-0.10820090770721436,11.803458213806152
41,0.04104103893041611,40.434906005859375,-0.0053822631016373634,-0.09645745903253555,9.629182815551758
42,0.042042043060064316,40.469215393066406,-0.004181544296443462,-0.09400112926959991,10.142006874084473
43,0.043043043464422226,40.50355529785156,-0.0062932949513196945,-0.08169509470462799,8.51102066040039
44,0.044044043868780136,40.53792190551758,-0.007150543387979269,-0.07259789854288101,7.487951278686523
45,0.045045044273138046,40.572322845458984,-0.008555017411708832,-0.05427016317844391,5.3012590408325195
46,0.046046044677495956,40.606746673583984,-0.0072285449132323265,-0.0670907124876976,7.024481296539307
47,0.04704704508185387,40.641197204589844,-0.006086165085434914,-0.0734165608882904,8.104231834411621
48,0.048048049211502075,40.67568588256836,-0.007307553663849831,-0.0623244047164917,6.585064888000488
49,0.049049049615859985,40.71019744873047,-0.0046381596475839615,-0.07692644000053406,9.209405899047852
50,0.050050050020217896,40.7447395324707,-0.0033534816466271877,-0.07878870517015457,10.163995742797852
51,0.051051050424575806,40.77931213378906,-0.005112519487738609,-0.06762935221195221,8.32977294921875
52,0.052052050828933716,40.81391143798828,-0.003254195675253868,-0.07175678759813309,10.013331413269043
53,0.053053051233291626,40.84854507446289,-0.003408667631447315,-0.06812447309494019,9.691784858703613
54,0.054054051637649536,40.88320541381836,-0.003470822237432003,-0.06523403525352478,9.441594123840332
55,0.055055055767297745,40.91789627075195,-0.002786181401461363,-0.0652393028140068,10.015496253967285
56,0.056056056171655655,40.952613830566406,-0.0010940090287476778,-0.06666198372840881,11.528894424438477
57,0.057057056576013565,40.987361907958984,-0.0022082715295255184,-0.0636971965432167,10.405416488647461
58,0.058058056980371475,41.02214431762695,-0.0031514400616288185,-0.05983876436948776,9.23495101928711
59,0.059059057384729385,41.056949615478516,-0.003466229885816574,-0.0576312392950058,8.801913261413574
60,0.060060057789087296,41.0917854309082,-0.003799129044637084,-0.054892648011446,8.34130859375
61,0.061061061918735504,41.12665557861328,-0.0043592629954218864,-0.04964516684412956,7.3956427574157715
62,0.062062062323093414,41.16154479980469,-0.004794962238520384,-0.04407966509461403,6.457691192626953
63,0.06306306272745132,41.19647216796875,-0.005134030245244503,-0.03798641636967659,5.435670852661133
64,0.06406406313180923,41.23143005371094,-0.00401591882109642,-0.05085701867938042,8.401904106140137
65,0.06506506353616714,41.266414642333984,-0.004159659147262573,-0.04787250980734825,7.90802001953125
66,0.06606606394052505,41.301429748535156,-0.0032448265701532364,-0.052555300295352936,9.412949562072754
67,0.06706706434488297,41.33647537231445,-0.0033333832398056984,-0.0496826097369194,8.92346477508545
68,0.06806806474924088,41.37154769897461,-0.0032806566450744867,-0.04637272655963898,8.459436416625977
69,0.06906906515359879,41.406654357910156,-0.0033951543737202883,-0.04169940575957298,7.483827590942383
70,0.0700700655579567,41.44178771972656,-0.0037643013056367636,-0.03164254128932953,4.956701755523682
71,0.0710710734128952,41.476951599121094,-0.0035038013011217117,-0.031128527596592903,4.972128868103027
72,0.07207207381725311,41.512142181396484,-0.002757747657597065,-0.0377235971391201,7.308971881866455
73,0.07307307422161102,41.547367095947266,-0.002523584757000208,-0.03722083196043968,7.576040267944336
74,0.07407407462596893,41.582618713378906,-0.0014904161216691136,-0.04126512259244919,10.052199363708496
75,0.07507507503032684,41.61790466308594,-0.0010791104286909103,-0.04183993861079216,10.846264839172363
76,0.07607607543468475,41.65321731567383,-0.001645154319703579,-0.04048619419336319,9.780142784118652
77,0.07707707583904266,41.688560485839844,-0.0022885752841830254,-0.037606678903102875,8.224282264709473
78,0.07807807624340057,41.72393035888672,-0.0028777793049812317,-0.03275175765156746,6.289330005645752
79,0.07907907664775848,41.75933074951172,-0.002812914550304413,-0.033146098256111145,6.494504928588867
80,0.0800800770521164,41.794769287109375,-0.0029472033493220806,-0.02967231720685959,5.417398929595947
81,0.0810810774564743,41.830230712890625,-0.0030095025431364775,-0.026026379317045212,4.24968957901001
82,0.08208207786083221,41.865726470947266,-0.002792974002659321,-0.02811334654688835,4.977156162261963
83,0.08308307826519012,41.9012451171875,-0.0028072723653167486,-0.02593839541077614,4.180759429931641
84,0.08408408612012863,41.93680191040039,-0.0026421542279422283,-0.0274983961135149,4.730515480041504
85,0.08508508652448654,41.97238540649414,-0.002637999365106225,-0.027059873566031456,4.558217525482178
86,0.08608608692884445,42.00799560546875,-0.002457542810589075,-0.029253913089632988,5.458237648010254
87,0.08708708733320236,42.043643951416016,-0.0021635645534843206,-0.031484346836805344,6.525765419006348
88,0.08808808773756027,42.079315185546875,-0.002095411531627178,-0.031312160193920135,6.597256660461426
89,0.08908908814191818,42.115020751953125,-0.0020717594306916,-0.03050345368683338,6.453969955444336
90,0.09009008854627609,42.1507568359375,-0.0014923162525519729,-0.03324013575911522,8.231616973876953
91,0.091091088950634,42.186519622802734,-0.0011476392392069101,-0.03393416106700897,9.045136451721191
92,0.09209208935499191,42.22231674194336,-0.0010986175620928407,-0.03349281847476959,9.114005088806152
93,0.09309308975934982,42.258140563964844,-0.001716882223263383,-0.030436333268880844,7.412713527679443
94,0.09409409016370773,42.29399490356445,-0.0018742408137768507,-0.02865331992506981,6.735269069671631
95,0.09509509056806564,42.32988739013672,-0.002108553424477577,-0.025650139898061752,5.476718902587891
96,0.09609609842300415,42.36580276489258,-0.002137463539838791,-0.02428337186574936,4.989526748657227
97,0.09709709882736206,42.40175247192383,-0.002217678353190422,-0.021365439519286156,3.7233352661132812
98,0.09809809923171997,42.4377326965332,-0.002113065216690302,-0.0218177642673254,3.951047897338867
99,0.09909909963607788,42.473731994628906,-0.0020312198903411627,-0.020703371614217758,3.4599008560180664
100,0.10010010004043579,42.5097770690918,-0.0019972515292465687,-0.013770091347396374,0.02211320400238037
101,0.1011011004447937,42.545841217041016,-0.0019127754494547844,-0.012613857164978981,-0.67824387550354
102,0.10210210084915161,42.58195114135742,-0.0016139126382768154,-0.008671089075505733,-2.9968373775482178
103,0.10310310125350952,42.618080139160156,-0.001544486964121461,-0.00831633061170578,-3.3084044456481934
104,0.10410410165786743,42.65423583984375,-0.001597235444933176,-0.00907296035438776,-2.9067893028259277
105,0.10510510206222534,42.6904296875,-0.001810320420190692,-0.012443759478628635,-1.0873079299926758
106,0.10610610246658325,42.726654052734375,-0.0018542222678661346,-0.015533067286014557,0.439297616481781
107,0.10710710287094116,42.762908935546875,-0.0017895081546157598,-0.01548474095761776,0.21629393100738525
108,0.10810810327529907,42.799190521240234,-0.00168510596267879,-0.017872540280222893,1.4553022384643555
109,0.10910911113023758,42.83551025390625,-0.0016751722432672977,-0.01646341010928154,0.58199143409729
110,0.11011011153459549,42.871856689453125,-0.0016436667647212744,-0.01721009612083435,1.0972117185592651
111,0.1111111119389534,42.90822982788086,-0.0016233872156590223,-0.012732574716210365,-1.4356082677841187
112,0.11211211234331131,42.94463348388672,-0.0013834154233336449,-0.009428090415894985,-3.3744287490844727
113,0.11311311274766922,42.9810791015625,-0.0014845519326627254,-0.010476361960172653,-2.3062543869018555
114,0.11411411315202713,43.017547607421875,-0.0015586439985781908,-0.011826121248304844,-1.0490639209747314
115,0.11511511355638504,43.054054260253906,-0.0015103339683264494,-0.011929234489798546,-0.6138617992401123
116,0.11611611396074295,43.090579986572266,-0.0011941780103370547,-0.00878718588501215,-2.786445140838623
117,0.11711711436510086,43.127140045166016,-0.0008829260477796197,-0.007146561052650213,-4.449455261230469
118,0.11811811476945877,43.16373825073242,-0.0005696230218745768,-0.005698978900909424,-6.614508628845215
119,0.11911911517381668,43.20035934448242,-0.00093807652592659,-0.007873195223510265,-3.798884391784668
120,0.12012011557817459,43.23701477050781,-0.000800135254394263,-0.007008904125541449,-4.89243221282959
121,0.1211211159825325,43.27370834350586,-0.0007383812917396426,-0.006878823973238468,-5.519054889678955
122,0.12212212383747101,43.3104248046875,-0.0007496634498238564,-0.007195959333330393,-5.643355846405029
123,0.12312312424182892,43.34716796875,-0.0007569184526801109,-0.007422557566314936,-5.757081031799316
124,0.12412412464618683,43.38395309448242,-0.0008160545839928091,-0.008149013854563236,-5.112768650054932
125,0.12512512505054474,43.42076110839844,-0.0008352604345418513,-0.00862917210906744,-4.720023155212402
126,0.12612612545490265,43.45760726928711,-0.000835777260363102,-0.008912172168493271,-4.513688087463379
127,0.12712712585926056,43.494476318359375,-0.0008676251163706183,-0.009636512957513332,-3.744622230529785
128,0.12812812626361847,43.5313835144043,-0.0009160336339846253,-0.010789847932755947,-2.4925272464752197
129,0.12912912666797638,43.56832504272461,-0.0008709223475307226,-0.010105611756443977,-3.2505993843078613
130,0.1301301270723343,43.605289459228516,-0.0008834750624373555,-0.010378371924161911,-2.897416830062866
131,0.1311311274766922,43.64228820800781,-0.0007352089742198586,-0.008220009505748749,-5.5211567878723145
132,0.1321321278810501,43.679317474365234,-0.0008553749648854136,-0.009993347339332104,-3.2778825759887695
133,0.13313312828540802,43.71638107299805,-0.0008249739184975624,-0.00972965732216835,-3.6159918308258057
134,0.13413412868976593,43.753475189208984,-0.0007739767897874117,-0.009122027084231377,-4.429257869720459
135,0.13513512909412384,43.79059600830078,-0.0007815819699317217,-0.009619162417948246,-3.8195486068725586
136,0.13613612949848175,43.827762603759766,-0.0006858247797936201,-0.0077789826318621635,-6.3146443367004395
137,0.13713712990283966,43.86494445800781,-0.0006262733368203044,-0.00634287903085351,-8.430608749389648
138,0.13813813030719757,43.902164459228516,-0.0006126002408564091,-0.00610622763633728,-8.71934986114502
139,0.13913913071155548,43.93941879272461,-0.0006574448198080063,-0.007308528292924166,-6.728748321533203
140,0.1401401311159134,43.9766960144043,-0.0006478764698840678,-0.007138813380151987,-6.907497406005859
141,0.1411411464214325,44.014015197753906,-0.0006602024077437818,-0.007542282808572054,-6.176168918609619
142,0.1421421468257904,44.051361083984375,-0.0006833976367488503,-0.008179450407624245,-5.076268672943115
143,0.14314314723014832,44.08873748779297,-0.0007187769515439868,-0.009049582295119762,-3.747363328933716
144,0.14414414763450623,44.12614822387695,-0.0006684637628495693,-0.007680109236389399,-5.644805908203125
145,0.14514514803886414,44.1635856628418,-0.0006595891318283975,-0.0073319426737725735,-6.120754718780518
146,0.14614614844322205,44.20106506347656,-0.0006890286458656192,-0.008162845857441425,-4.869422435760498
147,0.14714714884757996,44.238563537597656,-0.0006820933776907623,-0.00786243099719286,-5.326355457305908
148,0.14814814925193787,44.27610778808594,-0.0006854897947050631,-0.008136969059705734,-5.015143394470215
149,0.14914914965629578,44.31366729736328,-0.0006908477516844869,-0.008971924893558025,-3.947873830795288
150,0.1501501500606537,44.35126876831055,-0.0006800538394600153,-0.008493000641465187,-4.859750747680664
151,0.1511511504650116,44.38890075683594,-0.000659545767121017,-0.007401756010949612,-6.75864315032959
152,0.1521521508693695,44.426570892333984,-0.0006791971391066909,-0.008449427783489227,-5.454202651977539
153,0.15315315127372742,44.464263916015625,-0.0006805866141803563,-0.008260325528681278,-5.933938980102539
154,0.15415415167808533,44.50199508666992,-0.0006414288654923439,-0.006536704488098621,-8.64526653289795
155,0.15515515208244324,44.53975296020508,-0.0005880405660718679,-0.004748903214931488,-11.518366813659668
156,0.15615615248680115,44.57754898071289,-0.0005995417013764381,-0.0042900750413537025,-12.080304145812988
157,0.15715715289115906,44.6153678894043,-0.0006443525780923665,-0.0052926205098629,-10.176765441894531
158,0.15815815329551697,44.653228759765625,-0.0006755331996828318,-0.005705928895622492,-9.297660827636719
159,0.15915915369987488,44.69111251831055,-0.0006333583733066916,-0.004108409397304058,-11.508949279785156
160,0.1601601541042328,44.72903823852539,-0.0006285228882916272,-0.003391645848751068,-12.436832427978516
161,0.1611611545085907,44.76698684692383,-0.0006298065418377519,-0.004102441482245922,-11.211583137512207
162,0.1621621549129486,44.804969787597656,-0.0006139212637208402,-0.0035688444040715694,-12.036357879638672
163,0.16316315531730652,44.842987060546875,-0.0006033233366906643,-0.0037840744480490685,-11.717270851135254
164,0.16416415572166443,44.88103485107422,-0.0006033284007571638,-0.003377484390512109,-12.463008880615234
165,0.16516515612602234,44.91912078857422,-0.0006053432007320225,-0.003867630148306489,-11.650324821472168
166,0.16616615653038025,44.95723342895508,-0.0006195877213031054,-0.00434116879478097,-10.811646461486816
167,0.16716717183589935,44.99538040161133,-0.0006269156583584845,-0.00366679928265512,-11.819769859313965
168,0.16816817224025726,45.03356170654297,-0.0006400372949428856,-0.004564323462545872,-10.402850151062012
169,0.16916917264461517,45.071773529052734,-0.000644099316559732,-0.004422277212142944,-10.747685432434082
170,0.17017017304897308,45.110015869140625,-0.0006643181550316513,-0.005858174525201321,-8.766523361206055
171,0.171171173453331,45.14828872680664,-0.000665131607092917,-0.006274454761296511,-8.38363265991211
172,0.1721721738576889,45.18659973144531,-0.0006566925439983606,-0.00618040980771184,-8.770336151123047
173,0.17317317426204681,45.22494125366211,-0.0006436065305024385,-0.005857985932379961,-9.467510223388672
174,0.17417417466640472,45.2633171081543,-0.0006538811139762402,-0.0043883174657821655,-11.910749435424805
175,0.17517517507076263,45.30172348022461,-0.0006409008638001978,-0.004902864806354046,-11.17047119140625
176,0.17617617547512054,45.34016036987305,-0.0006718289805576205,-0.004317231476306915,-11.954242706298828
177,0.17717717587947845,45.37863540649414,-0.0006263351533561945,-0.005296076647937298,-10.244389533996582
178,0.17817817628383636,45.41713333129883,-0.0005892177578061819,-0.006370242219418287,-8.293325424194336
179,0.17917917668819427,45.45567321777344,-0.0005754674784839153,-0.007034022361040115,-7.089692115783691
180,0.18018017709255219,45.49424362182617,-0.0005917379166930914,-0.006161819212138653,-8.533763885498047
181,0.1811811774969101,45.53284454345703,-0.0006013978272676468,-0.005670510232448578,-9.270776748657227
182,0.182182177901268,45.571475982666016,-0.0007137024076655507,-0.0031594899483025074,-13.037589073181152
183,0.18318317830562592,45.610145568847656,-0.0007191803306341171,-0.002841093810275197,-13.34787368774414
184,0.18418417870998383,45.64884567260742,-0.0007612352492287755,-0.002047312678769231,-14.249024391174316
185,0.18518517911434174,45.68758010864258,-0.0008703047060407698,3.674700565170497e-05,-16.5966854095459
186,0.18618617951869965,45.726348876953125,-0.0007621687254868448,-0.0018063850002363324,-14.098305702209473
187,0.18718717992305756,45.76514434814453,-0.0007643366698175669,-0.001658664783462882,-13.989217758178711
188,0.18818818032741547,45.803977966308594,-0.0008113639778457582,-0.000706023070961237,-14.885997772216797
189,0.18918918073177338,45.84284210205078,-0.0007241453276947141,-0.0022418599110096693,-12.597661018371582
190,0.1901901811361313,45.881744384765625,-0.0007458319887518883,-0.0017807809635996819,-12.98430347442627
191,0.1911911815404892,45.92066955566406,-0.0007228822214528918,-0.0022341380827128887,-12.280500411987305
192,0.1921921968460083,45.95963668823242,-0.0007783056935295463,-0.0010443709325045347,-13.921357154846191
193,0.1931931972503662,45.99863052368164,-0.0007552318274974823,-0.0014005263801664114,-13.59575080871582
194,0.19419419765472412,46.037662506103516,-0.0007354126428253949,-0.0017180718714371324,-13.340781211853027
195,0.19519519805908203,46.07672882080078,-0.0007136474596336484,-0.002068327507004142,-13.049893379211426
196,0.19619619846343994,46.115821838378906,-0.000830303062684834,6.955268327146769e-05,-15.99302864074707
197,0.19719719886779785,46.15495300292969,-0.0007652347558178008,-0.0010261720744892955,-14.740318298339844
198,0.19819819927215576,46.194114685058594,-0.0006816156092099845,-0.0025054679717868567,-12.769465446472168
199,0.19919919967651367,46.23331069946289,-0.0007984964759089053,-0.0005853399052284658,-15.36365795135498
200,0.20020020008087158,46.27254104614258,-0.0008090216433629394,-0.00045596191193908453,-15.528566360473633
201,0.2012012004852295,46.31180191040039,-0.0007900292403064668,-0.0008348544361069798,-15.013689994812012
202,0.2022022008895874,46.35110092163086,-0.0007803066982887685,-0.0010520679643377662,-14.652449607849121
203,0.2032032012939453,46.39043045043945,-0.0007888481486588717,-0.0009446217445656657,-14.734550476074219
204,0.20420420169830322,46.42979049682617,-0.000679113669320941,-0.0034720113035291433,-11.217023849487305
205,0.20520520210266113,46.46918487548828,-0.0006980017642490566,-0.0029019974172115326,-12.097387313842773
206,0.20620620250701904,46.50861740112305,-0.0006759603274986148,-0.0037941329646855593,-10.898454666137695
207,0.20720720291137695,46.54807662963867,-0.0006642456282861531,-0.006017413455992937,-7.635616302490234
208,0.20820820331573486,46.58757400512695,-0.0006604304071515799,-0.006185177247971296,-7.36487340927124
209,0.20920920372009277,46.62710189819336,-0.0006731432513333857,-0.0038246859330683947,-10.806949615478516
210,0.21021020412445068,46.666664123535156,-0.0006807000609114766,-0.0036021883133798838,-10.96396255493164
211,0.2112112045288086,46.706260681152344,-0.0006567176897078753,-0.004832401406019926,-8.905948638916016
212,0.2122122049331665,46.74589157104492,-0.0006472798413597047,-0.005791570991277695,-7.178969860076904
213,0.21321320533752441,46.78555679321289,-0.0006570307305082679,-0.005015096627175808,-8.141095161437988
214,0.21421420574188232,46.825252532958984,-0.0006799303228035569,-0.003965514712035656,-9.553356170654297
215,0.21521520614624023,46.864990234375,-0.0007314952672459185,-0.002692412817850709,-11.234675407409668
216,0.21621620655059814,46.90475082397461,-0.000710069783963263,-0.0031088266987353563,-10.662809371948242
217,0.21721720695495605,46.94455337524414,-0.0007111239247024059,-0.003050551749765873,-10.878762245178223
218,0.21821822226047516,46.98438262939453,-0.0006731036119163036,-0.004043004009872675,-9.604884147644043
219,0.21921922266483307,47.024253845214844,-0.0006576532032340765,-0.004618877544999123,-8.906134605407715
220,0.22022022306919098,47.064151763916016,-0.0006468569627031684,-0.005006011109799147,-8.34477710723877
221,0.2212212234735489,47.104087829589844,-0.000666965963318944,-0.004086624830961227,-9.731207847595215
222,0.2222222238779068,47.14405059814453,-0.0006103426567278802,-0.005689455661922693,-7.180846214294434
223,0.2232232242822647,47.18405532836914,-0.0006169023690745234,-0.0051203276962041855,-8.022223472595215
224,0.22422422468662262,47.22409439086914,-0.0006177850300446153,-0.00487545458599925,-8.309220314025879
225,0.22522522509098053,47.264163970947266,-0.0006072649266570807,-0.00488233519718051,-8.166479110717773
226,0.22622622549533844,47.304264068603516,-0.0005495926598086953,-0.005978066474199295,-6.1353936195373535
227,0.22722722589969635,47.34440231323242,-0.0005695875734090805,-0.005407691467553377,-7.054129600524902
228,0.22822822630405426,47.384578704833984,-0.0005354823661036789,-0.006417019292712212,-5.1434326171875
229,0.22922922670841217,47.424781799316406,-0.0005400387453846633,-0.006687837652862072,-4.605730056762695
230,0.23023022711277008,47.465023040771484,-0.000548538111615926,-0.006860542111098766,-4.239487648010254
231,0.231231227517128,47.50529479980469,-0.0005417897482402623,-0.0073053487576544285,-3.3937504291534424
232,0.2322322279214859,47.54560470581055,-0.0005116316024214029,-0.008057057857513428,-1.9167473316192627
233,0.2332332283258438,47.58594512939453,-0.0005129169439896941,-0.007970203645527363,-2.0363988876342773
234,0.23423422873020172,47.62632369995117,-0.0004890058189630508,-0.008226677775382996,-1.440014362335205
235,0.23523522913455963,47.6667366027832,-0.0005461608525365591,-0.006563575007021427,-4.537659645080566
236,0.23623622953891754,47.707176208496094,-0.0005077924579381943,-0.007154860533773899,-3.3212320804595947
237,0.23723722994327545,47.74766540527344,-0.0005169806536287069,-0.006696292199194431,-4.178421497344971
238,0.23823823034763336,47.788177490234375,-0.0005112108192406595,-0.006636418867856264,-4.289063453674316
239,0.23923923075199127,47.8287239074707,-0.0005234380951151252,-0.006270082667469978,-4.958164215087891
240,0.24024023115634918,47.86930847167969,-0.0004943411331623793,-0.006593030411750078,-4.2080607414245605
241,0.2412412315607071,47.9099235534668,-0.0005495374207384884,-0.005539600737392902,-6.073587417602539
242,0.242242231965065,47.95058059692383,-0.0005596447736024857,-0.005219435319304466,-6.496364593505859
243,0.2432432323694229,47.99126052856445,-0.0005657949368469417,-0.005025347229093313,-6.704381465911865
244,0.24424424767494202,48.031982421875,-0.0006650054128840566,-0.003393266350030899,-9.263051986694336
245,0.24524524807929993,48.07273864746094,-0.00066899205558002,-0.0032488747965544462,-9.384217262268066
246,0.24624624848365784,48.113529205322266,-0.0006844487506896257,-0.0028451604302972555,-9.82714557647705
247,0.24724724888801575,48.154354095458984,-0.000729368650354445,-0.0017788800178095698,-11.176582336425781
248,0.24824824929237366,48.19520950317383,-0.0007141409441828728,-0.0019667677115648985,-10.837084770202637
249,0.24924924969673157,48.236106872558594,-0.0007640633848495781,-0.0007526331464760005,-12.507418632507324
250,0.2502502501010895,48.277034759521484,-0.0008328523254022002,0.001031218096613884,-14.90046501159668
251,0.2512512505054474,48.317996978759766,-0.0007959303911775351,7.53362473915331e-05,-13.885031700134277
252,0.2522522509098053,48.35899353027344,-0.000761877279728651,-0.0007164190756157041,-12.897497177124023
253,0.2532532513141632,48.40003204345703,-0.0007433551363646984,-0.001150699332356453,-12.248729705810547
254,0.2542542517185211,48.44109344482422,-0.0007436312735080719,-0.0011203211033716798,-12.20535659790039
255,0.25525525212287903,48.48219680786133,-0.0006937545258551836,-0.0020456251222640276,-10.852502822875977
256,0.25625625252723694,48.52333450317383,-0.0007979085203260183,0.0003966414660681039,-14.0957670211792
257,0.25725725293159485,48.564510345458984,-0.0007985237753018737,0.0005811130395159125,-14.346198081970215
258,0.25825825333595276,48.605712890625,-0.0008521609706804156,0.003082054201513529,-17.33800506591797
259,0.25925925374031067,48.64695739746094,-0.000833292375318706,0.002378653734922409,-16.41647720336914
260,0.2602602541446686,48.688236236572266,-0.0008493836503475904,0.0035908627323806286,-17.750749588012695
261,0.2612612545490265,48.729549407958984,-0.0008468280429951847,0.0034958599135279655,-17.575881958007812
262,0.2622622549533844,48.770896911621094,-0.0008612209931015968,0.004541981499642134,-18.795635223388672
263,0.2632632553577423,48.812278747558594,-0.0008708470268175006,0.005366319324821234,-19.749418258666992
264,0.2642642557621002,48.85369110107422,-0.0008821325609460473,0.006442928686738014,-20.973180770874023
265,0.26526525616645813,48.895145416259766,-0.0008913485798984766,0.007423957344144583,-22.042556762695312
266,0.26626625657081604,48.93663787841797,-0.0008727973909117281,0.005512046627700329,-19.794538497924805
267,0.26726725697517395,48.97815704345703,-0.0008747828542254865,0.005921836011111736,-20.123708724975586
268,0.26826825737953186,49.01971435546875,-0.0008741579949855804,0.006187645718455315,-20.312774658203125
269,0.26926925778388977,49.061309814453125,-0.0008657271973788738,0.005763662979006767,-19.710474014282227
270,0.2702702581882477,49.10293960571289,-0.0008482777629978955,0.004457615781575441,-18.08968162536621
271,0.2712712585926056,49.14460754394531,-0.0008498597890138626,0.005407213233411312,-19.109394073486328
272,0.2722722589969635,49.18630599975586,-0.0008478927193209529,0.005946919787675142,-19.631155014038086
273,0.2732732594013214,49.2280387878418,-0.0008580790599808097,0.007841257378458977,-21.759885787963867
274,0.2742742598056793,49.26980972290039,-0.0008660195162519813,0.008876447565853596,-22.896709442138672
275,0.27527526021003723,49.31161880493164,-0.0009172254940494895,0.01276654563844204,-27.22130584716797
276,0.27627626061439514,49.35345458984375,-0.0009076366550289094,0.011877612210810184,-26.1998348236084
277,0.27727726101875305,49.39533233642578,-0.0009087417856790125,0.011720381677150726,-26.01548957824707
278,0.27827826142311096,49.4372444152832,-0.0008992009097710252,0.010954543948173523,-25.200990676879883
279,0.27927926182746887,49.479190826416016,-0.000882319756783545,0.00983966700732708,-24.06698226928711
280,0.2802802622318268,49.52117156982422,-0.0009016556432470679,0.011143453419208527,-25.67192840576172
281,0.2812812626361847,49.56319046020508,-0.0009087894577533007,0.011538667604327202,-26.284223556518555
282,0.282282292842865,49.60525131225586,-0.0009765528957359493,0.015487478114664555,-30.64911460876465
283,0.2832832932472229,49.6473388671875,-0.0009540284518152475,0.014315136708319187,-29.572166442871094
284,0.2842842936515808,49.6894645690918,-0.0009230187861248851,0.012624663300812244,-27.850679397583008
285,0.2852852940559387,49.73162841796875,-0.0008885933202691376,0.010835782624781132,-25.922758102416992
286,0.28628629446029663,49.77382278442383,-0.0008881103713065386,0.011094131506979465,-26.22515869140625
287,0.28728729486465454,49.81605911254883,-0.0008917289669625461,0.011518057435750961,-26.707910537719727
288,0.28828829526901245,49.85832595825195,-0.0008865328854881227,0.0114152692258358,-26.590782165527344
289,0.28928929567337036,49.900630950927734,-0.0008749199914745986,0.010991246439516544,-26.1004581451416
290,0.29029029607772827,49.94297409057617,-0.0008791001746430993,0.01159172598272562,-26.744508743286133
291,0.2912912964820862,49.985355377197266,-0.0009163838694803417,0.014344733208417892,-29.74066162109375
292,0.2922922968864441,50.02776336669922,-0.0009030735236592591,0.014088713563978672,-29.41506004333496
293,0.293293297290802,50.07020950317383,-0.0009412977378815413,0.01685180887579918,-32.39522933959961
294,0.2942942976951599,50.11269760131836,-0.000944079365581274,0.017325887456536293,-32.9139404296875
295,0.2952952980995178,50.155216217041016,-0.0009143234929069877,0.01583394967019558,-31.36650276184082
296,0.29629629850387573,50.197776794433594,-0.0008897067164070904,0.014685112982988358,-30.192838668823242
297,0.29729729890823364,50.2403678894043,-0.0008609456126578152,0.013224897906184196,-28.600374221801758
298,0.29829829931259155,50.282997131347656,-0.0008819859940558672,0.014705795794725418,-30.322978973388672
299,0.29929929971694946,50.32566452026367,-0.0009035335970111191,0.016073931008577347,-31.842063903808594
300,0.3003003001213074,50.36836242675781,-0.0008988947374746203,0.016074253246188164,-31.75273323059082
301,0.3013013005256653,50.41109848022461,-0.0008695483556948602,0.014621390961110592,-29.967405319213867
302,0.3023023009300232,50.45387649536133,-0.0008442734833806753,0.012971598654985428,-27.89704704284668
303,0.3033033013343811,50.49668502807617,-0.0008376962505280972,0.012155908159911633,-26.805421829223633
304,0.304304301738739,50.53953552246094,-0.0008304172079078853,0.011305899359285831,-25.724109649658203
305,0.3053053021430969,50.58241653442383,-0.0008331729331985116,0.011108200997114182,-25.439197540283203
306,0.30630630254745483,50.625335693359375,-0.0008539148257113993,0.012175208888947964,-26.688512802124023
307,0.30730730295181274,50.66829299926758,-0.0008646752685308456,0.012500183656811714,-27.090314865112305
308,0.30830830335617065,50.71128463745117,-0.0008548673940822482,0.01132127083837986,-25.759552001953125
309,0.30930930376052856,50.754310607910156,-0.0008572123479098082,0.011724916286766529,-26.270889282226562
310,0.3103103041648865,50.79737854003906,-0.0008430136367678642,0.0110581424087286,-25.52305030822754
311,0.3113113045692444,50.840476989746094,-0.0008483896963298321,0.012255732901394367,-26.959848403930664
312,0.3123123049736023,50.88361358642578,-0.0008274214342236519,0.011181743815541267,-25.727108001708984
313,0.3133133053779602,50.92679214477539,-0.0008201046148315072,0.011104600504040718,-25.719484329223633
314,0.3143143057823181,50.97000503540039,-0.0008178638527169824,0.011418734677135944,-26.22048568725586
315,0.315315306186676,51.01325225830078,-0.0008163691381923854,0.011705989949405193,-26.67751693725586
316,0.31631630659103394,51.056541442871094,-0.0008280992624349892,0.012849507853388786,-28.153636932373047
317,0.31731730699539185,51.099857330322266,-0.0008486478473059833,0.014332595281302929,-29.95782470703125
318,0.31831830739974976,51.14321517944336,-0.0008535673259757459,0.014487039297819138,-30.13443946838379
319,0.31931930780410767,51.186614990234375,-0.0008609913056716323,0.014806312508881092,-30.514822006225586
320,0.3203203082084656,51.23004913330078,-0.000842129928059876,0.01321740634739399,-28.66505241394043
321,0.3213213086128235,51.27351379394531,-0.0008333282312378287,0.012183358892798424,-27.474685668945312
322,0.3223223090171814,51.317020416259766,-0.0008433972834609449,0.01254295278340578,-27.956710815429688
323,0.3233233094215393,51.36056137084961,-0.0008869328303262591,0.015557625330984592,-31.464828491210938
324,0.3243243098258972,51.40414047241211,-0.0008666489738970995,0.014127387665212154,-29.882858276367188
325,0.3253253102302551,51.44776153564453,-0.0008684874046593904,0.014549697749316692,-30.42997932434082
326,0.32632631063461304,51.49141311645508,-0.0008629774674773216,0.014561942778527737,-30.495258331298828
327,0.32732731103897095,51.53510284423828,-0.0008471636101603508,0.0140742352232337,-29.96845817565918
328,0.32832831144332886,51.578834533691406,-0.0008425378473475575,0.014419721439480782,-30.413236618041992
329,0.32932931184768677,51.622596740722656,-0.000821097637526691,0.013584532774984837,-29.41946029663086
330,0.3303303122520447,51.66639709472656,-0.0008319608750753105,0.01508809719234705,-31.25537109375
331,0.3313313126564026,51.71023941040039,-0.0008287427481263876,0.015479408204555511,-31.776958465576172
332,0.3323323130607605,51.754112243652344,-0.0008127365726977587,0.014782370068132877,-30.983577728271484
333,0.3333333432674408,51.79802703857422,-0.0007975967018865049,0.013947326689958572,-29.99787712097168
334,0.3343343436717987,51.84197998046875,-0.0008106675231829286,0.014994712546467781,-31.358592987060547
335,0.3353353440761566,51.88597106933594,-0.00078742322511971,0.013333003036677837,-29.271236419677734
336,0.3363363444805145,51.92999267578125,-0.0007855034782551229,0.013170836493372917,-29.039262771606445
337,0.33733734488487244,51.974056243896484,-0.0007901471108198166,0.01360207051038742,-29.54107093811035
338,0.33833834528923035,52.018157958984375,-0.0008135114330798388,0.015549667179584503,-31.927776336669922
339,0.33933934569358826,52.06229782104492,-0.0008298566099256277,0.016836434602737427,-33.462379455566406
340,0.34034034609794617,52.106468200683594,-0.0008163650054484606,0.015683375298976898,-32.076114654541016
341,0.3413413465023041,52.15068054199219,-0.0008084473665803671,0.01478633563965559,-31.00483512878418
342,0.342342346906662,52.19493103027344,-0.0008153406088240445,0.015233063139021397,-31.5942325592041
343,0.3433433473110199,52.23921585083008,-0.0008121830178424716,0.014839773066341877,-31.158845901489258
344,0.3443443477153778,52.283546447753906,-0.000817175256088376,0.015172094106674194,-31.612747192382812
345,0.3453453481197357,52.327911376953125,-0.0008263112977147102,0.015904372557997704,-32.562469482421875
346,0.34634634852409363,52.372310638427734,-0.0008367103291675448,0.016756311058998108,-33.67336654663086
347,0.34734734892845154,52.416744232177734,-0.0008322637295350432,0.016380460932850838,-33.27214813232422
348,0.34834834933280945,52.46122360229492,-0.0008211612002924085,0.01563871279358864,-32.391841888427734
349,0.34934934973716736,52.505733489990234,-0.0008355843601748347,0.016837116330862045,-33.816131591796875
350,0.35035035014152527,52.55028533935547,-0.0008634853875264525,0.01907781884074211,-36.421722412109375
351,0.3513513505458832,52.594879150390625,-0.0008322313078679144,0.01692698523402214,-33.880340576171875
352,0.3523523509502411,52.639503479003906,-0.0008326044771820307,0.017320536077022552,-34.35025405883789
353,0.353353351354599,52.68416976928711,-0.0008392305462621152,0.01822717860341072,-35.40533447265625
354,0.3543543517589569,52.72887420654297,-0.0008244802011176944,0.01741870492696762,-34.415443420410156
355,0.3553553521633148,52.77360916137695,-0.0008436668431386352,0.019219711422920227,-36.53510665893555
356,0.35635635256767273,52.81839370727539,-0.000859875523019582,0.020514274016022682,-38.0105094909668
357,0.35735735297203064,52.86320495605469,-0.0008671506075188518,0.02076098695397377,-38.273868560791016
358,0.35835835337638855,52.90806198120117,-0.0008569692727178335,0.01924268715083599,-36.51782989501953
359,0.35935935378074646,52.95295333862305,-0.0008740815683268011,0.020431045442819595,-37.93276596069336
360,0.36036035418510437,52.99788284301758,-0.0008862580871209502,0.021470235660672188,-39.185367584228516
361,0.3613613545894623,53.0428581237793,-0.0008645292837172747,0.01897810585796833,-36.439727783203125
362,0.3623623549938202,53.087860107421875,-0.0008873009355738759,0.021320488303899765,-39.211185455322266
363,0.3633633553981781,53.13290786743164,-0.0008986166212707758,0.022527307271957397,-40.645328521728516
364,0.364364355802536,53.1779899597168,-0.0009110987302847207,0.024235866963863373,-42.629905700683594
365,0.3653653562068939,53.223114013671875,-0.0008903751731850207,0.022564200684428215,-40.91276550292969
366,0.36636635661125183,53.268272399902344,-0.0008887743460945785,0.023433204740285873,-42.05250930786133
367,0.36736735701560974,53.31346893310547,-0.0008987713954411447,0.025835026055574417,-44.90693283081055
368,0.36836835741996765,53.358707427978516,-0.000896394019946456,0.026324156671762466,-45.598236083984375
369,0.36936935782432556,53.40398025512695,-0.0008843731484375894,0.025372086092829704,-44.593505859375
370,0.37037035822868347,53.44929885864258,-0.0008789285784587264,0.025257855653762817,-44.49491500854492
371,0.3713713586330414,53.49464797973633,-0.0008946858579292893,0.027424998581409454,-46.883060455322266
372,0.3723723590373993,53.5400390625,-0.0009048053179867566,0.02899865061044693,-48.544960021972656
373,0.3733733594417572,53.58546829223633,-0.0009304903214797378,0.033121440559625626,-52.92549514770508
374,0.3743743598461151,53.63093566894531,-0.000926013570278883,0.032602328807115555,-52.231895446777344
375,0.375375360250473,53.67644500732422,-0.0009127757512032986,0.031084995716810226,-50.54071044921875
376,0.37637636065483093,53.721988677978516,-0.0009154949802905321,0.032482028007507324,-52.23163986206055
377,0.37737736105918884,53.76757049560547,-0.0009218269260600209,0.033792536705732346,-53.80337905883789
378,0.37837836146354675,53.813194274902344,-0.0009362311684526503,0.03628603368997574,-56.62255859375
379,0.37937936186790466,53.858856201171875,-0.0009195777820423245,0.034281935542821884,-54.751739501953125
380,0.3803803622722626,53.9045524597168,-0.0009165271185338497,0.034629106521606445,-55.459449768066406
381,0.3813813626766205,53.950294494628906,-0.0009121062466874719,0.03524026274681091,-56.488250732421875
382,0.3823823630809784,53.996070861816406,-0.0009125303477048874,0.036225687712430954,-57.84123992919922
383,0.3833833634853363,54.04188919067383,-0.0009016486583277583,0.03533720597624779,-57.04853820800781
384,0.3843843936920166,54.08774185180664,-0.0008957866812124848,0.03547198325395584,-57.34642028808594
385,0.3853853940963745,54.133636474609375,-0.0008960168343037367,0.036083534359931946,-58.053504943847656
386,0.3863863945007324,54.1795654296875,-0.0008964961161836982,0.03606267645955086,-57.92053985595703
387,0.38738739490509033,54.22554016113281,-0.0008910794276744127,0.03499612212181091,-56.63167953491211
388,0.38838839530944824,54.271549224853516,-0.000891211093403399,0.035398975014686584,-57.044036865234375
389,0.38938939571380615,54.317596435546875,-0.0008958762045949697,0.036381691694259644,-58.09081268310547
390,0.39039039611816406,54.363685607910156,-0.0009082166361622512,0.03819785267114639,-59.96548843383789
391,0.391391396522522,54.40981674194336,-0.0009195677703246474,0.03944721817970276,-61.14841079711914
392,0.3923923969268799,54.45597839355469,-0.0009212999138981104,0.03901510313153267,-60.539405822753906
393,0.3933933973312378,54.502193450927734,-0.0009164792718365788,0.0389287956058979,-60.55868148803711
394,0.3943943977355957,54.54843521118164,-0.0009154261788353324,0.04005198925733566,-61.94944381713867
395,0.3953953981399536,54.59471893310547,-0.0009147156379185617,0.041812967509031296,-64.1446304321289
396,0.3963963985443115,54.64104080200195,-0.0009142945636995137,0.04315052554011345,-65.83158111572266
397,0.39739739894866943,54.68740463256836,-0.0009072637767530978,0.04200312867760658,-64.79175567626953
398,0.39839839935302734,54.73381042480469,-0.0009016545955091715,0.04003899544477463,-62.698219299316406
399,0.39939939975738525,54.780250549316406,-0.000911445589736104,0.041541751474142075,-64.34698486328125
400,0.40040040016174316,54.82673263549805,-0.0009197508334182203,0.04231474548578262,-65.20011138916016
401,0.4014014005661011,54.87324905395508,-0.0009111870313063264,0.04118983820080757,-64.26234436035156
402,0.402402400970459,54.91980743408203,-0.0008948432514443994,0.03860747441649437,-61.751731872558594
403,0.4034034013748169,54.96641540527344,-0.0008839224465191364,0.03835596889257431,-61.9268913269043
404,0.4044044017791748,55.01305389404297,-0.0008765934035181999,0.03834817185997963,-62.22786331176758
405,0.4054054021835327,55.059730529785156,-0.000871172989718616,0.037898387759923935,-61.82273483276367
406,0.4064064025878906,55.106449127197266,-0.000862937537021935,0.03678177669644356,-60.587772369384766
407,0.40740740299224854,55.1532096862793,-0.0008649139199405909,0.038765277713537216,-62.94974136352539
408,0.40840840339660645,55.200008392333984,-0.0008621286833658814,0.03994322195649147,-64.41421508789062
409,0.40940940380096436,55.24684524536133,-0.0008556830580346286,0.039704009890556335,-64.15424346923828
410,0.41041040420532227,55.293724060058594,-0.0008545721648260951,0.03971204534173012,-64.07530975341797
411,0.4114114046096802,55.340641021728516,-0.0008619586005806923,0.0417342483997345,-66.39990234375
412,0.4124124050140381,55.38759231567383,-0.0008650029776617885,0.04177292063832283,-66.45137786865234
413,0.413413405418396,55.43458938598633,-0.0008776967297308147,0.043884072452783585,-68.8845443725586
414,0.4144144058227539,55.481624603271484,-0.0008674708660691977,0.04053692892193794,-65.11253356933594
415,0.4154154062271118,55.52870178222656,-0.0008684329804964364,0.039971400052309036,-64.55752563476562
416,0.4164164066314697,55.5758171081543,-0.0008704147185198963,0.040588051080703735,-65.43158721923828
417,0.41741740703582764,55.62297439575195,-0.0008692286210134625,0.04132097586989403,-66.49906921386719
418,0.41841840744018555,55.67017364501953,-0.0008571568760089576,0.040499914437532425,-65.87932586669922
419,0.41941940784454346,55.71741485595703,-0.0008556311950087547,0.04196304827928543,-67.8118667602539
420,0.42042040824890137,55.764686584472656,-0.0008614071412011981,0.04412887990474701,-70.38031768798828
421,0.4214214086532593,55.81200408935547,-0.0008647121721878648,0.04418028146028519,-70.30802917480469
422,0.4224224090576172,55.85935592651367,-0.00087300396990031,0.045021019876003265,-71.11568450927734
423,0.4234234094619751,55.90675735473633,-0.0009002303704619408,0.04903788864612579,-75.42095947265625
424,0.424424409866333,55.954193115234375,-0.0009080233867280185,0.050422534346580505,-77.04219055175781
425,0.4254254102706909,56.00166702270508,-0.0008982082945294678,0.05141303688287735,-78.88240051269531
426,0.42642641067504883,56.04918670654297,-0.0008829340222291648,0.05197758227586746,-80.35021209716797
427,0.42742741107940674,56.096744537353516,-0.0008592994417995214,0.05001039430499077,-78.7002182006836
428,0.42842841148376465,56.14434814453125,-0.0008658157894387841,0.05297481268644333,-82.41915893554688
429,0.42942941188812256,56.191978454589844,-0.0008626324124634266,0.05249779298901558,-81.8479232788086
430,0.43043041229248047,56.239662170410156,-0.00087519153021276,0.05455801263451576,-83.97317504882812
431,0.4314314126968384,56.287384033203125,-0.0008900722023099661,0.056504182517528534,-85.7938003540039
432,0.4324324131011963,56.335140228271484,-0.0008775084861554205,0.05471093952655792,-83.93479919433594
433,0.4334334135055542,56.3829460144043,-0.0008753865258768201,0.05555347353219986,-85.21614837646484
434,0.4344344139099121,56.430782318115234,-0.0008787214173935354,0.05694199725985527,-87.0080795288086
435,0.43543541431427,56.478668212890625,-0.0008852583123371005,0.0589238703250885,-89.39672088623047
436,0.4364364445209503,56.526588439941406,-0.0008796722977422178,0.057571444660425186,-87.93538665771484
437,0.4374374449253082,56.574554443359375,-0.0008722571074031293,0.05596286803483963,-86.20500946044922
438,0.43843844532966614,56.62255859375,-0.0008639841107651591,0.05436265841126442,-84.49552154541016
439,0.43943944573402405,56.67060089111328,-0.0008724694489501417,0.056679680943489075,-87.2879638671875
440,0.44044044613838196,56.718685150146484,-0.000870981952175498,0.056779198348522186,-87.54938507080078
441,0.44144144654273987,56.76681137084961,-0.000879056635312736,0.0597752220928669,-91.15746307373047
442,0.4424424469470978,56.814979553222656,-0.0008707258384674788,0.059411752969026566,-91.17366790771484
443,0.4434434473514557,56.86318588256836,-0.0008574749808758497,0.0569632388651371,-88.60041046142578
444,0.4444444477558136,56.911434173583984,-0.0008656518766656518,0.059343352913856506,-91.51817321777344
445,0.4454454481601715,56.95972442626953,-0.0008716807933524251,0.061521172523498535,-94.26360321044922
446,0.4464464485645294,57.008056640625,-0.0008706345688551664,0.06163349747657776,-94.5721435546875
447,0.44744744896888733,57.056427001953125,-0.0008621724555268884,0.05979889631271362,-92.67546081542969
448,0.44844844937324524,57.10483932495117,-0.0008697491721250117,0.0630897730588913,-96.8885498046875
449,0.44944944977760315,57.153297424316406,-0.0008671070681884885,0.06349184364080429,-97.75667572021484
450,0.45045045018196106,57.20178985595703,-0.0008642915636301041,0.06443513184785843,-99.34673309326172
451,0.45145145058631897,57.25032424926758,-0.000863430614117533,0.06548942625522614,-100.82218933105469
452,0.4524524509906769,57.29890060424805,-0.0008596482221037149,0.06469374895095825,-100.09416198730469
453,0.4534534513950348,57.3475227355957,-0.000860314117744565,0.06465820223093033,-99.99351501464844
454,0.4544544517993927,57.396183013916016,-0.0008579459972679615,0.06292775273323059,-97.87147521972656
455,0.4554554522037506,57.444881439208984,-0.0008477558731101453,0.05936521664261818,-93.53282165527344
456,0.4564564526081085,57.49362564086914,-0.0008375212200917304,0.057791125029325485,-91.81584930419922
457,0.45745745301246643,57.54240417480469,-0.0008346022805199027,0.05879633501172066,-93.31111145019531
458,0.45845845341682434,57.59122848510742,-0.0008277213200926781,0.058583032339811325,-93.37277221679688
459,0.45945945382118225,57.640098571777344,-0.0008250452810898423,0.0588541254401207,-93.87883758544922
460,0.46046045422554016,57.68900680541992,-0.0008282638154923916,0.059436142444610596,-94.42678833007812
461,0.46146145462989807,57.73795700073242,-0.0008287823293358088,0.06010506674647331,-95.33837890625
462,0.462462455034256,57.786949157714844,-0.0008325382368639112,0.06261445581912994,-98.43653869628906
463,0.4634634554386139,57.83598327636719,-0.0008270484395325184,0.06210532411932945,-98.09130096435547
464,0.4644644558429718,57.88505554199219,-0.000824146147351712,0.0630926638841629,-99.32223510742188
465,0.4654654562473297,57.934165954589844,-0.0008157825795933604,0.06429888308048248,-101.00240325927734
466,0.4664664566516876,57.98332977294922,-0.0008067968301475048,0.06456752121448517,-102.17279815673828
467,0.46746745705604553,58.03252410888672,-0.0008037702646106482,0.06304195523262024,-101.19347381591797
468,0.46846845746040344,58.08176803588867,-0.0007967851124703884,0.06190115958452225,-100.5203628540039
469,0.46946945786476135,58.131046295166016,-0.0007963281823322177,0.06299354881048203,-102.31531524658203
470,0.47047045826911926,58.18037414550781,-0.0007977979839779437,0.0639445036649704,-103.66627502441406
471,0.4714714586734772,58.229740142822266,-0.0008042302797548473,0.06612033396959305,-106.2838363647461
472,0.4724724590778351,58.27914810180664,-0.0008053238270804286,0.06587007641792297,-105.62396240234375
473,0.473473459482193,58.32859802246094,-0.000802790280431509,0.06505155563354492,-104.45637512207031
474,0.4744744598865509,58.37809371948242,-0.0007897625910118222,0.06309936940670013,-102.59725952148438
475,0.4754754602909088,58.42762756347656,-0.0007863437058404088,0.06383978575468063,-104.0589828491211
476,0.4764764606952667,58.47719955444336,-0.0007831163238734007,0.06353951245546341,-103.92658233642578
477,0.47747746109962463,58.52682113647461,-0.0007847176166251302,0.06447602808475494,-105.05238342285156
478,0.47847846150398254,58.57647705078125,-0.0007790896925143898,0.06538864970207214,-106.1778335571289
479,0.47947946190834045,58.626182556152344,-0.0007765605114400387,0.06296752393245697,-103.05764770507812
480,0.48048046231269836,58.675926208496094,-0.0007729692733846605,0.06322913616895676,-103.96109771728516
481,0.4814814627170563,58.725711822509766,-0.0007692607468925416,0.062493059784173965,-103.71631622314453
482,0.4824824631214142,58.775543212890625,-0.0007621534168720245,0.061409350484609604,-102.86272430419922
483,0.4834834635257721,58.82541275024414,-0.0007565486594103277,0.05986110493540764,-100.92667388916016
484,0.48448446393013,58.875328063964844,-0.0007600937969982624,0.060198258608579636,-101.08660888671875
485,0.4854854643344879,58.92528533935547,-0.0007669294718652964,0.06076362356543541,-101.31405639648438
486,0.4864864647388458,58.97528076171875,-0.0007666625897400081,0.06191404163837433,-102.95240783691406
487,0.4874874949455261,59.025325775146484,-0.0007549889269284904,0.06211617961525917,-104.00801086425781
488,0.48848849534988403,59.07540512084961,-0.000748947961255908,0.06376763433218002,-106.71522521972656
489,0.48948949575424194,59.12553024291992,-0.0007404639618471265,0.06303687393665314,-106.10420227050781
490,0.49049049615859985,59.17570114135742,-0.0007249570917338133,0.05960481986403465,-101.9882583618164
491,0.49149149656295776,59.22591781616211,-0.0007162481779232621,0.0589679554104805,-101.68708801269531
492,0.4924924969673157,59.27616500854492,-0.0007115901098586619,0.058514006435871124,-101.41840362548828
493,0.4934934973716736,59.32646560668945,-0.0007134948391467333,0.060470934957265854,-104.45902252197266
494,0.4944944977760315,59.376800537109375,-0.0007141410605981946,0.06140190362930298,-105.81977081298828
495,0.4954954981803894,59.427181243896484,-0.0007146328571252525,0.05895484238862991,-102.21590423583984
496,0.4964964985847473,59.47761154174805,-0.0007168800802901387,0.06084061786532402,-104.72980499267578
497,0.4974974989891052,59.528072357177734,-0.0007169981836341321,0.05952410399913788,-103.2596664428711
498,0.49849849939346313,59.57858657836914,-0.0007137934444472194,0.05892101675271988,-102.90422058105469
499,0.49949949979782104,59.62913513183594,-0.0007101520895957947,0.057140421122312546,-100.5696792602539
500,0.500500500202179,59.67972946166992,-0.0007066447287797928,0.05596664920449257,-99.17457580566406
501,0.5015015006065369,59.73036575317383,-0.0007020646007731557,0.05415041744709015,-96.66580200195312
502,0.5025025010108948,59.78105163574219,-0.0006948508089408278,0.05137436464428902,-92.58052062988281
503,0.5035035014152527,59.83177947998047,-0.0006997475866228342,0.05189457908272743,-93.29933166503906
504,0.5045045018196106,59.88254165649414,-0.0007041071075946093,0.0530267171561718,-95.10838317871094
505,0.5055055022239685,59.93335723876953,-0.0007058225455693901,0.05403013899922371,-96.788330078125
506,0.5065065026283264,59.98421096801758,-0.0006935075507499278,0.05149213224649429,-93.42192077636719
507,0.5075075030326843,60.03510665893555,-0.0006946382345631719,0.05237031355500221,-94.92231750488281
508,0.5085085034370422,60.08604431152344,-0.0006885911570861936,0.05193737894296646,-94.57586669921875
509,0.5095095038414001,60.13703155517578,-0.0006827028701081872,0.05089705064892769,-93.11126708984375
510,0.5105105042457581,60.18806076049805,-0.0006782679120078683,0.049379363656044006,-90.68985748291016
511,0.511511504650116,60.2391242980957,-0.0006709659355692565,0.04766250401735306,-88.12637329101562
512,0.5125125050544739,60.29024124145508,-0.0006740812677890062,0.04864897578954697,-89.42472839355469
513,0.5135135054588318,60.341392517089844,-0.000669152766931802,0.04821634292602539,-88.86783599853516
514,0.5145145058631897,60.39259719848633,-0.000666680047288537,0.048299964517354965,-89.04692840576172
515,0.5155155062675476,60.44384002685547,-0.0006711228052154183,0.05073236674070358,-92.62345123291016
516,0.5165165066719055,60.495121002197266,-0.0006649597198702395,0.04928305372595787,-90.62849426269531
517,0.5175175070762634,60.54645538330078,-0.0006585767841897905,0.049258481711149216,-91.2123031616211
518,0.5185185074806213,60.59783172607422,-0.0006525246426463127,0.04865617677569389,-90.91720581054688
519,0.5195195078849792,60.64924621582031,-0.0006518689915537834,0.049734096974134445,-92.95128631591797
520,0.5205205082893372,60.700706481933594,-0.0006464049802161753,0.048599664121866226,-91.70469665527344
521,0.5215215086936951,60.75221252441406,-0.0006439293501898646,0.04863427206873894,-92.18202209472656
522,0.522522509098053,60.80376434326172,-0.0006439074641093612,0.049140505492687225,-93.24222564697266
523,0.5235235095024109,60.85535430908203,-0.0006443088059313595,0.05025235936045647,-95.42788696289062
524,0.5245245099067688,60.90699005126953,-0.0006407009204849601,0.04962645843625069,-94.98712921142578
525,0.5255255103111267,60.95866775512695,-0.0006412378861568868,0.0500793419778347,-96.00137329101562
526,0.5265265107154846,61.01039123535156,-0.000643310253508389,0.05039069801568985,-96.5355224609375
527,0.5275275111198425,61.06216049194336,-0.0006498079164884984,0.05183840170502663,-98.69407653808594
528,0.5285285115242004,61.11397171020508,-0.0006511397077701986,0.051245830953121185,-97.57621002197266
529,0.5295295119285583,61.165828704833984,-0.0006492641405202448,0.04921901598572731,-94.15497589111328
530,0.5305305123329163,61.21773147583008,-0.0006536529399454594,0.05033356696367264,-95.83050537109375
531,0.5315315127372742,61.26966857910156,-0.0006435736431740224,0.04839634895324707,-93.2677001953125
532,0.5325325131416321,61.3216552734375,-0.0006337070371955633,0.047017402946949005,-91.66310119628906
533,0.53353351354599,61.373695373535156,-0.0006292702164500952,0.04709900543093681,-92.21794128417969
534,0.5345345139503479,61.4257698059082,-0.0006268323631957173,0.0468626506626606,-92.00404357910156
535,0.5355355143547058,61.47788619995117,-0.0006220328505150974,0.04594773054122925,-90.69710540771484
536,0.5365365147590637,61.530052185058594,-0.0006176050519570708,0.04391716420650482,-87.41394805908203
537,0.5375375151634216,61.5822639465332,-0.0006164431688375771,0.043246231973171234,-86.21347045898438
538,0.5385385155677795,61.63451385498047,-0.0006124328356236219,0.0425817146897316,-85.44275665283203
539,0.5395395755767822,61.68681716918945,-0.0006102507468312979,0.041555918753147125,-83.96066284179688
540,0.5405405759811401,61.73915481567383,-0.0006120057078078389,0.04182087630033493,-84.25909423828125
541,0.541541576385498,61.791542053222656,-0.0006116559961810708,0.039745133370161057,-80.86123657226562
542,0.542542576789856,61.843971252441406,-0.0006110192625783384,0.03981087729334831,-81.18197631835938
543,0.5435435771942139,61.89645004272461,-0.0006112635019235313,0.03949977457523346,-80.77438354492188
544,0.5445445775985718,61.94896697998047,-0.0006123444181866944,0.040333569049835205,-82.15906524658203
545,0.5455455780029297,62.001529693603516,-0.0006110075628384948,0.03940848261117935,-80.83910369873047
546,0.5465465784072876,62.05413818359375,-0.0006107537774369121,0.04027683287858963,-82.35659790039062
547,0.5475475788116455,62.10679244995117,-0.0006072947289794683,0.040393535047769547,-82.87349700927734
548,0.5485485792160034,62.159488677978516,-0.0006025824695825577,0.039121031761169434,-81.02275848388672
549,0.5495495796203613,62.21223068237305,-0.0006013379315845668,0.039695486426353455,-81.97898864746094
550,0.5505505800247192,62.26502227783203,-0.0006009628996253014,0.04090998321771622,-83.94833374023438
551,0.5515515804290771,62.31785202026367,-0.0006011882796883583,0.04323722422122955,-87.84590911865234
552,0.5525525808334351,62.3707275390625,-0.0005993270315229893,0.04382632300257683,-89.04643249511719
553,0.553553581237793,62.42365264892578,-0.0005945006851106882,0.04269282892346382,-87.6834716796875
554,0.5545545816421509,62.476619720458984,-0.0005933898501098156,0.0441557876765728,-90.58753967285156
555,0.5555555820465088,62.52962875366211,-0.0005917031085118651,0.04363762587308884,-90.03874206542969
556,0.5565565824508667,62.58268737792969,-0.0005911130574531853,0.04263753816485405,-88.4366226196289
557,0.5575575828552246,62.63578796386719,-0.000592854106798768,0.04290568083524704,-88.80603790283203
558,0.5585585832595825,62.688934326171875,-0.0005942608695477247,0.04402764141559601,-90.72058868408203
559,0.5595595836639404,62.74212646484375,-0.0005948009202256799,0.04423365369439125,-91.09064483642578
560,0.5605605840682983,62.79536437988281,-0.0005990672507323325,0.04511284828186035,-92.20014190673828
561,0.5615615844726562,62.8486442565918,-0.0005993142258375883,0.044864457100629807,-91.62609100341797
562,0.5625625848770142,62.901973724365234,-0.0005964200245216489,0.044634442776441574,-91.33601379394531
563,0.5635635852813721,62.955345153808594,-0.0005894474452361465,0.043138112872838974,-89.19245910644531
564,0.56456458568573,63.008766174316406,-0.0005861604586243629,0.04380911588668823,-90.50273895263672
565,0.5655655860900879,63.062225341796875,-0.0005852085305377841,0.045903779566287994,-94.09896850585938
566,0.5665665864944458,63.11573791503906,-0.0005802569794468582,0.04526486247777939,-93.27880096435547
567,0.5675675868988037,63.16929244995117,-0.0005736890016123652,0.043953489512205124,-91.55982208251953
568,0.5685685873031616,63.2228889465332,-0.000566568982321769,0.04099881649017334,-87.01486206054688
569,0.5695695877075195,63.27653503417969,-0.0005650672828778625,0.04307174310088158,-90.9336929321289
570,0.5705705881118774,63.33022689819336,-0.0005653948755934834,0.04390021041035652,-92.39491271972656
571,0.5715715885162354,63.38396072387695,-0.0005675047286786139,0.04396001994609833,-92.27371978759766
572,0.5725725889205933,63.437744140625,-0.0005684643983840942,0.045417286455631256,-94.99473571777344
573,0.5735735893249512,63.4915657043457,-0.0005686071235686541,0.04554138332605362,-95.45768737792969
574,0.5745745897293091,63.545440673828125,-0.0005711702397093177,0.046868786215782166,-98.0326156616211
575,0.575575590133667,63.599361419677734,-0.0005732384161092341,0.04729475826025009,-98.97818756103516
576,0.5765765905380249,63.65332794189453,-0.000570358766708523,0.04670596122741699,-98.44654846191406
577,0.5775775909423828,63.707332611083984,-0.0005672280094586313,0.045957911759614944,-97.51995086669922
578,0.5785785913467407,63.761390686035156,-0.0005636887508444488,0.04475773870944977,-95.65217590332031
579,0.5795795917510986,63.815494537353516,-0.0005625035846605897,0.04483771696686745,-96.00932312011719
580,0.5805805921554565,63.8696403503418,-0.0005627109203487635,0.045743729919195175,-97.7981185913086
581,0.5815815925598145,63.92383575439453,-0.0005611102096736431,0.04495113343000412,-96.38732147216797
582,0.5825825929641724,63.97807693481445,-0.0005565616302192211,0.0436599925160408,-94.47447204589844
583,0.5835835933685303,64.03236389160156,-0.0005548429908230901,0.04414427652955055,-95.67816162109375
584,0.5845845937728882,64.0866928100586,-0.0005554130184464157,0.044973257929086685,-97.16047668457031
585,0.5855855941772461,64.14107513427734,-0.0005564341554418206,0.04455757141113281,-96.09027099609375
586,0.586586594581604,64.19549560546875,-0.0005570835783146322,0.04525446891784668,-97.3074951171875
587,0.5875875949859619,64.24996948242188,-0.0005532981595024467,0.0441511794924736,-95.65821838378906
588,0.5885885953903198,64.30448150634766,-0.0005509648472070694,0.04543902724981308,-98.47370147705078
589,0.5895895957946777,64.35903930664062,-0.0005470606265589595,0.04438167065382004,-97.06222534179688
590,0.5905905961990356,64.41365814208984,-0.0005453788908198476,0.04368271678686142,-96.03976440429688
591,0.5915915966033936,64.46830749511719,-0.0005462268018163741,0.043526019901037216,-95.66929626464844
592,0.5925925970077515,64.52301025390625,-0.000545835355296731,0.04604931175708771,-100.47179412841797
593,0.5935935974121094,64.5777587890625,-0.0005413651233538985,0.04572218284010887,-100.6244888305664
594,0.5945945978164673,64.63255310058594,-0.000537603918928653,0.0434386283159256,-96.9499740600586
595,0.5955955982208252,64.68739318847656,-0.0005366627592593431,0.04364785552024841,-97.38956451416016
596,0.5965965986251831,64.74227905273438,-0.0005362024530768394,0.045079320669174194,-100.01118469238281
597,0.597597599029541,64.7972183227539,-0.0005333161680027843,0.04625179246068001,-102.60162353515625
598,0.5985985994338989,64.8521957397461,-0.0005304006626829505,0.04591958224773407,-102.35566711425781
599,0.5995995998382568,64.9072265625,-0.0005294282454997301,0.0448838509619236,-100.40763092041016
600,0.6006006002426147,64.96229553222656,-0.0005301201017573476,0.045226916670799255,-101.02725219726562
601,0.6016016006469727,65.01741790771484,-0.0005314702866598964,0.044776033610105515,-99.99058532714844
602,0.6026026010513306,65.07258605957031,-0.0005339423660188913,0.04522380977869034,-100.43367767333984
603,0.6036036014556885,65.12779998779297,-0.0005345001118257642,0.04535567760467529,-100.5922622680664
604,0.6046046018600464,65.18305969238281,-0.0005339275812730193,0.045016445219516754,-100.16023254394531
605,0.6056056022644043,65.23836517333984,-0.0005312470602802932,0.043901361525058746,-98.61743927001953
606,0.6066066026687622,65.2937240600586,-0.0005289908731356263,0.04375283420085907,-98.82395935058594
607,0.6076076030731201,65.34912872314453,-0.000528678297996521,0.04336846247315407,-98.20059204101562
608,0.608608603477478,65.40457916259766,-0.0005299572367221117,0.043937038630247116,-99.07872009277344
609,0.6096096038818359,65.46007537841797,-0.0005303021753206849,0.04241727292537689,-95.96845245361328
610,0.6106106042861938,65.51561737060547,-0.0005294685834087431,0.04282952845096588,-96.73064422607422
611,0.6116116046905518,65.57120513916016,-0.0005258952733129263,0.04170332849025726,-95.03286743164062
612,0.6126126050949097,65.62684631347656,-0.0005235859425738454,0.04350696876645088,-98.91200256347656
613,0.6136136054992676,65.68252563476562,-0.0005224677734076977,0.04374690726399422,-99.70033264160156
614,0.6146146059036255,65.7382583618164,-0.0005220142193138599,0.04455602541565895,-101.49205017089844
615,0.6156156063079834,65.79403686523438,-0.0005211476818658412,0.04530370607972145,-103.27544403076172
616,0.6166166067123413,65.84986877441406,-0.0005205614725127816,0.045749761164188385,-104.34742736816406
617,0.6176176071166992,65.9057388305664,-0.0005202364409342408,0.0444655604660511,-101.87181854248047
618,0.6186186075210571,65.96166229248047,-0.0005181181477382779,0.04360750690102577,-100.43501281738281
619,0.619619607925415,66.01763153076172,-0.0005166378105059266,0.04355701431632042,-100.5221939086914
620,0.620620608329773,66.07364654541016,-0.0005155904218554497,0.04139453545212746,-96.31111907958984
621,0.6216216087341309,66.12971496582031,-0.0005155567778274417,0.04291505739092827,-99.39574432373047
622,0.6226226091384888,66.18582916259766,-0.0005134046077728271,0.040827877819538116,-95.48688507080078
623,0.6236236095428467,66.24198150634766,-0.0005093538202345371,0.038761332631111145,-91.66188049316406
624,0.6246246099472046,66.29818725585938,-0.0005063794087618589,0.038900673389434814,-92.39893341064453
625,0.6256256103515625,66.35443878173828,-0.0005018534138798714,0.039244551211595535,-93.83799743652344
626,0.6266266107559204,66.4107437133789,-0.0004954584874212742,0.03823186457157135,-92.30704498291016
627,0.6276276111602783,66.46709442138672,-0.0004919894272461534,0.03799854964017868,-92.17536163330078
628,0.6286286115646362,66.52349090576172,-0.0004916706820949912,0.03797721862792969,-92.11006164550781
629,0.6296296119689941,66.57994079589844,-0.0004900771891698241,0.03763635829091072,-91.52771759033203
630,0.630630612373352,66.63642883300781,-0.0004885427770204842,0.03714621067047119,-90.5850601196289
631,0.63163161277771,66.6929702758789,-0.00048751092981547117,0.03633724898099899,-88.861328125
632,0.6326326131820679,66.74955749511719,-0.0004866771923843771,0.0366077683866024,-89.60890197753906
633,0.6336336135864258,66.80619812011719,-0.00048198775039054453,0.03494224324822426,-86.52130126953125
634,0.6346346139907837,66.86288452148438,-0.0004798374720849097,0.03330203890800476,-83.23487854003906
635,0.6356356143951416,66.91961669921875,-0.00048411599709652364,0.035124488174915314,-86.94102478027344
636,0.6366366147994995,66.97640228271484,-0.00048821623204275966,0.03755022585391998,-91.81527709960938
637,0.6376376152038574,67.0332260131836,-0.0004890537820756435,0.03688788041472435,-90.37406158447266
638,0.6386386156082153,67.0901107788086,-0.000488539575599134,0.03515608236193657,-86.85188293457031
639,0.6396396160125732,67.14703369140625,-0.0004902782966382802,0.03690506890416145,-90.5221176147461
640,0.6406406164169312,67.20401000976562,-0.0004892776487395167,0.03619154170155525,-89.22008514404297
641,0.6416416764259338,67.26103210449219,-0.00048679416067898273,0.035785239189863205,-88.69517517089844
642,0.6426426768302917,67.31810760498047,-0.00048589229118078947,0.03618449717760086,-89.68641662597656
643,0.6436436772346497,67.37522888183594,-0.0004842448979616165,0.03703165054321289,-91.75235748291016
644,0.6446446776390076,67.4323959350586,-0.0004816662985831499,0.036541979759931564,-91.04846954345703
645,0.6456456780433655,67.48960876464844,-0.0004791166866198182,0.03663771599531174,-91.64002227783203
646,0.6466466784477234,67.546875,-0.00047778559383004904,0.036283813416957855,-91.08464813232422
647,0.6476476788520813,67.60418701171875,-0.00047648497275076807,0.03516587242484093,-88.70500946044922
648,0.6486486792564392,67.66155242919922,-0.0004756209091283381,0.03507839888334274,-88.5289077758789
649,0.6496496796607971,67.71896362304688,-0.00047483114758506417,0.035035789012908936,-88.46231079101562
650,0.650650680065155,67.77642822265625,-0.0004714776005130261,0.03467831015586853,-88.06477355957031
651,0.6516516804695129,67.83393859863281,-0.0004710361245088279,0.03561905398964882,-90.26348876953125
652,0.6526526808738708,67.89148712158203,-0.0004697437980212271,0.03490724787116051,-88.7783203125
653,0.6536536812782288,67.9490966796875,-0.0004687935288529843,0.03492364287376404,-88.87640380859375
654,0.6546546816825867,68.00675201416016,-0.00046730530448257923,0.03526562824845314,-89.80229949951172
655,0.6556556820869446,68.064453125,-0.00046253824257291853,0.03551612049341202,-91.03219604492188
656,0.6566566824913025,68.1222152709961,-0.0004580114909913391,0.034949690103530884,-90.27049255371094
657,0.6576576828956604,68.18000793457031,-0.0004562384565360844,0.03512132167816162,-90.91107177734375
658,0.6586586833000183,68.23786163330078,-0.00045423005940392613,0.03450832888484001,-89.6644515991211
659,0.6596596837043762,68.29576110839844,-0.0004530883743427694,0.03399517759680748,-88.53230285644531
660,0.6606606841087341,68.35371398925781,-0.0004532427410595119,0.034469474107027054,-89.59459686279297
661,0.661661684513092,68.41171264648438,-0.0004510940343607217,0.03370663896203041,-88.00953674316406
662,0.66266268491745,68.46975708007812,-0.00044925391557626426,0.032929547131061554,-86.37882232666016
663,0.6636636853218079,68.5278549194336,-0.00044728259672410786,0.0328039824962616,-86.32291412353516
664,0.6646646857261658,68.58599853515625,-0.0004451974527910352,0.03349560871720314,-88.15005493164062
665,0.6656656861305237,68.64419555664062,-0.00043972901767119765,0.031644828617572784,-84.18993377685547
666,0.6666666865348816,68.70243835449219,-0.00043633795576170087,0.0305660218000412,-81.83667755126953
667,0.6676676869392395,68.76073455810547,-0.0004336844722274691,0.03081660345196724,-82.53951263427734
668,0.6686686873435974,68.81907653808594,-0.00043119999463669956,0.030512727797031403,-81.95783233642578
669,0.6696696877479553,68.87747192382812,-0.0004292889207135886,0.03048267401754856,-82.00545501708984
670,0.6706706881523132,68.9359130859375,-0.00042813830077648163,0.03075101040303707,-82.67023468017578
671,0.6716716885566711,68.9944076538086,-0.00042786571430042386,0.03013869747519493,-81.33042907714844
672,0.672672688961029,69.05294799804688,-0.0004272802616469562,0.030262699350714684,-81.70281219482422
673,0.673673689365387,69.11154174804688,-0.0004286961047910154,0.029705896973609924,-80.34667205810547
674,0.6746746897697449,69.17018127441406,-0.0004299732972867787,0.029417909681797028,-79.6439208984375
675,0.6756756901741028,69.22887420654297,-0.0004309638752602041,0.028318453580141068,-77.26806640625
676,0.6766766905784607,69.2876205444336,-0.0004302166635170579,0.027074113488197327,-74.65875244140625
677,0.6776776909828186,69.34640502929688,-0.0004305507754907012,0.027611345052719116,-75.9615707397461
678,0.6786786913871765,69.4052505493164,-0.0004322605673223734,0.027323277667164803,-75.16887664794922
679,0.6796796917915344,69.4641342163086,-0.0004337400896474719,0.02915915474295616,-79.23135375976562
680,0.6806806921958923,69.52307891845703,-0.0004372393595986068,0.027612237259745598,-75.49029541015625
681,0.6816816926002502,69.58206939697266,-0.000436707166954875,0.03077242523431778,-82.84337615966797
682,0.6826826930046082,69.64111328125,-0.0004351931274868548,0.030504878610372543,-82.73196411132812
683,0.6836836934089661,69.7001953125,-0.0004335399135015905,0.02984730154275894,-81.74803924560547
684,0.684684693813324,69.75934600830078,-0.0004326521884649992,0.029663385823369026,-81.6283187866211
685,0.6856856942176819,69.81852722167969,-0.00043151815771125257,0.030302397906780243,-83.2921371459961
686,0.6866866946220398,69.87776947021484,-0.00043120456393808126,0.029816215857863426,-82.23262786865234
687,0.6876876950263977,69.93706512451172,-0.0004311497905291617,0.030876725912094116,-84.71990203857422
688,0.6886886954307556,69.99640655517578,-0.00042876938823610544,0.029333580285310745,-81.29859924316406
689,0.6896896958351135,70.05580139160156,-0.0004235956585034728,0.028019841760396957,-78.60531616210938
690,0.6906906962394714,70.11524200439453,-0.0004151791799813509,0.026581425219774246,-75.73665618896484
691,0.6916916966438293,70.17473602294922,-0.00041193136712536216,0.026681950315833092,-76.30580139160156
692,0.6926926970481873,70.23428344726562,-0.0004122539539821446,0.026419715955853462,-75.55928802490234
693,0.6936936974525452,70.29387664794922,-0.00041866302490234375,0.02751542255282402,-77.85601806640625
694,0.6946946978569031,70.353515625,-0.0004238738911226392,0.026885202154517174,-75.7477798461914
695,0.695695698261261,70.41321563720703,-0.00042672210838645697,0.027385661378502846,-76.78797912597656
696,0.6966966986656189,70.47296142578125,-0.0004213601350784302,0.025808071717619896,-73.55967712402344
697,0.6976976990699768,70.53276062011719,-0.0004187916638329625,0.026608964428305626,-75.88237762451172
698,0.6986986994743347,70.59259796142578,-0.0004156489740125835,0.02700812928378582,-77.20905303955078
699,0.6996996998786926,70.65249633789062,-0.0004124603874515742,0.02716449648141861,-77.918212890625
700,0.7007007002830505,70.71244812011719,-0.0004096892662346363,0.02880828268826008,-82.12442016601562
701,0.7017017006874084,70.77244567871094,-0.0004077210323885083,0.029659627005457878,-84.31219482421875
702,0.7027027010917664,70.83250427246094,-0.0004081338702235371,0.029188282787799835,-83.0597915649414
703,0.7037037014961243,70.8926010131836,-0.0004085645778104663,0.02920459397137165,-82.98253631591797
704,0.7047047019004822,70.95275115966797,-0.0004074568278156221,0.029340727254748344,-83.40164947509766
705,0.7057057023048401,71.0129623413086,-0.0004049746203236282,0.029702838510274887,-84.54955291748047
706,0.706706702709198,71.07321166992188,-0.0004049607669003308,0.02780875377357006,-80.12347412109375
707,0.7077077031135559,71.1335220336914,-0.00040282949339598417,0.02835727296769619,-81.69429779052734
708,0.7087087035179138,71.19387817382812,-0.0004018810868728906,0.02693226747214794,-78.34661102294922
709,0.7097097039222717,71.25428771972656,-0.00040078116580843925,0.027011293917894363,-78.6422348022461
710,0.7107107043266296,71.31475067138672,-0.0004012527933809906,0.02686452306807041,-78.14280700683594
711,0.7117117047309875,71.37525939941406,-0.00040228530997410417,0.02721865102648735,-78.80322265625
712,0.7127127051353455,71.4358139038086,-0.0004016997409053147,0.025266582146286964,-74.00748443603516
713,0.7137137055397034,71.4964370727539,-0.0003981620538979769,0.02415718510746956,-71.52882385253906
714,0.7147147059440613,71.55709838867188,-0.0003978335880674422,0.024770021438598633,-73.24555969238281
715,0.7157157063484192,71.61781311035156,-0.0003975917643401772,0.024802852421998978,-73.41133880615234
716,0.7167167067527771,71.67858123779297,-0.00039671402191743255,0.025891730561852455,-76.4676742553711
717,0.717717707157135,71.7394027709961,-0.0003934126580134034,0.024448685348033905,-73.05320739746094
718,0.7187187075614929,71.8002700805664,-0.0003882749006152153,0.022384850308299065,-67.79630279541016
719,0.7197197079658508,71.86119842529297,-0.0003917793510481715,0.023463314399123192,-70.4917221069336
720,0.7207207083702087,71.92217254638672,-0.00039576744893565774,0.025223620235919952,-75.0105972290039
721,0.7217217087745667,71.98320007324219,-0.00039611238753423095,0.026285775005817413,-78.01853942871094
722,0.7227227091789246,72.04427337646484,-0.00039734068559482694,0.02763242833316326,-81.71231079101562
723,0.7237237095832825,72.10540771484375,-0.00039766181726008654,0.028205765411257744,-83.4465560913086
724,0.7247247099876404,72.16658782958984,-0.00039997880230657756,0.03038111701607704,-89.30162048339844
725,0.7257257103919983,72.22782135009766,-0.00039786979323253036,0.030259983614087105,-89.42767333984375
726,0.7267267107963562,72.28910827636719,-0.00039292374276556075,0.029332539066672325,-87.56643676757812
727,0.7277277112007141,72.3504409790039,-0.000389504071790725,0.028948985040187836,-86.90519714355469
728,0.728728711605072,72.41183471679688,-0.0003867633640766144,0.028643418103456497,-86.3556900024414
729,0.7297297120094299,72.47327423095703,-0.0003844978054985404,0.028675658628344536,-86.63899230957031
730,0.7307307124137878,72.53477478027344,-0.00038408790715038776,0.02789909951388836,-84.56969451904297
731,0.7317317128181458,72.59632110595703,-0.0003840907593257725,0.028381461277604103,-85.69881439208984
732,0.7327327132225037,72.65791320800781,-0.0003852494992315769,0.027268625795841217,-82.76780700683594
733,0.7337337136268616,72.71956634521484,-0.00038447347469627857,0.02713356912136078,-82.59075164794922
734,0.7347347140312195,72.78126525878906,-0.0003826791944447905,0.028322147205471992,-85.91287994384766
735,0.7357357144355774,72.84302520751953,-0.0003813866642303765,0.028907127678394318,-87.63851928710938
736,0.7367367148399353,72.90483093261719,-0.0003793342038989067,0.030413111671805382,-91.8683853149414
737,0.7377377152442932,72.96669006347656,-0.0003789464244619012,0.028850676491856575,-87.79703521728516
738,0.7387387156486511,73.02860260009766,-0.0003768773749470711,0.028556618839502335,-87.19511413574219
739,0.739739716053009,73.09056854248047,-0.0003764728317037225,0.029318369925022125,-89.3584976196289
740,0.7407407164573669,73.152587890625,-0.00037308112950995564,0.028182538226246834,-86.53341674804688
741,0.7417417168617249,73.21465301513672,-0.00037308339960873127,0.028835495933890343,-88.3724136352539
742,0.7427427172660828,73.27677917480469,-0.0003728530718944967,0.028460310772061348,-87.28512573242188
743,0.7437437772750854,73.33895874023438,-0.0003722094988916069,0.027648741379380226,-85.00028228759766
744,0.7447447776794434,73.40119171142578,-0.000372833019355312,0.028113191947340965,-86.1453628540039
745,0.7457457780838013,73.46347045898438,-0.00037084525683894753,0.0272903461009264,-83.93683624267578
746,0.7467467784881592,73.52580261230469,-0.0003694019978865981,0.027935409918427467,-85.78691864013672
747,0.7477477788925171,73.58819580078125,-0.0003670387959573418,0.028490835800766945,-87.57492065429688
748,0.748748779296875,73.65062713623047,-0.00036336673656478524,0.027720890939235687,-85.87062072753906
749,0.7497497797012329,73.71311950683594,-0.00036237985477782786,0.028565213084220886,-88.52316284179688
750,0.7507507801055908,73.77567291259766,-0.0003619491180870682,0.02849969081580639,-88.52364349365234
751,0.7517517805099487,73.83826446533203,-0.000362829421646893,0.028188537806272507,-87.70002746582031
752,0.7527527809143066,73.90092468261719,-0.00036505068419501185,0.027807487174868584,-86.51521301269531
753,0.7537537813186646,73.963623046875,-0.0003678365028463304,0.028663644567131996,-88.77364349365234
754,0.7547547817230225,74.02638244628906,-0.00036648844252340496,0.027426348999142647,-85.63113403320312
755,0.7557557821273804,74.08919525146484,-0.00036360410740599036,0.027071362361311913,-85.25081634521484
756,0.7567567825317383,74.15206146240234,-0.0003606337122619152,0.026503130793571472,-84.15290832519531
757,0.7577577829360962,74.21498107910156,-0.0003580359334591776,0.02608969435095787,-83.39397430419922
758,0.7587587833404541,74.2779541015625,-0.00035736215068027377,0.026445794850587845,-84.59550476074219
759,0.759759783744812,74.34097290039062,-0.0003578014438971877,0.02668241411447525,-85.20466613769531
760,0.7607607841491699,74.404052734375,-0.0003592571592889726,0.027289828285574913,-86.68170928955078
761,0.7617617845535278,74.4671859741211,-0.00035969330929219723,0.026718171313405037,-84.92915344238281
762,0.7627627849578857,74.53038024902344,-0.00035840089549310505,0.02629403956234455,-83.8590316772461
763,0.7637637853622437,74.59361267089844,-0.0003563258214853704,0.025906894356012344,-83.00212860107422
764,0.7647647857666016,74.65690612792969,-0.0003553240094333887,0.02786250039935112,-88.7645263671875
765,0.7657657861709595,74.72025299072266,-0.00035395455779507756,0.028166836127638817,-89.85953521728516
766,0.7667667865753174,74.78365325927734,-0.000353008508682251,0.02832958474755287,-90.52117919921875
767,0.7677677869796753,74.84710693359375,-0.00035094228223897517,0.027962520718574524,-89.84469604492188
768,0.7687687873840332,74.91061401367188,-0.0003475241828709841,0.02729267254471779,-88.49129486083984
769,0.7697697877883911,74.97418212890625,-0.00034618997597135603,0.027569444850087166,-89.68809509277344
770,0.770770788192749,75.03779602050781,-0.00034573840093798935,0.0274425707757473,-89.46305084228516
771,0.7717717885971069,75.1014633178711,-0.0003462859895080328,0.02680685929954052,-87.50064086914062
772,0.7727727890014648,75.1651840209961,-0.00034775794483721256,0.026360929012298584,-85.99506378173828
773,0.7737737894058228,75.22896575927734,-0.00034964780206792057,0.02571987546980381,-83.76255798339844
774,0.7747747898101807,75.29280090332031,-0.0003462244931142777,0.024488968774676323,-80.23792266845703
775,0.7757757902145386,75.35668182373047,-0.0003426788607612252,0.023845208808779716,-78.5098648071289
776,0.7767767906188965,75.42062377929688,-0.00034240487730130553,0.024623064324259758,-80.9539794921875
777,0.7777777910232544,75.484619140625,-0.000337967969244346,0.023352041840553284,-77.30966186523438
778,0.7787787914276123,75.54866790771484,-0.0003332177293486893,0.022112850099802017,-73.79984283447266
779,0.7797797918319702,75.6127700805664,-0.0003333900822326541,0.022586721926927567,-75.29975128173828
780,0.7807807922363281,75.67693328857422,-0.00033321446971967816,0.022993089631199837,-76.61695098876953
781,0.781781792640686,75.74114227294922,-0.00032959572854451835,0.021751930937170982,-73.03437042236328
782,0.782782793045044,75.80540466308594,-0.000329326547216624,0.021813930943608284,-73.40648651123047
783,0.7837837934494019,75.8697280883789,-0.0003288396983407438,0.021632960066199303,-73.04061889648438
784,0.7847847938537598,75.9341049194336,-0.0003300876705907285,0.022616462782025337,-76.30638122558594
785,0.7857857942581177,75.99853515625,-0.00032570265466347337,0.021410871297121048,-72.87899017333984
786,0.7867867946624756,76.06301879882812,-0.00032444263342767954,0.021369503811001778,-72.89224243164062
787,0.7877877950668335,76.1275634765625,-0.0003248184802941978,0.02153780870139599,-73.39360046386719
788,0.7887887954711914,76.19215393066406,-0.00032297911820933223,0.0201832614839077,-69.09696960449219
789,0.7897897958755493,76.25680541992188,-0.00032258679857477546,0.0196651890873909,-67.3704833984375
790,0.7907907962799072,76.3215103149414,-0.0003206649562343955,0.018800539895892143,-64.6468505859375
791,0.7917917966842651,76.38626861572266,-0.0003232901217415929,0.020457271486520767,-69.91561126708984
792,0.792792797088623,76.45108032226562,-0.0003200829669367522,0.019435791298747063,-66.91030883789062
793,0.793793797492981,76.51595306396484,-0.00031801534350961447,0.01886053942143917,-65.23499298095703
794,0.7947947978973389,76.58087921142578,-0.00031490225228480995,0.017780449241399765,-61.9348258972168
795,0.7957957983016968,76.64585876464844,-0.00031207650317810476,0.016767947003245354,-58.780357360839844
796,0.7967967987060547,76.71089172363281,-0.00031291262712329626,0.01705773174762726,-59.76711654663086
797,0.7977977991104126,76.7759780883789,-0.00031162844970822334,0.016265396028757095,-57.2898063659668
798,0.7987987995147705,76.84112548828125,-0.00031016950379125774,0.015771353617310524,-55.90125274658203
799,0.7997997999191284,76.90632629394531,-0.00030942377634346485,0.015504836104810238,-55.26747512817383
800,0.8008008003234863,76.97157287597656,-0.0003088352386839688,0.015217533335089684,-54.564144134521484
801,0.8018018007278442,77.03689575195312,-0.00030794990016147494,0.014882557094097137,-53.7175407409668
802,0.8028028011322021,77.10225677490234,-0.0003102265764027834,0.015479407273232937,-55.83499526977539
803,0.8038038015365601,77.16767883300781,-0.000312978372676298,0.016259828582406044,-58.498775482177734
804,0.804804801940918,77.233154296875,-0.0003132438869215548,0.01625235006213188,-58.60108947753906
805,0.8058058023452759,77.29869079589844,-0.0003143507055938244,0.016600847244262695,-59.738895416259766
806,0.8068068027496338,77.36427307128906,-0.00031560793286189437,0.01705452986061573,-61.157989501953125
807,0.8078078031539917,77.42991638183594,-0.00031528822728432715,0.01699594408273697,-60.959693908691406
808,0.8088088035583496,77.49562072753906,-0.00031602545641362667,0.01753413863480091,-62.7117919921875
809,0.8098098039627075,77.56137084960938,-0.000312721764203161,0.01637241058051586,-59.133914947509766
810,0.8108108043670654,77.62718963623047,-0.00031268136808648705,0.016652526333928108,-60.19071960449219
811,0.8118118047714233,77.69306182861328,-0.0003117852611467242,0.016382891684770584,-59.47892379760742
812,0.8128128051757812,77.75897979736328,-0.00030966143822297454,0.015614633448421955,-57.10868453979492
813,0.8138138055801392,77.82495880126953,-0.0003071902901865542,0.015023905783891678,-55.26310729980469
814,0.8148148059844971,77.8909912109375,-0.0003103138878941536,0.016167614609003067,-59.0300178527832
815,0.815815806388855,77.95708465576172,-0.0003094646381214261,0.016067521646618843,-58.77364730834961
816,0.8168168067932129,78.02323150634766,-0.00030557758873328567,0.015445420518517494,-56.90125274658203
817,0.8178178071975708,78.08943176269531,-0.00030272570438683033,0.015298980288207531,-56.65812683105469
818,0.8188188076019287,78.15569305419922,-0.0003005978069268167,0.015353101305663586,-57.154415130615234
819,0.8198198080062866,78.22200775146484,-0.0003009022038895637,0.015846125781536102,-59.16128158569336
820,0.8208208084106445,78.28837585449219,-0.0002986256149597466,0.015645500272512436,-58.72297286987305
821,0.8218218088150024,78.35481262207031,-0.00029701454332098365,0.015629054978489876,-58.81858444213867
822,0.8228228092193604,78.4212875366211,-0.00029818376060575247,0.01612553931772709,-60.589664459228516
823,0.8238238096237183,78.48783874511719,-0.0002960033598355949,0.01595396362245083,-60.06173324584961
824,0.8248248100280762,78.55442810058594,-0.00029268499929457903,0.015512383542954922,-58.518611907958984
825,0.8258258104324341,78.62108612060547,-0.0002923346182797104,0.015525756403803825,-58.49882888793945
826,0.826826810836792,78.68779754638672,-0.00028811575612053275,0.014872362837195396,-56.09823226928711
827,0.8278278112411499,78.75455474853516,-0.000284253474092111,0.014256324619054794,-53.77616882324219
828,0.8288288116455078,78.82138061523438,-0.0002812194870784879,0.013889406807720661,-52.512725830078125
829,0.8298298120498657,78.88825988769531,-0.00028361688600853086,0.014411748386919498,-54.51005172729492
830,0.8308308124542236,78.9552001953125,-0.00028372937231324613,0.014580556191504002,-55.22492599487305
831,0.8318318128585815,79.02220153808594,-0.0002832261670846492,0.014723011292517185,-55.80465316772461
832,0.8328328132629395,79.08924865722656,-0.00027855904772877693,0.013962524943053722,-53.23583221435547
833,0.8338338136672974,79.15635681152344,-0.0002754049492068589,0.01338147558271885,-51.24311828613281
834,0.8348348140716553,79.22352600097656,-0.00027306319680064917,0.01266268827021122,-48.72080993652344
835,0.8358358144760132,79.29074096679688,-0.0002780835784506053,0.014496086165308952,-55.545326232910156
836,0.8368368148803711,79.35801696777344,-0.00027581703034229577,0.01357959397137165,-52.33286666870117
837,0.837837815284729,79.42535400390625,-0.00027884694281965494,0.014299025759100914,-54.86507034301758
838,0.8388388156890869,79.49275207519531,-0.00027950163348577917,0.01446489803493023,-55.338653564453125
839,0.8398398160934448,79.56019592285156,-0.0002807136916089803,0.014973381534218788,-57.088714599609375
840,0.8408408164978027,79.62770080566406,-0.00027970451628789306,0.01401051040738821,-53.704524993896484
841,0.8418418169021606,79.69527435302734,-0.00028011330869048834,0.01393346767872572,-53.562503814697266
842,0.8428428173065186,79.76288604736328,-0.000279734143987298,0.013223960995674133,-51.18742752075195
843,0.8438438177108765,79.83056640625,-0.0002799032081384212,0.013786918483674526,-53.38801956176758
844,0.8448448181152344,79.89830780029297,-0.0002798779751174152,0.014168224297463894,-54.93083190917969
845,0.8458458185195923,79.96610260009766,-0.0002777688205242157,0.013439715839922428,-52.48596954345703
846,0.846846878528595,80.0339584350586,-0.00027655684971250594,0.013390909880399704,-52.468048095703125
847,0.8478478789329529,80.10186004638672,-0.00027461678837426007,0.013268868438899517,-52.21272277832031
848,0.8488488793373108,80.16983032226562,-0.00026891136076301336,0.012150734663009644,-48.23615264892578
849,0.8498498797416687,80.23786163330078,-0.0002625458873808384,0.01067395880818367,-42.75870132446289
850,0.8508508801460266,80.30593872070312,-0.00026027829153463244,0.010765349492430687,-43.12416076660156
851,0.8518518805503845,80.37407684326172,-0.0002587128255981952,0.010729926638305187,-42.94316101074219
852,0.8528528809547424,80.44227600097656,-0.00025721732527017593,0.011526924557983875,-45.99752426147461
853,0.8538538813591003,80.51052856445312,-0.00025808511418290436,0.012713920325040817,-50.523136138916016
854,0.8548548817634583,80.57884216308594,-0.0002554351231083274,0.011517937295138836,-45.81855010986328
855,0.8558558821678162,80.647216796875,-0.0002556807012297213,0.010952982120215893,-43.631282806396484
856,0.8568568825721741,80.71565246582031,-0.0002556123654358089,0.010607492178678513,-42.371524810791016
857,0.857857882976532,80.78413391113281,-0.0002555543906055391,0.010314034298062325,-41.29871368408203
858,0.8588588833808899,80.8526840209961,-0.00025390039081685245,0.010973887518048286,-43.92005157470703
859,0.8598598837852478,80.92127990722656,-0.00025358033599331975,0.010634268634021282,-42.596412658691406
860,0.8608608841896057,80.98995208740234,-0.0002527069882489741,0.011370828375220299,-45.52589416503906
861,0.8618618845939636,81.05866241455078,-0.00025148948770947754,0.010678424499928951,-42.73930358886719
862,0.8628628849983215,81.12744903564453,-0.0002504486183170229,0.011418807320296764,-45.65279769897461
863,0.8638638854026794,81.19628143310547,-0.0002519317204132676,0.010213297791779041,-40.850677490234375
864,0.8648648858070374,81.26518249511719,-0.00025406345957890153,0.009724419564008713,-39.002586364746094
865,0.8658658862113953,81.3341293334961,-0.0002566938055679202,0.009028674103319645,-36.432193756103516
866,0.8668668866157532,81.40314483642578,-0.0002514535444788635,0.00990978628396988,-40.1191520690918
867,0.8678678870201111,81.47222137451172,-0.0002506645396351814,0.009847772307693958,-40.144832611083984
868,0.868868887424469,81.54134368896484,-0.00025103858206421137,0.009395022876560688,-38.569419860839844
869,0.8698698878288269,81.61053466796875,-0.00025117507902905345,0.008867735974490643,-36.666404724121094
870,0.8708708882331848,81.6797866821289,-0.00025075956364162266,0.008514315821230412,-35.48978805541992
871,0.8718718886375427,81.74909210205078,-0.0002493085339665413,0.0089342026039958,-37.42857360839844
872,0.8728728890419006,81.81845092773438,-0.0002506936725694686,0.00854057539254427,-36.00531005859375
873,0.8738738894462585,81.88787078857422,-0.0002525585296098143,0.008276120759546757,-34.950340270996094
874,0.8748748898506165,81.95735931396484,-0.00025489035760983825,0.00790143571794033,-33.399017333984375
875,0.8758758902549744,82.02690887451172,-0.0002556608524173498,0.008185400627553463,-34.42039489746094
876,0.8768768906593323,82.09650421142578,-0.0002562312874943018,0.008577516302466393,-35.91719055175781
877,0.8778778910636902,82.1661605834961,-0.00025578809436410666,0.008510315790772438,-35.68259811401367
878,0.8788788914680481,82.23587799072266,-0.00025506707606837153,0.00938737764954567,-39.24356460571289
879,0.879879891872406,82.30565643310547,-0.00025259755784645677,0.008976779878139496,-37.81109619140625
880,0.8808808922767639,82.37548828125,-0.0002506526652723551,0.009068263694643974,-38.42610168457031
881,0.8818818926811218,82.44538116455078,-0.0002492771891411394,0.00929664820432663,-39.57063674926758
882,0.8828828930854797,82.51534271240234,-0.0002493809151928872,0.009888180531561375,-41.99716567993164
883,0.8838838934898376,82.58535766601562,-0.00024983519688248634,0.01035348791629076,-43.85382080078125
884,0.8848848938941956,82.65543365478516,-0.0002472003106959164,0.009475193917751312,-40.281455993652344
885,0.8858858942985535,82.72557067871094,-0.0002474975772202015,0.009615618735551834,-40.81891632080078
886,0.8868868947029114,82.7957534790039,-0.00024687417317181826,0.008746455423533916,-37.2701301574707
887,0.8878878951072693,82.86600494384766,-0.0002471207408234477,0.00867055356502533,-36.99885559082031
888,0.8888888955116272,82.93631744384766,-0.0002467480953782797,0.009030831046402454,-38.60973358154297
889,0.8898898959159851,83.00669860839844,-0.0002463916316628456,0.008000580593943596,-34.637550354003906
890,0.890890896320343,83.0771255493164,-0.0002447912120260298,0.009100627154111862,-39.33659362792969
891,0.8918918967247009,83.14761352539062,-0.0002460651157889515,0.010269379243254662,-44.30208206176758
892,0.8928928971290588,83.21817016601562,-0.00024871499044820666,0.011064388789236546,-47.64597702026367
893,0.8938938975334167,83.28878021240234,-0.0002458757080603391,0.010589702986180782,-45.79166793823242
894,0.8948948979377747,83.35945129394531,-0.0002465707075316459,0.010948456823825836,-47.283748626708984
895,0.8958958983421326,83.43018341064453,-0.0002481230767443776,0.011403664015233517,-49.129425048828125
896,0.8968968987464905,83.5009765625,-0.00024784827837720513,0.01139818225055933,-49.12931442260742
897,0.8978978991508484,83.57182312011719,-0.0002551750803831965,0.012686535716056824,-54.354705810546875
898,0.8988988995552063,83.64273071289062,-0.00024558973382227123,0.011253316886723042,-48.807518005371094
899,0.8998998999595642,83.71370697021484,-0.00024622047203592956,0.011502968147397041,-49.95368576049805
900,0.9009009003639221,83.78473663330078,-0.0002471803454682231,0.011727241799235344,-50.91733932495117
901,0.90190190076828,83.85582733154297,-0.0002470917534083128,0.011789093725383282,-51.25473403930664
902,0.9029029011726379,83.9269790649414,-0.00024302878591697663,0.011116974987089634,-48.6693000793457
903,0.9039039015769958,83.99818420410156,-0.00024371036852244288,0.011373408138751984,-49.862857818603516
904,0.9049049019813538,84.06946563720703,-0.00023967146989889443,0.010831632651388645,-47.64604187011719
905,0.9059059023857117,84.14079284667969,-0.0002398903016000986,0.011207196861505508,-49.114341735839844
906,0.9069069027900696,84.21219635009766,-0.00024394992215093225,0.012332368642091751,-53.56608581542969
907,0.9079079031944275,84.28364562988281,-0.00024262492661364377,0.012277994304895401,-53.13478088378906
908,0.9089089035987854,84.35516357421875,-0.00024004682200029492,0.010920578613877296,-47.32394790649414
909,0.9099099040031433,84.42674255371094,-0.0002418943913653493,0.010844515636563301,-46.966331481933594
910,0.9109109044075012,84.49837493896484,-0.00024270244466606528,0.010896020568907261,-47.313053131103516
911,0.9119119048118591,84.57007598876953,-0.00024352634500246495,0.009870159439742565,-43.32258987426758
912,0.912912905216217,84.64183044433594,-0.00024220785417128354,0.009698561392724514,-42.87428665161133
913,0.913913905620575,84.71365356445312,-0.00024078789283521473,0.008926954120397568,-39.88104248046875
914,0.9149149060249329,84.78553009033203,-0.00023855321342125535,0.008622352033853531,-38.72517013549805
915,0.9159159064292908,84.85746765136719,-0.00023703165061306208,0.008353819139301777,-37.62310791015625
916,0.9169169068336487,84.92947387695312,-0.00023616180988028646,0.007994773797690868,-36.0722541809082
917,0.9179179072380066,85.00153350830078,-0.00023706877254880965,0.006992937531322241,-31.7578067779541
918,0.9189189076423645,85.07366180419922,-0.00023782640346325934,0.006613261066377163,-30.154972076416016
919,0.9199199080467224,85.1458511352539,-0.00023578651598654687,0.007377189118415117,-33.447750091552734
920,0.9209209084510803,85.21809387207031,-0.00023812797735445201,0.006783061660826206,-31.04355812072754
921,0.9219219088554382,85.29039764404297,-0.0002405465638730675,0.006209027487784624,-28.770998001098633
922,0.9229229092597961,85.3627700805664,-0.00024152689729817212,0.005879980977624655,-27.52590560913086
923,0.923923909664154,85.43519592285156,-0.00024158724409062415,0.006006966810673475,-28.148488998413086
924,0.924924910068512,85.50769805908203,-0.00024046690668910742,0.005650271661579609,-26.75834083557129
925,0.9259259104728699,85.58024597167969,-0.00023755097936373204,0.004988290835171938,-24.024415969848633
926,0.9269269108772278,85.6528549194336,-0.00023808531113900244,0.005777859594672918,-27.339773178100586
927,0.9279279112815857,85.72554779052734,-0.00023728725500404835,0.0063675781711936,-29.799428939819336
928,0.9289289116859436,85.79827880859375,-0.0002352080773562193,0.005442281719297171,-25.842758178710938
929,0.9299299120903015,85.87108612060547,-0.00023404111561831087,0.005094578023999929,-24.27460479736328
930,0.9309309124946594,85.9439468383789,-0.0002318111073691398,0.004325478337705135,-20.918495178222656
931,0.9319319128990173,86.01686096191406,-0.00023147938190959394,0.004906011745333672,-23.40991973876953
932,0.9329329133033752,86.08985137939453,-0.0002287703682668507,0.0038201401475816965,-18.702861785888672
933,0.9339339137077332,86.16289520263672,-0.00022563509992323816,0.002735815942287445,-13.908685684204102
934,0.9349349141120911,86.23600769042969,-0.00022706696472596377,0.0036857416853308678,-18.103355407714844
935,0.935935914516449,86.3091812133789,-0.00022432014520745724,0.0030042778234928846,-15.157115936279297
936,0.9369369149208069,86.38240814208984,-0.00022274060756899416,0.0028497623279690742,-14.51890754699707
937,0.9379379153251648,86.45570373535156,-0.0002243948692921549,0.003866566112264991,-19.118432998657227
938,0.9389389157295227,86.52906799316406,-0.0002241361071355641,0.004142833407968283,-20.445926666259766
939,0.9399399161338806,86.60248565673828,-0.00022318850096780807,0.004180413670837879,-20.71099281311035
940,0.9409409165382385,86.67597198486328,-0.00022210793395061046,0.004107409156858921,-20.456491470336914
941,0.9419419169425964,86.74951171875,-0.0002214152191299945,0.004092380870133638,-20.436155319213867
942,0.9429429173469543,86.82312774658203,-0.00022104213712736964,0.0037707958836108446,-18.95551872253418
943,0.9439439177513123,86.89679718017578,-0.00022266135783866048,0.0040925429202616215,-20.34904670715332
944,0.9449449181556702,86.97053527832031,-0.00022348450147546828,0.003732802113518119,-18.73460578918457
945,0.9459459185600281,87.04431915283203,-0.00022488075774163008,0.0037736024241894484,-18.984420776367188
946,0.946946918964386,87.11817932128906,-0.00022959061607252806,0.00496987858787179,-24.313039779663086
947,0.9479479193687439,87.19210052490234,-0.00023190156207419932,0.005179669242352247,-25.254051208496094
948,0.9489489793777466,87.2660903930664,-0.00023442230303771794,0.005552427377551794,-26.91423988342285
949,0.9499499797821045,87.34013366699219,-0.0002347707049921155,0.00535976979881525,-26.19493293762207
950,0.9509509801864624,87.41423797607422,-0.00023295296705327928,0.004536232445389032,-22.80799102783203
951,0.9519519805908203,87.48841094970703,-0.00022821103630121797,0.0036929864436388016,-19.233041763305664
952,0.9529529809951782,87.56263732910156,-0.0002258866443298757,0.0034980156924575567,-18.389440536499023
953,0.9539539813995361,87.6369400024414,-0.00022616516798734665,0.0038124010898172855,-19.732465744018555
954,0.954954981803894,87.71129608154297,-0.00022264785366132855,0.0035173920914530754,-18.350629806518555
955,0.955955982208252,87.78572845458984,-0.00022356145200319588,0.004133865237236023,-21.08488655090332
956,0.9569569826126099,87.86021423339844,-0.00022295385133475065,0.004460237920284271,-22.558067321777344
957,0.9579579830169678,87.93476104736328,-0.0002234845596831292,0.00513141555711627,-25.590946197509766
958,0.9589589834213257,88.0093765258789,-0.00022374618856702,0.005429903510957956,-26.991735458374023
959,0.9599599838256836,88.08405303955078,-0.00022232712944969535,0.004987251944839954,-25.127410888671875
960,0.9609609842300415,88.1587905883789,-0.00022046692902222276,0.004594350699335337,-23.565692901611328
961,0.9619619846343994,88.23359680175781,-0.00021712038142140955,0.004067928995937109,-21.44285011291504
962,0.9629629850387573,88.30846405029297,-0.00021650716371368617,0.004061991348862648,-21.696643829345703
963,0.9639639854431152,88.38339233398438,-0.00021290659788064659,0.003613295964896679,-19.79925537109375
964,0.9649649858474731,88.45838165283203,-0.00020860135555267334,0.0029939317610114813,-16.93744659423828
965,0.965965986251831,88.53343963623047,-0.0002137527335435152,0.0035997480154037476,-19.8010311126709
966,0.966966986656189,88.60856628417969,-0.0002159074938390404,0.0038152169436216354,-20.6947078704834
967,0.9679679870605469,88.68374633789062,-0.0002158590214094147,0.00352918216958642,-19.230871200561523
968,0.9689689874649048,88.75899505615234,-0.0002179434522986412,0.004181670490652323,-22.100675582885742
969,0.9699699878692627,88.83431243896484,-0.0002191206585848704,0.0049369120970368385,-25.427396774291992
970,0.9709709882736206,88.90968322753906,-0.0002192687534261495,0.004632040858268738,-23.91619873046875
971,0.9719719886779785,88.98513793945312,-0.00022015353897586465,0.005215061362832785,-26.499479293823242
972,0.9729729890823364,89.06063842773438,-0.00022141826048027724,0.005673054605722427,-28.513792037963867
973,0.9739739894866943,89.13619995117188,-0.00022221385734155774,0.006023783702403307,-30.059715270996094
974,0.9749749898910522,89.21183776855469,-0.0002211054234066978,0.005780541803687811,-28.980928421020508
975,0.9759759902954102,89.28753662109375,-0.0002206950739491731,0.0058211106806993484,-29.21215057373047
976,0.9769769906997681,89.36328887939453,-0.0002206049393862486,0.005704246927052736,-28.637344360351562
977,0.977977991104126,89.43911743164062,-0.0002210346283391118,0.005635309964418411,-28.31011199951172
978,0.9789789915084839,89.5150146484375,-0.00022134193568490446,0.005563926417380571,-27.9890193939209
979,0.9799799919128418,89.59095764160156,-0.00022060595802031457,0.004641799256205559,-23.870298385620117
980,0.9809809923171997,89.66697692871094,-0.0002214351115981117,0.00472487136721611,-24.293031692504883
981,0.9819819927215576,89.7430648803711,-0.00022194674238562584,0.004881818778812885,-25.020954132080078
982,0.9829829931259155,89.81920623779297,-0.00022159756917972118,0.005063408520072699,-25.910436630249023
983,0.9839839935302734,89.89541625976562,-0.00022056452871765941,0.005048722960054874,-25.910762786865234
984,0.9849849939346313,89.97168731689453,-0.00021641963394358754,0.003938053268939257,-20.878826141357422
985,0.9859859943389893,90.04803466796875,-0.000217618522583507,0.004763504024595022,-24.709775924682617
986,0.9869869947433472,90.12445068359375,-0.0002174333349103108,0.005167484283447266,-26.633544921875
987,0.9879879951477051,90.20091247558594,-0.0002162582240998745,0.005078979767858982,-26.305391311645508
988,0.988988995552063,90.27745819091797,-0.00021559989545494318,0.005401144735515118,-27.905553817749023
989,0.9899899959564209,90.35404968261719,-0.00021488789934664965,0.005872579291462898,-30.252187728881836
990,0.9909909963607788,90.43071746826172,-0.00021428821492008865,0.006889356765896082,-35.15805435180664
991,0.9919919967651367,90.5074462890625,-0.00021378065866883844,0.007359806913882494,-37.50379180908203
992,0.9929929971694946,90.58423614501953,-0.00021414746879599988,0.007261898834258318,-37.194210052490234
993,0.9939939975738525,90.6611099243164,-0.00021418803953565657,0.007933107204735279,-40.44049072265625
994,0.9949949979782104,90.73802947998047,-0.0002166384074371308,0.006480464246124029,-33.78343200683594
995,0.9959959983825684,90.81501770019531,-0.00021736091002821922,0.006923375651240349,-35.880043029785156
996,0.9969969987869263,90.89208221435547,-0.00021833421487826854,0.006835178472101688,-35.44926834106445
997,0.9979979991912842,90.96920013427734,-0.00021756498608738184,0.007314679678529501,-37.60690689086914
998,0.9989989995956421,91.04638671875,-0.0002170323859900236,0.007139908615499735,-36.778724670410156
999,1.0,91.12364959716797,-0.0002123921731254086,0.007956167683005333,-40.67502212524414
