index,timestep,Diffusion_Coeff,Divergence,score,pos
0,0.0,39.05299377441406,-0.026858864352107048,0.04611339420080185,-2.3665356636047363
1,0.0010010009864345193,39.08612823486328,-0.02776201069355011,0.028712714090943336,-1.5972323417663574
2,0.0020020019728690386,39.11929702758789,-0.02789650484919548,0.02174247056245804,-1.3751845359802246
3,0.0030030030757188797,39.15248489379883,-0.027889434248209,0.0455426461994648,-2.293184995651245
4,0.004004003945738077,39.185707092285156,-0.02414165809750557,0.10410690307617188,-4.528820991516113
5,0.005005004815757275,39.218955993652344,-0.021189723163843155,0.1191922202706337,-5.197906494140625
6,0.006006006151437759,39.25223159790039,0.009885778650641441,0.1444014310836792,-8.64664363861084
7,0.007007007021456957,39.28553771972656,0.013726585544645786,0.13930311799049377,-8.988335609436035
8,0.008008007891476154,39.31887435913086,0.014351739548146725,0.13750874996185303,-9.03349781036377
9,0.009009009227156639,39.352237701416016,-0.007807874586433172,0.14332303404808044,-6.833080291748047
10,0.01001000963151455,39.38562774658203,0.017814967781305313,0.12785771489143372,-9.544968605041504
11,0.011011010967195034,39.41904830932617,0.011021556332707405,0.13477838039398193,-8.89053726196289
12,0.012012012302875519,39.452491760253906,0.008589524775743484,0.13272398710250854,-8.694733619689941
13,0.013013012707233429,39.48596954345703,0.005538302008062601,0.13059726357460022,-8.407814025878906
14,0.014014014042913914,39.51947021484375,0.02763974666595459,0.07224481552839279,-11.546915054321289
15,0.015015014447271824,39.55300521850586,0.030616622418165207,0.03963243216276169,-12.561026573181152
16,0.01601601578295231,39.58656692504883,0.027858378365635872,0.052203260362148285,-12.062721252441406
17,0.01701701618731022,39.620155334472656,0.021413836628198624,0.07326073944568634,-11.099638938903809
18,0.018018018454313278,39.653770446777344,0.019144363701343536,0.07465645670890808,-10.903480529785156
19,0.01901901885867119,39.68742370605469,0.027248084545135498,-0.01645647920668125,-14.415403366088867
20,0.0200200192630291,39.721092224121094,0.021140793338418007,-0.04864014685153961,-15.827933311462402
21,0.021021021530032158,39.754798889160156,0.007417790591716766,-0.07733277231454849,-18.016841888427734
22,0.022022021934390068,39.78852844238281,0.0010912497527897358,-0.0803447738289833,-19.345911026000977
23,0.023023022338747978,39.82229232788086,0.004071326926350594,-0.07617925852537155,-18.70180892944336
24,0.024024024605751038,39.8560791015625,0.002523653209209442,-0.07487712800502777,-19.075021743774414
25,0.025025025010108948,39.889896392822266,-0.003389885416254401,-0.0697539746761322,-21.1923828125
26,0.026026025414466858,39.92374801635742,-0.00216794665902853,-0.06772878021001816,-20.665998458862305
27,0.027027025818824768,39.95762252807617,-0.004178870469331741,-0.059483565390110016,-22.103893280029297
28,0.028028028085827827,39.99152755737305,-0.0044154273346066475,-0.053891267627477646,-22.64872169494629
29,0.029029028490185738,40.02545928955078,-0.0011390845756977797,-0.05755879357457161,-20.214466094970703
30,0.030030028894543648,40.05942153930664,-0.0018867955077439547,-0.05384000763297081,-20.645273208618164
31,0.031031031161546707,40.093414306640625,0.0010483519872650504,-0.05201517790555954,-19.037981033325195
32,0.03203203156590462,40.1274299621582,-0.0006594511214643717,-0.05116830766201019,-19.94296646118164
33,0.03303303197026253,40.16147994995117,-0.000634893192909658,-0.051455818116664886,-20.057146072387695
34,0.03403403237462044,40.195556640625,0.0034856931306421757,-0.04977506399154663,-18.39729118347168
35,0.03503503277897835,40.22966384887695,0.005314148962497711,-0.0473489873111248,-17.896665573120117
36,0.036036036908626556,40.263797760009766,0.0054412586614489555,-0.046423763036727905,-17.935876846313477
37,0.03703703731298447,40.29795837402344,0.011010024696588516,-0.029845545068383217,-16.087350845336914
38,0.03803803771734238,40.3321533203125,0.0140376640483737,-0.0065193092450499535,-14.321072578430176
39,0.03903903812170029,40.36637878417969,0.013761869631707668,0.0036472883075475693,-13.578326225280762
40,0.0400400385260582,40.40062713623047,0.012985413894057274,0.009250318631529808,-13.106412887573242
41,0.04104103893041611,40.434906005859375,0.010814856737852097,0.021948568522930145,-11.925256729125977
42,0.042042043060064316,40.469215393066406,0.011503774672746658,0.005910578649491072,-13.201849937438965
43,0.043043043464422226,40.50355529785156,0.009172804653644562,0.021656515076756477,-11.597647666931152
44,0.044044043868780136,40.53792190551758,0.007711210288107395,0.025418654084205627,-11.0260009765625
45,0.045045044273138046,40.572322845458984,0.010153058916330338,0.007127891294658184,-12.96700668334961
46,0.046046044677495956,40.606746673583984,0.009807422757148743,-0.0025528522673994303,-13.92835807800293
47,0.04704704508185387,40.641197204589844,0.009805982932448387,0.000893916585482657,-13.5919189453125
48,0.048048049211502075,40.67568588256836,0.00783304963260889,-0.015406942926347256,-15.438819885253906
49,0.049049049615859985,40.71019744873047,0.008119845762848854,-0.011871807277202606,-15.081165313720703
50,0.050050050020217896,40.7447395324707,0.006990501657128334,-0.015545040369033813,-15.688191413879395
51,0.051051050424575806,40.77931213378906,0.007623606361448765,-0.007443277630954981,-14.759982109069824
52,0.052052050828933716,40.81391143798828,0.007524528540670872,-0.0025381960440427065,-14.204401016235352
53,0.053053051233291626,40.84854507446289,0.007125356700271368,-0.001315623871050775,-14.099666595458984
54,0.054054051637649536,40.88320541381836,0.006726047024130821,-0.0011937192175537348,-14.120122909545898
55,0.055055055767297745,40.91789627075195,0.005472598597407341,-0.008376341313123703,-15.348298072814941
56,0.056056056171655655,40.952613830566406,0.006129380315542221,0.005339121911674738,-13.071375846862793
57,0.057057056576013565,40.987361907958984,0.005901280790567398,0.004710288718342781,-13.103062629699707
58,0.058058056980371475,41.02214431762695,0.0056388117372989655,0.0064977016299963,-12.710731506347656
59,0.059059057384729385,41.056949615478516,0.004711322486400604,0.011389491148293018,-11.55296516418457
60,0.060060057789087296,41.0917854309082,0.005239411257207394,0.00398594792932272,-12.680708885192871
61,0.061061061918735504,41.12665557861328,0.004190490581095219,0.009802786633372307,-11.01422119140625
62,0.062062062323093414,41.16154479980469,0.0029586926102638245,0.01252198126167059,-9.760295867919922
63,0.06306306272745132,41.19647216796875,0.004517032764852047,0.003740319050848484,-11.649482727050781
64,0.06406406313180923,41.23143005371094,0.004330976400524378,-0.0012723652180284262,-12.548260688781738
65,0.06506506353616714,41.266414642333984,0.003479592502117157,-0.006593081168830395,-13.821578025817871
66,0.06606606394052505,41.301429748535156,0.003197695128619671,-0.007012067828327417,-14.031954765319824
67,0.06706706434488297,41.33647537231445,0.003542122431099415,-0.003461674554273486,-13.146684646606445
68,0.06806806474924088,41.37154769897461,0.002795600099489093,-0.006049498915672302,-14.17557144165039
69,0.06906906515359879,41.406654357910156,0.001144365523941815,-0.010501920245587826,-16.87657356262207
70,0.0700700655579567,41.44178771972656,0.0010368877556174994,-0.00986879225820303,-17.049968719482422
71,0.0710710734128952,41.476951599121094,-6.936610589036718e-06,-0.010400814935564995,-19.596540451049805
72,0.07207207381725311,41.512142181396484,-0.00036996195558458567,-0.009678922593593597,-20.712175369262695
73,0.07307307422161102,41.547367095947266,-0.0005317906616255641,-0.009056197479367256,-21.292123794555664
74,0.07407407462596893,41.582618713378906,-0.000555256032384932,-0.008757345378398895,-21.431161880493164
75,0.07507507503032684,41.61790466308594,-0.00046432745875790715,-0.008805286139249802,-21.182559967041016
76,0.07607607543468475,41.65321731567383,-0.0004934667376801372,-0.008788565173745155,-21.32379722595215
77,0.07707707583904266,41.688560485839844,-0.000528511474840343,-0.008729358203709126,-21.45337677001953
78,0.07807807624340057,41.72393035888672,-0.0004893823061138391,-0.008773846551775932,-21.305078506469727
79,0.07907907664775848,41.75933074951172,-0.0012016840046271682,-0.0065436833538115025,-23.74493980407715
80,0.0800800770521164,41.794769287109375,-0.0016233574133366346,-0.004598458297550678,-25.051143646240234
81,0.0810810774564743,41.830230712890625,-0.0019108816049993038,-0.002945051994174719,-25.88936996459961
82,0.08208207786083221,41.865726470947266,-0.0016140511725097895,-0.004306652117520571,-25.03428077697754
83,0.08308307826519012,41.9012451171875,-0.0010260662529617548,-0.006694409064948559,-23.09362030029297
84,0.08408408612012863,41.93680191040039,-0.0015322373947128654,-0.004373027011752129,-24.771947860717773
85,0.08508508652448654,41.97238540649414,-0.0019052531570196152,-0.0022322325967252254,-25.929954528808594
86,0.08608608692884445,42.00799560546875,-0.0032090325839817524,0.008303879760205746,-29.96579360961914
87,0.08708708733320236,42.043643951416016,-0.00375326257199049,0.016498861834406853,-32.299034118652344
88,0.08808808773756027,42.079315185546875,-0.0034600701183080673,0.01361791230738163,-31.475666046142578
89,0.08908908814191818,42.115020751953125,-0.003279067575931549,0.012886980548501015,-31.180753707885742
90,0.09009008854627609,42.1507568359375,-0.003288756590336561,0.014612935483455658,-31.620649337768555
91,0.091091088950634,42.186519622802734,-0.002738096285611391,0.009204033762216568,-29.712940216064453
92,0.09209208935499191,42.22231674194336,-0.00298514892347157,0.013130764476954937,-30.932952880859375
93,0.09309308975934982,42.258140563964844,-0.0031512496061623096,0.016566524282097816,-31.95864486694336
94,0.09409409016370773,42.29399490356445,-0.0030162804760038853,0.015697183087468147,-31.619604110717773
95,0.09509509056806564,42.32988739013672,-0.003125986084342003,0.018065858632326126,-32.345008850097656
96,0.09609609842300415,42.36580276489258,-0.0031726863235235214,0.019336936995387077,-32.72735595703125
97,0.09709709882736206,42.40175247192383,-0.003177821170538664,0.019785583019256592,-32.86655807495117
98,0.09809809923171997,42.4377326965332,-0.0031961342319846153,0.02040097489953041,-33.06283950805664
99,0.09909909963607788,42.473731994628906,-0.0029826145619153976,0.017403827980160713,-32.10079574584961
100,0.10010010004043579,42.5097770690918,-0.0024958692956715822,0.011244522407650948,-29.85608673095703
101,0.1011011004447937,42.545841217041016,-0.002435311209410429,0.010728991590440273,-29.651275634765625
102,0.10210210084915161,42.58195114135742,-0.0016914763255044818,0.0035500917583703995,-26.16240692138672
103,0.10310310125350952,42.618080139160156,-0.0018490629736334085,0.005022914614528418,-26.980161666870117
104,0.10410410165786743,42.65423583984375,-0.0017362302169203758,0.004130522254854441,-26.44610595703125
105,0.10510510206222534,42.6904296875,-0.0019232499180361629,0.005974857602268457,-27.47833251953125
106,0.10610610246658325,42.726654052734375,-0.0012654309393838048,0.0006664362736046314,-24.128887176513672
107,0.10710710287094116,42.762908935546875,-0.0013710183557122946,0.001667351694777608,-24.79318618774414
108,0.10810810327529907,42.799190521240234,-0.0012046063784509897,0.0006263013347052038,-23.8720760345459
109,0.10910911113023758,42.83551025390625,-0.0011904090642929077,0.0006970432586967945,-23.82130241394043
110,0.11011011153459549,42.871856689453125,-0.0015087968204170465,0.0035346292424947023,-25.80915069580078
111,0.1111111119389534,42.90822982788086,-0.0015887466724961996,0.004492770880460739,-26.319629669189453
112,0.11211211234331131,42.94463348388672,-0.0017750640399754047,0.006624081637710333,-27.442628860473633
113,0.11311311274766922,42.9810791015625,-0.002042388543486595,0.00989322829991579,-28.991310119628906
114,0.11411411315202713,43.017547607421875,-0.0020370185375213623,0.010197597555816174,-28.978315353393555
115,0.11511511355638504,43.054054260253906,-0.0018164600478485227,0.008130651898682117,-27.716259002685547
116,0.11611611396074295,43.090579986572266,-0.001763319130986929,0.007961819879710674,-27.520551681518555
117,0.11711711436510086,43.127140045166016,-0.0015500197187066078,0.0059160711243748665,-26.191009521484375
118,0.11811811476945877,43.16373825073242,-0.0015574879944324493,0.006137805059552193,-26.283214569091797
119,0.11911911517381668,43.20035934448242,-0.0013692076317965984,0.004166852682828903,-24.946313858032227
120,0.12012011557817459,43.23701477050781,-0.0012113028205931187,0.002572619356215,-23.749177932739258
121,0.1211211159825325,43.27370834350586,-0.001307017169892788,0.003744065063074231,-24.63832664489746
122,0.12212212383747101,43.3104248046875,-0.0011834726901724935,0.002707259962335229,-23.736080169677734
123,0.12312312424182892,43.34716796875,-0.0010382886976003647,0.0014408794231712818,-22.500362396240234
124,0.12412412464618683,43.38395309448242,-0.0008829784928821027,0.0001469059643568471,-20.99202537536621
125,0.12512512505054474,43.42076110839844,-0.0011024437844753265,0.00254810624755919,-23.209686279296875
126,0.12612612545490265,43.45760726928711,-0.0009434693492949009,0.000987756298854947,-21.48599624633789
127,0.12712712585926056,43.494476318359375,-0.0008981226710602641,0.000552819692529738,-20.8951473236084
128,0.12812812626361847,43.5313835144043,-0.0010824059136211872,0.002654333831742406,-22.943857192993164
129,0.12912912666797638,43.56832504272461,-0.0010068458504974842,0.001764450571499765,-22.053524017333984
130,0.1301301270723343,43.605289459228516,-0.000996525981463492,0.0016096817562356591,-21.89574432373047
131,0.1311311274766922,43.64228820800781,-0.0010926582617685199,0.002795240841805935,-23.000808715820312
132,0.1321321278810501,43.679317474365234,-0.001043636235408485,0.0022191121242940426,-22.395828247070312
133,0.13313312828540802,43.71638107299805,-0.0009721663082018495,0.0013495096936821938,-21.420103073120117
134,0.13413412868976593,43.753475189208984,-0.0008018520893529058,-0.0006290845340117812,-19.08122444152832
135,0.13513512909412384,43.79059600830078,-0.0008884462295100093,0.0004249411867931485,-20.04930877685547
136,0.13613612949848175,43.827762603759766,-0.00084425148088485,-3.211736475350335e-05,-19.265546798706055
137,0.13713712990283966,43.86494445800781,-0.0008235798450186849,-0.00021747004939243197,-18.854106903076172
138,0.13813813030719757,43.902164459228516,-0.0008090624469332397,-0.00033455085940659046,-18.632558822631836
139,0.13913913071155548,43.93941879272461,-0.0008461052784696221,0.00010422534251119941,-19.106060028076172
140,0.1401401311159134,43.9766960144043,-0.0010000895708799362,0.0021187628153711557,-21.243183135986328
141,0.1411411464214325,44.014015197753906,-0.0009879630524665117,0.0018927784403786063,-20.93204116821289
142,0.1421421468257904,44.051361083984375,-0.001041101641021669,0.002648260910063982,-21.52791976928711
143,0.14314314723014832,44.08873748779297,-0.0011630174703896046,0.004577829502522945,-23.06133460998535
144,0.14414414763450623,44.12614822387695,-0.0013063495280221105,0.006914663128554821,-24.795656204223633
145,0.14514514803886414,44.1635856628418,-0.0013187555596232414,0.007294835522770882,-24.95928955078125
146,0.14614614844322205,44.20106506347656,-0.001362588256597519,0.008282228372991085,-25.582548141479492
147,0.14714714884757996,44.238563537597656,-0.0013519993517547846,0.008354791440069675,-25.58946418762207
148,0.14814814925193787,44.27610778808594,-0.0012836056994274259,0.007326333783566952,-24.83157730102539
149,0.14914914965629578,44.31366729736328,-0.001242026686668396,0.006601308006793261,-24.36536407470703
150,0.1501501500606537,44.35126876831055,-0.0012829458573833108,0.007247211877256632,-24.993562698364258
151,0.1511511504650116,44.38890075683594,-0.0012601774651557207,0.006787452846765518,-24.745281219482422
152,0.1521521508693695,44.426570892333984,-0.0013413678389042616,0.008095772005617619,-25.842254638671875
153,0.15315315127372742,44.464263916015625,-0.0012488486245274544,0.006471109576523304,-24.645584106445312
154,0.15415415167808533,44.50199508666992,-0.0012244998943060637,0.0060501242987811565,-24.313438415527344
155,0.15515515208244324,44.53975296020508,-0.001147422706708312,0.0048131481744349,-23.16219711303711
156,0.15615615248680115,44.57754898071289,-0.001249103108420968,0.006863386370241642,-24.682205200195312
157,0.15715715289115906,44.6153678894043,-0.0011135844979435205,0.004572673235088587,-22.498537063598633
158,0.15815815329551697,44.653228759765625,-0.0011018480872735381,0.004549363628029823,-22.241119384765625
159,0.15915915369987488,44.69111251831055,-0.0010725688189268112,0.004118419252336025,-21.66739845275879
160,0.1601601541042328,44.72903823852539,-0.001104108989238739,0.0049048918299376965,-22.247804641723633
161,0.1611611545085907,44.76698684692383,-0.0011548653710633516,0.006010857876390219,-23.18836784362793
162,0.1621621549129486,44.804969787597656,-0.0011768951080739498,0.006464262958616018,-23.595857620239258
163,0.16316315531730652,44.842987060546875,-0.00115783151704818,0.006020477041602135,-23.29328727722168
164,0.16416415572166443,44.88103485107422,-0.0010893874568864703,0.004609697964042425,-22.057634353637695
165,0.16516515612602234,44.91912078857422,-0.0011258231243118644,0.005384256597608328,-22.679384231567383
166,0.16616615653038025,44.95723342895508,-0.0010104713728651404,0.0030395996291190386,-20.33333396911621
167,0.16716717183589935,44.99538040161133,-0.0010501573560759425,0.0040050046518445015,-21.135234832763672
168,0.16816817224025726,45.03356170654297,-0.0011144267627969384,0.005521593149751425,-22.459190368652344
169,0.16916917264461517,45.071773529052734,-0.001260698540136218,0.008813929744064808,-25.244108200073242
170,0.17017017304897308,45.110015869140625,-0.0012398851104080677,0.008201438933610916,-24.80510902404785
171,0.171171173453331,45.14828872680664,-0.0012123438064008951,0.007314907852560282,-24.156003952026367
172,0.1721721738576889,45.18659973144531,-0.0010826931102201343,0.003956581931561232,-21.342485427856445
173,0.17317317426204681,45.22494125366211,-0.0009543912019580603,0.0008275952422991395,-18.3818302154541
174,0.17417417466640472,45.2633171081543,-0.0009836195968091488,0.001245476771146059,-18.87021827697754
175,0.17517517507076263,45.30172348022461,-0.0009956343565136194,0.0014026055578142405,-18.980297088623047
176,0.17617617547512054,45.34016036987305,-0.000995549140498042,0.0014526685699820518,-18.870309829711914
177,0.17717717587947845,45.37863540649414,-0.0009860135614871979,0.0013572924071922898,-18.564241409301758
178,0.17817817628383636,45.41713333129883,-0.0010944465175271034,0.00449670385569334,-21.44397735595703
179,0.17917917668819427,45.45567321777344,-0.0011688335798680782,0.006638853810727596,-23.325843811035156
180,0.18018017709255219,45.49424362182617,-0.0011648745276033878,0.006628027651458979,-23.34665870666504
181,0.1811811774969101,45.53284454345703,-0.0011259103193879128,0.005734825506806374,-22.601476669311523
182,0.182182177901268,45.571475982666016,-0.0012330773752182722,0.008710289373993874,-25.18507194519043
183,0.18318317830562592,45.610145568847656,-0.0012852803338319063,0.010511349886655807,-26.670583724975586
184,0.18418417870998383,45.64884567260742,-0.0012397803366184235,0.009904901497066021,-26.17853546142578
185,0.18518517911434174,45.68758010864258,-0.0012135994620621204,0.009752986952662468,-25.97410011291504
186,0.18618617951869965,45.726348876953125,-0.0011990966740995646,0.009810220450162888,-25.8797550201416
187,0.18718717992305756,45.76514434814453,-0.0012097377330064774,0.01054409984499216,-26.296531677246094
188,0.18818818032741547,45.803977966308594,-0.0011932675261050463,0.010400980710983276,-25.95527458190918
189,0.18918918073177338,45.84284210205078,-0.0013124293182045221,0.014060072600841522,-28.67402458190918
190,0.1901901811361313,45.881744384765625,-0.0013504484668374062,0.015380441211163998,-29.491844177246094
191,0.1911911815404892,45.92066955566406,-0.001285361940972507,0.013438231311738491,-27.931150436401367
192,0.1921921968460083,45.95963668823242,-0.0011727119563147426,0.009923653677105904,-25.093320846557617
193,0.1931931972503662,45.99863052368164,-0.00112215057015419,0.00813573133200407,-23.65684700012207
194,0.19419419765472412,46.037662506103516,-0.0011632083915174007,0.009110657498240471,-24.658292770385742
195,0.19519519805908203,46.07672882080078,-0.001134019112214446,0.008036216720938683,-23.899024963378906
196,0.19619619846343994,46.115821838378906,-0.0011618845164775848,0.008690626360476017,-24.61530303955078
197,0.19719719886779785,46.15495300292969,-0.0011860706144943833,0.009268883615732193,-25.209632873535156
198,0.19819819927215576,46.194114685058594,-0.0012369935866445303,0.010671306401491165,-26.41379165649414
199,0.19919919967651367,46.23331069946289,-0.0011911310721188784,0.009557039476931095,-25.49803352355957
200,0.20020020008087158,46.27254104614258,-0.0013189588207751513,0.013624218292534351,-28.786849975585938
201,0.2012012004852295,46.31180191040039,-0.0013115797191858292,0.013835806399583817,-28.98275375366211
202,0.2022022008895874,46.35110092163086,-0.001308555481955409,0.014306680299341679,-29.36037254333496
203,0.2032032012939453,46.39043045043945,-0.0012686301488429308,0.013720305636525154,-28.97490692138672
204,0.20420420169830322,46.42979049682617,-0.0012933225370943546,0.015161744318902493,-30.179931640625
205,0.20520520210266113,46.46918487548828,-0.0011541147250682116,0.010763556696474552,-26.651378631591797
206,0.20620620250701904,46.50861740112305,-0.0012093342375010252,0.012588690966367722,-28.27614974975586
207,0.20720720291137695,46.54807662963867,-0.0011689506936818361,0.011035981588065624,-27.03627586364746
208,0.20820820331573486,46.58757400512695,-0.0011676112189888954,0.010925062000751495,-26.931690216064453
209,0.20920920372009277,46.62710189819336,-0.0012971593532711267,0.015544112771749496,-30.554092407226562
210,0.21021020412445068,46.666664123535156,-0.001255364390090108,0.014489658176898956,-29.555810928344727
211,0.2112112045288086,46.706260681152344,-0.001269207801669836,0.015424770303070545,-30.087932586669922
212,0.2122122049331665,46.74589157104492,-0.0012131527764722705,0.01396303903311491,-28.67416763305664
213,0.21321320533752441,46.78555679321289,-0.0011625571642071009,0.012596465647220612,-27.28804588317871
214,0.21421420574188232,46.825252532958984,-0.0012227464467287064,0.015344320796430111,-29.43052864074707
215,0.21521520614624023,46.864990234375,-0.0011768292170017958,0.014156937599182129,-28.421232223510742
216,0.21621620655059814,46.90475082397461,-0.0011383056407794356,0.012885798700153828,-27.38262939453125
217,0.21721720695495605,46.94455337524414,-0.0011285250075161457,0.012407283298671246,-27.090065002441406
218,0.21821822226047516,46.98438262939453,-0.001147097209468484,0.01296851597726345,-27.724641799926758
219,0.21921922266483307,47.024253845214844,-0.0011452038306742907,0.012560936622321606,-27.527873992919922
220,0.22022022306919098,47.064151763916016,-0.001156251528300345,0.013075970113277435,-28.049541473388672
221,0.2212212234735489,47.104087829589844,-0.0011882156832143664,0.014477414079010487,-29.23081398010254
222,0.2222222238779068,47.14405059814453,-0.001214412273839116,0.01567503996193409,-30.171876907348633
223,0.2232232242822647,47.18405532836914,-0.0011638659052550793,0.013652957044541836,-28.42487335205078
224,0.22422422468662262,47.22409439086914,-0.0011452387552708387,0.012859351933002472,-27.716468811035156
225,0.22522522509098053,47.264163970947266,-0.001151133212260902,0.01317552849650383,-27.991554260253906
226,0.22622622549533844,47.304264068603516,-0.001135373255237937,0.012625245377421379,-27.532257080078125
227,0.22722722589969635,47.34440231323242,-0.0010998265352100134,0.01131292711943388,-26.3857421875
228,0.22822822630405426,47.384578704833984,-0.0010707085020840168,0.010286007076501846,-25.446754455566406
229,0.22922922670841217,47.424781799316406,-0.001090331468731165,0.011361655779182911,-26.455787658691406
230,0.23023022711277008,47.465023040771484,-0.0010474537266418338,0.009898883290588856,-25.08603286743164
231,0.231231227517128,47.50529479980469,-0.0010455036535859108,0.010256702080368996,-25.379474639892578
232,0.2322322279214859,47.54560470581055,-0.0010560596128925681,0.011306134052574635,-26.317546844482422
233,0.2332332283258438,47.58594512939453,-0.0010314980754628778,0.010683758184313774,-25.666940689086914
234,0.23423422873020172,47.62632369995117,-0.0010228579631075263,0.010699442587792873,-25.61927032470703
235,0.23523522913455963,47.6667366027832,-0.0010517504997551441,0.012512525543570518,-27.282588958740234
236,0.23623622953891754,47.707176208496094,-0.0010825040517374873,0.014203310012817383,-28.789453506469727
237,0.23723722994327545,47.74766540527344,-0.0010635030921548605,0.013422178104519844,-28.021377563476562
238,0.23823823034763336,47.788177490234375,-0.0010656469967216253,0.013452175073325634,-28.04267120361328
239,0.23923923075199127,47.8287239074707,-0.0010857087327167392,0.014350359328091145,-28.89022445678711
240,0.24024023115634918,47.86930847167969,-0.0011213188990950584,0.016068538650870323,-30.50979995727539
241,0.2412412315607071,47.9099235534668,-0.0010103598469868302,0.011322315782308578,-26.11147689819336
242,0.242242231965065,47.95058059692383,-0.0010389951057732105,0.013085756450891495,-27.89117431640625
243,0.2432432323694229,47.99126052856445,-0.0010754778049886227,0.014964343048632145,-29.68885612487793
244,0.24424424767494202,48.031982421875,-0.001039470313116908,0.013520881533622742,-28.301597595214844
245,0.24524524807929993,48.07273864746094,-0.0010260437848046422,0.013064536266028881,-27.82619285583496
246,0.24624624848365784,48.113529205322266,-0.0011086275335401297,0.016984498128294945,-31.47614097595215
247,0.24724724888801575,48.154354095458984,-0.0011211666278541088,0.01786074787378311,-32.26179122924805
248,0.24824824929237366,48.19520950317383,-0.0011589552741497755,0.019656432792544365,-33.866458892822266
249,0.24924924969673157,48.236106872558594,-0.00117963005322963,0.020591819658875465,-34.731964111328125
250,0.2502502501010895,48.277034759521484,-0.0011980909621343017,0.021106773987412453,-35.215145111083984
251,0.2512512505054474,48.317996978759766,-0.0011638137511909008,0.01914903149008751,-33.56809997558594
252,0.2522522509098053,48.35899353027344,-0.0011427756398916245,0.018041210249066353,-32.585697174072266
253,0.2532532513141632,48.40003204345703,-0.001148322131484747,0.018411841243505478,-32.887229919433594
254,0.2542542517185211,48.44109344482422,-0.0011157908011227846,0.017216458916664124,-31.833980560302734
255,0.25525525212287903,48.48219680786133,-0.0011019934900105,0.016793282702565193,-31.49325180053711
256,0.25625625252723694,48.52333450317383,-0.0010435881558805704,0.01442941464483738,-29.367708206176758
257,0.25725725293159485,48.564510345458984,-0.001001028111204505,0.012621954083442688,-27.69451141357422
258,0.25825825333595276,48.605712890625,-0.00099427520763129,0.012674631550908089,-27.811716079711914
259,0.25925925374031067,48.64695739746094,-0.0010223413119092584,0.01450213324278593,-29.639083862304688
260,0.2602602541446686,48.688236236572266,-0.0010117047931998968,0.01439092867076397,-29.51162338256836
261,0.2612612545490265,48.729549407958984,-0.0009675172623246908,0.01242225244641304,-27.49350929260254
262,0.2622622549533844,48.770896911621094,-0.000962147256359458,0.012232530862092972,-27.291072845458984
263,0.2632632553577423,48.812278747558594,-0.0009482970926910639,0.011559497565031052,-26.590547561645508
264,0.2642642557621002,48.85369110107422,-0.0009602606296539307,0.012314636260271072,-27.378097534179688
265,0.26526525616645813,48.895145416259766,-0.0009283071849495173,0.010411744005978107,-25.33061408996582
266,0.26626625657081604,48.93663787841797,-0.0009303640108555555,0.01064415741711855,-25.504316329956055
267,0.26726725697517395,48.97815704345703,-0.0008966578752733767,0.008245316334068775,-22.748130798339844
268,0.26826825737953186,49.01971435546875,-0.000910108326934278,0.009805357083678246,-24.374069213867188
269,0.26926925778388977,49.061309814453125,-0.0009175544837489724,0.010922635905444622,-25.514432907104492
270,0.2702702581882477,49.10293960571289,-0.0008887334261089563,0.009204631671309471,-23.55911636352539
271,0.2712712585926056,49.14460754394531,-0.0009070352534763515,0.011508445255458355,-26.081619262695312
272,0.2722722589969635,49.18630599975586,-0.000891028088517487,0.010814589448273182,-25.242509841918945
273,0.2732732594013214,49.2280387878418,-0.0008932615164667368,0.011288023553788662,-25.7021484375
274,0.2742742598056793,49.26980972290039,-0.0008880988461896777,0.010864925570786,-25.165102005004883
275,0.27527526021003723,49.31161880493164,-0.0008850471931509674,0.010504588484764099,-24.709392547607422
276,0.27627626061439514,49.35345458984375,-0.0008968341862782836,0.011155052110552788,-25.398923873901367
277,0.27727726101875305,49.39533233642578,-0.000913292053155601,0.01200814638286829,-26.331363677978516
278,0.27827826142311096,49.4372444152832,-0.0009222381049767137,0.012422635219991207,-26.81342315673828
279,0.27927926182746887,49.479190826416016,-0.0009415346430614591,0.013660697266459465,-28.264074325561523
280,0.2802802622318268,49.52117156982422,-0.0009306474821642041,0.012978890910744667,-27.676132202148438
281,0.2812812626361847,49.56319046020508,-0.0009397286339662969,0.013421311043202877,-28.32197380065918
282,0.282282292842865,49.60525131225586,-0.0009704861440695822,0.015169239602982998,-30.322219848632812
283,0.2832832932472229,49.6473388671875,-0.0010011154226958752,0.016731660813093185,-32.04521560668945
284,0.2842842936515808,49.6894645690918,-0.0010638096136972308,0.019757315516471863,-35.0518798828125
285,0.2852852940559387,49.73162841796875,-0.001036797184497118,0.01849368028342724,-33.913326263427734
286,0.28628629446029663,49.77382278442383,-0.0010614122729748487,0.0199284590780735,-35.331756591796875
287,0.28728729486465454,49.81605911254883,-0.000978867057710886,0.01606324128806591,-31.576372146606445
288,0.28828829526901245,49.85832595825195,-0.0009743825066834688,0.016096366569399834,-31.631532669067383
289,0.28928929567337036,49.900630950927734,-0.0009473479585722089,0.015098209492862225,-30.615638732910156
290,0.29029029607772827,49.94297409057617,-0.0009189187549054623,0.013997549191117287,-29.422264099121094
291,0.2912912964820862,49.985355377197266,-0.0009424695163033903,0.015849264338612556,-31.359737396240234
292,0.2922922968864441,50.02776336669922,-0.0009201997308991849,0.015136053785681725,-30.56403923034668
293,0.293293297290802,50.07020950317383,-0.0009136906592175364,0.015217483974993229,-30.632780075073242
294,0.2942942976951599,50.11269760131836,-0.0009250097209587693,0.016226768493652344,-31.737743377685547
295,0.2952952980995178,50.155216217041016,-0.0009378026006743312,0.017158662900328636,-32.79716491699219
296,0.29629629850387573,50.197776794433594,-0.0009484278853051364,0.017922556027770042,-33.718231201171875
297,0.29729729890823364,50.2403678894043,-0.000898034602869302,0.015363247133791447,-31.033092498779297
298,0.29829829931259155,50.282997131347656,-0.0008642932516522706,0.013693605549633503,-29.163570404052734
299,0.29929929971694946,50.32566452026367,-0.0008426620624959469,0.012600145302712917,-27.857032775878906
300,0.3003003001213074,50.36836242675781,-0.0008618140127509832,0.014000209979712963,-29.395572662353516
301,0.3013013005256653,50.41109848022461,-0.0008076461381278932,0.010214393027126789,-24.696447372436523
302,0.3023023009300232,50.45387649536133,-0.0008165559847839177,0.010815848596394062,-25.29934310913086
303,0.3033033013343811,50.49668502807617,-0.0008195582777261734,0.01065670233219862,-24.99567413330078
304,0.304304301738739,50.53953552246094,-0.0008211283711716533,0.01050066389143467,-24.748924255371094
305,0.3053053021430969,50.58241653442383,-0.0008534120861440897,0.012767543084919453,-27.407365798950195
306,0.30630630254745483,50.625335693359375,-0.0008494689827784896,0.011806361377239227,-26.255430221557617
307,0.30730730295181274,50.66829299926758,-0.000872892327606678,0.013167259283363819,-27.85816764831543
308,0.30830830335617065,50.71128463745117,-0.0008803566452115774,0.013442221097648144,-28.20482635498047
309,0.30930930376052856,50.754310607910156,-0.0008995693060569465,0.015108608640730381,-30.126008987426758
310,0.3103103041648865,50.79737854003906,-0.0008628993527963758,0.012743974104523659,-27.499841690063477
311,0.3113113045692444,50.840476989746094,-0.0008375762263312936,0.011341644451022148,-25.875442504882812
312,0.3123123049736023,50.88361358642578,-0.0008392138406634331,0.012182903476059437,-26.928598403930664
313,0.3133133053779602,50.92679214477539,-0.0008388638962060213,0.012686674483120441,-27.627105712890625
314,0.3143143057823181,50.97000503540039,-0.0008555979002267122,0.014442795887589455,-29.837268829345703
315,0.315315306186676,51.01325225830078,-0.0008582075824961066,0.014943382702767849,-30.5476016998291
316,0.31631630659103394,51.056541442871094,-0.0008435135241597891,0.014019493944942951,-29.55364227294922
317,0.31731730699539185,51.099857330322266,-0.0008626854978501797,0.015313323587179184,-31.10407829284668
318,0.31831830739974976,51.14321517944336,-0.0008607557392679155,0.01499176025390625,-30.723281860351562
319,0.31931930780410767,51.186614990234375,-0.0008656149730086327,0.015132458880543709,-30.89261245727539
320,0.3203203082084656,51.23004913330078,-0.0009170254925265908,0.01850285194814205,-34.68270492553711
321,0.3213213086128235,51.27351379394531,-0.0008999023702926934,0.017106007784605026,-33.16249084472656
322,0.3223223090171814,51.317020416259766,-0.0008964817970991135,0.016514718532562256,-32.52574920654297
323,0.3233233094215393,51.36056137084961,-0.0009150567930191755,0.0176346767693758,-33.77032470703125
324,0.3243243098258972,51.40414047241211,-0.0008927758317440748,0.016068870201706886,-32.09009552001953
325,0.3253253102302551,51.44776153564453,-0.0008841966046020389,0.015691760927438736,-31.733259201049805
326,0.32632631063461304,51.49141311645508,-0.0008437630604021251,0.013162922114133835,-28.855653762817383
327,0.32732731103897095,51.53510284423828,-0.0008061274420469999,0.010909825563430786,-26.136930465698242
328,0.32832831144332886,51.578834533691406,-0.0008174019167199731,0.012572931125760078,-28.187427520751953
329,0.32932931184768677,51.622596740722656,-0.0008210769155994058,0.013582993298768997,-29.417583465576172
330,0.3303303122520447,51.66639709472656,-0.0008369394345209002,0.015434999950230122,-31.671100616455078
331,0.3313313126564026,51.71023941040039,-0.0008026002906262875,0.013577474281191826,-29.44430160522461
332,0.3323323130607605,51.754112243652344,-0.0007982294773682952,0.013710228726267815,-29.652339935302734
333,0.3333333432674408,51.79802703857422,-0.0008042170666158199,0.014435778371989727,-30.607765197753906
334,0.3343343436717987,51.84197998046875,-0.0008128119516186416,0.015144125558435917,-31.542661666870117
335,0.3353353440761566,51.88597106933594,-0.0007792148971930146,0.012649957090616226,-28.399194717407227
336,0.3363363444805145,51.92999267578125,-0.0007895012386143208,0.013502772897481918,-29.460773468017578
337,0.33733734488487244,51.974056243896484,-0.0008091941708698869,0.015126908197999,-31.44839096069336
338,0.33833834528923035,52.018157958984375,-0.000780188012868166,0.012676131911575794,-28.31843376159668
339,0.33933934569358826,52.06229782104492,-0.0007779491716064513,0.012242177501320839,-27.735918045043945
340,0.34034034609794617,52.106468200683594,-0.0007557323551736772,0.009212157689034939,-23.814241409301758
341,0.3413413465023041,52.15068054199219,-0.0007414720021188259,0.007259984966367483,-21.266103744506836
342,0.342342346906662,52.19493103027344,-0.0007331320084631443,0.006468257866799831,-20.245376586914062
343,0.3433433473110199,52.23921585083008,-0.0007253200747072697,0.005928106140345335,-19.546916961669922
344,0.3443443477153778,52.283546447753906,-0.0007178352680057287,0.005558289121836424,-19.063068389892578
345,0.3453453481197357,52.327911376953125,-0.0006923751789145172,0.004013699479401112,-16.894145965576172
346,0.34634634852409363,52.372310638427734,-0.0006862099980935454,0.0038443277589976788,-16.67801284790039
347,0.34734734892845154,52.416744232177734,-0.0006812303327023983,0.003713685553520918,-16.488344192504883
348,0.34834834933280945,52.46122360229492,-0.0006364788860082626,0.001761234481818974,-13.467662811279297
349,0.34934934973716736,52.505733489990234,-0.0006275727064348757,0.0015706741251051426,-13.06471061706543
350,0.35035035014152527,52.55028533935547,-0.0006757116643711925,0.004045542329549789,-16.774425506591797
351,0.3513513505458832,52.594879150390625,-0.000656795920804143,0.0031156507320702076,-15.303125381469727
352,0.3523523509502411,52.639503479003906,-0.0006746638682670891,0.004229369107633829,-16.904802322387695
353,0.353353351354599,52.68416976928711,-0.0006894589168950915,0.0051781004294753075,-18.238849639892578
354,0.3543543517589569,52.72887420654297,-0.0007090094150044024,0.006593059748411179,-20.23224639892578
355,0.3553553521633148,52.77360916137695,-0.000725569436326623,0.007849511690437794,-21.96480941772461
356,0.35635635256767273,52.81839370727539,-0.0007266868487931788,0.007383149582892656,-21.361347198486328
357,0.35735735297203064,52.86320495605469,-0.0007322645979002118,0.0072744195349514484,-21.319032669067383
358,0.35835835337638855,52.90806198120117,-0.0007478585466742516,0.008253832347691059,-22.76918601989746
359,0.35935935378074646,52.95295333862305,-0.0007475726888515055,0.007933218963444233,-22.470252990722656
360,0.36036035418510437,52.99788284301758,-0.0007501561194658279,0.008228743448853493,-22.98269271850586
361,0.3613613545894623,53.0428581237793,-0.000753914937376976,0.008869952522218227,-23.935914993286133
362,0.3623623549938202,53.087860107421875,-0.0007643176941201091,0.010248458944261074,-25.81757926940918
363,0.3633633553981781,53.13290786743164,-0.0007708898046985269,0.011217530816793442,-27.132553100585938
364,0.364364355802536,53.1779899597168,-0.0007717221742495894,0.011699664406478405,-27.798818588256836
365,0.3653653562068939,53.223114013671875,-0.0007401142502203584,0.00979288574308157,-25.293615341186523
366,0.36636635661125183,53.268272399902344,-0.0007272822549566627,0.00939868576824665,-24.75238800048828
367,0.36736735701560974,53.31346893310547,-0.0007215146324597299,0.00956257339566946,-24.941190719604492
368,0.36836835741996765,53.358707427978516,-0.0006911911768838763,0.007569505833089352,-22.0418701171875
369,0.36936935782432556,53.40398025512695,-0.0006690999725833535,0.005877813324332237,-19.455957412719727
370,0.37037035822868347,53.44929885864258,-0.0006792147178202868,0.006911425851285458,-20.876888275146484
371,0.3713713586330414,53.49464797973633,-0.0006679346552118659,0.005813840311020613,-19.11882972717285
372,0.3723723590373993,53.5400390625,-0.0006755723152309656,0.006558396387845278,-20.102828979492188
373,0.3733733594417572,53.58546829223633,-0.0006878878339193761,0.007878937758505344,-21.916641235351562
374,0.3743743598461151,53.63093566894531,-0.0006831945502199233,0.007234932389110327,-20.881338119506836
375,0.375375360250473,53.67644500732422,-0.0006697314092889428,0.005851228721439838,-18.721778869628906
376,0.37637636065483093,53.721988677978516,-0.00066803686786443,0.006184304133057594,-19.131271362304688
377,0.37737736105918884,53.76757049560547,-0.000686812330968678,0.008897298015654087,-23.107288360595703
378,0.37837836146354675,53.813194274902344,-0.0006852035876363516,0.009212453849613667,-23.57804298400879
379,0.37937936186790466,53.858856201171875,-0.0006754866917617619,0.008873187005519867,-23.097402572631836
380,0.3803803622722626,53.9045524597168,-0.000671801739372313,0.009303814731538296,-23.754484176635742
381,0.3813813626766205,53.950294494628906,-0.0006698932265862823,0.009984569624066353,-24.76051902770996
382,0.3823823630809784,53.996070861816406,-0.0006610566633753479,0.009701676666736603,-24.33884620666504
383,0.3833833634853363,54.04188919067383,-0.0006554858991876245,0.009490675292909145,-23.998138427734375
384,0.3843843936920166,54.08774185180664,-0.000657364318612963,0.010058633983135223,-24.816133499145508
385,0.3853853940963745,54.133636474609375,-0.0006707126158289611,0.01167347189038992,-27.22285270690918
386,0.3863863945007324,54.1795654296875,-0.0006652817828580737,0.010890668258070946,-26.034568786621094
387,0.38738739490509033,54.22554016113281,-0.0006543205236084759,0.009203733876347542,-23.47359275817871
388,0.38838839530944824,54.271549224853516,-0.0006526741199195385,0.008499020710587502,-22.439496994018555
389,0.38938939571380615,54.317596435546875,-0.0006526553188450634,0.007707237731665373,-21.30657196044922
390,0.39039039611816406,54.363685607910156,-0.0006552822887897491,0.007343998644500971,-20.897886276245117
391,0.391391396522522,54.40981674194336,-0.0006559472531080246,0.0068340967409312725,-20.287107467651367
392,0.3923923969268799,54.45597839355469,-0.0006506561767309904,0.00552206439897418,-18.444610595703125
393,0.3933933973312378,54.502193450927734,-0.0006348416209220886,0.0036649974063038826,-15.660796165466309
394,0.3943943977355957,54.54843521118164,-0.0006286760908551514,0.0034853608813136816,-15.453205108642578
395,0.3953953981399536,54.59471893310547,-0.0006197276525199413,0.0033159134909510612,-15.207993507385254
396,0.3963963985443115,54.64104080200195,-0.0006133783608675003,0.0033697381149977446,-15.303444862365723
397,0.39739739894866943,54.68740463256836,-0.0005988008342683315,0.0029446992557495832,-14.561264991760254
398,0.39839839935302734,54.73381042480469,-0.0005770528223365545,0.0022085749078541994,-13.240724563598633
399,0.39939939975738525,54.780250549316406,-0.0005823204410262406,0.002932178322225809,-14.413103103637695
400,0.40040040016174316,54.82673263549805,-0.0005563097074627876,0.001976443687453866,-12.685210227966309
401,0.4014014005661011,54.87324905395508,-0.0005679369205608964,0.0028446922078728676,-14.154858589172363
402,0.402402400970459,54.91980743408203,-0.0005786748952232301,0.0036916432436555624,-15.580020904541016
403,0.4034034013748169,54.96641540527344,-0.0005744640366174281,0.0035426742397248745,-15.251411437988281
404,0.4044044017791748,55.01305389404297,-0.0005770578281953931,0.003715764731168747,-15.525066375732422
405,0.4054054021835327,55.059730529785156,-0.0005650753155350685,0.0027402194682508707,-13.819962501525879
406,0.4064064025878906,55.106449127197266,-0.0005293558351695538,0.0009032092639245093,-10.451436996459961
407,0.40740740299224854,55.1532096862793,-0.0005586615297943354,0.0020824160892516375,-12.569007873535156
408,0.40840840339660645,55.200008392333984,-0.0005711721023544669,0.0026620791759341955,-13.536006927490234
409,0.40940940380096436,55.24684524536133,-0.000596566591411829,0.004590228199958801,-16.7811279296875
410,0.41041040420532227,55.293724060058594,-0.0006030432414263487,0.00508072366937995,-17.555959701538086
411,0.4114114046096802,55.340641021728516,-0.0006079943268559873,0.005757872946560383,-18.644502639770508
412,0.4124124050140381,55.38759231567383,-0.0006048540235497057,0.005720288027077913,-18.595962524414062
413,0.413413405418396,55.43458938598633,-0.0006070585222914815,0.0063997372053563595,-19.758115768432617
414,0.4144144058227539,55.481624603271484,-0.0005870155291631818,0.004601445980370045,-16.79241371154785
415,0.4154154062271118,55.52870178222656,-0.0005660377792082727,0.0031135359313338995,-14.250515937805176
416,0.4164164066314697,55.5758171081543,-0.0005672374973073602,0.003460027277469635,-14.836766242980957
417,0.41741740703582764,55.62297439575195,-0.0005702849011868238,0.004022086504846811,-15.722764015197754
418,0.41841840744018555,55.67017364501953,-0.0005755241145379841,0.005057651083916426,-17.314083099365234
419,0.41941940784454346,55.71741485595703,-0.0005750177660956979,0.005439380183815956,-17.814891815185547
420,0.42042040824890137,55.764686584472656,-0.00058789923787117,0.007557366043329239,-21.3759822845459
421,0.4214214086532593,55.81200408935547,-0.0006004266906529665,0.009210951626300812,-24.134485244750977
422,0.4224224090576172,55.85935592651367,-0.0005990715580992401,0.008856358006596565,-23.515459060668945
423,0.4234234094619751,55.90675735473633,-0.0006090989918448031,0.00982583872973919,-25.09883689880371
424,0.424424409866333,55.954193115234375,-0.0005978171247988939,0.008258238434791565,-22.44552993774414
425,0.4254254102706909,56.00166702270508,-0.0005903987330384552,0.007848881185054779,-21.60120964050293
426,0.42642641067504883,56.04918670654297,-0.0005858633667230606,0.008165200240910053,-21.95484161376953
427,0.42742741107940674,56.096744537353516,-0.0005799505161121488,0.007774839643388987,-21.113510131835938
428,0.42842841148376465,56.14434814453125,-0.000574938312638551,0.006469034124165773,-18.771215438842773
429,0.42942941188812256,56.191978454589844,-0.0005714326398447156,0.004819156136363745,-15.88888168334961
430,0.43043041229248047,56.239662170410156,-0.0005723712383769453,0.004598589148372412,-15.563854217529297
431,0.4314314126968384,56.287384033203125,-0.0005694018909707665,0.004057429265230894,-14.708598136901855
432,0.4324324131011963,56.335140228271484,-0.0005648199003189802,0.0040922611951828,-14.836480140686035
433,0.4334334135055542,56.3829460144043,-0.0005632826942019165,0.005125219002366066,-16.729318618774414
434,0.4344344139099121,56.430782318115234,-0.0005531398928724229,0.004288713447749615,-15.32858943939209
435,0.43543541431427,56.478668212890625,-0.0005474906647577882,0.004219138063490391,-15.328520774841309
436,0.4364364445209503,56.526588439941406,-0.0005407871794886887,0.0038963928818702698,-14.885043144226074
437,0.4374374449253082,56.574554443359375,-0.0005295146256685257,0.0031253660563379526,-13.581689834594727
438,0.43843844532966614,56.62255859375,-0.000511817866936326,0.0020783848594874144,-11.6810941696167
439,0.43943944573402405,56.67060089111328,-0.0005164619069546461,0.002489232923835516,-12.600275993347168
440,0.44044044613838196,56.718685150146484,-0.0005101136630401015,0.002218018751591444,-12.139318466186523
441,0.44144144654273987,56.76681137084961,-0.0004992351750843227,0.0017060268437489867,-11.16864013671875
442,0.4424424469470978,56.814979553222656,-0.0004950743168592453,0.0016054020961746573,-10.948992729187012
443,0.4434434473514557,56.86318588256836,-0.0005033377092331648,0.0021667578257620335,-12.063865661621094
444,0.4444444477558136,56.911434173583984,-0.0004900258500128984,0.0017047225264832377,-11.127469062805176
445,0.4454454481601715,56.95972442626953,-0.0005055847577750683,0.0027762819081544876,-13.271698951721191
446,0.4464464485645294,57.008056640625,-0.0005069765029475093,0.003113431390374899,-13.90300464630127
447,0.44744744896888733,57.056427001953125,-0.0005120866699144244,0.0037246213760226965,-15.017343521118164
448,0.44844844937324524,57.10483932495117,-0.0005118986591696739,0.003969413228332996,-15.339765548706055
449,0.44944944977760315,57.153297424316406,-0.0005243220366537571,0.0051366472616791725,-17.429397583007812
450,0.45045045018196106,57.20178985595703,-0.0005258492892608047,0.005472212098538876,-17.889894485473633
451,0.45145145058631897,57.25032424926758,-0.0005224369233474135,0.005268978886306286,-17.359394073486328
452,0.4524524509906769,57.29890060424805,-0.0005196972051635385,0.005193362943828106,-17.064699172973633
453,0.4534534513950348,57.3475227355957,-0.000529236625880003,0.006570102646946907,-19.579639434814453
454,0.4544544517993927,57.396183013916016,-0.0005392426392063498,0.00817397516220808,-22.53232765197754
455,0.4554554522037506,57.444881439208984,-0.0005364409880712628,0.008184165693819523,-22.509674072265625
456,0.4564564526081085,57.49362564086914,-0.0005206450005061924,0.006929159164428711,-20.031152725219727
457,0.45745745301246643,57.54240417480469,-0.0005181226879358292,0.0072650969959795475,-20.537050247192383
458,0.45845845341682434,57.59122848510742,-0.0005215582787059247,0.007999656721949577,-21.86165428161621
459,0.45945945382118225,57.640098571777344,-0.0005240958416834474,0.008359191007912159,-22.522232055664062
460,0.46046045422554016,57.68900680541992,-0.0005204799817875028,0.007817031815648079,-21.533227920532227
461,0.46146145462989807,57.73795700073242,-0.000513816368766129,0.007050011307001114,-20.164440155029297
462,0.462462455034256,57.786949157714844,-0.0005024442216381431,0.005553616676479578,-17.35904312133789
463,0.4634634554386139,57.83598327636719,-0.0005029388703405857,0.005662909708917141,-17.67502784729004
464,0.4644644558429718,57.88505554199219,-0.0005030848551541567,0.005552586168050766,-17.61201286315918
465,0.4654654562473297,57.934165954589844,-0.00050945213297382,0.0060780104249715805,-18.78689956665039
466,0.4664664566516876,57.98332977294922,-0.0005175134865567088,0.006868270691484213,-20.37297821044922
467,0.46746745705604553,58.03252410888672,-0.0005238872254267335,0.007392378523945808,-21.356639862060547
468,0.46846845746040344,58.08176803588867,-0.0005218136357143521,0.006772681139409542,-20.117204666137695
469,0.46946945786476135,58.131046295166016,-0.0005292792920954525,0.007098018191754818,-20.71516990661621
470,0.47047045826911926,58.18037414550781,-0.0005295424489304423,0.0061861504800617695,-19.031352996826172
471,0.4714714586734772,58.229740142822266,-0.0005362285301089287,0.006221472751349211,-19.194543838500977
472,0.4724724590778351,58.27914810180664,-0.0005474399658851326,0.007055624853819609,-20.84040069580078
473,0.473473459482193,58.32859802246094,-0.0005390415899455547,0.005428533535450697,-17.947006225585938
474,0.4744744598865509,58.37809371948242,-0.00054374267347157,0.006484605371952057,-19.96190071105957
475,0.4754754602909088,58.42762756347656,-0.0005358848720788956,0.005901222117245197,-18.937477111816406
476,0.4764764606952667,58.47719955444336,-0.0005394225008785725,0.00682085333392024,-20.71259117126465
477,0.47747746109962463,58.52682113647461,-0.0005404981202445924,0.007177291437983513,-21.491134643554688
478,0.47847846150398254,58.57647705078125,-0.0005306422244757414,0.006453114096075296,-20.27094078063965
479,0.47947946190834045,58.626182556152344,-0.0005226738867349923,0.005971925333142281,-19.465530395507812
480,0.48048046231269836,58.675926208496094,-0.0005104296724312007,0.005214371252804995,-17.94034194946289
481,0.4814814627170563,58.725711822509766,-0.0004797800211235881,0.003035889705643058,-13.381135940551758
482,0.4824824631214142,58.775543212890625,-0.0004876143066212535,0.0037193475291132927,-14.574870109558105
483,0.4834834635257721,58.82541275024414,-0.0004730850923806429,0.002662223530933261,-12.184976577758789
484,0.48448446393013,58.875328063964844,-0.0004757063870783895,0.0028315577656030655,-12.389379501342773
485,0.4854854643344879,58.92528533935547,-0.00048546737525612116,0.003729383461177349,-14.115968704223633
486,0.4864864647388458,58.97528076171875,-0.0004874284495599568,0.004349111579358578,-15.225177764892578
487,0.4874874949455261,59.025325775146484,-0.00047888042172417045,0.0036267500836402178,-13.530263900756836
488,0.48848849534988403,59.07540512084961,-0.00047433204599656165,0.003335998859256506,-12.797979354858398
489,0.48948949575424194,59.12553024291992,-0.0004789380473084748,0.004304047208279371,-14.778215408325195
490,0.49049049615859985,59.17570114135742,-0.0004719987337011844,0.0033680263441056013,-12.826644897460938
491,0.49149149656295776,59.22591781616211,-0.00045741014764644206,0.00216361484490335,-10.297908782958984
492,0.4924924969673157,59.27616500854492,-0.0004665791639126837,0.0032904637046158314,-12.861115455627441
493,0.4934934973716736,59.32646560668945,-0.0004731996450573206,0.004409749526530504,-15.419881820678711
494,0.4944944977760315,59.376800537109375,-0.0004860500921495259,0.006117582321166992,-19.175487518310547
495,0.4954954981803894,59.427181243896484,-0.0004795260610990226,0.005059920251369476,-17.11492156982422
496,0.4964964985847473,59.47761154174805,-0.00048431713366881013,0.005369685124605894,-17.82438850402832
497,0.4974974989891052,59.528072357177734,-0.0004923564847558737,0.006288738455623388,-19.687768936157227
498,0.49849849939346313,59.57858657836914,-0.0004887602408416569,0.005685172975063324,-18.423952102661133
499,0.49949949979782104,59.62913513183594,-0.0004886254901066422,0.005242244806140661,-17.47962760925293
500,0.500500500202179,59.67972946166992,-0.0004907158436253667,0.005138434935361147,-17.191165924072266
501,0.5015015006065369,59.73036575317383,-0.0004884024383500218,0.003974709659814835,-14.747597694396973
502,0.5025025010108948,59.78105163574219,-0.0004910502466373146,0.004400553647428751,-15.566563606262207
503,0.5035035014152527,59.83177947998047,-0.000491680926643312,0.004817103035748005,-16.39142608642578
504,0.5045045018196106,59.88254165649414,-0.0004907088587060571,0.0049580177292227745,-16.67418098449707
505,0.5055055022239685,59.93335723876953,-0.0004888185649178922,0.005128895863890648,-17.0129451751709
506,0.5065065026283264,59.98421096801758,-0.0004862522764597088,0.005085466429591179,-16.909954071044922
507,0.5075075030326843,60.03510665893555,-0.0004825556534342468,0.0047379122115671635,-16.16441535949707
508,0.5085085034370422,60.08604431152344,-0.00048016186337918043,0.0051735457964241505,-17.033288955688477
509,0.5095095038414001,60.13703155517578,-0.0004781650204677135,0.005078593268990517,-16.824668884277344
510,0.5105105042457581,60.18806076049805,-0.0004818540473934263,0.0061244904063642025,-19.009689331054688
511,0.511511504650116,60.2391242980957,-0.0004805611970368773,0.005787222646176815,-18.332246780395508
512,0.5125125050544739,60.29024124145508,-0.00048203946789726615,0.006063257344067097,-18.94875717163086
513,0.5135135054588318,60.341392517089844,-0.0004783373442478478,0.005341749172657728,-17.477571487426758
514,0.5145145058631897,60.39259719848633,-0.0004783413605764508,0.005358108785003424,-17.55406379699707
515,0.5155155062675476,60.44384002685547,-0.0004725478356704116,0.0043665156699717045,-15.518092155456543
516,0.5165165066719055,60.495121002197266,-0.0004729130887426436,0.004513744730502367,-15.797879219055176
517,0.5175175070762634,60.54645538330078,-0.000469703518319875,0.004412954207509756,-15.519613265991211
518,0.5185185074806213,60.59783172607422,-0.0004531300801318139,0.003094996325671673,-12.62358283996582
519,0.5195195078849792,60.64924621582031,-0.000446222722530365,0.002922201296314597,-12.211234092712402
520,0.5205205082893372,60.700706481933594,-0.00045226715155877173,0.0039160228334367275,-14.405186653137207
521,0.5215215086936951,60.75221252441406,-0.00043913471745327115,0.0029993639327585697,-12.365344047546387
522,0.522522509098053,60.80376434326172,-0.0004476167669054121,0.003974496852606535,-14.604592323303223
523,0.5235235095024109,60.85535430908203,-0.0004310938238631934,0.0026301268953830004,-11.581260681152344
524,0.5245245099067688,60.90699005126953,-0.0004488872946240008,0.00450344430282712,-15.851629257202148
525,0.5255255103111267,60.95866775512695,-0.0004629545146599412,0.006830376572906971,-20.996057510375977
526,0.5265265107154846,61.01039123535156,-0.0004709477652795613,0.008130822330713272,-23.834110260009766
527,0.5275275111198425,61.06216049194336,-0.00046677503269165754,0.007292888127267361,-22.115171432495117
528,0.5285285115242004,61.11397171020508,-0.00047220673877745867,0.00790351815521717,-23.47793197631836
529,0.5295295119285583,61.165828704833984,-0.0004812803235836327,0.009201196022331715,-26.271705627441406
530,0.5305305123329163,61.21773147583008,-0.0004863124049734324,0.010040157474577427,-28.0858211517334
531,0.5315315127372742,61.26966857910156,-0.00048102185246534646,0.009260213933885098,-26.565771102905273
532,0.5325325131416321,61.3216552734375,-0.0004785583005286753,0.009155410341918468,-26.43394660949707
533,0.53353351354599,61.373695373535156,-0.00048033552593551576,0.009774011559784412,-27.767831802368164
534,0.5345345139503479,61.4257698059082,-0.00047838673344813287,0.009520512074232101,-27.2510986328125
535,0.5355355143547058,61.47788619995117,-0.0004739183059427887,0.008925803937017918,-25.905941009521484
536,0.5365365147590637,61.530052185058594,-0.00047083382378332317,0.008564742282032967,-25.042057037353516
537,0.5375375151634216,61.5822639465332,-0.00047018995974212885,0.00852324441075325,-24.829391479492188
538,0.5385385155677795,61.63451385498047,-0.00047498184721916914,0.009660881944000721,-27.220170974731445
539,0.5395395755767822,61.68681716918945,-0.000474745174869895,0.009819726459681988,-27.603506088256836
540,0.5405405759811401,61.73915481567383,-0.00047095015179365873,0.009073758497834206,-26.072784423828125
541,0.541541576385498,61.791542053222656,-0.0004565906128846109,0.0071047828532755375,-21.883989334106445
542,0.542542576789856,61.843971252441406,-0.00046066890354268253,0.007776044309139252,-23.409175872802734
543,0.5435435771942139,61.89645004272461,-0.0004457471950445324,0.006020262371748686,-19.53868293762207
544,0.5445445775985718,61.94896697998047,-0.000448135455371812,0.006407817360013723,-20.3833065032959
545,0.5455455780029297,62.001529693603516,-0.0004377327277325094,0.004735811147838831,-16.555570602416992
546,0.5465465784072876,62.05413818359375,-0.00043971725972369313,0.004422365687787533,-15.798684120178223
547,0.5475475788116455,62.10679244995117,-0.00044017977779731154,0.003938852343708277,-14.60972785949707
548,0.5485485792160034,62.159488677978516,-0.0004535476036835462,0.006747410632669926,-20.756139755249023
549,0.5495495796203613,62.21223068237305,-0.00045811961172148585,0.007692356128245592,-22.662769317626953
550,0.5505505800247192,62.26502227783203,-0.0004605600843206048,0.00842191930860281,-24.062862396240234
551,0.5515515804290771,62.31785202026367,-0.00046122196363285184,0.008869847282767296,-24.8697452545166
552,0.5525525808334351,62.3707275390625,-0.0004514917091000825,0.007749676704406738,-22.2900447845459
553,0.553553581237793,62.42365264892578,-0.0004405395593494177,0.006478491239249706,-19.35675048828125
554,0.5545545816421509,62.476619720458984,-0.00043379017733968794,0.005964141804724932,-18.17076301574707
555,0.5555555820465088,62.52962875366211,-0.00043481882312335074,0.007129230070859194,-20.950531005859375
556,0.5565565824508667,62.58268737792969,-0.0004295041726436466,0.006597723811864853,-19.896541595458984
557,0.5575575828552246,62.63578796386719,-0.0004242461291141808,0.0058031389489769936,-18.26376724243164
558,0.5585585832595825,62.688934326171875,-0.0004281721485313028,0.006500412244349718,-20.166662216186523
559,0.5595595836639404,62.74212646484375,-0.00042015028884634376,0.005237462464720011,-17.492311477661133
560,0.5605605840682983,62.79536437988281,-0.00042280161869712174,0.005218994803726673,-17.770292282104492
561,0.5615615844726562,62.8486442565918,-0.00041256158147007227,0.003589312080293894,-14.087081909179688
562,0.5625625848770142,62.901973724365234,-0.0004184336285106838,0.004098149016499519,-15.419090270996094
563,0.5635635852813721,62.955345153808594,-0.00042188860243186355,0.004162109922617674,-15.541613578796387
564,0.56456458568573,63.008766174316406,-0.00042729059350676835,0.0044615184888243675,-16.184326171875
565,0.5655655860900879,63.062225341796875,-0.00043355650268495083,0.004918803460896015,-17.108028411865234
566,0.5665665864944458,63.11573791503906,-0.0004326344933360815,0.004475610796362162,-15.901637077331543
567,0.5675675868988037,63.16929244995117,-0.00043526067747734487,0.005109129939228296,-17.16379165649414
568,0.5685685873031616,63.2228889465332,-0.00043681333772838116,0.0060544428415596485,-19.16933822631836
569,0.5695695877075195,63.27653503417969,-0.00043632034794427454,0.006457876414060593,-19.98209571838379
570,0.5705705881118774,63.33022689819336,-0.00043848317000083625,0.007402854971587658,-22.106019973754883
571,0.5715715885162354,63.38396072387695,-0.00044104320113547146,0.008245345205068588,-24.06592559814453
572,0.5725725889205933,63.437744140625,-0.00043341246782802045,0.0074784946627914906,-22.414897918701172
573,0.5735735893249512,63.4915657043457,-0.00042611637036316097,0.006786628160625696,-20.9124813079834
574,0.5745745897293091,63.545440673828125,-0.000429088540840894,0.007479456719011068,-22.678058624267578
575,0.575575590133667,63.599361419677734,-0.0004300869186408818,0.007941827178001404,-23.8892879486084
576,0.5765765905380249,63.65332794189453,-0.00041597936069592834,0.006360930856317282,-20.247419357299805
577,0.5775775909423828,63.707332611083984,-0.000420879281591624,0.007347406353801489,-22.683189392089844
578,0.5785785913467407,63.761390686035156,-0.00041592083289287984,0.006838421802967787,-21.551939010620117
579,0.5795795917510986,63.815494537353516,-0.00041211984353139997,0.006541351322084665,-20.883148193359375
580,0.5805805921554565,63.8696403503418,-0.0004228685866110027,0.008417578414082527,-25.354938507080078
581,0.5815815925598145,63.92383575439453,-0.00042566738557070494,0.009068090468645096,-26.817916870117188
582,0.5825825929641724,63.97807693481445,-0.00042663858039304614,0.00981646217405796,-28.509117126464844
583,0.5835835933685303,64.03236389160156,-0.0004236279346514493,0.00959653127938509,-27.942962646484375
584,0.5845845937728882,64.0866928100586,-0.00042743602534756064,0.01020368654280901,-29.32962989807129
585,0.5855855941772461,64.14107513427734,-0.0004340240266174078,0.010988487862050533,-31.139890670776367
586,0.586586594581604,64.19549560546875,-0.00043457309948280454,0.010996867902576923,-31.21769142150879
587,0.5875875949859619,64.24996948242188,-0.000433259061537683,0.011052933521568775,-31.47796630859375
588,0.5885885953903198,64.30448150634766,-0.0004402138583827764,0.012566066347062588,-35.06828308105469
589,0.5895895957946777,64.35903930664062,-0.0004329218063503504,0.011953545734286308,-33.80488586425781
590,0.5905905961990356,64.41365814208984,-0.0004321433953009546,0.01205914281308651,-34.11787796020508
591,0.5915915966033936,64.46830749511719,-0.0004321401356719434,0.011961170472204685,-33.91914749145508
592,0.5925925970077515,64.52301025390625,-0.0004364032647572458,0.01288045197725296,-36.01960372924805
593,0.5935935974121094,64.5777587890625,-0.00042632489930838346,0.011939426884055138,-33.81178283691406
594,0.5945945978164673,64.63255310058594,-0.0004300390719436109,0.013248118571937084,-36.852970123291016
595,0.5955955982208252,64.68739318847656,-0.0004329438670538366,0.013886739499866962,-38.31621170043945
596,0.5965965986251831,64.74227905273438,-0.00043472362449392676,0.014194728806614876,-39.06203079223633
597,0.597597599029541,64.7972183227539,-0.00042432983173057437,0.013020414859056473,-36.56090545654297
598,0.5985985994338989,64.8521957397461,-0.0004097887431271374,0.010847529396414757,-31.61324119567871
599,0.5995995998382568,64.9072265625,-0.000410148233640939,0.010957532562315464,-32.05856704711914
600,0.6006006002426147,64.96229553222656,-0.00041205703746527433,0.011329999193549156,-33.01751708984375
601,0.6016016006469727,65.01741790771484,-0.0004087643465027213,0.010527344420552254,-31.021270751953125
602,0.6026026010513306,65.07258605957031,-0.0004085909458808601,0.009863403625786304,-29.285001754760742
603,0.6036036014556885,65.12779998779297,-0.0004104884574189782,0.009971159510314465,-29.47602081298828
604,0.6046046018600464,65.18305969238281,-0.00040724704740568995,0.008878432214260101,-26.77428436279297
605,0.6056056022644043,65.23836517333984,-0.00040623664972372353,0.00904487818479538,-27.221054077148438
606,0.6066066026687622,65.2937240600586,-0.0004024113586638123,0.008264655247330666,-25.35793113708496
607,0.6076076030731201,65.34912872314453,-0.00040293714846484363,0.008504600264132023,-26.0230770111084
608,0.608608603477478,65.40457916259766,-0.00040553254075348377,0.00899655744433403,-27.31395721435547
609,0.6096096038818359,65.46007537841797,-0.00040858291322365403,0.009532319381833076,-28.678085327148438
610,0.6106106042861938,65.51561737060547,-0.0004075153265148401,0.00919653382152319,-27.890186309814453
611,0.6116116046905518,65.57120513916016,-0.0004009744443465024,0.00809058453887701,-25.221446990966797
612,0.6126126050949097,65.62684631347656,-0.00039716000901535153,0.007517813239246607,-23.75794219970703
613,0.6136136054992676,65.68252563476562,-0.0003942881594412029,0.006876586005091667,-22.06623649597168
614,0.6146146059036255,65.7382583618164,-0.00039539337740279734,0.007091257721185684,-22.532119750976562
615,0.6156156063079834,65.79403686523438,-0.0003983955248259008,0.00812998041510582,-25.07748794555664
616,0.6166166067123413,65.84986877441406,-0.0003990714903920889,0.008611089549958706,-26.23102378845215
617,0.6176176071166992,65.9057388305664,-0.0003992544370703399,0.008687200024724007,-26.411666870117188
618,0.6186186075210571,65.96166229248047,-0.0003970651305280626,0.008214255794882774,-25.241239547729492
619,0.619619607925415,66.01763153076172,-0.0003949763486161828,0.0076347533613443375,-23.80586051940918
620,0.620620608329773,66.07364654541016,-0.00039742045919410884,0.007995828986167908,-24.75525665283203
621,0.6216216087341309,66.12971496582031,-0.00039882241981104016,0.007975263521075249,-24.755615234375
622,0.6226226091384888,66.18582916259766,-0.00039928575279191136,0.007570767309516668,-23.75078773498535
623,0.6236236095428467,66.24198150634766,-0.0004023789952043444,0.008121063932776451,-25.10418701171875
624,0.6246246099472046,66.29818725585938,-0.0004001443739980459,0.0075917416252195835,-23.752893447875977
625,0.6256256103515625,66.35443878173828,-0.00039590673986822367,0.006847043056041002,-21.85344886779785
626,0.6266266107559204,66.4107437133789,-0.00039460658445023,0.006566223688423634,-21.12265396118164
627,0.6276276111602783,66.46709442138672,-0.00039479765109717846,0.006773882079869509,-21.64925765991211
628,0.6286286115646362,66.52349090576172,-0.0003941196482628584,0.006276376079767942,-20.386566162109375
629,0.6296296119689941,66.57994079589844,-0.0003925315395463258,0.005842211190611124,-19.26216697692871
630,0.630630612373352,66.63642883300781,-0.00039053423097357154,0.006264572497457266,-20.330455780029297
631,0.63163161277771,66.6929702758789,-0.00038719072472304106,0.0051580467261374,-17.497404098510742
632,0.6326326131820679,66.74955749511719,-0.00038350617978721857,0.004217604640871286,-15.079471588134766
633,0.6336336135864258,66.80619812011719,-0.0003810544149018824,0.003911339677870274,-14.276603698730469
634,0.6346346139907837,66.86288452148438,-0.00038173553184606135,0.004209435079246759,-15.070331573486328
635,0.6356356143951416,66.91961669921875,-0.0003768407623283565,0.002708174753934145,-11.156854629516602
636,0.6366366147994995,66.97640228271484,-0.0003767786838579923,0.0026120967231690884,-10.97135066986084
637,0.6376376152038574,67.0332260131836,-0.0003805232117883861,0.003015947761014104,-12.14171028137207
638,0.6386386156082153,67.0901107788086,-0.0003675944171845913,0.0015533146215602756,-8.401443481445312
639,0.6396396160125732,67.14703369140625,-0.0003808620385825634,0.002772711683064699,-11.810493469238281
640,0.6406406164169312,67.20401000976562,-0.00038397120079025626,0.0030193545389920473,-12.551185607910156
641,0.6416416764259338,67.26103210449219,-0.00038314415724016726,0.0028380148578435183,-12.127017974853516
642,0.6426426768302917,67.31810760498047,-0.0003835824900306761,0.0029525626450777054,-12.393235206604004
643,0.6436436772346497,67.37522888183594,-0.00038508023135364056,0.0038692138623446226,-14.698299407958984
644,0.6446446776390076,67.4323959350586,-0.00038147816667333245,0.004553149454295635,-16.4074649810791
645,0.6456456780433655,67.48960876464844,-0.00037788267945870757,0.0059713805094361305,-20.121944427490234
646,0.6466466784477234,67.546875,-0.0003724191337823868,0.005574850365519524,-19.076156616210938
647,0.6476476788520813,67.60418701171875,-0.0003708343720063567,0.0057393335737288,-19.538965225219727
648,0.6486486792564392,67.66155242919922,-0.0003703552356455475,0.00590335950255394,-20.02783203125
649,0.6496496796607971,67.71896362304688,-0.00036985089536756277,0.005501477513462305,-18.99408531188965
650,0.650650680065155,67.77642822265625,-0.00037159869680181146,0.0058458116836845875,-19.98023796081543
651,0.6516516804695129,67.83393859863281,-0.00037886016070842743,0.007227220572531223,-23.744535446166992
652,0.6526526808738708,67.89148712158203,-0.00037928580422885716,0.006364291068166494,-21.564533233642578
653,0.6536536812782288,67.9490966796875,-0.0003806196618825197,0.00595589866861701,-20.59946632385254
654,0.6546546816825867,68.00675201416016,-0.00037956496817059815,0.005206911358982325,-18.68791389465332
655,0.6556556820869446,68.064453125,-0.0003761535044759512,0.005128577351570129,-18.463481903076172
656,0.6566566824913025,68.1222152709961,-0.00037064909702166915,0.004016957711428404,-15.421300888061523
657,0.6576576828956604,68.18000793457031,-0.0003710176679305732,0.004999219905585051,-17.96636390686035
658,0.6586586833000183,68.23786163330078,-0.0003730541793629527,0.006458865478634834,-21.782470703125
659,0.6596596837043762,68.29576110839844,-0.00037208927096799016,0.006774204783141613,-22.541622161865234
660,0.6606606841087341,68.35371398925781,-0.00036583736073225737,0.005826334003359079,-19.925491333007812
661,0.661661684513092,68.41171264648438,-0.0003579945187084377,0.004283021669834852,-15.58094596862793
662,0.66266268491745,68.46975708007812,-0.0003550827968865633,0.004117961972951889,-15.033283233642578
663,0.6636636853218079,68.5278549194336,-0.0003538030432537198,0.004197940696030855,-15.18471908569336
664,0.6646646857261658,68.58599853515625,-0.0003535998403094709,0.00393182598054409,-14.354033470153809
665,0.6656656861305237,68.64419555664062,-0.0003524270432535559,0.0027553050313144922,-10.976644515991211
666,0.6666666865348816,68.70243835449219,-0.00035188376205042005,0.0019925131928175688,-8.824772834777832
667,0.6676676869392395,68.76073455810547,-0.0003586793318390846,0.002731085754930973,-10.957674980163574
668,0.6686686873435974,68.81907653808594,-0.00036123342579230666,0.0030136676505208015,-11.81101131439209
669,0.6696696877479553,68.87747192382812,-0.00036177365109324455,0.002998022362589836,-11.857026100158691
670,0.6706706881523132,68.9359130859375,-0.0003633015730883926,0.004192924126982689,-15.258444786071777
671,0.6716716885566711,68.9944076538086,-0.0003637662448454648,0.005523838568478823,-19.04477310180664
672,0.672672688961029,69.05294799804688,-0.0003610910498537123,0.0038053211756050587,-14.489652633666992
673,0.673673689365387,69.11154174804688,-0.0003606354002840817,0.004035122226923704,-15.341363906860352
674,0.6746746897697449,69.17018127441406,-0.0003599913325160742,0.004286834970116615,-16.252948760986328
675,0.6756756901741028,69.22887420654297,-0.00036222199560143054,0.005777019541710615,-20.569137573242188
676,0.6766766905784607,69.2876205444336,-0.0003663052339106798,0.007314751390367746,-24.875988006591797
677,0.6776776909828186,69.34640502929688,-0.00036818237276747823,0.008082295767962933,-26.98440933227539
678,0.6786786913871765,69.4052505493164,-0.0003604503581300378,0.006361132953315973,-22.215566635131836
679,0.6796796917915344,69.4641342163086,-0.00035969985765405,0.006387603003531694,-22.21455955505371
680,0.6806806921958923,69.52307891845703,-0.00035731124808080494,0.006103907246142626,-21.359760284423828
681,0.6816816926002502,69.58206939697266,-0.00035281438613310456,0.00540863536298275,-19.404335021972656
682,0.6826826930046082,69.64111328125,-0.00034932082053273916,0.005260370206087828,-18.985170364379883
683,0.6836836934089661,69.7001953125,-0.00034758972469717264,0.005456238519400358,-19.517963409423828
684,0.684684693813324,69.75934600830078,-0.00034912428236566484,0.0064123207703232765,-22.19526481628418
685,0.6856856942176819,69.81852722167969,-0.00035022315569221973,0.006733871530741453,-22.956937789916992
686,0.6866866946220398,69.87776947021484,-0.00035154350916855037,0.006821467075496912,-23.00278663635254
687,0.6876876950263977,69.93706512451172,-0.00035405936068855226,0.008679918944835663,-28.09716796875
688,0.6886886954307556,69.99640655517578,-0.00035436838516034186,0.007350435946136713,-24.242319107055664
689,0.6896896958351135,70.05580139160156,-0.00035420386120676994,0.006446836981922388,-21.66444206237793
690,0.6906906962394714,70.11524200439453,-0.0003529313253238797,0.005924619268625975,-20.221094131469727
691,0.6916916966438293,70.17473602294922,-0.00035399687476456165,0.004351145587861538,-15.803306579589844
692,0.6926926970481873,70.23428344726562,-0.00035277256392873824,0.003517549019306898,-13.458913803100586
693,0.6936936974525452,70.29387664794922,-0.00035083916736766696,0.0033557661809027195,-13.011232376098633
694,0.6946946978569031,70.353515625,-0.0003482807951513678,0.0030359451193362474,-12.143298149108887
695,0.695695698261261,70.41321563720703,-0.0003408683405723423,0.002242709742859006,-9.874319076538086
696,0.6966966986656189,70.47296142578125,-0.00033726810943335295,0.002379336394369602,-10.266005516052246
697,0.6976976990699768,70.53276062011719,-0.0003340439288876951,0.002299478044733405,-10.050686836242676
698,0.6986986994743347,70.59259796142578,-0.0003299051895737648,0.0016198221128433943,-8.058988571166992
699,0.6996996998786926,70.65249633789062,-0.0003287240397185087,0.0012550133978947997,-7.031591892242432
700,0.7007007002830505,70.71244812011719,-0.00033083019661717117,0.001195567543618381,-6.9354071617126465
701,0.7017017006874084,70.77244567871094,-0.00032854225719347596,0.0006917497958056629,-5.478105068206787
702,0.7027027010917664,70.83250427246094,-0.0003263740218244493,0.0003630647552199662,-4.553289413452148
703,0.7037037014961243,70.8926010131836,-0.0003371436905581504,0.0013731408398598433,-7.6505842208862305
704,0.7047047019004822,70.95275115966797,-0.0003412541700527072,0.002287698909640312,-10.320355415344238
705,0.7057057023048401,71.0129623413086,-0.00033895939122885466,0.002624187618494034,-11.265711784362793
706,0.706706702709198,71.07321166992188,-0.0003359929542057216,0.0035198270343244076,-13.903521537780762
707,0.7077077031135559,71.1335220336914,-0.00033268152037635446,0.00434251269325614,-16.40688705444336
708,0.7087087035179138,71.19387817382812,-0.00033024456934072077,0.004552499856799841,-17.110464096069336
709,0.7097097039222717,71.25428771972656,-0.00033015210647135973,0.00489453412592411,-18.229372024536133
710,0.7107107043266296,71.31475067138672,-0.00033264554804190993,0.005383518058806658,-19.777313232421875
711,0.7117117047309875,71.37525939941406,-0.00033408397575840354,0.005316752474755049,-19.610912322998047
712,0.7127127051353455,71.4358139038086,-0.00033627101220190525,0.0061612920835614204,-22.14139747619629
713,0.7137137055397034,71.4964370727539,-0.0003377929679118097,0.007574786432087421,-26.313825607299805
714,0.7147147059440613,71.55709838867188,-0.0003337743692100048,0.006991538684815168,-24.52438735961914
715,0.7157157063484192,71.61781311035156,-0.00033423909917473793,0.008005117997527122,-27.453006744384766
716,0.7167167067527771,71.67858123779297,-0.0003326621081214398,0.008681723847985268,-29.47584342956543
717,0.717717707157135,71.7394027709961,-0.00033077725674957037,0.008587895892560482,-29.22742462158203
718,0.7187187075614929,71.8002700805664,-0.0003297414805274457,0.007797592785209417,-26.8309383392334
719,0.7197197079658508,71.86119842529297,-0.00033332419116050005,0.008895816281437874,-30.110721588134766
720,0.7207207083702087,71.92217254638672,-0.00033508025808259845,0.009622079320251942,-32.26385498046875
721,0.7217217087745667,71.98320007324219,-0.0003337592352181673,0.009091118350625038,-30.74041748046875
722,0.7227227091789246,72.04427337646484,-0.0003316386719234288,0.0076743680983781815,-26.53042221069336
723,0.7237237095832825,72.10540771484375,-0.0003309302846901119,0.006490074563771486,-22.982358932495117
724,0.7247247099876404,72.16658782958984,-0.0003328434540890157,0.005116858519613743,-18.894763946533203
725,0.7257257103919983,72.22782135009766,-0.00033044451265595853,0.005122133996337652,-18.9663028717041
726,0.7267267107963562,72.28910827636719,-0.00032629980705678463,0.005241109989583492,-19.386791229248047
727,0.7277277112007141,72.3504409790039,-0.00032205830211751163,0.005162237212061882,-19.183349609375
728,0.728728711605072,72.41183471679688,-0.0003211208095308393,0.004045375157147646,-15.722016334533691
729,0.7297297120094299,72.47327423095703,-0.0003189033013768494,0.0033917282707989216,-13.654623031616211
730,0.7307307124137878,72.53477478027344,-0.0003098849847447127,0.0048106699250638485,-18.15713119506836
731,0.7317317128181458,72.59632110595703,-0.0003088205703534186,0.004733468871563673,-17.911466598510742
732,0.7327327132225037,72.65791320800781,-0.000309920113068074,0.0043229456059634686,-16.583454132080078
733,0.7337337136268616,72.71956634521484,-0.0003160269698128104,0.002372048096731305,-10.301675796508789
734,0.7347347140312195,72.78126525878906,-0.00031535280868411064,0.0014456961071118712,-7.318359375
735,0.7357357144355774,72.84302520751953,-0.00031753804069012403,0.0017230970552191138,-8.158149719238281
736,0.7367367148399353,72.90483093261719,-0.00032149688922800124,0.0024868552573025227,-10.529865264892578
737,0.7377377152442932,72.96669006347656,-0.0003174588200636208,0.0012509874068200588,-6.709331512451172
738,0.7387387156486511,73.02860260009766,-0.0003118680033367127,0.0006720938836224377,-4.969563007354736
739,0.739739716053009,73.09056854248047,-0.0003041673917323351,0.000127870895084925,-3.3094778060913086
740,0.7407407164573669,73.152587890625,-0.0003148226242046803,0.0011015182826668024,-6.488365650177002
741,0.7417417168617249,73.21465301513672,-0.00031400794978253543,0.0012381029082462192,-6.928354263305664
742,0.7427427172660828,73.27677917480469,-0.000314445816911757,0.001571803935803473,-7.994272708892822
743,0.7437437772750854,73.33895874023438,-0.00031626439886167645,0.002251316560432315,-10.173431396484375
744,0.7447447776794434,73.40119171142578,-0.0003161547356285155,0.0035266641061753035,-14.226509094238281
745,0.7457457780838013,73.46347045898438,-0.0003132122801616788,0.002857527229934931,-12.097996711730957
746,0.7467467784881592,73.52580261230469,-0.0003124858485534787,0.0032190298661589622,-13.215751647949219
747,0.7477477788925171,73.58819580078125,-0.000310942210489884,0.0028140079230070114,-11.865522384643555
748,0.748748779296875,73.65062713623047,-0.0003095653955824673,0.0025381536688655615,-10.973224639892578
749,0.7497497797012329,73.71311950683594,-0.0003078026929870248,0.0020887795835733414,-9.548043251037598
750,0.7507507801055908,73.77567291259766,-0.0003095665597356856,0.0023323316127061844,-10.398614883422852
751,0.7517517805099487,73.83826446533203,-0.0003093481354881078,0.0018038067501038313,-8.7947359085083
752,0.7527527809143066,73.90092468261719,-0.0003137985768262297,0.0024580617900937796,-11.055221557617188
753,0.7537537813186646,73.963623046875,-0.00031511217821389437,0.0022245068103075027,-10.4747314453125
754,0.7547547817230225,74.02638244628906,-0.00031284865690395236,0.001482216059230268,-8.232665061950684
755,0.7557557821273804,74.08919525146484,-0.00031302517163567245,0.00193589401897043,-9.735943794250488
756,0.7567567825317383,74.15206146240234,-0.0003077106666751206,0.001185478875413537,-7.34026575088501
757,0.7577577829360962,74.21498107910156,-0.0003039096773136407,0.0009180022170767188,-6.421509742736816
758,0.7587587833404541,74.2779541015625,-0.0003039976581931114,0.0012549415696412325,-7.44377326965332
759,0.759759783744812,74.34097290039062,-0.00030135503038764,0.0010363248875364661,-6.611074924468994
760,0.7607607841491699,74.404052734375,-0.0003001634613610804,0.0009238117490895092,-6.106451988220215
761,0.7617617845535278,74.4671859741211,-0.000299908104352653,0.0011190541554242373,-6.58448600769043
762,0.7627627849578857,74.53038024902344,-0.0002945796586573124,0.00010836688306881115,-2.951165199279785
763,0.7637637853622437,74.59361267089844,-0.00029467971762642264,0.00040549799450673163,-3.7555489540100098
764,0.7647647857666016,74.65690612792969,-0.000294303463306278,0.0005624406621791422,-4.168282508850098
765,0.7657657861709595,74.72025299072266,-0.00029441609513014555,0.0010004944633692503,-5.605897903442383
766,0.7667667865753174,74.78365325927734,-0.0002935433585662395,-0.0003171592252328992,-1.11391019821167
767,0.7677677869796753,74.84710693359375,-0.00029302126495167613,-0.001419865875504911,2.6064834594726562
768,0.7687687873840332,74.91061401367188,-0.0002937512472271919,-0.0013830941170454025,2.434519052505493
769,0.7697697877883911,74.97418212890625,-0.000295005738735199,-0.00029323206399567425,-1.3120052814483643
770,0.770770788192749,75.03779602050781,-0.0002946052991319448,-0.0004037006292492151,-0.9914441108703613
771,0.7717717885971069,75.1014633178711,-0.0002939141122624278,-0.0002875113277696073,-1.4033564329147339
772,0.7727727890014648,75.1651840209961,-0.0002919966937042773,2.066915840259753e-05,-2.4184582233428955
773,0.7737737894058228,75.22896575927734,-0.00029165565501898527,-0.0007515914621762931,0.28057241439819336
774,0.7747747898101807,75.29280090332031,-0.00028804957401007414,0.0003091629478149116,-3.2652783393859863
775,0.7757757902145386,75.35668182373047,-0.00028644895064644516,0.0003656756889540702,-3.3381423950195312
776,0.7767767906188965,75.42062377929688,-0.00028494582511484623,0.002069049049168825,-9.1838960647583
777,0.7777777910232544,75.484619140625,-0.0002844093833118677,0.001644887262955308,-7.539206027984619
778,0.7787787914276123,75.54866790771484,-0.00028485164511948824,0.0017049969173967838,-7.625454425811768
779,0.7797797918319702,75.6127700805664,-0.0002860496169887483,0.0011587967164814472,-5.644670486450195
780,0.7807807922363281,75.67693328857422,-0.00028821767773479223,0.001268747728317976,-6.011319160461426
781,0.781781792640686,75.74114227294922,-0.00029036414343863726,0.0014662095345556736,-6.741489887237549
782,0.782782793045044,75.80540466308594,-0.00028466590447351336,-8.461580000584945e-05,-1.479784369468689
783,0.7837837934494019,75.8697280883789,-0.0002858537482097745,0.0002562749432399869,-2.857252359390259
784,0.7847847938537598,75.9341049194336,-0.0002830118755809963,5.8133224229095504e-05,-2.3524370193481445
785,0.7857857942581177,75.99853515625,-0.00028707715682685375,0.000624198408331722,-4.48980712890625
786,0.7867867946624756,76.06301879882812,-0.00028329447377473116,0.0002817969652824104,-3.4136362075805664
787,0.7877877950668335,76.1275634765625,-0.000284535635728389,0.00041149777825921774,-3.9770641326904297
788,0.7887887954711914,76.19215393066406,-0.00029414123855531216,0.0014520365511998534,-7.63974142074585
789,0.7897897958755493,76.25680541992188,-0.0002917273377534002,0.0012153727002441883,-6.8677191734313965
790,0.7907907962799072,76.3215103149414,-0.00028995965840294957,0.0011705467477440834,-6.72667121887207
791,0.7917917966842651,76.38626861572266,-0.0002797244815155864,-2.9092448130541015e-06,-2.558887243270874
792,0.792792797088623,76.45108032226562,-0.0002791806764435023,8.733878530620132e-06,-2.5539793968200684
793,0.793793797492981,76.51595306396484,-0.00028203707188367844,0.00045646337093785405,-4.144202709197998
794,0.7947947978973389,76.58087921142578,-0.00028373661916702986,0.0007058505434542894,-5.070781707763672
795,0.7957957983016968,76.64585876464844,-0.00028525476227514446,0.0009084853809326887,-5.843658924102783
796,0.7967967987060547,76.71089172363281,-0.0002857473446056247,0.0009514351258985698,-6.0632734298706055
797,0.7977977991104126,76.7759780883789,-0.00028675521025434136,0.0011094160145148635,-6.671751976013184
798,0.7987987995147705,76.84112548828125,-0.0002928054891526699,0.0026471682358533144,-11.987985610961914
799,0.7997997999191284,76.90632629394531,-0.0002914189244620502,0.0031612904276698828,-13.777345657348633
800,0.8008008003234863,76.97157287597656,-0.0002896378864534199,0.004150849767029285,-17.253204345703125
801,0.8018018007278442,77.03689575195312,-0.00028696173103526235,0.003932207822799683,-16.62021255493164
802,0.8028028011322021,77.10225677490234,-0.00028270657639950514,0.0030837447848170996,-13.793136596679688
803,0.8038038015365601,77.16767883300781,-0.0002786997938528657,0.0027253921143710613,-12.68423080444336
804,0.804804801940918,77.233154296875,-0.000281547341728583,0.003890129504725337,-16.994579315185547
805,0.8058058023452759,77.29869079589844,-0.00027411768678575754,0.002694211434572935,-12.801912307739258
806,0.8068068027496338,77.36427307128906,-0.00027268880512565374,0.0026641746517270803,-12.72601318359375
807,0.8078078031539917,77.42991638183594,-0.0002761818468570709,0.0035095305647701025,-15.760150909423828
808,0.8088088035583496,77.49562072753906,-0.0002754834422376007,0.0036019778344780207,-15.980389595031738
809,0.8098098039627075,77.56137084960938,-0.00027237640460953116,0.003257092321291566,-14.571333885192871
810,0.8108108043670654,77.62718963623047,-0.00027251109713688493,0.0036983501631766558,-16.029794692993164
811,0.8118118047714233,77.69306182861328,-0.0002703134377952665,0.0031233448535203934,-13.775988578796387
812,0.8128128051757812,77.75897979736328,-0.00026969125610776246,0.0026642135344445705,-11.993314743041992
813,0.8138138055801392,77.82495880126953,-0.00027131204842589796,0.002768101869150996,-12.316947937011719
814,0.8148148059844971,77.8909912109375,-0.00027220125775784254,0.0023860670626163483,-10.881227493286133
815,0.815815806388855,77.95708465576172,-0.00027503713499754667,0.0024904590100049973,-11.25595474243164
816,0.8168168067932129,78.02323150634766,-0.00027812228654511273,0.0026222020387649536,-11.733768463134766
817,0.8178178071975708,78.08943176269531,-0.0002796838525682688,0.0023649130016565323,-10.784208297729492
818,0.8188188076019287,78.15569305419922,-0.00028039247263222933,0.002224284689873457,-10.215888977050781
819,0.8198198080062866,78.22200775146484,-0.00027983251493424177,0.0020966040901839733,-9.686077117919922
820,0.8208208084106445,78.28837585449219,-0.0002816090127453208,0.0025531896390020847,-11.245260238647461
821,0.8218218088150024,78.35481262207031,-0.0002794873435050249,0.0016796141862869263,-8.082747459411621
822,0.8228228092193604,78.4212875366211,-0.0002765072276815772,0.0010158325312659144,-5.680294036865234
823,0.8238238096237183,78.48783874511719,-0.0002806919510476291,0.001564500737003982,-7.6696906089782715
824,0.8248248100280762,78.55442810058594,-0.0002754337328951806,0.0006994114955887198,-4.606973648071289
825,0.8258258104324341,78.62108612060547,-0.0002666291256900877,-0.00017156032845377922,-1.426142692565918
826,0.826826810836792,78.68779754638672,-0.0002563397283665836,-0.0011732764542102814,2.4019381999969482
827,0.8278278112411499,78.75455474853516,-0.0002521849819459021,-0.0016406651120632887,4.23931884765625
828,0.8288288116455078,78.82138061523438,-0.00025041302433237433,-0.0018440919229760766,5.08269739151001
829,0.8298298120498657,78.88825988769531,-0.00024919857969507575,-0.0018648700788617134,5.1853861808776855
830,0.8308308124542236,78.9552001953125,-0.000249784643528983,-0.001635694527067244,4.314266204833984
831,0.8318318128585815,79.02220153808594,-0.00025576422922313213,-0.0003488322254270315,-0.7008069157600403
832,0.8328328132629395,79.08924865722656,-0.0002541838330216706,-0.00037999224150553346,-0.49896106123924255
833,0.8338338136672974,79.15635681152344,-0.0002538689586799592,-0.00023870776931289583,-0.9752968549728394
834,0.8348348140716553,79.22352600097656,-0.0002542812726460397,9.474591934122145e-05,-2.2088513374328613
835,0.8358358144760132,79.29074096679688,-0.00025347425253130496,0.0003922802279703319,-3.284235954284668
836,0.8368368148803711,79.35801696777344,-0.0002526646130718291,0.000689669803250581,-4.3984785079956055
837,0.837837815284729,79.42535400390625,-0.00025191338500007987,0.000723197590559721,-4.537171363830566
838,0.8388388156890869,79.49275207519531,-0.00026037596398964524,0.002448730170726776,-11.333816528320312
839,0.8398398160934448,79.56019592285156,-0.00025983224622905254,0.0022577892523258924,-10.631945610046387
840,0.8408408164978027,79.62770080566406,-0.00025823956821113825,0.0019796958658844233,-9.572832107543945
841,0.8418418169021606,79.69527435302734,-0.00025813275715336204,0.002313134027644992,-10.846837997436523
842,0.8428428173065186,79.76288604736328,-0.0002566582406871021,0.002343324711546302,-10.922479629516602
843,0.8438438177108765,79.83056640625,-0.0002520560228731483,0.0014036484062671661,-7.187136173248291
844,0.8448448181152344,79.89830780029297,-0.0002469557512085885,-0.0004716637486126274,0.41484594345092773
845,0.8458458185195923,79.96610260009766,-0.00024845474399626255,-0.0017361919162794948,5.5852370262146
846,0.846846878528595,80.0339584350586,-0.00024911027867347,-0.002076584380120039,6.997802734375
847,0.8478478789329529,80.10186004638672,-0.0002448850718792528,-0.0007539882208220661,1.636404275894165
848,0.8488488793373108,80.16983032226562,-0.0002453135675750673,-0.0009416932007297873,2.3518173694610596
849,0.8498498797416687,80.23786163330078,-0.00024593507987447083,-0.0011258311569690704,3.022879123687744
850,0.8508508801460266,80.30593872070312,-0.0002468552556820214,-0.0006638717604801059,1.0543475151062012
851,0.8518518805503845,80.37407684326172,-0.00024716416373848915,-0.0009871643269434571,2.251387119293213
852,0.8528528809547424,80.44227600097656,-0.0002500238479115069,0.0002100564888678491,-2.6889548301696777
853,0.8538538813591003,80.51052856445312,-0.00025040266336873174,-6.326330912997946e-05,-1.7040574550628662
854,0.8548548817634583,80.57884216308594,-0.00025035726139321923,-0.0003527653752826154,-0.62345290184021
855,0.8558558821678162,80.647216796875,-0.0002541345893405378,0.00030923914164304733,-3.265916347503662
856,0.8568568825721741,80.71565246582031,-0.0002531803329475224,-7.532555173384026e-05,-1.730729103088379
857,0.857857882976532,80.78413391113281,-0.00025663376436568797,0.0007002548081800342,-4.744236946105957
858,0.8588588833808899,80.8526840209961,-0.000257059873547405,0.0008151078363880515,-5.130573272705078
859,0.8598598837852478,80.92127990722656,-0.00025873424601741135,0.0015066650230437517,-7.772431373596191
860,0.8608608841896057,80.98995208740234,-0.00025897359591908753,0.001365536474622786,-7.21574068069458
861,0.8618618845939636,81.05866241455078,-0.0002624409389682114,0.002479871269315481,-11.460307121276855
862,0.8628628849983215,81.12744903564453,-0.0002621297026053071,0.0022013718262314796,-10.407573699951172
863,0.8638638854026794,81.19628143310547,-0.0002635534037835896,0.00261207134462893,-12.065010070800781
864,0.8648648858070374,81.26518249511719,-0.0002612302196212113,0.0021085336338728666,-10.267690658569336
865,0.8658658862113953,81.3341293334961,-0.000259741471381858,0.0020267313811928034,-10.062483787536621
866,0.8668668866157532,81.40314483642578,-0.0002587885828688741,0.002046599518507719,-10.248897552490234
867,0.8678678870201111,81.47222137451172,-0.0002500248665455729,0.0009156318265013397,-5.8862690925598145
868,0.868868887424469,81.54134368896484,-0.00025255989748984575,0.0015725580742582679,-8.538768768310547
869,0.8698698878288269,81.61053466796875,-0.00025199889205396175,0.0017270211828872561,-9.17694091796875
870,0.8708708882331848,81.6797866821289,-0.0002505277516320348,0.001827001804485917,-9.606822967529297
871,0.8718718886375427,81.74909210205078,-0.0002516662934795022,0.002278092550113797,-11.477350234985352
872,0.8728728890419006,81.81845092773438,-0.0002451468608342111,0.00168280815705657,-9.143324851989746
873,0.8738738894462585,81.88787078857422,-0.00024800613755360246,0.0020507790613919497,-10.63238525390625
874,0.8748748898506165,81.95735931396484,-0.0002538821427151561,0.002895181067287922,-13.929169654846191
875,0.8758758902549744,82.02690887451172,-0.0002557605621404946,0.0033353492617607117,-15.547933578491211
876,0.8768768906593323,82.09650421142578,-0.0002559642307460308,0.0035586808808147907,-16.338699340820312
877,0.8778778910636902,82.1661605834961,-0.0002546748146414757,0.0033792986068874598,-15.560507774353027
878,0.8788788914680481,82.23587799072266,-0.000252523081144318,0.0033767467830330133,-15.492756843566895
879,0.879879891872406,82.30565643310547,-0.0002501089184079319,0.003980500157922506,-17.877336502075195
880,0.8808808922767639,82.37548828125,-0.0002474741486366838,0.003714147722348571,-16.87480926513672
881,0.8818818926811218,82.44538116455078,-0.00024505273904651403,0.0035657130647450686,-16.346721649169922
882,0.8828828930854797,82.51534271240234,-0.00024375703651458025,0.002986792242154479,-13.979841232299805
883,0.8838838934898376,82.58535766601562,-0.00024396275694016367,0.002981206402182579,-13.944040298461914
884,0.8848848938941956,82.65543365478516,-0.00024626770755276084,0.004572764039039612,-20.404359817504883
885,0.8858858942985535,82.72557067871094,-0.0002465005964040756,0.004514303989708424,-20.150562286376953
886,0.8868868947029114,82.7957534790039,-0.0002467778685968369,0.004528953693807125,-20.206195831298828
887,0.8878878951072693,82.86600494384766,-0.0002455181092955172,0.0035950036253780127,-16.459259033203125
888,0.8888888955116272,82.93631744384766,-0.00024491880321875215,0.004154174588620663,-18.845611572265625
889,0.8898898959159851,83.00669860839844,-0.00024278860655613244,0.003747249487787485,-17.303504943847656
890,0.890890896320343,83.0771255493164,-0.0002423875848762691,0.004478749353438616,-20.44260597229004
891,0.8918918967247009,83.14761352539062,-0.00023932711337693036,0.003290562890470028,-15.641873359680176
892,0.8928928971290588,83.21817016601562,-0.00023791592684574425,0.0028097080066800117,-13.796842575073242
893,0.8938938975334167,83.28878021240234,-0.0002346077235415578,0.0016010904219001532,-8.824812889099121
894,0.8948948979377747,83.35945129394531,-0.00024038505216594785,0.003080835100263357,-15.236570358276367
895,0.8958958983421326,83.43018341064453,-0.0002443874254822731,0.0034920331090688705,-17.057737350463867
896,0.8968968987464905,83.5009765625,-0.0002486316952854395,0.004079644568264484,-19.499046325683594
897,0.8978978991508484,83.57182312011719,-0.00025031022960320115,0.004450397565960884,-21.008472442626953
898,0.8988988995552063,83.64273071289062,-0.0002471348561812192,0.003846111474558711,-18.63087272644043
899,0.8998998999595642,83.71370697021484,-0.0002445183345116675,0.003612681059166789,-17.705543518066406
900,0.9009009003639221,83.78473663330078,-0.0002482768031768501,0.004673910327255726,-22.02629280090332
901,0.90190190076828,83.85582733154297,-0.0002480009279679507,0.005199213046580553,-24.173635482788086
902,0.9029029011726379,83.9269790649414,-0.0002451680484227836,0.004780135117471218,-22.51236343383789
903,0.9039039015769958,83.99818420410156,-0.0002440383832436055,0.0054433392360806465,-25.210338592529297
904,0.9049049019813538,84.06946563720703,-0.00024238714831881225,0.0065622478723526,-29.745912551879883
905,0.9059059023857117,84.14079284667969,-0.0002429002634016797,0.006458878051489592,-29.22627830505371
906,0.9069069027900696,84.21219635009766,-0.00024395357468165457,0.006047672126442194,-27.41411781311035
907,0.9079079031944275,84.28364562988281,-0.00024403193674515933,0.005539389327168465,-25.2657527923584
908,0.9089089035987854,84.35516357421875,-0.00024605673388578,0.006221933290362358,-28.0731258392334
909,0.9099099040031433,84.42674255371094,-0.0002476847148500383,0.006769333966076374,-30.374488830566406
910,0.9109109044075012,84.49837493896484,-0.00024211476556956768,0.005189067218452692,-24.06900405883789
911,0.9119119048118591,84.57007598876953,-0.00023498176597058773,0.004027350805699825,-19.33270835876465
912,0.912912905216217,84.64183044433594,-0.0002354560128878802,0.004326056223362684,-20.696413040161133
913,0.913913905620575,84.71365356445312,-0.00023418565979227424,0.004271421115845442,-20.497596740722656
914,0.9149149060249329,84.78553009033203,-0.0002336139586986974,0.004291481804102659,-20.545387268066406
915,0.9159159064292908,84.85746765136719,-0.00023438315838575363,0.004439475946128368,-21.133026123046875
916,0.9169169068336487,84.92947387695312,-0.00023256313579622656,0.003757374593988061,-18.157184600830078
917,0.9179179072380066,85.00153350830078,-0.0002342880325159058,0.0036850448232144117,-17.812795639038086
918,0.9189189076423645,85.07366180419922,-0.00023304605565499514,0.0029605862218886614,-14.788650512695312
919,0.9199199080467224,85.1458511352539,-0.00023845121904741973,0.0038801187183707952,-18.808259963989258
920,0.9209209084510803,85.21809387207031,-0.0002349567657802254,0.0029757129959762096,-15.142601013183594
921,0.9219219088554382,85.29039764404297,-0.00023498186783399433,0.0030129081569612026,-15.455196380615234
922,0.9229229092597961,85.3627700805664,-0.00023699940356891602,0.003572573186829686,-17.92756462097168
923,0.923923909664154,85.43519592285156,-0.00023798870097380131,0.004059485159814358,-20.050899505615234
924,0.924924910068512,85.50769805908203,-0.00023490181774832308,0.0038391314446926117,-19.1560001373291
925,0.9259259104728699,85.58024597167969,-0.00023090379545465112,0.0034536647144705057,-17.481475830078125
926,0.9269269108772278,85.6528549194336,-0.0002302999491803348,0.003610975807532668,-18.111618041992188
927,0.9279279112815857,85.72554779052734,-0.00023243446776177734,0.004236503504216671,-20.752685546875
928,0.9289289116859436,85.79827880859375,-0.00023264705669134855,0.004399782046675682,-21.38893699645996
929,0.9299299120903015,85.87108612060547,-0.00023392829461954534,0.005028154700994492,-23.9907283782959
930,0.9309309124946594,85.9439468383789,-0.00023350481933448464,0.005527065601199865,-26.080408096313477
931,0.9319319128990173,86.01686096191406,-0.000231592683121562,0.005010453052818775,-23.860998153686523
932,0.9329329133033752,86.08985137939453,-0.0002303946967003867,0.005210967734456062,-24.758874893188477
933,0.9339339137077332,86.16289520263672,-0.000229600744205527,0.005128072574734688,-24.40167236328125
934,0.9349349141120911,86.23600769042969,-0.00022901354532223195,0.004994364455342293,-23.841230392456055
935,0.935935914516449,86.3091812133789,-0.00022943175281397998,0.005408534314483404,-25.75088119506836
936,0.9369369149208069,86.38240814208984,-0.00023043097462505102,0.005859648808836937,-27.80828285217285
937,0.9379379153251648,86.45570373535156,-0.0002307400427525863,0.006026723422110081,-28.622037887573242
938,0.9389389157295227,86.52906799316406,-0.0002271820994792506,0.0051645152270793915,-24.975521087646484
939,0.9399399161338806,86.60248565673828,-0.0002265872317366302,0.005251256283372641,-25.475534439086914
940,0.9409409165382385,86.67597198486328,-0.00022939860355108976,0.006113786716014147,-29.359996795654297
941,0.9419419169425964,86.74951171875,-0.00023158153635449708,0.007016019430011511,-33.36036682128906
942,0.9429429173469543,86.82312774658203,-0.0002304603112861514,0.006837502121925354,-32.56990051269531
943,0.9439439177513123,86.89679718017578,-0.00023148056061472744,0.007571806199848652,-35.65217590332031
944,0.9449449181556702,86.97053527832031,-0.00023186493490356952,0.0076706428080797195,-35.98773193359375
945,0.9459459185600281,87.04431915283203,-0.0002319440245628357,0.007867131382226944,-36.806495666503906
946,0.946946918964386,87.11817932128906,-0.0002325178065802902,0.007827936671674252,-36.61624526977539
947,0.9479479193687439,87.19210052490234,-0.0002342710504308343,0.007335272617638111,-34.473976135253906
948,0.9489489793777466,87.2660903930664,-0.00023568447795696557,0.006602721754461527,-31.379438400268555
949,0.9499499797821045,87.34013366699219,-0.0002358483470743522,0.006433118600398302,-30.75279426574707
950,0.9509509801864624,87.41423797607422,-0.00023578782565891743,0.006099966820329428,-29.467514038085938
951,0.9519519805908203,87.48841094970703,-0.00023439615324605256,0.005407554097473621,-26.624008178710938
952,0.9529529809951782,87.56263732910156,-0.00023319493629969656,0.005932820029556751,-28.935142517089844
953,0.9539539813995361,87.6369400024414,-0.00023106826120056212,0.0057808831334114075,-28.311737060546875
954,0.954954981803894,87.71129608154297,-0.00022858657757751644,0.00626698462292552,-30.461456298828125
955,0.955955982208252,87.78572845458984,-0.00022563764650840312,0.007133904844522476,-34.362972259521484
956,0.9569569826126099,87.86021423339844,-0.0002245125942863524,0.007379521615803242,-35.54269790649414
957,0.9579579830169678,87.93476104736328,-0.0002242844202555716,0.0076529704965651035,-36.81351852416992
958,0.9589589834213257,88.0093765258789,-0.00022315894602797925,0.008631190285086632,-41.22403335571289
959,0.9599599838256836,88.08405303955078,-0.00022542677470482886,0.00829029269516468,-39.781986236572266
960,0.9609609842300415,88.1587905883789,-0.0002272805431857705,0.007966563105583191,-38.5274658203125
961,0.9619619846343994,88.23359680175781,-0.0002281703636981547,0.008049741387367249,-39.15271759033203
962,0.9629629850387573,88.30846405029297,-0.00022613001056015491,0.009134519845247269,-44.209136962890625
963,0.9639639854431152,88.38339233398438,-0.0002276228624396026,0.008364533074200153,-41.06710433959961
964,0.9649649858474731,88.45838165283203,-0.0002267923264298588,0.0075194756500422955,-37.50277328491211
965,0.965965986251831,88.53343963623047,-0.00022531287686433643,0.007917338982224464,-39.31637191772461
966,0.966966986656189,88.60856628417969,-0.0002234012499684468,0.007284489925950766,-36.436092376708984
967,0.9679679870605469,88.68374633789062,-0.00022201666433829814,0.007298548240214586,-36.397369384765625
968,0.9689689874649048,88.75899505615234,-0.00022141262888908386,0.0077496981248259544,-38.34298324584961
969,0.9699699878692627,88.83431243896484,-0.00022178706421982497,0.008489696308970451,-41.53932571411133
970,0.9709709882736206,88.90968322753906,-0.00022186395653989166,0.009377220645546913,-45.386512756347656
971,0.9719719886779785,88.98513793945312,-0.00022144673857837915,0.00992565881460905,-47.73743438720703
972,0.9729729890823364,89.06063842773438,-0.00022031707339920104,0.010495495051145554,-50.207374572753906
973,0.9739739894866943,89.13619995117188,-0.0002181556192226708,0.01151138823479414,-54.856624603271484
974,0.9749749898910522,89.21183776855469,-0.00021673704031854868,0.01166807021945715,-55.73377990722656
975,0.9759759902954102,89.28753662109375,-0.0002155001275241375,0.011355169117450714,-54.45306396484375
976,0.9769769906997681,89.36328887939453,-0.00021437936811707914,0.011086027137935162,-53.223941802978516
977,0.977977991104126,89.43911743164062,-0.00021356430079322308,0.011035208590328693,-52.991031646728516
978,0.9789789915084839,89.5150146484375,-0.0002145006728824228,0.010083270259201527,-48.54743576049805
979,0.9799799919128418,89.59095764160156,-0.00021335299243219197,0.010532167740166187,-50.688724517822266
980,0.9809809923171997,89.66697692871094,-0.00021349221060518175,0.010087145492434502,-48.67438888549805
981,0.9819819927215576,89.7430648803711,-0.00021359228412620723,0.009600255638360977,-46.47455978393555
982,0.9829829931259155,89.81920623779297,-0.00021015619859099388,0.010472611524164677,-50.795433044433594
983,0.9839839935302734,89.89541625976562,-0.00020897170179523528,0.010356170125305653,-50.46369552612305
984,0.9849849939346313,89.97168731689453,-0.00020776907331310213,0.010806002654135227,-52.82318115234375
985,0.9859859943389893,90.04803466796875,-0.00020769730326719582,0.011244826018810272,-55.08216857910156
986,0.9869869947433472,90.12445068359375,-0.0002077189856208861,0.011102051474153996,-54.50339126586914
987,0.9879879951477051,90.20091247558594,-0.00020776997553184628,0.011076798662543297,-54.515403747558594
988,0.988988995552063,90.27745819091797,-0.00020789462723769248,0.010683958418667316,-52.78759765625
989,0.9899899959564209,90.35404968261719,-0.0002084257866954431,0.010854488238692284,-53.78293228149414
990,0.9909909963607788,90.43071746826172,-0.00020934425992891192,0.00969120766967535,-48.3759765625
991,0.9919919967651367,90.5074462890625,-0.00020938788657076657,0.009900382719933987,-49.509666442871094
992,0.9929929971694946,90.58423614501953,-0.00020878583018202335,0.01092734094709158,-54.54497146606445
993,0.9939939975738525,90.6611099243164,-0.0002087846805807203,0.010833670385181904,-54.173095703125
994,0.9949949979782104,90.73802947998047,-0.0002099094563163817,0.010003386065363884,-50.254966735839844
995,0.9959959983825684,90.81501770019531,-0.00021096410637255758,0.009486613795161247,-47.83123016357422
996,0.9969969987869263,90.89208221435547,-0.00021179579198360443,0.009193443693220615,-46.39772033691406
997,0.9979979991912842,90.96920013427734,-0.00021219100744929165,0.008976527489721775,-45.33838653564453
998,0.9989989995956421,91.04638671875,-0.0002103186270687729,0.00939622987061739,-47.349159240722656
999,1.0,91.12364959716797,-0.0002108190965373069,0.008832917548716068,-44.82065963745117
