index,timestep,Diffusion_Coeff,Divergence,score,pos
0,0.0,39.05299377441406,0.02558741718530655,0.10178873687982559,-10.360919952392578
1,0.0010010009864345193,39.08612823486328,0.02320777252316475,0.11622640490531921,-9.989672660827637
2,0.0020020019728690386,39.11929702758789,0.01481798104941845,0.13724178075790405,-9.055547714233398
3,0.0030030030757188797,39.15248489379883,0.026694729924201965,0.10590346902608871,-10.647138595581055
4,0.004004003945738077,39.185707092285156,0.024618681520223618,0.11501364409923553,-10.338150024414062
5,0.005005004815757275,39.218955993652344,0.028764933347702026,0.09634848684072495,-11.039648056030273
6,0.006006006151437759,39.25223159790039,0.033070437610149384,0.05901917815208435,-12.19316291809082
7,0.007007007021456957,39.28553771972656,0.0334659218788147,0.05344383791089058,-12.302177429199219
8,0.008008007891476154,39.31887435913086,0.024920247495174408,0.11266394704580307,-10.279653549194336
9,0.009009009227156639,39.352237701416016,0.007464331109076738,0.14383786916732788,-8.392634391784668
10,0.01001000963151455,39.38562774658203,0.014901574701070786,0.13310329616069794,-9.224532127380371
11,0.011011010967195034,39.41904830932617,-0.0003692511818371713,0.14142222702503204,-7.6336774826049805
12,0.012012012302875519,39.452491760253906,0.013767331838607788,0.1259959191083908,-9.296638488769531
13,0.013013012707233429,39.48596954345703,0.00728942034766078,0.12917932868003845,-8.628965377807617
14,0.014014014042913914,39.51947021484375,0.025034746155142784,0.08454757183790207,-11.080608367919922
15,0.015015014447271824,39.55300521850586,0.024955693632364273,0.07736440747976303,-11.222330093383789
16,0.01601601578295231,39.58656692504883,0.030918367207050323,0.004509483464062214,-13.656373977661133
17,0.01701701618731022,39.620155334472656,0.028923189267516136,-0.01850023679435253,-14.423443794250488
18,0.018018018454313278,39.653770446777344,0.022662580013275146,-0.05136837810277939,-15.725162506103516
19,0.01901901885867119,39.68742370605469,0.00979279913008213,-0.07907086610794067,-17.582839965820312
20,0.0200200192630291,39.721092224121094,0.009041165001690388,-0.07748130708932877,-17.724515914916992
21,0.021021021530032158,39.754798889160156,0.01028741616755724,-0.07315496355295181,-17.543981552124023
22,0.022022021934390068,39.78852844238281,0.003718720283359289,-0.07891968637704849,-18.742473602294922
23,0.023023022338747978,39.82229232788086,-2.8646900318562984e-07,-0.07810256630182266,-19.7010440826416
24,0.024024024605751038,39.8560791015625,0.01059427484869957,-0.06459804624319077,-17.457984924316406
25,0.025025025010108948,39.889896392822266,0.005486957263201475,-0.06874851882457733,-18.37815284729004
26,0.026026025414466858,39.92374801635742,0.005403224378824234,-0.06499109417200089,-18.316097259521484
27,0.027027025818824768,39.95762252807617,0.004570701625198126,-0.06209605559706688,-18.40751838684082
28,0.028028028085827827,39.99152755737305,0.010653543286025524,-0.0470227487385273,-16.776275634765625
29,0.029029028490185738,40.02545928955078,0.01434637326747179,-0.03049623593688011,-15.555998802185059
30,0.030030028894543648,40.05942153930664,0.017641648650169373,0.012288267724215984,-12.981254577636719
31,0.031031031161546707,40.093414306640625,0.016343843191862106,0.021180178970098495,-12.387876510620117
32,0.03203203156590462,40.1274299621582,0.016289308667182922,-0.005932638421654701,-14.012362480163574
33,0.03303303197026253,40.16147994995117,0.016504470258951187,0.006559068337082863,-13.30123519897461
34,0.03403403237462044,40.195556640625,0.014547184109687805,0.025575580075383186,-12.125916481018066
35,0.03503503277897835,40.22966384887695,0.013110141269862652,0.03069530986249447,-11.755416870117188
36,0.036036036908626556,40.263797760009766,0.004075207747519016,0.051190391182899475,-9.226248741149902
37,0.03703703731298447,40.29795837402344,0.0016546612605452538,0.051739636808633804,-8.450432777404785
38,0.03803803771734238,40.3321533203125,0.0013119557406753302,0.05023617297410965,-8.34045696258545
39,0.03903903812170029,40.36637878417969,0.0037221210077404976,0.04624665156006813,-9.224344253540039
40,0.0400400385260582,40.40062713623047,-0.005109203979372978,0.04004218056797981,-5.268990516662598
41,0.04104103893041611,40.434906005859375,-0.006614942569285631,0.03142512962222099,-4.1413750648498535
42,0.042042043060064316,40.469215393066406,-0.00736580416560173,0.023052427917718887,-3.2496795654296875
43,0.043043043464422226,40.50355529785156,-0.00616352166980505,0.02670828066766262,-4.034865379333496
44,0.044044043868780136,40.53792190551758,-0.00658364687114954,0.02229304052889347,-3.5316321849823
45,0.045045044273138046,40.572322845458984,-0.007599209435284138,0.01323066744953394,-2.3489630222320557
46,0.046046044677495956,40.606746673583984,-0.007622650824487209,0.011406801640987396,-2.172555923461914
47,0.04704704508185387,40.641197204589844,-0.007553435862064362,0.010792247951030731,-2.1433122158050537
48,0.048048049211502075,40.67568588256836,-0.005380520597100258,0.024697817862033844,-4.339632034301758
49,0.049049049615859985,40.71019744873047,-0.0060392944142222404,0.01991051249206066,-3.65161395072937
50,0.050050050020217896,40.7447395324707,-0.005889887921512127,0.018875041976571083,-3.662208080291748
51,0.051051050424575806,40.77931213378906,-0.006309298798441887,0.012002880685031414,-2.837996006011963
52,0.052052050828933716,40.81391143798828,-0.004445012658834457,0.020207013934850693,-4.702347278594971
53,0.053053051233291626,40.84854507446289,-0.005424061790108681,0.011803720146417618,-3.374980926513672
54,0.054054051637649536,40.88320541381836,-0.004420458804816008,0.01570604182779789,-4.467061996459961
55,0.055055055767297745,40.91789627075195,-0.004953462164849043,0.00996437668800354,-3.582599639892578
56,0.056056056171655655,40.952613830566406,-0.00512420479208231,0.006219164468348026,-3.0688858032226562
57,0.057057056576013565,40.987361907958984,-0.006012111436575651,-0.010627985931932926,-0.1823483407497406
58,0.058058056980371475,41.02214431762695,-0.005957703106105328,-0.012295628897845745,0.09653258323669434
59,0.059059057384729385,41.056949615478516,-0.005413759499788284,-0.0024309998843818903,-1.6246708631515503
60,0.060060057789087296,41.0917854309082,-0.005779189057648182,-0.021555675193667412,1.8101316690444946
61,0.061061061918735504,41.12665557861328,-0.005515750031918287,-0.03049936518073082,3.598365545272827
62,0.062062062323093414,41.16154479980469,-0.005290064495056868,-0.03518643230199814,4.701671600341797
63,0.06306306272745132,41.19647216796875,-0.00526309572160244,-0.035001229494810104,4.861685752868652
64,0.06406406313180923,41.23143005371094,-0.005350564606487751,-0.029775377362966537,4.032777309417725
65,0.06506506353616714,41.266414642333984,-0.004974067211151123,-0.03651466220617294,5.445377349853516
66,0.06606606394052505,41.301429748535156,-0.005092273466289043,-0.027324162423610687,3.6897530555725098
67,0.06706706434488297,41.33647537231445,-0.0047306581400334835,-0.032495785504579544,4.785331726074219
68,0.06806806474924088,41.37154769897461,-0.004223281983286142,-0.035833779722452164,5.688370227813721
69,0.06906906515359879,41.406654357910156,-0.0037703465204685926,-0.03739162161946297,6.284377098083496
70,0.0700700655579567,41.44178771972656,-0.003813947318121791,-0.03056575171649456,4.672552108764648
71,0.0710710734128952,41.476951599121094,-0.0031258361414074898,-0.03666914999485016,6.637072563171387
72,0.07207207381725311,41.512142181396484,-0.00328922551125288,-0.031103551387786865,5.135212421417236
73,0.07307307422161102,41.547367095947266,-0.0029511379543691874,-0.03273295983672142,5.943865776062012
74,0.07407407462596893,41.582618713378906,-0.0026864814572036266,-0.033918868750333786,6.643099308013916
75,0.07507507503032684,41.61790466308594,-0.0027509776409715414,-0.03241664916276932,6.2260541915893555
76,0.07607607543468475,41.65321731567383,-0.0025129723362624645,-0.03530923277139664,7.330127716064453
77,0.07707707583904266,41.688560485839844,-0.00226309965364635,-0.03778110072016716,8.300920486450195
78,0.07807807624340057,41.72393035888672,-0.0021310406737029552,-0.039187055081129074,8.827972412109375
79,0.07907907664775848,41.75933074951172,-0.0017176992259919643,-0.040887024253606796,9.828325271606445
80,0.0800800770521164,41.794769287109375,-0.0015342835104092956,-0.040685877203941345,10.11780834197998
81,0.0810810774564743,41.830230712890625,-0.0013760931324213743,-0.040140941739082336,10.274032592773438
82,0.08208207786083221,41.865726470947266,-0.0013776920968666673,-0.039212409406900406,10.045621871948242
83,0.08308307826519012,41.9012451171875,-0.001592754852026701,-0.03738970309495926,9.185664176940918
84,0.08408408612012863,41.93680191040039,-0.0007649777107872069,-0.03895913064479828,10.875105857849121
85,0.08508508652448654,41.97238540649414,-0.00013711507199332118,-0.03903142735362053,11.844324111938477
86,0.08608608692884445,42.00799560546875,-0.0011298968456685543,-0.03734729439020157,9.776010513305664
87,0.08708708733320236,42.043643951416016,-0.0011348496191203594,-0.03664492443203926,9.570643424987793
88,0.08808808773756027,42.079315185546875,-0.0007888602558523417,-0.036646682769060135,10.1270751953125
89,0.08908908814191818,42.115020751953125,0.0008149860077537596,-0.035878196358680725,12.56362247467041
90,0.09009008854627609,42.1507568359375,-8.994119707494974e-05,-0.03569053113460541,11.1117525100708
91,0.091091088950634,42.186519622802734,-0.0005243843770585954,-0.034993939101696014,10.295280456542969
92,0.09209208935499191,42.22231674194336,0.001619056100025773,-0.032931819558143616,13.345088958740234
93,0.09309308975934982,42.258140563964844,0.0015186998061835766,-0.032406482845544815,13.284473419189453
94,0.09409409016370773,42.29399490356445,0.0041089169681072235,-0.01983417384326458,17.473674774169922
95,0.09509509056806564,42.32988739013672,0.0032911242451518774,-0.024951724335551262,16.16751480102539
96,0.09609609842300415,42.36580276489258,0.003300045384094119,-0.024335777387022972,16.44255256652832
97,0.09709709882736206,42.40175247192383,0.00285088992677629,-0.02624751254916191,15.93632698059082
98,0.09809809923171997,42.4377326965332,0.003436777740716934,-0.022179799154400826,17.312448501586914
99,0.09909909963607788,42.473731994628906,0.003267871215939522,-0.02177591621875763,17.46393394470215
100,0.10010010004043579,42.5097770690918,0.0033159619197249413,-0.019696637988090515,18.080535888671875
101,0.1011011004447937,42.545841217041016,0.0036388009320944548,-0.014569222927093506,19.55548858642578
102,0.10210210084915161,42.58195114135742,0.003018610179424286,-0.02011929452419281,17.868675231933594
103,0.10310310125350952,42.618080139160156,0.00311065511777997,-0.018789615482091904,18.2274169921875
104,0.10410410165786743,42.65423583984375,0.002947028260678053,-0.0195673406124115,17.863697052001953
105,0.10510510206222534,42.6904296875,0.0029274425469338894,-0.01949751190841198,17.711702346801758
106,0.10610610246658325,42.726654052734375,0.0030341679230332375,-0.01823151670396328,17.965394973754883
107,0.10710710287094116,42.762908935546875,0.003197271376848221,-0.015076554380357265,18.81805992126465
108,0.10810810327529907,42.799190521240234,0.0030301157385110855,-0.015388735570013523,18.594858169555664
109,0.10910911113023758,42.83551025390625,0.003329482628032565,-0.007067473605275154,21.15149688720703
110,0.11011011153459549,42.871856689453125,0.003287218976765871,-0.007017477415502071,21.231687545776367
111,0.1111111119389534,42.90822982788086,0.0032776291482150555,-0.006743707228451967,21.422550201416016
112,0.11211211234331131,42.94463348388672,0.003183689434081316,-0.0027962473686784506,22.819028854370117
113,0.11311311274766922,42.9810791015625,0.0030060047283768654,-0.0008809718419797719,23.647869110107422
114,0.11411411315202713,43.017547607421875,0.003065657801926136,-0.01032502856105566,20.76981544494629
115,0.11511511355638504,43.054054260253906,0.002583205932751298,-0.016040567308664322,18.822498321533203
116,0.11611611396074295,43.090579986572266,0.0027630538679659367,-0.012537579983472824,20.05156707763672
117,0.11711711436510086,43.127140045166016,0.002797021297737956,-0.009803631342947483,21.004253387451172
118,0.11811811476945877,43.16373825073242,0.002778126858174801,-0.008128625340759754,21.58148956298828
119,0.11911911517381668,43.20035934448242,0.002603696659207344,-0.011689674109220505,20.20690155029297
120,0.12012011557817459,43.23701477050781,0.002623171778395772,-0.01112713385373354,20.349464416503906
121,0.1211211159825325,43.27370834350586,0.0026642181910574436,-0.008119404315948486,21.4493350982666
122,0.12212212383747101,43.3104248046875,0.0025858627632260323,-0.004988793283700943,22.674619674682617
123,0.12312312424182892,43.34716796875,0.00250637112185359,-0.004959676880389452,22.709197998046875
124,0.12412412464618683,43.38395309448242,0.001677672378718853,-0.016199320554733276,17.55344009399414
125,0.12512512505054474,43.42076110839844,0.0018749535083770752,-0.013856755569577217,18.706125259399414
126,0.12612612545490265,43.45760726928711,0.0016592892352491617,-0.014882557094097137,17.996963500976562
127,0.12712712585926056,43.494476318359375,0.0017225961200892925,-0.013903637416660786,18.473989486694336
128,0.12812812626361847,43.5313835144043,0.0019303078297525644,-0.011537645012140274,19.687179565429688
129,0.12912912666797638,43.56832504272461,0.0018704480025917292,-0.01203876081854105,19.33173179626465
130,0.1301301270723343,43.605289459228516,0.0020880866795778275,-0.008877817541360855,20.833345413208008
131,0.1311311274766922,43.64228820800781,0.0021359985694289207,-0.007131677120923996,21.573026657104492
132,0.1321321278810501,43.679317474365234,0.0020646294578909874,-0.00434122746810317,22.82994842529297
133,0.13313312828540802,43.71638107299805,0.0019974601455032825,-0.010010682977735996,20.083120346069336
134,0.13413412868976593,43.753475189208984,0.0019237585365772247,-0.010592279024422169,19.76589584350586
135,0.13513512909412384,43.79059600830078,0.0018920700531452894,-0.007829024456441402,21.33650779724121
136,0.13613612949848175,43.827762603759766,0.0017556012608110905,-0.007831104099750519,21.502275466918945
137,0.13713712990283966,43.86494445800781,0.0016197925433516502,-0.009844748303294182,20.43231773376465
138,0.13813813030719757,43.902164459228516,0.0016034806612879038,-0.009036896750330925,21.002803802490234
139,0.13913913071155548,43.93941879272461,0.001570859458297491,-0.009501352906227112,20.774171829223633
140,0.1401401311159134,43.9766960144043,0.001531351706944406,-0.010438031516969204,20.204912185668945
141,0.1411411464214325,44.014015197753906,0.0015711968299001455,-0.010102472268044949,20.397390365600586
142,0.1421421468257904,44.051361083984375,0.0015869943890720606,-0.006617502775043249,22.475751876831055
143,0.14314314723014832,44.08873748779297,0.0015559513121843338,-0.006689644884318113,22.41175079345703
144,0.14414414763450623,44.12614822387695,0.0015687590930610895,-0.00744840269908309,21.886001586914062
145,0.14514514803886414,44.1635856628418,0.0015355111099779606,-0.007432926446199417,21.85137367248535
146,0.14614614844322205,44.20106506347656,0.0015057747950777411,-0.009198480285704136,20.667743682861328
147,0.14714714884757996,44.238563537597656,0.0013904485385864973,-0.010517822578549385,19.818593978881836
148,0.14814814925193787,44.27610778808594,0.0012730801245197654,-0.01106267049908638,19.50164222717285
149,0.14914914965629578,44.31366729736328,0.0009768676245585084,-0.013217351399362087,17.618141174316406
150,0.1501501500606537,44.35126876831055,0.0007341639138758183,-0.014316318556666374,16.21744728088379
151,0.1511511504650116,44.38890075683594,0.0006064992630854249,-0.014698258601129055,15.378347396850586
152,0.1521521508693695,44.426570892333984,0.0005304117221385241,-0.014903622679412365,14.723719596862793
153,0.15315315127372742,44.464263916015625,0.0008258891175501049,-0.013143207877874374,17.177370071411133
154,0.15415415167808533,44.50199508666992,0.0005755629972554743,-0.014739525504410267,14.898275375366211
155,0.15515515208244324,44.53975296020508,0.00045689637772738934,-0.015286397188901901,13.915170669555664
156,0.15615615248680115,44.57754898071289,0.0004892096621915698,-0.015149089507758617,14.347763061523438
157,0.15715715289115906,44.6153678894043,0.0005256140721030533,-0.0149804363027215,14.878157615661621
158,0.15815815329551697,44.653228759765625,0.0004919035127386451,-0.015153657644987106,14.812722206115723
159,0.15915915369987488,44.69111251831055,0.00043729430763050914,-0.015393228270113468,14.567211151123047
160,0.1601601541042328,44.72903823852539,0.0004502549709286541,-0.015291665680706501,14.86063003540039
161,0.1611611545085907,44.76698684692383,0.0004144225094933063,-0.015338021330535412,14.659796714782715
162,0.1621621549129486,44.804969787597656,0.0002309173287358135,-0.015777558088302612,13.155035972595215
163,0.16316315531730652,44.842987060546875,0.00015531577810179442,-0.015922578051686287,12.460320472717285
164,0.16416415572166443,44.88103485107422,9.44049097597599e-05,-0.015856195241212845,11.777985572814941
165,0.16516515612602234,44.91912078857422,0.00011587978224270046,-0.015608028508722782,11.83645248413086
166,0.16616615653038025,44.95723342895508,0.0002843512047547847,-0.015021649189293385,13.373379707336426
167,0.16716717183589935,44.99538040161133,0.00023535570653621107,-0.014918170869350433,12.881782531738281
168,0.16816817224025726,45.03356170654297,0.00015102513134479523,-0.014870256185531616,11.92092514038086
169,0.16916917264461517,45.071773529052734,0.00012281637464184314,-0.014706755988299847,11.383352279663086
170,0.17017017304897308,45.110015869140625,0.00018936183187179267,-0.014398670755326748,11.909757614135742
171,0.171171173453331,45.14828872680664,0.00024150490935426205,-0.014057382941246033,12.284515380859375
172,0.1721721738576889,45.18659973144531,0.00017533435311634094,-0.014100644737482071,11.084606170654297
173,0.17317317426204681,45.22494125366211,0.0002223147894255817,-0.01380105596035719,11.486892700195312
174,0.17417417466640472,45.2633171081543,0.00014706015645060688,-0.013743872754275799,10.287662506103516
175,0.17517517507076263,45.30172348022461,9.63735074037686e-05,-0.013442698866128922,9.548601150512695
176,0.17617617547512054,45.34016036987305,9.246861009160057e-05,-0.013059655204415321,9.669751167297363
177,0.17717717587947845,45.37863540649414,0.00013130267325323075,-0.012712419033050537,10.757433891296387
178,0.17817817628383636,45.41713333129883,0.00019366387277841568,-0.012387830764055252,12.468476295471191
179,0.17917917668819427,45.45567321777344,0.00025675081997178495,-0.012108956463634968,14.138519287109375
180,0.18018017709255219,45.49424362182617,0.0002647601068019867,-0.012288427911698818,14.205940246582031
181,0.1811811774969101,45.53284454345703,0.0003273777838330716,-0.012186850421130657,15.322922706604004
182,0.182182177901268,45.571475982666016,0.00029631887446157634,-0.012721414677798748,14.377824783325195
183,0.18318317830562592,45.610145568847656,0.0003598910407163203,-0.012525985017418861,15.420701026916504
184,0.18418417870998383,45.64884567260742,0.0003962562186643481,-0.01233227550983429,16.12338638305664
185,0.18518517911434174,45.68758010864258,0.0002634691190905869,-0.01312426570802927,13.864555358886719
186,0.18618617951869965,45.726348876953125,0.00023988523753359914,-0.01325004082173109,13.504226684570312
187,0.18718717992305756,45.76514434814453,0.00018543496844358742,-0.013456292450428009,12.738110542297363
188,0.18818818032741547,45.803977966308594,0.0001906044053612277,-0.013493563048541546,12.866212844848633
189,0.18918918073177338,45.84284210205078,0.00034281733678653836,-0.012901403941214085,15.30482292175293
190,0.1901901811361313,45.881744384765625,0.0002769478887785226,-0.013240812346339226,14.41156005859375
191,0.1911911815404892,45.92066955566406,0.000133331268443726,-0.013754338957369328,12.393278121948242
192,0.1921921968460083,45.95963668823242,6.456338451243937e-05,-0.013930568471550941,11.432344436645508
193,0.1931931972503662,45.99863052368164,3.7400404835352674e-05,-0.014054074883460999,11.047353744506836
194,0.19419419765472412,46.037662506103516,-1.0255989764118567e-06,-0.014114774763584137,10.512001037597656
195,0.19519519805908203,46.07672882080078,-3.799899423029274e-05,-0.014121570624411106,10.005495071411133
196,0.19619619846343994,46.115821838378906,-0.00013352619134820998,-0.014010037295520306,8.718986511230469
197,0.19719719886779785,46.15495300292969,-6.177632894832641e-05,-0.014116129837930202,10.034428596496582
198,0.19819819927215576,46.194114685058594,-5.473885539686307e-05,-0.01410502940416336,10.404374122619629
199,0.19919919967651367,46.23331069946289,-0.00012126910587539896,-0.013965552672743797,9.574089050292969
200,0.20020020008087158,46.27254104614258,4.3958338210359216e-05,-0.01401637401431799,11.82791519165039
201,0.2012012004852295,46.31180191040039,0.00017443118849769235,-0.013791278004646301,13.363283157348633
202,0.2022022008895874,46.35110092163086,0.0003477610880509019,-0.013121587224304676,15.540255546569824
203,0.2032032012939453,46.39043045043945,0.00032043803366832435,-0.013073882088065147,15.379822731018066
204,0.20420420169830322,46.42979049682617,0.00031090970151126385,-0.012920080684125423,15.548319816589355
205,0.20520520210266113,46.46918487548828,0.00025750906206667423,-0.013083910569548607,14.7454833984375
206,0.20620620250701904,46.50861740112305,0.00026978805544786155,-0.012938404455780983,15.013779640197754
207,0.20720720291137695,46.54807662963867,0.0003144365327898413,-0.01256150845438242,16.101858139038086
208,0.20820820331573486,46.58757400512695,0.0003801480634137988,-0.011592471040785313,18.66758155822754
209,0.20920920372009277,46.62710189819336,0.000358668650733307,-0.011510133743286133,18.651559829711914
210,0.21021020412445068,46.666664123535156,0.0003089079982601106,-0.011931375600397587,17.28510856628418
211,0.2112112045288086,46.706260681152344,0.00030927546322345734,-0.01164962723851204,18.188962936401367
212,0.2122122049331665,46.74589157104492,0.0003177074249833822,-0.010966802015900612,20.38716697692871
213,0.21321320533752441,46.78555679321289,0.000298764934996143,-0.011502564884722233,18.49967384338379
214,0.21421420574188232,46.825252532958984,0.0003040533629246056,-0.010606536641716957,21.062379837036133
215,0.21521520614624023,46.864990234375,0.0002312014257768169,-0.009913469664752483,23.297426223754883
216,0.21621620655059814,46.90475082397461,0.00021453342924360186,-0.009815831668674946,23.58611488342285
217,0.21721720695495605,46.94455337524414,0.00023994111688807607,-0.009861738421022892,23.24935531616211
218,0.21821822226047516,46.98438262939453,0.00015939303557388484,-0.00945847574621439,25.210338592529297
219,0.21921922266483307,47.024253845214844,0.00019130849977955222,-0.009503965266048908,24.889650344848633
220,0.22022022306919098,47.064151763916016,7.852559792809188e-05,-0.009305388666689396,27.11904525756836
221,0.2212212234735489,47.104087829589844,0.00012943898036610335,-0.009596011601388454,25.87468719482422
222,0.2222222238779068,47.14405059814453,-1.6729512935853563e-05,-0.009594099596142769,28.68072509765625
223,0.2232232242822647,47.18405532836914,2.65387752733659e-05,-0.009749260731041431,27.571752548217773
224,0.22422422468662262,47.22409439086914,-4.0669445297680795e-05,-0.009869099594652653,28.89628028869629
225,0.22522522509098053,47.264163970947266,-0.00010427326924400404,-0.010061312466859818,30.071544647216797
226,0.22622622549533844,47.304264068603516,-7.97982356743887e-05,-0.010078967548906803,29.53139305114746
227,0.22722722589969635,47.34440231323242,-0.00022929834085516632,-0.010525001212954521,32.234336853027344
228,0.22822822630405426,47.384578704833984,-0.0002614375262055546,-0.010624631308019161,32.7415771484375
229,0.22922922670841217,47.424781799316406,-0.0001471303985454142,-0.010124578140676022,30.692337036132812
230,0.23023022711277008,47.465023040771484,-0.00015664771490264684,-0.010090920142829418,30.74648094177246
231,0.231231227517128,47.50529479980469,-0.0002067073801299557,-0.010278940200805664,31.517061233520508
232,0.2322322279214859,47.54560470581055,-0.00032590015325695276,-0.010947384871542454,33.594364166259766
233,0.2332332283258438,47.58594512939453,-0.0003453874378465116,-0.011172679252922535,33.88370895385742
234,0.23423422873020172,47.62632369995117,-0.00017379489145241678,-0.010425268672406673,30.381166458129883
235,0.23523522913455963,47.6667366027832,-0.00015124453057069331,-0.01047882717102766,29.780122756958008
236,0.23623622953891754,47.707176208496094,-0.00020870944717898965,-0.010822637006640434,31.136173248291016
237,0.23723722994327545,47.74766540527344,-0.00015277141937986016,-0.010606168769299984,29.8875789642334
238,0.23823823034763336,47.788177490234375,-0.0001415848673786968,-0.010564150288701057,29.683359146118164
239,0.23923923075199127,47.8287239074707,-9.012551890918985e-05,-0.010429196991026402,28.1721134185791
240,0.24024023115634918,47.86930847167969,-0.00023415623581968248,-0.01110965758562088,31.815120697021484
241,0.2412412315607071,47.9099235534668,-0.0002668573288246989,-0.01140555925667286,32.3780632019043
242,0.242242231965065,47.95058059692383,-0.0002559275599196553,-0.011440013535320759,31.956504821777344
243,0.2432432323694229,47.99126052856445,-0.0002027402224484831,-0.011197910644114017,30.447607040405273
244,0.24424424767494202,48.031982421875,-0.0003009178617503494,-0.011796296574175358,32.54874801635742
245,0.24524524807929993,48.07273864746094,-0.00040609322604723275,-0.012613166123628616,34.70478820800781
246,0.24624624848365784,48.113529205322266,-0.0005048968596383929,-0.013667404651641846,36.83528518676758
247,0.24724724888801575,48.154354095458984,-0.0005586656043305993,-0.014396577142179012,38.09813690185547
248,0.24824824929237366,48.19520950317383,-0.000549526943359524,-0.014340081252157688,38.005836486816406
249,0.24924924969673157,48.236106872558594,-0.0006045618210919201,-0.014931410551071167,39.143375396728516
250,0.2502502501010895,48.277034759521484,-0.0007590375607833266,-0.01665053516626358,41.876277923583984
251,0.2512512505054474,48.317996978759766,-0.0008645399939268827,-0.0178817268460989,43.49167251586914
252,0.2522522509098053,48.35899353027344,-0.0009898431599140167,-0.019990025088191032,45.741641998291016
253,0.2532532513141632,48.40003204345703,-0.0009047165513038635,-0.018895426765084267,44.47651672363281
254,0.2542542517185211,48.44109344482422,-0.0009934324771165848,-0.020886145532131195,46.44379425048828
255,0.25525525212287903,48.48219680786133,-0.0009949533268809319,-0.02124960906803608,46.70270538330078
256,0.25625625252723694,48.52333450317383,-0.0010359494481235743,-0.022380731999874115,47.76445770263672
257,0.25725725293159485,48.564510345458984,-0.0009647628758102655,-0.021087516099214554,46.432098388671875
258,0.25825825333595276,48.605712890625,-0.0008318599429912865,-0.019099386408925056,44.13740158081055
259,0.25925925374031067,48.64695739746094,-0.0007981339003890753,-0.018908392637968063,43.80364990234375
260,0.2602602541446686,48.688236236572266,-0.0008391186129301786,-0.019740886986255646,44.80306625366211
261,0.2612612545490265,48.729549407958984,-0.000846490147523582,-0.019892655313014984,45.0492057800293
262,0.2622622549533844,48.770896911621094,-0.0008274884894490242,-0.01957518607378006,44.78712463378906
263,0.2632632553577423,48.812278747558594,-0.0007593969348818064,-0.01856352761387825,43.6119270324707
264,0.2642642557621002,48.85369110107422,-0.0006787049351260066,-0.017343003302812576,42.083229064941406
265,0.26526525616645813,48.895145416259766,-0.0007442186470143497,-0.018246077001094818,43.510887145996094
266,0.26626625657081604,48.93663787841797,-0.0006472154054790735,-0.016764074563980103,41.5172119140625
267,0.26726725697517395,48.97815704345703,-0.0006071659736335278,-0.0162119809538126,40.65814971923828
268,0.26826825737953186,49.01971435546875,-0.0005950725171715021,-0.01606868952512741,40.41535186767578
269,0.26926925778388977,49.061309814453125,-0.0004918452468700707,-0.014768153429031372,37.89714431762695
270,0.2702702581882477,49.10293960571289,-0.00035801532794721425,-0.013330558314919472,34.090728759765625
271,0.2712712585926056,49.14460754394531,-0.0003420364228077233,-0.013338047079741955,33.442474365234375
272,0.2722722589969635,49.18630599975586,-0.00032375636510550976,-0.013324531726539135,32.5242919921875
273,0.2732732594013214,49.2280387878418,-0.00029306524083949625,-0.013104680925607681,30.917213439941406
274,0.2742742598056793,49.26980972290039,-0.00030907627660781145,-0.013416516594588757,31.15688133239746
275,0.27527526021003723,49.31161880493164,-0.000313841417664662,-0.013563266023993492,30.944255828857422
276,0.27627626061439514,49.35345458984375,-0.0003052942920476198,-0.013438361696898937,30.029451370239258
277,0.27727726101875305,49.39533233642578,-0.00035377798485569656,-0.014424435794353485,32.776824951171875
278,0.27827826142311096,49.4372444152832,-0.00036623532650992274,-0.014792212285101414,33.72055435180664
279,0.27927926182746887,49.479190826416016,-0.00035994546487927437,-0.014731788076460361,33.54817199707031
280,0.2802802622318268,49.52117156982422,-0.0003771402989514172,-0.01510537602007389,34.71929931640625
281,0.2812812626361847,49.56319046020508,-0.0003712691832333803,-0.014991497620940208,34.50745391845703
282,0.282282292842865,49.60525131225586,-0.0004159352392889559,-0.015858566388487816,36.583404541015625
283,0.2832832932472229,49.6473388671875,-0.0004156066570430994,-0.015941906720399857,36.561744689941406
284,0.2842842936515808,49.6894645690918,-0.0003384525771252811,-0.014557070098817348,32.62124252319336
285,0.2852852940559387,49.73162841796875,-0.0003660168149508536,-0.015130558051168919,34.05443572998047
286,0.28628629446029663,49.77382278442383,-0.0003926228382624686,-0.0156352948397398,35.317665100097656
287,0.28728729486465454,49.81605911254883,-0.0003710481687448919,-0.015109814703464508,34.12647247314453
288,0.28828829526901245,49.85832595825195,-0.00040406218613497913,-0.015610478818416595,35.715885162353516
289,0.28928929567337036,49.900630950927734,-0.0003567246603779495,-0.01459556445479393,33.284751892089844
290,0.29029029607772827,49.94297409057617,-0.0003601573407649994,-0.01464996486902237,33.55898666381836
291,0.2912912964820862,49.985355377197266,-0.00038712413515895605,-0.015277916565537453,35.18663787841797
292,0.2922922968864441,50.02776336669922,-0.0003599932533688843,-0.01479641254991293,33.714378356933594
293,0.293293297290802,50.07020950317383,-0.0003820544225163758,-0.015416758134961128,35.19710922241211
294,0.2942942976951599,50.11269760131836,-0.00035814259899780154,-0.014949698001146317,33.780616760253906
295,0.2952952980995178,50.155216217041016,-0.0003540240286383778,-0.014939442276954651,33.61307144165039
296,0.29629629850387573,50.197776794433594,-0.0003964282514061779,-0.016091009601950645,36.60960006713867
297,0.29729729890823364,50.2403678894043,-0.000374152441509068,-0.01563361845910549,35.418235778808594
298,0.29829829931259155,50.282997131347656,-0.0003695436753332615,-0.015486545860767365,35.00603485107422
299,0.29929929971694946,50.32566452026367,-0.0003639651695266366,-0.015247221104800701,34.466182708740234
300,0.3003003001213074,50.36836242675781,-0.00032997113885357976,-0.014114451594650745,31.36845588684082
301,0.3013013005256653,50.41109848022461,-0.00033892167266458273,-0.014390573836863041,32.42364501953125
302,0.3023023009300232,50.45387649536133,-0.000340632745064795,-0.014408820308744907,32.74979782104492
303,0.3033033013343811,50.49668502807617,-0.0003239490615669638,-0.014014827087521553,31.974714279174805
304,0.304304301738739,50.53953552246094,-0.0003057803842239082,-0.013678603805601597,31.259685516357422
305,0.3053053021430969,50.58241653442383,-0.0003825502935796976,-0.01475082989782095,34.71664047241211
306,0.30630630254745483,50.625335693359375,-0.00041962909745052457,-0.01514411997050047,35.94274139404297
307,0.30730730295181274,50.66829299926758,-0.0004608423332683742,-0.015625281259417534,37.246681213378906
308,0.30830830335617065,50.71128463745117,-0.0005140920402482152,-0.01642686501145363,39.001956939697266
309,0.30930930376052856,50.754310607910156,-0.0004964405670762062,-0.01631060428917408,38.80951690673828
310,0.3103103041648865,50.79737854003906,-0.0005575925461016595,-0.017595279961824417,41.249202728271484
311,0.3113113045692444,50.840476989746094,-0.0006175799644552171,-0.01903914473950863,43.749908447265625
312,0.3123123049736023,50.88361358642578,-0.0006235942710191011,-0.019526705145835876,44.560543060302734
313,0.3133133053779602,50.92679214477539,-0.0005358579801395535,-0.01805410161614418,42.064430236816406
314,0.3143143057823181,50.97000503540039,-0.0005324200028553605,-0.018130026757717133,42.26331329345703
315,0.315315306186676,51.01325225830078,-0.0004739176365546882,-0.01708257757127285,40.17707061767578
316,0.31631630659103394,51.056541442871094,-0.0004439723852556199,-0.016464922577142715,38.882713317871094
317,0.31731730699539185,51.099857330322266,-0.00044596201041713357,-0.01646561175584793,38.96497344970703
318,0.31831830739974976,51.14321517944336,-0.0004246261960361153,-0.01598716899752617,37.93167495727539
319,0.31931930780410767,51.186614990234375,-0.0004885181551799178,-0.017281997948884964,40.861793518066406
320,0.3203203082084656,51.23004913330078,-0.00047204314614646137,-0.016973435878753662,40.24648666381836
321,0.3213213086128235,51.27351379394531,-0.0004507190897129476,-0.016581954434514046,39.38460922241211
322,0.3223223090171814,51.317020416259766,-0.00044009057455696166,-0.016432657837867737,38.951358795166016
323,0.3233233094215393,51.36056137084961,-0.0005088098114356399,-0.017961930483579636,41.933746337890625
324,0.3243243098258972,51.40414047241211,-0.0004973706672899425,-0.01796923391520977,41.647918701171875
325,0.3253253102302551,51.44776153564453,-0.0004813889099750668,-0.017893457785248756,41.18771743774414
326,0.32632631063461304,51.49141311645508,-0.0005218389560468495,-0.018986433744430542,43.146385192871094
327,0.32732731103897095,51.53510284423828,-0.0005016352515667677,-0.01872173510491848,42.45887756347656
328,0.32832831144332886,51.578834533691406,-0.0005438031512312591,-0.01980912871658802,44.46623611450195
329,0.32932931184768677,51.622596740722656,-0.0005313799483701587,-0.019596826285123825,44.063331604003906
330,0.3303303122520447,51.66639709472656,-0.0005181998712942004,-0.019305478781461716,43.53194808959961
331,0.3313313126564026,51.71023941040039,-0.0005567711777985096,-0.020195454359054565,45.25286865234375
332,0.3323323130607605,51.754112243652344,-0.0005408615106716752,-0.019811823964118958,44.6246337890625
333,0.3333333432674408,51.79802703857422,-0.0006130508845672011,-0.021360035985708237,47.41032791137695
334,0.3343343436717987,51.84197998046875,-0.0006187260150909424,-0.021399181336164474,47.5260009765625
335,0.3353353440761566,51.88597106933594,-0.0005931923515163362,-0.02086489275097847,46.63938903808594
336,0.3363363444805145,51.92999267578125,-0.000565428810659796,-0.020218484103679657,45.518829345703125
337,0.33733734488487244,51.974056243896484,-0.0005118240369483829,-0.018983501940965652,43.21217346191406
338,0.33833834528923035,52.018157958984375,-0.000512670143507421,-0.01893160678446293,43.10778045654297
339,0.33933934569358826,52.06229782104492,-0.0005429887678474188,-0.019529471173882484,44.20000076293945
340,0.34034034609794617,52.106468200683594,-0.0005176995182409883,-0.0188421793282032,42.91309356689453
341,0.3413413465023041,52.15068054199219,-0.0005296783638186753,-0.019033106043934822,43.3073844909668
342,0.342342346906662,52.19493103027344,-0.0005163326859474182,-0.01874946430325508,42.780853271484375
343,0.3433433473110199,52.23921585083008,-0.0004945503897033632,-0.01835431531071663,42.01080322265625
344,0.3443443477153778,52.283546447753906,-0.0004948778077960014,-0.01850067637860775,42.23918151855469
345,0.3453453481197357,52.327911376953125,-0.0004825086798518896,-0.018358035013079643,41.889896392822266
346,0.34634634852409363,52.372310638427734,-0.00042401719838380814,-0.01701931282877922,38.894893646240234
347,0.34734734892845154,52.416744232177734,-0.0004378936719149351,-0.017474638298153877,39.883609771728516
348,0.34834834933280945,52.46122360229492,-0.0004076434997841716,-0.0167247261852026,37.978004455566406
349,0.34934934973716736,52.505733489990234,-0.00038619645056314766,-0.01609554886817932,36.22644805908203
350,0.35035035014152527,52.55028533935547,-0.00039192658732645214,-0.01630871370434761,36.70881271362305
351,0.3513513505458832,52.594879150390625,-0.0004110538284294307,-0.01692093536257744,38.20319747924805
352,0.3523523509502411,52.639503479003906,-0.000378358643501997,-0.0157975684851408,35.40160369873047
353,0.353353351354599,52.68416976928711,-0.00041628634789958596,-0.016923563554883003,38.45029067993164
354,0.3543543517589569,52.72887420654297,-0.0003811126807704568,-0.01574143022298813,35.76283645629883
355,0.3553553521633148,52.77360916137695,-0.0003846720210276544,-0.015752563253045082,36.05668258666992
356,0.35635635256767273,52.81839370727539,-0.00035679322900250554,-0.014761279337108135,33.515254974365234
357,0.35735735297203064,52.86320495605469,-0.0003407416515983641,-0.01404584851115942,31.47984504699707
358,0.35835835337638855,52.90806198120117,-0.00033567188074812293,-0.01377591397613287,30.516719818115234
359,0.35935935378074646,52.95295333862305,-0.0003341372648719698,-0.013674627989530563,29.81621551513672
360,0.36036035418510437,52.99788284301758,-0.00033765321131795645,-0.013852793723344803,29.885330200195312
361,0.3613613545894623,53.0428581237793,-0.00033676280872896314,-0.013759481720626354,29.380983352661133
362,0.3623623549938202,53.087860107421875,-0.0003283259575255215,-0.013044421561062336,27.21175193786621
363,0.3633633553981781,53.13290786743164,-0.00032413069857284427,-0.012510886415839195,25.65420150756836
364,0.364364355802536,53.1779899597168,-0.0003292124019935727,-0.013077070005238056,27.446903228759766
365,0.3653653562068939,53.223114013671875,-0.0003264348488301039,-0.0127116609364748,26.28653907775879
366,0.36636635661125183,53.268272399902344,-0.000329120404785499,-0.012813126668334007,26.526153564453125
367,0.36736735701560974,53.31346893310547,-0.00033691280987113714,-0.013470430858433247,28.50560760498047
368,0.36836835741996765,53.358707427978516,-0.00033600712777115405,-0.01330528687685728,28.0821533203125
369,0.36936935782432556,53.40398025512695,-0.0003307464940007776,-0.0125397564843297,25.832775115966797
370,0.37037035822868347,53.44929885864258,-0.00032889252179302275,-0.012193899601697922,24.815492630004883
371,0.3713713586330414,53.49464797973633,-0.000331460265442729,-0.012844076380133629,26.818944931030273
372,0.3723723590373993,53.5400390625,-0.0003338025708217174,-0.013301963917911053,28.190223693847656
373,0.3733733594417572,53.58546829223633,-0.00034205563133582473,-0.014076831750571728,30.436141967773438
374,0.3743743598461151,53.63093566894531,-0.0003368999168742448,-0.013825079426169395,29.572729110717773
375,0.375375360250473,53.67644500732422,-0.00032734376145526767,-0.013110746629536152,27.20619010925293
376,0.37637636065483093,53.721988677978516,-0.0003277401556260884,-0.013154840096831322,27.144380569458008
377,0.37737736105918884,53.76757049560547,-0.00032250903313979506,-0.012567826546728611,25.27923011779785
378,0.37837836146354675,53.813194274902344,-0.00031822652090340853,-0.011962516233325005,23.395084381103516
379,0.37937936186790466,53.858856201171875,-0.00031477934680879116,-0.011321949772536755,21.43172264099121
380,0.3803803622722626,53.9045524597168,-0.00031330803176388144,-0.011437290348112583,21.908166885375977
381,0.3813813626766205,53.950294494628906,-0.00031367255724035203,-0.01176490169018507,23.12993049621582
382,0.3823823630809784,53.996070861816406,-0.0003091239486820996,-0.011019707657396793,20.99956703186035
383,0.3833833634853363,54.04188919067383,-0.00031341949943453074,-0.012128215283155441,24.869855880737305
384,0.3843843936920166,54.08774185180664,-0.0003077274013776332,-0.011564682237803936,23.336410522460938
385,0.3853853940963745,54.133636474609375,-0.0003082167822867632,-0.01190608087927103,24.750032424926758
386,0.3863863945007324,54.1795654296875,-0.0003050368104595691,-0.011870176531374454,25.013473510742188
387,0.38738739490509033,54.22554016113281,-0.0003050538944080472,-0.012010205537080765,25.829193115234375
388,0.38838839530944824,54.271549224853516,-0.0002883917186409235,-0.011254432611167431,23.42451286315918
389,0.38938939571380615,54.317596435546875,-0.0002839445660356432,-0.011236724443733692,23.268295288085938
390,0.39039039611816406,54.363685607910156,-0.0002669851528480649,-0.010435918346047401,20.178146362304688
391,0.391391396522522,54.40981674194336,-0.00026864284882321954,-0.010619274340569973,20.637731552124023
392,0.3923923969268799,54.45597839355469,-0.0002717491879593581,-0.010517665185034275,19.97834587097168
393,0.3933933973312378,54.502193450927734,-0.0002832094905897975,-0.010419491678476334,19.345340728759766
394,0.3943943977355957,54.54843521118164,-0.0002987462794408202,-0.009837516583502293,17.232637405395508
395,0.3953953981399536,54.59471893310547,-0.0003160692285746336,-0.009251056239008904,15.396499633789062
396,0.3963963985443115,54.64104080200195,-0.000325493689160794,-0.009197941981256008,15.370080947875977
397,0.39739739894866943,54.68740463256836,-0.0003264824044890702,-0.010153229348361492,18.448406219482422
398,0.39839839935302734,54.73381042480469,-0.00032774783903732896,-0.010950193740427494,21.035293579101562
399,0.39939939975738525,54.780250549316406,-0.00032975629437714815,-0.009574158117175102,17.01586151123047
400,0.40040040016174316,54.82673263549805,-0.0003256634227000177,-0.009484643116593361,16.928096771240234
401,0.4014014005661011,54.87324905395508,-0.0003205456305295229,-0.008865168318152428,15.185017585754395
402,0.402402400970459,54.91980743408203,-0.0003186521935276687,-0.00896352156996727,15.634597778320312
403,0.4034034013748169,54.96641540527344,-0.00031470521935261786,-0.00817752256989479,13.315091133117676
404,0.4044044017791748,55.01305389404297,-0.0003155271988362074,-0.008346105925738811,13.964319229125977
405,0.4054054021835327,55.059730529785156,-0.0003148617106489837,-0.008589020930230618,14.80250072479248
406,0.4064064025878906,55.106449127197266,-0.00031043536728248,-0.007489565294235945,11.321187973022461
407,0.40740740299224854,55.1532096862793,-0.00031186541309580207,-0.00765070877969265,11.877387046813965
408,0.40840840339660645,55.200008392333984,-0.00031489922548644245,-0.008254344575107098,13.826835632324219
409,0.40940940380096436,55.24684524536133,-0.0003152319695800543,-0.007289155852049589,10.737628936767578
410,0.41041040420532227,55.293724060058594,-0.00031352564110420644,-0.0076466575264930725,11.77309799194336
411,0.4114114046096802,55.340641021728516,-0.00031230266904458404,-0.0069882990792393684,9.582143783569336
412,0.4124124050140381,55.38759231567383,-0.0003061231109313667,-0.007268211804330349,10.400581359863281
413,0.413413405418396,55.43458938598633,-0.00029673794051632285,-0.007739210035651922,11.915771484375
414,0.4144144058227539,55.481624603271484,-0.00029011163860559464,-0.007794264238327742,12.081879615783691
415,0.4154154062271118,55.52870178222656,-0.00028243701672181487,-0.007736708503216505,11.906145095825195
416,0.4164164066314697,55.5758171081543,-0.00028596853371709585,-0.007103549316525459,9.740673065185547
417,0.41741740703582764,55.62297439575195,-0.0002910379262175411,-0.006858018226921558,9.052488327026367
418,0.41841840744018555,55.67017364501953,-0.0002970012719742954,-0.006812851410359144,9.197715759277344
419,0.41941940784454346,55.71741485595703,-0.00030010059708729386,-0.006922613829374313,9.752427101135254
420,0.42042040824890137,55.764686584472656,-0.0003028458449989557,-0.006909751798957586,9.762598037719727
421,0.4214214086532593,55.81200408935547,-0.0003077512083109468,-0.008249476552009583,14.180870056152344
422,0.4224224090576172,55.85935592651367,-0.00031265776487998664,-0.008549761958420277,15.141683578491211
423,0.4234234094619751,55.90675735473633,-0.00029768323292955756,-0.007938358932733536,13.159932136535645
424,0.424424409866333,55.954193115234375,-0.00029491400346159935,-0.007868119515478611,12.997639656066895
425,0.4254254102706909,56.00166702270508,-0.00030084041645750403,-0.007586236111819744,12.157020568847656
426,0.42642641067504883,56.04918670654297,-0.00031380244763568044,-0.007105864118784666,10.781438827514648
427,0.42742741107940674,56.096744537353516,-0.0003316244692541659,-0.007118911016732454,11.069206237792969
428,0.42842841148376465,56.14434814453125,-0.00034227201831527054,-0.007166918832808733,11.353360176086426
429,0.42942941188812256,56.191978454589844,-0.00034466988290660083,-0.0069149089977145195,10.670515060424805
430,0.43043041229248047,56.239662170410156,-0.0003459674189798534,-0.007081996183842421,11.121953964233398
431,0.4314314126968384,56.287384033203125,-0.0003442693850956857,-0.007094396743923426,11.077893257141113
432,0.4324324131011963,56.335140228271484,-0.00034901528852060437,-0.007308997213840485,11.678114891052246
433,0.4334334135055542,56.3829460144043,-0.0003544406790751964,-0.00784629862755537,13.188451766967773
434,0.4344344139099121,56.430782318115234,-0.0003541533660609275,-0.007291186135262251,11.580521583557129
435,0.43543541431427,56.478668212890625,-0.00035395228769630194,-0.007645720615983009,12.543590545654297
436,0.4364364445209503,56.526588439941406,-0.0003521001781336963,-0.007827520370483398,13.031970977783203
437,0.4374374449253082,56.574554443359375,-0.00035213332739658654,-0.006733404006808996,9.8681058883667
438,0.43843844532966614,56.62255859375,-0.000348362053046003,-0.008051149547100067,13.592344284057617
439,0.43943944573402405,56.67060089111328,-0.00034896176657639444,-0.007479129359126091,11.925145149230957
440,0.44044044613838196,56.718685150146484,-0.0003489325172267854,-0.007565762382000685,12.181642532348633
441,0.44144144654273987,56.76681137084961,-0.00034538289764896035,-0.008522902615368366,14.956212043762207
442,0.4424424469470978,56.814979553222656,-0.00034744443837553263,-0.008838769048452377,15.874343872070312
443,0.4434434473514557,56.86318588256836,-0.0003345152363181114,-0.010255534201860428,19.996484756469727
444,0.4444444477558136,56.911434173583984,-0.0003390187048353255,-0.009882261045277119,18.91236686706543
445,0.4454454481601715,56.95972442626953,-0.000349038396961987,-0.008794939145445824,15.836895942687988
446,0.4464464485645294,57.008056640625,-0.0003375180531293154,-0.009910213761031628,19.209421157836914
447,0.44744744896888733,57.056427001953125,-0.0003388289478607476,-0.009663620963692665,18.668699264526367
448,0.44844844937324524,57.10483932495117,-0.00033808453008532524,-0.009948914870619774,19.736560821533203
449,0.44944944977760315,57.153297424316406,-0.0003355785447638482,-0.010848275385797024,22.591594696044922
450,0.45045045018196106,57.20178985595703,-0.0003399428678676486,-0.010449081659317017,21.599750518798828
451,0.45145145058631897,57.25032424926758,-0.0003454828110989183,-0.009798221290111542,19.91278648376465
452,0.4524524509906769,57.29890060424805,-0.0003421708825044334,-0.010531657375395298,22.18724250793457
453,0.4534534513950348,57.3475227355957,-0.0003417941916268319,-0.010636771097779274,22.5970516204834
454,0.4544544517993927,57.396183013916016,-0.00034524372313171625,-0.0100511834025383,20.963054656982422
455,0.4554554522037506,57.444881439208984,-0.0003473054966889322,-0.009712481871247292,20.00370979309082
456,0.4564564526081085,57.49362564086914,-0.0003505963832139969,-0.009277189150452614,18.697235107421875
457,0.45745745301246643,57.54240417480469,-0.00034779583802446723,-0.009812744334340096,20.080829620361328
458,0.45845845341682434,57.59122848510742,-0.000355478870915249,-0.009333035908639431,18.574453353881836
459,0.45945945382118225,57.640098571777344,-0.0003456449485383928,-0.010256183333694935,21.083784103393555
460,0.46046045422554016,57.68900680541992,-0.00034339746343903244,-0.010383705608546734,21.33719253540039
461,0.46146145462989807,57.73795700073242,-0.0003495248674880713,-0.009798170998692513,19.564809799194336
462,0.462462455034256,57.786949157714844,-0.0003477731952443719,-0.009717962704598904,19.290069580078125
463,0.4634634554386139,57.83598327636719,-0.00033520336728543043,-0.010534342378377914,21.69524383544922
464,0.4644644558429718,57.88505554199219,-0.00033954056561924517,-0.009857659228146076,19.714387893676758
465,0.4654654562473297,57.934165954589844,-0.00034967472311109304,-0.00866443570703268,16.27135467529297
466,0.4664664566516876,57.98332977294922,-0.00035309913801029325,-0.008105200715363026,14.719476699829102
467,0.46746745705604553,58.03252410888672,-0.0003543815400917083,-0.008097318932414055,14.798883438110352
468,0.46846845746040344,58.08176803588867,-0.0003553766873665154,-0.008283688686788082,15.42973804473877
469,0.46946945786476135,58.131046295166016,-0.00036044884473085403,-0.007310891058295965,12.789538383483887
470,0.47047045826911926,58.18037414550781,-0.00035715627018362284,-0.008600878529250622,16.412391662597656
471,0.4714714586734772,58.229740142822266,-0.00035803692298941314,-0.008589782752096653,16.343921661376953
472,0.4724724590778351,58.27914810180664,-0.0003557886811904609,-0.008804146200418472,16.85433006286621
473,0.473473459482193,58.32859802246094,-0.00035306840436533093,-0.009154814295470715,17.775657653808594
474,0.4744744598865509,58.37809371948242,-0.0003528617671690881,-0.009355825372040272,18.362823486328125
475,0.4754754602909088,58.42762756347656,-0.0003429235948715359,-0.01036024559289217,21.312097549438477
476,0.4764764606952667,58.47719955444336,-0.0003333799832034856,-0.011284817941486835,24.159507751464844
477,0.47747746109962463,58.52682113647461,-0.00032977829687297344,-0.01119340118020773,24.07038688659668
478,0.47847846150398254,58.57647705078125,-0.00032773910788819194,-0.01150305662304163,25.24428939819336
479,0.47947946190834045,58.626182556152344,-0.0003277925425209105,-0.010226945392787457,21.608327865600586
480,0.48048046231269836,58.675926208496094,-0.0003280977834947407,-0.010336413979530334,22.146442413330078
481,0.4814814627170563,58.725711822509766,-0.00033053255174309015,-0.011409414000809193,25.5006046295166
482,0.4824824631214142,58.775543212890625,-0.0003324474673718214,-0.011509261094033718,25.845531463623047
483,0.4834834635257721,58.82541275024414,-0.00033478508703410625,-0.01181971188634634,26.84352684020996
484,0.48448446393013,58.875328063964844,-0.0003375639207661152,-0.012246789410710335,28.190563201904297
485,0.4854854643344879,58.92528533935547,-0.00033668201649561524,-0.012159123085439205,28.011537551879883
486,0.4864864647388458,58.97528076171875,-0.000331664748955518,-0.010727413929998875,23.71004295349121
487,0.4874874949455261,59.025325775146484,-0.00033318554051220417,-0.011820142157375813,26.960384368896484
488,0.48848849534988403,59.07540512084961,-0.00033497746335342526,-0.01221552025526762,28.142471313476562
489,0.48948949575424194,59.12553024291992,-0.000344666070304811,-0.013206863775849342,31.10216522216797
490,0.49049049615859985,59.17570114135742,-0.0003404294839128852,-0.012878349982202053,30.18294906616211
491,0.49149149656295776,59.22591781616211,-0.0003454844409134239,-0.013282383792102337,31.340768814086914
492,0.4924924969673157,59.27616500854492,-0.00033373956102877855,-0.01219179481267929,28.110353469848633
493,0.4934934973716736,59.32646560668945,-0.00033222686033695936,-0.012051846832036972,27.67715835571289
494,0.4944944977760315,59.376800537109375,-0.00032758788438513875,-0.01108606904745102,24.765596389770508
495,0.4954954981803894,59.427181243896484,-0.00032662966987118125,-0.01148656290024519,26.04053497314453
496,0.4964964985847473,59.47761154174805,-0.0003241572994738817,-0.011137394234538078,24.976613998413086
497,0.4974974989891052,59.528072357177734,-0.00032373948488384485,-0.010588237084448338,23.250669479370117
498,0.49849849939346313,59.57858657836914,-0.0003231726004742086,-0.010482578538358212,22.897506713867188
499,0.49949949979782104,59.62913513183594,-0.0003272237372584641,-0.00987358670681715,21.00144386291504
500,0.500500500202179,59.67972946166992,-0.00031892757397145033,-0.011032640002667904,24.596324920654297
501,0.5015015006065369,59.73036575317383,-0.0003186308895237744,-0.011705994606018066,26.750720977783203
502,0.5025025010108948,59.78105163574219,-0.0003162100329063833,-0.010909252800047398,24.31909942626953
503,0.5035035014152527,59.83177947998047,-0.0003149385447613895,-0.010868681594729424,24.326936721801758
504,0.5045045018196106,59.88254165649414,-0.0003152400313410908,-0.010869977064430714,24.48955535888672
505,0.5055055022239685,59.93335723876953,-0.00032603860017843544,-0.0124895628541708,29.679405212402344
506,0.5065065026283264,59.98421096801758,-0.00033280765637755394,-0.012932000681757927,31.121898651123047
507,0.5075075030326843,60.03510665893555,-0.00032824816298671067,-0.01242147758603096,29.65262222290039
508,0.5085085034370422,60.08604431152344,-0.0003352974308654666,-0.012895199470221996,31.059438705444336
509,0.5095095038414001,60.13703155517578,-0.00032821897184476256,-0.011991727165877819,28.304712295532227
510,0.5105105042457581,60.18806076049805,-0.00033788970904424787,-0.01282217726111412,30.795408248901367
511,0.511511504650116,60.2391242980957,-0.00033777242060750723,-0.012765597552061081,30.60854148864746
512,0.5125125050544739,60.29024124145508,-0.000344679196132347,-0.013350838795304298,32.32011795043945
513,0.5135135054588318,60.341392517089844,-0.0003507175133563578,-0.013867152854800224,33.77132034301758
514,0.5145145058631897,60.39259719848633,-0.0003506244393065572,-0.013864434324204922,33.70566940307617
515,0.5155155062675476,60.44384002685547,-0.00035244840546511114,-0.014035817235708237,34.158355712890625
516,0.5165165066719055,60.495121002197266,-0.0003469797084107995,-0.013686317019164562,33.071258544921875
517,0.5175175070762634,60.54645538330078,-0.0003470613737590611,-0.013927163556218147,33.73222732543945
518,0.5185185074806213,60.59783172607422,-0.0003298663650639355,-0.012400651350617409,29.25082778930664
519,0.5195195078849792,60.64924621582031,-0.0003253476752433926,-0.011604527942836285,26.859867095947266
520,0.5205205082893372,60.700706481933594,-0.00032591549097560346,-0.011093107052147388,25.36214828491211
521,0.5215215086936951,60.75221252441406,-0.00032393596484325826,-0.011694527231156826,27.275392532348633
522,0.522522509098053,60.80376434326172,-0.00032357039162889123,-0.011910902336239815,27.987951278686523
523,0.5235235095024109,60.85535430908203,-0.000323213345836848,-0.011279644444584846,26.11155128479004
524,0.5245245099067688,60.90699005126953,-0.0003253887698519975,-0.010848702862858772,24.82533836364746
525,0.5255255103111267,60.95866775512695,-0.0003294858615845442,-0.010451366193592548,23.565494537353516
526,0.5265265107154846,61.01039123535156,-0.00034156697802245617,-0.009508563205599785,20.68065643310547
527,0.5275275111198425,61.06216049194336,-0.00033352983882650733,-0.010098441503942013,22.35660171508789
528,0.5285285115242004,61.11397171020508,-0.0003360861446708441,-0.0098531199619174,21.563196182250977
529,0.5295295119285583,61.165828704833984,-0.00032571557676419616,-0.010697782039642334,24.11223793029785
530,0.5305305123329163,61.21773147583008,-0.0003228185814805329,-0.011070222593843937,25.33936882019043
531,0.5315315127372742,61.26966857910156,-0.000324842578265816,-0.010680257342755795,24.260345458984375
532,0.5325325131416321,61.3216552734375,-0.0003322404227219522,-0.009798651561141014,21.736936569213867
533,0.53353351354599,61.373695373535156,-0.0003324065182823688,-0.00968930870294571,21.570798873901367
534,0.5345345139503479,61.4257698059082,-0.000328145019011572,-0.009977980516850948,22.56307029724121
535,0.5355355143547058,61.47788619995117,-0.0003238455974496901,-0.011279679834842682,26.63972282409668
536,0.5365365147590637,61.530052185058594,-0.0003345925360918045,-0.009703985415399075,21.878267288208008
537,0.5375375151634216,61.5822639465332,-0.00034655089257285,-0.008993810974061489,19.80592918395996
538,0.5385385155677795,61.63451385498047,-0.00034471615799702704,-0.009516079910099506,21.36178207397461
539,0.5395395755767822,61.68681716918945,-0.0003378914843779057,-0.01044231653213501,24.088247299194336
540,0.5405405759811401,61.73915481567383,-0.0003396137908566743,-0.010092471726238728,23.043048858642578
541,0.541541576385498,61.791542053222656,-0.00034411842352710664,-0.009571095928549767,21.52872085571289
542,0.542542576789856,61.843971252441406,-0.0003346142766531557,-0.010613931342959404,24.62335205078125
543,0.5435435771942139,61.89645004272461,-0.00033234627335332334,-0.011037238873541355,25.905195236206055
544,0.5445445775985718,61.94896697998047,-0.00033191347029060125,-0.011157918721437454,26.254526138305664
545,0.5455455780029297,62.001529693603516,-0.00033228611573576927,-0.011159108951687813,26.259706497192383
546,0.5465465784072876,62.05413818359375,-0.0003307847073301673,-0.011666972190141678,27.759078979492188
547,0.5475475788116455,62.10679244995117,-0.0003320825635455549,-0.01197697501629591,28.651824951171875
548,0.5485485792160034,62.159488677978516,-0.00033418272505514324,-0.012129847891628742,29.05984878540039
549,0.5495495796203613,62.21223068237305,-0.0003362975548952818,-0.012127866968512535,28.999385833740234
550,0.5505505800247192,62.26502227783203,-0.0003424759197514504,-0.011460513807833195,26.991281509399414
551,0.5515515804290771,62.31785202026367,-0.00034195941407233477,-0.012165144085884094,29.020517349243164
552,0.5525525808334351,62.3707275390625,-0.00034019906888715923,-0.013573691248893738,33.13993835449219
553,0.553553581237793,62.42365264892578,-0.0003428127383813262,-0.01318860799074173,32.093589782714844
554,0.5545545816421509,62.476619720458984,-0.0003443326859269291,-0.012675363570451736,30.715023040771484
555,0.5555555820465088,62.52962875366211,-0.0003408745978958905,-0.013000129722058773,31.807525634765625
556,0.5565565824508667,62.58268737792969,-0.00033698062179610133,-0.013390694744884968,33.12881851196289
557,0.5575575828552246,62.63578796386719,-0.0003335148503538221,-0.0129286739975214,31.93268585205078
558,0.5585585832595825,62.688934326171875,-0.00032909464789554477,-0.012326174415647984,30.33216667175293
559,0.5595595836639404,62.74212646484375,-0.0003247592831030488,-0.011619249358773232,28.37299919128418
560,0.5605605840682983,62.79536437988281,-0.0003213016898371279,-0.010817069560289383,26.019838333129883
561,0.5615615844726562,62.8486442565918,-0.0003148930845782161,-0.011408361606299877,28.01786231994629
562,0.5625625848770142,62.901973724365234,-0.0003141337656415999,-0.012052849866449833,30.172996520996094
563,0.5635635852813721,62.955345153808594,-0.0003207929548807442,-0.013297181576490402,34.18495178222656
564,0.56456458568573,63.008766174316406,-0.00031746053718961775,-0.012797963805496693,32.696537017822266
565,0.5655655860900879,63.062225341796875,-0.0003222152590751648,-0.013374005444347858,34.52292251586914
566,0.5665665864944458,63.11573791503906,-0.00032279829611070454,-0.013286103494465351,34.3036003112793
567,0.5675675868988037,63.16929244995117,-0.0003270151501055807,-0.013728911988437176,35.762420654296875
568,0.5685685873031616,63.2228889465332,-0.00032962000113911927,-0.013929590582847595,36.34901809692383
569,0.5695695877075195,63.27653503417969,-0.00033030196209438145,-0.013731139712035656,35.64139938354492
570,0.5705705881118774,63.33022689819336,-0.0003349502803757787,-0.014175716787576675,36.77845764160156
571,0.5715715885162354,63.38396072387695,-0.000334950746037066,-0.01377963088452816,35.41502380371094
572,0.5725725889205933,63.437744140625,-0.0003393152728676796,-0.014320161193609238,36.93940353393555
573,0.5735735893249512,63.4915657043457,-0.0003334718639962375,-0.01321045495569706,33.595481872558594
574,0.5745745897293091,63.545440673828125,-0.00034012418473139405,-0.014219529926776886,36.64182662963867
575,0.575575590133667,63.599361419677734,-0.0003379309782758355,-0.013893342576920986,35.835693359375
576,0.5765765905380249,63.65332794189453,-0.0003373228828422725,-0.01395067572593689,36.270957946777344
577,0.5775775909423828,63.707332611083984,-0.00033375906059518456,-0.013648576103150845,35.65407180786133
578,0.5785785913467407,63.761390686035156,-0.0003332725027576089,-0.01366401370614767,35.95961380004883
579,0.5795795917510986,63.815494537353516,-0.0003271269961260259,-0.013141569681465626,34.58624267578125
580,0.5805805921554565,63.8696403503418,-0.0003333257627673447,-0.01390338409692049,37.028507232666016
581,0.5815815925598145,63.92383575439453,-0.00034417217830196023,-0.01531040295958519,41.213706970214844
582,0.5825825929641724,63.97807693481445,-0.0003440349246375263,-0.015649303793907166,42.15910339355469
583,0.5835835933685303,64.03236389160156,-0.00034602551022544503,-0.016324393451213837,43.98137664794922
584,0.5845845937728882,64.0866928100586,-0.00034856272395700216,-0.016992112621665,45.688961029052734
585,0.5855855941772461,64.14107513427734,-0.00034992897417396307,-0.017306983470916748,46.348148345947266
586,0.586586594581604,64.19549560546875,-0.00034499677713029087,-0.016657959669828415,44.374603271484375
587,0.5875875949859619,64.24996948242188,-0.00034494639839977026,-0.01669834740459919,44.5240478515625
588,0.5885885953903198,64.30448150634766,-0.0003420997818466276,-0.01626165397465229,43.3501091003418
589,0.5895895957946777,64.35903930664062,-0.00033649647957645357,-0.015265022404491901,40.61553955078125
590,0.5905905961990356,64.41365814208984,-0.00033534131944179535,-0.015127069316804409,40.44526672363281
591,0.5915915966033936,64.46830749511719,-0.0003311983309686184,-0.01438737753778696,38.486167907714844
592,0.5925925970077515,64.52301025390625,-0.0003291295433882624,-0.014152096584439278,38.010772705078125
593,0.5935935974121094,64.5777587890625,-0.00033182615879923105,-0.014924325048923492,40.52779006958008
594,0.5945945978164673,64.63255310058594,-0.00032740607275627553,-0.014146881178021431,38.306610107421875
595,0.5955955982208252,64.68739318847656,-0.00032576118246652186,-0.013936632312834263,37.78410339355469
596,0.5965965986251831,64.74227905273438,-0.00032446515979245305,-0.013860143721103668,37.71613693237305
597,0.597597599029541,64.7972183227539,-0.0003227966371923685,-0.013754520565271378,37.67763900756836
598,0.5985985994338989,64.8521957397461,-0.0003192542935721576,-0.013340950943529606,36.6998291015625
599,0.5995995998382568,64.9072265625,-0.00031864526681602,-0.013210861943662167,36.46676254272461
600,0.6006006002426147,64.96229553222656,-0.00030281211365945637,-0.011349077336490154,30.433977127075195
601,0.6016016006469727,65.01741790771484,-0.0003114956198260188,-0.01231937762349844,33.37342071533203
602,0.6026026010513306,65.07258605957031,-0.00032123399432748556,-0.01325229648500681,35.99288558959961
603,0.6036036014556885,65.12779998779297,-0.00031451621907763183,-0.012416938319802284,33.11471176147461
604,0.6046046018600464,65.18305969238281,-0.0003181057109031826,-0.012909552082419395,34.50232696533203
605,0.6056056022644043,65.23836517333984,-0.00031653052428737283,-0.012819427065551281,34.22874450683594
606,0.6066066026687622,65.2937240600586,-0.000314777425955981,-0.012671700678765774,33.8095703125
607,0.6076076030731201,65.34912872314453,-0.00031116799800656736,-0.01194021012634039,31.519319534301758
608,0.608608603477478,65.40457916259766,-0.0003101327456533909,-0.012043229304254055,31.90570068359375
609,0.6096096038818359,65.46007537841797,-0.00030960125150159,-0.012209923006594181,32.50503158569336
610,0.6106106042861938,65.51561737060547,-0.000308610760839656,-0.011610196903347969,30.664003372192383
611,0.6116116046905518,65.57120513916016,-0.00030850619077682495,-0.011778260581195354,31.406858444213867
612,0.6126126050949097,65.62684631347656,-0.0003094755520578474,-0.0116867795586586,31.285520553588867
613,0.6136136054992676,65.68252563476562,-0.0003106850490439683,-0.012698213569819927,34.65979766845703
614,0.6146146059036255,65.7382583618164,-0.0003118430613540113,-0.012850774452090263,35.21928405761719
615,0.6156156063079834,65.79403686523438,-0.00031299973488785326,-0.01332662720233202,36.79766082763672
616,0.6166166067123413,65.84986877441406,-0.0003136026207357645,-0.013764459639787674,38.22584915161133
617,0.6176176071166992,65.9057388305664,-0.0003146519884467125,-0.014237199909985065,39.706722259521484
618,0.6186186075210571,65.96166229248047,-0.00031511287670582533,-0.014370922930538654,40.081016540527344
619,0.619619607925415,66.01763153076172,-0.0003160943160764873,-0.014604355208575726,40.75969314575195
620,0.620620608329773,66.07364654541016,-0.0003149948606733233,-0.014240633696317673,39.51225280761719
621,0.6216216087341309,66.12971496582031,-0.00031514064176008105,-0.014124804176390171,39.04002380371094
622,0.6226226091384888,66.18582916259766,-0.0003155657323077321,-0.013837226666510105,37.99110412597656
623,0.6236236095428467,66.24198150634766,-0.000317595899105072,-0.014155246317386627,38.86779022216797
624,0.6246246099472046,66.29818725585938,-0.000319312879582867,-0.01354892086237669,36.90605926513672
625,0.6256256103515625,66.35443878173828,-0.00032082124380394816,-0.013940470293164253,38.185123443603516
626,0.6266266107559204,66.4107437133789,-0.000327037792885676,-0.01233625877648592,33.2969970703125
627,0.6276276111602783,66.46709442138672,-0.0003276467905379832,-0.012528765946626663,34.00016784667969
628,0.6286286115646362,66.52349090576172,-0.0003319541283417493,-0.011191407218575478,30.03546905517578
629,0.6296296119689941,66.57994079589844,-0.0003334467182867229,-0.010439385659992695,27.866397857666016
630,0.630630612373352,66.63642883300781,-0.0003341399133205414,-0.009676688350737095,25.641117095947266
631,0.63163161277771,66.6929702758789,-0.0003344843862578273,-0.008985692635178566,23.561738967895508
632,0.6326326131820679,66.74955749511719,-0.00033002489362843335,-0.00947089958935976,24.998197555541992
633,0.6336336135864258,66.80619812011719,-0.0003323812270537019,-0.008551917970180511,22.198535919189453
634,0.6346346139907837,66.86288452148438,-0.00033362075919285417,-0.008024120703339577,20.51825523376465
635,0.6356356143951416,66.91961669921875,-0.00033592525869607925,-0.007420447655022144,18.564577102661133
636,0.6366366147994995,66.97640228271484,-0.00033032632200047374,-0.008088129572570324,20.451108932495117
637,0.6376376152038574,67.0332260131836,-0.0003244922845624387,-0.008460016921162605,21.504323959350586
638,0.6386386156082153,67.0901107788086,-0.0003281979006715119,-0.007778299506753683,19.350309371948242
639,0.6396396160125732,67.14703369140625,-0.00032436882611364126,-0.008049599826335907,20.17081069946289
640,0.6406406164169312,67.20401000976562,-0.0003138482279609889,-0.00912065152078867,23.587282180786133
641,0.6416416764259338,67.26103210449219,-0.00030830857576802373,-0.009736944921314716,25.70074462890625
642,0.6426426768302917,67.31810760498047,-0.0003129236283712089,-0.00912014115601778,23.864675521850586
643,0.6436436772346497,67.37522888183594,-0.0003139220643788576,-0.00896831601858139,23.598440170288086
644,0.6446446776390076,67.4323959350586,-0.00030945256003178656,-0.009497991763055325,25.53223419189453
645,0.6456456780433655,67.48960876464844,-0.0003160865162499249,-0.00872093252837658,23.279613494873047
646,0.6466466784477234,67.546875,-0.0003225242253392935,-0.007941796444356441,21.011995315551758
647,0.6476476788520813,67.60418701171875,-0.00032809338881634176,-0.006785186007618904,17.57935333251953
648,0.6486486792564392,67.66155242919922,-0.0003278953954577446,-0.006618356332182884,17.193470001220703
649,0.6496496796607971,67.71896362304688,-0.0003253117320127785,-0.0074842204339802265,19.949447631835938
650,0.650650680065155,67.77642822265625,-0.00032539264066144824,-0.006658179219812155,17.547100067138672
651,0.6516516804695129,67.83393859863281,-0.00032377830939367414,-0.006704889237880707,17.737686157226562
652,0.6526526808738708,67.89148712158203,-0.0003165581729263067,-0.005815928801894188,14.910022735595703
653,0.6536536812782288,67.9490966796875,-0.0003083728952333331,-0.00521400012075901,12.887100219726562
654,0.6546546816825867,68.00675201416016,-0.0003142703790217638,-0.005927583668380976,15.136186599731445
655,0.6556556820869446,68.064453125,-0.0003199362545274198,-0.006732925307005644,17.7227783203125
656,0.6566566824913025,68.1222152709961,-0.0003136494487989694,-0.005870344582945108,15.030233383178711
657,0.6576576828956604,68.18000793457031,-0.000313045980874449,-0.0056568775326013565,14.412091255187988
658,0.6586586833000183,68.23786163330078,-0.00031363224843516946,-0.0054641226306557655,13.875809669494629
659,0.6596596837043762,68.29576110839844,-0.0003151409327983856,-0.005314841866493225,13.504721641540527
660,0.6606606841087341,68.35371398925781,-0.00032333325361832976,-0.006100872531533241,16.072696685791016
661,0.661661684513092,68.41171264648438,-0.0003259136574342847,-0.006314335390925407,16.87204360961914
662,0.66266268491745,68.46975708007812,-0.00032629858469590545,-0.0068704551085829735,18.72764778137207
663,0.6636636853218079,68.5278549194336,-0.00032520171953365207,-0.007166961673647165,19.795135498046875
664,0.6646646857261658,68.58599853515625,-0.0003242211532779038,-0.007351566571742296,20.473142623901367
665,0.6656656861305237,68.64419555664062,-0.00031994248274713755,-0.008229061029851437,23.197843551635742
666,0.6666666865348816,68.70243835449219,-0.00032503867987543344,-0.006605072412639856,18.086238861083984
667,0.6676676869392395,68.76073455810547,-0.000325244473060593,-0.0072257667779922485,19.871944427490234
668,0.6686686873435974,68.81907653808594,-0.0003244653926230967,-0.0066368537954986095,17.961069107055664
669,0.6696696877479553,68.87747192382812,-0.0003169105912093073,-0.005306575912982225,13.7274808883667
670,0.6706706881523132,68.9359130859375,-0.0003173891454935074,-0.005517799407243729,14.327889442443848
671,0.6716716885566711,68.9944076538086,-0.0003032934619113803,-0.00386234512552619,8.966144561767578
672,0.672672688961029,69.05294799804688,-0.0002987004118040204,-0.003363804193213582,7.284911155700684
673,0.673673689365387,69.11154174804688,-0.00029760223696939647,-0.0037980545312166214,8.716533660888672
674,0.6746746897697449,69.17018127441406,-0.00029154677758924663,-0.0031388127245008945,6.488673210144043
675,0.6756756901741028,69.22887420654297,-0.0002892597112804651,-0.0023621320724487305,3.8619003295898438
676,0.6766766905784607,69.2876205444336,-0.0002914316428359598,-0.0018009565537795424,1.9926378726959229
677,0.6776776909828186,69.34640502929688,-0.0002837229985743761,-0.00250419694930315,4.4908623695373535
678,0.6786786913871765,69.4052505493164,-0.00028268794994801283,-0.0025351920630782843,4.67745304107666
679,0.6796796917915344,69.4641342163086,-0.00028682767879217863,-0.0020524333231151104,3.1003406047821045
680,0.6806806921958923,69.52307891845703,-0.0002876254147849977,-0.0021247616969048977,3.4685730934143066
681,0.6816816926002502,69.58206939697266,-0.000288361799903214,-0.002372122835367918,4.4025068283081055
682,0.6826826930046082,69.64111328125,-0.0002939654514193535,-0.0020153759978711605,3.2490644454956055
683,0.6836836934089661,69.7001953125,-0.0002950532943941653,-0.003424695460125804,8.065463066101074
684,0.684684693813324,69.75934600830078,-0.000298836239380762,-0.0031540156342089176,7.086942672729492
685,0.6856856942176819,69.81852722167969,-0.0003031836240552366,-0.002574815647676587,5.07702112197876
686,0.6866866946220398,69.87776947021484,-0.00030495738610625267,-0.0030182988848537207,6.45443058013916
687,0.6876876950263977,69.93706512451172,-0.00030497045372612774,-0.0033699364867061377,7.559193134307861
688,0.6886886954307556,69.99640655517578,-0.00030392903136089444,-0.0027523695025593042,5.5041584968566895
689,0.6896896958351135,70.05580139160156,-0.00030150398379191756,-0.002554086735472083,4.906491279602051
690,0.6906906962394714,70.11524200439453,-0.00029663858003914356,-0.0036511814687401056,8.740564346313477
691,0.6916916966438293,70.17473602294922,-0.00029334615101106465,-0.0031186575070023537,7.080256462097168
692,0.6926926970481873,70.23428344726562,-0.00029182995785959065,-0.0028472861740738153,6.24893856048584
693,0.6936936974525452,70.29387664794922,-0.00029503682162612677,-0.0020895437337458134,3.7077765464782715
694,0.6946946978569031,70.353515625,-0.00030454230727627873,-0.0012021937873214483,0.7224928736686707
695,0.695695698261261,70.41321563720703,-0.0003047700156457722,-0.0012421662686392665,0.887876033782959
696,0.6966966986656189,70.47296142578125,-0.00029909031582064927,-0.0019417090807110071,3.291351079940796
697,0.6976976990699768,70.53276062011719,-0.0002951239875983447,-0.002658171346411109,5.728250503540039
698,0.6986986994743347,70.59259796142578,-0.00029445989639498293,-0.0024346578866243362,4.950778961181641
699,0.6996996998786926,70.65249633789062,-0.0002946752938441932,-0.00215888861566782,3.9288382530212402
700,0.7007007002830505,70.71244812011719,-0.000285592395812273,-0.003807240631431341,9.518538475036621
701,0.7017017006874084,70.77244567871094,-0.0002873059129342437,-0.0029277766589075327,6.346084117889404
702,0.7027027010917664,70.83250427246094,-0.000284160312730819,-0.004362589679658413,11.286048889160156
703,0.7037037014961243,70.8926010131836,-0.0002845157578121871,-0.003771780524402857,9.142180442810059
704,0.7047047019004822,70.95275115966797,-0.0002856662613339722,-0.0036890716291964054,8.893342018127441
705,0.7057057023048401,71.0129623413086,-0.0002865727001335472,-0.003893386572599411,9.75883960723877
706,0.706706702709198,71.07321166992188,-0.0002873921184800565,-0.003081709146499634,7.136175632476807
707,0.7077077031135559,71.1335220336914,-0.0002875562640838325,-0.0027370331808924675,6.151226043701172
708,0.7087087035179138,71.19387817382812,-0.00028627546271309257,-0.002961218822747469,7.1074981689453125
709,0.7097097039222717,71.25428771972656,-0.00028775804094038904,-0.003990347031503916,10.794196128845215
710,0.7107107043266296,71.31475067138672,-0.0002915106597356498,-0.004731395747512579,13.356147766113281
711,0.7117117047309875,71.37525939941406,-0.00029646887560375035,-0.005593533162027597,16.25284194946289
712,0.7127127051353455,71.4358139038086,-0.0002988239284604788,-0.00632706843316555,18.730064392089844
713,0.7137137055397034,71.4964370727539,-0.00029829246341250837,-0.007152477744966745,21.575836181640625
714,0.7147147059440613,71.55709838867188,-0.0002989263739436865,-0.006423694081604481,19.15439796447754
715,0.7157157063484192,71.61781311035156,-0.0002997405536007136,-0.006813553627580404,20.391992568969727
716,0.7167167067527771,71.67858123779297,-0.0003003000165335834,-0.005683982279151678,16.559951782226562
717,0.717717707157135,71.7394027709961,-0.0002996188122779131,-0.005062260199338198,14.38023853302002
718,0.7187187075614929,71.8002700805664,-0.0002982483129017055,-0.004566338378936052,12.587751388549805
719,0.7197197079658508,71.86119842529297,-0.0002998439595103264,-0.0048924763686954975,13.506647109985352
720,0.7207207083702087,71.92217254638672,-0.000302004162222147,-0.005662283860146999,15.926939964294434
721,0.7217217087745667,71.98320007324219,-0.00029928152798675,-0.005354747641831636,14.839396476745605
722,0.7227227091789246,72.04427337646484,-0.00029741210164502263,-0.0053786528296768665,14.828866958618164
723,0.7237237095832825,72.10540771484375,-0.00029549674945883453,-0.005611191038042307,15.507229804992676
724,0.7247247099876404,72.16658782958984,-0.000293963763397187,-0.0060578640550374985,16.965316772460938
725,0.7257257103919983,72.22782135009766,-0.0002917978272307664,-0.00597922969609499,16.707534790039062
726,0.7267267107963562,72.28910827636719,-0.0002892215270549059,-0.005328858271241188,14.525074005126953
727,0.7277277112007141,72.3504409790039,-0.000288694747723639,-0.004706451669335365,12.451931953430176
728,0.728728711605072,72.41183471679688,-0.00028961102361790836,-0.004648209549486637,12.326427459716797
729,0.7297297120094299,72.47327423095703,-0.00029078705119900405,-0.005848260596394539,16.54163932800293
730,0.7307307124137878,72.53477478027344,-0.00029228528728708625,-0.005708699114620686,16.130046844482422
731,0.7317317128181458,72.59632110595703,-0.00029378305771388113,-0.005214742850512266,14.544048309326172
732,0.7327327132225037,72.65791320800781,-0.00029556878143921494,-0.0062260739505290985,18.09284019470215
733,0.7337337136268616,72.71956634521484,-0.00029468321008607745,-0.005117356311529875,14.54491138458252
734,0.7347347140312195,72.78126525878906,-0.0002917448291555047,-0.004598225001245737,12.98497486114502
735,0.7357357144355774,72.84302520751953,-0.0002906341396737844,-0.00490002054721117,14.197379112243652
736,0.7367367148399353,72.90483093261719,-0.0002838084474205971,-0.003956970293074846,11.064044952392578
737,0.7377377152442932,72.96669006347656,-0.0002797323977574706,-0.0036135485861450434,9.879581451416016
738,0.7387387156486511,73.02860260009766,-0.00027640623738989234,-0.0034717207308858633,9.3699951171875
739,0.739739716053009,73.09056854248047,-0.00027407100424170494,-0.0038330131210386753,10.682025909423828
740,0.7407407164573669,73.152587890625,-0.00027695836615748703,-0.00490769324824214,14.678318977355957
741,0.7417417168617249,73.21465301513672,-0.00027184648206457496,-0.0037925723008811474,10.712727546691895
742,0.7427427172660828,73.27677917480469,-0.00027381532709114254,-0.004162114579230547,12.149138450622559
743,0.7437437772750854,73.33895874023438,-0.0002756226749625057,-0.004347741603851318,12.886834144592285
744,0.7447447776794434,73.40119171142578,-0.0002793294843286276,-0.004854710306972265,14.741069793701172
745,0.7457457780838013,73.46347045898438,-0.00028163776732981205,-0.005225495435297489,16.104406356811523
746,0.7467467784881592,73.52580261230469,-0.00028098002076148987,-0.005075558088719845,15.607269287109375
747,0.7477477788925171,73.58819580078125,-0.0002764097589533776,-0.003925286699086428,11.479839324951172
748,0.748748779296875,73.65062713623047,-0.0002765072858892381,-0.003926515579223633,11.435102462768555
749,0.7497497797012329,73.71311950683594,-0.00027641543420031667,-0.0034289381001144648,9.539756774902344
750,0.7507507801055908,73.77567291259766,-0.0002772495208773762,-0.0031578808557242155,8.407914161682129
751,0.7517517805099487,73.83826446533203,-0.00028051421395502985,-0.0023049984592944384,5.148097038269043
752,0.7527527809143066,73.90092468261719,-0.0002809645957313478,-0.0023065507411956787,4.89573335647583
753,0.7537537813186646,73.963623046875,-0.000277939805528149,-0.003511907998472452,8.975865364074707
754,0.7547547817230225,74.02638244628906,-0.00027766803395934403,-0.00355366338044405,8.980396270751953
755,0.7557557821273804,74.08919525146484,-0.00027728799614124,-0.0032535225618630648,7.90902042388916
756,0.7567567825317383,74.15206146240234,-0.00027692964067682624,-0.0030468639452010393,7.215932846069336
757,0.7577577829360962,74.21498107910156,-0.0002791855949908495,-0.002322764601558447,4.7147016525268555
758,0.7587587833404541,74.2779541015625,-0.0002802027156576514,-0.0021185842342674732,4.1054792404174805
759,0.759759783744812,74.34097290039062,-0.00027981444145552814,-0.0022886376827955246,4.8413615226745605
760,0.7607607841491699,74.404052734375,-0.0002811604936141521,-0.002155544236302376,4.491350173950195
761,0.7617617845535278,74.4671859741211,-0.0002805750700645149,-0.002551973331719637,6.068005561828613
762,0.7627627849578857,74.53038024902344,-0.00028165910043753684,-0.002660861238837242,6.670405387878418
763,0.7637637853622437,74.59361267089844,-0.0002873920602723956,-0.0016024846117943525,3.140381336212158
764,0.7647647857666016,74.65690612792969,-0.00028681039111688733,-0.002091149566695094,4.951144218444824
765,0.7657657861709595,74.72025299072266,-0.0002917932579293847,-0.0007646914455108345,0.41350388526916504
766,0.7667667865753174,74.78365325927734,-0.00029402135987766087,0.0002041283150902018,-2.8882265090942383
767,0.7677677869796753,74.84710693359375,-0.00029464715044014156,-0.00018189761613029987,-1.603220820426941
768,0.7687687873840332,74.91061401367188,-0.0002949883055407554,-0.00041937181958928704,-0.8373525142669678
769,0.7697697877883911,74.97418212890625,-0.0002948403125628829,0.00014338204346131533,-2.792365074157715
770,0.770770788192749,75.03779602050781,-0.0002939428959507495,0.0005273877177387476,-4.154959201812744
771,0.7717717885971069,75.1014633178711,-0.00029269495280459523,0.0009197045583277941,-5.519118309020996
772,0.7727727890014648,75.1651840209961,-0.0002916697703767568,0.00027586304349824786,-3.292910099029541
773,0.7737737894058228,75.22896575927734,-0.00029067619470879436,-6.836335523985326e-05,-2.0657799243927
774,0.7747747898101807,75.29280090332031,-0.0002876714861486107,0.0005558475968427956,-4.122260093688965
775,0.7757757902145386,75.35668182373047,-0.0002869670861400664,0.0001286332990275696,-2.511353015899658
776,0.7767767906188965,75.42062377929688,-0.000287286180537194,-0.0002876491635106504,-0.9208507537841797
777,0.7777777910232544,75.484619140625,-0.00028740178095176816,-0.0003941371978726238,-0.39290425181388855
778,0.7787787914276123,75.54866790771484,-0.00028723120340146124,-0.0006054838304407895,0.46887174248695374
779,0.7797797918319702,75.6127700805664,-0.0002864233683794737,-0.000315234501613304,-0.491637259721756
780,0.7807807922363281,75.67693328857422,-0.00028626489802263677,-0.00037960580084472895,-0.26989102363586426
781,0.781781792640686,75.74114227294922,-0.0002877071383409202,0.0005936792003922164,-3.7228598594665527
782,0.782782793045044,75.80540466308594,-0.00028408021898940206,-0.00021271425066515803,-1.0293246507644653
783,0.7837837934494019,75.8697280883789,-0.0002846920979209244,8.547111792722717e-05,-2.258512020111084
784,0.7847847938537598,75.9341049194336,-0.0002829731965903193,5.35332910658326e-05,-2.336181879043579
785,0.7857857942581177,75.99853515625,-0.0002744393714237958,-0.0007264493615366518,0.32285165786743164
786,0.7867867946624756,76.06301879882812,-0.0002811755985021591,7.685885793762282e-05,-2.6875107288360596
787,0.7877877950668335,76.1275634765625,-0.00028396202833391726,0.00035718188155442476,-3.7859792709350586
788,0.7887887954711914,76.19215393066406,-0.0002825100382324308,0.0002127467596437782,-3.345505475997925
789,0.7897897958755493,76.25680541992188,-0.0002834931365214288,0.0002996936673298478,-3.685347080230713
790,0.7907907962799072,76.3215103149414,-0.0002766815014183521,-0.0004314699617680162,-1.0744379758834839
791,0.7917917966842651,76.38626861572266,-0.0002759249182417989,-0.0005417829379439354,-0.6191028952598572
792,0.792792797088623,76.45108032226562,-0.0002740926865953952,-0.0008670588722452521,0.6126964688301086
793,0.793793797492981,76.51595306396484,-0.00027470634086057544,-0.000888715498149395,0.6899228096008301
794,0.7947947978973389,76.58087921142578,-0.00026997842360287905,-0.00201005139388144,4.75412654876709
795,0.7957957983016968,76.64585876464844,-0.0002684056817088276,-0.0022429272066801786,5.558809280395508
796,0.7967967987060547,76.71089172363281,-0.0002711501147132367,-0.0015267978888005018,2.8445115089416504
797,0.7977977991104126,76.7759780883789,-0.00027512371889315546,-0.0007270582718774676,-0.13404691219329834
798,0.7987987995147705,76.84112548828125,-0.00027366640279069543,-0.000923353829421103,0.5839723348617554
799,0.7997997999191284,76.90632629394531,-0.00027315030456520617,-0.0008979341364465654,0.5502353310585022
800,0.8008008003234863,76.97157287597656,-0.0002727583050727844,-0.0007275266689248383,0.010018110275268555
801,0.8018018007278442,77.03689575195312,-0.0002734338049776852,3.2107716833706945e-05,-2.729604721069336
802,0.8028028011322021,77.10225677490234,-0.0002696399169508368,-0.0006307961884886026,-0.3005988597869873
803,0.8038038015365601,77.16767883300781,-0.0002673158887773752,-0.0015619113110005856,3.145413637161255
804,0.804804801940918,77.233154296875,-0.000267271971097216,-0.0017022377578541636,3.6562442779541016
805,0.8058058023452759,77.29869079589844,-0.00026701364549808204,-0.0011517854873090982,1.574483871459961
806,0.8068068027496338,77.36427307128906,-0.0002686043153516948,-0.0017745448276400566,3.8984570503234863
807,0.8078078031539917,77.42991638183594,-0.00026776688173413277,-0.0009686469566076994,0.949283242225647
808,0.8088088035583496,77.49562072753906,-0.00026943732518702745,-0.0013119431678205729,2.3486547470092773
809,0.8098098039627075,77.56137084960938,-0.00026482256362214684,0.00043116314918734133,-4.001924991607666
810,0.8108108043670654,77.62718963623047,-0.0002646528009790927,0.0010984301334246993,-6.337549209594727
811,0.8118118047714233,77.69306182861328,-0.00026484631234779954,0.0009741471731103957,-5.735058784484863
812,0.8128128051757812,77.75897979736328,-0.00026558342506177723,0.0011524679139256477,-6.342528343200684
813,0.8138138055801392,77.82495880126953,-0.000267448544036597,0.001527386368252337,-7.711954593658447
814,0.8148148059844971,77.8909912109375,-0.00027046940522268414,0.001879401388578117,-9.014053344726562
815,0.815815806388855,77.95708465576172,-0.0002707005478441715,0.0013311028014868498,-7.008800506591797
816,0.8168168067932129,78.02323150634766,-0.0002664898056536913,-8.720947516849265e-05,-1.7877638339996338
817,0.8178178071975708,78.08943176269531,-0.0002658993471413851,-0.00023248163051903248,-1.2697138786315918
818,0.8188188076019287,78.15569305419922,-0.0002688454114831984,0.00024694809690117836,-3.0260539054870605
819,0.8198198080062866,78.22200775146484,-0.00026991876075044274,0.000404348160373047,-3.5384087562561035
820,0.8208208084106445,78.28837585449219,-0.0002783337840810418,0.0016333877574652433,-7.962647438049316
821,0.8218218088150024,78.35481262207031,-0.0002814200706779957,0.0021642642095685005,-9.810440063476562
822,0.8228228092193604,78.4212875366211,-0.0002797359775286168,0.0015581360785290599,-7.6297383308410645
823,0.8238238096237183,78.48783874511719,-0.000281398999504745,0.0016986274858936667,-8.14692497253418
824,0.8248248100280762,78.55442810058594,-0.00028433394618332386,0.0021142621990293264,-9.653019905090332
825,0.8258258104324341,78.62108612060547,-0.00028153733001090586,0.0016355110565200448,-8.007637023925781
826,0.826826810836792,78.68779754638672,-0.0002750281128101051,0.0008353025186806917,-5.1591901779174805
827,0.8278278112411499,78.75455474853516,-0.000276214093901217,0.0010849150130525231,-6.086849689483643
828,0.8288288116455078,78.82138061523438,-0.00027652920107357204,0.001435339218005538,-7.380619049072266
829,0.8298298120498657,78.88825988769531,-0.00027557555586099625,0.0017772376304492354,-8.722441673278809
830,0.8308308124542236,78.9552001953125,-0.00026544122374616563,0.0007792989490553737,-5.082615375518799
831,0.8318318128585815,79.02220153808594,-0.00026428597630001605,0.0009794262005016208,-5.812419414520264
832,0.8328328132629395,79.08924865722656,-0.0002634526463225484,0.0013339061988517642,-7.130850315093994
833,0.8338338136672974,79.15635681152344,-0.00026060862001031637,0.0012493225513026118,-6.768326759338379
834,0.8348348140716553,79.22352600097656,-0.00025642034597694874,0.000726555532310158,-4.683897018432617
835,0.8358358144760132,79.29074096679688,-0.0002537547843530774,0.0004984645056538284,-3.7029247283935547
836,0.8368368148803711,79.35801696777344,-0.0002520811394788325,0.00046518968883901834,-3.508958578109741
837,0.837837815284729,79.42535400390625,-0.0002509572368580848,-0.0010797936702147126,2.654193162918091
838,0.8388388156890869,79.49275207519531,-0.0002512388746254146,-0.0013943978119641542,3.841736316680908
839,0.8398398160934448,79.56019592285156,-0.000253476231591776,-0.0024433182552456856,7.937817573547363
840,0.8408408164978027,79.62770080566406,-0.00025264336727559566,-0.0023354042787104845,7.506714820861816
841,0.8418418169021606,79.69527435302734,-0.0002536234096623957,-0.00290742889046669,9.834567070007324
842,0.8428428173065186,79.76288604736328,-0.00025420577730983496,-0.0031655416823923588,10.956780433654785
843,0.8438438177108765,79.83056640625,-0.00025654546334408224,-0.0040239752270281315,14.433727264404297
844,0.8448448181152344,79.89830780029297,-0.0002586102345958352,-0.0047435336746275425,17.3430118560791
845,0.8458458185195923,79.96610260009766,-0.00025729899061843753,-0.004121665842831135,15.013503074645996
846,0.846846878528595,80.0339584350586,-0.00025816948618739843,-0.004505101125687361,16.558687210083008
847,0.8478478789329529,80.10186004638672,-0.0002579337451606989,-0.0051802415400743484,19.23685073852539
848,0.8488488793373108,80.16983032226562,-0.00025586108677089214,-0.005670193582773209,21.213315963745117
849,0.8498498797416687,80.23786163330078,-0.0002528154873289168,-0.006173472385853529,23.295902252197266
850,0.8508508801460266,80.30593872070312,-0.00024682041839696467,-0.005340851377695799,20.050146102905273
851,0.8518518805503845,80.37407684326172,-0.0002420426462776959,-0.005211384501308203,19.5684871673584
852,0.8528528809547424,80.44227600097656,-0.00023779922048561275,-0.004590291529893875,16.997169494628906
853,0.8538538813591003,80.51052856445312,-0.0002350499271415174,-0.00497527327388525,18.622886657714844
854,0.8548548817634583,80.57884216308594,-0.0002327695256099105,-0.005024064797908068,18.859657287597656
855,0.8558558821678162,80.647216796875,-0.00023415140458382666,-0.00576886348426342,22.11184310913086
856,0.8568568825721741,80.71565246582031,-0.00023105251602828503,-0.0052893743850290775,20.12192153930664
857,0.857857882976532,80.78413391113281,-0.0002289751428179443,-0.004833712242543697,18.130104064941406
858,0.8588588833808899,80.8526840209961,-0.00022924900986254215,-0.004325880669057369,15.868759155273438
859,0.8598598837852478,80.92127990722656,-0.00023153075017035007,-0.005576746538281441,21.239501953125
860,0.8608608841896057,80.98995208740234,-0.00023112256894819438,-0.005510391667485237,20.84595489501953
861,0.8618618845939636,81.05866241455078,-0.00023279950255528092,-0.0059709916822612286,22.728445053100586
862,0.8628628849983215,81.12744903564453,-0.0002345701796002686,-0.006541406270116568,25.12732696533203
863,0.8638638854026794,81.19628143310547,-0.00023137581592891365,-0.005532192066311836,20.741588592529297
864,0.8648648858070374,81.26518249511719,-0.00023332498676609248,-0.005879802629351616,22.2044734954834
865,0.8658658862113953,81.3341293334961,-0.00023421521473210305,-0.005293626803904772,19.755870819091797
866,0.8668668866157532,81.40314483642578,-0.0002355164906475693,-0.004150663502514362,15.024706840515137
867,0.8678678870201111,81.47222137451172,-0.00023608762421645224,-0.003080919850617647,10.65646743774414
868,0.868868887424469,81.54134368896484,-0.00023499132657889277,-0.0023151414934545755,7.5496039390563965
869,0.8698698878288269,81.61053466796875,-0.0002328160626348108,-0.0018453393131494522,5.687806129455566
870,0.8708708882331848,81.6797866821289,-0.00022959185298532248,-0.002426514634862542,8.361024856567383
871,0.8718718886375427,81.74909210205078,-0.0002271207922603935,-0.0028084772638976574,10.20581340789795
872,0.8728728890419006,81.81845092773438,-0.000224836083361879,-0.0023364832159131765,8.206371307373047
873,0.8738738894462585,81.88787078857422,-0.00022474196157418191,-0.0024039321579039097,8.493549346923828
874,0.8748748898506165,81.95735931396484,-0.00022604224795941263,-0.0029610954225063324,10.88437271118164
875,0.8758758902549744,82.02690887451172,-0.00022782001178711653,-0.002774204593151808,9.93923282623291
876,0.8768768906593323,82.09650421142578,-0.00022929256374482065,-0.0031898345332592726,11.616135597229004
877,0.8778778910636902,82.1661605834961,-0.00023155171948019415,-0.004170931410044432,15.813032150268555
878,0.8788788914680481,82.23587799072266,-0.00023187474289443344,-0.003827811684459448,14.379693984985352
879,0.879879891872406,82.30565643310547,-0.00023245913325808942,-0.0035661347210407257,13.3782377243042
880,0.8808808922767639,82.37548828125,-0.00023292770492844284,-0.0031251227483153343,11.618658065795898
881,0.8818818926811218,82.44538116455078,-0.0002327687107026577,-0.0038603825960308313,14.894120216369629
882,0.8828828930854797,82.51534271240234,-0.00023171167413238436,-0.004173255059868097,16.334505081176758
883,0.8838838934898376,82.58535766601562,-0.0002314614539500326,-0.00526607409119606,21.148889541625977
884,0.8848848938941956,82.65543365478516,-0.00022966832329984754,-0.004598850850015879,18.289501190185547
885,0.8858858942985535,82.72557067871094,-0.0002306007081642747,-0.0038144125137478113,14.803531646728516
886,0.8868868947029114,82.7957534790039,-0.00023042077373247594,-0.004309196025133133,16.783763885498047
887,0.8878878951072693,82.86600494384766,-0.00023418170167133212,-0.0032864604145288467,12.207500457763672
888,0.8888888955116272,82.93631744384766,-0.00023558098473586142,-0.003124718554317951,11.392019271850586
889,0.8898898959159851,83.00669860839844,-0.0002381788654020056,-0.002557205967605114,8.892929077148438
890,0.890890896320343,83.0771255493164,-0.00024018985277507454,-0.0019612323958426714,6.3502278327941895
891,0.8918918967247009,83.14761352539062,-0.00023941561812534928,-0.0023238440044224262,7.829314708709717
892,0.8928928971290588,83.21817016601562,-0.00023899601364973933,-0.0022890137042850256,7.654513359069824
893,0.8938938975334167,83.28878021240234,-0.00023826418328098953,-0.0015762236434966326,4.664133548736572
894,0.8948948979377747,83.35945129394531,-0.00023666047491133213,-0.0019035771256312728,6.033536911010742
895,0.8958958983421326,83.43018341064453,-0.00023469618463423103,-0.0017988227773457766,5.582210540771484
896,0.8968968987464905,83.5009765625,-0.00022990914294496179,-0.0008637367864139378,1.5882258415222168
897,0.8978978991508484,83.57182312011719,-0.00023010904260445386,-0.001516524818725884,4.502762794494629
898,0.8988988995552063,83.64273071289062,-0.00022886061924509704,-0.001753412070684135,5.669586181640625
899,0.8998998999595642,83.71370697021484,-0.000224288523895666,-0.0009980557952076197,2.4694056510925293
900,0.9009009003639221,83.78473663330078,-0.00022353828535415232,-0.0010891001438722014,2.9777698516845703
901,0.90190190076828,83.85582733154297,-0.00022220473329070956,-0.0008764546364545822,2.115600109100342
902,0.9029029011726379,83.9269790649414,-0.00022347539197653532,-0.0010934806196019053,3.180856227874756
903,0.9039039015769958,83.99818420410156,-0.0002228631783509627,-0.0006769315805286169,1.3603227138519287
904,0.9049049019813538,84.06946563720703,-0.00022535037714987993,-0.0008924668654799461,2.3100457191467285
905,0.9059059023857117,84.14079284667969,-0.00023000249348115176,-0.0019479600014165044,6.880598545074463
906,0.9069069027900696,84.21219635009766,-0.00023186042380984873,-0.001449089264497161,4.665204048156738
907,0.9079079031944275,84.28364562988281,-0.00023098665405996144,-0.00041088712168857455,0.18666362762451172
908,0.9089089035987854,84.35516357421875,-0.000227704003918916,0.00084057537605986,-5.242892265319824
909,0.9099099040031433,84.42674255371094,-0.0002258642198285088,0.0012951040407642722,-7.247321128845215
910,0.9109109044075012,84.49837493896484,-0.00022426483337767422,0.0017867527203634381,-9.4598388671875
911,0.9119119048118591,84.57007598876953,-0.00022117997286841273,0.0015397495590150356,-8.383004188537598
912,0.912912905216217,84.64183044433594,-0.0002191421517636627,0.0015899735735729337,-8.620281219482422
913,0.913913905620575,84.71365356445312,-0.00022003731282893568,0.0020337761379778385,-10.639999389648438
914,0.9149149060249329,84.78553009033203,-0.00022125021496322006,0.0021713057067245245,-11.226174354553223
915,0.9159159064292908,84.85746765136719,-0.00022422733309213072,0.002513727406039834,-12.746321678161621
916,0.9169169068336487,84.92947387695312,-0.0002248842065455392,0.002310263691470027,-11.832534790039062
917,0.9179179072380066,85.00153350830078,-0.00023239559959620237,0.0032641305588185787,-16.009164810180664
918,0.9189189076423645,85.07366180419922,-0.00023519014939665794,0.003396141342818737,-16.648807525634766
919,0.9199199080467224,85.1458511352539,-0.00023520825197920203,0.0031043963972479105,-15.534753799438477
920,0.9209209084510803,85.21809387207031,-0.00023263906768988818,0.0026113048661500216,-13.584092140197754
921,0.9219219088554382,85.29039764404297,-0.000228802120545879,0.0021401182748377323,-11.692659378051758
922,0.9229229092597961,85.3627700805664,-0.00023504802084062248,0.003225053194910288,-16.45532989501953
923,0.923923909664154,85.43519592285156,-0.00023441595840267837,0.0033546886406838894,-17.068286895751953
924,0.924924910068512,85.50769805908203,-0.0002379455545451492,0.004565829411149025,-22.228546142578125
925,0.9259259104728699,85.58024597167969,-0.00023818861518520862,0.005218134261667728,-24.990638732910156
926,0.9269269108772278,85.6528549194336,-0.00023330870317295194,0.004235673230141401,-20.80607795715332
927,0.9279279112815857,85.72554779052734,-0.00023401631915476173,0.00465383380651474,-22.541908264160156
928,0.9289289116859436,85.79827880859375,-0.0002323753433302045,0.004317923448979855,-21.036876678466797
929,0.9299299120903015,85.87108612060547,-0.00023114288342185318,0.003909269347786903,-19.181907653808594
930,0.9309309124946594,85.9439468383789,-0.00023225245240610093,0.0045570265501737595,-21.91638946533203
931,0.9319319128990173,86.01686096191406,-0.00023093116760719568,0.004469757433980703,-21.523134231567383
932,0.9329329133033752,86.08985137939453,-0.00023025168047752231,0.005055938381701708,-24.085779190063477
933,0.9339339137077332,86.16289520263672,-0.00022970543068367988,0.005224438849836588,-24.8212890625
934,0.9349349141120911,86.23600769042969,-0.00022931747662369162,0.0052004908211529255,-24.740699768066406
935,0.935935914516449,86.3091812133789,-0.00022924535733181983,0.0053221615962684155,-25.374263763427734
936,0.9369369149208069,86.38240814208984,-0.00022828478540759534,0.005093900486826897,-24.469484329223633
937,0.9379379153251648,86.45570373535156,-0.00022654831991530955,0.004733606707304716,-22.964584350585938
938,0.9389389157295227,86.52906799316406,-0.0002268815878778696,0.005079085472971201,-24.599231719970703
939,0.9399399161338806,86.60248565673828,-0.00022533730953000486,0.004911428317427635,-23.971527099609375
940,0.9409409165382385,86.67597198486328,-0.0002221639733761549,0.004131399095058441,-20.564491271972656
941,0.9419419169425964,86.74951171875,-0.0002192727552028373,0.002848378149792552,-14.788690567016602
942,0.9429429173469543,86.82312774658203,-0.00022022181656211615,0.0032632697839289904,-16.655109405517578
943,0.9439439177513123,86.89679718017578,-0.0002192433166783303,0.0021309892181307077,-11.469874382019043
944,0.9449449181556702,86.97053527832031,-0.00021879136329516768,0.0016256578965112567,-9.201573371887207
945,0.9459459185600281,87.04431915283203,-0.00021815831132698804,0.0015231962315738201,-8.81965160369873
946,0.946946918964386,87.11817932128906,-0.0002171770902350545,0.001339110778644681,-8.071499824523926
947,0.9479479193687439,87.19210052490234,-0.00021608643874060363,0.0010696313111111522,-6.922046184539795
948,0.9489489793777466,87.2660903930664,-0.00021476391702890396,0.0009160683257505298,-6.319141864776611
949,0.9499499797821045,87.34013366699219,-0.0002133765519829467,0.0009968968806788325,-6.785635948181152
950,0.9509509801864624,87.41423797607422,-0.000215332634979859,0.0018145014764741063,-10.703922271728516
951,0.9519519805908203,87.48841094970703,-0.00021096147247590125,0.0012384481960907578,-8.028846740722656
952,0.9529529809951782,87.56263732910156,-0.00020901476091239601,0.0009458648273721337,-6.600409984588623
953,0.9539539813995361,87.6369400024414,-0.00021304073743522167,0.0019030016846954823,-11.04526138305664
954,0.954954981803894,87.71129608154297,-0.0002121684665326029,0.0018842298304662108,-10.839805603027344
955,0.955955982208252,87.78572845458984,-0.00020798413606826216,0.0010335042607039213,-6.702064514160156
956,0.9569569826126099,87.86021423339844,-0.00020670806406997144,0.0007586139836348593,-5.30247688293457
957,0.9579579830169678,87.93476104736328,-0.00020580305135808885,0.0006622686050832272,-4.769599914550781
958,0.9589589834213257,88.0093765258789,-0.00020594644593074918,0.0013165298150852323,-7.912474632263184
959,0.9599599838256836,88.08405303955078,-0.0002062711864709854,0.0018537708092480898,-10.545403480529785
960,0.9609609842300415,88.1587905883789,-0.00020080272224731743,0.0009897510753944516,-6.386174201965332
961,0.9619619846343994,88.23359680175781,-0.00020165306341368705,0.001866119564510882,-10.924051284790039
962,0.9629629850387573,88.30846405029297,-0.0001984818372875452,0.0015960787422955036,-9.794700622558594
963,0.9639639854431152,88.38339233398438,-0.00019572486053220928,0.0010855504078790545,-7.363221168518066
964,0.9649649858474731,88.45838165283203,-0.00019538617925718427,0.0007738587446510792,-5.879383563995361
965,0.965965986251831,88.53343963623047,-0.00020068397861905396,0.0016950370045378804,-10.610586166381836
966,0.966966986656189,88.60856628417969,-0.00020850640430580825,0.002519723027944565,-14.597378730773926
967,0.9679679870605469,88.68374633789062,-0.0002094014489557594,0.002289809053763747,-13.408616065979004
968,0.9689689874649048,88.75899505615234,-0.00020995059458073229,0.0020275735296308994,-12.06797981262207
969,0.9699699878692627,88.83431243896484,-0.00021522821043618023,0.0027846922166645527,-15.544780731201172
970,0.9709709882736206,88.90968322753906,-0.00021678453776985407,0.002994982060045004,-16.4180965423584
971,0.9719719886779785,88.98513793945312,-0.00021709621069021523,0.003047800390049815,-16.598970413208008
972,0.9729729890823364,89.06063842773438,-0.00021824779105372727,0.0036803861148655415,-19.45089340209961
973,0.9739739894866943,89.13619995117188,-0.0002200071612605825,0.0048774126917123795,-24.875303268432617
974,0.9749749898910522,89.21183776855469,-0.0002201627939939499,0.005341066978871822,-26.989105224609375
975,0.9759759902954102,89.28753662109375,-0.00021962597384117544,0.00532602658495307,-26.96352195739746
976,0.9769769906997681,89.36328887939453,-0.00022125319810584188,0.006092600990086794,-30.395069122314453
977,0.977977991104126,89.43911743164062,-0.00022054517467040569,0.005354572087526321,-27.038618087768555
978,0.9789789915084839,89.5150146484375,-0.0002183121832786128,0.0039318520575761795,-20.568254470825195
979,0.9799799919128418,89.59095764160156,-0.00021923898020759225,0.003985601477324963,-20.88700294494629
980,0.9809809923171997,89.66697692871094,-0.00021935318363830447,0.0037807999178767204,-20.011444091796875
981,0.9819819927215576,89.7430648803711,-0.0002215012937085703,0.004596807062625885,-23.735576629638672
982,0.9829829931259155,89.81920623779297,-0.00022006336075719446,0.004241406451910734,-22.18991470336914
983,0.9839839935302734,89.89541625976562,-0.00021710751752834767,0.003761819563806057,-20.038902282714844
984,0.9849849939346313,89.97168731689453,-0.0002101727295666933,0.0028239998500794172,-15.661108016967773
985,0.9859859943389893,90.04803466796875,-0.00020973916980437934,0.0030567494686692953,-16.745716094970703
986,0.9869869947433472,90.12445068359375,-0.00020582361321430653,0.0027403882704675198,-15.231642723083496
987,0.9879879951477051,90.20091247558594,-0.00020409126591403037,0.0026956170331686735,-15.027862548828125
988,0.988988995552063,90.27745819091797,-0.00019454615539871156,0.0013820590684190392,-8.436911582946777
989,0.9899899959564209,90.35404968261719,-0.00019769114442169666,0.0021400274708867073,-12.344228744506836
990,0.9909909963607788,90.43071746826172,-0.00019590617739595473,0.0020041842944920063,-11.725854873657227
991,0.9919919967651367,90.5074462890625,-0.00020392320584505796,0.0033360631205141544,-18.470624923706055
992,0.9929929971694946,90.58423614501953,-0.0002084654988721013,0.004184164106845856,-22.72657012939453
993,0.9939939975738525,90.6611099243164,-0.00021244611707516015,0.0048577627167105675,-26.114152908325195
994,0.9949949979782104,90.73802947998047,-0.00021526392083615065,0.005283706355839968,-28.247961044311523
995,0.9959959983825684,90.81501770019531,-0.0002172259846702218,0.0055459714494645596,-29.550512313842773
996,0.9969969987869263,90.89208221435547,-0.00021886125614400953,0.006228726357221603,-32.67573165893555
997,0.9979979991912842,90.96920013427734,-0.00021939451107755303,0.006333025172352791,-33.11664962768555
998,0.9989989995956421,91.04638671875,-0.00021550532255787402,0.0076284646056592464,-39.03758239746094
999,1.0,91.12364959716797,-0.0002146117330994457,0.007171127013862133,-36.997535705566406
