index,timestep,Diffusion_Coeff,Divergence,score,pos
0,0.0,39.05299377441406,-0.013585849665105343,0.03228155896067619,-32.19316482543945
1,0.0010010009864345193,39.08612823486328,-0.01385120116174221,0.024124905467033386,-31.741212844848633
2,0.0020020019728690386,39.11929702758789,-0.014167731627821922,0.010898541659116745,-30.870479583740234
3,0.0030030030757188797,39.15248489379883,-0.014278429560363293,0.0065752677619457245,-30.59293556213379
4,0.004004003945738077,39.185707092285156,-0.014680029824376106,-0.02256157249212265,-28.55567741394043
5,0.005005004815757275,39.218955993652344,-0.01436672918498516,0.004532103426754475,-30.381824493408203
6,0.006006006151437759,39.25223159790039,-0.014625290408730507,-0.03354405611753464,-27.72636604309082
7,0.007007007021456957,39.28553771972656,-0.014644137583673,-0.024202030152082443,-28.31944465637207
8,0.008008007891476154,39.31887435913086,-0.014533136039972305,-0.03331925719976425,-27.68034553527832
9,0.009009009227156639,39.352237701416016,-0.014502804726362228,-0.025818118825554848,-28.224882125854492
10,0.01001000963151455,39.38562774658203,-0.014372866600751877,-0.017486467957496643,-28.839679718017578
11,0.011011010967195034,39.41904830932617,-0.014125395566225052,-0.007266457658261061,-29.5913143157959
12,0.012012012302875519,39.452491760253906,-0.013817010447382927,0.0015196093590930104,-30.252967834472656
13,0.013013012707233429,39.48596954345703,-0.013210397213697433,0.026288501918315887,-32.13279342651367
14,0.014014014042913914,39.51947021484375,-0.013187257573008537,0.015147672034800053,-31.323755264282227
15,0.015015014447271824,39.55300521850586,-0.0130302207544446,0.0031268345192074776,-30.405506134033203
16,0.01601601578295231,39.58656692504883,-0.012647658586502075,0.00127931940369308,-30.294065475463867
17,0.01701701618731022,39.620155334472656,-0.012203097343444824,0.015904469415545464,-31.522567749023438
18,0.018018018454313278,39.653770446777344,-0.011940455995500088,0.009316633455455303,-31.024473190307617
19,0.01901901885867119,39.68742370605469,-0.010883651673793793,-0.030298519879579544,-27.60603141784668
20,0.0200200192630291,39.721092224121094,-0.009457789361476898,-0.04668280854821205,-25.93146324157715
21,0.021021021530032158,39.754798889160156,-0.008205327205359936,-0.056067418307065964,-24.74277114868164
22,0.022022021934390068,39.78852844238281,-0.007967211306095123,-0.055199284106492996,-24.692594528198242
23,0.023023022338747978,39.82229232788086,-0.007979369722306728,-0.051661066710948944,-24.96238899230957
24,0.024024024605751038,39.8560791015625,-0.007258890196681023,-0.05478080362081528,-24.369359970092773
25,0.025025025010108948,39.889896392822266,-0.007402644492685795,-0.04849826171994209,-24.935516357421875
26,0.026026025414466858,39.92374801635742,-0.007723824121057987,-0.03954172134399414,-25.846702575683594
27,0.027027025818824768,39.95762252807617,-0.005637098103761673,-0.05166994407773018,-23.682527542114258
28,0.028028028085827827,39.99152755737305,-0.005416868254542351,-0.04774641990661621,-23.895458221435547
29,0.029029028490185738,40.02545928955078,-0.00462691904976964,-0.047711994498968124,-23.316110610961914
30,0.030030028894543648,40.05942153930664,-0.003217119723558426,-0.05076918005943298,-21.825159072875977
31,0.031031031161546707,40.093414306640625,-0.00234730402007699,-0.05024291202425957,-21.070688247680664
32,0.03203203156590462,40.1274299621582,0.001546067651361227,-0.050768736749887466,-18.881916046142578
33,0.03303303197026253,40.16147994995117,0.003432230791077018,-0.049303777515888214,-18.296279907226562
34,0.03403403237462044,40.195556640625,0.008287018164992332,-0.04108145833015442,-16.903072357177734
35,0.03503503277897835,40.22966384887695,0.011575440876185894,-0.031058480963110924,-15.96878719329834
36,0.036036036908626556,40.263797760009766,0.007991215214133263,-0.04093775525689125,-17.11785888671875
37,0.03703703731298447,40.29795837402344,0.0010845158249139786,-0.05074160173535347,-19.667709350585938
38,0.03803803771734238,40.3321533203125,0.00533677265048027,-0.044084932655096054,-17.987974166870117
39,0.03903903812170029,40.36637878417969,0.002231304068118334,-0.04654892534017563,-19.148099899291992
40,0.0400400385260582,40.40062713623047,0.002028333954513073,-0.04420941323041916,-19.15910530090332
41,0.04104103893041611,40.434906005859375,-0.000801257963757962,-0.04207633063197136,-20.826385498046875
42,0.042042043060064316,40.469215393066406,0.0010084505192935467,-0.03889233618974686,-19.519359588623047
43,0.043043043464422226,40.50355529785156,0.002366807544603944,-0.03518820181488991,-18.63806915283203
44,0.044044043868780136,40.53792190551758,0.005382088012993336,-0.0275094136595726,-16.980005264282227
45,0.045045044273138046,40.572322845458984,0.0053891027346253395,-0.02673235721886158,-16.93513298034668
46,0.046046044677495956,40.606746673583984,0.004280162509530783,-0.02891342155635357,-17.48821258544922
47,0.04704704508185387,40.641197204589844,0.0030277175828814507,-0.031017443165183067,-18.187339782714844
48,0.048048049211502075,40.67568588256836,0.0031926603987812996,-0.030155139043927193,-18.096332550048828
49,0.049049049615859985,40.71019744873047,0.0016479796031489968,-0.03151072561740875,-19.0851993560791
50,0.050050050020217896,40.7447395324707,0.0032279654406011105,-0.027550898492336273,-18.028596878051758
51,0.051051050424575806,40.77931213378906,0.0024032536894083023,-0.0268415417522192,-18.543317794799805
52,0.052052050828933716,40.81391143798828,0.0007498387712985277,-0.027053846046328545,-19.944324493408203
53,0.053053051233291626,40.84854507446289,0.0031282701529562473,-0.02138105221092701,-17.845083236694336
54,0.054054051637649536,40.88320541381836,0.002970235887914896,-0.020071057602763176,-17.85447120666504
55,0.055055055767297745,40.91789627075195,0.00047270924551412463,-0.022656798362731934,-20.315731048583984
56,0.056056056171655655,40.952613830566406,0.0005977089167572558,-0.021308740600943565,-20.113256454467773
57,0.057057056576013565,40.987361907958984,-0.00029852724401280284,-0.020501984283328056,-21.405641555786133
58,0.058058056980371475,41.02214431762695,-0.0002698227181099355,-0.019739624112844467,-21.324100494384766
59,0.059059057384729385,41.056949615478516,-0.0016907217213883996,-0.016143804416060448,-24.081680297851562
60,0.060060057789087296,41.0917854309082,-0.0015506827039644122,-0.01566692255437374,-23.770652770996094
61,0.061061061918735504,41.12665557861328,-0.0027251741848886013,-0.009708650410175323,-26.06926155090332
62,0.062062062323093414,41.16154479980469,-0.0031472318805754185,-0.0066319117322564125,-26.83211898803711
63,0.06306306272745132,41.19647216796875,-0.003616033121943474,-0.002868308685719967,-27.74704360961914
64,0.06406406313180923,41.23143005371094,-0.004367350600659847,0.004978602286428213,-29.544416427612305
65,0.06506506353616714,41.266414642333984,-0.004277822561562061,0.0052345264703035355,-29.487823486328125
66,0.06606606394052505,41.301429748535156,-0.004306826274842024,0.006917514372617006,-29.8200740814209
67,0.06706706434488297,41.33647537231445,-0.004674711264669895,0.014161733910441399,-31.420024871826172
68,0.06806806474924088,41.37154769897461,-0.004899495281279087,0.022091643884778023,-33.105159759521484
69,0.06906906515359879,41.406654357910156,-0.004844874609261751,0.023768095299601555,-33.49189758300781
70,0.0700700655579567,41.44178771972656,-0.0038855343591421843,0.0089311134070158,-30.14153289794922
71,0.0710710734128952,41.476951599121094,-0.0035360557958483696,0.006335818208754063,-29.406944274902344
72,0.07207207381725311,41.512142181396484,-0.00385859701782465,0.011190964840352535,-30.692880630493164
73,0.07307307422161102,41.547367095947266,-0.003866828978061676,0.012208636850118637,-30.98724365234375
74,0.07407407462596893,41.582618713378906,-0.0035391352139413357,0.008651215583086014,-30.072553634643555
75,0.07507507503032684,41.61790466308594,-0.003147580660879612,0.0048592230305075645,-28.985597610473633
76,0.07607607543468475,41.65321731567383,-0.0030445903539657593,0.003911969717592001,-28.74513053894043
77,0.07707707583904266,41.688560485839844,-0.002370052272453904,-0.0009887769119814038,-26.979473114013672
78,0.07807807624340057,41.72393035888672,-0.0023409207351505756,-0.0010558818466961384,-26.970537185668945
79,0.07907907664775848,41.75933074951172,-0.002933201380074024,0.00349649740383029,-28.65239715576172
80,0.0800800770521164,41.794769287109375,-0.0028571109287440777,0.003063127165660262,-28.4775447845459
81,0.0810810774564743,41.830230712890625,-0.002425707411020994,0.00015631549467798322,-27.320423126220703
82,0.08208207786083221,41.865726470947266,-0.001553934533149004,-0.004596319515258074,-24.85140037536621
83,0.08308307826519012,41.9012451171875,-0.0020859793294221163,-0.0015848512994125485,-26.422855377197266
84,0.08408408612012863,41.93680191040039,-0.0014676677528768778,-0.004680476151406765,-24.56696319580078
85,0.08508508652448654,41.97238540649414,-0.0009269933216273785,-0.0067613087594509125,-22.683942794799805
86,0.08608608692884445,42.00799560546875,-0.00047924963291734457,-0.007795162498950958,-20.878446578979492
87,0.08708708733320236,42.043643951416016,-0.0003120014152955264,-0.007678553462028503,-20.127696990966797
88,0.08808808773756027,42.079315185546875,-0.0005487239104695618,-0.006742667406797409,-21.00381851196289
89,0.08908908814191818,42.115020751953125,-0.0007325911428779364,-0.005587046500295401,-21.730003356933594
90,0.09009008854627609,42.1507568359375,-0.0013529214775189757,-0.0020721773616969585,-24.45454216003418
91,0.091091088950634,42.186519622802734,-0.0008591915830038488,-0.004044570494443178,-22.1226863861084
92,0.09209208935499191,42.22231674194336,-0.0007679290138185024,-0.004070159047842026,-21.428661346435547
93,0.09309308975934982,42.258140563964844,-0.0007930932915769517,-0.0036352796014398336,-21.40220069885254
94,0.09409409016370773,42.29399490356445,-0.0005712570273317397,-0.004362131934612989,-19.82655906677246
95,0.09509509056806564,42.32988739013672,-0.0006203687516972423,-0.004009561613202095,-20.035484313964844
96,0.09609609842300415,42.36580276489258,-0.0009242993546649814,-0.0023965847212821245,-21.94489288330078
97,0.09709709882736206,42.40175247192383,-0.001238692901097238,-0.0003960570029448718,-23.723180770874023
98,0.09809809923171997,42.4377326965332,-0.0010556720662862062,-0.0014979823026806116,-22.713401794433594
99,0.09909909963607788,42.473731994628906,-0.0006411239155568182,-0.003510153153911233,-20.184083938598633
100,0.10010010004043579,42.5097770690918,-0.00047805256326682866,-0.003943742718547583,-19.188915252685547
101,0.1011011004447937,42.545841217041016,-0.0006889021024107933,-0.0031049216631799936,-20.509363174438477
102,0.10210210084915161,42.58195114135742,-0.0007231798372231424,-0.0028809087816625834,-20.7381534576416
103,0.10310310125350952,42.618080139160156,-0.000581786734983325,-0.0034054950810968876,-19.85017967224121
104,0.10410410165786743,42.65423583984375,-0.0007308466592803597,-0.00274231331422925,-20.767980575561523
105,0.10510510206222534,42.6904296875,-0.0006587858079001307,-0.0030201401095837355,-20.32563591003418
106,0.10610610246658325,42.726654052734375,-0.0004460999043658376,-0.0037119968328624964,-18.960952758789062
107,0.10710710287094116,42.762908935546875,-0.00048248027451336384,-0.003489254740998149,-19.15734100341797
108,0.10810810327529907,42.799190521240234,-0.00057677470613271,-0.003034527413547039,-19.73713493347168
109,0.10910911113023758,42.83551025390625,-0.0004236616659909487,-0.0034676797222346067,-18.6318416595459
110,0.11011011153459549,42.871856689453125,-0.00044655086821876466,-0.0033421022817492485,-18.66465187072754
111,0.1111111119389534,42.90822982788086,-0.000505881616845727,-0.0031114176381379366,-18.92868995666504
112,0.11211211234331131,42.94463348388672,-0.0006578208412975073,-0.002406379673629999,-19.850595474243164
113,0.11311311274766922,42.9810791015625,-0.0005344481905922294,-0.0028842585161328316,-18.714590072631836
114,0.11411411315202713,43.017547607421875,-0.000850073411129415,-0.0011228584917262197,-20.929414749145508
115,0.11511511355638504,43.054054260253906,-0.0008849484147503972,-0.0007482813089154661,-21.01087188720703
116,0.11611611396074295,43.090579986572266,-0.0012445502215996385,0.002559785498306155,-23.907421112060547
117,0.11711711436510086,43.127140045166016,-0.0013928035041317344,0.0042594014666974545,-25.064430236816406
118,0.11811811476945877,43.16373825073242,-0.0009737421059980989,0.0003099850146099925,-21.632482528686523
119,0.11911911517381668,43.20035934448242,-0.001002806588076055,0.0005881766555830836,-21.916261672973633
120,0.12012011557817459,43.23701477050781,-0.0009019463323056698,-0.00026592417270876467,-21.05558204650879
121,0.1211211159825325,43.27370834350586,-0.0008200183510780334,-0.0008076073136180639,-20.330177307128906
122,0.12212212383747101,43.3104248046875,-0.0008290603291243315,-0.0006003357120789587,-20.439176559448242
123,0.12312312424182892,43.34716796875,-0.0007309152279049158,-0.0012136561563238502,-19.499004364013672
124,0.12412412464618683,43.38395309448242,-0.0009385556331835687,0.0006629980634897947,-21.558692932128906
125,0.12512512505054474,43.42076110839844,-0.0009546972578391433,0.0009835624368861318,-21.687408447265625
126,0.12612612545490265,43.45760726928711,-0.0008074986399151385,-0.0003305588325019926,-19.980451583862305
127,0.12712712585926056,43.494476318359375,-0.0008051972836256027,-0.0003504222258925438,-19.834789276123047
128,0.12812812626361847,43.5313835144043,-0.0006438433192670345,-0.001694588572718203,-17.914093017578125
129,0.12912912666797638,43.56832504272461,-0.0005916866939514875,-0.0021314991172403097,-17.201196670532227
130,0.1301301270723343,43.605289459228516,-0.0004003928625024855,-0.0036319962237030268,-14.152799606323242
131,0.1311311274766922,43.64228820800781,-0.00039567481144331396,-0.004232717212289572,-12.67290210723877
132,0.1321321278810501,43.679317474365234,-0.0003941977338399738,-0.004024292808026075,-13.211063385009766
133,0.13313312828540802,43.71638107299805,-0.0004070833674632013,-0.004116659518331289,-12.975312232971191
134,0.13413412868976593,43.753475189208984,-0.00042430689791217446,-0.004267560318112373,-12.604079246520996
135,0.13513512909412384,43.79059600830078,-0.000545807066373527,-0.005427302792668343,-10.109376907348633
136,0.13613612949848175,43.827762603759766,-0.0004983792896382511,-0.004608776420354843,-11.594076156616211
137,0.13713712990283966,43.86494445800781,-0.0005012518959119916,-0.004444445017725229,-11.798362731933594
138,0.13813813030719757,43.902164459228516,-0.0005395656917244196,-0.004986095707863569,-10.659802436828613
139,0.13913913071155548,43.93941879272461,-0.0005850291345268488,-0.005705316085368395,-9.296263694763184
140,0.1401401311159134,43.9766960144043,-0.0005693069542758167,-0.005561341065913439,-9.485916137695312
141,0.1411411464214325,44.014015197753906,-0.0004997358191758394,-0.00463487533852458,-11.13725471496582
142,0.1421421468257904,44.051361083984375,-0.0005010415334254503,-0.003327901940792799,-13.715361595153809
143,0.14314314723014832,44.08873748779297,-0.0005398911889642477,-0.0029822380747646093,-14.193989753723145
144,0.14414414763450623,44.12614822387695,-0.0005557326949201524,-0.0028734104707837105,-14.236871719360352
145,0.14514514803886414,44.1635856628418,-0.0006337632657960057,-0.0022125134710222483,-15.203740119934082
146,0.14614614844322205,44.20106506347656,-0.0005995995597913861,-0.0025454279966652393,-14.496064186096191
147,0.14714714884757996,44.238563537597656,-0.0005694963037967682,-0.002904799534007907,-13.782575607299805
148,0.14814814925193787,44.27610778808594,-0.0006527393124997616,-0.002170982537791133,-15.008323669433594
149,0.14914914965629578,44.31366729736328,-0.0006656365003436804,-0.0021521870512515306,-15.17959976196289
150,0.1501501500606537,44.35126876831055,-0.0006736754439771175,-0.0021874967496842146,-15.288172721862793
151,0.1511511504650116,44.38890075683594,-0.0006198246264830232,-0.002941719489172101,-14.310225486755371
152,0.1521521508693695,44.426570892333984,-0.0007468062685802579,-0.0016343592433258891,-16.392738342285156
153,0.15315315127372742,44.464263916015625,-0.0006823909352533519,-0.002467439044266939,-15.331961631774902
154,0.15415415167808533,44.50199508666992,-0.0006206691614352167,-0.0032708588987588882,-14.130322456359863
155,0.15515515208244324,44.53975296020508,-0.0006086440407671034,-0.0035286140628159046,-13.583650588989258
156,0.15615615248680115,44.57754898071289,-0.0007357819122262299,-0.0018076410051435232,-15.91928768157959
157,0.15715715289115906,44.6153678894043,-0.000829929718747735,-0.0004839478060603142,-17.303699493408203
158,0.15815815329551697,44.653228759765625,-0.0009637807961553335,0.0018144887872040272,-19.591217041015625
159,0.15915915369987488,44.69111251831055,-0.0009872245136648417,0.0023954405914992094,-19.9940185546875
160,0.1601601541042328,44.72903823852539,-0.0010723508894443512,0.004249734804034233,-21.645715713500977
161,0.1611611545085907,44.76698684692383,-0.0009606892708688974,0.002065018517896533,-19.449951171875
162,0.1621621549129486,44.804969787597656,-0.0009860116988420486,0.0025972407311201096,-20.010150909423828
163,0.16316315531730652,44.842987060546875,-0.0009135314030572772,0.001258823205716908,-18.683658599853516
164,0.16416415572166443,44.88103485107422,-0.0009473738027736545,0.0017921411199495196,-19.288843154907227
165,0.16516515612602234,44.91912078857422,-0.0010205177823081613,0.003204616252332926,-20.646451950073242
166,0.16616615653038025,44.95723342895508,-0.0010137184290215373,0.0031095182057470083,-20.402416229248047
167,0.16716717183589935,44.99538040161133,-0.0009336909861303866,0.0014704695204272866,-18.58032989501953
168,0.16816817224025726,45.03356170654297,-0.0008795909816399217,0.0004171209584455937,-17.343151092529297
169,0.16916917264461517,45.071773529052734,-0.0008533464861102402,-0.00013161380775272846,-16.744291305541992
170,0.17017017304897308,45.110015869140625,-0.0007932649459689856,-0.0012344277929514647,-15.5337553024292
171,0.171171173453331,45.14828872680664,-0.0009504781337454915,0.001218503573909402,-18.498451232910156
172,0.1721721738576889,45.18659973144531,-0.0009140003239735961,0.0002701471094042063,-17.65502166748047
173,0.17317317426204681,45.22494125366211,-0.0008404738618992269,-0.0011659478768706322,-16.163923263549805
174,0.17417417466640472,45.2633171081543,-0.0008848977740854025,-0.000649341382086277,-16.844507217407227
175,0.17517517507076263,45.30172348022461,-0.0009354744106531143,0.00012141559273004532,-17.653907775878906
176,0.17617617547512054,45.34016036987305,-0.0009945629863068461,0.0014291175175458193,-18.846641540527344
177,0.17717717587947845,45.37863540649414,-0.001030357088893652,0.0025017508305609226,-19.69933319091797
178,0.17817817628383636,45.41713333129883,-0.0011249969247728586,0.005328445695340633,-22.193557739257812
179,0.17917917668819427,45.45567321777344,-0.0011790316784754395,0.006906718481332064,-23.55402374267578
180,0.18018017709255219,45.49424362182617,-0.0011381658259779215,0.0059253256767988205,-22.73637580871582
181,0.1811811774969101,45.53284454345703,-0.0011394869070500135,0.0060912794433534145,-22.91617774963379
182,0.182182177901268,45.571475982666016,-0.0011041366960853338,0.005402392242103815,-22.35028648376465
183,0.18318317830562592,45.610145568847656,-0.0010765347396954894,0.00505975354462862,-22.03724479675293
184,0.18418417870998383,45.64884567260742,-0.0010268904734402895,0.004023950546979904,-20.964487075805664
185,0.18518517911434174,45.68758010864258,-0.001040309201925993,0.0047743311151862144,-21.540855407714844
186,0.18618617951869965,45.726348876953125,-0.0010209139436483383,0.004472936503589153,-21.051389694213867
187,0.18718717992305756,45.76514434814453,-0.0011445467825978994,0.008652584627270699,-24.68898582458496
188,0.18818818032741547,45.803977966308594,-0.001030103536322713,0.00532133411616087,-21.36823844909668
189,0.18918918073177338,45.84284210205078,-0.00103758682962507,0.005773972254246473,-21.563175201416016
190,0.1901901811361313,45.881744384765625,-0.0010268527548760176,0.005523365922272205,-21.1081485748291
191,0.1911911815404892,45.92066955566406,-0.0010385038331151009,0.005861024837940931,-21.364635467529297
192,0.1921921968460083,45.95963668823242,-0.0010504513047635555,0.0060919467359781265,-21.639371871948242
193,0.1931931972503662,45.99863052368164,-0.00109218736179173,0.0072146267630159855,-22.824810028076172
194,0.19419419765472412,46.037662506103516,-0.0011320968624204397,0.008188892155885696,-23.85504913330078
195,0.19519519805908203,46.07672882080078,-0.0011141971917822957,0.007455030921846628,-23.381988525390625
196,0.19619619846343994,46.115821838378906,-0.001014090608805418,0.0044033341109752655,-20.667884826660156
197,0.19719719886779785,46.15495300292969,-0.001134391874074936,0.007798544131219387,-23.942140579223633
198,0.19819819927215576,46.194114685058594,-0.001202985062263906,0.009696386754512787,-25.614633560180664
199,0.19919919967651367,46.23331069946289,-0.0013071860885247588,0.012964624911546707,-28.2271785736084
200,0.20020020008087158,46.27254104614258,-0.0014061180409044027,0.0163385272026062,-30.779111862182617
201,0.2012012004852295,46.31180191040039,-0.00149640254676342,0.01981372758746147,-33.241416931152344
202,0.2022022008895874,46.35110092163086,-0.001501306425780058,0.02063162252306938,-33.86381149291992
203,0.2032032012939453,46.39043045043945,-0.0013722439762204885,0.01704937033355236,-31.49704360961914
204,0.20420420169830322,46.42979049682617,-0.0012780618853867054,0.01466501783579588,-29.793575286865234
205,0.20520520210266113,46.46918487548828,-0.0012773951748386025,0.014909671619534492,-30.066198348999023
206,0.20620620250701904,46.50861740112305,-0.001244423328898847,0.013764460571110249,-29.234586715698242
207,0.20720720291137695,46.54807662963867,-0.0012951935641467571,0.015262872911989689,-30.471206665039062
208,0.20820820331573486,46.58757400512695,-0.0013114375760778785,0.01575876772403717,-30.837175369262695
209,0.20920920372009277,46.62710189819336,-0.0013279354898259044,0.016585098579525948,-31.34722900390625
210,0.21021020412445068,46.666664123535156,-0.0013107180129736662,0.016397086903452873,-31.042724609375
211,0.2112112045288086,46.706260681152344,-0.001439904561266303,0.02145874686539173,-34.546321868896484
212,0.2122122049331665,46.74589157104492,-0.0014171800576150417,0.02126273699104786,-34.2354621887207
213,0.21321320533752441,46.78555679321289,-0.0013313193339854479,0.018800070509314537,-32.275787353515625
214,0.21421420574188232,46.825252532958984,-0.0013361724559217691,0.01947888545691967,-32.66461944580078
215,0.21521520614624023,46.864990234375,-0.001371774123981595,0.021372435614466667,-34.09691619873047
216,0.21621620655059814,46.90475082397461,-0.0014191247755661607,0.023445123806595802,-35.67928695678711
217,0.21721720695495605,46.94455337524414,-0.0014170963549986482,0.023309826850891113,-35.70240020751953
218,0.21821822226047516,46.98438262939453,-0.0014090589247643948,0.022857848554849625,-35.49488830566406
219,0.21921922266483307,47.024253845214844,-0.0013679931871592999,0.021045584231615067,-34.30513381958008
220,0.22022022306919098,47.064151763916016,-0.001272603403776884,0.01761164329946041,-31.789350509643555
221,0.2212212234735489,47.104087829589844,-0.0013000438921153545,0.018893517553806305,-32.78321838378906
222,0.2222222238779068,47.14405059814453,-0.0013386885402724147,0.020761165767908096,-34.15807342529297
223,0.2232232242822647,47.18405532836914,-0.0013709190534427762,0.022437384352087975,-35.36405944824219
224,0.22422422468662262,47.22409439086914,-0.0013808110961690545,0.02305273897945881,-35.796634674072266
225,0.22522522509098053,47.264163970947266,-0.0013210101751610637,0.020394546911120415,-33.83723449707031
226,0.22622622549533844,47.304264068603516,-0.001310416730120778,0.02000361680984497,-33.57262420654297
227,0.22722722589969635,47.34440231323242,-0.0013398914597928524,0.021404994651675224,-34.67745590209961
228,0.22822822630405426,47.384578704833984,-0.0012575994478538632,0.017943797633051872,-32.04412078857422
229,0.22922922670841217,47.424781799316406,-0.0013233877252787352,0.020798133686184883,-34.29671096801758
230,0.23023022711277008,47.465023040771484,-0.0012515406124293804,0.018151771277189255,-32.29620361328125
231,0.231231227517128,47.50529479980469,-0.0012362833367660642,0.018024789169430733,-32.21685791015625
232,0.2322322279214859,47.54560470581055,-0.0011692834086716175,0.01598803885281086,-30.533384323120117
233,0.2332332283258438,47.58594512939453,-0.0012035619001835585,0.017851881682872772,-32.10940170288086
234,0.23423422873020172,47.62632369995117,-0.0011840208899229765,0.017554020509123802,-31.85932159423828
235,0.23523522913455963,47.6667366027832,-0.0011276191798970103,0.01577092707157135,-30.276138305664062
236,0.23623622953891754,47.707176208496094,-0.0010736726690083742,0.013813945464789867,-28.42828369140625
237,0.23723722994327545,47.74766540527344,-0.0010391658870503306,0.012262223288416862,-26.917858123779297
238,0.23823823034763336,47.788177490234375,-0.001042431453242898,0.012350321747362614,-26.99713706970215
239,0.23923923075199127,47.8287239074707,-0.0009937913855537772,0.009694663807749748,-24.39802360534668
240,0.24024023115634918,47.86930847167969,-0.0009717370849102736,0.008519666269421577,-23.237255096435547
241,0.2412412315607071,47.9099235534668,-0.0009463703609071672,0.0070083290338516235,-21.688488006591797
242,0.242242231965065,47.95058059692383,-0.0009236203040927649,0.005451997742056847,-20.041889190673828
243,0.2432432323694229,47.99126052856445,-0.0008888833690434694,0.0027681225910782814,-17.04999542236328
244,0.24424424767494202,48.031982421875,-0.0008921572007238865,0.0031145084649324417,-17.38116455078125
245,0.24524524807929993,48.07273864746094,-0.0008542732102796435,0.0010230817133560777,-14.93015193939209
246,0.24624624848365784,48.113529205322266,-0.0008519745315425098,0.0011104897130280733,-14.932692527770996
247,0.24724724888801575,48.154354095458984,-0.0008570306818000972,0.0015650511486455798,-15.361400604248047
248,0.24824824929237366,48.19520950317383,-0.0008110891794785857,0.00024410603509750217,-13.735140800476074
249,0.24924924969673157,48.236106872558594,-0.00076625170186162,-0.0007032231078483164,-12.571993827819824
250,0.2502502501010895,48.277034759521484,-0.0008110059425234795,0.00042537174886092544,-14.163564682006836
251,0.2512512505054474,48.317996978759766,-0.0008052323246374726,0.00029887925484217703,-14.164250373840332
252,0.2522522509098053,48.35899353027344,-0.0008152950322255492,0.0005262925405986607,-14.472546577453613
253,0.2532532513141632,48.40003204345703,-0.0007695860113017261,-0.0005838483921252191,-12.998067855834961
254,0.2542542517185211,48.44109344482422,-0.0008047721348702908,0.0002886121510528028,-14.023533821105957
255,0.25525525212287903,48.48219680786133,-0.0008029397577047348,0.00037387918564490974,-14.079001426696777
256,0.25625625252723694,48.52333450317383,-0.0008133581141009927,0.0008546835160814226,-14.664223670959473
257,0.25725725293159485,48.564510345458984,-0.0008206336642615497,0.0012977076694369316,-15.230998039245605
258,0.25825825333595276,48.605712890625,-0.0008491952321492136,0.00290850643068552,-17.133996963500977
259,0.25925925374031067,48.64695739746094,-0.0008488406892865896,0.003259321441873908,-17.463199615478516
260,0.2602602541446686,48.688236236572266,-0.0008844880503602326,0.00660667335614562,-21.22764778137207
261,0.2612612545490265,48.729549407958984,-0.000857686041854322,0.004370406735688448,-18.601871490478516
262,0.2622622549533844,48.770896911621094,-0.00087851716671139,0.006207830272614956,-20.710599899291992
263,0.2632632553577423,48.812278747558594,-0.0008866164716891944,0.00692847790196538,-21.52731704711914
264,0.2642642557621002,48.85369110107422,-0.0008958765538409352,0.007765257731080055,-22.460840225219727
265,0.26526525616645813,48.895145416259766,-0.0008731195703148842,0.0055725728161633015,-19.943647384643555
266,0.26626625657081604,48.93663787841797,-0.0008726623491384089,0.005497619044035673,-19.77800750732422
267,0.26726725697517395,48.97815704345703,-0.0008671039249747992,0.005066772922873497,-19.1419734954834
268,0.26826825737953186,49.01971435546875,-0.0008566831238567829,0.004241330549120903,-18.064525604248047
269,0.26926925778388977,49.061309814453125,-0.0008225616766139865,0.002121757483109832,-15.41181755065918
270,0.2702702581882477,49.10293960571289,-0.0008230755338445306,0.0024664150550961494,-15.71016788482666
271,0.2712712585926056,49.14460754394531,-0.0008038652595132589,0.0017662756145000458,-14.724950790405273
272,0.2722722589969635,49.18630599975586,-0.0007999525405466557,0.0018975269049406052,-14.738739013671875
273,0.2732732594013214,49.2280387878418,-0.0007884341175667942,0.0016943388618528843,-14.345285415649414
274,0.2742742598056793,49.26980972290039,-0.0008012827020138502,0.0027134122792631388,-15.527039527893066
275,0.27527526021003723,49.31161880493164,-0.0008023247355595231,0.0031228060834109783,-15.963093757629395
276,0.27627626061439514,49.35345458984375,-0.0008022876572795212,0.0033849526662379503,-16.23866844177246
277,0.27727726101875305,49.39533233642578,-0.0008036713115870953,0.003528085071593523,-16.41891098022461
278,0.27827826142311096,49.4372444152832,-0.0007971730665303767,0.003119477303698659,-15.952495574951172
279,0.27927926182746887,49.479190826416016,-0.0007658280665054917,0.001558871939778328,-14.064370155334473
280,0.2802802622318268,49.52117156982422,-0.0006492494139820337,-0.0018986813956871629,-9.374483108520508
281,0.2812812626361847,49.56319046020508,-0.0006373063079081476,-0.002163600642234087,-9.143871307373047
282,0.282282292842865,49.60525131225586,-0.0006606313982047141,-0.0015555843710899353,-10.159167289733887
283,0.2832832932472229,49.6473388671875,-0.0006734429625794291,-0.001072392100468278,-10.911478996276855
284,0.2842842936515808,49.6894645690918,-0.0006492636166512966,-0.0014726007357239723,-10.28100299835205
285,0.2852852940559387,49.73162841796875,-0.0006895598489791155,-0.00020776689052581787,-12.094398498535156
286,0.28628629446029663,49.77382278442383,-0.0007278984412550926,0.0012866160832345486,-14.122589111328125
287,0.28728729486465454,49.81605911254883,-0.0007420824258588254,0.0019968273118138313,-15.048103332519531
288,0.28828829526901245,49.85832595825195,-0.0007322613964788616,0.001598680391907692,-14.484786033630371
289,0.28928929567337036,49.900630950927734,-0.0007492011645808816,0.002288652351126075,-15.390588760375977
290,0.29029029607772827,49.94297409057617,-0.0007267617620527744,0.0012467044871300459,-13.929442405700684
291,0.2912912964820862,49.985355377197266,-0.0007123391260392964,0.0006803127471357584,-13.042495727539062
292,0.2922922968864441,50.02776336669922,-0.0006982368649914861,0.00020654371473938227,-12.257275581359863
293,0.293293297290802,50.07020950317383,-0.0007148790755309165,0.0007421441259793937,-12.914676666259766
294,0.2942942976951599,50.11269760131836,-0.0007256791577674448,0.0012135431170463562,-13.477922439575195
295,0.2952952980995178,50.155216217041016,-0.0007018987671472132,0.0004581674584187567,-12.341177940368652
296,0.29629629850387573,50.197776794433594,-0.0007172506884671748,0.0013145363191142678,-13.484455108642578
297,0.29729729890823364,50.2403678894043,-0.000732573214918375,0.002457517199218273,-15.012739181518555
298,0.29829829931259155,50.282997131347656,-0.0007036938332021236,0.0011119656264781952,-13.081608772277832
299,0.29929929971694946,50.32566452026367,-0.0006618351326324046,-0.0003357917885296047,-10.889095306396484
300,0.3003003001213074,50.36836242675781,-0.0006619157502427697,-0.00023875148326624185,-10.901891708374023
301,0.3013013005256653,50.41109848022461,-0.0006525791832245886,-0.0003779921680688858,-10.52855110168457
302,0.3023023009300232,50.45387649536133,-0.0006582849891856313,-2.4050302727118833e-06,-10.940827369689941
303,0.3033033013343811,50.49668502807617,-0.0006159322801977396,-0.0009161557536572218,-9.391242027282715
304,0.304304301738739,50.53953552246094,-0.0006060937885195017,-0.0009585061925463378,-9.221755981445312
305,0.3053053021430969,50.58241653442383,-0.0005972323124296963,-0.0010894350707530975,-8.982162475585938
306,0.30630630254745483,50.625335693359375,-0.0006112412083894014,-0.0007868646061979234,-9.576081275939941
307,0.30730730295181274,50.66829299926758,-0.0005490966141223907,-0.002175901085138321,-7.335125923156738
308,0.30830830335617065,50.71128463745117,-0.0005340215866453946,-0.0025223384145647287,-6.834251403808594
309,0.30930930376052856,50.754310607910156,-0.0005764624220319092,-0.001676946529187262,-8.371952056884766
310,0.3103103041648865,50.79737854003906,-0.0005766169051639736,-0.0016110503347590566,-8.399226188659668
311,0.3113113045692444,50.840476989746094,-0.0005500923143699765,-0.002112881513312459,-7.357672691345215
312,0.3123123049736023,50.88361358642578,-0.00047102622920647264,-0.0037716326769441366,-3.9676246643066406
313,0.3133133053779602,50.92679214477539,-0.00043643522076308727,-0.004609089344739914,-2.1017727851867676
314,0.3143143057823181,50.97000503540039,-0.00043516047298908234,-0.00473563140258193,-1.8539440631866455
315,0.315315306186676,51.01325225830078,-0.00046679843217134476,-0.004077923018485308,-3.3701515197753906
316,0.31631630659103394,51.056541442871094,-0.0005150730721652508,-0.002990444889292121,-5.695401191711426
317,0.31731730699539185,51.099857330322266,-0.0005508887115865946,-0.00223432295024395,-7.224057197570801
318,0.31831830739974976,51.14321517944336,-0.0005823355750180781,-0.0016534205060452223,-8.368515014648438
319,0.31931930780410767,51.186614990234375,-0.0006339746178127825,-0.0005082013667561114,-10.381721496582031
320,0.3203203082084656,51.23004913330078,-0.0006111639086157084,-0.0013346074847504497,-9.172647476196289
321,0.3213213086128235,51.27351379394531,-0.000621340237557888,-0.0012851085048168898,-9.434396743774414
322,0.3223223090171814,51.317020416259766,-0.00057302659843117,-0.002642157021909952,-7.372242450714111
323,0.3233233094215393,51.36056137084961,-0.0005404799594543874,-0.0033752894960343838,-6.176198482513428
324,0.3243243098258972,51.40414047241211,-0.0005585599574260414,-0.0029036293271929026,-6.998113632202148
325,0.3253253102302551,51.44776153564453,-0.0005713694845326245,-0.002489047357812524,-7.650676727294922
326,0.32632631063461304,51.49141311645508,-0.0006167531246319413,-0.0012694878969341516,-9.5910005569458
327,0.32732731103897095,51.53510284423828,-0.0005924373399466276,-0.0016880816547200084,-8.73573112487793
328,0.32832831144332886,51.578834533691406,-0.0005701082991436124,-0.0020484153646975756,-7.934245586395264
329,0.32932931184768677,51.622596740722656,-0.0005918205715715885,-0.001361977425403893,-8.921327590942383
330,0.3303303122520447,51.66639709472656,-0.0006271405727602541,-0.00022491792333312333,-10.612994194030762
331,0.3313313126564026,51.71023941040039,-0.0006166414823383093,-0.000377947959350422,-10.235006332397461
332,0.3323323130607605,51.754112243652344,-0.000614948570728302,-0.00032073596958070993,-10.236098289489746
333,0.3333333432674408,51.79802703857422,-0.0005441801622509956,-0.0020903428085148335,-7.135572910308838
334,0.3343343436717987,51.84197998046875,-0.0004914490273222327,-0.0032461301889270544,-4.873983860015869
335,0.3353353440761566,51.88597106933594,-0.00048097141552716494,-0.003307596081867814,-4.640854835510254
336,0.3363363444805145,51.92999267578125,-0.00045879738172516227,-0.0036435325164347887,-3.8548173904418945
337,0.33733734488487244,51.974056243896484,-0.0004361646715551615,-0.003919924143701792,-3.1097090244293213
338,0.33833834528923035,52.018157958984375,-0.0004009672557003796,-0.0044314200058579445,-1.7286492586135864
339,0.33933934569358826,52.06229782104492,-0.00042187399230897427,-0.003772443626075983,-3.183741569519043
340,0.34034034609794617,52.106468200683594,-0.0004197126836515963,-0.003642889205366373,-3.413262367248535
341,0.3413413465023041,52.15068054199219,-0.0004218145040795207,-0.003457039827480912,-3.772554397583008
342,0.342342346906662,52.19493103027344,-0.00046873014071024954,-0.00246612960472703,-5.972501754760742
343,0.3433433473110199,52.23921585083008,-0.0005460957763716578,-0.0009004124440252781,-9.076102256774902
344,0.3443443477153778,52.283546447753906,-0.0005710427067242563,-0.0003303074336145073,-10.095778465270996
345,0.3453453481197357,52.327911376953125,-0.000496939173899591,-0.0019671714399009943,-7.039504051208496
346,0.34634634852409363,52.372310638427734,-0.00044717598939314485,-0.0030220511835068464,-4.8267669677734375
347,0.34734734892845154,52.416744232177734,-0.0004718360723927617,-0.002586427377536893,-5.786188125610352
348,0.34834834933280945,52.46122360229492,-0.0004569752491079271,-0.0028527386020869017,-5.090337753295898
349,0.34934934973716736,52.505733489990234,-0.0004506275581661612,-0.0029139467515051365,-4.7960429191589355
350,0.35035035014152527,52.55028533935547,-0.00044902804074808955,-0.002834950340911746,-4.813922882080078
351,0.3513513505458832,52.594879150390625,-0.0005157572450116277,-0.001281898352317512,-7.890917778015137
352,0.3523523509502411,52.639503479003906,-0.00048247777158394456,-0.0018876617541536689,-6.553215026855469
353,0.353353351354599,52.68416976928711,-0.0004843088099732995,-0.0017477220389991999,-6.7480902671813965
354,0.3543543517589569,52.72887420654297,-0.0005108073819428682,-0.0010912534780800343,-8.018888473510742
355,0.3553553521633148,52.77360916137695,-0.0005119252018630505,-0.0010297135449945927,-8.145560264587402
356,0.35635635256767273,52.81839370727539,-0.00042782322270795703,-0.0027782300021499395,-4.5264763832092285
357,0.35735735297203064,52.86320495605469,-0.0004972784663550556,-0.001391128171235323,-7.7478203773498535
358,0.35835835337638855,52.90806198120117,-0.00052448216592893,-0.0008802920929156244,-8.959234237670898
359,0.35935935378074646,52.95295333862305,-0.0005174157558940351,-0.0010097029153257608,-8.857040405273438
360,0.36036035418510437,52.99788284301758,-0.0004632006457541138,-0.0019601937383413315,-6.965115070343018
361,0.3613613545894623,53.0428581237793,-0.0005227052606642246,-0.0007194565841928124,-9.466516494750977
362,0.3623623549938202,53.087860107421875,-0.00048748901463113725,-0.0013115712208673358,-8.20142650604248
363,0.3633633553981781,53.13290786743164,-0.00046454218681901693,-0.001674206811003387,-7.3107733726501465
364,0.364364355802536,53.1779899597168,-0.000439603318227455,-0.002093643881380558,-6.238605499267578
365,0.3653653562068939,53.223114013671875,-0.00046543485950678587,-0.0015340154059231281,-7.313867092132568
366,0.36636635661125183,53.268272399902344,-0.0004622456035576761,-0.0015641574282199144,-7.100120544433594
367,0.36736735701560974,53.31346893310547,-0.00047576994984410703,-0.0012835999950766563,-7.559033393859863
368,0.36836835741996765,53.358707427978516,-0.00046781980199739337,-0.0014776588650420308,-7.023252964019775
369,0.36936935782432556,53.40398025512695,-0.0003631720319390297,-0.003746181493625045,-1.4586067199707031
370,0.37037035822868347,53.44929885864258,-0.0003874648828059435,-0.0032784980721771717,-2.6991372108459473
371,0.3713713586330414,53.49464797973633,-0.00044914355385117233,-0.0021281340159475803,-5.441986560821533
372,0.3723723590373993,53.5400390625,-0.00044463080121204257,-0.002343200845643878,-4.9230217933654785
373,0.3733733594417572,53.58546829223633,-0.0003854920796584338,-0.003752552205696702,-1.5185438394546509
374,0.3743743598461151,53.63093566894531,-0.0003933706902898848,-0.0037374249659478664,-1.6295379400253296
375,0.375375360250473,53.67644500732422,-0.0003871471853926778,-0.003993596415966749,-0.949424684047699
376,0.37637636065483093,53.721988677978516,-0.00039637467125430703,-0.0038504789117723703,-1.209704875946045
377,0.37737736105918884,53.76757049560547,-0.00038918270729482174,-0.004104061983525753,-0.48781388998031616
378,0.37837836146354675,53.813194274902344,-0.00038306493661366403,-0.004380245227366686,0.25327759981155396
379,0.37937936186790466,53.858856201171875,-0.000388544169254601,-0.004323293920606375,0.14048683643341064
380,0.3803803622722626,53.9045524597168,-0.0004120799130760133,-0.0037775628734380007,-1.1620558500289917
381,0.3813813626766205,53.950294494628906,-0.00042060320265591145,-0.0036185348872095346,-1.410383701324463
382,0.3823823630809784,53.996070861816406,-0.0004168128070887178,-0.0038393628783524036,-0.8005874156951904
383,0.3833833634853363,54.04188919067383,-0.00037090471596457064,-0.005217546131461859,2.735241413116455
384,0.3843843936920166,54.08774185180664,-0.00034759746631607413,-0.005849203560501337,4.531424045562744
385,0.3853853940963745,54.133636474609375,-0.00032609811751171947,-0.006418903823941946,6.133995056152344
386,0.3863863945007324,54.1795654296875,-0.00032487412681803107,-0.0063490672037005424,5.685121536254883
387,0.38738739490509033,54.22554016113281,-0.0003818694385699928,-0.004992665722966194,1.5971559286117554
388,0.38838839530944824,54.271549224853516,-0.00038427591789513826,-0.004900061059743166,1.2250759601593018
389,0.38938939571380615,54.317596435546875,-0.000380338984541595,-0.004874726757407188,1.1321624517440796
390,0.39039039611816406,54.363685607910156,-0.0004055393801536411,-0.004163526464253664,-0.790425181388855
391,0.391391396522522,54.40981674194336,-0.0004135857743676752,-0.00387365254573524,-1.6081383228302002
392,0.3923923969268799,54.45597839355469,-0.00043171652941964567,-0.0032429734710603952,-3.1133358478546143
393,0.3933933973312378,54.502193450927734,-0.00040972503484226763,-0.0033804469276219606,-2.6225922107696533
394,0.3943943977355957,54.54843521118164,-0.0003790814080275595,-0.003762197680771351,-1.4448280334472656
395,0.3953953981399536,54.59471893310547,-0.0003770295879803598,-0.0035210568457841873,-1.806950330734253
396,0.3963963985443115,54.64104080200195,-0.0003698634682223201,-0.0035017370246350765,-1.6206337213516235
397,0.39739739894866943,54.68740463256836,-0.0003618233895394951,-0.003619582625105977,-1.0268346071243286
398,0.39839839935302734,54.73381042480469,-0.0003847511252388358,-0.002972644055262208,-2.5362749099731445
399,0.39939939975738525,54.780250549316406,-0.00035391331766732037,-0.004300214350223541,1.2664909362792969
400,0.40040040016174316,54.82673263549805,-0.00037496790173463523,-0.0037012347020208836,-0.3162975311279297
401,0.4014014005661011,54.87324905395508,-0.00036555848782882094,-0.004390377085655928,1.6209502220153809
402,0.402402400970459,54.91980743408203,-0.0003610351122915745,-0.0046288976445794106,2.3159327507019043
403,0.4034034013748169,54.96641540527344,-0.0003740210086107254,-0.003923951182514429,0.5089234113693237
404,0.4044044017791748,55.01305389404297,-0.00035433575976639986,-0.004554206971079111,2.2703092098236084
405,0.4054054021835327,55.059730529785156,-0.00035575509537011385,-0.00433525862172246,1.617151141166687
406,0.4064064025878906,55.106449127197266,-0.00036245310911908746,-0.003987753763794899,0.6277544498443604
407,0.40740740299224854,55.1532096862793,-0.0003530817339196801,-0.004242164082825184,1.3566699028015137
408,0.40840840339660645,55.200008392333984,-0.00032448465935885906,-0.005563681945204735,5.317470550537109
409,0.40940940380096436,55.24684524536133,-0.0003220986109226942,-0.005724414251744747,5.806698322296143
410,0.41041040420532227,55.293724060058594,-0.0003221284132450819,-0.005776394624263048,5.8541154861450195
411,0.4114114046096802,55.340641021728516,-0.0003193906741216779,-0.006105815526098013,6.783384799957275
412,0.4124124050140381,55.38759231567383,-0.00032293348340317607,-0.005925089120864868,6.108566761016846
413,0.413413405418396,55.43458938598633,-0.00030416433583013713,-0.006875895895063877,9.032941818237305
414,0.4144144058227539,55.481624603271484,-0.0002900885883718729,-0.00780941266566515,12.134096145629883
415,0.4154154062271118,55.52870178222656,-0.0002827597490977496,-0.007655423134565353,11.61849594116211
416,0.4164164066314697,55.5758171081543,-0.00027915346436202526,-0.008065630681812763,13.174393653869629
417,0.41741740703582764,55.62297439575195,-0.00027892636717297137,-0.007648696657270193,11.844405174255371
418,0.41841840744018555,55.67017364501953,-0.0002877943916246295,-0.007541053928434849,11.700163841247559
419,0.41941940784454346,55.71741485595703,-0.0002982834121212363,-0.007053246721625328,10.189106941223145
420,0.42042040824890137,55.764686584472656,-0.0003053348045796156,-0.006752006709575653,9.243749618530273
421,0.4214214086532593,55.81200408935547,-0.00029873644234612584,-0.007213125471025705,10.74511432647705
422,0.4224224090576172,55.85935592651367,-0.0002958193654194474,-0.007052994333207607,10.172651290893555
423,0.4234234094619751,55.90675735473633,-0.00030505479662679136,-0.006247975863516331,7.394998550415039
424,0.424424409866333,55.954193115234375,-0.00030630765832029283,-0.006081954576075077,6.860283851623535
425,0.4254254102706909,56.00166702270508,-0.0003184169181622565,-0.005818985402584076,6.293079376220703
426,0.42642641067504883,56.04918670654297,-0.00033585488563403487,-0.005431079771369696,5.533880233764648
427,0.42742741107940674,56.096744537353516,-0.0003694932674989104,-0.004283896181732416,2.7389333248138428
428,0.42842841148376465,56.14434814453125,-0.00036386059946380556,-0.004249282646924257,2.8807475566864014
429,0.42942941188812256,56.191978454589844,-0.0003686823765747249,-0.003870947752147913,1.907314419746399
430,0.43043041229248047,56.239662170410156,-0.0003721805987879634,-0.003643372794613242,1.2286626100540161
431,0.4314314126968384,56.287384033203125,-0.0003700157976709306,-0.0037277790252119303,1.359424114227295
432,0.4324324131011963,56.335140228271484,-0.0003688309225253761,-0.0037446334026753902,1.457049012184143
433,0.4334334135055542,56.3829460144043,-0.0003755172365345061,-0.0035109042655676603,0.9258154034614563
434,0.4344344139099121,56.430782318115234,-0.00037195280310697854,-0.0037656330969184637,1.657957911491394
435,0.43543541431427,56.478668212890625,-0.00037523522041738033,-0.003719457658007741,1.5486465692520142
436,0.4364364445209503,56.526588439941406,-0.0003755310317501426,-0.0037730904296040535,1.6854795217514038
437,0.4374374449253082,56.574554443359375,-0.0003831427311524749,-0.0034006559289991856,0.6710208654403687
438,0.43843844532966614,56.62255859375,-0.0003730510070454329,-0.004022795706987381,2.294667959213257
439,0.43943944573402405,56.67060089111328,-0.0003766569425351918,-0.003737357910722494,1.4956352710723877
440,0.44044044613838196,56.718685150146484,-0.0003734756610356271,-0.0038853073492646217,1.8998345136642456
441,0.44144144654273987,56.76681137084961,-0.00036488985642790794,-0.0044861771166324615,3.563854932785034
442,0.4424424469470978,56.814979553222656,-0.0003590244450606406,-0.0057106055319309235,7.0708513259887695
443,0.4434434473514557,56.86318588256836,-0.00036115487455390394,-0.005817065015435219,7.417935848236084
444,0.4444444477558136,56.911434173583984,-0.00036276172613725066,-0.005575601477175951,6.772100925445557
445,0.4454454481601715,56.95972442626953,-0.0003623697266448289,-0.005843277554959059,7.564029693603516
446,0.4464464485645294,57.008056640625,-0.00036735087633132935,-0.005058066453784704,5.481960773468018
447,0.44744744896888733,57.056427001953125,-0.0003736427752301097,-0.004560227971524,4.241912841796875
448,0.44844844937324524,57.10483932495117,-0.00036542105954140425,-0.005312392953783274,6.456416130065918
449,0.44944944977760315,57.153297424316406,-0.00035979668609797955,-0.005611801985651255,7.4672980308532715
450,0.45045045018196106,57.20178985595703,-0.00036265133530832827,-0.005257022567093372,6.688172817230225
451,0.45145145058631897,57.25032424926758,-0.00036874954821541905,-0.004710781387984753,5.332497596740723
452,0.4524524509906769,57.29890060424805,-0.000377271935576573,-0.0041864109225571156,4.052821636199951
453,0.4534534513950348,57.3475227355957,-0.00039897492388263345,-0.002954475348815322,0.9449589252471924
454,0.4544544517993927,57.396183013916016,-0.0004191688494756818,-0.0014827153645455837,-2.58829665184021
455,0.4554554522037506,57.444881439208984,-0.0004202899872325361,-0.0014711687108501792,-2.5303080081939697
456,0.4564564526081085,57.49362564086914,-0.0004242526483722031,-0.0011385743273422122,-3.1117055416107178
457,0.45745745301246643,57.54240417480469,-0.00042896546074189246,-0.0006822478026151657,-3.9693329334259033
458,0.45845845341682434,57.59122848510742,-0.0004553457838483155,0.0009360446711070836,-7.538851737976074
459,0.45945945382118225,57.640098571777344,-0.00047427063691429794,0.0019171732710674405,-9.635183334350586
460,0.46046045422554016,57.68900680541992,-0.0004577588406391442,0.0006852647638879716,-7.083733558654785
461,0.46146145462989807,57.73795700073242,-0.0004808365774806589,0.0023352138232439756,-10.693160057067871
462,0.462462455034256,57.786949157714844,-0.00047955280751921237,0.002433766843751073,-11.018265724182129
463,0.4634634554386139,57.83598327636719,-0.0004924490349367261,0.00408750819042325,-14.509056091308594
464,0.4644644558429718,57.88505554199219,-0.0004931967705488205,0.004172250162810087,-14.840692520141602
465,0.4654654562473297,57.934165954589844,-0.0004920170176774263,0.003816981567069888,-14.270238876342773
466,0.4664664566516876,57.98332977294922,-0.0004948935238644481,0.004017574712634087,-14.736645698547363
467,0.46746745705604553,58.03252410888672,-0.0004873187281191349,0.0028851483948528767,-12.449042320251465
468,0.46846845746040344,58.08176803588867,-0.0004929492715746164,0.002958460943773389,-12.613430976867676
469,0.46946945786476135,58.131046295166016,-0.0005008178995922208,0.0030828367453068495,-12.932854652404785
470,0.47047045826911926,58.18037414550781,-0.0005091064376756549,0.0032091813627630472,-13.30914306640625
471,0.4714714586734772,58.229740142822266,-0.0005038627423346043,0.002270320663228631,-11.63708209991455
472,0.4724724590778351,58.27914810180664,-0.0005050543695688248,0.0020001328084617853,-11.296510696411133
473,0.473473459482193,58.32859802246094,-0.0004926114925183356,0.0012601095950230956,-9.948016166687012
474,0.4744744598865509,58.37809371948242,-0.0004432846326380968,-0.00035283889155834913,-6.515402317047119
475,0.4754754602909088,58.42762756347656,-0.00043451343663036823,-0.00043454114347696304,-6.251765727996826
476,0.4764764606952667,58.47719955444336,-0.0004022842040285468,-0.001164579764008522,-4.3658246994018555
477,0.47747746109962463,58.52682113647461,-0.00040832380182109773,-0.0007362373871728778,-5.290153503417969
478,0.47847846150398254,58.57647705078125,-0.00039845556602813303,-0.0008926575537770987,-4.785328388214111
479,0.47947946190834045,58.626182556152344,-0.00041237124241888523,-0.00019394655828364193,-6.467061519622803
480,0.48048046231269836,58.675926208496094,-0.0004106794949620962,-0.000220906178583391,-6.269740104675293
481,0.4814814627170563,58.725711822509766,-0.00042461667908355594,0.0004127713036723435,-7.597702980041504
482,0.4824824631214142,58.775543212890625,-0.0004192224587313831,0.00015710822481196374,-6.770881652832031
483,0.4834834635257721,58.82541275024414,-0.00040880608139559627,-0.000403250043746084,-5.24964714050293
484,0.48448446393013,58.875328063964844,-0.0004200433031655848,-2.2951247956370935e-05,-6.040359973907471
485,0.4854854643344879,58.92528533935547,-0.0004590973840095103,0.0017127948813140392,-9.859156608581543
486,0.4864864647388458,58.97528076171875,-0.0004636245430447161,0.002037567552179098,-10.380699157714844
487,0.4874874949455261,59.025325775146484,-0.00047314330004155636,0.0029588795732706785,-12.127623558044434
488,0.48848849534988403,59.07540512084961,-0.00045737449545413256,0.0018252183217555285,-9.56105899810791
489,0.48948949575424194,59.12553024291992,-0.0004620608233381063,0.002185576129704714,-10.288990020751953
490,0.49049049615859985,59.17570114135742,-0.000468212878331542,0.0028900844044983387,-11.810151100158691
491,0.49149149656295776,59.22591781616211,-0.00044060719665139914,0.0010845401557162404,-7.8965840339660645
492,0.4924924969673157,59.27616500854492,-0.0004413991700857878,0.0013467906974256039,-8.592159271240234
493,0.4934934973716736,59.32646560668945,-0.0004541394882835448,0.002404581755399704,-11.105541229248047
494,0.4944944977760315,59.376800537109375,-0.0004502941737882793,0.0022648090962320566,-10.980141639709473
495,0.4954954981803894,59.427181243896484,-0.0004525527765508741,0.0023718285374343395,-11.365220069885254
496,0.4964964985847473,59.47761154174805,-0.0004465854726731777,0.0018081956077367067,-10.216487884521484
497,0.4974974989891052,59.528072357177734,-0.0004090032889507711,-0.0003738635568879545,-5.155994892120361
498,0.49849849939346313,59.57858657836914,-0.0004098424396943301,-0.00046119457692839205,-4.997038841247559
499,0.49949949979782104,59.62913513183594,-0.00044036327744834125,0.0007940538343973458,-8.023409843444824
500,0.500500500202179,59.67972946166992,-0.00040676945354789495,-0.0009224207024089992,-4.012044906616211
501,0.5015015006065369,59.73036575317383,-0.0003881702432408929,-0.0018652857979759574,-1.6706749200820923
502,0.5025025010108948,59.78105163574219,-0.00036879919935017824,-0.003057271707803011,1.460349440574646
503,0.5035035014152527,59.83177947998047,-0.0003700165543705225,-0.0030817920342087746,1.5240776538848877
504,0.5045045018196106,59.88254165649414,-0.00036810920573771,-0.003127569565549493,1.6968960762023926
505,0.5055055022239685,59.93335723876953,-0.0003631151921581477,-0.003301733173429966,2.274188756942749
506,0.5065065026283264,59.98421096801758,-0.00038204071461223066,-0.0022151763550937176,-0.5304067134857178
507,0.5075075030326843,60.03510665893555,-0.00037807822809554636,-0.002287050476297736,-0.20460861921310425
508,0.5085085034370422,60.08604431152344,-0.00037127960240468383,-0.002468457445502281,0.48370885848999023
509,0.5095095038414001,60.13703155517578,-0.0003616917529143393,-0.0029554972425103188,1.9167685508728027
510,0.5105105042457581,60.18806076049805,-0.00038102554390206933,-0.0018280858639627695,-1.10672926902771
511,0.511511504650116,60.2391242980957,-0.0004049167619086802,-0.0005040669930167496,-4.447696685791016
512,0.5125125050544739,60.29024124145508,-0.000392926944186911,-0.0010347557254135609,-3.137152671813965
513,0.5135135054588318,60.341392517089844,-0.0003650277794804424,-0.0023375987075269222,0.3593132495880127
514,0.5145145058631897,60.39259719848633,-0.00039157766150310636,-0.0007539700600318611,-3.785637140274048
515,0.5155155062675476,60.44384002685547,-0.00037097587483003736,-0.0016864847857505083,-1.33392333984375
516,0.5165165066719055,60.495121002197266,-0.00036300584906712174,-0.002124663908034563,-0.028294146060943604
517,0.5175175070762634,60.54645538330078,-0.000365471001714468,-0.0019633963238447905,-0.3349616527557373
518,0.5185185074806213,60.59783172607422,-0.00038029259303584695,-0.0009446364711038768,-2.9506945610046387
519,0.5195195078849792,60.64924621582031,-0.00037207058630883694,-0.0014215053524821997,-1.5733706951141357
520,0.5205205082893372,60.700706481933594,-0.00037489112582989037,-0.00116251059807837,-2.1597981452941895
521,0.5215215086936951,60.75221252441406,-0.00037744437577202916,-0.0009441407164558768,-2.696089029312134
522,0.522522509098053,60.80376434326172,-0.0003771684132516384,-0.0009886750485748053,-2.5906729698181152
523,0.5235235095024109,60.85535430908203,-0.0003759323444683105,-0.001150984433479607,-2.1771912574768066
524,0.5245245099067688,60.90699005126953,-0.0003704441187437624,-0.0017159529961645603,-0.6930474042892456
525,0.5255255103111267,60.95866775512695,-0.0003754894423764199,-0.0012761014513671398,-1.927355170249939
526,0.5265265107154846,61.01039123535156,-0.0003710223245434463,-0.001684257760643959,-0.9185358285903931
527,0.5275275111198425,61.06216049194336,-0.0003713759651873261,-0.0016441131010651588,-1.1155552864074707
528,0.5285285115242004,61.11397171020508,-0.0003672018938232213,-0.0019598770886659622,-0.34959542751312256
529,0.5295295119285583,61.165828704833984,-0.0003613275184761733,-0.00253746728412807,1.143413782119751
530,0.5305305123329163,61.21773147583008,-0.0003549386456143111,-0.003564726561307907,3.9777374267578125
531,0.5315315127372742,61.26966857910156,-0.0003522625775076449,-0.0032678572461009026,3.170992136001587
532,0.5325325131416321,61.3216552734375,-0.0003572131972759962,-0.002205281052738428,0.20834824442863464
533,0.53353351354599,61.373695373535156,-0.00035416200989857316,-0.0023635101970285177,0.7042624950408936
534,0.5345345139503479,61.4257698059082,-0.0003485347260721028,-0.0032019426580518484,3.139383316040039
535,0.5355355143547058,61.47788619995117,-0.00034732732456177473,-0.0034212060272693634,3.8971364498138428
536,0.5365365147590637,61.530052185058594,-0.0003486829227767885,-0.0039702290669083595,5.612175941467285
537,0.5375375151634216,61.5822639465332,-0.0003514482523314655,-0.004442159552127123,7.101958274841309
538,0.5385385155677795,61.63451385498047,-0.0003585047961678356,-0.005287098698318005,9.617069244384766
539,0.5395395755767822,61.68681716918945,-0.0003644461103249341,-0.006025840062648058,11.701083183288574
540,0.5405405759811401,61.73915481567383,-0.0003664585528895259,-0.006583672482520342,13.195291519165039
541,0.541541576385498,61.791542053222656,-0.00036603043554350734,-0.006506522186100483,12.989635467529297
542,0.542542576789856,61.843971252441406,-0.000363692146493122,-0.00602229917421937,11.707380294799805
543,0.5435435771942139,61.89645004272461,-0.0003651956212706864,-0.006139873992651701,12.082555770874023
544,0.5445445775985718,61.94896697998047,-0.0003644111566245556,-0.005965505726635456,11.629720687866211
545,0.5455455780029297,62.001529693603516,-0.0003589814295992255,-0.005504847504198551,10.379096031188965
546,0.5465465784072876,62.05413818359375,-0.00035197759279981256,-0.0051188417710363865,9.276309967041016
547,0.5475475788116455,62.10679244995117,-0.0003463516477495432,-0.004868355579674244,8.556520462036133
548,0.5485485792160034,62.159488677978516,-0.00033710338175296783,-0.003989828750491142,5.976139545440674
549,0.5495495796203613,62.21223068237305,-0.00034348556073382497,-0.004646630957722664,7.906493663787842
550,0.5505505800247192,62.26502227783203,-0.0003444657486397773,-0.004441291093826294,7.370301246643066
551,0.5515515804290771,62.31785202026367,-0.00034693392808549106,-0.004297487437725067,7.066293716430664
552,0.5525525808334351,62.3707275390625,-0.0003547569504007697,-0.0049169715493917465,8.980822563171387
553,0.553553581237793,62.42365264892578,-0.0003628084668889642,-0.0055394042283296585,10.910314559936523
554,0.5545545816421509,62.476619720458984,-0.00037220018566586077,-0.0065139890648424625,13.69581127166748
555,0.5555555820465088,62.52962875366211,-0.00037466525100171566,-0.006849369965493679,14.66850757598877
556,0.5565565824508667,62.58268737792969,-0.00037470110692083836,-0.007361616473644972,16.057506561279297
557,0.5575575828552246,62.63578796386719,-0.0003715633356478065,-0.007727263495326042,17.010160446166992
558,0.5585585832595825,62.688934326171875,-0.00036858662497252226,-0.007651974447071552,16.785703659057617
559,0.5595595836639404,62.74212646484375,-0.00036814119084738195,-0.006849171128123999,14.563385009765625
560,0.5605605840682983,62.79536437988281,-0.0003611550200730562,-0.007268417626619339,15.596217155456543
561,0.5615615844726562,62.8486442565918,-0.00035778386518359184,-0.007123599760234356,15.165712356567383
562,0.5625625848770142,62.901973724365234,-0.00035704823676496744,-0.006367415189743042,13.067826271057129
563,0.5635635852813721,62.955345153808594,-0.00035631447099149227,-0.006592690944671631,13.799403190612793
564,0.56456458568573,63.008766174316406,-0.0003556542214937508,-0.006434406619518995,13.431156158447266
565,0.5655655860900879,63.062225341796875,-0.0003482455213088542,-0.005292943678796291,10.290153503417969
566,0.5665665864944458,63.11573791503906,-0.0003528249217197299,-0.00566292367875576,11.512146949768066
567,0.5675675868988037,63.16929244995117,-0.0003486135683488101,-0.005214093253016472,10.431211471557617
568,0.5685685873031616,63.2228889465332,-0.00034760168637149036,-0.005006198305636644,10.022133827209473
569,0.5695695877075195,63.27653503417969,-0.00035700411535799503,-0.005621050950139761,11.829345703125
570,0.5705705881118774,63.33022689819336,-0.0003561952034942806,-0.005249389447271824,10.737946510314941
571,0.5715715885162354,63.38396072387695,-0.0003558589960448444,-0.004875635262578726,9.581855773925781
572,0.5725725889205933,63.437744140625,-0.00035143515560775995,-0.004078156314790249,7.264410972595215
573,0.5735735893249512,63.4915657043457,-0.0003578514442779124,-0.0047088200226426125,8.982098579406738
574,0.5745745897293091,63.545440673828125,-0.0003634878958109766,-0.005928896367549896,12.24593448638916
575,0.575575590133667,63.599361419677734,-0.0003574513248167932,-0.005367932841181755,10.612957000732422
576,0.5765765905380249,63.65332794189453,-0.00035442141233943403,-0.005970645230263472,12.292237281799316
577,0.5775775909423828,63.707332611083984,-0.0003477918799035251,-0.006953570991754532,15.121612548828125
578,0.5785785913467407,63.761390686035156,-0.0003449422074481845,-0.00656935153529048,14.062357902526855
579,0.5795795917510986,63.815494537353516,-0.00034166008117608726,-0.006767354905605316,14.715627670288086
580,0.5805805921554565,63.8696403503418,-0.0003372204373590648,-0.007464810274541378,16.858552932739258
581,0.5815815925598145,63.92383575439453,-0.00034006740315817297,-0.007253360468894243,16.288410186767578
582,0.5825825929641724,63.97807693481445,-0.00034175117616541684,-0.007463369984179735,16.98858642578125
583,0.5835835933685303,64.03236389160156,-0.0003315520007163286,-0.008945786394178867,21.399620056152344
584,0.5845845937728882,64.0866928100586,-0.00033377279760316014,-0.009172849357128143,21.992237091064453
585,0.5855855941772461,64.14107513427734,-0.00033077975967898965,-0.009875698946416378,23.962886810302734
586,0.586586594581604,64.19549560546875,-0.00032995257060974836,-0.010168861597776413,24.766036987304688
587,0.5875875949859619,64.24996948242188,-0.000335188175085932,-0.009490933269262314,22.757518768310547
588,0.5885885953903198,64.30448150634766,-0.00033093581441789865,-0.009919045493006706,24.136932373046875
589,0.5895895957946777,64.35903930664062,-0.0003310938482172787,-0.009618295356631279,23.390239715576172
590,0.5905905961990356,64.41365814208984,-0.00033760879887267947,-0.008441520854830742,20.024946212768555
591,0.5915915966033936,64.46830749511719,-0.0003248421708121896,-0.009623154997825623,23.738746643066406
592,0.5925925970077515,64.52301025390625,-0.0003243026148993522,-0.009514370933175087,23.60219955444336
593,0.5935935974121094,64.5777587890625,-0.0003218071651645005,-0.010375671088695526,26.477153778076172
594,0.5945945978164673,64.63255310058594,-0.0003222411032766104,-0.010426380671560764,26.769878387451172
595,0.5955955982208252,64.68739318847656,-0.00032070765155367553,-0.010360514745116234,26.63640785217285
596,0.5965965986251831,64.74227905273438,-0.0003221713996026665,-0.00938858650624752,23.655746459960938
597,0.597597599029541,64.7972183227539,-0.00032238534186035395,-0.008868151344358921,22.13641929626465
598,0.5985985994338989,64.8521957397461,-0.0003260113880969584,-0.008343098685145378,20.65086555480957
599,0.5995995998382568,64.9072265625,-0.0003176889440510422,-0.008965964429080486,22.675954818725586
600,0.6006006002426147,64.96229553222656,-0.0003289757005404681,-0.008218986913561821,20.333932876586914
601,0.6016016006469727,65.01741790771484,-0.00032991188345476985,-0.008153718896210194,19.940584182739258
602,0.6026026010513306,65.07258605957031,-0.00032704026671126485,-0.00838683731853962,20.387659072875977
603,0.6036036014556885,65.12779998779297,-0.0003233744064345956,-0.008707002736628056,21.184682846069336
604,0.6046046018600464,65.18305969238281,-0.00032376841409131885,-0.008759893476963043,21.24266815185547
605,0.6056056022644043,65.23836517333984,-0.00032009760616347194,-0.00917984452098608,22.589519500732422
606,0.6066066026687622,65.2937240600586,-0.00031833487446419895,-0.009487795643508434,23.6257381439209
607,0.6076076030731201,65.34912872314453,-0.00031863502226769924,-0.00956503115594387,23.922197341918945
608,0.608608603477478,65.40457916259766,-0.00031567743280902505,-0.009928843937814236,25.110614776611328
609,0.6096096038818359,65.46007537841797,-0.00031188572756946087,-0.010489687323570251,26.9499568939209
610,0.6106106042861938,65.51561737060547,-0.0003089479578193277,-0.011312798596918583,29.70076560974121
611,0.6116116046905518,65.57120513916016,-0.0003088472003582865,-0.01232146006077528,33.16707992553711
612,0.6126126050949097,65.62684631347656,-0.00030946466722525656,-0.01169577892869711,31.314599990844727
613,0.6136136054992676,65.68252563476562,-0.00031441106693819165,-0.010672435164451599,28.158241271972656
614,0.6146146059036255,65.7382583618164,-0.0003227852575946599,-0.009477578103542328,24.510223388671875
615,0.6156156063079834,65.79403686523438,-0.0003282121615484357,-0.00864758063107729,22.04231071472168
616,0.6166166067123413,65.84986877441406,-0.00032256529084406793,-0.009427311830222607,24.448068618774414
617,0.6176176071166992,65.9057388305664,-0.00032316899159923196,-0.009212584234774113,23.719907760620117
618,0.6186186075210571,65.96166229248047,-0.00032385875238105655,-0.009175525046885014,23.556596755981445
619,0.619619607925415,66.01763153076172,-0.0003244701074436307,-0.009153381921350956,23.424365997314453
620,0.620620608329773,66.07364654541016,-0.00032615018426440656,-0.009034588001668453,22.97406768798828
621,0.6216216087341309,66.12971496582031,-0.000328257359797135,-0.00897336658090353,22.74629783630371
622,0.6226226091384888,66.18582916259766,-0.00033624088973738253,-0.008153297007083893,20.27570343017578
623,0.6236236095428467,66.24198150634766,-0.00033861579140648246,-0.008078769780695438,20.1030330657959
624,0.6246246099472046,66.29818725585938,-0.0003386790631338954,-0.00850101187825203,21.47825813293457
625,0.6256256103515625,66.35443878173828,-0.000335146818542853,-0.00973589438945055,25.320281982421875
626,0.6266266107559204,66.4107437133789,-0.0003326886217109859,-0.010823008604347706,28.709096908569336
627,0.6276276111602783,66.46709442138672,-0.0003298443916719407,-0.01191107276827097,32.121192932128906
628,0.6286286115646362,66.52349090576172,-0.00032902118982747197,-0.012070809490978718,32.69633865356445
629,0.6296296119689941,66.57994079589844,-0.0003263250691816211,-0.012790828011929989,34.99457931518555
630,0.630630612373352,66.63642883300781,-0.0003249192959628999,-0.012851721607148647,35.280921936035156
631,0.63163161277771,66.6929702758789,-0.0003229003050364554,-0.01286409329622984,35.38541030883789
632,0.6326326131820679,66.74955749511719,-0.0003199803759343922,-0.013106017373502254,36.22699737548828
633,0.6336336135864258,66.80619812011719,-0.00031754071824252605,-0.012875666841864586,35.59189987182617
634,0.6346346139907837,66.86288452148438,-0.0003148525720462203,-0.013328108936548233,37.0656852722168
635,0.6356356143951416,66.91961669921875,-0.0003121200716122985,-0.01341998390853405,37.36854553222656
636,0.6366366147994995,66.97640228271484,-0.00031191849848255515,-0.014346805401146412,40.422943115234375
637,0.6376376152038574,67.0332260131836,-0.0003113647107966244,-0.014649488031864166,41.51889419555664
638,0.6386386156082153,67.0901107788086,-0.00030797391082160175,-0.014277718961238861,40.43417739868164
639,0.6396396160125732,67.14703369140625,-0.00030774989863857627,-0.014525417238473892,41.31916046142578
640,0.6406406164169312,67.20401000976562,-0.00031426938949152827,-0.01583191193640232,45.60609817504883
641,0.6416416764259338,67.26103210449219,-0.0003142169152852148,-0.01605791226029396,46.51359558105469
642,0.6426426768302917,67.31810760498047,-0.00030728342244401574,-0.015098052099347115,43.6207389831543
643,0.6436436772346497,67.37522888183594,-0.0003052737738471478,-0.01500092726200819,43.58790588378906
644,0.6446446776390076,67.4323959350586,-0.00030414166394621134,-0.015018059872090816,43.931724548339844
645,0.6456456780433655,67.48960876464844,-0.0003045232151634991,-0.015229434706270695,44.89488220214844
646,0.6466466784477234,67.546875,-0.00030118576250970364,-0.014661482535302639,43.201622009277344
647,0.6476476788520813,67.60418701171875,-0.00030139886075630784,-0.014624826610088348,43.181724548339844
648,0.6486486792564392,67.66155242919922,-0.0002975135575979948,-0.013508404605090618,39.56023406982422
649,0.6496496796607971,67.71896362304688,-0.0002973714435938746,-0.013226814568042755,38.69631576538086
650,0.650650680065155,67.77642822265625,-0.00029934715712442994,-0.013694286346435547,40.28170394897461
651,0.6516516804695129,67.83393859863281,-0.0002997110423166305,-0.013114996254444122,38.274139404296875
652,0.6526526808738708,67.89148712158203,-0.0003005936450790614,-0.013648548163473606,39.899688720703125
653,0.6536536812782288,67.9490966796875,-0.000300718005746603,-0.013664042577147484,39.816898345947266
654,0.6546546816825867,68.00675201416016,-0.000300987740047276,-0.01373279094696045,39.96841049194336
655,0.6556556820869446,68.064453125,-0.0003042469616048038,-0.01305969338864088,37.67510986328125
656,0.6566566824913025,68.1222152709961,-0.0003068269870709628,-0.012796314433217049,36.775421142578125
657,0.6576576828956604,68.18000793457031,-0.00030460028210654855,-0.013437921181321144,38.90087890625
658,0.6586586833000183,68.23786163330078,-0.0003042413154616952,-0.013350537046790123,38.69839859008789
659,0.6596596837043762,68.29576110839844,-0.00030228617833927274,-0.01377297192811966,40.253562927246094
660,0.6606606841087341,68.35371398925781,-0.0003015914116986096,-0.013849693350493908,40.755828857421875
661,0.661661684513092,68.41171264648438,-0.0003019649302586913,-0.013948025181889534,41.38268280029297
662,0.66266268491745,68.46975708007812,-0.00030140046146698296,-0.013511029072105885,40.213504791259766
663,0.6636636853218079,68.5278549194336,-0.0002998561249114573,-0.012018723413348198,35.43536376953125
664,0.6646646857261658,68.58599853515625,-0.0003014786634594202,-0.011680840514600277,34.382896423339844
665,0.6656656861305237,68.64419555664062,-0.0003026223857887089,-0.011879835277795792,34.99954605102539
666,0.6666666865348816,68.70243835449219,-0.00030343682738021016,-0.012643992900848389,37.357566833496094
667,0.6676676869392395,68.76073455810547,-0.0003044577606488019,-0.013842483051121235,41.10346603393555
668,0.6686686873435974,68.81907653808594,-0.00030355065246112645,-0.013363884761929512,39.41594696044922
669,0.6696696877479553,68.87747192382812,-0.00030454841908067465,-0.012239652685821056,35.627113342285156
670,0.6706706881523132,68.9359130859375,-0.00030241761123761535,-0.013697056099772453,40.39026641845703
671,0.6716716885566711,68.9944076538086,-0.00030170654645189643,-0.01379457488656044,40.76401901245117
672,0.672672688961029,69.05294799804688,-0.0003015138499904424,-0.01454090140759945,43.370941162109375
673,0.673673689365387,69.11154174804688,-0.0003003401216119528,-0.014010201208293438,41.79663848876953
674,0.6746746897697449,69.17018127441406,-0.00029996901866979897,-0.014016702771186829,42.076202392578125
675,0.6756756901741028,69.22887420654297,-0.0002981574507430196,-0.0134709682315588,40.60607147216797
676,0.6766766905784607,69.2876205444336,-0.000296632235404104,-0.012445433996617794,37.50739669799805
677,0.6776776909828186,69.34640502929688,-0.0002960682031698525,-0.012364836409687996,37.52544021606445
678,0.6786786913871765,69.4052505493164,-0.00029562372947111726,-0.012020199559628963,36.54847717285156
679,0.6796796917915344,69.4641342163086,-0.0002954549854621291,-0.011617578566074371,35.32191848754883
680,0.6806806921958923,69.52307891845703,-0.00029457759228534997,-0.01147129014134407,34.93204879760742
681,0.6816816926002502,69.58206939697266,-0.0002929573238361627,-0.011405074037611485,34.780269622802734
682,0.6826826930046082,69.64111328125,-0.0002911887422669679,-0.011265364475548267,34.3426513671875
683,0.6836836934089661,69.7001953125,-0.0002902769192587584,-0.011815683916211128,36.18349075317383
684,0.684684693813324,69.75934600830078,-0.0002899981336668134,-0.012306650169193745,37.783668518066406
685,0.6856856942176819,69.81852722167969,-0.0002886695438064635,-0.01229261513799429,37.58311462402344
686,0.6866866946220398,69.87776947021484,-0.0002871881297323853,-0.011732724495232105,35.443138122558594
687,0.6876876950263977,69.93706512451172,-0.0002891221083700657,-0.012631782330572605,38.38566207885742
688,0.6886886954307556,69.99640655517578,-0.0002906171721406281,-0.01237571146339178,37.37101745605469
689,0.6896896958351135,70.05580139160156,-0.000293283024802804,-0.012340857647359371,37.26964569091797
690,0.6906906962394714,70.11524200439453,-0.0002957609831355512,-0.012500454671680927,37.97954177856445
691,0.6916916966438293,70.17473602294922,-0.00029765424551442266,-0.012668734416365623,38.71660614013672
692,0.6926926970481873,70.23428344726562,-0.000301691354252398,-0.011378554627299309,34.562129974365234
693,0.6936936974525452,70.29387664794922,-0.0003006600891239941,-0.011555436998605728,35.26826858520508
694,0.6946946978569031,70.353515625,-0.00029901223024353385,-0.011677460744976997,35.7305908203125
695,0.695695698261261,70.41321563720703,-0.0002976194373331964,-0.012095678597688675,37.27336502075195
696,0.6966966986656189,70.47296142578125,-0.00029660481959581375,-0.011756926774978638,36.358741760253906
697,0.6976976990699768,70.53276062011719,-0.00029694251134060323,-0.01209801435470581,37.649314880371094
698,0.6986986994743347,70.59259796142578,-0.00029576424276456237,-0.010960729792714119,33.929771423339844
699,0.6996996998786926,70.65249633789062,-0.0002946491586044431,-0.010176258161664009,31.376850128173828
700,0.7007007002830505,70.71244812011719,-0.0002945773594547063,-0.009910906665027142,30.48433494567871
701,0.7017017006874084,70.77244567871094,-0.00029472645837813616,-0.009237866848707199,28.14594268798828
702,0.7027027010917664,70.83250427246094,-0.0002957233809866011,-0.010131527669727802,31.041833877563477
703,0.7037037014961243,70.8926010131836,-0.000295748352073133,-0.008998190052807331,27.0919246673584
704,0.7047047019004822,70.95275115966797,-0.00029581639682874084,-0.008998870849609375,27.07373046875
705,0.7057057023048401,71.0129623413086,-0.00029690988594666123,-0.008430497720837593,25.226648330688477
706,0.706706702709198,71.07321166992188,-0.0002986264298669994,-0.007607902400195599,22.59592628479004
707,0.7077077031135559,71.1335220336914,-0.0002993904345203191,-0.007732857018709183,23.172531127929688
708,0.7087087035179138,71.19387817382812,-0.00029917227220721543,-0.006517444737255573,19.291732788085938
709,0.7097097039222717,71.25428771972656,-0.000298644503345713,-0.0063057271763682365,18.68253517150879
710,0.7107107043266296,71.31475067138672,-0.0002985097235068679,-0.006270973943173885,18.56727409362793
711,0.7117117047309875,71.37525939941406,-0.00029562111012637615,-0.005415074992924929,15.65004825592041
712,0.7127127051353455,71.4358139038086,-0.0002980320423375815,-0.005959908477962017,17.499942779541016
713,0.7137137055397034,71.4964370727539,-0.00029561930568888783,-0.005329522304236889,15.458791732788086
714,0.7147147059440613,71.55709838867188,-0.0002962525759357959,-0.005366486497223377,15.605687141418457
715,0.7157157063484192,71.61781311035156,-0.00029852776788175106,-0.005628632381558418,16.436614990234375
716,0.7167167067527771,71.67858123779297,-0.0003010085492860526,-0.006087721791118383,17.902612686157227
717,0.717717707157135,71.7394027709961,-0.0003016688278876245,-0.0058679040521383286,17.05865478515625
718,0.7187187075614929,71.8002700805664,-0.0003024187171831727,-0.006521538365632296,19.079116821289062
719,0.7197197079658508,71.86119842529297,-0.0003023291064891964,-0.007132023572921753,20.911865234375
720,0.7207207083702087,71.92217254638672,-0.00029437747434712946,-0.00940027553588152,28.361692428588867
721,0.7217217087745667,71.98320007324219,-0.00029981823172420263,-0.008302943781018257,24.61830711364746
722,0.7227227091789246,72.04427337646484,-0.0002994982060045004,-0.008091751486063004,23.87518882751465
723,0.7237237095832825,72.10540771484375,-0.00029334984719753265,-0.00974677037447691,29.447887420654297
724,0.7247247099876404,72.16658782958984,-0.0002923877618741244,-0.009302355349063873,27.982528686523438
725,0.7257257103919983,72.22782135009766,-0.00029008457204326987,-0.009308450855314732,28.100631713867188
726,0.7267267107963562,72.28910827636719,-0.0002881426480598748,-0.009243547916412354,28.014690399169922
727,0.7277277112007141,72.3504409790039,-0.00028739776462316513,-0.008991793729364872,27.257856369018555
728,0.728728711605072,72.41183471679688,-0.0002856617793440819,-0.009064559824764729,27.602293014526367
729,0.7297297120094299,72.47327423095703,-0.00028608948923647404,-0.008499839343130589,25.70671272277832
730,0.7307307124137878,72.53477478027344,-0.00028151096194051206,-0.009537809528410435,29.413522720336914
731,0.7317317128181458,72.59632110595703,-0.0002817213535308838,-0.009666685946285725,29.89678192138672
732,0.7327327132225037,72.65791320800781,-0.0002802587696351111,-0.010550952516496181,33.06785583496094
733,0.7337337136268616,72.71956634521484,-0.00028451328398659825,-0.010133993811905384,31.681777954101562
734,0.7347347140312195,72.78126525878906,-0.00028809296782128513,-0.010094973258674145,31.68087387084961
735,0.7357357144355774,72.84302520751953,-0.0002915182267315686,-0.010087925009429455,31.795068740844727
736,0.7367367148399353,72.90483093261719,-0.00029512494802474976,-0.009856928139925003,31.197792053222656
737,0.7377377152442932,72.96669006347656,-0.0002976120449602604,-0.009291651658713818,29.425081253051758
738,0.7387387156486511,73.02860260009766,-0.00029794557485729456,-0.009755169972777367,31.12714958190918
739,0.739739716053009,73.09056854248047,-0.0002968829940073192,-0.00883266981691122,28.147916793823242
740,0.7407407164573669,73.152587890625,-0.0002966594183817506,-0.009214568883180618,29.591888427734375
741,0.7417417168617249,73.21465301513672,-0.0002959372359327972,-0.009366325102746487,30.23496437072754
742,0.7427427172660828,73.27677917480469,-0.0002944703446701169,-0.009179189801216125,29.674243927001953
743,0.7437437772750854,73.33895874023438,-0.0002923519641626626,-0.0092173982411623,29.877811431884766
744,0.7447447776794434,73.40119171142578,-0.0002903043932747096,-0.009461014531552792,30.7581787109375
745,0.7457457780838013,73.46347045898438,-0.0002896319201681763,-0.008662917651236057,28.069599151611328
746,0.7467467784881592,73.52580261230469,-0.00028907001251354814,-0.007779145147651434,25.061872482299805
747,0.7477477788925171,73.58819580078125,-0.00028908555395901203,-0.008506270125508308,27.594966888427734
748,0.748748779296875,73.65062713623047,-0.00028760675922967494,-0.007179444655776024,22.970256805419922
749,0.7497497797012329,73.71311950683594,-0.00028229987947270274,-0.0056277369149029255,17.43240737915039
750,0.7507507801055908,73.77567291259766,-0.0002792582381516695,-0.004731472581624985,14.07528018951416
751,0.7517517805099487,73.83826446533203,-0.0002816164051182568,-0.0051395222544670105,15.309191703796387
752,0.7527527809143066,73.90092468261719,-0.0002828419383149594,-0.005330182146281004,15.718877792358398
753,0.7537537813186646,73.963623046875,-0.00028515432495623827,-0.005818837322294712,17.195350646972656
754,0.7547547817230225,74.02638244628906,-0.00028877510339953005,-0.007581810932606459,23.211688995361328
755,0.7557557821273804,74.08919525146484,-0.0002867985749617219,-0.0071705421432852745,21.847515106201172
756,0.7567567825317383,74.15206146240234,-0.00028350274078547955,-0.006402018014341593,19.25835609436035
757,0.7577577829360962,74.21498107910156,-0.00028324383310973644,-0.006974350195378065,21.42582130432129
758,0.7587587833404541,74.2779541015625,-0.00028168680728413165,-0.008020780049264431,25.286989212036133
759,0.759759783744812,74.34097290039062,-0.000277417479082942,-0.009009156376123428,28.981876373291016
760,0.7607607841491699,74.404052734375,-0.0002759089111350477,-0.00891201477497816,28.7867431640625
761,0.7617617845535278,74.4671859741211,-0.0002759059425443411,-0.008725770749151707,28.26913070678711
762,0.7627627849578857,74.53038024902344,-0.0002772571169771254,-0.008737168274819851,28.481204986572266
763,0.7637637853622437,74.59361267089844,-0.0002776503679342568,-0.009610873647034168,31.781749725341797
764,0.7647647857666016,74.65690612792969,-0.0002793015446513891,-0.009724692441523075,32.30051803588867
765,0.7657657861709595,74.72025299072266,-0.00028021459002047777,-0.00924607738852501,30.69222068786621
766,0.7667667865753174,74.78365325927734,-0.00027555436827242374,-0.007640546653419733,24.99226951599121
767,0.7677677869796753,74.84710693359375,-0.00027582133770920336,-0.00825897604227066,27.262290954589844
768,0.7687687873840332,74.91061401367188,-0.00027759047225117683,-0.008962420746684074,29.83892250061035
769,0.7697697877883911,74.97418212890625,-0.0002753091976046562,-0.00860361848026514,28.51064682006836
770,0.770770788192749,75.03779602050781,-0.0002715880982577801,-0.0077178264036774635,25.171672821044922
771,0.7717717885971069,75.1014633178711,-0.00027529121143743396,-0.008261960931122303,27.015047073364258
772,0.7727727890014648,75.1651840209961,-0.00027468311600387096,-0.007003354839980602,22.32733154296875
773,0.7737737894058228,75.22896575927734,-0.0002784961252473295,-0.0057585169561207294,17.749109268188477
774,0.7747747898101807,75.29280090332031,-0.00028211151948198676,-0.005238784942775965,15.974496841430664
775,0.7757757902145386,75.35668182373047,-0.00028639897936955094,-0.004169486928731203,12.340373992919922
776,0.7767767906188965,75.42062377929688,-0.0002900832914747298,-0.002967017237097025,8.322898864746094
777,0.7777777910232544,75.484619140625,-0.0002904969733208418,-0.0024216955062001944,6.609836578369141
778,0.7787787914276123,75.54866790771484,-0.0002887301379814744,-0.0027129030786454678,7.7704877853393555
779,0.7797797918319702,75.6127700805664,-0.0002852384641300887,-0.003507202723994851,10.635857582092285
780,0.7807807922363281,75.67693328857422,-0.0002828001161105931,-0.0034584472887218,10.532954216003418
781,0.781781792640686,75.74114227294922,-0.00027998670702800155,-0.003176450962200761,9.585432052612305
782,0.782782793045044,75.80540466308594,-0.0002754625747911632,-0.003979761619120836,12.495378494262695
783,0.7837837934494019,75.8697280883789,-0.00027190690161660314,-0.00462856562808156,14.884627342224121
784,0.7847847938537598,75.9341049194336,-0.0002676375734154135,-0.0038882452063262463,12.168001174926758
785,0.7857857942581177,75.99853515625,-0.00026514907949604094,-0.004333899822086096,13.872529029846191
786,0.7867867946624756,76.06301879882812,-0.00026575865922495723,-0.005145134404301643,16.94043731689453
787,0.7877877950668335,76.1275634765625,-0.00026457387139089406,-0.004992267116904259,16.3256893157959
788,0.7887887954711914,76.19215393066406,-0.00026368850376456976,-0.004727538675069809,15.243733406066895
789,0.7897897958755493,76.25680541992188,-0.0002643902553245425,-0.00466111209243536,14.877313613891602
790,0.7907907962799072,76.3215103149414,-0.00026563904248178005,-0.004821111913770437,15.384079933166504
791,0.7917917966842651,76.38626861572266,-0.0002659473684616387,-0.004849011078476906,15.47307014465332
792,0.792792797088623,76.45108032226562,-0.0002673686249181628,-0.005789943505078554,19.012561798095703
793,0.793793797492981,76.51595306396484,-0.0002672263653948903,-0.006370029877871275,21.18709945678711
794,0.7947947978973389,76.58087921142578,-0.0002670625690370798,-0.007301732432097197,24.713565826416016
795,0.7957957983016968,76.64585876464844,-0.0002664487692527473,-0.008207442238926888,28.20526885986328
796,0.7967967987060547,76.71089172363281,-0.0002645471540745348,-0.008292486891150475,28.638046264648438
797,0.7977977991104126,76.7759780883789,-0.00025923142675310373,-0.006827330682426691,23.153644561767578
798,0.7987987995147705,76.84112548828125,-0.0002576579572632909,-0.007150372955948114,24.52957534790039
799,0.7997997999191284,76.90632629394531,-0.00025638361694291234,-0.007321103475987911,25.344873428344727
800,0.8008008003234863,76.97157287597656,-0.00025364168686792254,-0.006564573850482702,22.48944091796875
801,0.8018018007278442,77.03689575195312,-0.0002524625160731375,-0.0062322537414729595,21.229555130004883
802,0.8028028011322021,77.10225677490234,-0.0002522938302718103,-0.006415243726223707,21.93756103515625
803,0.8038038015365601,77.16767883300781,-0.00025194528279826045,-0.0067734066396951675,23.298229217529297
804,0.804804801940918,77.233154296875,-0.0002515642554499209,-0.006810866761952639,23.37663459777832
805,0.8058058023452759,77.29869079589844,-0.00025205028941854835,-0.006566766183823347,22.31764793395996
806,0.8068068027496338,77.36427307128906,-0.0002521956048440188,-0.007367884274572134,25.39288330078125
807,0.8078078031539917,77.42991638183594,-0.00025627386639826,-0.0058697969652712345,19.43375015258789
808,0.8088088035583496,77.49562072753906,-0.00026030957815237343,-0.005244961939752102,17.049758911132812
809,0.8098098039627075,77.56137084960938,-0.0002639527665451169,-0.0047637964598834515,15.339967727661133
810,0.8108108043670654,77.62718963623047,-0.0002652338589541614,-0.004696413408964872,15.26106071472168
811,0.8118118047714233,77.69306182861328,-0.00026386568788439035,-0.004932857118546963,16.304889678955078
812,0.8128128051757812,77.75897979736328,-0.0002631689712870866,-0.004923725035041571,16.3991641998291
813,0.8138138055801392,77.82495880126953,-0.00026047814753837883,-0.0051764389500021935,17.516677856445312
814,0.8148148059844971,77.8909912109375,-0.00026098359376192093,-0.004370394162833691,14.51797866821289
815,0.815815806388855,77.95708465576172,-0.0002624106709845364,-0.003076274646446109,9.583043098449707
816,0.8168168067932129,78.02323150634766,-0.0002591957454569638,-0.0032517719082534313,10.259343147277832
817,0.8178178071975708,78.08943176269531,-0.00025833328254520893,-0.002478119218721986,7.312276363372803
818,0.8188188076019287,78.15569305419922,-0.0002555920509621501,-0.0026851508300751448,8.199580192565918
819,0.8198198080062866,78.22200775146484,-0.0002577808918431401,-0.0016292700311169028,4.182577133178711
820,0.8208208084106445,78.28837585449219,-0.00026261270977556705,-0.0007380347233265638,0.7982614040374756
821,0.8218218088150024,78.35481262207031,-0.00025920008192770183,-0.0012667991686612368,2.8447136878967285
822,0.8228228092193604,78.4212875366211,-0.00026790471747517586,-0.00012937314750161022,-1.4748097658157349
823,0.8238238096237183,78.48783874511719,-0.00026689170044846833,-0.00026347587117925286,-1.0034217834472656
824,0.8248248100280762,78.55442810058594,-0.0002651819377206266,-0.00043761974666267633,-0.40160250663757324
825,0.8258258104324341,78.62108612060547,-0.0002564831229392439,-0.001254085567779839,2.7142527103424072
826,0.826826810836792,78.68779754638672,-0.00026010608416981995,-0.0007630108739249408,0.812998354434967
827,0.8278278112411499,78.75455474853516,-0.0002593596000224352,-0.0007915686001069844,0.9181363582611084
828,0.8288288116455078,78.82138061523438,-0.00025977761833928525,-0.0006149854161776602,0.2606165409088135
829,0.8298298120498657,78.88825988769531,-0.0002619421575218439,-3.9032041968312114e-05,-1.9698822498321533
830,0.8308308124542236,78.9552001953125,-0.0002546581090427935,-0.0007626350852660835,0.8515360355377197
831,0.8318318128585815,79.02220153808594,-0.0002587000490166247,0.00014392510638572276,-2.616657018661499
832,0.8328328132629395,79.08924865722656,-0.0002563100424595177,9.990752732846886e-05,-2.3793718814849854
833,0.8338338136672974,79.15635681152344,-0.00025501532945781946,0.00010233618377242237,-2.315768241882324
834,0.8348348140716553,79.22352600097656,-0.00025235864450223744,-0.0013961867662146688,3.683156967163086
835,0.8358358144760132,79.29074096679688,-0.00025226984871551394,-0.0012138105230405927,3.0773894786834717
836,0.8368368148803711,79.35801696777344,-0.0002512912906240672,-0.0008114511729218066,1.570167064666748
837,0.837837815284729,79.42535400390625,-0.00025133718736469746,0.0005115380045026541,-3.6959662437438965
838,0.8388388156890869,79.49275207519531,-0.0002552844234742224,0.0014088820898905396,-7.300392150878906
839,0.8398398160934448,79.56019592285156,-0.00025540997739881277,0.0012921987799927592,-6.8835272789001465
840,0.8408408164978027,79.62770080566406,-0.00025429678498767316,0.0010157651267945766,-5.810846328735352
841,0.8418418169021606,79.69527435302734,-0.0002519948175176978,0.000577554281335324,-4.038806915283203
842,0.8428428173065186,79.76288604736328,-0.00025569641729816794,0.002053041709586978,-9.789361953735352
843,0.8438438177108765,79.83056640625,-0.00025862184702418745,0.003670652396976948,-16.055925369262695
844,0.8448448181152344,79.89830780029297,-0.0002531631907913834,0.0021179120521992445,-9.978533744812012
845,0.8458458185195923,79.96610260009766,-0.0002524908341001719,0.002083671046420932,-9.835095405578613
846,0.846846878528595,80.0339584350586,-0.00024941752781160176,0.0013711079955101013,-6.987705230712891
847,0.8478478789329529,80.10186004638672,-0.00025050941621884704,0.0016093587037175894,-7.949715614318848
848,0.8488488793373108,80.16983032226562,-0.00025124690728262067,0.0015455411048606038,-7.716235160827637
849,0.8498498797416687,80.23786163330078,-0.0002500047557987273,0.0010367234935984015,-5.729569435119629
850,0.8508508801460266,80.30593872070312,-0.0002531802747398615,0.0015980004100129008,-8.018471717834473
851,0.8518518805503845,80.37407684326172,-0.0002519636764191091,0.0010164949344471097,-5.792037010192871
852,0.8528528809547424,80.44227600097656,-0.00025493334396742284,0.001540217432193458,-7.960351467132568
853,0.8538538813591003,80.51052856445312,-0.0002557479892857373,0.0013032996794208884,-7.105879783630371
854,0.8548548817634583,80.57884216308594,-0.000254005630267784,0.0005349318962544203,-4.143634796142578
855,0.8558558821678162,80.647216796875,-0.00025904271751642227,0.0015657579060643911,-8.162178993225098
856,0.8568568825721741,80.71565246582031,-0.00025841855676844716,0.0013488649856299162,-7.296299934387207
857,0.857857882976532,80.78413391113281,-0.0002574541431386024,0.0009780338732525706,-5.824892997741699
858,0.8588588833808899,80.8526840209961,-0.00025808290229178965,0.001257482566870749,-6.848069667816162
859,0.8598598837852478,80.92127990722656,-0.00025758042465895414,0.0009496561251580715,-5.614667892456055
860,0.8608608841896057,80.98995208740234,-0.0002555783139541745,-0.0005097236717119813,0.07174897193908691
861,0.8618618845939636,81.05866241455078,-0.00025339447893202305,-0.0014223189791664481,3.649277925491333
862,0.8628628849983215,81.12744903564453,-0.0002523226721677929,-0.0016725508030503988,4.622541904449463
863,0.8638638854026794,81.19628143310547,-0.00025205244310200214,-0.0015022148145362735,3.9108240604400635
864,0.8648648858070374,81.26518249511719,-0.0002510178601369262,-0.0012786303414031863,2.985011100769043
865,0.8658658862113953,81.3341293334961,-0.0002453370252624154,-0.001997740939259529,5.919312477111816
866,0.8668668866157532,81.40314483642578,-0.00024287869746331125,-0.0016962604131549597,4.748946189880371
867,0.8678678870201111,81.47222137451172,-0.00024051697982940823,-0.0012346752919256687,2.9022397994995117
868,0.868868887424469,81.54134368896484,-0.00023745080397929996,-0.001223699888214469,2.9262685775756836
869,0.8698698878288269,81.61053466796875,-0.00023352602147497237,-0.0015131375985220075,4.262972831726074
870,0.8708708882331848,81.6797866821289,-0.00022990406432654709,-0.0019651900511235,6.35270881652832
871,0.8718718886375427,81.74909210205078,-0.00022754044039174914,-0.0016110127326101065,4.931643009185791
872,0.8728728890419006,81.81845092773438,-0.00022493134019896388,-0.002675121882930398,9.712372779846191
873,0.8738738894462585,81.88787078857422,-0.00022497742611449212,-0.0020712667610496283,7.013959884643555
874,0.8748748898506165,81.95735931396484,-0.0002276047016493976,-0.0015717712230980396,4.748185634613037
875,0.8758758902549744,82.02690887451172,-0.00023143659927882254,-0.001260842545889318,3.3374011516571045
876,0.8768768906593323,82.09650421142578,-0.00023595441598445177,-0.0008572296355850995,1.5534652471542358
877,0.8778778910636902,82.1661605834961,-0.00023672306269872934,-0.0011328437831252813,2.7384567260742188
878,0.8788788914680481,82.23587799072266,-0.00024037621915340424,-0.0003735979553312063,-0.33329200744628906
879,0.879879891872406,82.30565643310547,-0.0002421263634460047,0.0003848938213195652,-3.3427045345306396
880,0.8808808922767639,82.37548828125,-0.00024206898524425924,0.0010966532863676548,-6.211504936218262
881,0.8818818926811218,82.44538116455078,-0.00023959047393873334,0.0011685319477692246,-6.471049785614014
882,0.8828828930854797,82.51534271240234,-0.0002368035347899422,0.0003939894086215645,-3.187798500061035
883,0.8838838934898376,82.58535766601562,-0.00023854212486185133,0.0012210911372676492,-6.651886940002441
884,0.8848848938941956,82.65543365478516,-0.0002376165648456663,0.0008801032090559602,-5.200643539428711
885,0.8858858942985535,82.72557067871094,-0.00023822596995159984,0.000893825723323971,-5.260733127593994
886,0.8868868947029114,82.7957534790039,-0.0002390221052337438,0.0006783314747735858,-4.390558242797852
887,0.8878878951072693,82.86600494384766,-0.00023964876891113818,0.0002451079781167209,-2.637662410736084
888,0.8888888955116272,82.93631744384766,-0.00024022145953495055,-0.0006972970440983772,1.2247718572616577
889,0.8898898959159851,83.00669860839844,-0.00024090579245239496,-0.000543587957508862,0.5113041996955872
890,0.890890896320343,83.0771255493164,-0.00024086900521069765,-0.0004499366623349488,0.07767891883850098
891,0.8918918967247009,83.14761352539062,-0.00024087537894956768,-0.0010030114790424705,2.3385136127471924
892,0.8928928971290588,83.21817016601562,-0.0002397892822045833,-0.001716424128971994,5.2635369300842285
893,0.8938938975334167,83.28878021240234,-0.00023490129387937486,-0.003363996744155884,12.196533203125
894,0.8948948979377747,83.35945129394531,-0.00023207378399092704,-0.00402285810559988,15.044303894042969
895,0.8958958983421326,83.43018341064453,-0.00022975394676905125,-0.004712387453764677,18.06829261779785
896,0.8968968987464905,83.5009765625,-0.00022915677982382476,-0.004918936640024185,19.066265106201172
897,0.8978978991508484,83.57182312011719,-0.00022907310631126165,-0.004721564240753651,18.36881446838379
898,0.8988988995552063,83.64273071289062,-0.00022864551283419132,-0.004719969816505909,18.57131004333496
899,0.8998998999595642,83.71370697021484,-0.00022935369634069502,-0.003530628513544798,13.569310188293457
900,0.9009009003639221,83.78473663330078,-0.00022891027037985623,-0.002640477614477277,9.822842597961426
901,0.90190190076828,83.85582733154297,-0.00022911542328074574,-0.0034320587292313576,13.378592491149902
902,0.9029029011726379,83.9269790649414,-0.00022851572430226952,-0.0038437172770500183,15.266294479370117
903,0.9039039015769958,83.99818420410156,-0.00022736479877494276,-0.004100271966308355,16.430160522460938
904,0.9049049019813538,84.06946563720703,-0.00022552321024704725,-0.005162209738045931,21.105060577392578
905,0.9059059023857117,84.14079284667969,-0.00022861873731017113,-0.007185105700045824,29.990821838378906
906,0.9069069027900696,84.21219635009766,-0.0002238701854366809,-0.005939970258623362,24.423126220703125
907,0.9079079031944275,84.28364562988281,-0.00022267550230026245,-0.005525064654648304,22.48918914794922
908,0.9089089035987854,84.35516357421875,-0.00022299459669739008,-0.005233858246356249,21.118837356567383
909,0.9099099040031433,84.42674255371094,-0.00022418357548303902,-0.005108917132019997,20.554561614990234
910,0.9109109044075012,84.49837493896484,-0.0002256054722238332,-0.005771538242697716,23.598201751708984
911,0.9119119048118591,84.57007598876953,-0.00022602241369895637,-0.005209742113947868,21.228256225585938
912,0.912912905216217,84.64183044433594,-0.0002271384873893112,-0.005644797347486019,23.293439865112305
913,0.913913905620575,84.71365356445312,-0.00022687975433655083,-0.005277416668832302,21.774852752685547
914,0.9149149060249329,84.78553009033203,-0.00022857324802316725,-0.00611022487282753,25.484275817871094
915,0.9159159064292908,84.85746765136719,-0.00022781133884564042,-0.006064875051379204,25.303997039794922
916,0.9169169068336487,84.92947387695312,-0.0002252892591059208,-0.00535939447581768,22.21028709411621
917,0.9179179072380066,85.00153350830078,-0.000223408846068196,-0.00447129039093852,18.284072875976562
918,0.9189189076423645,85.07366180419922,-0.00022122031077742577,-0.005356929264962673,22.328414916992188
919,0.9199199080467224,85.1458511352539,-0.00021912268130108714,-0.004932047799229622,20.513612747192383
920,0.9209209084510803,85.21809387207031,-0.0002174251712858677,-0.004775626584887505,19.894676208496094
921,0.9219219088554382,85.29039764404297,-0.00021676105097867548,-0.0042352876625955105,17.420198440551758
922,0.9229229092597961,85.3627700805664,-0.00021656669559888542,-0.00423557311296463,17.417245864868164
923,0.923923909664154,85.43519592285156,-0.00021712981106247753,-0.003987777512520552,16.25116539001465
924,0.924924910068512,85.50769805908203,-0.00021672059665434062,-0.004395596217364073,18.12531280517578
925,0.9259259104728699,85.58024597167969,-0.0002177154819946736,-0.003959937486797571,16.151872634887695
926,0.9269269108772278,85.6528549194336,-0.00021609995746985078,-0.004820875357836485,20.1247501373291
927,0.9279279112815857,85.72554779052734,-0.0002185865887440741,-0.003985957708209753,16.267990112304688
928,0.9289289116859436,85.79827880859375,-0.00021873635705560446,-0.004150885622948408,17.002973556518555
929,0.9299299120903015,85.87108612060547,-0.00022039658506400883,-0.003867305349558592,15.710901260375977
930,0.9309309124946594,85.9439468383789,-0.00021847638709004968,-0.004459601826965809,18.42398452758789
931,0.9319319128990173,86.01686096191406,-0.00021845410810783505,-0.004328075796365738,17.8770694732666
932,0.9329329133033752,86.08985137939453,-0.00022014774731360376,-0.0036359198857098818,14.778294563293457
933,0.9339339137077332,86.16289520263672,-0.0002173612592741847,-0.0041808076202869415,17.325183868408203
934,0.9349349141120911,86.23600769042969,-0.00021581703913398087,-0.004509938880801201,18.862764358520508
935,0.935935914516449,86.3091812133789,-0.00021420183475129306,-0.0049220421351492405,20.771806716918945
936,0.9369369149208069,86.38240814208984,-0.00021426175953820348,-0.004987170919775963,21.03145408630371
937,0.9379379153251648,86.45570373535156,-0.0002137315896106884,-0.0054009100422263145,22.855558395385742
938,0.9389389157295227,86.52906799316406,-0.0002146567712770775,-0.005371689330786467,22.607858657836914
939,0.9399399161338806,86.60248565673828,-0.0002171074302168563,-0.004732336848974228,19.572629928588867
940,0.9409409165382385,86.67597198486328,-0.0002190203231293708,-0.004384343978017569,17.917776107788086
941,0.9419419169425964,86.74951171875,-0.00022233455092646182,-0.0035530896857380867,14.14309024810791
942,0.9429429173469543,86.82312774658203,-0.0002209955418948084,-0.0039012227207422256,15.696015357971191
943,0.9439439177513123,86.89679718017578,-0.00022164214169606566,-0.0036984256003051996,14.766889572143555
944,0.9449449181556702,86.97053527832031,-0.00021986523643136024,-0.0041000694036483765,16.570764541625977
945,0.9459459185600281,87.04431915283203,-0.0002183372707804665,-0.004411853849887848,17.99334716796875
946,0.946946918964386,87.11817932128906,-0.00021625557565130293,-0.00505085801705718,20.953672409057617
947,0.9479479193687439,87.19210052490234,-0.0002151931112166494,-0.004903892055153847,20.31349754333496
948,0.9489489793777466,87.2660903930664,-0.00021461851429194212,-0.0046430001966655254,19.13177490234375
949,0.9499499797821045,87.34013366699219,-0.00021503030438907444,-0.004170059692114592,17.019424438476562
950,0.9509509801864624,87.41423797607422,-0.00021093760733492672,-0.004620320629328489,19.266904830932617
951,0.9519519805908203,87.48841094970703,-0.00021324498811736703,-0.0036689122207462788,14.978595733642578
952,0.9529529809951782,87.56263732910156,-0.00020944038988091052,-0.004093381110578775,17.20649528503418
953,0.9539539813995361,87.6369400024414,-0.00020934036001563072,-0.003705153940245509,15.6090669631958
954,0.954954981803894,87.71129608154297,-0.0002064624277409166,-0.004066084045916796,17.598655700683594
955,0.955955982208252,87.78572845458984,-0.00020726749789901078,-0.0035212484654039145,15.141626358032227
956,0.9569569826126099,87.86021423339844,-0.0002092073846142739,-0.002596656559035182,10.83180046081543
957,0.9579579830169678,87.93476104736328,-0.00020929082529619336,-0.001710234908387065,6.691055774688721
958,0.9589589834213257,88.0093765258789,-0.00021004682639613748,-0.002015315694734454,8.21496868133545
959,0.9599599838256836,88.08405303955078,-0.00020956751541234553,-0.001742142834700644,6.977602958679199
960,0.9609609842300415,88.1587905883789,-0.00020655372645705938,-0.001152835669927299,4.192072868347168
961,0.9619619846343994,88.23359680175781,-0.0002025228168349713,-0.0007141200476326048,2.0096161365509033
962,0.9629629850387573,88.30846405029297,-0.00020090975158382207,-0.0007951600127853453,2.315706729888916
963,0.9639639854431152,88.38339233398438,-0.00020085307187400758,-0.0011243458138778806,3.862751007080078
964,0.9649649858474731,88.45838165283203,-0.00019966918625868857,-0.0012439492857083678,4.381651878356934
965,0.965965986251831,88.53343963623047,-0.00019919025362469256,-0.001638383837416768,6.276989459991455
966,0.966966986656189,88.60856628417969,-0.00019822455942630768,-0.0016087965341284871,6.071896553039551
967,0.9679679870605469,88.68374633789062,-0.00019775940745603293,-0.001168002374470234,3.768883228302002
968,0.9689689874649048,88.75899505615234,-0.00019947186228819191,-0.00048370606964454055,0.25366640090942383
969,0.9699699878692627,88.83431243896484,-0.000202972034458071,6.995163130341098e-05,-2.55106782913208
970,0.9709709882736206,88.90968322753906,-0.00020765975932590663,0.0007717887638136744,-5.955048561096191
971,0.9719719886779785,88.98513793945312,-0.0002097325777867809,0.0010494852904230356,-7.246725559234619
972,0.9729729890823364,89.06063842773438,-0.00020934466738253832,0.0009665446705184877,-6.78341007232666
973,0.9739739894866943,89.13619995117188,-0.00020556255185510963,4.050693678436801e-05,-2.2243974208831787
974,0.9749749898910522,89.21183776855469,-0.00020426283299457282,-0.0001581918477313593,-1.1344901323318481
975,0.9759759902954102,89.28753662109375,-0.000203306000912562,-0.00016058949404396117,-1.0442662239074707
976,0.9769769906997681,89.36328887939453,-0.00020300899632275105,-0.00023567414609715343,-0.6599166393280029
977,0.977977991104126,89.43911743164062,-0.0002049817267106846,0.0005607368657365441,-4.612649917602539
978,0.9789789915084839,89.5150146484375,-0.00020499725360423326,0.00043240730883553624,-4.050914764404297
979,0.9799799919128418,89.59095764160156,-0.00020769961702171713,0.0011713341809809208,-7.733395576477051
980,0.9809809923171997,89.66697692871094,-0.00020656539709307253,0.0009209831478074193,-6.597263813018799
981,0.9819819927215576,89.7430648803711,-0.00021141275647096336,0.002085500629618764,-12.179264068603516
982,0.9829829931259155,89.81920623779297,-0.00020929830498062074,0.0020300629548728466,-11.918642044067383
983,0.9839839935302734,89.89541625976562,-0.00020409906574059278,0.0015266555128619075,-9.43295955657959
984,0.9849849939346313,89.97168731689453,-0.00020113674690946937,0.0013904240913689137,-8.68126392364502
985,0.9859859943389893,90.04803466796875,-0.00019948762201238424,0.0015081432648003101,-9.167885780334473
986,0.9869869947433472,90.12445068359375,-0.00019600038649514318,0.001149421907030046,-7.288917064666748
987,0.9879879951477051,90.20091247558594,-0.00019455025903880596,0.0010839226888492703,-6.911903381347656
988,0.988988995552063,90.27745819091797,-0.00019440214964561164,0.001343047828413546,-8.236310958862305
989,0.9899899959564209,90.35404968261719,-0.00019431678811088204,0.0015149051323533058,-9.152685165405273
990,0.9909909963607788,90.43071746826172,-0.00019476457964628935,0.0017951185582205653,-10.655485153198242
991,0.9919919967651367,90.5074462890625,-0.00019628768495749682,0.002227212768048048,-12.928179740905762
992,0.9929929971694946,90.58423614501953,-0.00019341141160111874,0.0018880198476836085,-11.30306339263916
993,0.9939939975738525,90.6611099243164,-0.00019690337649080902,0.0024858706165105104,-14.577476501464844
994,0.9949949979782104,90.73802947998047,-0.00019186835561413318,0.001870391657575965,-11.60820198059082
995,0.9959959983825684,90.81501770019531,-0.00020543794380500913,0.0033353364560753107,-19.160289764404297
996,0.9969969987869263,90.89208221435547,-0.00020892296743113548,0.003568103536963463,-20.35333251953125
997,0.9979979991912842,90.96920013427734,-0.0002037487574853003,0.0028879898600280285,-17.09963035583496
998,0.9989989995956421,91.04638671875,-0.00020264327758923173,0.0026222739834338427,-15.802594184875488
999,1.0,91.12364959716797,-0.00020858041534665972,0.003132064826786518,-18.265869140625
