index,timestep,Diffusion_Coeff,Divergence,score,pos
0,0.0,39.05299377441406,-0.006088580936193466,0.13780805468559265,-6.925018310546875
1,0.0010010009864345193,39.08612823486328,0.006260385736823082,0.14421343803405762,-8.149269104003906
2,0.0020020019728690386,39.11929702758789,0.009659262374043465,0.14361663162708282,-8.535968780517578
3,0.0030030030757188797,39.15248489379883,-0.008582334034144878,0.145135298371315,-6.843478679656982
4,0.004004003945738077,39.185707092285156,-0.014533997513353825,0.13755129277706146,-6.206351280212402
5,0.005005004815757275,39.218955993652344,-0.01572800986468792,0.13523702323436737,-6.059538841247559
6,0.006006006151437759,39.25223159790039,-0.021664779633283615,0.11667321622371674,-5.055279731750488
7,0.007007007021456957,39.28553771972656,-0.004113491158932447,0.14755979180335999,-7.274734020233154
8,0.008008007891476154,39.31887435913086,-0.0017552897334098816,0.14745491743087769,-7.464999198913574
9,0.009009009227156639,39.352237701416016,-0.007145121227949858,0.14387324452400208,-6.906664848327637
10,0.01001000963151455,39.38562774658203,0.009787592105567455,0.1397370547056198,-8.687911033630371
11,0.011011010967195034,39.41904830932617,0.009748745709657669,0.13622066378593445,-8.75166130065918
12,0.012012012302875519,39.452491760253906,0.0022620647214353085,0.13678580522537231,-7.9431962966918945
13,0.013013012707233429,39.48596954345703,-0.014811251312494278,0.11553838849067688,-5.478435039520264
14,0.014014014042913914,39.51947021484375,-0.014249682426452637,0.11016947031021118,-5.390192031860352
15,0.015015014447271824,39.55300521850586,-0.015180875547230244,0.09977426379919052,-4.9683027267456055
16,0.01601601578295231,39.58656692504883,-0.01853817328810692,0.07398327440023422,-3.68031907081604
17,0.01701701618731022,39.620155334472656,-0.017814554274082184,0.0670938566327095,-3.4637913703918457
18,0.018018018454313278,39.653770446777344,-0.019125130027532578,0.04650351405143738,-2.442781448364258
19,0.01901901885867119,39.68742370605469,-0.019140906631946564,0.03483348712325096,-1.8882297277450562
20,0.0200200192630291,39.721092224121094,-0.01931685209274292,0.01369277760386467,-0.8378314971923828
21,0.021021021530032158,39.754798889160156,-0.014591977000236511,0.05632327124476433,-3.3948545455932617
22,0.022022021934390068,39.78852844238281,-0.017366696149110794,0.019150812178850174,-1.1991419792175293
23,0.023023022338747978,39.82229232788086,-0.01690756529569626,0.011222943663597107,-0.7572190761566162
24,0.024024024605751038,39.8560791015625,-0.01419875118881464,0.036012426018714905,-2.389793872833252
25,0.025025025010108948,39.889896392822266,-0.013460522517561913,0.033729661256074905,-2.358180522918701
26,0.026026025414466858,39.92374801635742,-0.0061989957466721535,0.06509140878915787,-5.717981815338135
27,0.027027025818824768,39.95762252807617,-0.0015329172601923347,0.06802193075418472,-7.295861721038818
28,0.028028028085827827,39.99152755737305,-0.000798298860900104,0.0654476135969162,-7.483222961425781
29,0.029029028490185738,40.02545928955078,-0.0011738440953195095,0.06297241151332855,-7.2985734939575195
30,0.030030028894543648,40.05942153930664,0.0013293765950948,0.06128032132983208,-8.123228073120117
31,0.031031031161546707,40.093414306640625,0.0028389899525791407,0.05851626768708229,-8.603443145751953
32,0.03203203156590462,40.1274299621582,0.003807781497016549,0.05612270161509514,-8.933370590209961
33,0.03303303197026253,40.16147994995117,0.0040719169192016125,0.05494721978902817,-9.056872367858887
34,0.03403403237462044,40.195556640625,0.010946348309516907,0.040120720863342285,-10.994537353515625
35,0.03503503277897835,40.22966384887695,0.014718994498252869,0.021950338035821915,-12.38186264038086
36,0.036036036908626556,40.263797760009766,0.011587867513298988,0.03378584235906601,-11.452550888061523
37,0.03703703731298447,40.29795837402344,0.0031907223165035248,0.050436027348041534,-8.990689277648926
38,0.03803803771734238,40.3321533203125,-0.001743628061376512,0.04991696774959564,-7.083857536315918
39,0.03903903812170029,40.36637878417969,-0.0039644502103328705,0.04504631832242012,-5.979663848876953
40,0.0400400385260582,40.40062713623047,-0.006376945413649082,0.03563816845417023,-4.503787994384766
41,0.04104103893041611,40.434906005859375,-0.005724229384213686,0.03513720631599426,-4.7422966957092285
42,0.042042043060064316,40.469215393066406,-0.008076624944806099,0.017582371830940247,-2.5422801971435547
43,0.043043043464422226,40.50355529785156,-0.008184622973203659,0.012124815955758095,-2.0259764194488525
44,0.044044043868780136,40.53792190551758,-0.00876736082136631,-0.00037566368700936437,-0.6395434141159058
45,0.045045044273138046,40.572322845458984,-0.009101156145334244,-0.01534389890730381,1.0029754638671875
46,0.046046044677495956,40.606746673583984,-0.008966660127043724,-0.01651311293244362,1.1283185482025146
47,0.04704704508185387,40.641197204589844,-0.008883396163582802,-0.020373795181512833,1.5602753162384033
48,0.048048049211502075,40.67568588256836,-0.008738208562135696,-0.018770763650536537,1.3805593252182007
49,0.049049049615859985,40.71019744873047,-0.008563736453652382,-0.026051755994558334,2.227546215057373
50,0.050050050020217896,40.7447395324707,-0.008307306095957756,-0.02384158968925476,1.980367660522461
51,0.051051050424575806,40.77931213378906,-0.007774489000439644,-0.030328691005706787,2.8411521911621094
52,0.052052050828933716,40.81391143798828,-0.007405712269246578,-0.024521367624402046,2.1251978874206543
53,0.053053051233291626,40.84854507446289,-0.007054650224745274,-0.020108604803681374,1.5033037662506104
54,0.054054051637649536,40.88320541381836,-0.006734689697623253,-0.023835835978388786,2.031956911087036
55,0.055055055767297745,40.91789627075195,-0.006456831004470587,-0.023603348061442375,1.9650614261627197
56,0.056056056171655655,40.952613830566406,-0.006226601079106331,-0.02440052665770054,2.0735950469970703
57,0.057057056576013565,40.987361907958984,-0.006117213051766157,-0.01791793294250965,1.0170314311981201
58,0.058058056980371475,41.02214431762695,-0.00603009108453989,-0.0184191707521677,1.1165611743927002
59,0.059059057384729385,41.056949615478516,-0.005826951470226049,-0.027952702715992928,2.7793121337890625
60,0.060060057789087296,41.0917854309082,-0.005777930840849876,-0.021868349984288216,1.8642407655715942
61,0.061061061918735504,41.12665557861328,-0.005542631261050701,-0.02941896580159664,3.402975559234619
62,0.062062062323093414,41.16154479980469,-0.00541315320879221,-0.03155333921313286,4.023181915283203
63,0.06306306272745132,41.19647216796875,-0.0053319670259952545,-0.033045195043087006,4.4925150871276855
64,0.06406406313180923,41.23143005371094,-0.005097995512187481,-0.037237949669361115,5.457527160644531
65,0.06506506353616714,41.266414642333984,-0.005262176040560007,-0.02655739150941372,3.509119749069214
66,0.06606606394052505,41.301429748535156,-0.005028499290347099,-0.013611609116196632,1.0075838565826416
67,0.06706706434488297,41.33647537231445,-0.004904377739876509,-0.017275284975767136,1.666210412979126
68,0.06806806474924088,41.37154769897461,-0.004542074166238308,-0.014094346202909946,0.8795725703239441
69,0.06906906515359879,41.406654357910156,-0.004060389474034309,-0.008525019511580467,-0.6096764206886292
70,0.0700700655579567,41.44178771972656,-0.003889468964189291,-0.010467256419360638,-0.36892926692962646
71,0.0710710734128952,41.476951599121094,-0.0036708503030240536,-0.010544578544795513,-0.5406611561775208
72,0.07207207381725311,41.512142181396484,-0.003635771805420518,-0.016296466812491417,0.9478002190589905
73,0.07307307422161102,41.547367095947266,-0.003454504068940878,-0.014953299425542355,0.5805919170379639
74,0.07407407462596893,41.582618713378906,-0.0033520283177495003,-0.01582246460020542,0.8819002509117126
75,0.07507507503032684,41.61790466308594,-0.003315138630568981,-0.01744762435555458,1.4202834367752075
76,0.07607607543468475,41.65321731567383,-0.0033435318619012833,-0.017942601814866066,1.6301759481430054
77,0.07707707583904266,41.688560485839844,-0.0032618169207125902,-0.02442282997071743,3.6132564544677734
78,0.07807807624340057,41.72393035888672,-0.0034023565240204334,-0.021003389731049538,2.606863498687744
79,0.07907907664775848,41.75933074951172,-0.0033827736042439938,-0.020875299349427223,2.6037511825561523
80,0.0800800770521164,41.794769287109375,-0.0033324207179248333,-0.018077129498124123,1.7793513536453247
81,0.0810810774564743,41.830230712890625,-0.003223365405574441,-0.018427817150950432,1.8273522853851318
82,0.08208207786083221,41.865726470947266,-0.0030780546367168427,-0.02147131972014904,2.7267773151397705
83,0.08308307826519012,41.9012451171875,-0.0030146404169499874,-0.02044898457825184,2.3022451400756836
84,0.08408408612012863,41.93680191040039,-0.0030175219289958477,-0.016326505690813065,0.8518311977386475
85,0.08508508652448654,41.97238540649414,-0.002960996702313423,-0.01211627759039402,-0.5954784154891968
86,0.08608608692884445,42.00799560546875,-0.002961651422083378,-0.018822092562913895,1.6748679876327515
87,0.08708708733320236,42.043643951416016,-0.002908542286604643,-0.01893739402294159,1.728034496307373
88,0.08808808773756027,42.079315185546875,-0.00284913694486022,-0.019091011956334114,1.8135261535644531
89,0.08908908814191818,42.115020751953125,-0.00277286721393466,-0.014027299359440804,0.06555867195129395
90,0.09009008854627609,42.1507568359375,-0.002488359110429883,-0.008706745691597462,-1.890158772468567
91,0.091091088950634,42.186519622802734,-0.0023068091832101345,-0.007156450301408768,-2.470254421234131
92,0.09209208935499191,42.22231674194336,-0.0015529526863247156,-0.0028650248423218727,-4.6931681632995605
93,0.09309308975934982,42.258140563964844,-0.0011468041921034455,-0.0021485534962266684,-5.516597270965576
94,0.09409409016370773,42.29399490356445,-0.0010476293973624706,-0.0024705687537789345,-5.598596572875977
95,0.09509509056806564,42.32988739013672,-0.0005500176339410245,-0.0018058080459013581,-6.845642566680908
96,0.09609609842300415,42.36580276489258,0.00027753692120313644,-0.0017589719500392675,-9.459102630615234
97,0.09709709882736206,42.40175247192383,0.00029207507031969726,-0.001948547433130443,-9.730694770812988
98,0.09809809923171997,42.4377326965332,0.00014261342585086823,-0.002030289266258478,-9.40603256225586
99,0.09909909963607788,42.473731994628906,0.00010182334517594427,-0.002364658983424306,-9.620180130004883
100,0.10010010004043579,42.5097770690918,0.00012531552056316286,-0.0027013083454221487,-10.129631042480469
101,0.1011011004447937,42.545841217041016,-0.00022648835147265345,-0.002948697656393051,-8.764534950256348
102,0.10210210084915161,42.58195114135742,-0.0008577957632951438,-0.004450847394764423,-6.345195770263672
103,0.10310310125350952,42.618080139160156,-0.000674277194775641,-0.0040377844125032425,-7.0918707847595215
104,0.10410410165786743,42.65423583984375,-0.0009011223446577787,-0.004928373731672764,-6.165534019470215
105,0.10510510206222534,42.6904296875,-0.0011338347103446722,-0.006123264320194721,-5.226495265960693
106,0.10610610246658325,42.726654052734375,-0.0009366451995447278,-0.005481259431689978,-6.131417751312256
107,0.10710710287094116,42.762908935546875,-0.001124820439144969,-0.006827580742537975,-5.340527057647705
108,0.10810810327529907,42.799190521240234,-0.001393117941915989,-0.009178799577057362,-3.8581786155700684
109,0.10910911113023758,42.83551025390625,-0.0014769735280424356,-0.010380974039435387,-3.161372423171997
110,0.11011011153459549,42.871856689453125,-0.0015069813234731555,-0.010899584740400314,-2.781742572784424
111,0.1111111119389534,42.90822982788086,-0.0011363670928403735,-0.007632080465555191,-5.034016132354736
112,0.11211211234331131,42.94463348388672,-0.0010189972817897797,-0.006940409075468779,-5.432787895202637
113,0.11311311274766922,42.9810791015625,-0.0012067512143403292,-0.008003083057701588,-4.131541728973389
114,0.11411411315202713,43.017547607421875,-0.0014438736252486706,-0.010106503032147884,-2.19101619720459
115,0.11511511355638504,43.054054260253906,-0.0011831617448478937,-0.008207962848246098,-3.332427740097046
116,0.11611611396074295,43.090579986572266,-0.0010530117433518171,-0.0077604143880307674,-3.6991872787475586
117,0.11711711436510086,43.127140045166016,-0.0008858115179464221,-0.007163382600992918,-4.430434703826904
118,0.11811811476945877,43.16373825073242,-0.0007084984099492431,-0.006391370669007301,-5.529121398925781
119,0.11911911517381668,43.20035934448242,-0.0009413971565663815,-0.00789663940668106,-3.773935317993164
120,0.12012011557817459,43.23701477050781,-0.0007178580272011459,-0.006523875519633293,-5.531642436981201
121,0.1211211159825325,43.27370834350586,-0.0006454515969380736,-0.006298915483057499,-6.35768985748291
122,0.12212212383747101,43.3104248046875,-0.0008879781817086041,-0.00831250287592411,-4.279370307922363
123,0.12312312424182892,43.34716796875,-0.00106293975841254,-0.010776172392070293,-2.1016650199890137
124,0.12412412464618683,43.38395309448242,-0.0008937992388382554,-0.008973238989710808,-4.148855209350586
125,0.12512512505054474,43.42076110839844,-0.0007814378477632999,-0.008025964722037315,-5.466287612915039
126,0.12612612545490265,43.45760726928711,-0.000759202754124999,-0.007969029247760773,-5.696545600891113
127,0.12712712585926056,43.494476318359375,-0.0007015579612925649,-0.007401356007903814,-6.596670150756836
128,0.12812812626361847,43.5313835144043,-0.000703107682056725,-0.007540106773376465,-6.495047569274902
129,0.12912912666797638,43.56832504272461,-0.0006036614067852497,-0.006266097538173199,-8.490630149841309
130,0.1301301270723343,43.605289459228516,-0.0005707547534257174,-0.00597003847360611,-8.999486923217773
131,0.1311311274766922,43.64228820800781,-0.0006717650685459375,-0.00735166622325778,-6.756497859954834
132,0.1321321278810501,43.679317474365234,-0.0006894057150930166,-0.0076460400596261024,-6.323657035827637
133,0.13313312828540802,43.71638107299805,-0.0007656909292563796,-0.008843332529067993,-4.730486869812012
134,0.13413412868976593,43.753475189208984,-0.0006750080501660705,-0.00752757303416729,-6.6352033615112305
135,0.13513512909412384,43.79059600830078,-0.0006451220251619816,-0.006907852832227945,-7.635639190673828
136,0.13613612949848175,43.827762603759766,-0.0006425431347452104,-0.006736977491527796,-7.882635116577148
137,0.13713712990283966,43.86494445800781,-0.0006062343600206077,-0.005972716026008129,-9.031051635742188
138,0.13813813030719757,43.902164459228516,-0.0006321207620203495,-0.006510675419121981,-8.069753646850586
139,0.13913913071155548,43.93941879272461,-0.0006453541573137045,-0.006964084692299366,-7.257470607757568
140,0.1401401311159134,43.9766960144043,-0.0006483191973529756,-0.007150817196816206,-6.888974189758301
141,0.1411411464214325,44.014015197753906,-0.0006305734859779477,-0.006785065867006779,-7.3489580154418945
142,0.1421421468257904,44.051361083984375,-0.0006788677419535816,-0.00806236732751131,-5.248164176940918
143,0.14314314723014832,44.08873748779297,-0.00063882558606565,-0.006951126269996166,-6.843273162841797
144,0.14414414763450623,44.12614822387695,-0.0006302603287622333,-0.006671268958598375,-7.19751501083374
145,0.14514514803886414,44.1635856628418,-0.0006678960053250194,-0.007579244207590818,-5.748170852661133
146,0.14614614844322205,44.20106506347656,-0.0007256929529830813,-0.009377428330481052,-3.1513757705688477
147,0.14714714884757996,44.238563537597656,-0.0007376085268333554,-0.01030866988003254,-1.8807520866394043
148,0.14814814925193787,44.27610778808594,-0.0007258615805767477,-0.011425846256315708,-0.3849228322505951
149,0.14914914965629578,44.31366729736328,-0.0007046093815006316,-0.011133835650980473,-0.8611011505126953
150,0.1501501500606537,44.35126876831055,-0.0006913953693583608,-0.010631430894136429,-1.7520619630813599
151,0.1511511504650116,44.38890075683594,-0.0006603298243135214,-0.012114661745727062,0.18974578380584717
152,0.1521521508693695,44.426570892333984,-0.0005994826788082719,-0.01332339271903038,1.8626407384872437
153,0.15315315127372742,44.464263916015625,-0.0005783466622233391,-0.013658528216183186,2.1927313804626465
154,0.15415415167808533,44.50199508666992,-0.000536014442332089,-0.014268873259425163,3.035886764526367
155,0.15515515208244324,44.53975296020508,-0.0004847547970712185,-0.014751002192497253,3.867838144302368
156,0.15615615248680115,44.57754898071289,-0.00045920739648863673,-0.01494943629950285,4.282111167907715
157,0.15715715289115906,44.6153678894043,-0.0005531483911909163,-0.014212147332727909,2.92630672454834
158,0.15815815329551697,44.653228759765625,-0.0004785803612321615,-0.014810409396886826,4.249232292175293
159,0.15915915369987488,44.69111251831055,-0.00035486850538291037,-0.015484179370105267,6.148271560668945
160,0.1601601541042328,44.72903823852539,-0.00043377772090025246,-0.014936611987650394,5.238614559173584
161,0.1611611545085907,44.76698684692383,-0.0004868986434303224,-0.014421245083212852,4.5499162673950195
162,0.1621621549129486,44.804969787597656,-0.0004622062551788986,-0.01453468482941389,5.097665786743164
163,0.16316315531730652,44.842987060546875,-0.0004995352355763316,-0.01427682489156723,4.655566215515137
164,0.16416415572166443,44.88103485107422,-0.0005851134192198515,-0.01329599879682064,2.9176995754241943
165,0.16516515612602234,44.91912078857422,-0.000593915581703186,-0.012931689620018005,2.4253578186035156
166,0.16616615653038025,44.95723342895508,-0.0006098883459344506,-0.012308930978178978,1.5478581190109253
167,0.16716717183589935,44.99538040161133,-0.0005560384597629309,-0.01284382026642561,2.6030099391937256
168,0.16816817224025726,45.03356170654297,-0.0005946054589003325,-0.01186151709407568,0.9572286605834961
169,0.16916917264461517,45.071773529052734,-0.0006247580167837441,-0.010081302374601364,-2.0816829204559326
170,0.17017017304897308,45.110015869140625,-0.0005831996677443385,-0.01130221039056778,-0.29964679479599
171,0.171171173453331,45.14828872680664,-0.0005314842564985156,-0.011960558593273163,0.689813494682312
172,0.1721721738576889,45.18659973144531,-0.0004548418219201267,-0.01266148779541254,1.9680852890014648
173,0.17317317426204681,45.22494125366211,-0.000487850746139884,-0.012096300721168518,0.7463687062263489
174,0.17417417466640472,45.2633171081543,-0.0005267153028398752,-0.011218373663723469,-0.8716729283332825
175,0.17517517507076263,45.30172348022461,-0.00047554090269841254,-0.011361314915120602,-0.2411358803510666
176,0.17617617547512054,45.34016036987305,-0.0004546732525341213,-0.011084550991654396,-0.26775217056274414
177,0.17717717587947845,45.37863540649414,-0.000528838369064033,-0.009509039111435413,-2.970344305038452
178,0.17817817628383636,45.41713333129883,-0.0005017028306610882,-0.00977363158017397,-2.155282497406006
179,0.17917917668819427,45.45567321777344,-0.0005281092599034309,-0.00920622143894434,-3.183279037475586
180,0.18018017709255219,45.49424362182617,-0.0005078102694824338,-0.009885023348033428,-1.888284683227539
181,0.1811811774969101,45.53284454345703,-0.0005773602752014995,-0.008042178116738796,-5.231269359588623
182,0.182182177901268,45.571475982666016,-0.0005763341905549169,-0.008729955181479454,-3.957200288772583
183,0.18318317830562592,45.610145568847656,-0.0006049735238775611,-0.007113210391253233,-6.564824104309082
184,0.18418417870998383,45.64884567260742,-0.0006113118724897504,-0.007769875694066286,-5.364832878112793
185,0.18518517911434174,45.68758010864258,-0.0006186389364302158,-0.007962516508996487,-4.928596019744873
186,0.18618617951869965,45.726348876953125,-0.0006396654061973095,-0.00732882134616375,-5.780945777893066
187,0.18718717992305756,45.76514434814453,-0.0006189928390085697,-0.008675607852637768,-3.4681949615478516
188,0.18818818032741547,45.803977966308594,-0.0005780807696282864,-0.009899726137518883,-1.249475121498108
189,0.18918918073177338,45.84284210205078,-0.0006231539882719517,-0.008967283181846142,-2.6298890113830566
190,0.1901901811361313,45.881744384765625,-0.0005857631331309676,-0.009984216652810574,-0.7970154285430908
191,0.1911911815404892,45.92066955566406,-0.0005951676866970956,-0.009958499111235142,-0.8394448757171631
192,0.1921921968460083,45.95963668823242,-0.0005651985993608832,-0.010759326629340649,0.4379768371582031
193,0.1931931972503662,45.99863052368164,-0.0005950231570750475,-0.010339858010411263,-0.42810654640197754
194,0.19419419765472412,46.037662506103516,-0.0006004321621730924,-0.010230216197669506,-0.6981927156448364
195,0.19519519805908203,46.07672882080078,-0.000609970185905695,-0.00985060166567564,-1.3789842128753662
196,0.19619619846343994,46.115821838378906,-0.0006436583353206515,-0.008327861316502094,-3.822908401489258
197,0.19719719886779785,46.15495300292969,-0.0006248628487810493,-0.008498406037688255,-3.5359597206115723
198,0.19819819927215576,46.194114685058594,-0.000602380488999188,-0.008678343147039413,-3.1851062774658203
199,0.19919919967651367,46.23331069946289,-0.0005724828224629164,-0.009290744550526142,-2.0533578395843506
200,0.20020020008087158,46.27254104614258,-0.00056696985848248,-0.009265881963074207,-2.0997519493103027
201,0.2012012004852295,46.31180191040039,-0.0005343337543308735,-0.01024105679243803,-0.3355787992477417
202,0.2022022008895874,46.35110092163086,-0.0005003014230169356,-0.011034076102077961,1.1779135465621948
203,0.2032032012939453,46.39043045043945,-0.0004591907490976155,-0.011675308458507061,2.4110469818115234
204,0.20420420169830322,46.42979049682617,-0.0003731293836608529,-0.012474075891077518,4.215216636657715
205,0.20520520210266113,46.46918487548828,-0.00036792989703826606,-0.01248687319457531,4.0938215255737305
206,0.20620620250701904,46.50861740112305,-0.0002448333252687007,-0.013148829340934753,6.086874008178711
207,0.20720720291137695,46.54807662963867,-0.00018146669026464224,-0.013342121616005898,6.980523586273193
208,0.20820820331573486,46.58757400512695,-0.0002501825802028179,-0.01301742997020483,5.7708516120910645
209,0.20920920372009277,46.62710189819336,-0.00018074391118716449,-0.013066692277789116,6.870661735534668
210,0.21021020412445068,46.666664123535156,-4.180669930065051e-05,-0.013161535374820232,9.325392723083496
211,0.2112112045288086,46.706260681152344,6.675210897810757e-06,-0.013039158657193184,10.45596694946289
212,0.2122122049331665,46.74589157104492,3.4780478017637506e-05,-0.0129205621778965,11.272217750549316
213,0.21321320533752441,46.78555679321289,-7.052575529087335e-05,-0.012797827832400799,9.445611953735352
214,0.21421420574188232,46.825252532958984,-5.413598410086706e-05,-0.012765076011419296,9.832809448242188
215,0.21521520614624023,46.864990234375,3.150051270495169e-06,-0.012757355347275734,10.924471855163574
216,0.21621620655059814,46.90475082397461,-7.021635610726662e-06,-0.012782605364918709,10.77673053741455
217,0.21721720695495605,46.94455337524414,5.695715299225412e-05,-0.012826214544475079,11.833106994628906
218,0.21821822226047516,46.98438262939453,5.012132533011027e-05,-0.012877861969172955,11.697590827941895
219,0.21921922266483307,47.024253845214844,-5.146377952769399e-05,-0.012880503199994564,9.912989616394043
220,0.22022022306919098,47.064151763916016,-0.00019491941202431917,-0.012390319257974625,7.088867664337158
221,0.2212212234735489,47.104087829589844,-0.00022065499797463417,-0.01201307587325573,6.251145839691162
222,0.2222222238779068,47.14405059814453,-0.00010931513679679483,-0.012086184695363045,8.386032104492188
223,0.2232232242822647,47.18405532836914,-9.407663310412318e-05,-0.01183347962796688,8.748175621032715
224,0.22422422468662262,47.22409439086914,-9.244666580343619e-05,-0.011642638593912125,8.93916130065918
225,0.22522522509098053,47.264163970947266,-0.0002459134557284415,-0.010829630307853222,5.19028377532959
226,0.22622622549533844,47.304264068603516,-0.00026574850198812783,-0.010602695867419243,4.72769021987915
227,0.22722722589969635,47.34440231323242,-0.00021080306032672524,-0.010937177576124668,6.2881646156311035
228,0.22822822630405426,47.384578704833984,-0.000244230410316959,-0.010805237106978893,5.521562099456787
229,0.22922922670841217,47.424781799316406,-0.000258955784374848,-0.010867977514863014,5.339367866516113
230,0.23023022711277008,47.465023040771484,-0.00030614141724072397,-0.01067282073199749,4.364151954650879
231,0.231231227517128,47.50529479980469,-0.00035616819513961673,-0.0102907819673419,3.1335561275482178
232,0.2322322279214859,47.54560470581055,-0.00032502299291081727,-0.010560581460595131,3.985203742980957
233,0.2332332283258438,47.58594512939453,-0.0003512633265927434,-0.010238454677164555,3.1580278873443604
234,0.23423422873020172,47.62632369995117,-0.000332018593326211,-0.010226822458207607,3.3837690353393555
235,0.23523522913455963,47.6667366027832,-0.0003194515884388238,-0.010095445439219475,3.3874456882476807
236,0.23623622953891754,47.707176208496094,-0.00029695918783545494,-0.010043395683169365,3.6948962211608887
237,0.23723722994327545,47.74766540527344,-0.000332759169396013,-0.009538985788822174,2.417776584625244
238,0.23823823034763336,47.788177490234375,-0.00033790996531024575,-0.009327119216322899,1.994842767715454
239,0.23923923075199127,47.8287239074707,-0.00026383402291685343,-0.009845276363193989,4.005177021026611
240,0.24024023115634918,47.86930847167969,-0.00017982398276217282,-0.010270854458212852,6.457949638366699
241,0.2412412315607071,47.9099235534668,-0.0001824757782742381,-0.010154295712709427,6.486991882324219
242,0.242242231965065,47.95058059692383,-0.00020190549548715353,-0.009953431785106659,5.999636173248291
243,0.2432432323694229,47.99126052856445,-0.0002747580292634666,-0.009381798096001148,3.7526278495788574
244,0.24424424767494202,48.031982421875,-0.00021462366566993296,-0.009974137879908085,5.908283233642578
245,0.24524524807929993,48.07273864746094,-0.00021829035540577024,-0.01017837692052126,6.03926944732666
246,0.24624624848365784,48.113529205322266,-0.00020832176960539073,-0.010501165874302387,6.647755146026611
247,0.24724724888801575,48.154354095458984,-0.00030751433223485947,-0.010102936998009682,4.5219526290893555
248,0.24824824929237366,48.19520950317383,-0.00043946175719611347,-0.008723645471036434,0.7240402102470398
249,0.24924924969673157,48.236106872558594,-0.00041802471969276667,-0.009172975085675716,1.6600967645645142
250,0.2502502501010895,48.277034759521484,-0.00037746012094430625,-0.009979232214391232,3.317981719970703
251,0.2512512505054474,48.317996978759766,-0.00033910604543052614,-0.010505730286240578,4.474102020263672
252,0.2522522509098053,48.35899353027344,-0.000308953138301149,-0.010628251358866692,5.029109954833984
253,0.2532532513141632,48.40003204345703,-0.00027437781682237983,-0.010530955158174038,5.538394927978516
254,0.2542542517185211,48.44109344482422,-0.000281329732388258,-0.010085766203701496,4.997915267944336
255,0.25525525212287903,48.48219680786133,-0.00023068799055181444,-0.010113444179296494,6.229174613952637
256,0.25625625252723694,48.52333450317383,-0.00016334603424184024,-0.010288110002875328,8.342118263244629
257,0.25725725293159485,48.564510345458984,-0.00016492122085765004,-0.010112490504980087,8.329105377197266
258,0.25825825333595276,48.605712890625,-0.00016970810247585177,-0.009939003735780716,8.23896598815918
259,0.25925925374031067,48.64695739746094,-0.00010434220166644081,-0.010273193009197712,11.541781425476074
260,0.2602602541446686,48.688236236572266,-0.00017177299014292657,-0.009764027781784534,8.189513206481934
261,0.2612612545490265,48.729549407958984,-0.0002179027651436627,-0.009396501816809177,6.256297588348389
262,0.2622622549533844,48.770896911621094,-0.00021171120170038193,-0.009497073478996754,6.512500762939453
263,0.2632632553577423,48.812278747558594,-0.00013405636127572507,-0.010085051879286766,9.737542152404785
264,0.2642642557621002,48.85369110107422,-0.00014770464622415602,-0.010059607215225697,9.299215316772461
265,0.26526525616645813,48.895145416259766,-0.00018793529307004064,-0.0098347757011652,7.852465629577637
266,0.26626625657081604,48.93663787841797,-0.00019741899450309575,-0.009799045510590076,7.567178726196289
267,0.26726725697517395,48.97815704345703,-0.00016191505710594356,-0.010035266168415546,9.050734519958496
268,0.26826825737953186,49.01971435546875,-0.00014214545080903918,-0.010137030854821205,10.088956832885742
269,0.26926925778388977,49.061309814453125,-0.00014261167962104082,-0.010103795677423477,10.555296897888184
270,0.2702702581882477,49.10293960571289,-0.0001425172231392935,-0.010089514777064323,11.248745918273926
271,0.2712712585926056,49.14460754394531,-0.0001741729211062193,-0.00981157273054123,10.164158821105957
272,0.2722722589969635,49.18630599975586,-0.0002004596753977239,-0.009526479989290237,9.238948822021484
273,0.2732732594013214,49.2280387878418,-0.00018658970657270402,-0.009738144464790821,10.783794403076172
274,0.2742742598056793,49.26980972290039,-0.0001719305873848498,-0.01002480648458004,12.68287467956543
275,0.27527526021003723,49.31161880493164,-0.00015682532102800906,-0.010448873043060303,15.463099479675293
276,0.27627626061439514,49.35345458984375,-0.0001595973881194368,-0.010794539004564285,17.792631149291992
277,0.27727726101875305,49.39533233642578,-0.00016212968330364674,-0.01052048522979021,16.256574630737305
278,0.27827826142311096,49.4372444152832,-0.00016552055603824556,-0.010762165300548077,17.830608367919922
279,0.27927926182746887,49.479190826416016,-0.0001833877176977694,-0.011233494617044926,20.43337059020996
280,0.2802802622318268,49.52117156982422,-0.00018577574519440532,-0.011364304460585117,21.134258270263672
281,0.2812812626361847,49.56319046020508,-0.00016660764231346548,-0.01105398591607809,19.171239852905273
282,0.282282292842865,49.60525131225586,-0.00019222864648327231,-0.011688999831676483,22.311010360717773
283,0.2832832932472229,49.6473388671875,-0.0002017217339016497,-0.01190955564379692,22.982810974121094
284,0.2842842936515808,49.6894645690918,-0.00020361554925329983,-0.011956577189266682,22.85445213317871
285,0.2852852940559387,49.73162841796875,-0.00019422583864070475,-0.011659853160381317,21.18095588684082
286,0.28628629446029663,49.77382278442383,-0.00022503086074721068,-0.012282122857868671,24.194725036621094
287,0.28728729486465454,49.81605911254883,-0.0002186995989177376,-0.012088710442185402,23.682851791381836
288,0.28828829526901245,49.85832595825195,-0.00019252260972280055,-0.011509469710290432,21.334041595458984
289,0.28928929567337036,49.900630950927734,-0.00023330876138061285,-0.012262438423931599,25.317203521728516
290,0.29029029607772827,49.94297409057617,-0.0002438367810100317,-0.012359133921563625,25.932344436645508
291,0.2912912964820862,49.985355377197266,-0.0002498044050298631,-0.012385571375489235,26.009323120117188
292,0.2922922968864441,50.02776336669922,-0.00024126883363351226,-0.012098878622055054,24.700647354125977
293,0.293293297290802,50.07020950317383,-0.00021271847072057426,-0.011390806175768375,21.463645935058594
294,0.2942942976951599,50.11269760131836,-0.00021772566833533347,-0.011334027163684368,21.21402359008789
295,0.2952952980995178,50.155216217041016,-0.00023521319963037968,-0.011513452045619488,22.045310974121094
296,0.29629629850387573,50.197776794433594,-0.00019639574747998267,-0.010511823929846287,17.43274688720703
297,0.29729729890823364,50.2403678894043,-0.00019476334273349494,-0.010370513424277306,16.899415969848633
298,0.29829829931259155,50.282997131347656,-0.0002100071287713945,-0.010721804574131966,18.700183868408203
299,0.29929929971694946,50.32566452026367,-0.00022731369244866073,-0.011134314350783825,20.667158126831055
300,0.3003003001213074,50.36836242675781,-0.00021031510550528765,-0.010863447561860085,19.385618209838867
301,0.3013013005256653,50.41109848022461,-0.00020069506717845798,-0.010369060561060905,16.847999572753906
302,0.3023023009300232,50.45387649536133,-0.00020759590552188456,-0.010821962729096413,18.951534271240234
303,0.3033033013343811,50.49668502807617,-0.0002064737054752186,-0.010817849077284336,18.91582489013672
304,0.304304301738739,50.53953552246094,-0.00020912440959364176,-0.01065845973789692,18.13475227355957
305,0.3053053021430969,50.58241653442383,-0.00021512560488190502,-0.010398151353001595,16.952611923217773
306,0.30630630254745483,50.625335693359375,-0.00020725811191368848,-0.010461919941008091,17.248958587646484
307,0.30730730295181274,50.66829299926758,-0.00018858604016713798,-0.010776489041745663,18.955799102783203
308,0.30830830335617065,50.71128463745117,-0.00020216086704749614,-0.010254811495542526,16.44413948059082
309,0.30930930376052856,50.754310607910156,-0.00019489447004161775,-0.010331699624657631,17.05353355407715
310,0.3103103041648865,50.79737854003906,-0.0001888477709144354,-0.010517028160393238,18.255796432495117
311,0.3113113045692444,50.840476989746094,-0.00020221636805217713,-0.009990887716412544,15.781874656677246
312,0.3123123049736023,50.88361358642578,-0.00020938347734045237,-0.009727038443088531,14.634135246276855
313,0.3133133053779602,50.92679214477539,-0.00019247824093326926,-0.010226674377918243,17.239988327026367
314,0.3143143057823181,50.97000503540039,-0.00019062755745835602,-0.010608167387545109,19.396467208862305
315,0.315315306186676,51.01325225830078,-0.00018892466323450208,-0.010564697906374931,19.239456176757812
316,0.31631630659103394,51.056541442871094,-0.00019099502242170274,-0.010736510157585144,20.189985275268555
317,0.31731730699539185,51.099857330322266,-0.00017813933664001524,-0.009982625022530556,15.921479225158691
318,0.31831830739974976,51.14321517944336,-0.00017452727479394525,-0.010046173818409443,16.05095863342285
319,0.31931930780410767,51.186614990234375,-0.000171576626598835,-0.010057095438241959,15.864047050476074
320,0.3203203082084656,51.23004913330078,-0.00017216478590853512,-0.009941988624632359,14.980361938476562
321,0.3213213086128235,51.27351379394531,-0.00016420945758000016,-0.010339171625673771,17.139328002929688
322,0.3223223090171814,51.317020416259766,-0.00016320300346706063,-0.010322488844394684,16.867082595825195
323,0.3233233094215393,51.36056137084961,-0.0001716821570880711,-0.010515695437788963,17.787311553955078
324,0.3243243098258972,51.40414047241211,-0.0002004332491196692,-0.011084950529038906,20.489376068115234
325,0.3253253102302551,51.44776153564453,-0.0002001203829422593,-0.010803215205669403,18.763994216918945
326,0.32632631063461304,51.49141311645508,-0.00020286193466745317,-0.010479310527443886,17.08835792541504
327,0.32732731103897095,51.53510284423828,-0.00022810581140220165,-0.011108078062534332,20.02947235107422
328,0.32832831144332886,51.578834533691406,-0.0002461503027006984,-0.011426296085119247,21.4422664642334
329,0.32932931184768677,51.622596740722656,-0.00023594428785145283,-0.010889380238950253,19.3719425201416
330,0.3303303122520447,51.66639709472656,-0.00022815659758634865,-0.01036321185529232,17.41536521911621
331,0.3313313126564026,51.71023941040039,-0.00022461602929979563,-0.010134114883840084,16.800331115722656
332,0.3323323130607605,51.754112243652344,-0.00021633782307617366,-0.009695269167423248,15.14574146270752
333,0.3333333432674408,51.79802703857422,-0.00021040298452135175,-0.009500373154878616,14.575050354003906
334,0.3343343436717987,51.84197998046875,-0.00021001302229706198,-0.009475483559072018,14.714020729064941
335,0.3353353440761566,51.88597106933594,-0.00021853191719856113,-0.00933532789349556,14.171257972717285
336,0.3363363444805145,51.92999267578125,-0.00023651565425097942,-0.008627481758594513,11.174570083618164
337,0.33733734488487244,51.974056243896484,-0.00025559504865668714,-0.00819547101855278,9.717206001281738
338,0.33833834528923035,52.018157958984375,-0.00029753887793049216,-0.006977668032050133,5.667551040649414
339,0.33933934569358826,52.06229782104492,-0.00030038971453905106,-0.006838859990239143,5.518662929534912
340,0.34034034609794617,52.106468200683594,-0.00028596469201147556,-0.0074379295110702515,7.795793533325195
341,0.3413413465023041,52.15068054199219,-0.00029782994533888996,-0.006933653261512518,6.25217866897583
342,0.342342346906662,52.19493103027344,-0.0003177885082550347,-0.006032689940184355,3.415714740753174
343,0.3433433473110199,52.23921585083008,-0.0003117639571428299,-0.0062462626956403255,4.086400985717773
344,0.3443443477153778,52.283546447753906,-0.0003274712944403291,-0.00570258591324091,2.3532047271728516
345,0.3453453481197357,52.327911376953125,-0.0003541272017173469,-0.005005739163607359,0.22202682495117188
346,0.34634634852409363,52.372310638427734,-0.0003325134748592973,-0.005698248278349638,2.1519899368286133
347,0.34734734892845154,52.416744232177734,-0.0003153262077830732,-0.006288611795753241,3.8744659423828125
348,0.34834834933280945,52.46122360229492,-0.0003220266953576356,-0.006110509391874075,3.4449758529663086
349,0.34934934973716736,52.505733489990234,-0.000333516945829615,-0.00575417373329401,2.5627565383911133
350,0.35035035014152527,52.55028533935547,-0.00032039909274317324,-0.006110768299549818,3.894848585128784
351,0.3513513505458832,52.594879150390625,-0.00034560327185317874,-0.005226139910519123,1.4870874881744385
352,0.3523523509502411,52.639503479003906,-0.0003568932297639549,-0.004787514451891184,0.4603240489959717
353,0.353353351354599,52.68416976928711,-0.00033744139363989234,-0.005277226213365793,2.0522899627685547
354,0.3543543517589569,52.72887420654297,-0.00039306364487856627,-0.0036563819739967585,-2.296649932861328
355,0.3553553521633148,52.77360916137695,-0.00038471477455459535,-0.0037997206673026085,-1.9041166305541992
356,0.35635635256767273,52.81839370727539,-0.00035908096469938755,-0.004389668349176645,-0.4057784676551819
357,0.35735735297203064,52.86320495605469,-0.00036345142871141434,-0.004216738510876894,-1.0892665386199951
358,0.35835835337638855,52.90806198120117,-0.0003402073634788394,-0.004738758783787489,0.2081151008605957
359,0.35935935378074646,52.95295333862305,-0.00036145755439065397,-0.0040716249495744705,-1.7839279174804688
360,0.36036035418510437,52.99788284301758,-0.00034362333826720715,-0.0043608685955405235,-0.9222292900085449
361,0.3613613545894623,53.0428581237793,-0.0003359456895850599,-0.004461578093469143,-0.5203973054885864
362,0.3623623549938202,53.087860107421875,-0.000318008940666914,-0.005015106406062841,1.3515321016311646
363,0.3633633553981781,53.13290786743164,-0.00033172572148032486,-0.00450957752764225,-0.03134310245513916
364,0.364364355802536,53.1779899597168,-0.00031677927472628653,-0.005070131737738848,1.8782857656478882
365,0.3653653562068939,53.223114013671875,-0.00031902408227324486,-0.004990146961063147,1.8119440078735352
366,0.36636635661125183,53.268272399902344,-0.00031825038604438305,-0.005059650167822838,2.1902015209198
367,0.36736735701560974,53.31346893310547,-0.0003150015836581588,-0.00531361810863018,3.114701747894287
368,0.36836835741996765,53.358707427978516,-0.0003110990801360458,-0.005798528902232647,4.734856128692627
369,0.36936935782432556,53.40398025512695,-0.0003186693065799773,-0.005233795382082462,2.9493401050567627
370,0.37037035822868347,53.44929885864258,-0.00030975666595622897,-0.006044989451766014,5.497491359710693
371,0.3713713586330414,53.49464797973633,-0.00031381662120111287,-0.005762882996350527,4.506931304931641
372,0.3723723590373993,53.5400390625,-0.0003232728340663016,-0.005419479683041573,3.3257365226745605
373,0.3733733594417572,53.58546829223633,-0.00035448247217573225,-0.004535187967121601,0.6010862588882446
374,0.3743743598461151,53.63093566894531,-0.0003801870334427804,-0.00404615793377161,-0.8311073780059814
375,0.375375360250473,53.67644500732422,-0.00036763143725693226,-0.004492641892284155,0.3739767074584961
376,0.37637636065483093,53.721988677978516,-0.0003882307792082429,-0.00405169278383255,-0.6967427730560303
377,0.37737736105918884,53.76757049560547,-0.0004096428747288883,-0.003592585911974311,-1.7692182064056396
378,0.37837836146354675,53.813194274902344,-0.00040446309139952064,-0.0038026971742510796,-1.214658260345459
379,0.37937936186790466,53.858856201171875,-0.00041815725853666663,-0.003531163092702627,-1.825972080230713
380,0.3803803622722626,53.9045524597168,-0.00040725540020503104,-0.003908070735633373,-0.8434770107269287
381,0.3813813626766205,53.950294494628906,-0.00044510053703561425,-0.0029700729064643383,-2.9092562198638916
382,0.3823823630809784,53.996070861816406,-0.00047371003893204033,-0.00228171912021935,-4.30564022064209
383,0.3833833634853363,54.04188919067383,-0.0005041492404416203,-0.0014871979365125299,-5.86609411239624
384,0.3843843936920166,54.08774185180664,-0.000514010083861649,-0.0012545111821964383,-6.28563117980957
385,0.3853853940963745,54.133636474609375,-0.0004781266034115106,-0.002353586256504059,-4.122659206390381
386,0.3863863945007324,54.1795654296875,-0.0005283450009301305,-0.0011936899973079562,-6.582998275756836
387,0.38738739490509033,54.22554016113281,-0.0005723941721953452,-9.131393017014489e-05,-8.713183403015137
388,0.38838839530944824,54.271549224853516,-0.0006076048593968153,0.001128171687014401,-10.887001037597656
389,0.38938939571380615,54.317596435546875,-0.000614547694567591,0.0014531139750033617,-11.539169311523438
390,0.39039039611816406,54.363685607910156,-0.0006279329536482692,0.0022592393215745687,-13.013726234436035
391,0.391391396522522,54.40981674194336,-0.0006243771640583873,0.002078940160572529,-12.902009010314941
392,0.3923923969268799,54.45597839355469,-0.0006177524919621646,0.0018845676677301526,-12.74062442779541
393,0.3933933973312378,54.502193450927734,-0.0006383514264598489,0.0040716673247516155,-16.299575805664062
394,0.3943943977355957,54.54843521118164,-0.0006168847903609276,0.0025917135644704103,-14.018986701965332
395,0.3953953981399536,54.59471893310547,-0.000621068524196744,0.003422659821808338,-15.380051612854004
396,0.3963963985443115,54.64104080200195,-0.0006227770354598761,0.004159301519393921,-16.580564498901367
397,0.39739739894866943,54.68740463256836,-0.0006266877171583474,0.005270208697766066,-18.349985122680664
398,0.39839839935302734,54.73381042480469,-0.0006103616906329989,0.0043732477352023125,-16.877819061279297
399,0.39939939975738525,54.780250549316406,-0.000626905937679112,0.006374049000442028,-20.0937442779541
400,0.40040040016174316,54.82673263549805,-0.0006359807448461652,0.007487412076443434,-21.87553596496582
401,0.4014014005661011,54.87324905395508,-0.0006310697644948959,0.007615142501890659,-22.092628479003906
402,0.402402400970459,54.91980743408203,-0.0006347710732370615,0.008391841314733028,-23.32320785522461
403,0.4034034013748169,54.96641540527344,-0.0006307950243353844,0.00861144158989191,-23.65757179260254
404,0.4044044017791748,55.01305389404297,-0.0006510383100248873,0.010667538270354271,-26.869213104248047
405,0.4054054021835327,55.059730529785156,-0.0006621764041483402,0.011613803915679455,-28.30093002319336
406,0.4064064025878906,55.106449127197266,-0.0006584920920431614,0.011305000633001328,-27.785911560058594
407,0.40740740299224854,55.1532096862793,-0.0006650290451943874,0.01188772264868021,-28.585914611816406
408,0.40840840339660645,55.200008392333984,-0.0006632213480770588,0.011744612827897072,-28.277496337890625
409,0.40940940380096436,55.24684524536133,-0.0006821657298132777,0.0132942209020257,-30.473718643188477
410,0.41041040420532227,55.293724060058594,-0.0007023076759651303,0.014989162795245647,-32.830230712890625
411,0.4114114046096802,55.340641021728516,-0.0006889359792694449,0.013794713653624058,-31.09387969970703
412,0.4124124050140381,55.38759231567383,-0.0006966843502596021,0.014686539769172668,-32.445770263671875
413,0.413413405418396,55.43458938598633,-0.0007022622739896178,0.015361376106739044,-33.519439697265625
414,0.4144144058227539,55.481624603271484,-0.000704009085893631,0.015727950260043144,-34.16396713256836
415,0.4154154062271118,55.52870178222656,-0.0007117899367585778,0.016619568690657616,-35.58032989501953
416,0.4164164066314697,55.5758171081543,-0.0006840770365670323,0.014788062311708927,-33.08323669433594
417,0.41741740703582764,55.62297439575195,-0.000661221391055733,0.013529418967664242,-31.26710319519043
418,0.41841840744018555,55.67017364501953,-0.0006288661388680339,0.011554552242159843,-28.139087677001953
419,0.41941940784454346,55.71741485595703,-0.0006176040042191744,0.011014831252396107,-27.18975257873535
420,0.42042040824890137,55.764686584472656,-0.0006287534488365054,0.012243449687957764,-29.10573959350586
421,0.4214214086532593,55.81200408935547,-0.0006296324427239597,0.012253123335540295,-29.089515686035156
422,0.4224224090576172,55.85935592651367,-0.0006361239356920123,0.012705602683126926,-29.765993118286133
423,0.4234234094619751,55.90675735473633,-0.0006390042835846543,0.012776216492056847,-29.835086822509766
424,0.424424409866333,55.954193115234375,-0.0006257880595512688,0.011807236820459366,-28.25998878479004
425,0.4254254102706909,56.00166702270508,-0.0006124909268692136,0.011325757019221783,-27.393142700195312
426,0.42642641067504883,56.04918670654297,-0.0005923551507294178,0.009485490620136261,-24.196491241455078
427,0.42742741107940674,56.096744537353516,-0.0006003605667501688,0.011497359722852707,-27.434144973754883
428,0.42842841148376465,56.14434814453125,-0.0005918185925111175,0.010432705283164978,-25.5805606842041
429,0.42942941188812256,56.191978454589844,-0.0005879197269678116,0.009585259482264519,-24.128185272216797
430,0.43043041229248047,56.239662170410156,-0.0005883524427190423,0.00920215155929327,-23.51029396057129
431,0.4314314126968384,56.287384033203125,-0.0005893921479582787,0.009021211415529251,-23.289260864257812
432,0.4324324131011963,56.335140228271484,-0.0005798098864033818,0.007714164908975363,-21.167665481567383
433,0.4334334135055542,56.3829460144043,-0.0005739305051974952,0.00733445817604661,-20.617008209228516
434,0.4344344139099121,56.430782318115234,-0.0005692747072316706,0.007064459845423698,-20.27702522277832
435,0.43543541431427,56.478668212890625,-0.0005545096937566996,0.005252927541732788,-17.204580307006836
436,0.4364364445209503,56.526588439941406,-0.0005546754109673202,0.005587971303611994,-17.972881317138672
437,0.4374374449253082,56.574554443359375,-0.0005606063641607761,0.006346976850181818,-19.48841667175293
438,0.43843844532966614,56.62255859375,-0.0005623671459034085,0.00648778211325407,-19.86326026916504
439,0.43943944573402405,56.67060089111328,-0.0005562674487009645,0.005842205602675676,-18.83755111694336
440,0.44044044613838196,56.718685150146484,-0.0005467442097142339,0.005002476740628481,-17.394168853759766
441,0.44144144654273987,56.76681137084961,-0.0005619022995233536,0.006433927919715643,-20.02690887451172
442,0.4424424469470978,56.814979553222656,-0.0005446061259135604,0.005030191969126463,-17.50217056274414
443,0.4434434473514557,56.86318588256836,-0.0005416239146143198,0.00499159237369895,-17.453855514526367
444,0.4444444477558136,56.911434173583984,-0.0005449452437460423,0.0055484650656580925,-18.51559066772461
445,0.4454454481601715,56.95972442626953,-0.0005454256315715611,0.005851168651133776,-19.111841201782227
446,0.4464464485645294,57.008056640625,-0.0005404764087870717,0.005690994672477245,-18.81839942932129
447,0.44744744896888733,57.056427001953125,-0.000543573871254921,0.006249329075217247,-19.798303604125977
448,0.44844844937324524,57.10483932495117,-0.0005449177115224302,0.00667372765019536,-20.455724716186523
449,0.44944944977760315,57.153297424316406,-0.0005313288420438766,0.005742393899708986,-18.577007293701172
450,0.45045045018196106,57.20178985595703,-0.0005204941844567657,0.004988666623830795,-16.96566390991211
451,0.45145145058631897,57.25032424926758,-0.0005145086324773729,0.0045435456559062,-15.960420608520508
452,0.4524524509906769,57.29890060424805,-0.0005022477707825601,0.0036708577536046505,-14.08825397491455
453,0.4534534513950348,57.3475227355957,-0.0005087561439722776,0.004247084725648165,-15.107576370239258
454,0.4544544517993927,57.396183013916016,-0.0005177113926038146,0.005449469201266766,-17.374671936035156
455,0.4554554522037506,57.444881439208984,-0.000511353078763932,0.004971452057361603,-16.372802734375
456,0.4564564526081085,57.49362564086914,-0.0005173176759853959,0.006497750524431467,-19.199861526489258
457,0.45745745301246643,57.54240417480469,-0.0004998946678824723,0.004645927809178829,-15.386482238769531
458,0.45845845341682434,57.59122848510742,-0.0004975939518772066,0.0045937905088067055,-15.16061782836914
459,0.45945945382118225,57.640098571777344,-0.000502542476169765,0.005591674707829952,-17.118484497070312
460,0.46046045422554016,57.68900680541992,-0.0004947290290147066,0.0038957728538662195,-13.783204078674316
461,0.46146145462989807,57.73795700073242,-0.000493003346491605,0.0037807535845786333,-13.658470153808594
462,0.462462455034256,57.786949157714844,-0.00047479168279096484,0.0020270526874810457,-10.166007041931152
463,0.4634634554386139,57.83598327636719,-0.00045581618905998766,0.000816661340650171,-7.646239280700684
464,0.4644644558429718,57.88505554199219,-0.0004489620914682746,0.00044683876330964267,-6.9769487380981445
465,0.4654654562473297,57.934165954589844,-0.0004498045309446752,0.0005049784667789936,-7.267721176147461
466,0.4664664566516876,57.98332977294922,-0.00046191579895094037,0.001274321461096406,-9.024469375610352
467,0.46746745705604553,58.03252410888672,-0.00046661662054248154,0.0014489702880382538,-9.441817283630371
468,0.46846845746040344,58.08176803588867,-0.0004789615923073143,0.0019423268968239427,-10.524053573608398
469,0.46946945786476135,58.131046295166016,-0.0004914319142699242,0.002343245781958103,-11.442768096923828
470,0.47047045826911926,58.18037414550781,-0.0005040940595790744,0.0027673824224621058,-12.437187194824219
471,0.4714714586734772,58.229740142822266,-0.0005205258494243026,0.0037326558958739042,-14.487520217895508
472,0.4724724590778351,58.27914810180664,-0.0005244055646471679,0.003556235693395138,-14.313671112060547
473,0.473473459482193,58.32859802246094,-0.0005229705129750073,0.003212750656530261,-13.779067993164062
474,0.4744744598865509,58.37809371948242,-0.0005301780765876174,0.004465940874069929,-16.20140838623047
475,0.4754754602909088,58.42762756347656,-0.0005105633172206581,0.0028133681043982506,-13.048238754272461
476,0.4764764606952667,58.47719955444336,-0.000508831231854856,0.003254053881391883,-13.912467002868652
477,0.47747746109962463,58.52682113647461,-0.0005177856655791402,0.004758954048156738,-16.919919967651367
478,0.47847846150398254,58.57647705078125,-0.0005149836651980877,0.0049744863063097,-17.44292640686035
479,0.47947946190834045,58.626182556152344,-0.0005028435843996704,0.004287710413336754,-16.182029724121094
480,0.48048046231269836,58.675926208496094,-0.0005007614381611347,0.004389770328998566,-16.3095760345459
481,0.4814814627170563,58.725711822509766,-0.0004968741559423506,0.004313263576477766,-15.994887351989746
482,0.4824824631214142,58.775543212890625,-0.0004961644299328327,0.00449838163331151,-16.158288955688477
483,0.4834834635257721,58.82541275024414,-0.0004837488813791424,0.003460937412455678,-13.853706359863281
484,0.48448446393013,58.875328063964844,-0.0004898058250546455,0.004145626910030842,-15.108699798583984
485,0.4854854643344879,58.92528533935547,-0.00047697359696030617,0.0029066845308989286,-12.407088279724121
486,0.4864864647388458,58.97528076171875,-0.00047801161417737603,0.0031812682282179594,-12.807348251342773
487,0.4874874949455261,59.025325775146484,-0.00048248469829559326,0.004167696461081505,-14.655506134033203
488,0.48848849534988403,59.07540512084961,-0.00047826606896705925,0.0039191474206745625,-14.0220947265625
489,0.48948949575424194,59.12553024291992,-0.00047960944357328117,0.004447684623301029,-15.077912330627441
490,0.49049049615859985,59.17570114135742,-0.0004770485102199018,0.004281478468328714,-14.750916481018066
491,0.49149149656295776,59.22591781616211,-0.00047294082469306886,0.003873273730278015,-13.965049743652344
492,0.4924924969673157,59.27616500854492,-0.00047631829511374235,0.004781030118465424,-16.020381927490234
493,0.4934934973716736,59.32646560668945,-0.0004699954006355256,0.00395871140062809,-14.463531494140625
494,0.4944944977760315,59.376800537109375,-0.00046588032273575664,0.0035562259145081043,-13.79601001739502
495,0.4954954981803894,59.427181243896484,-0.00046930788084864616,0.0038062350358814,-14.473042488098145
496,0.4964964985847473,59.47761154174805,-0.0004676633107010275,0.003362555056810379,-13.611095428466797
497,0.4974974989891052,59.528072357177734,-0.0004768686485476792,0.00413850974291563,-15.250040054321289
498,0.49849849939346313,59.57858657836914,-0.0004708479973487556,0.0031318748369812965,-13.109819412231445
499,0.49949949979782104,59.62913513183594,-0.0004558007058221847,0.001620311988517642,-9.866608619689941
500,0.500500500202179,59.67972946166992,-0.00046520348405465484,0.0018585827201604843,-10.373678207397461
501,0.5015015006065369,59.73036575317383,-0.0004726407350972295,0.002109531546011567,-10.877153396606445
502,0.5025025010108948,59.78105163574219,-0.0004815539577975869,0.002751571824774146,-12.181710243225098
503,0.5035035014152527,59.83177947998047,-0.0004820309404749423,0.0028483134228736162,-12.356532096862793
504,0.5045045018196106,59.88254165649414,-0.00048648216761648655,0.0036699771881103516,-14.039750099182129
505,0.5055055022239685,59.93335723876953,-0.0004805161734111607,0.0031159748323261738,-12.868142127990723
506,0.5065065026283264,59.98421096801758,-0.0004611025797203183,0.0017155157402157784,-9.854958534240723
507,0.5075075030326843,60.03510665893555,-0.0004526160191744566,0.0013968261191621423,-9.083621978759766
508,0.5085085034370422,60.08604431152344,-0.0004545035772025585,0.0017947659362107515,-9.862006187438965
509,0.5095095038414001,60.13703155517578,-0.00045205579954199493,0.0018112942343577743,-9.852450370788574
510,0.5105105042457581,60.18806076049805,-0.00046590709825977683,0.002930607181042433,-12.292359352111816
511,0.511511504650116,60.2391242980957,-0.00046541268238797784,0.0030106045305728912,-12.478645324707031
512,0.5125125050544739,60.29024124145508,-0.00044617836829274893,0.0016523953527212143,-9.542037963867188
513,0.5135135054588318,60.341392517089844,-0.0004506547120399773,0.0020602308213710785,-10.45808219909668
514,0.5145145058631897,60.39259719848633,-0.00043324747821316123,0.0012264314573258162,-8.590473175048828
515,0.5155155062675476,60.44384002685547,-0.0004252393264323473,0.0009331226465292275,-7.936616897583008
516,0.5165165066719055,60.495121002197266,-0.0004112604365218431,0.00042057421524077654,-6.642553806304932
517,0.5175175070762634,60.54645538330078,-0.000419617019360885,0.000915772165171802,-7.7216081619262695
518,0.5185185074806213,60.59783172607422,-0.00042564980685710907,0.0013629758032038808,-8.690093994140625
519,0.5195195078849792,60.64924621582031,-0.00039413588820025325,-6.74523034831509e-05,-5.114297389984131
520,0.5205205082893372,60.700706481933594,-0.0003932643448933959,1.9591476302593946e-05,-5.2414116859436035
521,0.5215215086936951,60.75221252441406,-0.0003704349510371685,-0.0015302645042538643,-1.128125786781311
522,0.522522509098053,60.80376434326172,-0.00036807911237701774,-0.0018377777887508273,-0.310467004776001
523,0.5235235095024109,60.85535430908203,-0.00036159728188067675,-0.0028938809409737587,2.561995029449463
524,0.5245245099067688,60.90699005126953,-0.00036667753010988235,-0.0021293351892381907,0.42872154712677
525,0.5255255103111267,60.95866775512695,-0.0003689354925882071,-0.0018895810935646296,-0.2786562442779541
526,0.5265265107154846,61.01039123535156,-0.0003642321389634162,-0.002404869766905904,1.0426801443099976
527,0.5275275111198425,61.06216049194336,-0.00035963038681074977,-0.003129107179120183,2.9584462642669678
528,0.5285285115242004,61.11397171020508,-0.00036386592546477914,-0.002309227827936411,0.6062734127044678
529,0.5295295119285583,61.165828704833984,-0.00036024913424625993,-0.0026918435469269753,1.5713155269622803
530,0.5305305123329163,61.21773147583008,-0.0003550275578163564,-0.003465650137513876,3.698629856109619
531,0.5315315127372742,61.26966857910156,-0.0003599912452045828,-0.0021673166193068027,0.07427084445953369
532,0.5325325131416321,61.3216552734375,-0.0003649161953944713,-0.0015836000675335526,-1.5142464637756348
533,0.53353351354599,61.373695373535156,-0.0003542947524692863,-0.002350197173655033,0.6666786670684814
534,0.5345345139503479,61.4257698059082,-0.00035601918352767825,-0.0022062507923692465,0.308796763420105
535,0.5355355143547058,61.47788619995117,-0.0003610731801018119,-0.0017253475962206721,-0.9109723567962646
536,0.5365365147590637,61.530052185058594,-0.0003656475164461881,-0.0014365838142111897,-1.5472573041915894
537,0.5375375151634216,61.5822639465332,-0.0003561170306056738,-0.0022286740131676197,0.7885481119155884
538,0.5385385155677795,61.63451385498047,-0.000348379195202142,-0.0028697701636701822,2.712862491607666
539,0.5395395755767822,61.68681716918945,-0.000345546577591449,-0.0030852430500090122,3.351008892059326
540,0.5405405759811401,61.73915481567383,-0.00034706664155237377,-0.0026865650434046984,2.149909257888794
541,0.541541576385498,61.791542053222656,-0.0003460776642896235,-0.002643209882080555,2.0000762939453125
542,0.542542576789856,61.843971252441406,-0.00034603639505803585,-0.0024549129884690046,1.4658066034317017
543,0.5435435771942139,61.89645004272461,-0.0003455020487308502,-0.002398053416982293,1.3380476236343384
544,0.5445445775985718,61.94896697998047,-0.00034357630647718906,-0.0025490280240774155,1.801743507385254
545,0.5455455780029297,62.001529693603516,-0.0003523347550071776,-0.0018564900383353233,-0.19288241863250732
546,0.5465465784072876,62.05413818359375,-0.00036161820753477514,-0.0013587787980213761,-1.6576876640319824
547,0.5475475788116455,62.10679244995117,-0.00038158660754561424,-0.0005444822018034756,-3.8668956756591797
548,0.5485485792160034,62.159488677978516,-0.0003704855917021632,-0.001162999076768756,-2.1875057220458984
549,0.5495495796203613,62.21223068237305,-0.0003878846764564514,-0.0005693973507732153,-3.679497718811035
550,0.5505505800247192,62.26502227783203,-0.0003886222839355469,-0.0006786781013943255,-3.223809003829956
551,0.5515515804290771,62.31785202026367,-0.00042095856042578816,0.0009393857326358557,-6.997317790985107
552,0.5525525808334351,62.3707275390625,-0.00043285614810884,0.002148696454241872,-9.60947322845459
553,0.553553581237793,62.42365264892578,-0.000422276760218665,0.0013497454347088933,-7.538651466369629
554,0.5545545816421509,62.476619720458984,-0.00040541222551837564,0.0003423183807171881,-4.952277660369873
555,0.5555555820465088,62.52962875366211,-0.0004071470757480711,0.0007750674849376082,-5.9423933029174805
556,0.5565565824508667,62.58268737792969,-0.0004051493597216904,0.0009929344523698092,-6.518484115600586
557,0.5575575828552246,62.63578796386719,-0.00038851695717312396,9.110801329370588e-06,-4.151821136474609
558,0.5585585832595825,62.688934326171875,-0.00039073475636541843,0.0005696192965842783,-5.7375640869140625
559,0.5595595836639404,62.74212646484375,-0.00039677118184044957,0.0016034183790907264,-8.610559463500977
560,0.5605605840682983,62.79536437988281,-0.0003859213611576706,0.0008336037280969322,-6.972239017486572
561,0.5615615844726562,62.8486442565918,-0.00038182613207027316,0.0006442068261094391,-6.697195053100586
562,0.5625625848770142,62.901973724365234,-0.0003761702682822943,0.00024841268896125257,-5.787102222442627
563,0.5635635852813721,62.955345153808594,-0.00037082299240864813,-0.0001510050642536953,-4.760411739349365
564,0.56456458568573,63.008766174316406,-0.00036486657336354256,-0.0005003474652767181,-3.8274500370025635
565,0.5655655860900879,63.062225341796875,-0.00038388377288356423,0.0004098468052688986,-6.214656829833984
566,0.5665665864944458,63.11573791503906,-0.0004000891640316695,0.0012126276269555092,-8.122021675109863
567,0.5675675868988037,63.16929244995117,-0.0003897778515238315,0.000629027490504086,-6.453615665435791
568,0.5685685873031616,63.2228889465332,-0.00040373901720158756,0.0014412171440199018,-8.293787956237793
569,0.5695695877075195,63.27653503417969,-0.0003966696676798165,0.0010416321456432343,-7.131869792938232
570,0.5705705881118774,63.33022689819336,-0.00038457493064925075,0.00034988499828614295,-5.2352519035339355
571,0.5715715885162354,63.38396072387695,-0.00037382275331765413,-0.00030827472801320255,-3.4058101177215576
572,0.5725725889205933,63.437744140625,-0.0003788894391618669,-2.9457826258294517e-06,-4.14731502532959
573,0.5735735893249512,63.4915657043457,-0.0003910821978934109,0.0011653387919068336,-7.1598429679870605
574,0.5745745897293091,63.545440673828125,-0.0003905263147316873,0.001278796698898077,-7.507777214050293
575,0.575575590133667,63.599361419677734,-0.0003938207228202373,0.0018933730898424983,-9.137197494506836
576,0.5765765905380249,63.65332794189453,-0.0003974245919380337,0.0027685207314789295,-11.387933731079102
577,0.5775775909423828,63.707332611083984,-0.00039468001341447234,0.0023104429710656404,-10.270861625671387
578,0.5785785913467407,63.761390686035156,-0.0003938777663279325,0.0023772413842380047,-10.488837242126465
579,0.5795795917510986,63.815494537353516,-0.00039252854185178876,0.002256902167573571,-10.196221351623535
580,0.5805805921554565,63.8696403503418,-0.0003927353536710143,0.0021919214632362127,-9.988944053649902
581,0.5815815925598145,63.92383575439453,-0.0003931848332285881,0.0020122721325606108,-9.457205772399902
582,0.5825825929641724,63.97807693481445,-0.00039145065238699317,0.001491633360274136,-7.989902973175049
583,0.5835835933685303,64.03236389160156,-0.0003891151864081621,0.00107040093280375,-6.798117637634277
584,0.5845845937728882,64.0866928100586,-0.0003929846570827067,0.0019217046210542321,-8.918723106384277
585,0.5855855941772461,64.14107513427734,-0.0003929016529582441,0.0023273113183677197,-9.959287643432617
586,0.586586594581604,64.19549560546875,-0.00038818555185571313,0.001332123065367341,-7.430935382843018
587,0.5875875949859619,64.24996948242188,-0.00038708827923983335,0.0013169809244573116,-7.399836540222168
588,0.5885885953903198,64.30448150634766,-0.00038933908217586577,0.0019062121864408255,-8.930642127990723
589,0.5895895957946777,64.35903930664062,-0.0003899329458363354,0.0017090877518057823,-8.441661834716797
590,0.5905905961990356,64.41365814208984,-0.0003916601708624512,0.002704137936234474,-11.021368026733398
591,0.5915915966033936,64.46830749511719,-0.0003927603247575462,0.0020818691700696945,-9.490511894226074
592,0.5925925970077515,64.52301025390625,-0.00039493496296927333,0.0021023896988481283,-9.548585891723633
593,0.5935935974121094,64.5777587890625,-0.00039624603232368827,0.0032266625203192234,-12.303572654724121
594,0.5945945978164673,64.63255310058594,-0.00039588334038853645,0.00411019055172801,-14.454111099243164
595,0.5955955982208252,64.68739318847656,-0.00039798542275093496,0.002893208060413599,-11.35185718536377
596,0.5965965986251831,64.74227905273438,-0.00039721644134260714,0.0032245039474219084,-12.201834678649902
597,0.597597599029541,64.7972183227539,-0.0003895907138939947,0.001822910038754344,-8.71141529083252
598,0.5985985994338989,64.8521957397461,-0.0003882900928147137,0.0023188702762126923,-10.089033126831055
599,0.5995995998382568,64.9072265625,-0.0003892515378538519,0.0025543305091559887,-10.850298881530762
600,0.6006006002426147,64.96229553222656,-0.00039009255124256015,0.0024261933285743,-10.576992988586426
601,0.6016016006469727,65.01741790771484,-0.00039044037112034857,0.002214670879766345,-10.064114570617676
602,0.6026026010513306,65.07258605957031,-0.00039395660860463977,0.002552683698013425,-10.961674690246582
603,0.6036036014556885,65.12779998779297,-0.0003945073112845421,0.002400694414973259,-10.581294059753418
604,0.6046046018600464,65.18305969238281,-0.0003928325604647398,0.002118665026500821,-9.833308219909668
605,0.6056056022644043,65.23836517333984,-0.0003929821541532874,0.002656821394339204,-11.172197341918945
606,0.6066066026687622,65.2937240600586,-0.0003933198458980769,0.004306905437260866,-15.380926132202148
607,0.6076076030731201,65.34912872314453,-0.00039249032852239907,0.00484120100736618,-16.79073715209961
608,0.608608603477478,65.40457916259766,-0.00039065739838406444,0.003581390483304858,-13.64421558380127
609,0.6096096038818359,65.46007537841797,-0.00038831509300507605,0.002952289069071412,-12.066034317016602
610,0.6106106042861938,65.51561737060547,-0.00038833043072372675,0.0034511780831962824,-13.369462013244629
611,0.6116116046905518,65.57120513916016,-0.0003862250014208257,0.0034744737204164267,-13.437793731689453
612,0.6126126050949097,65.62684631347656,-0.0003829463094007224,0.0024213818833231926,-10.665120124816895
613,0.6136136054992676,65.68252563476562,-0.0003885635524056852,0.0036787993740290403,-13.878618240356445
614,0.6146146059036255,65.7382583618164,-0.0003913325199391693,0.003948080353438854,-14.521712303161621
615,0.6156156063079834,65.79403686523438,-0.0003924557822756469,0.002915997989475727,-11.843915939331055
616,0.6166166067123413,65.84986877441406,-0.0003945085918530822,0.0028490079566836357,-11.638503074645996
617,0.6176176071166992,65.9057388305664,-0.00039589093648828566,0.0029539538081735373,-11.907987594604492
618,0.6186186075210571,65.96166229248047,-0.0003957357257604599,0.0034025327768176794,-13.035490036010742
619,0.619619607925415,66.01763153076172,-0.0003946150536648929,0.003437814535573125,-13.135234832763672
620,0.620620608329773,66.07364654541016,-0.00039312936132773757,0.0051515959203243256,-17.541046142578125
621,0.6216216087341309,66.12971496582031,-0.0003933783445972949,0.005272562149912119,-17.918132781982422
622,0.6226226091384888,66.18582916259766,-0.00039430256583727896,0.005268496926873922,-17.939510345458984
623,0.6236236095428467,66.24198150634766,-0.00039706239476799965,0.006587884854525328,-21.267192840576172
624,0.6246246099472046,66.29818725585938,-0.00040244057890959084,0.008186283521354198,-25.234477996826172
625,0.6256256103515625,66.35443878173828,-0.0004031694261357188,0.008961600251495838,-27.14744758605957
626,0.6266266107559204,66.4107437133789,-0.00040192960295826197,0.008955312892794609,-27.125526428222656
627,0.6276276111602783,66.46709442138672,-0.0004044559900648892,0.010312645696103573,-30.501123428344727
628,0.6286286115646362,66.52349090576172,-0.000398856500396505,0.00822305865585804,-25.30057144165039
629,0.6296296119689941,66.57994079589844,-0.0003987805685028434,0.008637300692498684,-26.337072372436523
630,0.630630612373352,66.63642883300781,-0.0003948408702854067,0.008036126382648945,-24.844526290893555
631,0.63163161277771,66.6929702758789,-0.00039252638816833496,0.007751756813377142,-24.16013526916504
632,0.6326326131820679,66.74955749511719,-0.00039017386734485626,0.007480975240468979,-23.52802276611328
633,0.6336336135864258,66.80619812011719,-0.0003877198905684054,0.007119392976164818,-22.628774642944336
634,0.6346346139907837,66.86288452148438,-0.00038939103251323104,0.007822481915354729,-24.447345733642578
635,0.6356356143951416,66.91961669921875,-0.0003915467532351613,0.009754842147231102,-29.389724731445312
636,0.6366366147994995,66.97640228271484,-0.0003920160816051066,0.010214362293481827,-30.562162399291992
637,0.6376376152038574,67.0332260131836,-0.0003930252860300243,0.010509494692087173,-31.32903480529785
638,0.6386386156082153,67.0901107788086,-0.00039542000740766525,0.010177784599363804,-30.55121421813965
639,0.6396396160125732,67.14703369140625,-0.00039712595753371716,0.010451678186655045,-31.303110122680664
640,0.6406406164169312,67.20401000976562,-0.000399733311496675,0.009796191938221455,-29.693756103515625
641,0.6416416764259338,67.26103210449219,-0.0003991787671111524,0.010540309362113476,-31.6005859375
642,0.6426426768302917,67.31810760498047,-0.00039849267341196537,0.010437607765197754,-31.371301651000977
643,0.6436436772346497,67.37522888183594,-0.0003955658758059144,0.010240313597023487,-30.965059280395508
644,0.6446446776390076,67.4323959350586,-0.0003912942484021187,0.00929085724055767,-28.666730880737305
645,0.6456456780433655,67.48960876464844,-0.0003878315619658679,0.010209004394710064,-31.168663024902344
646,0.6466466784477234,67.546875,-0.00038575090002268553,0.010524686425924301,-32.10893249511719
647,0.6476476788520813,67.60418701171875,-0.00038821602356620133,0.012364912778139114,-36.93560028076172
648,0.6486486792564392,67.66155242919922,-0.0003875318798236549,0.011953646317124367,-35.93870162963867
649,0.6496496796607971,67.71896362304688,-0.0003868750063702464,0.011418338865041733,-34.585479736328125
650,0.650650680065155,67.77642822265625,-0.0003858117270283401,0.010879515670239925,-33.234737396240234
651,0.6516516804695129,67.83393859863281,-0.0003893782268278301,0.01254453044384718,-37.537620544433594
652,0.6526526808738708,67.89148712158203,-0.000390889763366431,0.01128335576504469,-34.289283752441406
653,0.6536536812782288,67.9490966796875,-0.0003921835159417242,0.009800388477742672,-30.535303115844727
654,0.6546546816825867,68.00675201416016,-0.0003905821358785033,0.008611957542598248,-27.534019470214844
655,0.6556556820869446,68.064453125,-0.00039113222737796605,0.009906362742185593,-30.910503387451172
656,0.6566566824913025,68.1222152709961,-0.00039104968891479075,0.011617138050496578,-35.323734283447266
657,0.6576576828956604,68.18000793457031,-0.00038949481677263975,0.01217131782323122,-36.752620697021484
658,0.6586586833000183,68.23786163330078,-0.00038671394577249885,0.01153846550732851,-35.10340881347656
659,0.6596596837043762,68.29576110839844,-0.000383280887035653,0.010642730630934238,-32.75795364379883
660,0.6606606841087341,68.35371398925781,-0.0003791637718677521,0.009903451427817345,-30.849613189697266
661,0.661661684513092,68.41171264648438,-0.0003767005982808769,0.010602268390357494,-32.73872375488281
662,0.66266268491745,68.46975708007812,-0.0003735966747626662,0.010330884717404842,-32.050567626953125
663,0.6636636853218079,68.5278549194336,-0.0003706619027070701,0.01000791322439909,-31.209136962890625
664,0.6646646857261658,68.58599853515625,-0.0003678385401144624,0.00937083549797535,-29.447771072387695
665,0.6656656861305237,68.64419555664062,-0.00036548246862366796,0.008618741296231747,-27.33592987060547
666,0.6666666865348816,68.70243835449219,-0.00036637732409872115,0.008992733433842659,-28.279727935791016
667,0.6676676869392395,68.76073455810547,-0.00036739540519192815,0.009055226109921932,-28.40603256225586
668,0.6686686873435974,68.81907653808594,-0.00036408810410648584,0.006805139128118753,-22.268112182617188
669,0.6696696877479553,68.87747192382812,-0.00036546203773468733,0.00687702652066946,-22.527835845947266
670,0.6706706881523132,68.9359130859375,-0.00036847603041678667,0.007738829590380192,-24.971742630004883
671,0.6716716885566711,68.9944076538086,-0.0003689577570185065,0.00782141461968422,-25.321285247802734
672,0.672672688961029,69.05294799804688,-0.00036916337558068335,0.007680762093514204,-25.125762939453125
673,0.673673689365387,69.11154174804688,-0.00037115777377039194,0.007925719954073429,-25.99277114868164
674,0.6746746897697449,69.17018127441406,-0.0003672726161312312,0.006688430439680815,-22.862445831298828
675,0.6756756901741028,69.22887420654297,-0.00036678570904769003,0.00694866431877017,-23.784034729003906
676,0.6766766905784607,69.2876205444336,-0.0003625216195359826,0.006404038984328508,-22.376760482788086
677,0.6776776909828186,69.34640502929688,-0.00036212473060004413,0.00660978676751256,-22.95212745666504
678,0.6786786913871765,69.4052505493164,-0.0003606798127293587,0.006419754587113857,-22.378149032592773
679,0.6796796917915344,69.4641342163086,-0.0003547868982423097,0.004860215354710817,-17.93680763244629
680,0.6806806921958923,69.52307891845703,-0.00035409332485869527,0.0051143718883395195,-18.577232360839844
681,0.6816816926002502,69.58206939697266,-0.00035367242526263,0.005679234862327576,-20.170385360717773
682,0.6826826930046082,69.64111328125,-0.00035388412652537227,0.00667311018332839,-23.004192352294922
683,0.6836836934089661,69.7001953125,-0.0003504249616526067,0.006433223839849234,-22.31756591796875
684,0.684684693813324,69.75934600830078,-0.00034482142655178905,0.00454384321346879,-16.808908462524414
685,0.6856856942176819,69.81852722167969,-0.00034806045005097985,0.005516583565622568,-19.470125198364258
686,0.6866866946220398,69.87776947021484,-0.00035077703068964183,0.006157056428492069,-21.110694885253906
687,0.6876876950263977,69.93706512451172,-0.0003527513472363353,0.006543212104588747,-22.052133560180664
688,0.6886886954307556,69.99640655517578,-0.00035432528238743544,0.0060259695164859295,-20.503690719604492
689,0.6896896958351135,70.05580139160156,-0.0003547975793480873,0.005782976746559143,-19.79161262512207
690,0.6906906962394714,70.11524200439453,-0.000353704032022506,0.005436051171272993,-18.83823585510254
691,0.6916916966438293,70.17473602294922,-0.00035096704959869385,0.006237424910068512,-21.155323028564453
692,0.6926926970481873,70.23428344726562,-0.00034985062666237354,0.006795601919293404,-22.78359603881836
693,0.6936936974525452,70.29387664794922,-0.00034892812254838645,0.006796447094529867,-22.836124420166016
694,0.6946946978569031,70.353515625,-0.00034889293601736426,0.007387637626379728,-24.61769676208496
695,0.695695698261261,70.41321563720703,-0.00034733055508695543,0.007873903959989548,-26.182409286499023
696,0.6966966986656189,70.47296142578125,-0.0003434991231188178,0.007989875040948391,-26.72508430480957
697,0.6976976990699768,70.53276062011719,-0.00034003015025518835,0.007681553717702627,-25.999774932861328
698,0.6986986994743347,70.59259796142578,-0.00033830487518571317,0.007518343161791563,-25.621231079101562
699,0.6996996998786926,70.65249633789062,-0.0003416454419493675,0.009501230902969837,-31.496604919433594
700,0.7007007002830505,70.71244812011719,-0.000342218903824687,0.009557368233799934,-31.62357521057129
701,0.7017017006874084,70.77244567871094,-0.0003428282216191292,0.009279581718146801,-30.746082305908203
702,0.7027027010917664,70.83250427246094,-0.0003459406434558332,0.010128285735845566,-33.13933563232422
703,0.7037037014961243,70.8926010131836,-0.0003482042520772666,0.010727675631642342,-34.83420181274414
704,0.7047047019004822,70.95275115966797,-0.0003510035458020866,0.012082228437066078,-38.75693130493164
705,0.7057057023048401,71.0129623413086,-0.00035170139744877815,0.01257198117673397,-40.2898063659668
706,0.706706702709198,71.07321166992188,-0.0003523006453178823,0.012781677767634392,-41.052242279052734
707,0.7077077031135559,71.1335220336914,-0.000358531775418669,0.013990253210067749,-44.5982551574707
708,0.7087087035179138,71.19387817382812,-0.0003635328612290323,0.014897569082677364,-47.23356246948242
709,0.7097097039222717,71.25428771972656,-0.0003647911944426596,0.015140513889491558,-47.95611572265625
710,0.7107107043266296,71.31475067138672,-0.00036504038143903017,0.014977838844060898,-47.45814895629883
711,0.7117117047309875,71.37525939941406,-0.0003617263282649219,0.014041561633348465,-44.79644775390625
712,0.7127127051353455,71.4358139038086,-0.0003705061390064657,0.015845730900764465,-49.78389358520508
713,0.7137137055397034,71.4964370727539,-0.0003731928882189095,0.01684388518333435,-52.64714050292969
714,0.7147147059440613,71.55709838867188,-0.0003703169641084969,0.016540225595235825,-51.94334411621094
715,0.7157157063484192,71.61781311035156,-0.00036579580046236515,0.015915438532829285,-50.28677749633789
716,0.7167167067527771,71.67858123779297,-0.00036739680217579007,0.016685109585523605,-52.558963775634766
717,0.717717707157135,71.7394027709961,-0.0003647181438282132,0.01646091602742672,-52.08852767944336
718,0.7187187075614929,71.8002700805664,-0.000367272412404418,0.017052747309207916,-53.70958709716797
719,0.7197197079658508,71.86119842529297,-0.00036820408422499895,0.017309417948126793,-54.33808898925781
720,0.7207207083702087,71.92217254638672,-0.00036288955016061664,0.01649314910173416,-52.11692428588867
721,0.7217217087745667,71.98320007324219,-0.000362033664714545,0.016839589923620224,-53.25153350830078
722,0.7227227091789246,72.04427337646484,-0.00035602651769295335,0.016117647290229797,-51.399959564208984
723,0.7237237095832825,72.10540771484375,-0.0003565216320566833,0.01665167696774006,-53.02497100830078
724,0.7247247099876404,72.16658782958984,-0.0003590332344174385,0.01768420822918415,-56.1015625
725,0.7257257103919983,72.22782135009766,-0.00034952542046085,0.01589636318385601,-51.30253219604492
726,0.7267267107963562,72.28910827636719,-0.00034846842754632235,0.015904812142252922,-51.603355407714844
727,0.7277277112007141,72.3504409790039,-0.0003516341093927622,0.016670318320393562,-54.015663146972656
728,0.728728711605072,72.41183471679688,-0.0003473705146461725,0.015546014532446861,-51.02516174316406
729,0.7297297120094299,72.47327423095703,-0.0003450190124567598,0.01488206535577774,-49.333740234375
730,0.7307307124137878,72.53477478027344,-0.0003424437891226262,0.014102177694439888,-47.16515350341797
731,0.7317317128181458,72.59632110595703,-0.00033937336411327124,0.01337356399744749,-45.038204193115234
732,0.7327327132225037,72.65791320800781,-0.0003434373647905886,0.014112506993114948,-47.207725524902344
733,0.7337337136268616,72.71956634521484,-0.00033929289202205837,0.01372905820608139,-46.1175651550293
734,0.7347347140312195,72.78126525878906,-0.0003386406460776925,0.01406099647283554,-47.11175537109375
735,0.7357357144355774,72.84302520751953,-0.0003383559815119952,0.01441000122576952,-48.12275314331055
736,0.7367367148399353,72.90483093261719,-0.00033834873465821147,0.014870242215692997,-49.429622650146484
737,0.7377377152442932,72.96669006347656,-0.00033625500509515405,0.01470591314136982,-48.78532028198242
738,0.7387387156486511,73.02860260009766,-0.00033538072602823377,0.014733504503965378,-48.806739807128906
739,0.739739716053009,73.09056854248047,-0.0003374954976607114,0.015176277607679367,-50.114044189453125
740,0.7407407164573669,73.152587890625,-0.00033105441252700984,0.013769921846687794,-45.98490905761719
741,0.7417417168617249,73.21465301513672,-0.0003332435735501349,0.01395152322947979,-46.60985565185547
742,0.7427427172660828,73.27677917480469,-0.00033265628735534847,0.013334018178284168,-44.83623504638672
743,0.7437437772750854,73.33895874023438,-0.00033830167376436293,0.014010189101099968,-46.941497802734375
744,0.7447447776794434,73.40119171142578,-0.0003374674706719816,0.013438861817121506,-45.31270980834961
745,0.7457457780838013,73.46347045898438,-0.0003384101437404752,0.013494021259248257,-45.522518157958984
746,0.7467467784881592,73.52580261230469,-0.0003317908849567175,0.012406967580318451,-42.278141021728516
747,0.7477477788925171,73.58819580078125,-0.000329724105540663,0.012290404178202152,-41.948028564453125
748,0.748748779296875,73.65062713623047,-0.0003224590909667313,0.011074284091591835,-38.284759521484375
749,0.7497497797012329,73.71311950683594,-0.0003214412136003375,0.010967882350087166,-38.02570724487305
750,0.7507507801055908,73.77567291259766,-0.0003226270782761276,0.011181235313415527,-38.708290100097656
751,0.7517517805099487,73.83826446533203,-0.00032431219005957246,0.011387313716113567,-39.33941650390625
752,0.7527527809143066,73.90092468261719,-0.0003258436918258667,0.011308989487588406,-39.058990478515625
753,0.7537537813186646,73.963623046875,-0.0003256150521337986,0.010300787165760994,-35.960453033447266
754,0.7547547817230225,74.02638244628906,-0.0003274133778177202,0.011111871339380741,-38.535091400146484
755,0.7557557821273804,74.08919525146484,-0.00032633444061502814,0.011931609362363815,-41.281124114990234
756,0.7567567825317383,74.15206146240234,-0.0003249519504606724,0.012355220504105091,-42.823974609375
757,0.7577577829360962,74.21498107910156,-0.0003230046131648123,0.012317109853029251,-42.93516540527344
758,0.7587587833404541,74.2779541015625,-0.00032243464374914765,0.012620434165000916,-44.05356216430664
759,0.759759783744812,74.34097290039062,-0.0003218954661861062,0.012436687014997005,-43.5845947265625
760,0.7607607841491699,74.404052734375,-0.0003183858934789896,0.011271128430962563,-39.96350860595703
761,0.7617617845535278,74.4671859741211,-0.00031419791048392653,0.01029299944639206,-36.87504959106445
762,0.7627627849578857,74.53038024902344,-0.00031340745044872165,0.010542708449065685,-37.64726257324219
763,0.7637637853622437,74.59361267089844,-0.0003134456928819418,0.010936224833130836,-38.89429473876953
764,0.7647647857666016,74.65690612792969,-0.000309346301946789,0.010040996596217155,-36.0075569152832
765,0.7657657861709595,74.72025299072266,-0.00031013161060400307,0.010305119678378105,-36.83976364135742
766,0.7667667865753174,74.78365325927734,-0.00030658519244752824,0.009232156910002232,-33.33091354370117
767,0.7677677869796753,74.84710693359375,-0.0003080512979067862,0.009787362068891525,-35.19151306152344
768,0.7687687873840332,74.91061401367188,-0.0003046233905479312,0.009201345965266228,-33.40370178222656
769,0.7697697877883911,74.97418212890625,-0.00030245218658819795,0.008808868937194347,-32.20707702636719
770,0.770770788192749,75.03779602050781,-0.00030726694967597723,0.010289697907865047,-37.12662124633789
771,0.7717717885971069,75.1014633178711,-0.0003089355886913836,0.010747849009931087,-38.62064743041992
772,0.7727727890014648,75.1651840209961,-0.0003084230120293796,0.010245655663311481,-36.969783782958984
773,0.7737737894058228,75.22896575927734,-0.00030799428350292146,0.009455563500523567,-34.30328369140625
774,0.7747747898101807,75.29280090332031,-0.0003078495792578906,0.00918333325535059,-33.37764358520508
775,0.7757757902145386,75.35668182373047,-0.00030847929883748293,0.009431221522390842,-34.149627685546875
776,0.7767767906188965,75.42062377929688,-0.00030954135581851006,0.010456632822751999,-37.434078216552734
777,0.7777777910232544,75.484619140625,-0.00030846503796055913,0.010601655580103397,-37.85322952270508
778,0.7787787914276123,75.54866790771484,-0.0003069412487093359,0.010948414914309978,-38.96704864501953
779,0.7797797918319702,75.6127700805664,-0.000303249602438882,0.009890549816191196,-35.44780731201172
780,0.7807807922363281,75.67693328857422,-0.00030051061185076833,0.009382253512740135,-33.67805480957031
781,0.781781792640686,75.74114227294922,-0.0002976160030812025,0.008829441852867603,-31.790922164916992
782,0.782782793045044,75.80540466308594,-0.00029585298034362495,0.008258391171693802,-29.861310958862305
783,0.7837837934494019,75.8697280883789,-0.00029524986166507006,0.008554065600037575,-30.897140502929688
784,0.7847847938537598,75.9341049194336,-0.00029664873727597296,0.006649706047028303,-24.580324172973633
785,0.7857857942581177,75.99853515625,-0.0002975960378535092,0.006577450782060623,-24.448139190673828
786,0.7867867946624756,76.06301879882812,-0.00029927550349384546,0.006018304731696844,-22.66754722595215
787,0.7877877950668335,76.1275634765625,-0.0003021035226993263,0.0045852684415876865,-17.989931106567383
788,0.7887887954711914,76.19215393066406,-0.00030144897755235434,0.005061032250523567,-19.648048400878906
789,0.7897897958755493,76.25680541992188,-0.0003008592175319791,0.005597318056970835,-21.50063705444336
790,0.7907907962799072,76.3215103149414,-0.00030023406725376844,0.00577808590605855,-22.200023651123047
791,0.7917917966842651,76.38626861572266,-0.0003011086955666542,0.007375191431492567,-27.62771224975586
792,0.792792797088623,76.45108032226562,-0.00029956147773191333,0.007088856305927038,-26.772174835205078
793,0.793793797492981,76.51595306396484,-0.0002979920827783644,0.006748867686837912,-25.677608489990234
794,0.7947947978973389,76.58087921142578,-0.0002984013990499079,0.007213303819298744,-27.281654357910156
795,0.7957957983016968,76.64585876464844,-0.0002987066691275686,0.007469662930816412,-28.167306900024414
796,0.7967967987060547,76.71089172363281,-0.00029829575214535,0.0073370253667235374,-27.7607479095459
797,0.7977977991104126,76.7759780883789,-0.0002978165284730494,0.0073118265718221664,-27.726112365722656
798,0.7987987995147705,76.84112548828125,-0.0002969194028992206,0.007925351150333881,-29.888294219970703
799,0.7997997999191284,76.90632629394531,-0.0002951031783595681,0.007898855023086071,-29.950727462768555
800,0.8008008003234863,76.97157287597656,-0.00029261503368616104,0.007200874853879213,-27.741134643554688
801,0.8018018007278442,77.03689575195312,-0.00029144203290343285,0.0071817561984062195,-27.862545013427734
802,0.8028028011322021,77.10225677490234,-0.00029121930128894746,0.007230779156088829,-28.22626304626465
803,0.8038038015365601,77.16767883300781,-0.0002939033438451588,0.008740763179957867,-33.596954345703125
804,0.804804801940918,77.233154296875,-0.0002953744842670858,0.009334755130112171,-35.78940963745117
805,0.8058058023452759,77.29869079589844,-0.0002977980184368789,0.010048511438071728,-38.285369873046875
806,0.8068068027496338,77.36427307128906,-0.00029531033942475915,0.007903807796537876,-31.101810455322266
807,0.8078078031539917,77.42991638183594,-0.0002969680353999138,0.008686093613505363,-33.758480072021484
808,0.8088088035583496,77.49562072753906,-0.00029379077022895217,0.008026015013456345,-31.50890350341797
809,0.8098098039627075,77.56137084960938,-0.00029525248100981116,0.009428265504539013,-36.287315368652344
810,0.8108108043670654,77.62718963623047,-0.0002941000275313854,0.009998601861298084,-38.27946472167969
811,0.8118118047714233,77.69306182861328,-0.0002868183655664325,0.008594164624810219,-33.482810974121094
812,0.8128128051757812,77.75897979736328,-0.00028154492611065507,0.007666714955121279,-30.19386863708496
813,0.8138138055801392,77.82495880126953,-0.0002801092341542244,0.007653133012354374,-30.068649291992188
814,0.8148148059844971,77.8909912109375,-0.0002789040154311806,0.0076400116086006165,-29.94202995300293
815,0.815815806388855,77.95708465576172,-0.00027736619813367724,0.007043167948722839,-27.704761505126953
816,0.8168168067932129,78.02323150634766,-0.0002773760643322021,0.006239200942218304,-24.7097110748291
817,0.8178178071975708,78.08943176269531,-0.00027809038874693215,0.005767625756561756,-22.91389274597168
818,0.8188188076019287,78.15569305419922,-0.00027657183818519115,0.006005843169987202,-23.68924331665039
819,0.8198198080062866,78.22200775146484,-0.00027841352857649326,0.004950129427015781,-19.84260368347168
820,0.8208208084106445,78.28837585449219,-0.000275548140052706,0.005510804709047079,-21.80548667907715
821,0.8218218088150024,78.35481262207031,-0.00027436926029622555,0.005765690468251705,-22.66361427307129
822,0.8228228092193604,78.4212875366211,-0.00027595701976679265,0.005500707775354385,-21.646535873413086
823,0.8238238096237183,78.48783874511719,-0.0002776657056529075,0.005419882480055094,-21.309749603271484
824,0.8248248100280762,78.55442810058594,-0.0002775586617644876,0.005774583667516708,-22.55919647216797
825,0.8258258104324341,78.62108612060547,-0.0002745817764662206,0.006655107717961073,-25.776639938354492
826,0.826826810836792,78.68779754638672,-0.0002728072286117822,0.0074195596389472485,-28.567298889160156
827,0.8278278112411499,78.75455474853516,-0.00027579779271036386,0.00718426238745451,-27.70935821533203
828,0.8288288116455078,78.82138061523438,-0.0002734617155510932,0.008007467724382877,-30.82268524169922
829,0.8298298120498657,78.88825988769531,-0.00027480293647386134,0.007810431998223066,-30.31715965270996
830,0.8308308124542236,78.9552001953125,-0.0002730712294578552,0.008638784289360046,-33.51780700683594
831,0.8318318128585815,79.02220153808594,-0.0002745610545389354,0.00838419608771801,-32.68795394897461
832,0.8328328132629395,79.08924865722656,-0.00027613609563559294,0.007896621711552143,-31.045543670654297
833,0.8338338136672974,79.15635681152344,-0.00027703435625880957,0.007047927472740412,-28.073781967163086
834,0.8348348140716553,79.22352600097656,-0.0002754293673206121,0.008136696182191372,-32.11039733886719
835,0.8358358144760132,79.29074096679688,-0.0002741753123700619,0.008267330937087536,-32.729827880859375
836,0.8368368148803711,79.35801696777344,-0.00027293007588014007,0.008773544803261757,-34.692665100097656
837,0.837837815284729,79.42535400390625,-0.0002743098884820938,0.008468476124107838,-33.620025634765625
838,0.8388388156890869,79.49275207519531,-0.00027536015841178596,0.00944529939442873,-37.161643981933594
839,0.8398398160934448,79.56019592285156,-0.0002766926190815866,0.010192920453846455,-39.885616302490234
840,0.8408408164978027,79.62770080566406,-0.0002774166641756892,0.010131580755114555,-39.7653923034668
841,0.8418418169021606,79.69527435302734,-0.0002779094793368131,0.010884946212172508,-42.634071350097656
842,0.8428428173065186,79.76288604736328,-0.00027691497234627604,0.010327269323170185,-40.78268051147461
843,0.8438438177108765,79.83056640625,-0.00027549092192202806,0.01027670968323946,-40.75184631347656
844,0.8448448181152344,79.89830780029297,-0.00027134560514241457,0.008758662268519402,-35.30306625366211
845,0.8458458185195923,79.96610260009766,-0.00026952341431751847,0.00861810427159071,-34.84660339355469
846,0.846846878528595,80.0339584350586,-0.0002682754129637033,0.00902935117483139,-36.42031478881836
847,0.8478478789329529,80.10186004638672,-0.0002661548787727952,0.00903735775500536,-36.50635528564453
848,0.8488488793373108,80.16983032226562,-0.00026414700550958514,0.009617680683732033,-38.710777282714844
849,0.8498498797416687,80.23786163330078,-0.00026226398767903447,0.01040965598076582,-41.751434326171875
850,0.8508508801460266,80.30593872070312,-0.00026036135386675596,0.01087832823395729,-43.558170318603516
851,0.8518518805503845,80.37407684326172,-0.0002588565112091601,0.010532056912779808,-42.17852783203125
852,0.8528528809547424,80.44227600097656,-0.00025720958365127444,0.011117978021502495,-44.407371520996094
853,0.8538538813591003,80.51052856445312,-0.0002576711121946573,0.010601435787975788,-42.29655075073242
854,0.8548548817634583,80.57884216308594,-0.0002589637297205627,0.010183085687458515,-40.620277404785156
855,0.8558558821678162,80.647216796875,-0.0002547884650994092,0.011673977598547935,-46.45772933959961
856,0.8568568825721741,80.71565246582031,-0.00025429335073567927,0.011433894746005535,-45.61531066894531
857,0.857857882976532,80.78413391113281,-0.00025740504497662187,0.009806164540350437,-39.31820297241211
858,0.8588588833808899,80.8526840209961,-0.0002560687134973705,0.00993642769753933,-39.84708023071289
859,0.8598598837852478,80.92127990722656,-0.00025473308051005006,0.010085998103022575,-40.438560485839844
860,0.8608608841896057,80.98995208740234,-0.0002524415613152087,0.01076129823923111,-43.111572265625
861,0.8618618845939636,81.05866241455078,-0.00025267875753343105,0.011880354955792427,-47.51542282104492
862,0.8628628849983215,81.12744903564453,-0.0002560528228059411,0.01297204103320837,-51.80005645751953
863,0.8638638854026794,81.19628143310547,-0.0002546139876358211,0.01281767152249813,-51.215248107910156
864,0.8648648858070374,81.26518249511719,-0.0002545128227211535,0.012777246534824371,-51.13594055175781
865,0.8658658862113953,81.3341293334961,-0.00025872059632092714,0.013416034169495106,-53.78778076171875
866,0.8668668866157532,81.40314483642578,-0.0002525205200072378,0.012007697485387325,-48.48802947998047
867,0.8678678870201111,81.47222137451172,-0.00025357736740261316,0.012012274004518986,-48.77537155151367
868,0.868868887424469,81.54134368896484,-0.00025404227199032903,0.01184394583106041,-48.32947540283203
869,0.8698698878288269,81.61053466796875,-0.0002578265266492963,0.012259354814887047,-50.145694732666016
870,0.8708708882331848,81.6797866821289,-0.0002638905425556004,0.0128788398578763,-52.72003173828125
871,0.8718718886375427,81.74909210205078,-0.0002633770345710218,0.012476278468966484,-51.37942123413086
872,0.8728728890419006,81.81845092773438,-0.0002671826514415443,0.012839608825743198,-52.80108642578125
873,0.8738738894462585,81.88787078857422,-0.0002644314954522997,0.01239859964698553,-51.07787322998047
874,0.8748748898506165,81.95735931396484,-0.0002616122364997864,0.011874394491314888,-48.927650451660156
875,0.8758758902549744,82.02690887451172,-0.00026083015836775303,0.011727581731975079,-48.21940612792969
876,0.8768768906593323,82.09650421142578,-0.00026478967629373074,0.012894854880869389,-52.581966400146484
877,0.8778778910636902,82.1661605834961,-0.00026369886472821236,0.012726631946861744,-51.987518310546875
878,0.8788788914680481,82.23587799072266,-0.0002629026712384075,0.012637405656278133,-51.82363510131836
879,0.879879891872406,82.30565643310547,-0.0002609829243738204,0.012238328345119953,-50.55241394042969
880,0.8808808922767639,82.37548828125,-0.00025838782312348485,0.011735927313566208,-48.93529510498047
881,0.8818818926811218,82.44538116455078,-0.00025648443261161447,0.011514697223901749,-48.36030960083008
882,0.8828828930854797,82.51534271240234,-0.0002568693016655743,0.011822398751974106,-49.649322509765625
883,0.8838838934898376,82.58535766601562,-0.0002560218272265047,0.011799812316894531,-49.576385498046875
884,0.8848848938941956,82.65543365478516,-0.0002517598040867597,0.010948698967695236,-46.196022033691406
885,0.8858858942985535,82.72557067871094,-0.00025141568039543927,0.010830926708877087,-45.695560455322266
886,0.8868868947029114,82.7957534790039,-0.0002516136155463755,0.010833281092345715,-45.66791534423828
887,0.8878878951072693,82.86600494384766,-0.00025240276590920985,0.011129828169941902,-46.8846435546875
888,0.8888888955116272,82.93631744384766,-0.0002500915143173188,0.010871517471969128,-46.03640365600586
889,0.8898898959159851,83.00669860839844,-0.00024732935708016157,0.010265948250889778,-43.836524963378906
890,0.890890896320343,83.0771255493164,-0.00025130645371973515,0.011609847657382488,-49.49367904663086
891,0.8918918967247009,83.14761352539062,-0.00025399215519428253,0.012156420387327671,-51.86055374145508
892,0.8928928971290588,83.21817016601562,-0.0002523309667594731,0.011830695904791355,-50.70540237426758
893,0.8938938975334167,83.28878021240234,-0.00025532249128445983,0.012557330541312695,-53.65302276611328
894,0.8948948979377747,83.35945129394531,-0.0002547586045693606,0.012520989403128624,-53.56147003173828
895,0.8958958983421326,83.43018341064453,-0.0002503431751392782,0.011812680400907993,-50.7706298828125
896,0.8968968987464905,83.5009765625,-0.0002499801048543304,0.011776025407016277,-50.64736557006836
897,0.8978978991508484,83.57182312011719,-0.0002468419261276722,0.011315367184579372,-48.89030838012695
898,0.8988988995552063,83.64273071289062,-0.0002475643123034388,0.011590573005378246,-50.175350189208984
899,0.8998998999595642,83.71370697021484,-0.00025049044052138925,0.012188167311251163,-52.71298599243164
900,0.9009009003639221,83.78473663330078,-0.00025111145805567503,0.012362891808152199,-53.4688606262207
901,0.90190190076828,83.85582733154297,-0.00025223178090527654,0.01262825820595026,-54.616249084472656
902,0.9029029011726379,83.9269790649414,-0.0002505037118680775,0.012397385202348232,-53.86095428466797
903,0.9039039015769958,83.99818420410156,-0.00025006220676004887,0.012424780987203121,-54.12245559692383
904,0.9049049019813538,84.06946563720703,-0.0002472418127581477,0.012194416485726833,-53.24861526489258
905,0.9059059023857117,84.14079284667969,-0.0002489467151463032,0.012847538106143475,-55.8309326171875
906,0.9069069027900696,84.21219635009766,-0.0002463929704390466,0.012789524160325527,-55.4307861328125
907,0.9079079031944275,84.28364562988281,-0.0002473088097758591,0.013273141346871853,-57.19792938232422
908,0.9089089035987854,84.35516357421875,-0.00024546319036744535,0.012995683588087559,-55.8957633972168
909,0.9099099040031433,84.42674255371094,-0.0002464403223711997,0.01317149493843317,-56.52742385864258
910,0.9109109044075012,84.49837493896484,-0.000246862560743466,0.013263308443129063,-57.01089096069336
911,0.9119119048118591,84.57007598876953,-0.0002482712734490633,0.013678345829248428,-58.901485443115234
912,0.912912905216217,84.64183044433594,-0.000246537005295977,0.013116869144141674,-56.9254035949707
913,0.913913905620575,84.71365356445312,-0.0002489841135684401,0.014017399400472641,-60.822288513183594
914,0.9149149060249329,84.78553009033203,-0.00024577361182309687,0.01298664603382349,-56.869510650634766
915,0.9159159064292908,84.85746765136719,-0.0002465771685820073,0.013392125256359577,-58.64853286743164
916,0.9169169068336487,84.92947387695312,-0.00024590810062363744,0.013323759660124779,-58.43864440917969
917,0.9179179072380066,85.00153350830078,-0.00024373596534132957,0.012899440713226795,-56.7322883605957
918,0.9189189076423645,85.07366180419922,-0.0002465186989866197,0.013635028153657913,-59.83163833618164
919,0.9199199080467224,85.1458511352539,-0.00024014303926378489,0.012386158108711243,-54.883731842041016
920,0.9209209084510803,85.21809387207031,-0.0002427296421956271,0.01312080305069685,-58.090087890625
921,0.9219219088554382,85.29039764404297,-0.00023969897301867604,0.012728586792945862,-56.59860610961914
922,0.9229229092597961,85.3627700805664,-0.00023954323842190206,0.012961332686245441,-57.68019104003906
923,0.923923909664154,85.43519592285156,-0.00023830533609725535,0.012940669432282448,-57.67497253417969
924,0.924924910068512,85.50769805908203,-0.00023958616657182574,0.013422355987131596,-59.81268310546875
925,0.9259259104728699,85.58024597167969,-0.00023894052719697356,0.013359739445149899,-59.65665817260742
926,0.9269269108772278,85.6528549194336,-0.00023865036200731993,0.013214580714702606,-59.0944709777832
927,0.9279279112815857,85.72554779052734,-0.0002382223028689623,0.012878095731139183,-57.71282958984375
928,0.9289289116859436,85.79827880859375,-0.00023226317716762424,0.011319621466100216,-51.13490676879883
929,0.9299299120903015,85.87108612060547,-0.00023574914666824043,0.012032127939164639,-54.14069747924805
930,0.9309309124946594,85.9439468383789,-0.00023182021686807275,0.011114918626844883,-50.247047424316406
931,0.9319319128990173,86.01686096191406,-0.00023278298613149673,0.011458261869847775,-51.8169059753418
932,0.9329329133033752,86.08985137939453,-0.00023311583208851516,0.011679239571094513,-52.884090423583984
933,0.9339339137077332,86.16289520263672,-0.0002335653844056651,0.011986062861979008,-54.23125457763672
934,0.9349349141120911,86.23600769042969,-0.0002313933800905943,0.011559652164578438,-52.38523483276367
935,0.935935914516449,86.3091812133789,-0.00023406207037623972,0.012443069368600845,-56.192726135253906
936,0.9369369149208069,86.38240814208984,-0.00023318611783906817,0.01217734906822443,-55.03452682495117
937,0.9379379153251648,86.45570373535156,-0.00023181751021184027,0.010767869651317596,-48.959068298339844
938,0.9389389157295227,86.52906799316406,-0.00023377180332317948,0.012086072936654091,-54.694889068603516
939,0.9399399161338806,86.60248565673828,-0.00023313819838222116,0.01208882313221693,-54.87571334838867
940,0.9409409165382385,86.67597198486328,-0.00023240697919391096,0.012116145342588425,-55.192481994628906
941,0.9419419169425964,86.74951171875,-0.0002330309507669881,0.012676717713475227,-57.8504524230957
942,0.9429429173469543,86.82312774658203,-0.0002329633862245828,0.013048245571553707,-59.58579635620117
943,0.9439439177513123,86.89679718017578,-0.00023320970649365336,0.013691763393580914,-62.45580291748047
944,0.9449449181556702,86.97053527832031,-0.0002352882584091276,0.014676075428724289,-66.7673568725586
945,0.9459459185600281,87.04431915283203,-0.00022957286273594946,0.013775617815554142,-63.02598190307617
946,0.946946918964386,87.11817932128906,-0.0002234285930171609,0.012745039537549019,-58.54941177368164
947,0.9479479193687439,87.19210052490234,-0.00022515543969348073,0.013451156206429005,-61.74251937866211
948,0.9489489793777466,87.2660903930664,-0.00022851342509966344,0.014214927330613136,-65.1767578125
949,0.9499499797821045,87.34013366699219,-0.00022895209258422256,0.014173648320138454,-65.15341186523438
950,0.9509509801864624,87.41423797607422,-0.00022843883198220283,0.013926181010901928,-64.26094055175781
951,0.9519519805908203,87.48841094970703,-0.00022840504243504256,0.013778680004179478,-63.798187255859375
952,0.9529529809951782,87.56263732910156,-0.00022228501620702446,0.012499884702265263,-58.294673919677734
953,0.9539539813995361,87.6369400024414,-0.00022609354346059263,0.013140946626663208,-61.33440399169922
954,0.954954981803894,87.71129608154297,-0.00022647829609923065,0.013225443661212921,-61.879520416259766
955,0.955955982208252,87.78572845458984,-0.00022280190023593605,0.012562894262373447,-59.06814193725586
956,0.9569569826126099,87.86021423339844,-0.00022789184004068375,0.013698779046535492,-64.18865203857422
957,0.9579579830169678,87.93476104736328,-0.00022746581817045808,0.013727674260735512,-64.3155288696289
958,0.9589589834213257,88.0093765258789,-0.00022413962869904935,0.013051505200564861,-61.27847671508789
959,0.9599599838256836,88.08405303955078,-0.00022905357764102519,0.014392195269465446,-67.19306182861328
960,0.9609609842300415,88.1587905883789,-0.000231856873142533,0.015516064129769802,-72.17342376708984
961,0.9619619846343994,88.23359680175781,-0.000231279045692645,0.015369211323559284,-71.71436309814453
962,0.9629629850387573,88.30846405029297,-0.0002307458344148472,0.015081816352903843,-70.68281555175781
963,0.9639639854431152,88.38339233398438,-0.00023056437203194946,0.014924316667020321,-70.18965148925781
964,0.9649649858474731,88.45838165283203,-0.00023297584266401827,0.0162208192050457,-75.9268569946289
965,0.965965986251831,88.53343963623047,-0.00023080084065441042,0.0152962701395154,-72.05183410644531
966,0.966966986656189,88.60856628417969,-0.00022976873151492327,0.015222789719700813,-71.72978210449219
967,0.9679679870605469,88.68374633789062,-0.0002294843434356153,0.015708662569522858,-73.80292510986328
968,0.9689689874649048,88.75899505615234,-0.00022835454728920013,0.01540844514966011,-72.4712905883789
969,0.9699699878692627,88.83431243896484,-0.00022687678574584424,0.014735809527337551,-69.4564208984375
970,0.9709709882736206,88.90968322753906,-0.00022433711274061352,0.013505627401173115,-63.93658447265625
971,0.9719719886779785,88.98513793945312,-0.00022270958288572729,0.013056120835244656,-61.86647415161133
972,0.9729729890823364,89.06063842773438,-0.0002227987424703315,0.013920553959906101,-65.7278823852539
973,0.9739739894866943,89.13619995117188,-0.00022105284733697772,0.013725779950618744,-64.96073150634766
974,0.9749749898910522,89.21183776855469,-0.00021943755564279854,0.013409070670604706,-63.72793197631836
975,0.9759759902954102,89.28753662109375,-0.00021934189135208726,0.013692724518477917,-65.23070526123047
976,0.9769769906997681,89.36328887939453,-0.00021622572967316955,0.012918822467327118,-61.75223159790039
977,0.977977991104126,89.43911743164062,-0.00021504683536477387,0.012817478738725185,-61.32278823852539
978,0.9789789915084839,89.5150146484375,-0.00021621704217977822,0.013566049747169018,-64.8304443359375
979,0.9799799919128418,89.59095764160156,-0.00021837541135028005,0.014532244764268398,-69.3492202758789
980,0.9809809923171997,89.66697692871094,-0.00021777290385216475,0.01452499907463789,-69.44271087646484
981,0.9819819927215576,89.7430648803711,-0.00021572258265223354,0.014052057638764381,-67.43563842773438
982,0.9829829931259155,89.81920623779297,-0.00021499501599464566,0.01403864473104477,-67.671875
983,0.9839839935302734,89.89541625976562,-0.000213742780033499,0.013782103545963764,-66.76954650878906
984,0.9849849939346313,89.97168731689453,-0.00021278386702761054,0.013521012850105762,-65.78137969970703
985,0.9859859943389893,90.04803466796875,-0.0002132593363057822,0.013641666620969772,-66.4975814819336
986,0.9869869947433472,90.12445068359375,-0.00021433498477563262,0.013895297423005104,-67.78255462646484
987,0.9879879951477051,90.20091247558594,-0.00021231472783256322,0.013201460242271423,-64.6535873413086
988,0.988988995552063,90.27745819091797,-0.0002144456811947748,0.013662376441061497,-66.95036315917969
989,0.9899899959564209,90.35404968261719,-0.00021252169972285628,0.012985645793378353,-63.932064056396484
990,0.9909909963607788,90.43071746826172,-0.00021259707864373922,0.013114378787577152,-64.70482635498047
991,0.9919919967651367,90.5074462890625,-0.00021235868916846812,0.0132130803540349,-65.30786895751953
992,0.9929929971694946,90.58423614501953,-0.00021025525347795337,0.012590117752552032,-62.49275207519531
993,0.9939939975738525,90.6611099243164,-0.00020892423344776034,0.01213367935270071,-60.40342712402344
994,0.9949949979782104,90.73802947998047,-0.00020825448154937476,0.011712993495166302,-58.444583892822266
995,0.9959959983825684,90.81501770019531,-0.00020783074432983994,0.011458013206720352,-57.26511764526367
996,0.9969969987869263,90.89208221435547,-0.00020761301857419312,0.011702464893460274,-58.40489196777344
997,0.9979979991912842,90.96920013427734,-0.00020933826453983784,0.012432613410055637,-61.856101989746094
998,0.9989989995956421,91.04638671875,-0.00021066609770059586,0.011663193814456463,-58.15747833251953
999,1.0,91.12364959716797,-0.0002182793105021119,0.01234703604131937,-61.303802490234375
