index,timestep,Diffusion_Coeff,Divergence,score,pos
0,0.0,39.05299377441406,-0.007385258562862873,-0.10299354046583176,-21.509357452392578
1,0.0010010009864345193,39.08612823486328,-0.0009227419504895806,-0.11581866443157196,-19.6614933013916
2,0.0020020019728690386,39.11929702758789,0.0018664016388356686,-0.11638987809419632,-19.259977340698242
3,0.0030030030757188797,39.15248489379883,0.01234770379960537,-0.1067696213722229,-17.906444549560547
4,0.004004003945738077,39.185707092285156,0.02587606944143772,-0.07594380527734756,-16.32918357849121
5,0.005005004815757275,39.218955993652344,0.03127444535493851,-0.052037209272384644,-15.48964786529541
6,0.006006006151437759,39.25223159790039,0.028346147388219833,-0.06672462075948715,-15.934679985046387
7,0.007007007021456957,39.28553771972656,0.027467042207717896,-0.07034635543823242,-16.00735092163086
8,0.008008007891476154,39.31887435913086,0.026705946773290634,-0.07334886491298676,-16.078643798828125
9,0.009009009227156639,39.352237701416016,0.03486618772149086,-0.0007702538277953863,-13.849624633789062
10,0.01001000963151455,39.38562774658203,0.0326889343559742,-0.03985385224223137,-15.03144645690918
11,0.011011010967195034,39.41904830932617,0.027401411905884743,-0.06933517009019852,-16.03337860107422
12,0.012012012302875519,39.452491760253906,0.03361367806792259,-0.01029819156974554,-14.177043914794922
13,0.013013012707233429,39.48596954345703,0.033151425421237946,0.016418393701314926,-13.393000602722168
14,0.014014014042913914,39.51947021484375,0.032224345952272415,-0.016729727387428284,-14.381879806518555
15,0.015015014447271824,39.55300521850586,0.027164217084646225,-0.05305112153291702,-15.568307876586914
16,0.01601601578295231,39.58656692504883,0.02106158621609211,-0.06861207634210587,-16.297842025756836
17,0.01701701618731022,39.620155334472656,0.01640922948718071,-0.07409621775150299,-16.763277053833008
18,0.018018018454313278,39.653770446777344,0.02729385904967785,-0.025330234318971634,-14.692604064941406
19,0.01901901885867119,39.68742370605469,0.019817335531115532,-0.057028915733098984,-16.097728729248047
20,0.0200200192630291,39.721092224121094,0.022259332239627838,-0.04407400265336037,-15.617585182189941
21,0.021021021530032158,39.754798889160156,0.026195665821433067,-0.008720675483345985,-14.268366813659668
22,0.022022021934390068,39.78852844238281,0.02268446609377861,-0.03336799144744873,-15.336552619934082
23,0.023023022338747978,39.82229232788086,0.0241739209741354,0.01728450506925583,-13.30872631072998
24,0.024024024605751038,39.8560791015625,0.021137695759534836,0.03310393914580345,-12.577954292297363
25,0.025025025010108948,39.889896392822266,0.019044606015086174,0.03646286949515343,-12.294730186462402
26,0.026026025414466858,39.92374801635742,0.021098345518112183,0.010339084081351757,-13.466605186462402
27,0.027027025818824768,39.95762252807617,0.019325222820043564,0.01882389932870865,-12.944355010986328
28,0.028028028085827827,39.99152755737305,0.017911270260810852,0.022781195119023323,-12.604842185974121
29,0.029029028490185738,40.02545928955078,0.01783369667828083,-0.008856249041855335,-14.228873252868652
30,0.030030028894543648,40.05942153930664,0.01688637211918831,-0.011261848732829094,-14.320527076721191
31,0.031031031161546707,40.093414306640625,0.017057355493307114,0.013060720637440681,-12.872818946838379
32,0.03203203156590462,40.1274299621582,0.01555397268384695,-0.012590166181325912,-14.429869651794434
33,0.03303303197026253,40.16147994995117,0.010445810854434967,-0.03489038720726967,-16.18854331970215
34,0.03403403237462044,40.195556640625,0.006141377612948418,-0.045676339417696,-17.540611267089844
35,0.03503503277897835,40.22966384887695,0.006265404634177685,-0.04561612010002136,-17.59723663330078
36,0.036036036908626556,40.263797760009766,0.0024845805019140244,-0.05055395886301994,-18.989303588867188
37,0.03703703731298447,40.29795837402344,0.0054544927552342415,-0.04537210986018181,-17.96758460998535
38,0.03803803771734238,40.3321533203125,0.007255096919834614,-0.03985711932182312,-17.31589698791504
39,0.03903903812170029,40.36637878417969,0.00499098002910614,-0.04253999516367912,-18.025894165039062
40,0.0400400385260582,40.40062713623047,0.0027221853379160166,-0.04344422370195389,-18.836463928222656
41,0.04104103893041611,40.434906005859375,-1.0217088856734335e-05,-0.04232334345579147,-20.234378814697266
42,0.042042043060064316,40.469215393066406,-0.0015231352299451828,-0.03810374066233635,-21.594635009765625
43,0.043043043464422226,40.50355529785156,-0.0008716259035281837,-0.036577075719833374,-20.988948822021484
44,0.044044043868780136,40.53792190551758,0.00026381976203992963,-0.03543869033455849,-20.001554489135742
45,0.045045044273138046,40.572322845458984,-0.00021178950555622578,-0.034855425357818604,-20.431636810302734
46,0.046046044677495956,40.606746673583984,-0.000647657725494355,-0.034163836389780045,-20.88442039489746
47,0.04704704508185387,40.641197204589844,-0.0007748688221909106,-0.03368539735674858,-21.060474395751953
48,0.048048049211502075,40.67568588256836,0.005712009966373444,-0.023898635059595108,-16.687143325805664
49,0.049049049615859985,40.71019744873047,0.005616063252091408,-0.02291986159980297,-16.67624855041504
50,0.050050050020217896,40.7447395324707,0.005580591969192028,-0.02122621424496174,-16.590133666992188
51,0.051051050424575806,40.77931213378906,0.008000865578651428,-0.0038863131776452065,-14.305251121520996
52,0.052052050828933716,40.81391143798828,0.007543409243226051,-0.00228433427400887,-14.170705795288086
53,0.053053051233291626,40.84854507446289,0.007229888811707497,0.0064767226576805115,-13.02419662475586
54,0.054054051637649536,40.88320541381836,0.006850712932646275,0.0013511852594092488,-13.745624542236328
55,0.055055055767297745,40.91789627075195,0.005745436996221542,-0.006639128550887108,-15.038711547851562
56,0.056056056171655655,40.952613830566406,0.005095448344945908,-0.008384345099329948,-15.42273998260498
57,0.057057056576013565,40.987361907958984,0.005227191373705864,-0.005872473586350679,-14.95638656616211
58,0.058058056980371475,41.02214431762695,0.005336151458323002,-0.0035597248934209347,-14.494607925415039
59,0.059059057384729385,41.056949615478516,0.004109482280910015,-0.009517247788608074,-15.64743423461914
60,0.060060057789087296,41.0917854309082,0.003436451079323888,-0.011116166599094868,-15.944108963012695
61,0.061061061918735504,41.12665557861328,0.003890653606504202,-0.00792037695646286,-14.849733352661133
62,0.062062062323093414,41.16154479980469,0.002474235836416483,-0.012637072242796421,-16.11936378479004
63,0.06306306272745132,41.19647216796875,0.0016164070693776011,-0.014545967802405357,-16.954042434692383
64,0.06406406313180923,41.23143005371094,0.002440330106765032,-0.011752165853977203,-15.543129920959473
65,0.06506506353616714,41.266414642333984,0.003352841129526496,-0.007250410970300436,-14.013967514038086
66,0.06606606394052505,41.301429748535156,0.0034959735348820686,-0.005387953016906977,-13.54714584350586
67,0.06706706434488297,41.33647537231445,0.0035698963329195976,-0.003228999674320221,-13.081254959106445
68,0.06806806474924088,41.37154769897461,0.003337282920256257,-0.002463560551404953,-13.015009880065918
69,0.06906906515359879,41.406654357910156,0.0031547166872769594,-0.0015325903659686446,-12.867616653442383
70,0.0700700655579567,41.44178771972656,0.002944506471976638,-0.0006355629884637892,-12.701360702514648
71,0.0710710734128952,41.476951599121094,0.002624808344990015,0.001815396943129599,-11.888516426086426
72,0.07207207381725311,41.512142181396484,0.0021252299193292856,-0.004887851420789957,-14.622897148132324
73,0.07307307422161102,41.547367095947266,0.0023323860950767994,0.0011179131688550115,-12.171850204467773
74,0.07407407462596893,41.582618713378906,0.002235603518784046,-0.0026613804511725903,-13.846386909484863
75,0.07507507503032684,41.61790466308594,0.0020727075170725584,-0.0038080508820712566,-14.44599723815918
76,0.07607607543468475,41.65321731567383,0.0023491529282182455,-0.0011050740722566843,-13.287182807922363
77,0.07707707583904266,41.688560485839844,0.002388513647019863,-0.0013869962422177196,-13.464702606201172
78,0.07807807624340057,41.72393035888672,0.002408526837825775,-0.0017953969072550535,-13.665923118591309
79,0.07907907664775848,41.75933074951172,0.002429142827168107,-0.0013195862993597984,-13.4528169631958
80,0.0800800770521164,41.794769287109375,0.0023570586927235126,-0.0017180321738123894,-13.571968078613281
81,0.0810810774564743,41.830230712890625,0.0017969318432733417,-0.005104769021272659,-15.108814239501953
82,0.08208207786083221,41.865726470947266,0.0017173736123368144,-0.005204443819820881,-15.102136611938477
83,0.08308307826519012,41.9012451171875,0.001770869712345302,-0.004615949001163244,-14.689962387084961
84,0.08408408612012863,41.93680191040039,0.00197218987159431,-0.001115758903324604,-12.764946937561035
85,0.08508508652448654,41.97238540649414,0.0019142949022352695,-0.00225752592086792,-13.258283615112305
86,0.08608608692884445,42.00799560546875,0.0017596527468413115,-0.0036322525702416897,-13.930033683776855
87,0.08708708733320236,42.043643951416016,0.0015915988478809595,-0.003977512009441853,-14.08792781829834
88,0.08808808773756027,42.079315185546875,0.001238261815160513,-0.005069958511739969,-14.841608047485352
89,0.08908908814191818,42.115020751953125,0.0010660529369488358,-0.005028912797570229,-14.839938163757324
90,0.09009008854627609,42.1507568359375,0.0012341549154371023,-0.0016822461038827896,-11.98806095123291
91,0.091091088950634,42.186519622802734,0.0010819961316883564,-0.0013593478361144662,-11.4140625
92,0.09209208935499191,42.22231674194336,0.0009501732420176268,-0.0015011680079624057,-11.123269081115723
93,0.09309308975934982,42.258140563964844,0.000783691881224513,-0.004186534788459539,-13.680896759033203
94,0.09409409016370773,42.29399490356445,0.0006292293546721339,-0.0044227419421076775,-13.966344833374023
95,0.09509509056806564,42.32988739013672,0.0004359481390565634,-0.004730061162263155,-14.614237785339355
96,0.09609609842300415,42.36580276489258,0.0003207583213225007,-0.004806892480701208,-15.032093048095703
97,0.09709709882736206,42.40175247192383,-0.00013260135892778635,-0.004904093220829964,-17.185813903808594
98,0.09809809923171997,42.4377326965332,-0.00010481263598194346,-0.004822887014597654,-17.103336334228516
99,0.09909909963607788,42.473731994628906,-0.0002638844307512045,-0.004530531819909811,-17.95071029663086
100,0.10010010004043579,42.5097770690918,-0.0005269022658467293,-0.003794774180278182,-19.485347747802734
101,0.1011011004447937,42.545841217041016,-0.0005656714783981442,-0.0035869497805833817,-19.741113662719727
102,0.10210210084915161,42.58195114135742,-0.00043273571645841,-0.003924737684428692,-18.93580436706543
103,0.10310310125350952,42.618080139160156,-0.0006694446783512831,-0.0030584062915295362,-20.404918670654297
104,0.10410410165786743,42.65423583984375,-0.0002550049393903464,-0.00421111099421978,-17.810224533081055
105,0.10510510206222534,42.6904296875,-0.00016824730846565217,-0.004294983111321926,-17.271080017089844
106,0.10610610246658325,42.726654052734375,0.00013129661965649575,-0.00426627928391099,-15.15890121459961
107,0.10710710287094116,42.762908935546875,0.00016655575018376112,-0.003958010580390692,-13.3803129196167
108,0.10810810327529907,42.799190521240234,9.141745249507949e-05,-0.004098525736480951,-14.316157341003418
109,0.10910911113023758,42.83551025390625,-7.270724745467305e-05,-0.004021088592708111,-11.642863273620605
110,0.11011011153459549,42.871856689453125,-0.0001351493556285277,-0.00409575505182147,-11.186267852783203
111,0.1111111119389534,42.90822982788086,-0.00040965332300402224,-0.004589022137224674,-9.032551765441895
112,0.11211211234331131,42.94463348388672,-0.000830585602670908,-0.0060403612442314625,-6.406174182891846
113,0.11311311274766922,42.9810791015625,-0.0008761734934523702,-0.006199838127940893,-5.859375953674316
114,0.11411411315202713,43.017547607421875,-0.000793339335359633,-0.00584763940423727,-5.926638603210449
115,0.11511511355638504,43.054054260253906,-0.0008261038456112146,-0.0061890557408332825,-5.336147785186768
116,0.11611611396074295,43.090579986572266,-0.000779650523327291,-0.00626186141744256,-5.333781719207764
117,0.11711711436510086,43.127140045166016,-0.000821337103843689,-0.0067999172024428844,-4.856266021728516
118,0.11811811476945877,43.16373825073242,-0.0011947248131036758,-0.009923309087753296,-1.8481812477111816
119,0.11911911517381668,43.20035934448242,-0.0013658012030646205,-0.01563030295073986,2.471493721008301
120,0.12012011557817459,43.23701477050781,-0.0013592186151072383,-0.015034438110888004,1.9914860725402832
121,0.1211211159825325,43.27370834350586,-0.0012884190073236823,-0.013949256390333176,1.066750407218933
122,0.12212212383747101,43.3104248046875,-0.001206838758662343,-0.015249106101691723,1.9439607858657837
123,0.12312312424182892,43.34716796875,-0.0011558609548956156,-0.013739812187850475,0.5385831594467163
124,0.12412412464618683,43.38395309448242,-0.0010930835269391537,-0.012539995834231377,-0.6181864738464355
125,0.12512512505054474,43.42076110839844,-0.0010548471473157406,-0.014231795445084572,0.9501563310623169
126,0.12612612545490265,43.45760726928711,-0.0010211250046268106,-0.013165323995053768,-0.045778870582580566
127,0.12712712585926056,43.494476318359375,-0.0009931710083037615,-0.013569233939051628,0.385256290435791
128,0.12812812626361847,43.5313835144043,-0.0009508144576102495,-0.014941615983843803,1.832298755645752
129,0.12912912666797638,43.56832504272461,-0.0009259589714929461,-0.015490732155740261,2.4635167121887207
130,0.1301301270723343,43.605289459228516,-0.0008818218484520912,-0.016545087099075317,3.646022081375122
131,0.1311311274766922,43.64228820800781,-0.0008588072378188372,-0.017066970467567444,4.233800411224365
132,0.1321321278810501,43.679317474365234,-0.000907351088244468,-0.01638762652873993,3.4875717163085938
133,0.13313312828540802,43.71638107299805,-0.0008004679111763835,-0.017470741644501686,4.869499206542969
134,0.13413412868976593,43.753475189208984,-0.0007520479848608375,-0.01756235957145691,5.170820236206055
135,0.13513512909412384,43.79059600830078,-0.0004462642828002572,-0.018467694520950317,7.559025764465332
136,0.13613612949848175,43.827762603759766,-0.0002714456641115248,-0.018303843215107918,8.692000389099121
137,0.13713712990283966,43.86494445800781,-0.0004036636673845351,-0.017469804733991623,7.47397518157959
138,0.13813813030719757,43.902164459228516,-0.00038939923979341984,-0.017288921400904655,7.606173992156982
139,0.13913913071155548,43.93941879272461,-0.0003398234839551151,-0.017361359670758247,8.145959854125977
140,0.1401401311159134,43.9766960144043,-0.00037875454290769994,-0.017244111746549606,7.869861602783203
141,0.1411411464214325,44.014015197753906,-0.00021083610772620887,-0.01776057295501232,9.392507553100586
142,0.1421421468257904,44.051361083984375,-0.00010902603389695287,-0.017968563362956047,10.168142318725586
143,0.14314314723014832,44.08873748779297,-0.0001760514423949644,-0.017841743305325508,9.6671781539917
144,0.14414414763450623,44.12614822387695,-1.9157887436449528e-06,-0.017894810065627098,10.77836799621582
145,0.14514514803886414,44.1635856628418,-0.00010085354733746499,-0.01772918924689293,10.082616806030273
146,0.14614614844322205,44.20106506347656,6.20213832007721e-05,-0.01749424636363983,11.081518173217773
147,0.14714714884757996,44.238563537597656,-1.6236688679782674e-05,-0.01717081479728222,10.55453872680664
148,0.14814814925193787,44.27610778808594,0.0004084285465069115,-0.016261598095297813,13.498313903808594
149,0.14914914965629578,44.31366729736328,0.0005921317497268319,-0.015321881510317326,14.942116737365723
150,0.1501501500606537,44.35126876831055,0.0005506896995939314,-0.01519051007926464,14.856581687927246
151,0.1511511504650116,44.38890075683594,0.000623706728219986,-0.014613949693739414,15.515411376953125
152,0.1521521508693695,44.426570892333984,0.00064666016260162,-0.014329025521874428,15.700088500976562
153,0.15315315127372742,44.464263916015625,0.0004983278922736645,-0.015024170279502869,14.339776039123535
154,0.15415415167808533,44.50199508666992,0.00011989731137873605,-0.01614135131239891,10.82455062866211
155,0.15515515208244324,44.53975296020508,8.418760262429714e-05,-0.016207246109843254,10.471713066101074
156,0.15615615248680115,44.57754898071289,-5.6646975281182677e-05,-0.016241153702139854,9.104997634887695
157,0.15715715289115906,44.6153678894043,-2.414022310404107e-05,-0.016259295865893364,9.588638305664062
158,0.15815815329551697,44.653228759765625,8.858810178935528e-05,-0.016231974586844444,11.022006034851074
159,0.15915915369987488,44.69111251831055,8.34590828162618e-05,-0.016229761764407158,11.285454750061035
160,0.1601601541042328,44.72903823852539,0.00012629732373170555,-0.016104791313409805,11.993674278259277
161,0.1611611545085907,44.76698684692383,0.00017861626110970974,-0.015930231660604477,12.646799087524414
162,0.1621621549129486,44.804969787597656,0.0003697058418765664,-0.015436309389770031,14.294182777404785
163,0.16316315531730652,44.842987060546875,0.0006809876649640501,-0.014249320141971111,16.51951026916504
164,0.16416415572166443,44.88103485107422,0.0004864330403506756,-0.01492229849100113,15.053565979003906
165,0.16516515612602234,44.91912078857422,0.0002989649074152112,-0.015261721797287464,13.516663551330566
166,0.16616615653038025,44.95723342895508,0.0007646340527571738,-0.012556768022477627,18.01559066772461
167,0.16716717183589935,44.99538040161133,0.0007658405229449272,-0.012000597082078457,18.56372833251953
168,0.16816817224025726,45.03356170654297,0.0007057359325699508,-0.012028067372739315,18.376941680908203
169,0.16916917264461517,45.071773529052734,0.0007252520881593227,-0.008991267532110214,22.31697654724121
170,0.17017017304897308,45.110015869140625,0.0007086502155289054,-0.010072119534015656,20.626232147216797
171,0.171171173453331,45.14828872680664,0.0006462938617914915,-0.010949264280498028,18.963088989257812
172,0.1721721738576889,45.18659973144531,0.0006598648615181446,-0.009839324280619621,20.276451110839844
173,0.17317317426204681,45.22494125366211,0.0006068031070753932,-0.010749273002147675,18.47037124633789
174,0.17417417466640472,45.2633171081543,0.0005478387465700507,-0.011130815371870995,17.407367706298828
175,0.17517517507076263,45.30172348022461,0.0005411565070971847,-0.009575089439749718,19.989891052246094
176,0.17617617547512054,45.34016036987305,0.0004685942258220166,-0.010035978630185127,19.15686798095703
177,0.17717717587947845,45.37863540649414,0.00041034375317394733,-0.01045982912182808,18.405925750732422
178,0.17817817628383636,45.41713333129883,0.0003993022255599499,-0.009412581101059914,21.343042373657227
179,0.17917917668819427,45.45567321777344,0.0004045161767862737,-0.009667972102761269,21.015289306640625
180,0.18018017709255219,45.49424362182617,0.00041683082235977054,-0.008980698883533478,22.80612564086914
181,0.1811811774969101,45.53284454345703,0.0004091450246050954,-0.008185812272131443,24.594213485717773
182,0.182182177901268,45.571475982666016,0.000363614788511768,-0.007345793303102255,26.34803581237793
183,0.18318317830562592,45.610145568847656,0.0003711396420840174,-0.007308862637728453,26.34896469116211
184,0.18418417870998383,45.64884567260742,0.00034537556348368526,-0.007348726969212294,26.551170349121094
185,0.18518517911434174,45.68758010864258,0.0001726363698253408,-0.006983452942222357,28.618452072143555
186,0.18618617951869965,45.726348876953125,4.082199666299857e-05,-0.007096037734299898,29.823606491088867
187,0.18718717992305756,45.76514434814453,-0.00022683200950268656,-0.007681387010961771,32.285911560058594
188,0.18818818032741547,45.803977966308594,-0.0002655952121131122,-0.008068704046308994,32.44981384277344
189,0.18918918073177338,45.84284210205078,-0.0002197676949435845,-0.00818350538611412,31.816022872924805
190,0.1901901811361313,45.881744384765625,-0.00025092059513553977,-0.008504893630743027,32.07442855834961
191,0.1911911815404892,45.92066955566406,-0.00013422107440419495,-0.008373386226594448,30.8267822265625
192,0.1921921968460083,45.95963668823242,-0.00020949693862348795,-0.008515279740095139,31.793516159057617
193,0.1931931972503662,45.99863052368164,-9.624169615563005e-05,-0.008175806142389774,30.73745346069336
194,0.19419419765472412,46.037662506103516,-0.00016046417295001447,-0.00809322576969862,31.568986892700195
195,0.19519519805908203,46.07672882080078,-0.00020960393885616213,-0.008042230270802975,32.12831497192383
196,0.19619619846343994,46.115821838378906,-0.0001333850232185796,-0.007826198823750019,31.350038528442383
197,0.19719719886779785,46.15495300292969,5.712583879358135e-05,-0.007725603878498077,29.217418670654297
198,0.19819819927215576,46.194114685058594,-0.00017521042900625616,-0.00792067963629961,31.68009376525879
199,0.19919919967651367,46.23331069946289,-8.550145867047831e-05,-0.007935012690722942,30.534875869750977
200,0.20020020008087158,46.27254104614258,-0.00021303958783391863,-0.00831653643399477,31.964385986328125
201,0.2012012004852295,46.31180191040039,-0.0003828871122095734,-0.009086553938686848,33.87498474121094
202,0.2022022008895874,46.35110092163086,-0.0004556237254291773,-0.009686030447483063,34.71078872680664
203,0.2032032012939453,46.39043045043945,-0.000442860706243664,-0.009882830083370209,34.640262603759766
204,0.20420420169830322,46.42979049682617,-0.00042027558083646,-0.00994073785841465,34.44644546508789
205,0.20520520210266113,46.46918487548828,-0.00019643831183202565,-0.0090932697057724,31.84461212158203
206,0.20620620250701904,46.50861740112305,1.2310358215472661e-05,-0.00872153602540493,29.255300521850586
207,0.20720720291137695,46.54807662963867,0.00015298067592084408,-0.008739881217479706,27.43022346496582
208,0.20820820331573486,46.58757400512695,0.00020539993420243263,-0.008794961497187614,26.75313377380371
209,0.20920920372009277,46.62710189819336,0.0002742726355791092,-0.009227956645190716,25.175989151000977
210,0.21021020412445068,46.666664123535156,0.00029460882069543004,-0.009623686783015728,24.156831741333008
211,0.2112112045288086,46.706260681152344,0.00032810753327794373,-0.0105537548661232,21.544342041015625
212,0.2122122049331665,46.74589157104492,0.0002807639539241791,-0.010104423388838768,23.211835861206055
213,0.21321320533752441,46.78555679321289,0.00021167246450204402,-0.009744532406330109,24.685365676879883
214,0.21421420574188232,46.825252532958984,0.00026717036962509155,-0.010150010697543621,22.64967918395996
215,0.21521520614624023,46.864990234375,0.0002985952014569193,-0.010472534224390984,21.211414337158203
216,0.21621620655059814,46.90475082397461,0.00031694365316070616,-0.010660444386303425,20.49163818359375
217,0.21721720695495605,46.94455337524414,0.0003375678206793964,-0.011293435469269753,18.62727165222168
218,0.21821822226047516,46.98438262939453,0.0003136348386760801,-0.011792982928454876,17.24300765991211
219,0.21921922266483307,47.024253845214844,0.0002692374400794506,-0.012150730937719345,16.10116958618164
220,0.22022022306919098,47.064151763916016,0.00025664694840088487,-0.011974011547863483,16.44641876220703
221,0.2212212234735489,47.104087829589844,0.00020625742035917938,-0.011949694715440273,15.836544036865234
222,0.2222222238779068,47.14405059814453,0.0001629667531233281,-0.011823159642517567,15.344019889831543
223,0.2232232242822647,47.18405532836914,0.0001124575937865302,-0.011741872876882553,14.401214599609375
224,0.22422422468662262,47.22409439086914,0.00013748978381045163,-0.011377213522791862,16.32516098022461
225,0.22522522509098053,47.264163970947266,0.00015568088565487415,-0.010841427370905876,19.595199584960938
226,0.22622622549533844,47.304264068603516,0.00014682261098641902,-0.01084820181131363,19.54900550842285
227,0.22722722589969635,47.34440231323242,0.0001351068785879761,-0.011056295596063137,18.06800651550293
228,0.22822822630405426,47.384578704833984,0.00015460536815226078,-0.010743650607764721,20.123538970947266
229,0.22922922670841217,47.424781799316406,0.0001716715923976153,-0.010638163425028324,20.580345153808594
230,0.23023022711277008,47.465023040771484,0.00018565525533631444,-0.010563076473772526,20.76970672607422
231,0.231231227517128,47.50529479980469,0.00017713234410621226,-0.01039175596088171,21.539257049560547
232,0.2322322279214859,47.54560470581055,0.00018607261881697923,-0.01057384442538023,20.472360610961914
233,0.2332332283258438,47.58594512939453,9.164029324892908e-05,-0.01007422897964716,23.9129695892334
234,0.23423422873020172,47.62632369995117,6.186511745909229e-05,-0.010126527398824692,24.281286239624023
235,0.23523522913455963,47.6667366027832,6.333042256301269e-05,-0.010256802663207054,23.51532554626465
236,0.23623622953891754,47.707176208496094,6.547028169734403e-05,-0.01035735197365284,22.61792755126953
237,0.23723722994327545,47.74766540527344,8.966156747192144e-05,-0.010586577467620373,19.475690841674805
238,0.23823823034763336,47.788177490234375,7.164906855905429e-05,-0.010437331162393093,20.823320388793945
239,0.23923923075199127,47.8287239074707,5.467707524076104e-05,-0.010388731956481934,21.545148849487305
240,0.24024023115634918,47.86930847167969,4.488457852858119e-05,-0.010431056842207909,21.32175064086914
241,0.2412412315607071,47.9099235534668,2.7885391318704933e-05,-0.010467108339071274,21.715240478515625
242,0.242242231965065,47.95058059692383,3.0107435122772586e-06,-0.010505395010113716,22.906461715698242
243,0.2432432323694229,47.99126052856445,-4.1298289943370037e-07,-0.01054166629910469,22.747947692871094
244,0.24424424767494202,48.031982421875,7.000029199843993e-06,-0.010555902495980263,22.241060256958008
245,0.24524524807929993,48.07273864746094,4.245278250891715e-05,-0.010619322769343853,20.200204849243164
246,0.24624624848365784,48.113529205322266,2.2845253624836914e-05,-0.010563499294221401,22.3449649810791
247,0.24724724888801575,48.154354095458984,6.035485785105266e-05,-0.010608263313770294,21.29356575012207
248,0.24824824929237366,48.19520950317383,0.00010771813686005771,-0.010710205882787704,20.044992446899414
249,0.24924924969673157,48.236106872558594,0.0001466975372750312,-0.011148015968501568,17.175748825073242
250,0.2502502501010895,48.277034759521484,0.0001519225916126743,-0.011356299743056297,16.545616149902344
251,0.2512512505054474,48.317996978759766,0.0001616122608538717,-0.0108188446611166,20.07032012939453
252,0.2522522509098053,48.35899353027344,0.00015555745630990714,-0.010955894365906715,19.123567581176758
253,0.2532532513141632,48.40003204345703,7.02676479704678e-05,-0.01061710249632597,22.043380737304688
254,0.2542542517185211,48.44109344482422,4.69866135972552e-05,-0.010710765607655048,21.474170684814453
255,0.25525525212287903,48.48219680786133,4.7334633563878015e-06,-0.010761830024421215,22.228633880615234
256,0.25625625252723694,48.52333450317383,-2.784104708553059e-06,-0.010815586894750595,20.733701705932617
257,0.25725725293159485,48.564510345458984,-1.5043499843159225e-05,-0.010795213282108307,18.848588943481445
258,0.25825825333595276,48.605712890625,-4.849195101996884e-05,-0.010866048745810986,21.241050720214844
259,0.25925925374031067,48.64695739746094,-6.391777424141765e-05,-0.010870486497879028,21.1904354095459
260,0.2602602541446686,48.688236236572266,-9.42724000196904e-05,-0.01096908189356327,22.842689514160156
261,0.2612612545490265,48.729549407958984,-0.00010310493962606415,-0.01093824952840805,23.198291778564453
262,0.2622622549533844,48.770896911621094,-8.386978879570961e-05,-0.010820912197232246,22.451696395874023
263,0.2632632553577423,48.812278747558594,-0.00010218238458037376,-0.010941638611257076,23.746601104736328
264,0.2642642557621002,48.85369110107422,-8.862198592396453e-05,-0.01089678704738617,23.56557846069336
265,0.26526525616645813,48.895145416259766,-5.391495142248459e-05,-0.010772665962576866,22.140365600585938
266,0.26626625657081604,48.93663787841797,-5.425640847533941e-05,-0.010799306444823742,22.589126586914062
267,0.26726725697517395,48.97815704345703,-7.058071787469089e-05,-0.010894179344177246,23.535625457763672
268,0.26826825737953186,49.01971435546875,-6.327242590487003e-05,-0.010905801318585873,22.978641510009766
269,0.26926925778388977,49.061309814453125,-0.00012141125625930727,-0.01124660111963749,25.839853286743164
270,0.2702702581882477,49.10293960571289,-0.00016987038543447852,-0.011640324257314205,27.573820114135742
271,0.2712712585926056,49.14460754394531,-0.00021139874297659844,-0.012051055207848549,28.755901336669922
272,0.2722722589969635,49.18630599975586,-0.00023810502898413688,-0.012393303215503693,29.19845199584961
273,0.2732732594013214,49.2280387878418,-0.00032574805663898587,-0.013516664505004883,32.249271392822266
274,0.2742742598056793,49.26980972290039,-0.0003303069097455591,-0.013718955218791962,32.103065490722656
275,0.27527526021003723,49.31161880493164,-0.0003198358463123441,-0.013659807853400707,31.248958587646484
276,0.27627626061439514,49.35345458984375,-0.00030901230638846755,-0.013505288399755955,30.247343063354492
277,0.27727726101875305,49.39533233642578,-0.00033910147612914443,-0.01411285437643528,31.877286911010742
278,0.27827826142311096,49.4372444152832,-0.00034471237449906766,-0.014313547872006893,32.37325668334961
279,0.27927926182746887,49.479190826416016,-0.00035738394944928586,-0.014675803482532501,33.3920783996582
280,0.2802802622318268,49.52117156982422,-0.00038832519203424454,-0.015323726460337639,35.289894104003906
281,0.2812812626361847,49.56319046020508,-0.0003845267347060144,-0.015244653448462486,35.17749786376953
282,0.282282292842865,49.60525131225586,-0.000340776372468099,-0.014448673464357853,32.83464431762695
283,0.2832832932472229,49.6473388671875,-0.0003129483375232667,-0.013978708535432816,31.11538314819336
284,0.2842842936515808,49.6894645690918,-0.0003766886657103896,-0.015303586609661579,34.712100982666016
285,0.2852852940559387,49.73162841796875,-0.0003937307628802955,-0.015660280361771584,35.4499397277832
286,0.28628629446029663,49.77382278442383,-0.0004076311597600579,-0.015917330980300903,36.022666931152344
287,0.28728729486465454,49.81605911254883,-0.0003881574375554919,-0.015445493161678314,35.01100540161133
288,0.28828829526901245,49.85832595825195,-0.00032383095822297037,-0.014025860466063023,31.338533401489258
289,0.28928929567337036,49.900630950927734,-0.0003407895565032959,-0.014272711239755154,32.35885238647461
290,0.29029029607772827,49.94297409057617,-0.00033899041591212153,-0.014205828309059143,32.28801345825195
291,0.2912912964820862,49.985355377197266,-0.0003001952718477696,-0.013382275588810444,29.635385513305664
292,0.2922922968864441,50.02776336669922,-0.00030176196014508605,-0.013382911682128906,29.429962158203125
293,0.293293297290802,50.07020950317383,-0.00030567217618227005,-0.01345762237906456,29.454143524169922
294,0.2942942976951599,50.11269760131836,-0.0002965163439512253,-0.013135540299117565,28.213275909423828
295,0.2952952980995178,50.155216217041016,-0.0003001149743795395,-0.013133914209902287,28.067564010620117
296,0.29629629850387573,50.197776794433594,-0.0003051139647141099,-0.013239413499832153,28.30270767211914
297,0.29729729890823364,50.2403678894043,-0.0003018779680132866,-0.013022052124142647,27.579402923583984
298,0.29829829931259155,50.282997131347656,-0.0003109609242528677,-0.013342916034162045,28.63709259033203
299,0.29929929971694946,50.32566452026367,-0.00031881657196208835,-0.013658913783729076,29.784189224243164
300,0.3003003001213074,50.36836242675781,-0.00030445324955508113,-0.013230789452791214,28.58157730102539
301,0.3013013005256653,50.41109848022461,-0.0003156032180413604,-0.013735044747591019,30.41888427734375
302,0.3023023009300232,50.45387649536133,-0.00030726089607924223,-0.013646867126226425,30.394227981567383
303,0.3033033013343811,50.49668502807617,-0.00028947507962584496,-0.013358840718865395,29.832805633544922
304,0.304304301738739,50.53953552246094,-0.0003102569899056107,-0.013751110062003136,31.495084762573242
305,0.3053053021430969,50.58241653442383,-0.00032541571999900043,-0.013922653160989285,32.372013092041016
306,0.30630630254745483,50.625335693359375,-0.00027518338174559176,-0.013161424547433853,30.15700912475586
307,0.30730730295181274,50.66829299926758,-0.000305627123452723,-0.013509807176887989,31.66751480102539
308,0.30830830335617065,50.71128463745117,-0.00030400208197534084,-0.013439500704407692,31.57796859741211
309,0.30930930376052856,50.754310607910156,-0.0002583024324849248,-0.012741637416183949,29.076038360595703
310,0.3103103041648865,50.79737854003906,-0.0003419653221499175,-0.013973413035273552,33.05721664428711
311,0.3113113045692444,50.840476989746094,-0.0003439564607106149,-0.014033800922334194,33.046791076660156
312,0.3123123049736023,50.88361358642578,-0.0003965180367231369,-0.015152652747929096,35.82853698730469
313,0.3133133053779602,50.92679214477539,-0.0003773501666728407,-0.014822125434875488,34.876644134521484
314,0.3143143057823181,50.97000503540039,-0.0003772274940274656,-0.014855952933430672,34.94364929199219
315,0.315315306186676,51.01325225830078,-0.00034149264683946967,-0.013956937938928604,32.37401580810547
316,0.31631630659103394,51.056541442871094,-0.00036663131322711706,-0.014625279232859612,34.31314468383789
317,0.31731730699539185,51.099857330322266,-0.00038315809797495604,-0.01504176389425993,35.51646041870117
318,0.31831830739974976,51.14321517944336,-0.000365579646313563,-0.014615883119404316,34.44789123535156
319,0.31931930780410767,51.186614990234375,-0.00034178319037891924,-0.014074184000492096,32.99082946777344
320,0.3203203082084656,51.23004913330078,-0.00033216422889381647,-0.013896813616156578,32.462223052978516
321,0.3213213086128235,51.27351379394531,-0.0003184234374202788,-0.013629422523081303,31.5826358795166
322,0.3223223090171814,51.317020416259766,-0.00031862189644016325,-0.013689451850950718,31.614957809448242
323,0.3233233094215393,51.36056137084961,-0.0003134531434625387,-0.013649583794176579,31.110929489135742
324,0.3243243098258972,51.40414047241211,-0.00031325698364526033,-0.013742813840508461,30.899784088134766
325,0.3253253102302551,51.44776153564453,-0.0003004574100486934,-0.013420461677014828,29.353866577148438
326,0.32632631063461304,51.49141311645508,-0.00032554473727941513,-0.014170943759381771,31.398868560791016
327,0.32732731103897095,51.53510284423828,-0.0003332069027237594,-0.01439848355948925,31.819087982177734
328,0.32832831144332886,51.578834533691406,-0.00033681406057439744,-0.014467998407781124,31.897985458374023
329,0.32932931184768677,51.622596740722656,-0.00034555725869722664,-0.014708309434354305,32.571144104003906
330,0.3303303122520447,51.66639709472656,-0.00038229202618822455,-0.015844805166125298,35.73418045043945
331,0.3313313126564026,51.71023941040039,-0.0003678784123621881,-0.015292187221348286,34.34234619140625
332,0.3323323130607605,51.754112243652344,-0.0003819322446361184,-0.015714006498456,35.5544548034668
333,0.3333333432674408,51.79802703857422,-0.00037124197115190327,-0.015243787318468094,34.46259307861328
334,0.3343343436717987,51.84197998046875,-0.0003546498774085194,-0.014478430151939392,32.47248077392578
335,0.3353353440761566,51.88597106933594,-0.00037024664925411344,-0.015192339196801186,34.40937423706055
336,0.3363363444805145,51.92999267578125,-0.0004121780802961439,-0.016561344265937805,37.933349609375
337,0.33733734488487244,51.974056243896484,-0.0004409527755342424,-0.017306488007307053,39.68129348754883
338,0.33833834528923035,52.018157958984375,-0.0005043023847974837,-0.018740961328148842,42.732845306396484
339,0.33933934569358826,52.06229782104492,-0.0005206901114434004,-0.01902318373322487,43.247928619384766
340,0.34034034609794617,52.106468200683594,-0.0005051812622696161,-0.01856170780956745,42.36467361450195
341,0.3413413465023041,52.15068054199219,-0.0005100357229821384,-0.018595531582832336,42.46558380126953
342,0.342342346906662,52.19493103027344,-0.0004910888383165002,-0.018189802765846252,41.6695556640625
343,0.3433433473110199,52.23921585083008,-0.00040960352635011077,-0.01638644188642502,37.63712692260742
344,0.3443443477153778,52.283546447753906,-0.0003677059430629015,-0.015300721861422062,34.704654693603516
345,0.3453453481197357,52.327911376953125,-0.00036183546762913465,-0.015130238607525826,34.118064880371094
346,0.34634634852409363,52.372310638427734,-0.0003728061565198004,-0.015507138334214687,35.08393478393555
347,0.34734734892845154,52.416744232177734,-0.00037334271473810077,-0.015521950088441372,35.03965759277344
348,0.34834834933280945,52.46122360229492,-0.0003867219784297049,-0.01605265401303768,36.28466033935547
349,0.34934934973716736,52.505733489990234,-0.00037590210558846593,-0.015718627721071243,35.237037658691406
350,0.35035035014152527,52.55028533935547,-0.0003448945935815573,-0.014322442002594471,31.28087043762207
351,0.3513513505458832,52.594879150390625,-0.000362219987437129,-0.015172089450061321,33.656986236572266
352,0.3523523509502411,52.639503479003906,-0.000340194848831743,-0.013986769132316113,30.33127784729004
353,0.353353351354599,52.68416976928711,-0.0003420894790906459,-0.014121036045253277,30.947996139526367
354,0.3543543517589569,52.72887420654297,-0.00033006808371283114,-0.01335713267326355,28.977767944335938
355,0.3553553521633148,52.77360916137695,-0.00034234701888635755,-0.01413696352392435,31.584484100341797
356,0.35635635256767273,52.81839370727539,-0.0003374026855453849,-0.013881412334740162,30.975658416748047
357,0.35735735297203064,52.86320495605469,-0.0003409908094909042,-0.01405819971114397,31.516080856323242
358,0.35835835337638855,52.90806198120117,-0.00031957862665876746,-0.012715390883386135,27.275049209594727
359,0.35935935378074646,52.95295333862305,-0.00032426632242277265,-0.012972444295883179,27.681793212890625
360,0.36036035418510437,52.99788284301758,-0.00032587628811597824,-0.012941231019794941,27.134357452392578
361,0.3613613545894623,53.0428581237793,-0.00032786146039143205,-0.013036863878369331,27.204723358154297
362,0.3623623549938202,53.087860107421875,-0.00032947887666523457,-0.013154057785868645,27.54509925842285
363,0.3633633553981781,53.13290786743164,-0.0003447424678597599,-0.014192783273756504,30.705703735351562
364,0.364364355802536,53.1779899597168,-0.0003436823608353734,-0.014127357862889767,30.574445724487305
365,0.3653653562068939,53.223114013671875,-0.00034473580308258533,-0.01418580673635006,30.69524383544922
366,0.36636635661125183,53.268272399902344,-0.0003627095138654113,-0.015099028125405312,33.18968200683594
367,0.36736735701560974,53.31346893310547,-0.00034824031172320247,-0.014298629015684128,30.925743103027344
368,0.36836835741996765,53.358707427978516,-0.0003504842461552471,-0.01441006176173687,31.306575775146484
369,0.36936935782432556,53.40398025512695,-0.0003479858278296888,-0.01420228835195303,30.750293731689453
370,0.37037035822868347,53.44929885864258,-0.0003487970388960093,-0.014240801334381104,30.888858795166016
371,0.3713713586330414,53.49464797973633,-0.00035605678567662835,-0.014757303521037102,32.41096115112305
372,0.3723723590373993,53.5400390625,-0.00036540639121085405,-0.015345074236392975,34.06417465209961
373,0.3733733594417572,53.58546829223633,-0.0003614028973970562,-0.015210947021842003,33.66522216796875
374,0.3743743598461151,53.63093566894531,-0.000371514935977757,-0.01578436978161335,35.12674331665039
375,0.375375360250473,53.67644500732422,-0.00036816360079683363,-0.01569509319961071,34.69306182861328
376,0.37637636065483093,53.721988677978516,-0.00037344888551160693,-0.016025561839342117,35.40422439575195
377,0.37737736105918884,53.76757049560547,-0.0003756331279873848,-0.0161737073212862,35.756752014160156
378,0.37837836146354675,53.813194274902344,-0.000382151803933084,-0.016500191763043404,36.64764404296875
379,0.37937936186790466,53.858856201171875,-0.00039175376878120005,-0.016947690397500992,37.918174743652344
380,0.3803803622722626,53.9045524597168,-0.000414860260207206,-0.017868515104055405,40.36836624145508
381,0.3813813626766205,53.950294494628906,-0.00042402022518217564,-0.01818796619772911,41.32435607910156
382,0.3823823630809784,53.996070861816406,-0.00043138148612342775,-0.01838739402592182,42.04887008666992
383,0.3833833634853363,54.04188919067383,-0.0004286798066459596,-0.018228476867079735,41.972442626953125
384,0.3843843936920166,54.08774185180664,-0.0004357021243777126,-0.018417103216052055,42.689796447753906
385,0.3853853940963745,54.133636474609375,-0.0004594883066602051,-0.01910039782524109,44.5111083984375
386,0.3863863945007324,54.1795654296875,-0.0005010345485061407,-0.02020583488047123,47.14809036254883
387,0.38738739490509033,54.22554016113281,-0.0005210975068621337,-0.020681191235780716,48.38825225830078
388,0.38838839530944824,54.271549224853516,-0.0005058898823335767,-0.02021431177854538,47.65790557861328
389,0.38938939571380615,54.317596435546875,-0.00045419600792229176,-0.018689977005124092,44.51560974121094
390,0.39039039611816406,54.363685607910156,-0.00043882097816094756,-0.01817544363439083,43.34243392944336
391,0.391391396522522,54.40981674194336,-0.00044071616139262915,-0.018221257254481316,43.31814956665039
392,0.3923923969268799,54.45597839355469,-0.00045869656605646014,-0.018817586824297905,44.350738525390625
393,0.3933933973312378,54.502193450927734,-0.000512308964971453,-0.020739302039146423,47.90043258666992
394,0.3943943977355957,54.54843521118164,-0.0005267183296382427,-0.02152641862630844,49.06382751464844
395,0.3953953981399536,54.59471893310547,-0.0005135847604833543,-0.021405702456831932,48.51165771484375
396,0.3963963985443115,54.64104080200195,-0.0005272976704873145,-0.022188473492860794,49.75597381591797
397,0.39739739894866943,54.68740463256836,-0.0004874436999671161,-0.02083384245634079,46.91287612915039
398,0.39839839935302734,54.73381042480469,-0.00048185413470491767,-0.02067059651017189,46.51996994018555
399,0.39939939975738525,54.780250549316406,-0.0004383061022963375,-0.018873054534196854,42.613460540771484
400,0.40040040016174316,54.82673263549805,-0.0004752084787469357,-0.02036401256918907,45.99738693237305
401,0.4014014005661011,54.87324905395508,-0.00044667263864539564,-0.019249452278017998,43.692691802978516
402,0.402402400970459,54.91980743408203,-0.0004779704031534493,-0.020509788766503334,46.53742218017578
403,0.4034034013748169,54.96641540527344,-0.000509834848344326,-0.02172676846385002,49.111141204833984
404,0.4044044017791748,55.01305389404297,-0.00047756897401995957,-0.020505070686340332,46.7734260559082
405,0.4054054021835327,55.059730529785156,-0.0004828629025723785,-0.020614836364984512,47.195674896240234
406,0.4064064025878906,55.106449127197266,-0.000519647088367492,-0.02186955139040947,49.88228988647461
407,0.40740740299224854,55.1532096862793,-0.0005074541550129652,-0.02143138088285923,49.18778610229492
408,0.40840840339660645,55.200008392333984,-0.00050182273844257,-0.021273495629429817,49.008148193359375
409,0.40940940380096436,55.24684524536133,-0.0005129803903400898,-0.021739764139056206,50.00604248046875
410,0.41041040420532227,55.293724060058594,-0.0005927785532549024,-0.0247050691395998,55.42768478393555
411,0.4114114046096802,55.340641021728516,-0.0006170138367451727,-0.025693129748106003,57.074249267578125
412,0.4124124050140381,55.38759231567383,-0.0006412161746993661,-0.02670292742550373,58.69735336303711
413,0.413413405418396,55.43458938598633,-0.0006235481705516577,-0.02580370381474495,57.290283203125
414,0.4144144058227539,55.481624603271484,-0.0005726059898734093,-0.023725951090455055,53.83258819580078
415,0.4154154062271118,55.52870178222656,-0.0005901546683162451,-0.024244554340839386,54.80012512207031
416,0.4164164066314697,55.5758171081543,-0.0005890839966014028,-0.024200303480029106,54.798030853271484
417,0.41741740703582764,55.62297439575195,-0.0005696536973118782,-0.023622702807188034,53.8494758605957
418,0.41841840744018555,55.67017364501953,-0.0005514476215466857,-0.023282792419195175,53.24458312988281
419,0.41941940784454346,55.71741485595703,-0.0005397156346589327,-0.023103412240743637,52.8730583190918
420,0.42042040824890137,55.764686584472656,-0.0005643186159431934,-0.024193886667490005,54.77714920043945
421,0.4214214086532593,55.81200408935547,-0.000555593054741621,-0.02381669171154499,54.018672943115234
422,0.4224224090576172,55.85935592651367,-0.0005557345575653017,-0.02372370846569538,53.73616027832031
423,0.4234234094619751,55.90675735473633,-0.0005397135973908007,-0.022914033383131027,52.15582275390625
424,0.424424409866333,55.954193115234375,-0.000517695676535368,-0.02202397771179676,50.422367095947266
425,0.4254254102706909,56.00166702270508,-0.0005061888368800282,-0.021786995232105255,49.87437438964844
426,0.42642641067504883,56.04918670654297,-0.0005100251873955131,-0.02221415936946869,50.6237907409668
427,0.42742741107940674,56.096744537353516,-0.0004535991174634546,-0.020014479756355286,46.00354766845703
428,0.42842841148376465,56.14434814453125,-0.0004807256627827883,-0.02129858359694481,48.757381439208984
429,0.42942941188812256,56.191978454589844,-0.00047061502118594944,-0.020825132727622986,47.806758880615234
430,0.43043041229248047,56.239662170410156,-0.00047826083027757704,-0.02106892690062523,48.41016387939453
431,0.4314314126968384,56.287384033203125,-0.0004817480512429029,-0.02112039178609848,48.65727233886719
432,0.4324324131011963,56.335140228271484,-0.0005032520275563002,-0.022130707278847694,50.84983825683594
433,0.4334334135055542,56.3829460144043,-0.0004932933370582759,-0.021866193041205406,50.468502044677734
434,0.4344344139099121,56.430782318115234,-0.0004623715067282319,-0.020604703575372696,47.9659538269043
435,0.43543541431427,56.478668212890625,-0.0004520491638686508,-0.020148146897554398,47.0977668762207
436,0.4364364445209503,56.526588439941406,-0.0004412380512803793,-0.01963030733168125,46.055763244628906
437,0.4374374449253082,56.574554443359375,-0.00042243622010573745,-0.018735099583864212,44.08713150024414
438,0.43843844532966614,56.62255859375,-0.00043516611913219094,-0.019289638847112656,45.48129653930664
439,0.43943944573402405,56.67060089111328,-0.00044207918108440936,-0.019557826220989227,46.20302963256836
440,0.44044044613838196,56.718685150146484,-0.00043867065687663853,-0.019412634894251823,45.95914077758789
441,0.44144144654273987,56.76681137084961,-0.00044139166129752994,-0.019555294886231422,46.29561233520508
442,0.4424424469470978,56.814979553222656,-0.0004539092187769711,-0.020200280472636223,47.64999771118164
443,0.4434434473514557,56.86318588256836,-0.00041862454963847995,-0.018695173785090446,44.05989456176758
444,0.4444444477558136,56.911434173583984,-0.00044233526568859816,-0.01980670541524887,46.55381774902344
445,0.4454454481601715,56.95972442626953,-0.00045213167322799563,-0.02027193084359169,47.58621597290039
446,0.4464464485645294,57.008056640625,-0.00042553653474897146,-0.019024409353733063,44.80128479003906
447,0.44744744896888733,57.056427001953125,-0.00040427056956104934,-0.017934883013367653,42.26616668701172
448,0.44844844937324524,57.10483932495117,-0.00039239367470145226,-0.017269710078835487,40.676212310791016
449,0.44944944977760315,57.153297424316406,-0.0003923596232198179,-0.017264176160097122,40.70227813720703
450,0.45045045018196106,57.20178985595703,-0.00040571350837126374,-0.018120894208550453,42.93836212158203
451,0.45145145058631897,57.25032424926758,-0.0004131245659664273,-0.01858012191951275,44.18927764892578
452,0.4524524509906769,57.29890060424805,-0.0004161049728281796,-0.01878375932574272,44.781192779541016
453,0.4534534513950348,57.3475227355957,-0.00041450237040407956,-0.018717704340815544,44.743675231933594
454,0.4544544517993927,57.396183013916016,-0.00044088016147725284,-0.020095422863960266,48.11442565917969
455,0.4554554522037506,57.444881439208984,-0.0004226861638016999,-0.01921677403151989,46.18958282470703
456,0.4564564526081085,57.49362564086914,-0.0004452485009096563,-0.02039814367890358,48.952335357666016
457,0.45745745301246643,57.54240417480469,-0.00045668467646464705,-0.021135130897164345,50.56904602050781
458,0.45845845341682434,57.59122848510742,-0.00044131919275969267,-0.020614394918084145,49.374671936035156
459,0.45945945382118225,57.640098571777344,-0.00045921345008537173,-0.021720651537179947,51.80038833618164
460,0.46046045422554016,57.68900680541992,-0.0004373931442387402,-0.020681098103523254,49.429595947265625
461,0.46146145462989807,57.73795700073242,-0.00046737174852751195,-0.02238285169005394,53.187129974365234
462,0.462462455034256,57.786949157714844,-0.00046583503717556596,-0.022375283762812614,53.17657470703125
463,0.4634634554386139,57.83598327636719,-0.0004734284011647105,-0.02284296415746212,54.19596862792969
464,0.4644644558429718,57.88505554199219,-0.00046819669660180807,-0.022537270560860634,53.56937026977539
465,0.4654654562473297,57.934165954589844,-0.00046324037248268723,-0.022241981700062752,52.978267669677734
466,0.4664664566516876,57.98332977294922,-0.0004564778646454215,-0.021995699033141136,52.50621795654297
467,0.46746745705604553,58.03252410888672,-0.0004490333376452327,-0.02170776203274727,51.9521598815918
468,0.46846845746040344,58.08176803588867,-0.00045744297676719725,-0.022296590730547905,53.33283233642578
469,0.46946945786476135,58.131046295166016,-0.0004468567785806954,-0.02176886983215809,52.2327766418457
470,0.47047045826911926,58.18037414550781,-0.0004504172829911113,-0.022006705403327942,52.79093551635742
471,0.4714714586734772,58.229740142822266,-0.0004390785179566592,-0.021338121965527534,51.265708923339844
472,0.4724724590778351,58.27914810180664,-0.00045305409003049135,-0.022028295323252678,52.76422882080078
473,0.473473459482193,58.32859802246094,-0.0004293755628168583,-0.020653529092669487,49.61562728881836
474,0.4744744598865509,58.37809371948242,-0.0004300756845623255,-0.020738868042826653,49.86091232299805
475,0.4754754602909088,58.42762756347656,-0.0004455896851141006,-0.021565699949860573,51.825870513916016
476,0.4764764606952667,58.47719955444336,-0.000443337659817189,-0.021304462105035782,51.28145217895508
477,0.47747746109962463,58.52682113647461,-0.00044891471043229103,-0.02138044312596321,51.47032928466797
478,0.47847846150398254,58.57647705078125,-0.0004611725453287363,-0.021847805008292198,52.490333557128906
479,0.47947946190834045,58.626182556152344,-0.0004534783074632287,-0.021251654252409935,51.2371940612793
480,0.48048046231269836,58.675926208496094,-0.00046568940160796046,-0.021944882348179817,52.85386657714844
481,0.4814814627170563,58.725711822509766,-0.0004565836861729622,-0.021624160930514336,52.27531051635742
482,0.4824824631214142,58.775543212890625,-0.00046448351349681616,-0.02227521687746048,53.79960632324219
483,0.4834834635257721,58.82541275024414,-0.0004485921817831695,-0.021489664912223816,52.1768798828125
484,0.48448446393013,58.875328063964844,-0.0004262654110789299,-0.020112615078687668,49.09384536743164
485,0.4854854643344879,58.92528533935547,-0.00044522323878481984,-0.02119268849492073,51.61093521118164
486,0.4864864647388458,58.97528076171875,-0.00045314879389479756,-0.021698065102100372,52.760475158691406
487,0.4874874949455261,59.025325775146484,-0.00045089528430253267,-0.021745024248957634,52.89078140258789
488,0.48848849534988403,59.07540512084961,-0.0004506079712882638,-0.021787917241454124,52.997589111328125
489,0.48948949575424194,59.12553024291992,-0.0004593427001964301,-0.022293733432888985,54.11875534057617
490,0.49049049615859985,59.17570114135742,-0.000444555189460516,-0.021446285769343376,52.27859878540039
491,0.49149149656295776,59.22591781616211,-0.0004377751029096544,-0.0210995152592659,51.483985900878906
492,0.4924924969673157,59.27616500854492,-0.0004485307727009058,-0.021865535527467728,53.20242691040039
493,0.4934934973716736,59.32646560668945,-0.00042976182885468006,-0.020639047026634216,50.41408157348633
494,0.4944944977760315,59.376800537109375,-0.0004274693492334336,-0.020466851070523262,50.047027587890625
495,0.4954954981803894,59.427181243896484,-0.0004294940154068172,-0.020578429102897644,50.3736572265625
496,0.4964964985847473,59.47761154174805,-0.0004305157926864922,-0.020672796294093132,50.65963363647461
497,0.4974974989891052,59.528072357177734,-0.0004230890772305429,-0.02028290368616581,49.871429443359375
498,0.49849849939346313,59.57858657836914,-0.00041820856858976185,-0.020095687359571457,49.585811614990234
499,0.49949949979782104,59.62913513183594,-0.00042054359801113605,-0.020355576649308205,50.33130645751953
500,0.500500500202179,59.67972946166992,-0.00041154632344841957,-0.019774025306105614,49.058860778808594
501,0.5015015006065369,59.73036575317383,-0.0004161397519055754,-0.02012847177684307,50.01948547363281
502,0.5025025010108948,59.78105163574219,-0.00041460187640041113,-0.019946785643696785,49.6678352355957
503,0.5035035014152527,59.83177947998047,-0.00040361174615100026,-0.019066430628299713,47.6278190612793
504,0.5045045018196106,59.88254165649414,-0.0004212482017464936,-0.020283052697777748,50.67509460449219
505,0.5055055022239685,59.93335723876953,-0.00043221807572990656,-0.021029258146882057,52.46738815307617
506,0.5065065026283264,59.98421096801758,-0.0004282134468667209,-0.020795365795493126,51.98143005371094
507,0.5075075030326843,60.03510665893555,-0.00044092664029449224,-0.02169976569712162,54.1137580871582
508,0.5085085034370422,60.08604431152344,-0.0004563411057461053,-0.022841056808829308,56.63825225830078
509,0.5095095038414001,60.13703155517578,-0.00043344058212824166,-0.021372241899371147,53.26467514038086
510,0.5105105042457581,60.18806076049805,-0.0004512700834311545,-0.02252962812781334,55.81288528442383
511,0.511511504650116,60.2391242980957,-0.0004586234863381833,-0.022985205054283142,56.76780700683594
512,0.5125125050544739,60.29024124145508,-0.0004465038073249161,-0.02210659347474575,54.76871109008789
513,0.5135135054588318,60.341392517089844,-0.0004289866192266345,-0.020963679999113083,52.122798919677734
514,0.5145145058631897,60.39259719848633,-0.00041982950642704964,-0.020330077037215233,50.57525634765625
515,0.5155155062675476,60.44384002685547,-0.00041429547127336264,-0.01988665759563446,49.473609924316406
516,0.5165165066719055,60.495121002197266,-0.00042816175846382976,-0.021093880757689476,52.31990432739258
517,0.5175175070762634,60.54645538330078,-0.00042364138062112033,-0.021106792613863945,52.477115631103516
518,0.5185185074806213,60.59783172607422,-0.00042199227027595043,-0.0213093850761652,53.15805435180664
519,0.5195195078849792,60.64924621582031,-0.00039981535519473255,-0.019580040127038956,49.106605529785156
520,0.5205205082893372,60.700706481933594,-0.00039222059422172606,-0.019047811627388,47.94029998779297
521,0.5215215086936951,60.75221252441406,-0.0003793340583797544,-0.017942938953638077,45.236595153808594
522,0.522522509098053,60.80376434326172,-0.0003803165745921433,-0.0181425828486681,45.861656188964844
523,0.5235235095024109,60.85535430908203,-0.0003757375234272331,-0.017801998183131218,45.0899543762207
524,0.5245245099067688,60.90699005126953,-0.0003765192232094705,-0.018006855621933937,45.7317008972168
525,0.5255255103111267,60.95866775512695,-0.0003849328786600381,-0.01890769973397255,48.092430114746094
526,0.5265265107154846,61.01039123535156,-0.0003831020731013268,-0.01877947337925434,47.71193313598633
527,0.5275275111198425,61.06216049194336,-0.000380573736038059,-0.018547216430306435,47.04164123535156
528,0.5285285115242004,61.11397171020508,-0.0003945401986129582,-0.019730480387806892,50.02731704711914
529,0.5295295119285583,61.165828704833984,-0.0003755397046916187,-0.017947036772966385,45.38328170776367
530,0.5305305123329163,61.21773147583008,-0.0003775223740376532,-0.01808403618633747,45.820186614990234
531,0.5315315127372742,61.26966857910156,-0.0003827599575743079,-0.01862437091767788,47.375999450683594
532,0.5325325131416321,61.3216552734375,-0.0003983528586104512,-0.0200973991304636,51.33226013183594
533,0.53353351354599,61.373695373535156,-0.00040095834992825985,-0.0203689057379961,52.175209045410156
534,0.5345345139503479,61.4257698059082,-0.0003918147995136678,-0.019523780792951584,50.133140563964844
535,0.5355355143547058,61.47788619995117,-0.0003796344972215593,-0.018397729843854904,47.19596481323242
536,0.5365365147590637,61.530052185058594,-0.0003694033657666296,-0.017303649336099625,44.20347595214844
537,0.5375375151634216,61.5822639465332,-0.0003650889848358929,-0.016764668747782707,42.56420135498047
538,0.5385385155677795,61.63451385498047,-0.00036140630254521966,-0.016393249854445457,41.46195602416992
539,0.5395395755767822,61.68681716918945,-0.0003545226063579321,-0.015572240576148033,39.1599006652832
540,0.5405405759811401,61.73915481567383,-0.0003477220598142594,-0.014736853539943695,36.81178665161133
541,0.541541576385498,61.791542053222656,-0.0003448852221481502,-0.014551832340657711,36.354984283447266
542,0.542542576789856,61.843971252441406,-0.0003391319769434631,-0.014019905589520931,34.8588981628418
543,0.5435435771942139,61.89645004272461,-0.0003398199623916298,-0.014352967031300068,35.87553405761719
544,0.5445445775985718,61.94896697998047,-0.000334187934640795,-0.013747207820415497,34.08686447143555
545,0.5455455780029297,62.001529693603516,-0.0003348667814861983,-0.014176761731505394,35.39225769042969
546,0.5465465784072876,62.05413818359375,-0.0003352953353896737,-0.014503447338938713,36.3392448425293
547,0.5475475788116455,62.10679244995117,-0.000337698933435604,-0.015086446888744831,38.009334564208984
548,0.5485485792160034,62.159488677978516,-0.00033659907057881355,-0.01496589183807373,37.56809616088867
549,0.5495495796203613,62.21223068237305,-0.0003368092584423721,-0.015003601089119911,37.59511184692383
550,0.5505505800247192,62.26502227783203,-0.0003358693211339414,-0.014281992800533772,35.35489273071289
551,0.5515515804290771,62.31785202026367,-0.0003394540399312973,-0.015258396044373512,38.151519775390625
552,0.5525525808334351,62.3707275390625,-0.0003398986882530153,-0.015024189837276936,37.41070556640625
553,0.553553581237793,62.42365264892578,-0.0003417214611545205,-0.01571275293827057,39.4945068359375
554,0.5545545816421509,62.476619720458984,-0.00034259376116096973,-0.01607588119804859,40.67787170410156
555,0.5555555820465088,62.52962875366211,-0.0003422049921937287,-0.01606881245970726,40.84027862548828
556,0.5565565824508667,62.58268737792969,-0.00034335273085162044,-0.016290301457047462,41.6937370300293
557,0.5575575828552246,62.63578796386719,-0.00034358244738541543,-0.016266649588942528,41.85374069213867
558,0.5585585832595825,62.688934326171875,-0.0003453998942859471,-0.01642981730401516,42.61317443847656
559,0.5595595836639404,62.74212646484375,-0.0003444711328484118,-0.016185512766242027,42.1898078918457
560,0.5605605840682983,62.79536437988281,-0.0003460500738583505,-0.016171837225556374,42.385433197021484
561,0.5615615844726562,62.8486442565918,-0.0003559738979674876,-0.017078150063753128,45.15972137451172
562,0.5625625848770142,62.901973724365234,-0.00036658806493505836,-0.018138103187084198,48.22311019897461
563,0.5635635852813721,62.955345153808594,-0.00036439549876376987,-0.0180136039853096,48.004276275634766
564,0.56456458568573,63.008766174316406,-0.000369070447050035,-0.0184943750500679,49.39266586303711
565,0.5655655860900879,63.062225341796875,-0.0003662896924652159,-0.018206406384706497,48.61565399169922
566,0.5665665864944458,63.11573791503906,-0.0003601586213335395,-0.017602544277906418,46.99348068237305
567,0.5675675868988037,63.16929244995117,-0.00036003399873152375,-0.017659299075603485,47.23712158203125
568,0.5685685873031616,63.2228889465332,-0.000347109540598467,-0.01631094142794609,43.39727020263672
569,0.5695695877075195,63.27653503417969,-0.00035199051490053535,-0.016875192523002625,44.87977981567383
570,0.5705705881118774,63.33022689819336,-0.00034265517024323344,-0.015413470566272736,40.433162689208984
571,0.5715715885162354,63.38396072387695,-0.0003509490634314716,-0.016256898641586304,42.646217346191406
572,0.5725725889205933,63.437744140625,-0.0003507494111545384,-0.016044216230511665,41.938106536865234
573,0.5735735893249512,63.4915657043457,-0.0003479470033198595,-0.015493081882596016,40.29955291748047
574,0.5745745897293091,63.545440673828125,-0.0003476026759017259,-0.015310130082070827,39.81367111206055
575,0.575575590133667,63.599361419677734,-0.0003533999843057245,-0.016020730137825012,41.99039077758789
576,0.5765765905380249,63.65332794189453,-0.00035628656041808426,-0.016452504321932793,43.483028411865234
577,0.5775775909423828,63.707332611083984,-0.00035311869578436017,-0.016026832163333893,42.57490539550781
578,0.5785785913467407,63.761390686035156,-0.0003576841554604471,-0.016606304794549942,44.4653434753418
579,0.5795795917510986,63.815494537353516,-0.00035595789086073637,-0.016413236036896706,44.14604568481445
580,0.5805805921554565,63.8696403503418,-0.00034766504541039467,-0.015524588525295258,41.78724670410156
581,0.5815815925598145,63.92383575439453,-0.00035254022805020213,-0.016382962465286255,44.29227066040039
582,0.5825825929641724,63.97807693481445,-0.0003495759447105229,-0.016398753970861435,44.3200798034668
583,0.5835835933685303,64.03236389160156,-0.0003578381147235632,-0.018021496012806892,48.80424880981445
584,0.5845845937728882,64.0866928100586,-0.0003535272553563118,-0.017717381939291954,47.755088806152344
585,0.5855855941772461,64.14107513427734,-0.00034428059007041156,-0.0164512749761343,43.88262939453125
586,0.586586594581604,64.19549560546875,-0.00034099118784070015,-0.016012655571103096,42.49307632446289
587,0.5875875949859619,64.24996948242188,-0.0003385916934348643,-0.015629731118679047,41.39665985107422
588,0.5885885953903198,64.30448150634766,-0.0003400779387447983,-0.015907568857073784,42.311988830566406
589,0.5895895957946777,64.35903930664062,-0.00034481624606996775,-0.016761204227805138,45.00901412963867
590,0.5905905961990356,64.41365814208984,-0.00034267932642251253,-0.016457069665193558,44.36931610107422
591,0.5915915966033936,64.46830749511719,-0.0003448421775829047,-0.016773313283920288,45.548587799072266
592,0.5925925970077515,64.52301025390625,-0.0003492214600555599,-0.017641624435782433,48.31068801879883
593,0.5935935974121094,64.5777587890625,-0.0003417142725083977,-0.016772093251347542,46.01697540283203
594,0.5945945978164673,64.63255310058594,-0.00033690454438328743,-0.016145555302500725,44.327911376953125
595,0.5955955982208252,64.68739318847656,-0.00033456608070991933,-0.015738772228360176,43.245304107666016
596,0.5965965986251831,64.74227905273438,-0.0003308427694719285,-0.015013420954346657,41.23643112182617
597,0.597597599029541,64.7972183227539,-0.0003342337440699339,-0.015512160025537014,43.027923583984375
598,0.5985985994338989,64.8521957397461,-0.000327095331158489,-0.014344175346195698,39.80366516113281
599,0.5995995998382568,64.9072265625,-0.00033146317582577467,-0.014726084657013416,41.12529754638672
600,0.6006006002426147,64.96229553222656,-0.0003381738788448274,-0.015532959252595901,43.483516693115234
601,0.6016016006469727,65.01741790771484,-0.0003342949494253844,-0.014966435730457306,41.55806350708008
602,0.6026026010513306,65.07258605957031,-0.0003388081968296319,-0.015628179535269737,43.184410095214844
603,0.6036036014556885,65.12779998779297,-0.0003369994810782373,-0.015482740476727486,42.51521682739258
604,0.6046046018600464,65.18305969238281,-0.0003443701134528965,-0.01693853735923767,46.663021087646484
605,0.6056056022644043,65.23836517333984,-0.0003454220714047551,-0.017466552555561066,48.28419876098633
606,0.6066066026687622,65.2937240600586,-0.0003477490390650928,-0.018157826736569405,50.42405700683594
607,0.6076076030731201,65.34912872314453,-0.0003543604980222881,-0.019265713170170784,53.73674392700195
608,0.608608603477478,65.40457916259766,-0.00035381290945224464,-0.019144302234053612,53.5274658203125
609,0.6096096038818359,65.46007537841797,-0.00035555774229578674,-0.0192785132676363,54.012001037597656
610,0.6106106042861938,65.51561737060547,-0.000357557088136673,-0.019523566588759422,54.86540222167969
611,0.6116116046905518,65.57120513916016,-0.00035843730438500643,-0.019811509177088737,55.96064376831055
612,0.6126126050949097,65.62684631347656,-0.0003553474962245673,-0.01974429003894329,56.05289840698242
613,0.6136136054992676,65.68252563476562,-0.0003538023156579584,-0.019856315106153488,56.55915832519531
614,0.6146146059036255,65.7382583618164,-0.0003440588479861617,-0.01897241547703743,54.133304595947266
615,0.6156156063079834,65.79403686523438,-0.0003375765518285334,-0.018375061452388763,52.45577621459961
616,0.6166166067123413,65.84986877441406,-0.0003444693866185844,-0.019376004114747047,55.433753967285156
617,0.6176176071166992,65.9057388305664,-0.00034059787867590785,-0.018849216401576996,53.860694885253906
618,0.6186186075210571,65.96166229248047,-0.0003391994978301227,-0.018706008791923523,53.39053726196289
619,0.619619607925415,66.01763153076172,-0.0003428607014939189,-0.019205067306756973,54.7824592590332
620,0.620620608329773,66.07364654541016,-0.00034063865314237773,-0.018788399174809456,53.4449348449707
621,0.6216216087341309,66.12971496582031,-0.00035219447454437613,-0.02036823332309723,57.893245697021484
622,0.6226226091384888,66.18582916259766,-0.0003559903707355261,-0.020974742248654366,59.476097106933594
623,0.6236236095428467,66.24198150634766,-0.00036593462573364377,-0.022516371682286263,63.66581726074219
624,0.6246246099472046,66.29818725585938,-0.00035618466790765524,-0.0216811615973711,61.39009475708008
625,0.6256256103515625,66.35443878173828,-0.0003532242844812572,-0.021814614534378052,61.93085479736328
626,0.6266266107559204,66.4107437133789,-0.00035504763945937157,-0.022516414523124695,64.04185485839844
627,0.6276276111602783,66.46709442138672,-0.0003560041368473321,-0.022931216284632683,65.3485107421875
628,0.6286286115646362,66.52349090576172,-0.0003614880843088031,-0.0237643551081419,67.7273178100586
629,0.6296296119689941,66.57994079589844,-0.0003594268928281963,-0.023408085107803345,66.81314849853516
630,0.630630612373352,66.63642883300781,-0.00036361056845635176,-0.023904621601104736,68.24502563476562
631,0.63163161277771,66.6929702758789,-0.0003610635467339307,-0.023208022117614746,66.33906555175781
632,0.6326326131820679,66.74955749511719,-0.00036033138167113066,-0.022961927577853203,65.76374816894531
633,0.6336336135864258,66.80619812011719,-0.00036855420330539346,-0.02416139282286167,69.20974731445312
634,0.6346346139907837,66.86288452148438,-0.0003724946000147611,-0.024500945582985878,70.19861602783203
635,0.6356356143951416,66.91961669921875,-0.0003753245109692216,-0.024497533217072487,70.18871307373047
636,0.6366366147994995,66.97640228271484,-0.00037870375672355294,-0.024531271308660507,70.31954956054688
637,0.6376376152038574,67.0332260131836,-0.00038919615326449275,-0.025555135682225227,73.0521011352539
638,0.6386386156082153,67.0901107788086,-0.0003802738501690328,-0.024268006905913353,69.80903625488281
639,0.6396396160125732,67.14703369140625,-0.00038514973130077124,-0.024907294660806656,71.61042785644531
640,0.6406406164169312,67.20401000976562,-0.0003887037164531648,-0.025577232241630554,73.5013656616211
641,0.6416416764259338,67.26103210449219,-0.0003859354183077812,-0.02552921138703823,73.68197631835938
642,0.6426426768302917,67.31810760498047,-0.00038839009357616305,-0.026103882119059563,75.44155883789062
643,0.6436436772346497,67.37522888183594,-0.000387228443287313,-0.02617645263671875,76.01277160644531
644,0.6446446776390076,67.4323959350586,-0.0003741540131159127,-0.02448037452995777,71.94850158691406
645,0.6456456780433655,67.48960876464844,-0.00038355286233127117,-0.026336511597037315,77.22602844238281
646,0.6466466784477234,67.546875,-0.0003723885747604072,-0.024799663573503494,73.40251922607422
647,0.6476476788520813,67.60418701171875,-0.00036719790659844875,-0.024019092321395874,71.37815856933594
648,0.6486486792564392,67.66155242919922,-0.0003687507123686373,-0.02434099093079567,72.34408569335938
649,0.6496496796607971,67.71896362304688,-0.0003666593402158469,-0.024021903052926064,71.54341888427734
650,0.650650680065155,67.77642822265625,-0.00036452116910368204,-0.024074655026197433,71.82905578613281
651,0.6516516804695129,67.83393859863281,-0.00036376426578499377,-0.024218255653977394,72.2558364868164
652,0.6526526808738708,67.89148712158203,-0.00035743432817980647,-0.023262333124876022,69.51858520507812
653,0.6536536812782288,67.9490966796875,-0.0003578844480216503,-0.023385727778077126,69.7961654663086
654,0.6546546816825867,68.00675201416016,-0.0003525357460603118,-0.022629287093877792,67.6623764038086
655,0.6556556820869446,68.064453125,-0.000357525801518932,-0.023901714012026787,71.34345245361328
656,0.6566566824913025,68.1222152709961,-0.0003544586943462491,-0.023583849892020226,70.49932861328125
657,0.6576576828956604,68.18000793457031,-0.00035047554410994053,-0.02289699763059616,68.56472778320312
658,0.6586586833000183,68.23786163330078,-0.00035059041692875326,-0.02267397753894329,67.92208099365234
659,0.6596596837043762,68.29576110839844,-0.0003588242980185896,-0.02357630804181099,70.45669555664062
660,0.6606606841087341,68.35371398925781,-0.0003602184006012976,-0.023349091410636902,69.85242462158203
661,0.661661684513092,68.41171264648438,-0.00036153552355244756,-0.02326194941997528,69.7225341796875
662,0.66266268491745,68.46975708007812,-0.0003630402497947216,-0.02332695946097374,70.05412292480469
663,0.6636636853218079,68.5278549194336,-0.00035107502480968833,-0.021648792549967766,65.53759765625
664,0.6646646857261658,68.58599853515625,-0.0003381128772161901,-0.0199730321764946,60.74979782104492
665,0.6656656861305237,68.64419555664062,-0.0003411760844755918,-0.020917119458317757,63.50861358642578
666,0.6666666865348816,68.70243835449219,-0.00034245604183524847,-0.021681319922208786,65.66593933105469
667,0.6676676869392395,68.76073455810547,-0.00033741386141628027,-0.021202677860856056,64.18482208251953
668,0.6686686873435974,68.81907653808594,-0.00033275719033554196,-0.02064700797200203,62.52329635620117
669,0.6696696877479553,68.87747192382812,-0.0003360149567015469,-0.021663576364517212,65.5886459350586
670,0.6706706881523132,68.9359130859375,-0.0003349356702528894,-0.021630680188536644,65.52680969238281
671,0.6716716885566711,68.9944076538086,-0.0003385890740901232,-0.022539839148521423,68.33843994140625
672,0.672672688961029,69.05294799804688,-0.00034198645153082907,-0.023225123062729836,70.49463653564453
673,0.673673689365387,69.11154174804688,-0.0003380958514753729,-0.022040460258722305,67.12144470214844
674,0.6746746897697449,69.17018127441406,-0.00034083955688402057,-0.02223564125597477,67.8615493774414
675,0.6756756901741028,69.22887420654297,-0.00034817084087990224,-0.023628344759345055,72.20731353759766
676,0.6766766905784607,69.2876205444336,-0.00034478073939681053,-0.022962991148233414,70.67105102539062
677,0.6776776909828186,69.34640502929688,-0.0003401746798772365,-0.021889574825763702,67.81208801269531
678,0.6786786913871765,69.4052505493164,-0.00034282277920283377,-0.0222172774374485,68.92383575439453
679,0.6796796917915344,69.4641342163086,-0.00034485681680962443,-0.022487083449959755,69.79463195800781
680,0.6806806921958923,69.52307891845703,-0.00034682502155192196,-0.022673388943076134,70.3614501953125
681,0.6816816926002502,69.58206939697266,-0.0003505439672153443,-0.02337362803518772,72.4332504272461
682,0.6826826930046082,69.64111328125,-0.00035303502227179706,-0.024355055764317513,75.41095733642578
683,0.6836836934089661,69.7001953125,-0.00035310519160702825,-0.02497340366244316,77.33817291259766
684,0.684684693813324,69.75934600830078,-0.00035572846536524594,-0.025987880304455757,80.26354217529297
685,0.6856856942176819,69.81852722167969,-0.0003565928782336414,-0.0264693982899189,81.60826110839844
686,0.6866866946220398,69.87776947021484,-0.0003580758348107338,-0.027068093419075012,83.23680114746094
687,0.6876876950263977,69.93706512451172,-0.00035676287370733917,-0.026720654219388962,82.18667602539062
688,0.6886886954307556,69.99640655517578,-0.0003588368708733469,-0.027678942307829857,84.84636688232422
689,0.6896896958351135,70.05580139160156,-0.00035767402732744813,-0.028197618201375008,86.50936126708984
690,0.6906906962394714,70.11524200439453,-0.000354598683770746,-0.028558513149619102,87.9854965209961
691,0.6916916966438293,70.17473602294922,-0.00035296499845571816,-0.028721950948238373,88.76652526855469
692,0.6926926970481873,70.23428344726562,-0.0003568263491615653,-0.02978823333978653,91.75516510009766
693,0.6936936974525452,70.29387664794922,-0.00036234856816008687,-0.030379684641957283,93.11776733398438
694,0.6946946978569031,70.353515625,-0.0003681193629745394,-0.029958084225654602,91.39912414550781
695,0.695695698261261,70.41321563720703,-0.00037452293327078223,-0.03104817494750023,94.14399719238281
696,0.6966966986656189,70.47296142578125,-0.00037283229175955057,-0.031441014260053635,95.66163635253906
697,0.6976976990699768,70.53276062011719,-0.0003719276865012944,-0.03239148110151291,98.71141052246094
698,0.6986986994743347,70.59259796142578,-0.00036631309194490314,-0.031733885407447815,97.43189239501953
699,0.6996996998786926,70.65249633789062,-0.0003676249471027404,-0.03335346281528473,102.3239974975586
700,0.7007007002830505,70.71244812011719,-0.0003607003891374916,-0.0321749784052372,99.46212768554688
701,0.7017017006874084,70.77244567871094,-0.00036144632031209767,-0.03338572382926941,103.08956909179688
702,0.7027027010917664,70.83250427246094,-0.00036005867877975106,-0.03317509591579437,102.52101135253906
703,0.7037037014961243,70.8926010131836,-0.00036015408113598824,-0.03318982198834419,102.48583984375
704,0.7047047019004822,70.95275115966797,-0.00036337971687316895,-0.034498296678066254,106.26873779296875
705,0.7057057023048401,71.0129623413086,-0.0003598678740672767,-0.034027185291051865,105.25774383544922
706,0.706706702709198,71.07321166992188,-0.00036431668559089303,-0.035333044826984406,109.10387420654297
707,0.7077077031135559,71.1335220336914,-0.0003679294604808092,-0.03618434816598892,111.60884094238281
708,0.7087087035179138,71.19387817382812,-0.0003638705238699913,-0.03501633182168007,108.53924560546875
709,0.7097097039222717,71.25428771972656,-0.0003605150559451431,-0.03371176868677139,104.91567993164062
710,0.7107107043266296,71.31475067138672,-0.00036461203126236796,-0.03393068164587021,105.22644805908203
711,0.7117117047309875,71.37525939941406,-0.0003696387866511941,-0.034443531185388565,106.26608276367188
712,0.7127127051353455,71.4358139038086,-0.0003650276630651206,-0.033241480588912964,103.14139556884766
713,0.7137137055397034,71.4964370727539,-0.000364467065082863,-0.034094203263521194,106.01163482666016
714,0.7147147059440613,71.55709838867188,-0.0003626546240411699,-0.03419169783592224,106.60843658447266
715,0.7157157063484192,71.61781311035156,-0.00036215881118550897,-0.0344824492931366,107.50979614257812
716,0.7167167067527771,71.67858123779297,-0.0003593302972149104,-0.03449149429798126,107.83403015136719
717,0.717717707157135,71.7394027709961,-0.0003584484220482409,-0.034732285887002945,108.6051254272461
718,0.7187187075614929,71.8002700805664,-0.00036203445051796734,-0.035915784537792206,111.60222625732422
719,0.7197197079658508,71.86119842529297,-0.0003613426233641803,-0.03540425002574921,109.74525451660156
720,0.7207207083702087,71.92217254638672,-0.0003601387143135071,-0.03522122651338577,109.02091217041016
721,0.7217217087745667,71.98320007324219,-0.00035850380663760006,-0.035634346306324005,110.323974609375
722,0.7227227091789246,72.04427337646484,-0.000357736658770591,-0.03600574657320976,111.41498565673828
723,0.7237237095832825,72.10540771484375,-0.00035678723361343145,-0.03628215938806534,112.24116516113281
724,0.7247247099876404,72.16658782958984,-0.0003551182453520596,-0.036395441740751266,112.91710662841797
725,0.7257257103919983,72.22782135009766,-0.00035504152765497565,-0.03706764802336693,115.3454818725586
726,0.7267267107963562,72.28910827636719,-0.000355325173586607,-0.037921395152807236,118.572998046875
727,0.7277277112007141,72.3504409790039,-0.0003492319374345243,-0.03585698828101158,113.43328857421875
728,0.728728711605072,72.41183471679688,-0.00034854270052164793,-0.035803887993097305,113.90968322753906
729,0.7297297120094299,72.47327423095703,-0.00034655322087928653,-0.035287097096443176,112.97978973388672
730,0.7307307124137878,72.53477478027344,-0.0003443950554355979,-0.034511301666498184,110.989013671875
731,0.7317317128181458,72.59632110595703,-0.0003463131724856794,-0.03470959514379501,111.63951873779297
732,0.7327327132225037,72.65791320800781,-0.00035145803121849895,-0.035716183483600616,114.61936950683594
733,0.7337337136268616,72.71956634521484,-0.0003428546478971839,-0.03439147770404816,111.12684631347656
734,0.7347347140312195,72.78126525878906,-0.0003374126390554011,-0.03367874398827553,109.30323791503906
735,0.7357357144355774,72.84302520751953,-0.0003322779084555805,-0.03272606432437897,106.6082763671875
736,0.7367367148399353,72.90483093261719,-0.0003283633850514889,-0.03203630447387695,104.68930053710938
737,0.7377377152442932,72.96669006347656,-0.00032881874358281493,-0.032153259962797165,105.02803039550781
738,0.7387387156486511,73.02860260009766,-0.0003275250783190131,-0.03166472911834717,103.65547943115234
739,0.739739716053009,73.09056854248047,-0.00032752190600149333,-0.03141872584819794,103.01483154296875
740,0.7407407164573669,73.152587890625,-0.00032592398929409683,-0.03072291612625122,101.15616607666016
741,0.7417417168617249,73.21465301513672,-0.00032743538031354547,-0.031217196956276894,102.89002227783203
742,0.7427427172660828,73.27677917480469,-0.0003253246541135013,-0.029400452971458435,97.4058609008789
743,0.7437437772750854,73.33895874023438,-0.00032838573679327965,-0.029993649572134018,99.28308868408203
744,0.7447447776794434,73.40119171142578,-0.00032947486033663154,-0.029893577098846436,99.01486206054688
745,0.7457457780838013,73.46347045898438,-0.00032901117810979486,-0.02955719269812107,98.13748168945312
746,0.7467467784881592,73.52580261230469,-0.00032876082696020603,-0.02974308282136917,98.89481353759766
747,0.7477477788925171,73.58819580078125,-0.00032511516474187374,-0.028771156445145607,96.19371032714844
748,0.748748779296875,73.65062713623047,-0.0003225441323593259,-0.028662871569395065,96.12229919433594
749,0.7497497797012329,73.71311950683594,-0.0003191168652847409,-0.027308382093906403,91.9865951538086
750,0.7507507801055908,73.77567291259766,-0.00031773431692272425,-0.026840530335903168,90.40531158447266
751,0.7517517805099487,73.83826446533203,-0.00031925272196531296,-0.028252486139535904,94.5528335571289
752,0.7527527809143066,73.90092468261719,-0.0003218981437385082,-0.02934752218425274,97.50204467773438
753,0.7537537813186646,73.963623046875,-0.0003235581098124385,-0.029581120237708092,97.8457260131836
754,0.7547547817230225,74.02638244628906,-0.00032319047022610903,-0.029090698808431625,96.30443572998047
755,0.7557557821273804,74.08919525146484,-0.0003206338151358068,-0.028804028406739235,95.86238861083984
756,0.7567567825317383,74.15206146240234,-0.00031879666494205594,-0.02853316254913807,95.44393157958984
757,0.7577577829360962,74.21498107910156,-0.00031731996568851173,-0.02887151762843132,96.96160125732422
758,0.7587587833404541,74.2779541015625,-0.00031542725628241897,-0.027950342744588852,94.41181945800781
759,0.759759783744812,74.34097290039062,-0.0003153067082166672,-0.02768823876976967,93.75853729248047
760,0.7607607841491699,74.404052734375,-0.0003146656963508576,-0.026827329769730568,91.12260437011719
761,0.7617617845535278,74.4671859741211,-0.00031331696663983166,-0.026324927806854248,89.69216918945312
762,0.7627627849578857,74.53038024902344,-0.0003098255838267505,-0.025794897228479385,88.34598541259766
763,0.7637637853622437,74.59361267089844,-0.00030574394622817636,-0.02492871880531311,85.89312744140625
764,0.7647647857666016,74.65690612792969,-0.00030321982922032475,-0.02457333169877529,85.0176010131836
765,0.7657657861709595,74.72025299072266,-0.00030093552777543664,-0.024050377309322357,83.5166244506836
766,0.7667667865753174,74.78365325927734,-0.00029561680275946856,-0.022599855437874794,78.81293487548828
767,0.7677677869796753,74.84710693359375,-0.00029642967274412513,-0.023220892995595932,81.04195404052734
768,0.7687687873840332,74.91061401367188,-0.0002971896610688418,-0.024110808968544006,84.22605895996094
769,0.7697697877883911,74.97418212890625,-0.0002930527552962303,-0.023249629884958267,81.3781509399414
770,0.770770788192749,75.03779602050781,-0.00029808253748342395,-0.02482418157160282,86.62606811523438
771,0.7717717885971069,75.1014633178711,-0.00029672589153051376,-0.02394186705350876,83.42076873779297
772,0.7727727890014648,75.1651840209961,-0.000297550082905218,-0.023740913718938828,82.48918151855469
773,0.7737737894058228,75.22896575927734,-0.0003023503813892603,-0.02512121945619583,86.75055694580078
774,0.7747747898101807,75.29280090332031,-0.00030119073926471174,-0.025069309398531914,86.58740234375
775,0.7757757902145386,75.35668182373047,-0.0002963397419080138,-0.023764094337821007,82.39079284667969
776,0.7767767906188965,75.42062377929688,-0.0002921131672337651,-0.023042449727654457,80.17404174804688
777,0.7777777910232544,75.484619140625,-0.0002886943693738431,-0.022390762344002724,78.1316146850586
778,0.7787787914276123,75.54866790771484,-0.00028500071493908763,-0.02157389372587204,75.58572387695312
779,0.7797797918319702,75.6127700805664,-0.0002844277478288859,-0.021594282239675522,75.81298065185547
780,0.7807807922363281,75.67693328857422,-0.00028548703994601965,-0.02221587486565113,78.10419464111328
781,0.781781792640686,75.74114227294922,-0.00028384567121975124,-0.021366233006119728,75.26947784423828
782,0.782782793045044,75.80540466308594,-0.0002870194148272276,-0.022433120757341385,79.14473724365234
783,0.7837837934494019,75.8697280883789,-0.0002858113730326295,-0.0214574933052063,75.86424255371094
784,0.7847847938537598,75.9341049194336,-0.0002872847253456712,-0.02176777459681034,77.15278625488281
785,0.7857857942581177,75.99853515625,-0.0002849069132935256,-0.021072134375572205,74.94453430175781
786,0.7867867946624756,76.06301879882812,-0.00028190098237246275,-0.020311148837208748,72.41671752929688
787,0.7877877950668335,76.1275634765625,-0.00028116372413933277,-0.02020993083715439,72.12345886230469
788,0.7887887954711914,76.19215393066406,-0.0002840230299625546,-0.021180368959903717,75.55897521972656
789,0.7897897958755493,76.25680541992188,-0.00028247752925381064,-0.02085120417177677,74.4180908203125
790,0.7907907962799072,76.3215103149414,-0.0002806480333674699,-0.020561551675200462,73.53277587890625
791,0.7917917966842651,76.38626861572266,-0.00027546394267119467,-0.01949695497751236,69.98812866210938
792,0.792792797088623,76.45108032226562,-0.00026882841484621167,-0.01792426034808159,64.50212860107422
793,0.793793797492981,76.51595306396484,-0.0002688211388885975,-0.018231425434350967,65.90586853027344
794,0.7947947978973389,76.58087921142578,-0.00026256608543917537,-0.016713906079530716,60.44023132324219
795,0.7957957983016968,76.64585876464844,-0.00026254585827700794,-0.016898086294531822,61.36846160888672
796,0.7967967987060547,76.71089172363281,-0.00026231768424622715,-0.01679801568388939,61.1786003112793
797,0.7977977991104126,76.7759780883789,-0.00025955590535886586,-0.01564183086156845,56.91131591796875
798,0.7987987995147705,76.84112548828125,-0.00026173327933065593,-0.01621612161397934,59.3458366394043
799,0.7997997999191284,76.90632629394531,-0.00026188374613411725,-0.016044490039348602,58.914974212646484
800,0.8008008003234863,76.97157287597656,-0.00026302807964384556,-0.01608623005449772,59.27363967895508
801,0.8018018007278442,77.03689575195312,-0.00026455888291820884,-0.016200395300984383,59.85460662841797
802,0.8028028011322021,77.10225677490234,-0.0002625762717798352,-0.015001926571130753,55.364566802978516
803,0.8038038015365601,77.16767883300781,-0.0002649013767950237,-0.015521771274507046,57.351539611816406
804,0.804804801940918,77.233154296875,-0.00026882599922828376,-0.01651875674724579,61.04396057128906
805,0.8058058023452759,77.29869079589844,-0.0002694452414289117,-0.016506480053067207,60.88795471191406
806,0.8068068027496338,77.36427307128906,-0.00027064746245741844,-0.016891203820705414,62.17986297607422
807,0.8078078031539917,77.42991638183594,-0.00026976224035024643,-0.016875185072422028,62.03820037841797
808,0.8088088035583496,77.49562072753906,-0.00026530318427830935,-0.01572038047015667,57.715152740478516
809,0.8098098039627075,77.56137084960938,-0.00026594771770760417,-0.016414865851402283,60.45957565307617
810,0.8108108043670654,77.62718963623047,-0.0002637504367157817,-0.01596948504447937,59.01021194458008
811,0.8118118047714233,77.69306182861328,-0.00026291352696716785,-0.015896208584308624,58.96995162963867
812,0.8128128051757812,77.75897979736328,-0.0002636891440488398,-0.016391919925808907,61.026771545410156
813,0.8138138055801392,77.82495880126953,-0.00026437873020768166,-0.01676391251385212,62.5689811706543
814,0.8148148059844971,77.8909912109375,-0.00026597612304612994,-0.017422325909137726,65.1146240234375
815,0.815815806388855,77.95708465576172,-0.000267102790530771,-0.01775270700454712,66.31693267822266
816,0.8168168067932129,78.02323150634766,-0.0002656674769241363,-0.0170687697827816,63.737613677978516
817,0.8178178071975708,78.08943176269531,-0.00026348914252594113,-0.015810202807188034,59.07759475708008
818,0.8188188076019287,78.15569305419922,-0.0002630169619806111,-0.015500550158321857,58.064666748046875
819,0.8198198080062866,78.22200775146484,-0.000262081011896953,-0.014910832978785038,56.044708251953125
820,0.8208208084106445,78.28837585449219,-0.0002615365956444293,-0.014774637296795845,55.649967193603516
821,0.8218218088150024,78.35481262207031,-0.00026066479040309787,-0.014786520972847939,55.77385330200195
822,0.8228228092193604,78.4212875366211,-0.0002608027425594628,-0.015554618090391159,58.77125930786133
823,0.8238238096237183,78.48783874511719,-0.0002589467912912369,-0.015243845991790295,57.63718032836914
824,0.8248248100280762,78.55442810058594,-0.00025879679014906287,-0.015655256807804108,59.290000915527344
825,0.8258258104324341,78.62108612060547,-0.00025665335124358535,-0.015021368861198425,56.91193389892578
826,0.826826810836792,78.68779754638672,-0.0002553244703449309,-0.014643796719610691,55.459938049316406
827,0.8278278112411499,78.75455474853516,-0.000254156650044024,-0.014005577191710472,52.931915283203125
828,0.8288288116455078,78.82138061523438,-0.00025266470038332045,-0.01414993591606617,53.62537384033203
829,0.8298298120498657,78.88825988769531,-0.0002509304613340646,-0.014495623297989368,55.23245620727539
830,0.8308308124542236,78.9552001953125,-0.0002487746824044734,-0.01395668089389801,53.27995300292969
831,0.8318318128585815,79.02220153808594,-0.00024805701104924083,-0.014943058602511883,57.42490768432617
832,0.8328328132629395,79.08924865722656,-0.0002513071522116661,-0.01659376360476017,64.27068328857422
833,0.8338338136672974,79.15635681152344,-0.0002448800078127533,-0.015154648572206497,58.7020263671875
834,0.8348348140716553,79.22352600097656,-0.0002420359815005213,-0.014489613473415375,56.169517517089844
835,0.8358358144760132,79.29074096679688,-0.00024046009639278054,-0.01424484420567751,55.4376220703125
836,0.8368368148803711,79.35801696777344,-0.00024096148263197392,-0.014553933404386044,56.90400695800781
837,0.837837815284729,79.42535400390625,-0.0002446151920594275,-0.015440544113516808,60.53095245361328
838,0.8388388156890869,79.49275207519531,-0.000248736294452101,-0.016587428748607635,65.0009536743164
839,0.8398398160934448,79.56019592285156,-0.00024558056611567736,-0.015966501086950302,62.320552825927734
840,0.8408408164978027,79.62770080566406,-0.0002473592176102102,-0.016590334475040436,64.7652359008789
841,0.8418418169021606,79.69527435302734,-0.00024541246239095926,-0.016064325347542763,62.61473083496094
842,0.8428428173065186,79.76288604736328,-0.0002476632362231612,-0.01675264537334442,65.460693359375
843,0.8438438177108765,79.83056640625,-0.0002498077810741961,-0.017299793660640717,67.7512435913086
844,0.8448448181152344,79.89830780029297,-0.00024948862846940756,-0.01701134257018566,66.70746612548828
845,0.8458458185195923,79.96610260009766,-0.000252420490141958,-0.017893627285957336,70.34649658203125
846,0.846846878528595,80.0339584350586,-0.0002500804839655757,-0.017092561349272728,67.28033447265625
847,0.8478478789329529,80.10186004638672,-0.00025268737226724625,-0.01806718111038208,71.34069061279297
848,0.8488488793373108,80.16983032226562,-0.00025114198797382414,-0.0178128220140934,70.49542999267578
849,0.8498498797416687,80.23786163330078,-0.000249415694270283,-0.017662430182099342,70.06607818603516
850,0.8508508801460266,80.30593872070312,-0.00024365024000871927,-0.016590459272265434,65.82718658447266
851,0.8518518805503845,80.37407684326172,-0.00024249751004390419,-0.016721712425351143,66.43775939941406
852,0.8528528809547424,80.44227600097656,-0.0002413856564089656,-0.016765618696808815,66.68138122558594
853,0.8538538813591003,80.51052856445312,-0.00024318470968864858,-0.01786760799586773,71.14118194580078
854,0.8548548817634583,80.57884216308594,-0.0002420491073280573,-0.017666686326265335,70.20140075683594
855,0.8558558821678162,80.647216796875,-0.0002422900579404086,-0.01765519566833973,70.0416259765625
856,0.8568568825721741,80.71565246582031,-0.0002424381673336029,-0.01710817962884903,67.72537231445312
857,0.857857882976532,80.78413391113281,-0.00024290294095408171,-0.016853995621204376,66.67689514160156
858,0.8588588833808899,80.8526840209961,-0.00024284252140205353,-0.015904227271676064,62.83803939819336
859,0.8598598837852478,80.92127990722656,-0.00024150597164407372,-0.016283893957734108,64.54488372802734
860,0.8608608841896057,80.98995208740234,-0.0002402332320343703,-0.015588118694722652,61.83405685424805
861,0.8618618845939636,81.05866241455078,-0.00023875146871432662,-0.015717245638370514,62.511409759521484
862,0.8628628849983215,81.12744903564453,-0.0002384218678344041,-0.015029924921691418,59.758296966552734
863,0.8638638854026794,81.19628143310547,-0.00023710446839686483,-0.01588333770632744,63.39549255371094
864,0.8648648858070374,81.26518249511719,-0.00023791442799847573,-0.014977067708969116,59.557987213134766
865,0.8658658862113953,81.3341293334961,-0.00023825294920243323,-0.014966487884521484,59.5477180480957
866,0.8668668866157532,81.40314483642578,-0.00023887399584054947,-0.015072050504386425,60.077518463134766
867,0.8678678870201111,81.47222137451172,-0.0002398897777311504,-0.01565968431532383,62.73535919189453
868,0.868868887424469,81.54134368896484,-0.0002407195424893871,-0.015465613454580307,62.19228744506836
869,0.8698698878288269,81.61053466796875,-0.0002408728760201484,-0.015030017122626305,60.834835052490234
870,0.8708708882331848,81.6797866821289,-0.00023959792451933026,-0.014226464554667473,58.00381851196289
871,0.8718718886375427,81.74909210205078,-0.00023888249415904284,-0.014247944578528404,58.60887908935547
872,0.8728728890419006,81.81845092773438,-0.00023802494979463518,-0.014224197715520859,58.74842071533203
873,0.8738738894462585,81.88787078857422,-0.00023693902767263353,-0.014220910146832466,58.5925178527832
874,0.8748748898506165,81.95735931396484,-0.0002363842650083825,-0.014800702221691608,60.65571975708008
875,0.8758758902549744,82.02690887451172,-0.00023559117107652128,-0.01456939335912466,59.27611541748047
876,0.8768768906593323,82.09650421142578,-0.0002346057735849172,-0.015112691558897495,61.180843353271484
877,0.8778778910636902,82.1661605834961,-0.0002336609031772241,-0.014975580386817455,60.36410140991211
878,0.8788788914680481,82.23587799072266,-0.00023259452427737415,-0.015264949761331081,61.62005615234375
879,0.879879891872406,82.30565643310547,-0.0002325365348951891,-0.01438633818179369,58.11274719238281
880,0.8808808922767639,82.37548828125,-0.0002310815907549113,-0.015033841133117676,61.32627868652344
881,0.8818818926811218,82.44538116455078,-0.00023032899480313063,-0.015301612205803394,62.94245147705078
882,0.8828828930854797,82.51534271240234,-0.0002298430190421641,-0.014999179169535637,61.9886474609375
883,0.8838838934898376,82.58535766601562,-0.0002299135085195303,-0.015059422701597214,62.48581314086914
884,0.8848848938941956,82.65543365478516,-0.00023067825532052666,-0.014840047806501389,61.59834671020508
885,0.8858858942985535,82.72557067871094,-0.00023337965831160545,-0.013997744768857956,57.88275146484375
886,0.8868868947029114,82.7957534790039,-0.0002365250256843865,-0.013368847779929638,55.02257537841797
887,0.8878878951072693,82.86600494384766,-0.00023371336283162236,-0.014152366667985916,58.208438873291016
888,0.8888888955116272,82.93631744384766,-0.00023483403492718935,-0.013747293502092361,56.48114013671875
889,0.8898898959159851,83.00669860839844,-0.00023454884649254382,-0.013559265062212944,55.722145080566406
890,0.890890896320343,83.0771255493164,-0.00023662493913434446,-0.012715999037027359,52.23341369628906
891,0.8918918967247009,83.14761352539062,-0.00023863319074735045,-0.011649105697870255,47.73969268798828
892,0.8928928971290588,83.21817016601562,-0.00023776537273079157,-0.011711671017110348,47.97634506225586
893,0.8938938975334167,83.28878021240234,-0.00023831354337744415,-0.010527169331908226,42.989952087402344
894,0.8948948979377747,83.35945129394531,-0.0002376827469561249,-0.01089529599994421,44.545658111572266
895,0.8958958983421326,83.43018341064453,-0.00023772625718265772,-0.01066520158201456,43.594913482666016
896,0.8968968987464905,83.5009765625,-0.0002364243264310062,-0.011107505299150944,45.52715301513672
897,0.8978978991508484,83.57182312011719,-0.00023478022194467485,-0.011301644146442413,46.514278411865234
898,0.8988988995552063,83.64273071289062,-0.00023283831251319498,-0.011557421647012234,47.844913482666016
899,0.8998998999595642,83.71370697021484,-0.00023142264399211854,-0.01196626853197813,49.80704116821289
900,0.9009009003639221,83.78473663330078,-0.0002337073237868026,-0.011201719753444195,46.63191604614258
901,0.90190190076828,83.85582733154297,-0.00023464855621568859,-0.01076413318514824,44.89693069458008
902,0.9029029011726379,83.9269790649414,-0.00023529694590251893,-0.010085074231028557,42.18259048461914
903,0.9039039015769958,83.99818420410156,-0.00023480167146772146,-0.009089729748666286,38.1015510559082
904,0.9049049019813538,84.06946563720703,-0.0002343604137422517,-0.009363350458443165,39.36634063720703
905,0.9059059023857117,84.14079284667969,-0.00023282258189283311,-0.008757459931075573,36.80170440673828
906,0.9069069027900696,84.21219635009766,-0.000230720906984061,-0.008171034045517445,34.24403381347656
907,0.9079079031944275,84.28364562988281,-0.00022799018188379705,-0.007552896160632372,31.505474090576172
908,0.9089089035987854,84.35516357421875,-0.00022862417972646654,-0.007722198963165283,32.17361831665039
909,0.9099099040031433,84.42674255371094,-0.00023086024157237262,-0.00828157551586628,34.539695739746094
910,0.9109109044075012,84.49837493896484,-0.0002317588368896395,-0.008462504483759403,35.3532600402832
911,0.9119119048118591,84.57007598876953,-0.0002319592167623341,-0.00871327519416809,36.49466323852539
912,0.912912905216217,84.64183044433594,-0.00023103831335902214,-0.00877705030143261,36.90819549560547
913,0.913913905620575,84.71365356445312,-0.00022925742086954415,-0.00926558580249548,39.13719177246094
914,0.9149149060249329,84.78553009033203,-0.00022796913981437683,-0.009281310252845287,39.299827575683594
915,0.9159159064292908,84.85746765136719,-0.0002268040698254481,-0.00924391858279705,39.21489334106445
916,0.9169169068336487,84.92947387695312,-0.0002260720357298851,-0.008980519138276577,38.16210174560547
917,0.9179179072380066,85.00153350830078,-0.0002239728783024475,-0.009596926160156727,41.092227935791016
918,0.9189189076423645,85.07366180419922,-0.00022226947476156056,-0.010224143043160439,44.15721893310547
919,0.9199199080467224,85.1458511352539,-0.00022132119920570403,-0.010305977426469326,44.808414459228516
920,0.9209209084510803,85.21809387207031,-0.00022067873214837164,-0.010431542061269283,45.62409210205078
921,0.9219219088554382,85.29039764404297,-0.00022012059343978763,-0.009992001578211784,43.78273391723633
922,0.9229229092597961,85.3627700805664,-0.00021931419905740768,-0.010438893921673298,45.89183044433594
923,0.923923909664154,85.43519592285156,-0.00021890309290029109,-0.010015218518674374,43.961246490478516
924,0.924924910068512,85.50769805908203,-0.00021873311197850853,-0.00952144991606474,41.70914077758789
925,0.9259259104728699,85.58024597167969,-0.00021875427046325058,-0.00945688970386982,41.45383071899414
926,0.9269269108772278,85.6528549194336,-0.00021860409469809383,-0.009147548116743565,40.043216705322266
927,0.9279279112815857,85.72554779052734,-0.00021751111489720643,-0.010312137193977833,45.38682174682617
928,0.9289289116859436,85.79827880859375,-0.0002161548036383465,-0.010334556922316551,45.5174560546875
929,0.9299299120903015,85.87108612060547,-0.00021610668045468628,-0.009536907076835632,41.82426071166992
930,0.9309309124946594,85.9439468383789,-0.00021610480325762182,-0.008905240334570408,38.93312072753906
931,0.9319319128990173,86.01686096191406,-0.00021600288164336234,-0.0087710777297616,38.395816802978516
932,0.9329329133033752,86.08985137939453,-0.0002159096475224942,-0.007317235693335533,31.789464950561523
933,0.9339339137077332,86.16289520263672,-0.0002153512614313513,-0.007274451665580273,31.709632873535156
934,0.9349349141120911,86.23600769042969,-0.00021556296269409359,-0.008022123016417027,35.2446174621582
935,0.935935914516449,86.3091812133789,-0.00021578557789325714,-0.00831939373165369,36.65620803833008
936,0.9369369149208069,86.38240814208984,-0.0002169518411392346,-0.008798129856586456,38.810516357421875
937,0.9379379153251648,86.45570373535156,-0.0002178182767238468,-0.00894215889275074,39.32219314575195
938,0.9389389157295227,86.52906799316406,-0.00021759913943242282,-0.0081561841070652,35.52623748779297
939,0.9399399161338806,86.60248565673828,-0.00021847810421604663,-0.008251491002738476,35.80263900756836
940,0.9409409165382385,86.67597198486328,-0.00021884018497075886,-0.008203601464629173,35.433345794677734
941,0.9419419169425964,86.74951171875,-0.00021889303752686828,-0.008043931797146797,34.63545608520508
942,0.9429429173469543,86.82312774658203,-0.00021891029609832913,-0.006111374124884605,25.78766632080078
943,0.9439439177513123,86.89679718017578,-0.00021831502090208232,-0.005729790776968002,24.040075302124023
944,0.9449449181556702,86.97053527832031,-0.00021912329248152673,-0.0043185134418308735,17.56601905822754
945,0.9459459185600281,87.04431915283203,-0.00021729151194449514,-0.004831522237509489,19.920486450195312
946,0.946946918964386,87.11817932128906,-0.0002164718316635117,-0.004921387881040573,20.355268478393555
947,0.9479479193687439,87.19210052490234,-0.00021531543461605906,-0.004855463746935129,20.088516235351562
948,0.9489489793777466,87.2660903930664,-0.0002167594211641699,-0.004134798888117075,16.775197982788086
949,0.9499499797821045,87.34013366699219,-0.00021461150026880205,-0.004258432891219854,17.430805206298828
950,0.9509509801864624,87.41423797607422,-0.00021595142607111484,-0.0035523450933396816,14.262859344482422
951,0.9519519805908203,87.48841094970703,-0.00021502049639821053,-0.003239022335037589,12.971317291259766
952,0.9529529809951782,87.56263732910156,-0.00021464966994244605,-0.002463491400703788,9.537985801696777
953,0.9539539813995361,87.6369400024414,-0.00021286378614604473,-0.002282695844769478,8.88523006439209
954,0.954954981803894,87.71129608154297,-0.00021102101891301572,-0.001713884761556983,6.38452672958374
955,0.955955982208252,87.78572845458984,-0.000210140977287665,-0.002004158217459917,7.88856315612793
956,0.9569569826126099,87.86021423339844,-0.00020954833598807454,-0.00196908344514668,7.835874557495117
957,0.9579579830169678,87.93476104736328,-0.0002095503150485456,-0.0024648236576467752,10.291898727416992
958,0.9589589834213257,88.0093765258789,-0.00020841372315771878,-0.0034582330845296383,15.095388412475586
959,0.9599599838256836,88.08405303955078,-0.00020989635959267616,-0.00297893607057631,12.861983299255371
960,0.9609609842300415,88.1587905883789,-0.00020910920284222811,-0.003193899290636182,13.954962730407715
961,0.9619619846343994,88.23359680175781,-0.00020513893105089664,-0.004333041608333588,19.513816833496094
962,0.9629629850387573,88.30846405029297,-0.00020415455219335854,-0.00510262418538332,23.34147834777832
963,0.9639639854431152,88.38339233398438,-0.00020380322530400008,-0.004974104929715395,22.79435157775879
964,0.9649649858474731,88.45838165283203,-0.00020540744299069047,-0.005506699439138174,25.507307052612305
965,0.965965986251831,88.53343963623047,-0.00020240881713107228,-0.00489942729473114,22.60725975036621
966,0.966966986656189,88.60856628417969,-0.00020358266192488372,-0.005165209993720055,23.958797454833984
967,0.9679679870605469,88.68374633789062,-0.0002047894085990265,-0.005383270792663097,25.042055130004883
968,0.9689689874649048,88.75899505615234,-0.0002080307313008234,-0.006017844192683697,28.12592124938965
969,0.9699699878692627,88.83431243896484,-0.00020889042934868485,-0.006427875254303217,30.089622497558594
970,0.9709709882736206,88.90968322753906,-0.00020618431153707206,-0.00605485774576664,28.298370361328125
971,0.9719719886779785,88.98513793945312,-0.00020490912720561028,-0.005933848675340414,27.705368041992188
972,0.9729729890823364,89.06063842773438,-0.00020423420937731862,-0.005887004546821117,27.477394104003906
973,0.9739739894866943,89.13619995117188,-0.00020648937788791955,-0.006551729049533606,30.749225616455078
974,0.9749749898910522,89.21183776855469,-0.00020649272482842207,-0.006806415040045977,32.05559158325195
975,0.9759759902954102,89.28753662109375,-0.00020538711396511644,-0.0066355145536363125,31.279682159423828
976,0.9769769906997681,89.36328887939453,-0.00020276178838685155,-0.006041074637323618,28.367259979248047
977,0.977977991104126,89.43911743164062,-0.00019671056361403316,-0.004522999748587608,20.68564224243164
978,0.9789789915084839,89.5150146484375,-0.00019582208187785,-0.004351321142166853,19.69683837890625
979,0.9799799919128418,89.59095764160156,-0.00019468995742499828,-0.004521484021097422,20.446828842163086
980,0.9809809923171997,89.66697692871094,-0.00019470011466182768,-0.005368832964450121,24.731779098510742
981,0.9819819927215576,89.7430648803711,-0.00019381602760404348,-0.005486260633915663,25.351268768310547
982,0.9829829931259155,89.81920623779297,-0.00019249541219323874,-0.00534310145303607,24.740001678466797
983,0.9839839935302734,89.89541625976562,-0.00019205738499294966,-0.005404581315815449,25.23161506652832
984,0.9849849939346313,89.97168731689453,-0.00019237464584875852,-0.005739440210163593,27.1326847076416
985,0.9859859943389893,90.04803466796875,-0.00019352644449099898,-0.0062207989394664764,29.742938995361328
986,0.9869869947433472,90.12445068359375,-0.00019398469885345548,-0.006305943708866835,30.194820404052734
987,0.9879879951477051,90.20091247558594,-0.00019412083202041686,-0.005708992946892977,27.06610107421875
988,0.988988995552063,90.27745819091797,-0.00019447694648988545,-0.0061591858975589275,29.330913543701172
989,0.9899899959564209,90.35404968261719,-0.00019423241610638797,-0.006232185754925013,29.68081283569336
990,0.9909909963607788,90.43071746826172,-0.00019330708892084658,-0.005875114351511002,27.88016128540039
991,0.9919919967651367,90.5074462890625,-0.00019230050384067,-0.006170840933918953,29.520442962646484
992,0.9929929971694946,90.58423614501953,-0.00019096893083769828,-0.0060972608625888824,29.264150619506836
993,0.9939939975738525,90.6611099243164,-0.00018935074331238866,-0.005917064845561981,28.461416244506836
994,0.9949949979782104,90.73802947998047,-0.00018806621665135026,-0.005784942302852869,27.905738830566406
995,0.9959959983825684,90.81501770019531,-0.00018702723900787532,-0.005640244111418724,27.28116226196289
996,0.9969969987869263,90.89208221435547,-0.0001864252844825387,-0.005403529852628708,26.097871780395508
997,0.9979979991912842,90.96920013427734,-0.0001875483721960336,-0.005834144540131092,28.40641212463379
998,0.9989989995956421,91.04638671875,-0.0001882541982922703,-0.005327183753252029,25.661977767944336
999,1.0,91.12364959716797,-0.00019024941138923168,-0.005216722842305899,24.99544334411621
