index,timestep,Diffusion_Coeff,Divergence,score,pos
0,0.0,39.05299377441406,-0.009887509047985077,0.00016744094318710268,39.434364318847656
1,0.0010010009864345193,39.08612823486328,-0.009925613179802895,-0.0014868646394461393,40.02534484863281
2,0.0020020019728690386,39.11929702758789,-0.009961938485503197,0.011837832629680634,38.880126953125
3,0.0030030030757188797,39.15248489379883,-0.009959605522453785,0.019424181431531906,38.26350402832031
4,0.004004003945738077,39.185707092285156,-0.009869160130620003,-0.0025776028633117676,40.61796569824219
5,0.005005004815757275,39.218955993652344,-0.00974266417324543,-0.020541928708553314,42.532562255859375
6,0.006006006151437759,39.25223159790039,-0.009718429297208786,-0.024165479466319084,42.95344161987305
7,0.007007007021456957,39.28553771972656,-0.009415006265044212,-0.04944145679473877,45.6309700012207
8,0.008008007891476154,39.31887435913086,-0.008844996802508831,-0.08124932646751404,49.168270111083984
9,0.009009009227156639,39.352237701416016,-0.008525852113962173,-0.09405098110437393,50.7538948059082
10,0.01001000963151455,39.38562774658203,-0.008693396113812923,-0.08214063197374344,49.514461517333984
11,0.011011010967195034,39.41904830932617,-0.008969884365797043,-0.06163465604186058,47.32145309448242
12,0.012012012302875519,39.452491760253906,-0.008956406265497208,-0.05614306777715683,46.79314041137695
13,0.013013012707233429,39.48596954345703,-0.008747048676013947,-0.06258807331323624,47.55232238769531
14,0.014014014042913914,39.51947021484375,-0.008646542206406593,-0.06277836859226227,47.5770263671875
15,0.015015014447271824,39.55300521850586,-0.008521074429154396,-0.06467930227518082,47.7843132019043
16,0.01601601578295231,39.58656692504883,-0.008170795626938343,-0.0760679617524147,49.222267150878906
17,0.01701701618731022,39.620155334472656,-0.008310189470648766,-0.06349743902683258,47.795257568359375
18,0.018018018454313278,39.653770446777344,-0.008371408097445965,-0.055315058678388596,46.89189529418945
19,0.01901901885867119,39.68742370605469,-0.008405031636357307,-0.04738970473408699,46.03856658935547
20,0.0200200192630291,39.721092224121094,-0.008335791528224945,-0.04392945393919945,45.7375373840332
21,0.021021021530032158,39.754798889160156,-0.007800806313753128,-0.06910581141710281,48.97106170654297
22,0.022022021934390068,39.78852844238281,-0.00795948226004839,-0.054469458758831024,47.23307418823242
23,0.023023022338747978,39.82229232788086,-0.007892726920545101,-0.05184002220630646,46.999267578125
24,0.024024024605751038,39.8560791015625,-0.007550450973212719,-0.06671156734228134,49.01649475097656
25,0.025025025010108948,39.889896392822266,-0.007366939447820187,-0.07148198783397675,49.775882720947266
26,0.026026025414466858,39.92374801635742,-0.007264686282724142,-0.07312577962875366,50.10964584350586
27,0.027027025818824768,39.95762252807617,-0.007185796275734901,-0.07479922473430634,50.43806838989258
28,0.028028028085827827,39.99152755737305,-0.007220959756523371,-0.07164033502340317,50.08368682861328
29,0.029029028490185738,40.02545928955078,-0.007176337763667107,-0.07202943414449692,50.20659637451172
30,0.030030028894543648,40.05942153930664,-0.00702343275770545,-0.07708893716335297,50.97987747192383
31,0.031031031161546707,40.093414306640625,-0.006885622628033161,-0.08026868104934692,51.53996276855469
32,0.03203203156590462,40.1274299621582,-0.007005772553384304,-0.07358510792255402,50.7033576965332
33,0.03303303197026253,40.16147994995117,-0.007049499545246363,-0.07085578143596649,50.412532806396484
34,0.03403403237462044,40.195556640625,-0.007073502987623215,-0.06887967884540558,50.20997619628906
35,0.03503503277897835,40.22966384887695,-0.007100019603967667,-0.06607509404420853,49.889808654785156
36,0.036036036908626556,40.263797760009766,-0.0072003379464149475,-0.05651673302054405,48.643707275390625
37,0.03703703731298447,40.29795837402344,-0.00715533597394824,-0.05579887703061104,48.61220932006836
38,0.03803803771734238,40.3321533203125,-0.007075282279402018,-0.057662781327962875,48.94034194946289
39,0.03903903812170029,40.36637878417969,-0.006959759630262852,-0.06132136285305023,49.53678512573242
40,0.0400400385260582,40.40062713623047,-0.006956229917705059,-0.056458186358213425,48.91653823852539
41,0.04104103893041611,40.434906005859375,-0.006803452968597412,-0.05985642597079277,49.52271270751953
42,0.042042043060064316,40.469215393066406,-0.006545964628458023,-0.0682586058974266,50.970924377441406
43,0.043043043464422226,40.50355529785156,-0.006319154519587755,-0.07557548582553864,52.305782318115234
44,0.044044043868780136,40.53792190551758,-0.006193374749273062,-0.07897691428661346,53.02468490600586
45,0.045045044273138046,40.572322845458984,-0.006321921944618225,-0.0701923668384552,51.73728561401367
46,0.046046044677495956,40.606746673583984,-0.0064130499958992004,-0.06124970316886902,50.43001937866211
47,0.04704704508185387,40.641197204589844,-0.006455514580011368,-0.05388636887073517,49.361900329589844
48,0.048048049211502075,40.67568588256836,-0.00647504860535264,-0.0426957942545414,47.703941345214844
49,0.049049049615859985,40.71019744873047,-0.006238030269742012,-0.020563015714287758,44.315521240234375
50,0.050050050020217896,40.7447395324707,-0.006278808228671551,-0.027295492589473724,45.4638786315918
51,0.051051050424575806,40.77931213378906,-0.006003816612064838,-0.018004871904850006,44.045719146728516
52,0.052052050828933716,40.81391143798828,-0.005837550386786461,-0.015726234763860703,43.72996520996094
53,0.053053051233291626,40.84854507446289,-0.005727628245949745,-0.01556248590350151,43.75998306274414
54,0.054054051637649536,40.88320541381836,-0.00586719298735261,-0.026374036446213722,45.68498611450195
55,0.055055055767297745,40.91789627075195,-0.005870955064892769,-0.03333454206585884,46.92825698852539
56,0.056056056171655655,40.952613830566406,-0.0057802945375442505,-0.032438673079013824,46.818511962890625
57,0.057057056576013565,40.987361907958984,-0.005680801346898079,-0.029976628720760345,46.41716384887695
58,0.058058056980371475,41.02214431762695,-0.005710164550691843,-0.03646736219525337,47.58243942260742
59,0.059059057384729385,41.056949615478516,-0.005670034792274237,-0.038990627974271774,48.09575271606445
60,0.060060057789087296,41.0917854309082,-0.005449985153973103,-0.028383981436491013,46.272342681884766
61,0.061061061918735504,41.12665557861328,-0.005369048565626144,-0.029015623033046722,46.485015869140625
62,0.062062062323093414,41.16154479980469,-0.005490939598530531,-0.048711132258176804,50.2030029296875
63,0.06306306272745132,41.19647216796875,-0.005443262401968241,-0.04578893259167671,49.78082275390625
64,0.06406406313180923,41.23143005371094,-0.005352863576263189,-0.03936411812901497,48.72446823120117
65,0.06506506353616714,41.266414642333984,-0.005319845862686634,-0.04405180364847183,49.7337760925293
66,0.06606606394052505,41.301429748535156,-0.005274921655654907,-0.055928681045770645,52.116390228271484
67,0.06706706434488297,41.33647537231445,-0.005155998282134533,-0.06545300036668777,54.12952423095703
68,0.06806806474924088,41.37154769897461,-0.0050139231607317924,-0.07061567902565002,55.416664123535156
69,0.06906906515359879,41.406654357910156,-0.004967787303030491,-0.0658038780093193,54.63008499145508
70,0.0700700655579567,41.44178771972656,-0.004823106806725264,-0.07198476046323776,56.04917907714844
71,0.0710710734128952,41.476951599121094,-0.0047050965949893,-0.0753341019153595,56.881591796875
72,0.07207207381725311,41.512142181396484,-0.004587238188832998,-0.08000092208385468,57.97892379760742
73,0.07307307422161102,41.547367095947266,-0.0045730676501989365,-0.07515110075473785,57.003395080566406
74,0.07407407462596893,41.582618713378906,-0.004573896527290344,-0.07037291675806046,56.00225067138672
75,0.07507507503032684,41.61790466308594,-0.0045358845964074135,-0.0741695687174797,56.84800338745117
76,0.07607607543468475,41.65321731567383,-0.004551471211016178,-0.07406078279018402,56.81652069091797
77,0.07707707583904266,41.688560485839844,-0.004542107228189707,-0.07686412334442139,57.470611572265625
78,0.07807807624340057,41.72393035888672,-0.004484173376113176,-0.08376648277044296,59.07971954345703
79,0.07907907664775848,41.75933074951172,-0.004388901405036449,-0.08997774124145508,60.66886901855469
80,0.0800800770521164,41.794769287109375,-0.0042844354175031185,-0.09464480727910995,61.99253463745117
81,0.0810810774564743,41.830230712890625,-0.004365452565252781,-0.08255314826965332,59.4729118347168
82,0.08208207786083221,41.865726470947266,-0.0043341475538909435,-0.08060948550701141,59.21333694458008
83,0.08308307826519012,41.9012451171875,-0.004306567832827568,-0.07858764380216599,58.87672805786133
84,0.08408408612012863,41.93680191040039,-0.004273819737136364,-0.0785309299826622,58.922019958496094
85,0.08508508652448654,41.97238540649414,-0.00429977010935545,-0.07455773651599884,57.95560836791992
86,0.08608608692884445,42.00799560546875,-0.004300631582736969,-0.07463840395212173,57.89719009399414
87,0.08708708733320236,42.043643951416016,-0.004303128458559513,-0.0727909654378891,57.4399528503418
88,0.08808808773756027,42.079315185546875,-0.004247785080224276,-0.07810726016759872,58.717166900634766
89,0.08908908814191818,42.115020751953125,-0.004269803874194622,-0.06605265289545059,56.06793975830078
90,0.09009008854627609,42.1507568359375,-0.004232240840792656,-0.05978331342339516,54.77663040161133
91,0.091091088950634,42.186519622802734,-0.004116370342671871,-0.04734615981578827,51.977840423583984
92,0.09209208935499191,42.22231674194336,-0.004052146337926388,-0.04625123739242554,51.91994857788086
93,0.09309308975934982,42.258140563964844,-0.004043771885335445,-0.05015866458415985,53.11635971069336
94,0.09409409016370773,42.29399490356445,-0.0039622485637664795,-0.04708952456712723,52.59117126464844
95,0.09509509056806564,42.32988739013672,-0.0039556571282446384,-0.04993132874369621,53.51804733276367
96,0.09609609842300415,42.36580276489258,-0.003925381228327751,-0.050013959407806396,53.69102096557617
97,0.09709709882736206,42.40175247192383,-0.003808827605098486,-0.04248384013772011,51.82957458496094
98,0.09809809923171997,42.4377326965332,-0.003772529773414135,-0.04193545877933502,51.71097946166992
99,0.09909909963607788,42.473731994628906,-0.00382978399284184,-0.05181001126766205,54.359153747558594
100,0.10010010004043579,42.5097770690918,-0.003819794626906514,-0.060391753911972046,56.67171096801758
101,0.1011011004447937,42.545841217041016,-0.0037932770792394876,-0.0657755509018898,58.12353515625
102,0.10210210084915161,42.58195114135742,-0.003772822907194495,-0.06254581362009048,57.28182601928711
103,0.10310310125350952,42.618080139160156,-0.0037601515650749207,-0.06110113859176636,56.887969970703125
104,0.10410410165786743,42.65423583984375,-0.0037388764321804047,-0.05805731937289238,56.080867767333984
105,0.10510510206222534,42.6904296875,-0.003708566538989544,-0.052820250391960144,54.6186637878418
106,0.10610610246658325,42.726654052734375,-0.003727470524609089,-0.060563597828149796,56.67707824707031
107,0.10710710287094116,42.762908935546875,-0.0036867866292595863,-0.057472072541713715,55.875648498535156
108,0.10810810327529907,42.799190521240234,-0.003660801565274596,-0.06359955668449402,57.62554931640625
109,0.10910911113023758,42.83551025390625,-0.003638253780081868,-0.06469109654426575,58.0203971862793
110,0.11011011153459549,42.871856689453125,-0.0036150270607322454,-0.05898244306445122,56.57008361816406
111,0.1111111119389534,42.90822982788086,-0.0035736900754272938,-0.05260959640145302,54.94166564941406
112,0.11211211234331131,42.94463348388672,-0.0035320459865033627,-0.05086404085159302,54.63332748413086
113,0.11311311274766922,42.9810791015625,-0.0035223481245338917,-0.05428792163729668,55.82505416870117
114,0.11411411315202713,43.017547607421875,-0.003442118875682354,-0.04996449127793312,54.81653594970703
115,0.11511511355638504,43.054054260253906,-0.0034831417724490166,-0.06254857033491135,58.72402572631836
116,0.11611611396074295,43.090579986572266,-0.003449768526479602,-0.06399902701377869,59.29970169067383
117,0.11711711436510086,43.127140045166016,-0.0034043423365801573,-0.061117347329854965,58.539886474609375
118,0.11811811476945877,43.16373825073242,-0.003403155133128166,-0.06459356844425201,59.57455062866211
119,0.11911911517381668,43.20035934448242,-0.0034078583121299744,-0.0656592845916748,59.84416961669922
120,0.12012011557817459,43.23701477050781,-0.003432180732488632,-0.07295764237642288,61.914306640625
121,0.1211211159825325,43.27370834350586,-0.0034213028848171234,-0.07811451703310013,63.45277786254883
122,0.12212212383747101,43.3104248046875,-0.0034062061458826065,-0.07487164437770844,62.55630874633789
123,0.12312312424182892,43.34716796875,-0.0033924735616892576,-0.07501566410064697,62.669071197509766
124,0.12412412464618683,43.38395309448242,-0.003373440820723772,-0.07255464047193527,62.095603942871094
125,0.12512512505054474,43.42076110839844,-0.0033417493104934692,-0.06884310394525528,61.20589065551758
126,0.12612612545490265,43.45760726928711,-0.0033128231298178434,-0.06963115930557251,61.68362045288086
127,0.12712712585926056,43.494476318359375,-0.0032768191304057837,-0.06419968605041504,60.26584243774414
128,0.12812812626361847,43.5313835144043,-0.0032560694962739944,-0.06323259323835373,60.1594352722168
129,0.12912912666797638,43.56832504272461,-0.0032496091444045305,-0.06397375464439392,60.53594970703125
130,0.1301301270723343,43.605289459228516,-0.0032487260177731514,-0.06370075792074203,60.56486892700195
131,0.1311311274766922,43.64228820800781,-0.003193420823663473,-0.054604995995759964,57.82743453979492
132,0.1321321278810501,43.679317474365234,-0.003146451897919178,-0.05100095272064209,56.76924514770508
133,0.13313312828540802,43.71638107299805,-0.003053479129448533,-0.04570358619093895,55.10805130004883
134,0.13413412868976593,43.753475189208984,-0.0029785949736833572,-0.042667239904403687,54.1075553894043
135,0.13513512909412384,43.79059600830078,-0.002891036681830883,-0.04218527302145958,54.05618667602539
136,0.13613612949848175,43.827762603759766,-0.0028449054807424545,-0.04381829872727394,54.7343864440918
137,0.13713712990283966,43.86494445800781,-0.0028411448001861572,-0.047205910086631775,56.02403259277344
138,0.13813813030719757,43.902164459228516,-0.0028755266685038805,-0.0524766743183136,57.93195343017578
139,0.13913913071155548,43.93941879272461,-0.0028218943625688553,-0.04862509295344353,56.65342712402344
140,0.1401401311159134,43.9766960144043,-0.0028642029501497746,-0.052635129541158676,58.123573303222656
141,0.1411411464214325,44.014015197753906,-0.002880687825381756,-0.05377703160047531,58.57324981689453
142,0.1421421468257904,44.051361083984375,-0.0028682993724942207,-0.052622877061367035,58.2731819152832
143,0.14314314723014832,44.08873748779297,-0.0028935009613633156,-0.058284446597099304,60.46333312988281
144,0.14414414763450623,44.12614822387695,-0.002887359820306301,-0.060123082250356674,61.29734802246094
145,0.14514514803886414,44.1635856628418,-0.002789478050544858,-0.05145418271422386,58.461631774902344
146,0.14614614844322205,44.20106506347656,-0.002702896948903799,-0.046836480498313904,57.021949768066406
147,0.14714714884757996,44.238563537597656,-0.002566633280366659,-0.03960711508989334,54.477333068847656
148,0.14814814925193787,44.27610778808594,-0.0025016835425049067,-0.03705524653196335,53.590946197509766
149,0.14914914965629578,44.31366729736328,-0.0025536534376442432,-0.04065324366092682,55.0514030456543
150,0.1501501500606537,44.35126876831055,-0.0025545665994286537,-0.04120062291622162,55.23145294189453
151,0.1511511504650116,44.38890075683594,-0.0025134924799203873,-0.03899642452597618,54.27813720703125
152,0.1521521508693695,44.426570892333984,-0.002464194782078266,-0.036374740302562714,53.1103515625
153,0.15315315127372742,44.464263916015625,-0.002498597837984562,-0.03840235248208046,53.79718017578125
154,0.15415415167808533,44.50199508666992,-0.0025526233948767185,-0.041918110102415085,55.04780578613281
155,0.15515515208244324,44.53975296020508,-0.002569587668403983,-0.04462629556655884,56.05186080932617
156,0.15615615248680115,44.57754898071289,-0.002552636666223407,-0.045649997889995575,56.47956466674805
157,0.15715715289115906,44.6153678894043,-0.002542241010814905,-0.04776296019554138,57.40855407714844
158,0.15815815329551697,44.653228759765625,-0.002534020459279418,-0.04993438348174095,58.417728424072266
159,0.15915915369987488,44.69111251831055,-0.002519122790545225,-0.05065172165632248,58.894561767578125
160,0.1601601541042328,44.72903823852539,-0.002514084568247199,-0.05213939771056175,59.676727294921875
161,0.1611611545085907,44.76698684692383,-0.002501903800293803,-0.051308516412973404,59.47671127319336
162,0.1621621549129486,44.804969787597656,-0.002456591697409749,-0.046480339020490646,57.60726547241211
163,0.16316315531730652,44.842987060546875,-0.0024322750978171825,-0.04361109435558319,56.457862854003906
164,0.16416415572166443,44.88103485107422,-0.00241913553327322,-0.04390593245625496,56.709251403808594
165,0.16516515612602234,44.91912078857422,-0.002341450657695532,-0.04075163975358009,55.57039260864258
166,0.16616615653038025,44.95723342895508,-0.0022503254003822803,-0.037391241639852524,54.27244186401367
167,0.16716717183589935,44.99538040161133,-0.0022474455181509256,-0.03878574073314667,54.998756408691406
168,0.16816817224025726,45.03356170654297,-0.002363931853324175,-0.048690926283597946,59.38440704345703
169,0.16916917264461517,45.071773529052734,-0.002333971206098795,-0.047215286642313004,58.77214431762695
170,0.17017017304897308,45.110015869140625,-0.00235173013061285,-0.04911491274833679,59.52116394042969
171,0.171171173453331,45.14828872680664,-0.0023408308625221252,-0.04806232452392578,58.9896240234375
172,0.1721721738576889,45.18659973144531,-0.0023133286740630865,-0.04525825008749962,57.677886962890625
173,0.17317317426204681,45.22494125366211,-0.00235385587438941,-0.04802898317575455,58.759647369384766
174,0.17417417466640472,45.2633171081543,-0.00235139112919569,-0.048009391874074936,58.68704605102539
175,0.17517517507076263,45.30172348022461,-0.002360397716984153,-0.050768204033374786,59.958778381347656
176,0.17617617547512054,45.34016036987305,-0.0023013607133179903,-0.04842992499470711,59.16999816894531
177,0.17717717587947845,45.37863540649414,-0.0022572875022888184,-0.04738305136561394,58.92201232910156
178,0.17817817628383636,45.41713333129883,-0.002191652078181505,-0.04418262466788292,57.686553955078125
179,0.17917917668819427,45.45567321777344,-0.0022003832273185253,-0.04540250450372696,58.42924499511719
180,0.18018017709255219,45.49424362182617,-0.0022166685666888952,-0.04653170332312584,59.07161331176758
181,0.1811811774969101,45.53284454345703,-0.0021971389651298523,-0.044719960540533066,58.34958267211914
182,0.182182177901268,45.571475982666016,-0.00221506436355412,-0.04567071050405502,58.85054016113281
183,0.18318317830562592,45.610145568847656,-0.002228999976068735,-0.04750191792845726,59.74205017089844
184,0.18418417870998383,45.64884567260742,-0.002188056707382202,-0.04569680616259575,59.013023376464844
185,0.18518517911434174,45.68758010864258,-0.002157235750928521,-0.04495788738131523,58.703678131103516
186,0.18618617951869965,45.726348876953125,-0.0020965682342648506,-0.04212209954857826,57.35712814331055
187,0.18718717992305756,45.76514434814453,-0.001989108044654131,-0.03722508251667023,54.95674133300781
188,0.18818818032741547,45.803977966308594,-0.0019969965796917677,-0.03918656334280968,55.930519104003906
189,0.18918918073177338,45.84284210205078,-0.001977104926481843,-0.03923908248543739,55.981178283691406
190,0.1901901811361313,45.881744384765625,-0.001938526751473546,-0.03836945444345474,55.64402770996094
191,0.1911911815404892,45.92066955566406,-0.0018897760892286897,-0.0365106537938118,54.80531692504883
192,0.1921921968460083,45.95963668823242,-0.0017980714328587055,-0.032357245683670044,52.6982536315918
193,0.1931931972503662,45.99863052368164,-0.001695513492450118,-0.027769839391112328,50.19317626953125
194,0.19419419765472412,46.037662506103516,-0.0017007258720695972,-0.027844518423080444,50.338775634765625
195,0.19519519805908203,46.07672882080078,-0.001778339734300971,-0.03143654391169548,52.496788024902344
196,0.19619619846343994,46.115821838378906,-0.0017430406296625733,-0.02951015532016754,51.443939208984375
197,0.19719719886779785,46.15495300292969,-0.0017756866291165352,-0.03081698529422283,52.205528259277344
198,0.19819819927215576,46.194114685058594,-0.0018262050580233335,-0.033143457025289536,53.5076904296875
199,0.19919919967651367,46.23331069946289,-0.0018609710969030857,-0.03528155758976936,54.681941986083984
200,0.20020020008087158,46.27254104614258,-0.0018898292910307646,-0.03737763687968254,55.81146240234375
201,0.2012012004852295,46.31180191040039,-0.0019413786940276623,-0.0413416251540184,57.91439437866211
202,0.2022022008895874,46.35110092163086,-0.0019744804594665766,-0.04526309296488762,60.017120361328125
203,0.2032032012939453,46.39043045043945,-0.0019441319163888693,-0.04504135996103287,60.12436294555664
204,0.20420420169830322,46.42979049682617,-0.0019046845845878124,-0.04418017342686653,59.940696716308594
205,0.20520520210266113,46.46918487548828,-0.0018749252194538713,-0.04331916198134422,59.699764251708984
206,0.20620620250701904,46.50861740112305,-0.0018970330711454153,-0.04628417268395424,61.41681671142578
207,0.20720720291137695,46.54807662963867,-0.001901963958516717,-0.04731428623199463,62.05328369140625
208,0.20820820331573486,46.58757400512695,-0.0018957557622343302,-0.04735789820551872,62.19053649902344
209,0.20920920372009277,46.62710189819336,-0.0019014333374798298,-0.049223169684410095,63.37156677246094
210,0.21021020412445068,46.666664123535156,-0.0019008778035640717,-0.05002155154943466,63.94321823120117
211,0.2112112045288086,46.706260681152344,-0.0018931243102997541,-0.04980867728590965,63.92510223388672
212,0.2122122049331665,46.74589157104492,-0.001901552313938737,-0.05187762528657913,65.09899139404297
213,0.21321320533752441,46.78555679321289,-0.0018914986867457628,-0.052349336445331573,65.45244598388672
214,0.21421420574188232,46.825252532958984,-0.0018765366403385997,-0.05238441005349159,65.5814208984375
215,0.21521520614624023,46.864990234375,-0.0018668724223971367,-0.053326863795518875,66.22200775146484
216,0.21621620655059814,46.90475082397461,-0.0018436770187690854,-0.05023305118083954,64.56859588623047
217,0.21721720695495605,46.94455337524414,-0.0018864895682781935,-0.054524004459381104,66.7751693725586
218,0.21821822226047516,46.98438262939453,-0.0018927351338788867,-0.0527639202773571,65.69842529296875
219,0.21921922266483307,47.024253845214844,-0.0019127072300761938,-0.05301835015416145,65.68672180175781
220,0.22022022306919098,47.064151763916016,-0.0018869736231863499,-0.050022728741168976,64.16526794433594
221,0.2212212234735489,47.104087829589844,-0.001863231766037643,-0.04898357391357422,63.753902435302734
222,0.2222222238779068,47.14405059814453,-0.001859211944974959,-0.0506381131708622,64.88401794433594
223,0.2232232242822647,47.18405532836914,-0.0018182650674134493,-0.04873603954911232,64.13916778564453
224,0.22422422468662262,47.22409439086914,-0.0018412522040307522,-0.05250908434391022,66.42929077148438
225,0.22522522509098053,47.264163970947266,-0.0017889795126393437,-0.048253707587718964,64.23761749267578
226,0.22622622549533844,47.304264068603516,-0.0017392936861142516,-0.044424183666706085,62.138389587402344
227,0.22722722589969635,47.34440231323242,-0.0016587382415309548,-0.03892377391457558,58.97044372558594
228,0.22822822630405426,47.384578704833984,-0.0016881044721230865,-0.04052935913205147,59.9558219909668
229,0.22922922670841217,47.424781799316406,-0.0016590362647548318,-0.03819683566689491,58.59233474731445
230,0.23023022711277008,47.465023040771484,-0.001704018097370863,-0.041267070919275284,60.52166748046875
231,0.231231227517128,47.50529479980469,-0.0016481541097164154,-0.03846955671906471,59.00333023071289
232,0.2322322279214859,47.54560470581055,-0.001633257488720119,-0.03865860030055046,59.265296936035156
233,0.2332332283258438,47.58594512939453,-0.001597904833033681,-0.037369370460510254,58.588069915771484
234,0.23423422873020172,47.62632369995117,-0.0015974247362464666,-0.038363706320524216,59.38761901855469
235,0.23523522913455963,47.6667366027832,-0.0015373511705547571,-0.03564142435789108,57.84020233154297
236,0.23623622953891754,47.707176208496094,-0.001542705693282187,-0.036693673580884933,58.693016052246094
237,0.23723722994327545,47.74766540527344,-0.0014909605961292982,-0.033772777765989304,56.85921096801758
238,0.23823823034763336,47.788177490234375,-0.0014315233565866947,-0.030705995857715607,54.79425811767578
239,0.23923923075199127,47.8287239074707,-0.0014282905030995607,-0.030787894502282143,54.80002212524414
240,0.24024023115634918,47.86930847167969,-0.0014062104746699333,-0.030423125252127647,54.49869155883789
241,0.2412412315607071,47.9099235534668,-0.0014251734828576446,-0.03222016617655754,55.72016906738281
242,0.242242231965065,47.95058059692383,-0.001414444763213396,-0.03265928849577904,55.99110794067383
243,0.2432432323694229,47.99126052856445,-0.0013801754685118794,-0.031483475118875504,55.07838439941406
244,0.24424424767494202,48.031982421875,-0.0014173545641824603,-0.03332698717713356,56.315277099609375
245,0.24524524807929993,48.07273864746094,-0.001411642413586378,-0.032830219715833664,55.931358337402344
246,0.24624624848365784,48.113529205322266,-0.0014225125778466463,-0.033467140048742294,56.43360900878906
247,0.24724724888801575,48.154354095458984,-0.0014068111777305603,-0.03284352645277977,56.06935119628906
248,0.24824824929237366,48.19520950317383,-0.0013561807572841644,-0.03049406036734581,54.44470977783203
249,0.24924924969673157,48.236106872558594,-0.0013052509166300297,-0.028478657826781273,53.006935119628906
250,0.2502502501010895,48.277034759521484,-0.0012772716581821442,-0.027233920991420746,52.082942962646484
251,0.2512512505054474,48.317996978759766,-0.0012576242443174124,-0.02627740614116192,51.30738067626953
252,0.2522522509098053,48.35899353027344,-0.0012160363839939237,-0.02517526037991047,50.420814514160156
253,0.2532532513141632,48.40003204345703,-0.0012257517082616687,-0.026101846247911453,51.18424987792969
254,0.2542542517185211,48.44109344482422,-0.0012850809143856168,-0.02890060655772686,53.4121208190918
255,0.25525525212287903,48.48219680786133,-0.0012790410546585917,-0.02924676612019539,53.672264099121094
256,0.25625625252723694,48.52333450317383,-0.0013381351018324494,-0.0323072113096714,56.026878356933594
257,0.25725725293159485,48.564510345458984,-0.0013536510523408651,-0.03327244147658348,56.7440299987793
258,0.25825825333595276,48.605712890625,-0.0013266270980238914,-0.03244045376777649,56.175148010253906
259,0.25925925374031067,48.64695739746094,-0.0012910246150568128,-0.031376928091049194,55.4485969543457
260,0.2602602541446686,48.688236236572266,-0.0013300844002515078,-0.03367505595088005,57.28208923339844
261,0.2612612545490265,48.729549407958984,-0.00136417371686548,-0.035754699259996414,58.90546417236328
262,0.2622622549533844,48.770896911621094,-0.0013270589988678694,-0.033695053309202194,57.494873046875
263,0.2632632553577423,48.812278747558594,-0.0013026795350015163,-0.032643821090459824,56.846092224121094
264,0.2642642557621002,48.85369110107422,-0.0013029664987698197,-0.03275257349014282,57.090274810791016
265,0.26526525616645813,48.895145416259766,-0.001273728208616376,-0.03143347054719925,56.22784423828125
266,0.26626625657081604,48.93663787841797,-0.0012826957972720265,-0.03206297755241394,56.85588836669922
267,0.26726725697517395,48.97815704345703,-0.0013169969897717237,-0.03447435423731804,58.8491096496582
268,0.26826825737953186,49.01971435546875,-0.001327417092397809,-0.035799574106931686,60.008609771728516
269,0.26926925778388977,49.061309814453125,-0.0012686779955402017,-0.033405546098947525,58.32283401489258
270,0.2702702581882477,49.10293960571289,-0.0012636487372219563,-0.03408399596810341,58.921504974365234
271,0.2712712585926056,49.14460754394531,-0.0012237783521413803,-0.0327933095395565,57.86445999145508
272,0.2722722589969635,49.18630599975586,-0.0011585720349103212,-0.03050289675593376,55.851070404052734
273,0.2732732594013214,49.2280387878418,-0.001192380441352725,-0.032794754952192307,57.68180465698242
274,0.2742742598056793,49.26980972290039,-0.001120497123338282,-0.03016931377351284,55.36921310424805
275,0.27527526021003723,49.31161880493164,-0.0012098001316189766,-0.03466702252626419,59.23897171020508
276,0.27627626061439514,49.35345458984375,-0.0011438708752393723,-0.03165377676486969,56.703338623046875
277,0.27727726101875305,49.39533233642578,-0.0012032417580485344,-0.03423206880688667,58.905303955078125
278,0.27827826142311096,49.4372444152832,-0.0012701763771474361,-0.038014039397239685,62.016326904296875
279,0.27927926182746887,49.479190826416016,-0.0012371434131637216,-0.03608417138457298,60.56914520263672
280,0.2802802622318268,49.52117156982422,-0.0012775151990354061,-0.03820779547095299,62.25071716308594
281,0.2812812626361847,49.56319046020508,-0.0012515023117884994,-0.03647608309984207,60.892337799072266
282,0.282282292842865,49.60525131225586,-0.0012259460054337978,-0.035563159734010696,60.242942810058594
283,0.2832832932472229,49.6473388671875,-0.0011910446919500828,-0.03439893573522568,59.36720275878906
284,0.2842842936515808,49.6894645690918,-0.0011392147280275822,-0.03254769369959831,57.822364807128906
285,0.2852852940559387,49.73162841796875,-0.001146884635090828,-0.03344326093792915,58.67349624633789
286,0.28628629446029663,49.77382278442383,-0.0011472748592495918,-0.03390326723456383,59.164161682128906
287,0.28728729486465454,49.81605911254883,-0.0012235792819410563,-0.03817979618906975,62.85902786254883
288,0.28828829526901245,49.85832595825195,-0.0012077752035111189,-0.03745453432202339,62.38328170776367
289,0.28928929567337036,49.900630950927734,-0.0012025656178593636,-0.03748083859682083,62.580657958984375
290,0.29029029607772827,49.94297409057617,-0.0011549555929377675,-0.03512754663825035,60.788848876953125
291,0.2912912964820862,49.985355377197266,-0.001140861539170146,-0.03484051674604416,60.729400634765625
292,0.2922922968864441,50.02776336669922,-0.0011454618070274591,-0.03550488129258156,61.42558288574219
293,0.293293297290802,50.07020950317383,-0.0011948226019740105,-0.038959454745054245,64.42750549316406
294,0.2942942976951599,50.11269760131836,-0.0011890240712091327,-0.03857427462935448,64.09046936035156
295,0.2952952980995178,50.155216217041016,-0.0011941147968173027,-0.03876180946826935,64.2099838256836
296,0.29629629850387573,50.197776794433594,-0.0011611648369580507,-0.036469899117946625,62.308433532714844
297,0.29729729890823364,50.2403678894043,-0.0011157349217683077,-0.03366813436150551,59.86091232299805
298,0.29829829931259155,50.282997131347656,-0.0011385357938706875,-0.03534907475113869,61.38587188720703
299,0.29929929971694946,50.32566452026367,-0.0011339865159243345,-0.03543796017765999,61.517173767089844
300,0.3003003001213074,50.36836242675781,-0.0011402973905205727,-0.03629593923687935,62.287078857421875
301,0.3013013005256653,50.41109848022461,-0.00113893230445683,-0.03690755367279053,62.852928161621094
302,0.3023023009300232,50.45387649536133,-0.0011305601801723242,-0.03724803775548935,63.13427734375
303,0.3033033013343811,50.49668502807617,-0.0011197412386536598,-0.03702004998922348,62.788612365722656
304,0.304304301738739,50.53953552246094,-0.0011082763085141778,-0.03696470335125923,62.66880798339844
305,0.3053053021430969,50.58241653442383,-0.0010976108023896813,-0.036347392946481705,62.02237319946289
306,0.30630630254745483,50.625335693359375,-0.0010791802778840065,-0.034682463854551315,60.39907455444336
307,0.30730730295181274,50.66829299926758,-0.0010837665759027004,-0.034677740186452866,60.41242980957031
308,0.30830830335617065,50.71128463745117,-0.0010818929877132177,-0.03423866257071495,60.14815139770508
309,0.30930930376052856,50.754310607910156,-0.0010765263577923179,-0.03402383252978325,60.272377014160156
310,0.3103103041648865,50.79737854003906,-0.0010452570859342813,-0.03238774091005325,59.09382629394531
311,0.3113113045692444,50.840476989746094,-0.0010238095419481397,-0.031624749302864075,58.715675354003906
312,0.3123123049736023,50.88361358642578,-0.0009917293209582567,-0.03057975508272648,57.996185302734375
313,0.3133133053779602,50.92679214477539,-0.0009822066640481353,-0.03041691519320011,58.07350540161133
314,0.3143143057823181,50.97000503540039,-0.0010211565531790257,-0.03257656469941139,60.413394927978516
315,0.315315306186676,51.01325225830078,-0.0010309540666639805,-0.03317758068442345,61.111175537109375
316,0.31631630659103394,51.056541442871094,-0.0010596096981316805,-0.03479800745844841,62.69623947143555
317,0.31731730699539185,51.099857330322266,-0.0010589717421680689,-0.03464754298329353,62.56277847290039
318,0.31831830739974976,51.14321517944336,-0.001073966734111309,-0.035726021975278854,63.62062072753906
319,0.31931930780410767,51.186614990234375,-0.0010849467944353819,-0.03667107969522476,64.60546112060547
320,0.3203203082084656,51.23004913330078,-0.0010933983139693737,-0.037652064114809036,65.63388061523438
321,0.3213213086128235,51.27351379394531,-0.0010746923508122563,-0.03652412071824074,64.6935043334961
322,0.3223223090171814,51.317020416259766,-0.001080328831449151,-0.03705618530511856,65.2132797241211
323,0.3233233094215393,51.36056137084961,-0.0010764433536678553,-0.03708629682660103,65.23851776123047
324,0.3243243098258972,51.40414047241211,-0.0010084871901199222,-0.03334285691380501,61.720699310302734
325,0.3253253102302551,51.44776153564453,-0.0010005979565903544,-0.03345407173037529,61.922855377197266
326,0.32632631063461304,51.49141311645508,-0.0009988618548959494,-0.0338127575814724,62.37632369995117
327,0.32732731103897095,51.53510284423828,-0.0010091064032167196,-0.03490900620818138,63.58152770996094
328,0.32832831144332886,51.578834533691406,-0.0010258238762617111,-0.03634950891137123,65.11495971679688
329,0.32932931184768677,51.622596740722656,-0.0010233547072857618,-0.03665851429104805,65.54285430908203
330,0.3303303122520447,51.66639709472656,-0.0010460260091349483,-0.0385836698114872,67.47970581054688
331,0.3313313126564026,51.71023941040039,-0.0010764801409095526,-0.04097969830036163,69.74745178222656
332,0.3323323130607605,51.754112243652344,-0.0011094415094703436,-0.043799977749586105,72.29147338867188
333,0.3333333432674408,51.79802703857422,-0.0011101963464170694,-0.043384723365306854,71.80867767333984
334,0.3343343436717987,51.84197998046875,-0.0011449784506112337,-0.046977948397397995,74.9376449584961
335,0.3353353440761566,51.88597106933594,-0.0011243162443861365,-0.045327089726924896,73.64152526855469
336,0.3363363444805145,51.92999267578125,-0.0010975082404911518,-0.04298592731356621,71.61943054199219
337,0.33733734488487244,51.974056243896484,-0.001088710268959403,-0.04283204302191734,71.609375
338,0.33833834528923035,52.018157958984375,-0.0010967811103910208,-0.04437093436717987,73.11192321777344
339,0.33933934569358826,52.06229782104492,-0.0010649303440004587,-0.04238000139594078,71.35909271240234
340,0.34034034609794617,52.106468200683594,-0.0010648004245012999,-0.04323827847838402,72.22993469238281
341,0.3413413465023041,52.15068054199219,-0.0010534340981394053,-0.04296620562672615,72.06832885742188
342,0.342342346906662,52.19493103027344,-0.0010748805943876505,-0.04536473751068115,74.40742492675781
343,0.3433433473110199,52.23921585083008,-0.0010914631420746446,-0.046919334679841995,75.92498779296875
344,0.3443443477153778,52.283546447753906,-0.001071010367013514,-0.045074187219142914,74.37127685546875
345,0.3453453481197357,52.327911376953125,-0.001081090304069221,-0.046222347766160965,75.60136413574219
346,0.34634634852409363,52.372310638427734,-0.0010786771308630705,-0.04607643187046051,75.65802764892578
347,0.34734734892845154,52.416744232177734,-0.0010377794969826937,-0.042020224034786224,71.92908477783203
348,0.34834834933280945,52.46122360229492,-0.000991009408608079,-0.03874778375029564,68.92188262939453
349,0.34934934973716736,52.505733489990234,-0.0010069255949929357,-0.04079841449856758,71.14672088623047
350,0.35035035014152527,52.55028533935547,-0.0009928246727213264,-0.04012124240398407,70.5338134765625
351,0.3513513505458832,52.594879150390625,-0.0009838852565735579,-0.039887234568595886,70.35014343261719
352,0.3523523509502411,52.639503479003906,-0.0009937724098563194,-0.04118271917104721,71.67859649658203
353,0.353353351354599,52.68416976928711,-0.00097752851434052,-0.03986399993300438,70.28287506103516
354,0.3543543517589569,52.72887420654297,-0.0009431529324501753,-0.03698669373989105,67.24075317382812
355,0.3553553521633148,52.77360916137695,-0.0009341585682705045,-0.03624079003930092,66.37650299072266
356,0.35635635256767273,52.81839370727539,-0.0009438204579055309,-0.03726156800985336,67.4674072265625
357,0.35735735297203064,52.86320495605469,-0.0009219418279826641,-0.03539150208234787,65.46470642089844
358,0.35835835337638855,52.90806198120117,-0.00092932308325544,-0.03618320822715759,66.3759994506836
359,0.35935935378074646,52.95295333862305,-0.0009140882175415754,-0.0356573611497879,65.95977020263672
360,0.36036035418510437,52.99788284301758,-0.0009146056254394352,-0.03667737543582916,67.30170440673828
361,0.3613613545894623,53.0428581237793,-0.0009057825081981719,-0.03645116090774536,67.17787170410156
362,0.3623623549938202,53.087860107421875,-0.0008873576880432665,-0.035280656069517136,65.9734115600586
363,0.3633633553981781,53.13290786743164,-0.0008692046394571662,-0.03403721749782562,64.63672637939453
364,0.364364355802536,53.1779899597168,-0.0008955782977864146,-0.03617577999830246,67.23937225341797
365,0.3653653562068939,53.223114013671875,-0.0008833319880068302,-0.03611598536372185,67.4657974243164
366,0.36636635661125183,53.268272399902344,-0.0008898444939404726,-0.03754839673638344,69.40718841552734
367,0.36736735701560974,53.31346893310547,-0.0009074921254068613,-0.039609216153621674,71.98655700683594
368,0.36836835741996765,53.358707427978516,-0.0008889312739484012,-0.03817536681890488,70.58818817138672
369,0.36936935782432556,53.40398025512695,-0.0009165953961201012,-0.040495242923498154,73.26699829101562
370,0.37037035822868347,53.44929885864258,-0.000949449953623116,-0.043359026312828064,76.37711334228516
371,0.3713713586330414,53.49464797973633,-0.0009444030583836138,-0.04233785346150398,75.28923034667969
372,0.3723723590373993,53.5400390625,-0.0009653718443587422,-0.04395829886198044,77.00176239013672
373,0.3733733594417572,53.58546829223633,-0.0009415827225893736,-0.041203875094652176,74.0749740600586
374,0.3743743598461151,53.63093566894531,-0.0009314333437941968,-0.0400422029197216,72.7495346069336
375,0.375375360250473,53.67644500732422,-0.0009097983129322529,-0.038499779999256134,71.05094146728516
376,0.37637636065483093,53.721988677978516,-0.0009084426565095782,-0.03898511454463005,71.69430541992188
377,0.37737736105918884,53.76757049560547,-0.0009102080948650837,-0.03934493660926819,72.12956237792969
378,0.37837836146354675,53.813194274902344,-0.000918001402169466,-0.040056947618722916,72.91236114501953
379,0.37937936186790466,53.858856201171875,-0.0009020920260809362,-0.039017170667648315,71.89511108398438
380,0.3803803622722626,53.9045524597168,-0.0009019523276947439,-0.039317574352025986,72.35749053955078
381,0.3813813626766205,53.950294494628906,-0.0009004555176943541,-0.03986474126577377,73.20072937011719
382,0.3823823630809784,53.996070861816406,-0.0008993971860036254,-0.04024417698383331,73.81759643554688
383,0.3833833634853363,54.04188919067383,-0.0008744726656004786,-0.03815300390124321,71.6828842163086
384,0.3843843936920166,54.08774185180664,-0.0008955090888775885,-0.04060979560017586,74.72517395019531
385,0.3853853940963745,54.133636474609375,-0.000923507905099541,-0.043593984097242355,78.17622375488281
386,0.3863863945007324,54.1795654296875,-0.0008952727657742798,-0.03962225094437599,73.8601303100586
387,0.38738739490509033,54.22554016113281,-0.0009152640122920275,-0.04105110466480255,75.56183624267578
388,0.38838839530944824,54.271549224853516,-0.0008921296102926135,-0.038830991834402084,73.30335998535156
389,0.38938939571380615,54.317596435546875,-0.000874066783580929,-0.03751141577959061,71.9551010131836
390,0.39039039611816406,54.363685607910156,-0.0008550829370506108,-0.03598396107554436,70.20494842529297
391,0.391391396522522,54.40981674194336,-0.0008656448917463422,-0.03711972385644913,71.47972106933594
392,0.3923923969268799,54.45597839355469,-0.000843996531330049,-0.03603426739573479,70.18335723876953
393,0.3933933973312378,54.502193450927734,-0.0008039776585064828,-0.034449394792318344,68.37124633789062
394,0.3943943977355957,54.54843521118164,-0.0007840796606615186,-0.03443099930882454,68.44091033935547
395,0.3953953981399536,54.59471893310547,-0.000756302266381681,-0.03361476957798004,67.4669418334961
396,0.3963963985443115,54.64104080200195,-0.0007576039060950279,-0.03476069122552872,68.99739837646484
397,0.39739739894866943,54.68740463256836,-0.0007731597870588303,-0.03708368539810181,72.05952453613281
398,0.39839839935302734,54.73381042480469,-0.0007714983075857162,-0.03701377660036087,71.93215942382812
399,0.39939939975738525,54.780250549316406,-0.000762794865295291,-0.035748884081840515,70.18424224853516
400,0.40040040016174316,54.82673263549805,-0.0007548359571956098,-0.034402329474687576,68.34383392333984
401,0.4014014005661011,54.87324905395508,-0.0007502317894250154,-0.03389791026711464,67.76717376708984
402,0.402402400970459,54.91980743408203,-0.0007592869224026799,-0.03482693433761597,69.12194061279297
403,0.4034034013748169,54.96641540527344,-0.0007679928094148636,-0.03614213690161705,71.04222106933594
404,0.4044044017791748,55.01305389404297,-0.0007617159280925989,-0.035495832562446594,70.32622528076172
405,0.4054054021835327,55.059730529785156,-0.0007631172193214297,-0.03523603454232216,70.05707550048828
406,0.4064064025878906,55.106449127197266,-0.0007604040438309312,-0.034628573805093765,69.35220336914062
407,0.40740740299224854,55.1532096862793,-0.0007549850852228701,-0.03411087021231651,68.83289337158203
408,0.40840840339660645,55.200008392333984,-0.0007611584151163697,-0.0349542461335659,70.14398193359375
409,0.40940940380096436,55.24684524536133,-0.0007616996299475431,-0.03526972234249115,70.71946716308594
410,0.41041040420532227,55.293724060058594,-0.0007714382954873145,-0.03618159517645836,71.94903564453125
411,0.4114114046096802,55.340641021728516,-0.0007845194777473807,-0.03761105239391327,73.80230712890625
412,0.4124124050140381,55.38759231567383,-0.0007801312603987753,-0.036906708031892776,72.89115905761719
413,0.413413405418396,55.43458938598633,-0.000766097626183182,-0.03508496657013893,70.49445343017578
414,0.4144144058227539,55.481624603271484,-0.0007881264318712056,-0.03700878471136093,72.92859649658203
415,0.4154154062271118,55.52870178222656,-0.0007888906984589994,-0.03671960160136223,72.54440307617188
416,0.4164164066314697,55.5758171081543,-0.0008073835051618516,-0.03895097225904465,75.42767333984375
417,0.41741740703582764,55.62297439575195,-0.0007921504438854754,-0.03806152567267418,74.52342987060547
418,0.41841840744018555,55.67017364501953,-0.0007779849111102521,-0.03821580857038498,75.09574890136719
419,0.41941940784454346,55.71741485595703,-0.0007447900716215372,-0.03567471355199814,71.99594116210938
420,0.42042040824890137,55.764686584472656,-0.000750445993617177,-0.03702816739678383,73.8749008178711
421,0.4214214086532593,55.81200408935547,-0.0007610486936755478,-0.03833616152405739,75.50875091552734
422,0.4224224090576172,55.85935592651367,-0.0007672141655348241,-0.0387268029153347,75.8122787475586
423,0.4234234094619751,55.90675735473633,-0.0007613417692482471,-0.03709553927183151,73.36994934082031
424,0.424424409866333,55.954193115234375,-0.0007612690096721053,-0.03688802570104599,72.97444152832031
425,0.4254254102706909,56.00166702270508,-0.0007535820477642119,-0.037376146763563156,73.8359375
426,0.42642641067504883,56.04918670654297,-0.0007074926979839802,-0.03359035775065422,68.94171905517578
427,0.42742741107940674,56.096744537353516,-0.0006974282441660762,-0.03374398872256279,69.43827819824219
428,0.42842841148376465,56.14434814453125,-0.0006809807964600623,-0.03257720172405243,67.89696502685547
429,0.42942941188812256,56.191978454589844,-0.0006713723996654153,-0.03170130401849747,66.64852142333984
430,0.43043041229248047,56.239662170410156,-0.0006701499223709106,-0.031316760927438736,66.07476806640625
431,0.4314314126968384,56.287384033203125,-0.0006615652237087488,-0.03022453747689724,64.46549987792969
432,0.4324324131011963,56.335140228271484,-0.0006529245874844491,-0.029856819659471512,64.12905883789062
433,0.4334334135055542,56.3829460144043,-0.0006516731809824705,-0.030190104618668556,64.90626525878906
434,0.4344344139099121,56.430782318115234,-0.0006731559988111258,-0.032290827482938766,68.28660583496094
435,0.43543541431427,56.478668212890625,-0.0006693783216178417,-0.03202921897172928,68.0470962524414
436,0.4364364445209503,56.526588439941406,-0.0006636440521106124,-0.03150217607617378,67.3538589477539
437,0.4374374449253082,56.574554443359375,-0.0006775492220185697,-0.03283451125025749,69.41358947753906
438,0.43843844532966614,56.62255859375,-0.0006604589289054275,-0.031097326427698135,66.8719253540039
439,0.43943944573402405,56.67060089111328,-0.0006782861310057342,-0.032582543790340424,69.1316146850586
440,0.44044044613838196,56.718685150146484,-0.000691157067194581,-0.03386268392205238,71.0650634765625
441,0.44144144654273987,56.76681137084961,-0.0006779913092032075,-0.03254488483071327,69.18042755126953
442,0.4424424469470978,56.814979553222656,-0.0006748726591467857,-0.03273991867899895,69.53693389892578
443,0.4434434473514557,56.86318588256836,-0.0006648482521995902,-0.032075509428977966,68.52540588378906
444,0.4444444477558136,56.911434173583984,-0.000661682803183794,-0.03188023716211319,68.18347930908203
445,0.4454454481601715,56.95972442626953,-0.0006565141375176609,-0.031651873141527176,67.88927459716797
446,0.4464464485645294,57.008056640625,-0.0006461016600951552,-0.03089154325425625,66.8194580078125
447,0.44744744896888733,57.056427001953125,-0.000663293176330626,-0.032863907516002655,69.96707153320312
448,0.44844844937324524,57.10483932495117,-0.0006590879056602716,-0.03279902786016464,70.0660171508789
449,0.44944944977760315,57.153297424316406,-0.0006509298691526055,-0.03220167011022568,69.3116683959961
450,0.45045045018196106,57.20178985595703,-0.0006410873029381037,-0.031414128839969635,68.28887176513672
451,0.45145145058631897,57.25032424926758,-0.0006291141617111862,-0.030237367376685143,66.57262420654297
452,0.4524524509906769,57.29890060424805,-0.0006360950646921992,-0.03084295243024826,67.63612365722656
453,0.4534534513950348,57.3475227355957,-0.0006403992883861065,-0.03096688911318779,67.88142395019531
454,0.4544544517993927,57.396183013916016,-0.0006576551822945476,-0.03245149180293083,70.22704315185547
455,0.4554554522037506,57.444881439208984,-0.0006652864394709468,-0.03304078429937363,71.15347290039062
456,0.4564564526081085,57.49362564086914,-0.0006748507730662823,-0.034742482006549835,73.87229919433594
457,0.45745745301246643,57.54240417480469,-0.0006622419459745288,-0.03402557596564293,73.09024810791016
458,0.45845845341682434,57.59122848510742,-0.0006585883675143123,-0.034755393862724304,74.5132827758789
459,0.45945945382118225,57.640098571777344,-0.0006493754917755723,-0.034480735659599304,74.36602020263672
460,0.46046045422554016,57.68900680541992,-0.00064456945983693,-0.03417982533574104,73.98814392089844
461,0.46146145462989807,57.73795700073242,-0.0006348380702547729,-0.033262476325035095,72.66329193115234
462,0.462462455034256,57.786949157714844,-0.0006484971381723881,-0.035187266767024994,75.7071533203125
463,0.4634634554386139,57.83598327636719,-0.0006345424917526543,-0.03338697925209999,72.96562957763672
464,0.4644644558429718,57.88505554199219,-0.0006350248586386442,-0.033115778118371964,72.48987579345703
465,0.4654654562473297,57.934165954589844,-0.0006388448528014123,-0.03334576264023781,72.83483123779297
466,0.4664664566516876,57.98332977294922,-0.0006506635691039264,-0.03567133843898773,76.65897369384766
467,0.46746745705604553,58.03252410888672,-0.0006482026074081659,-0.036318451166152954,77.96401977539062
468,0.46846845746040344,58.08176803588867,-0.0006380138802342117,-0.03560405969619751,77.13963317871094
469,0.46946945786476135,58.131046295166016,-0.0006344564026221633,-0.03572838753461838,77.54759979248047
470,0.47047045826911926,58.18037414550781,-0.0006132060079835355,-0.03300986438989639,73.2798080444336
471,0.4714714586734772,58.229740142822266,-0.0006197133334353566,-0.03389871120452881,74.6856460571289
472,0.4724724590778351,58.27914810180664,-0.000621149898506701,-0.033808570355176926,74.38481140136719
473,0.473473459482193,58.32859802246094,-0.0006245971308089793,-0.03419116139411926,74.90271759033203
474,0.4744744598865509,58.37809371948242,-0.0006099652964621782,-0.0328640416264534,72.91260528564453
475,0.4754754602909088,58.42762756347656,-0.0005915574147365987,-0.031009182333946228,69.91474914550781
476,0.4764764606952667,58.47719955444336,-0.000589021248742938,-0.03057754598557949,69.14804077148438
477,0.47747746109962463,58.52682113647461,-0.0005905121797695756,-0.03021473065018654,68.38178253173828
478,0.47847846150398254,58.57647705078125,-0.000597412115894258,-0.030421048402786255,68.576416015625
479,0.47947946190834045,58.626182556152344,-0.0006025162292644382,-0.0304829403758049,68.5891342163086
480,0.48048046231269836,58.675926208496094,-0.0006034171674400568,-0.030895782634615898,69.43941497802734
481,0.4814814627170563,58.725711822509766,-0.0005815726472064853,-0.02933862991631031,67.07111358642578
482,0.4824824631214142,58.775543212890625,-0.0005828631110489368,-0.030027244240045547,68.51182556152344
483,0.4834834635257721,58.82541275024414,-0.0005725334631279111,-0.029332676902413368,67.48767852783203
484,0.48448446393013,58.875328063964844,-0.0005775607423856854,-0.02970641665160656,68.18849182128906
485,0.4854854643344879,58.92528533935547,-0.0005727714160457253,-0.0289765577763319,66.87000274658203
486,0.4864864647388458,58.97528076171875,-0.0005778413033112884,-0.029476135969161987,67.793212890625
487,0.4874874949455261,59.025325775146484,-0.0005755695165134966,-0.029723912477493286,68.38385009765625
488,0.48848849534988403,59.07540512084961,-0.00056007708190009,-0.028596973046660423,66.45890808105469
489,0.48948949575424194,59.12553024291992,-0.0005370235303416848,-0.026952574029564857,63.472434997558594
490,0.49049049615859985,59.17570114135742,-0.0005403674440458417,-0.02732299640774727,64.22721099853516
491,0.49149149656295776,59.22591781616211,-0.0005405792617239058,-0.027600111439824104,64.8008041381836
492,0.4924924969673157,59.27616500854492,-0.0005146795301698148,-0.025987563654780388,61.7732048034668
493,0.4934934973716736,59.32646560668945,-0.0004890699055977166,-0.02445407025516033,58.74300003051758
494,0.4944944977760315,59.376800537109375,-0.0004622344276867807,-0.02278187870979309,55.25901794433594
495,0.4954954981803894,59.427181243896484,-0.00046501983888447285,-0.022892575711011887,55.55546188354492
496,0.4964964985847473,59.47761154174805,-0.0004640350816771388,-0.022838976234197617,55.50899124145508
497,0.4974974989891052,59.528072357177734,-0.00044765332131646574,-0.021971020847558975,53.7522087097168
498,0.49849849939346313,59.57858657836914,-0.000443479570094496,-0.021884186193346977,53.74080276489258
499,0.49949949979782104,59.62913513183594,-0.0004248790501151234,-0.020670466125011444,51.07625198364258
500,0.500500500202179,59.67972946166992,-0.00042624189518392086,-0.02084348537027836,51.612735748291016
501,0.5015015006065369,59.73036575317383,-0.00043447743519209325,-0.02139599807560444,53.0010986328125
502,0.5025025010108948,59.78105163574219,-0.0004454068257473409,-0.021990034729242325,54.425331115722656
503,0.5035035014152527,59.83177947998047,-0.00044329481897875667,-0.021738188341259956,53.951515197753906
504,0.5045045018196106,59.88254165649414,-0.00044965220149606466,-0.022094152867794037,54.83822250366211
505,0.5055055022239685,59.93335723876953,-0.00047770998207852244,-0.02383369952440262,58.640647888183594
506,0.5065065026283264,59.98421096801758,-0.0005013323971070349,-0.02540050446987152,61.91566848754883
507,0.5075075030326843,60.03510665893555,-0.0005072224303148687,-0.025951500982046127,63.09209060668945
508,0.5085085034370422,60.08604431152344,-0.0005025393329560757,-0.025884494185447693,62.98733139038086
509,0.5095095038414001,60.13703155517578,-0.0005118065164424479,-0.02668083645403385,64.51318359375
510,0.5105105042457581,60.18806076049805,-0.0005281292833387852,-0.027846092358231544,66.66010284423828
511,0.511511504650116,60.2391242980957,-0.0005327295511960983,-0.028168436139822006,67.20913696289062
512,0.5125125050544739,60.29024124145508,-0.0005107386386953294,-0.026297548785805702,63.52959442138672
513,0.5135135054588318,60.341392517089844,-0.0005315503804013133,-0.02793268673121929,66.65088653564453
514,0.5145145058631897,60.39259719848633,-0.0005283976206555963,-0.027761874720454216,66.30433654785156
515,0.5155155062675476,60.44384002685547,-0.0005309969419613481,-0.027938872575759888,66.59300994873047
516,0.5165165066719055,60.495121002197266,-0.0005043026758357882,-0.026233522221446037,63.372379302978516
517,0.5175175070762634,60.54645538330078,-0.0005054583889432251,-0.026889359578490257,64.96241760253906
518,0.5185185074806213,60.59783172607422,-0.00048050459008663893,-0.02554391883313656,62.56705856323242
519,0.5195195078849792,60.64924621582031,-0.00047036822070367634,-0.02503567934036255,61.72528839111328
520,0.5205205082893372,60.700706481933594,-0.00046321385889314115,-0.024718808010220528,61.295860290527344
521,0.5215215086936951,60.75221252441406,-0.00047219853149726987,-0.025432638823986053,63.03590393066406
522,0.522522509098053,60.80376434326172,-0.0004941942170262337,-0.026954757049679756,66.29545593261719
523,0.5235235095024109,60.85535430908203,-0.0004904760280624032,-0.026724016293883324,65.99574279785156
524,0.5245245099067688,60.90699005126953,-0.0005173832178115845,-0.029034258797764778,70.75363159179688
525,0.5255255103111267,60.95866775512695,-0.0005195070989429951,-0.029428504407405853,71.581298828125
526,0.5265265107154846,61.01039123535156,-0.000512214726768434,-0.02883753553032875,70.40534210205078
527,0.5275275111198425,61.06216049194336,-0.0005168369389139116,-0.02921782247722149,71.06316375732422
528,0.5285285115242004,61.11397171020508,-0.0004938147612847388,-0.027170751243829727,66.89198303222656
529,0.5295295119285583,61.165828704833984,-0.0004969314904883504,-0.02718634158372879,66.8200912475586
530,0.5305305123329163,61.21773147583008,-0.0004971316084265709,-0.02715696394443512,66.80833435058594
531,0.5315315127372742,61.26966857910156,-0.00048079181578941643,-0.02618631348013878,65.04739379882812
532,0.5325325131416321,61.3216552734375,-0.0004785566998180002,-0.026243027299642563,65.42365264892578
533,0.53353351354599,61.373695373535156,-0.0004770894884131849,-0.026222940534353256,65.57373046875
534,0.5345345139503479,61.4257698059082,-0.00048198713921010494,-0.02649582549929619,66.20964813232422
535,0.5355355143547058,61.47788619995117,-0.0004714733804576099,-0.025768928229808807,64.68904113769531
536,0.5365365147590637,61.530052185058594,-0.00048334000166505575,-0.026668976992368698,66.50342559814453
537,0.5375375151634216,61.5822639465332,-0.000479431648273021,-0.026505136862397194,66.025146484375
538,0.5385385155677795,61.63451385498047,-0.0004587511357385665,-0.02530338428914547,63.51557159423828
539,0.5395395755767822,61.68681716918945,-0.00045256721205078065,-0.0249995905905962,62.898380279541016
540,0.5405405759811401,61.73915481567383,-0.0004365852801129222,-0.023649144917726517,59.86642074584961
541,0.541541576385498,61.791542053222656,-0.0004385337233543396,-0.023802757263183594,60.31758499145508
542,0.542542576789856,61.843971252441406,-0.0004486344405449927,-0.024806605651974678,62.7502326965332
543,0.5435435771942139,61.89645004272461,-0.0004342661122791469,-0.02374078705906868,60.464256286621094
544,0.5445445775985718,61.94896697998047,-0.0004362660110928118,-0.023944329470396042,61.026451110839844
545,0.5455455780029297,62.001529693603516,-0.0004354554112069309,-0.023990528658032417,61.28448486328125
546,0.5465465784072876,62.05413818359375,-0.0004283267189748585,-0.02347826585173607,60.191734313964844
547,0.5475475788116455,62.10679244995117,-0.0004276333493180573,-0.02373012900352478,60.8963623046875
548,0.5485485792160034,62.159488677978516,-0.0004306133196223527,-0.024342864751815796,62.40699768066406
549,0.5495495796203613,62.21223068237305,-0.0004341312451288104,-0.024903101846575737,63.73746109008789
550,0.5505505800247192,62.26502227783203,-0.0004291982913855463,-0.024666598066687584,63.180171966552734
551,0.5515515804290771,62.31785202026367,-0.0004184805729892105,-0.02391321025788784,61.39133071899414
552,0.5525525808334351,62.3707275390625,-0.0004071249859407544,-0.023130448535084724,59.52938461303711
553,0.553553581237793,62.42365264892578,-0.00040354786324314773,-0.023116957396268845,59.65633773803711
554,0.5545545816421509,62.476619720458984,-0.0003907612699549645,-0.022028539329767227,57.07532501220703
555,0.5555555820465088,62.52962875366211,-0.0003900072770193219,-0.02197185344994068,57.105831146240234
556,0.5565565824508667,62.58268737792969,-0.000396330957300961,-0.022471066564321518,58.52659225463867
557,0.5575575828552246,62.63578796386719,-0.000393015390727669,-0.02187533676624298,57.16508102416992
558,0.5585585832595825,62.688934326171875,-0.00039442064007744193,-0.021761611104011536,57.083740234375
559,0.5595595836639404,62.74212646484375,-0.0004104147956240922,-0.023020608350634575,60.40248489379883
560,0.5605605840682983,62.79536437988281,-0.0004010016855318099,-0.02169089764356613,57.21638107299805
561,0.5615615844726562,62.8486442565918,-0.0004026669485028833,-0.021599899977445602,57.11474609375
562,0.5625625848770142,62.901973724365234,-0.0004040673084091395,-0.021680813282728195,57.43598556518555
563,0.5635635852813721,62.955345153808594,-0.0003987012314610183,-0.021326841786503792,56.702274322509766
564,0.56456458568573,63.008766174316406,-0.0004057451442349702,-0.02195861004292965,58.3520622253418
565,0.5655655860900879,63.062225341796875,-0.00041850964771583676,-0.02307361736893654,61.065067291259766
566,0.5665665864944458,63.11573791503906,-0.00040545148658566177,-0.02202880196273327,58.58968734741211
567,0.5675675868988037,63.16929244995117,-0.00038948009023442864,-0.02073097974061966,55.44379425048828
568,0.5685685873031616,63.2228889465332,-0.00040877729770727456,-0.022963786497712135,61.0952262878418
569,0.5695695877075195,63.27653503417969,-0.00041084870463237166,-0.02340405061841011,62.083343505859375
570,0.5705705881118774,63.33022689819336,-0.0004096296033822,-0.023406323045492172,61.848106384277344
571,0.5715715885162354,63.38396072387695,-0.0004101140657439828,-0.02337869442999363,61.4773063659668
572,0.5725725889205933,63.437744140625,-0.000413335335906595,-0.023775435984134674,62.31188201904297
573,0.5735735893249512,63.4915657043457,-0.0004272580554243177,-0.025427935644984245,66.16829681396484
574,0.5745745897293091,63.545440673828125,-0.0004359871381893754,-0.02652556076645851,68.71623229980469
575,0.575575590133667,63.599361419677734,-0.00044546008575707674,-0.02771330624818802,71.50807189941406
576,0.5765765905380249,63.65332794189453,-0.0004586052964441478,-0.02987116575241089,76.62335205078125
577,0.5775775909423828,63.707332611083984,-0.00045890637557022274,-0.03011639602482319,77.49112701416016
578,0.5785785913467407,63.761390686035156,-0.0004526505363173783,-0.02917790785431862,75.6784896850586
579,0.5795795917510986,63.815494537353516,-0.00046092233969829977,-0.030552547425031662,78.93585205078125
580,0.5805805921554565,63.8696403503418,-0.0004590050666593015,-0.03036426566541195,78.78785705566406
581,0.5815815925598145,63.92383575439453,-0.00046387212933041155,-0.031163964420557022,80.65962219238281
582,0.5825825929641724,63.97807693481445,-0.0004547511343844235,-0.030437814071774483,79.39533233642578
583,0.5835835933685303,64.03236389160156,-0.0004377294098958373,-0.028550589457154274,75.36241149902344
584,0.5845845937728882,64.0866928100586,-0.0004291456425562501,-0.027588095515966415,73.0832290649414
585,0.5855855941772461,64.14107513427734,-0.00042594928527250886,-0.027061931788921356,71.62798309326172
586,0.586586594581604,64.19549560546875,-0.0004152262699790299,-0.025718893855810165,68.37152862548828
587,0.5875875949859619,64.24996948242188,-0.0004059363272972405,-0.024722056463360786,66.03054809570312
588,0.5885885953903198,64.30448150634766,-0.00040635946788825095,-0.024959057569503784,66.77413177490234
589,0.5895895957946777,64.35903930664062,-0.0004022324283141643,-0.024637581780552864,66.24286651611328
590,0.5905905961990356,64.41365814208984,-0.0003972121048718691,-0.02409806102514267,65.1692886352539
591,0.5915915966033936,64.46830749511719,-0.00038964574923738837,-0.02304019220173359,62.7003059387207
592,0.5925925970077515,64.52301025390625,-0.00038594385841861367,-0.022719329223036766,62.1729850769043
593,0.5935935974121094,64.5777587890625,-0.0003831428475677967,-0.02281292714178562,62.759056091308594
594,0.5945945978164673,64.63255310058594,-0.0003794599324464798,-0.022624213248491287,62.50419235229492
595,0.5955955982208252,64.68739318847656,-0.000373040180420503,-0.021697334945201874,60.152645111083984
596,0.5965965986251831,64.74227905273438,-0.0003791330091189593,-0.022219203412532806,61.641902923583984
597,0.597597599029541,64.7972183227539,-0.00036745434044860303,-0.020491845905780792,57.24716567993164
598,0.5985985994338989,64.8521957397461,-0.00035866774851456285,-0.01901337131857872,53.422630310058594
599,0.5995995998382568,64.9072265625,-0.00036435655783861876,-0.019542565569281578,54.97667694091797
600,0.6006006002426147,64.96229553222656,-0.00036446715239435434,-0.01948101818561554,54.730438232421875
601,0.6016016006469727,65.01741790771484,-0.0003659934736788273,-0.019753994420170784,55.24359893798828
602,0.6026026010513306,65.07258605957031,-0.0003701739478856325,-0.020368874073028564,56.58251190185547
603,0.6036036014556885,65.12779998779297,-0.0003810776397585869,-0.0218675397336483,60.37744903564453
604,0.6046046018600464,65.18305969238281,-0.0003759840619750321,-0.021556036546826363,59.516319274902344
605,0.6056056022644043,65.23836517333984,-0.00037333977525122464,-0.02150913141667843,59.55474853515625
606,0.6066066026687622,65.2937240600586,-0.0003671039594337344,-0.02092314511537552,58.16735076904297
607,0.6076076030731201,65.34912872314453,-0.00036300893407315016,-0.02042439952492714,56.96760559082031
608,0.608608603477478,65.40457916259766,-0.00035683950409293175,-0.019528666511178017,54.60920333862305
609,0.6096096038818359,65.46007537841797,-0.0003506075590848923,-0.0186832956969738,52.32616424560547
610,0.6106106042861938,65.51561737060547,-0.00035643629962578416,-0.019396835938096046,54.51041030883789
611,0.6116116046905518,65.57120513916016,-0.00035836658207699656,-0.019803620874881744,55.93863296508789
612,0.6126126050949097,65.62684631347656,-0.0003450428484939039,-0.018573906272649765,52.71023941040039
613,0.6136136054992676,65.68252563476562,-0.0003385938180144876,-0.01809043437242508,51.45606994628906
614,0.6146146059036255,65.7382583618164,-0.00033553532557561994,-0.017914369702339172,51.018890380859375
615,0.6156156063079834,65.79403686523438,-0.00032978589297272265,-0.017289012670516968,49.200130462646484
616,0.6166166067123413,65.84986877441406,-0.0003352727508172393,-0.01814761571586132,51.8184928894043
617,0.6176176071166992,65.9057388305664,-0.0003427897463552654,-0.0191428754478693,54.72013473510742
618,0.6186186075210571,65.96166229248047,-0.0003356350352987647,-0.018192682415246964,51.86912536621094
619,0.619619607925415,66.01763153076172,-0.00034089668770320714,-0.018928224220871925,53.972686767578125
620,0.620620608329773,66.07364654541016,-0.00034344743471592665,-0.019185051321983337,54.60462188720703
621,0.6216216087341309,66.12971496582031,-0.0003429260104894638,-0.019109372049570084,54.270477294921875
622,0.6226226091384888,66.18582916259766,-0.0003391090140212327,-0.01864488050341606,52.767486572265625
623,0.6236236095428467,66.24198150634766,-0.0003394149534869939,-0.018876036629080772,53.328407287597656
624,0.6246246099472046,66.29818725585938,-0.0003325381549075246,-0.01807461678981781,50.89847183227539
625,0.6256256103515625,66.35443878173828,-0.00033397928928025067,-0.018745416775345802,52.98820877075195
626,0.6266266107559204,66.4107437133789,-0.00032614750671200454,-0.017388474196195602,48.92999267578125
627,0.6276276111602783,66.46709442138672,-0.0003236226621083915,-0.016715168952941895,46.94680404663086
628,0.6286286115646362,66.52349090576172,-0.00032321776961907744,-0.016354966908693314,45.917152404785156
629,0.6296296119689941,66.57994079589844,-0.00032564016873948276,-0.01707863248884678,48.24345397949219
630,0.630630612373352,66.63642883300781,-0.0003222095547243953,-0.01475620549172163,41.17349624633789
631,0.63163161277771,66.6929702758789,-0.0003225455293431878,-0.015531554818153381,43.67130661010742
632,0.6326326131820679,66.74955749511719,-0.000321866333251819,-0.015521571040153503,43.768829345703125
633,0.6336336135864258,66.80619812011719,-0.00032063029357232153,-0.015473686158657074,43.75180435180664
634,0.6346346139907837,66.86288452148438,-0.0003185042878612876,-0.015220287255942822,43.04764175415039
635,0.6356356143951416,66.91961669921875,-0.00031443999614566565,-0.014467062428593636,40.71207809448242
636,0.6366366147994995,66.97640228271484,-0.0003114711435046047,-0.014215379022061825,40.00129318237305
637,0.6376376152038574,67.0332260131836,-0.00030823051929473877,-0.013890366069972515,39.06808090209961
638,0.6386386156082153,67.0901107788086,-0.00030522560700774193,-0.013643525540828705,38.36542510986328
639,0.6396396160125732,67.14703369140625,-0.00030661586788482964,-0.014295565895736217,40.57088851928711
640,0.6406406164169312,67.20401000976562,-0.00030931824585422873,-0.014987258240580559,42.89653396606445
641,0.6416416764259338,67.26103210449219,-0.00030841754050925374,-0.015086531639099121,43.39244842529297
642,0.6426426768302917,67.31810760498047,-0.0003036388661712408,-0.014354200102388859,41.18499755859375
643,0.6436436772346497,67.37522888183594,-0.00030042079742997885,-0.013918339274823666,40.01118087768555
644,0.6446446776390076,67.4323959350586,-0.000297479797154665,-0.013319462537765503,38.276145935058594
645,0.6456456780433655,67.48960876464844,-0.0002958944533020258,-0.012796477414667606,36.76279067993164
646,0.6466466784477234,67.546875,-0.00029549849568866193,-0.012277524918317795,35.180511474609375
647,0.6476476788520813,67.60418701171875,-0.0002965277526527643,-0.011661821976304054,33.207523345947266
648,0.6486486792564392,67.66155242919922,-0.00030153521220199764,-0.010582099668681622,29.71457862854004
649,0.6496496796607971,67.71896362304688,-0.0003055341076105833,-0.010083877481520176,28.176212310791016
650,0.650650680065155,67.77642822265625,-0.0003126007504761219,-0.009489062242209911,26.359268188476562
651,0.6516516804695129,67.83393859863281,-0.000316599034704268,-0.009259780868887901,25.664756774902344
652,0.6526526808738708,67.89148712158203,-0.0003220326325390488,-0.00858551636338234,23.49888801574707
653,0.6536536812782288,67.9490966796875,-0.0003227971028536558,-0.008551123552024364,23.319849014282227
654,0.6546546816825867,68.00675201416016,-0.00032002708758227527,-0.009372420608997345,25.85312843322754
655,0.6556556820869446,68.064453125,-0.00032273813849315047,-0.009083183482289314,24.99618911743164
656,0.6566566824913025,68.1222152709961,-0.0003244390245527029,-0.00827169232070446,22.516557693481445
657,0.6576576828956604,68.18000793457031,-0.00032470206497237086,-0.008068319410085678,21.937219619750977
658,0.6586586833000183,68.23786163330078,-0.00032511138124391437,-0.007888915948569775,21.430259704589844
659,0.6596596837043762,68.29576110839844,-0.0003254625480622053,-0.007639564573764801,20.726430892944336
660,0.6606606841087341,68.35371398925781,-0.0003250972949899733,-0.0077697960659861565,21.204042434692383
661,0.661661684513092,68.41171264648438,-0.00032354972790926695,-0.007892535999417305,21.717947006225586
662,0.66266268491745,68.46975708007812,-0.00032432517036795616,-0.007483298424631357,20.610666275024414
663,0.6636636853218079,68.5278549194336,-0.0003261659003328532,-0.00677554402500391,18.59354591369629
664,0.6646646857261658,68.58599853515625,-0.0003235485637560487,-0.0057469578459858894,15.536649703979492
665,0.6656656861305237,68.64419555664062,-0.00032495151390321553,-0.00697000976651907,19.299049377441406
666,0.6666666865348816,68.70243835449219,-0.0003232632006984204,-0.0077524492517113686,21.620424270629883
667,0.6676676869392395,68.76073455810547,-0.0003214013413526118,-0.00837741605937481,23.429779052734375
668,0.6686686873435974,68.81907653808594,-0.0003152804565615952,-0.009558924473822117,27.04265594482422
669,0.6696696877479553,68.87747192382812,-0.00030787679133936763,-0.011159862391650677,32.099178314208984
670,0.6706706881523132,68.9359130859375,-0.0003073749248869717,-0.011288524605333805,32.47120666503906
671,0.6716716885566711,68.9944076538086,-0.00030428849277086556,-0.01205449178814888,35.01308059692383
672,0.672672688961029,69.05294799804688,-0.0003069451777264476,-0.010967480950057507,31.555524826049805
673,0.673673689365387,69.11154174804688,-0.00030639738542959094,-0.010632648132741451,30.60272216796875
674,0.6746746897697449,69.17018127441406,-0.0003025859477929771,-0.010996106080710888,32.00086975097656
675,0.6756756901741028,69.22887420654297,-0.00029928272124379873,-0.011247528716921806,33.1411247253418
676,0.6766766905784607,69.2876205444336,-0.00029829179402440786,-0.011199645698070526,33.31546401977539
677,0.6776776909828186,69.34640502929688,-0.00029826260288245976,-0.010806608013808727,32.27426528930664
678,0.6786786913871765,69.4052505493164,-0.00029663817258551717,-0.011115491390228271,33.49185562133789
679,0.6796796917915344,69.4641342163086,-0.0002965985331684351,-0.010848880745470524,32.72419738769531
680,0.6806806921958923,69.52307891845703,-0.0002946130698546767,-0.011363727040588856,34.566925048828125
681,0.6816816926002502,69.58206939697266,-0.0002930376213043928,-0.011541117914021015,35.24459457397461
682,0.6826826930046082,69.64111328125,-0.0002911713672801852,-0.010941825807094574,33.23143005371094
683,0.6836836934089661,69.7001953125,-0.0002897428930737078,-0.011454055085778236,34.93642044067383
684,0.684684693813324,69.75934600830078,-0.000289448827970773,-0.012110332027077675,37.10605239868164
685,0.6856856942176819,69.81852722167969,-0.00029393172007985413,-0.013705090619623661,42.435585021972656
686,0.6866866946220398,69.87776947021484,-0.0002912220370490104,-0.013406738638877869,41.24004364013672
687,0.6876876950263977,69.93706512451172,-0.00028895173454657197,-0.012516711838543415,37.98754119873047
688,0.6886886954307556,69.99640655517578,-0.0002909040777012706,-0.011870620772242546,35.633644104003906
689,0.6896896958351135,70.05580139160156,-0.00029868329875171185,-0.010255287401378155,30.213184356689453
690,0.6906906962394714,70.11524200439453,-0.0003030208754353225,-0.009805397130548954,28.970396041870117
691,0.6916916966438293,70.17473602294922,-0.00030078605050221086,-0.011411714367568493,34.51521301269531
692,0.6926926970481873,70.23428344726562,-0.0003003250458277762,-0.011987210251390934,36.58415985107422
693,0.6936936974525452,70.29387664794922,-0.00030123948818072677,-0.011196541599929333,34.07572555541992
694,0.6946946978569031,70.353515625,-0.00029903597896918654,-0.011635310016572475,35.589630126953125
695,0.695695698261261,70.41321563720703,-0.00029728980734944344,-0.011406926438212395,34.957794189453125
696,0.6966966986656189,70.47296142578125,-0.0002959313278552145,-0.01106172613799572,34.012115478515625
697,0.6976976990699768,70.53276062011719,-0.00029530259780585766,-0.010853959247469902,33.447940826416016
698,0.6986986994743347,70.59259796142578,-0.0002957340911962092,-0.010939444415271282,33.85780715942383
699,0.6996996998786926,70.65249633789062,-0.0002955787058454007,-0.01084450539201498,33.641361236572266
700,0.7007007002830505,70.71244812011719,-0.0002966230094898492,-0.011461100541055202,35.72905349731445
701,0.7017017006874084,70.77244567871094,-0.0002960460551548749,-0.010678745806217194,33.02498245239258
702,0.7027027010917664,70.83250427246094,-0.00029594736406579614,-0.010502004995942116,32.29415512084961
703,0.7037037014961243,70.8926010131836,-0.0002957018732558936,-0.010208250023424625,31.184314727783203
704,0.7047047019004822,70.95275115966797,-0.0002955892705358565,-0.011782348155975342,36.495540618896484
705,0.7057057023048401,71.0129623413086,-0.000295042060315609,-0.011656318791210651,36.14329147338867
706,0.706706702709198,71.07321166992188,-0.00029449601424857974,-0.011563267558813095,35.9578971862793
707,0.7077077031135559,71.1335220336914,-0.0002940709237009287,-0.010536768473684788,32.63029861450195
708,0.7087087035179138,71.19387817382812,-0.0002929800539277494,-0.010650809854269028,33.22034454345703
709,0.7097097039222717,71.25428771972656,-0.00029199651908129454,-0.011693006381392479,36.926570892333984
710,0.7107107043266296,71.31475067138672,-0.00029033987084403634,-0.010997168719768524,34.598209381103516
711,0.7117117047309875,71.37525939941406,-0.0002892945194616914,-0.011097658425569534,34.95054626464844
712,0.7127127051353455,71.4358139038086,-0.00028930685948580503,-0.011938046663999557,37.9207763671875
713,0.7137137055397034,71.4964370727539,-0.0002884806308429688,-0.012005578726530075,38.265438079833984
714,0.7147147059440613,71.55709838867188,-0.00028766761533915997,-0.011986767873167992,38.23190689086914
715,0.7157157063484192,71.61781311035156,-0.00028683204436674714,-0.010894842445850372,34.33672332763672
716,0.7167167067527771,71.67858123779297,-0.00028657191433012486,-0.010911812074482441,34.2956428527832
717,0.717717707157135,71.7394027709961,-0.00028645776910707355,-0.010744834318757057,33.586971282958984
718,0.7187187075614929,71.8002700805664,-0.0002877978840842843,-0.010320198722183704,31.934589385986328
719,0.7197197079658508,71.86119842529297,-0.000287072267383337,-0.011290047317743301,35.06026077270508
720,0.7207207083702087,71.92217254638672,-0.00028800443396903574,-0.011652180925011635,36.11050033569336
721,0.7217217087745667,71.98320007324219,-0.0002888849121518433,-0.012063564732670784,37.43103790283203
722,0.7227227091789246,72.04427337646484,-0.0002890520263463259,-0.012533452361822128,39.01298522949219
723,0.7237237095832825,72.10540771484375,-0.0002885767025873065,-0.012970739975571632,40.5579948425293
724,0.7247247099876404,72.16658782958984,-0.0002878435770981014,-0.013295498676598072,41.79780578613281
725,0.7257257103919983,72.22782135009766,-0.00028620523517020047,-0.012358233332633972,38.70628356933594
726,0.7267267107963562,72.28910827636719,-0.0002846838906407356,-0.011841362342238426,37.09861373901367
727,0.7277277112007141,72.3504409790039,-0.0002838278887793422,-0.010944997891783714,34.10189437866211
728,0.728728711605072,72.41183471679688,-0.00028181017842143774,-0.010970398783683777,34.32622146606445
729,0.7297297120094299,72.47327423095703,-0.0002792479644995183,-0.011708774603903294,37.09940719604492
730,0.7307307124137878,72.53477478027344,-0.00027758878422901034,-0.01160926092416048,36.83919143676758
731,0.7317317128181458,72.59632110595703,-0.00027728575514629483,-0.011951570399105549,38.09368133544922
732,0.7327327132225037,72.65791320800781,-0.0002776561304926872,-0.01214318536221981,38.782779693603516
733,0.7337337136268616,72.71956634521484,-0.00027884278097189963,-0.013260210864245892,42.82548522949219
734,0.7347347140312195,72.78126525878906,-0.00028035513241775334,-0.013133412227034569,42.39675521850586
735,0.7357357144355774,72.84302520751953,-0.0002826772688422352,-0.013116337358951569,42.35189437866211
736,0.7367367148399353,72.90483093261719,-0.00028420030139386654,-0.013730392791330814,44.55946731567383
737,0.7377377152442932,72.96669006347656,-0.0002884918649215251,-0.013108087703585625,42.393836975097656
738,0.7387387156486511,73.02860260009766,-0.0002934756630565971,-0.012104839086532593,39.05416488647461
739,0.739739716053009,73.09056854248047,-0.0002930724585894495,-0.01219854224473238,39.49828338623047
740,0.7407407164573669,73.152587890625,-0.0002933091018348932,-0.011909681372344494,38.69463348388672
741,0.7417417168617249,73.21465301513672,-0.00028907935484312475,-0.012602475471794605,41.2443733215332
742,0.7427427172660828,73.27677917480469,-0.00028698862297460437,-0.012559197843074799,41.243736267089844
743,0.7437437772750854,73.33895874023438,-0.0002856070059351623,-0.012112211436033249,39.863582611083984
744,0.7447447776794434,73.40119171142578,-0.00028389404178597033,-0.011907219886779785,39.26268005371094
745,0.7457457780838013,73.46347045898438,-0.0002829194418154657,-0.011710677295923233,38.68523406982422
746,0.7467467784881592,73.52580261230469,-0.0002824465627782047,-0.01160067692399025,38.36971664428711
747,0.7477477788925171,73.58819580078125,-0.00028208293952047825,-0.011557454243302345,38.243377685546875
748,0.748748779296875,73.65062713623047,-0.0002812857273966074,-0.01171695813536644,38.78146743774414
749,0.7497497797012329,73.71311950683594,-0.00028435452259145677,-0.010992138646543026,36.111629486083984
750,0.7507507801055908,73.77567291259766,-0.000284989015199244,-0.010943763889372349,35.74153518676758
751,0.7517517805099487,73.83826446533203,-0.0002812850580085069,-0.011800061911344528,38.49830627441406
752,0.7527527809143066,73.90092468261719,-0.00029001120128668845,-0.009113716892898083,28.83347511291504
753,0.7537537813186646,73.963623046875,-0.000286149384919554,-0.010422967374324799,33.13886260986328
754,0.7547547817230225,74.02638244628906,-0.0002813665778376162,-0.011273229494690895,36.09428405761719
755,0.7557557821273804,74.08919525146484,-0.0002792825398501009,-0.011348388157784939,36.50791549682617
756,0.7567567825317383,74.15206146240234,-0.00027644881629385054,-0.011471238918602467,37.17424011230469
757,0.7577577829360962,74.21498107910156,-0.00027657265309244394,-0.010818355716764927,35.07770538330078
758,0.7587587833404541,74.2779541015625,-0.00027485803002491593,-0.010642371140420437,34.691097259521484
759,0.759759783744812,74.34097290039062,-0.0002731007116381079,-0.010426422581076622,34.13045883178711
760,0.7607607841491699,74.404052734375,-0.0002730802516452968,-0.0098721319809556,32.28452682495117
761,0.7617617845535278,74.4671859741211,-0.00027453521033748984,-0.009245631285011768,30.157978057861328
762,0.7627627849578857,74.53038024902344,-0.00027862118440680206,-0.007743119262158871,24.905776977539062
763,0.7637637853622437,74.59361267089844,-0.0002787638804875314,-0.007218615151941776,23.19710350036621
764,0.7647647857666016,74.65690612792969,-0.0002764014934655279,-0.006137411575764418,19.419832229614258
765,0.7657657861709595,74.72025299072266,-0.0002742688520811498,-0.0059803021140396595,18.911270141601562
766,0.7667667865753174,74.78365325927734,-0.0002719167387112975,-0.006032632663846016,19.109952926635742
767,0.7677677869796753,74.84710693359375,-0.000269571813987568,-0.005839300807565451,18.354785919189453
768,0.7687687873840332,74.91061401367188,-0.0002677903394214809,-0.005967756733298302,18.802465438842773
769,0.7697697877883911,74.97418212890625,-0.00026841979706659913,-0.005502215586602688,17.009801864624023
770,0.770770788192749,75.03779602050781,-0.0002698290045373142,-0.005338399671018124,16.327098846435547
771,0.7717717885971069,75.1014633178711,-0.0002734954468905926,-0.005017949268221855,15.088308334350586
772,0.7727727890014648,75.1651840209961,-0.0002830570447258651,-0.003794130403548479,10.721083641052246
773,0.7737737894058228,75.22896575927734,-0.00027957651764154434,-0.005226612091064453,15.842493057250977
774,0.7747747898101807,75.29280090332031,-0.00028110883431509137,-0.005852623842656612,18.154691696166992
775,0.7757757902145386,75.35668182373047,-0.0002829472941812128,-0.005556392949074507,17.21605682373047
776,0.7767767906188965,75.42062377929688,-0.00028400938026607037,-0.005317809525877237,16.514724731445312
777,0.7777777910232544,75.484619140625,-0.0002833465696312487,-0.005974659696221352,18.997638702392578
778,0.7787787914276123,75.54866790771484,-0.00028212781762704253,-0.0061559490859508514,19.85254669189453
779,0.7797797918319702,75.6127700805664,-0.0002839488151948899,-0.004049491602927446,12.541328430175781
780,0.7807807922363281,75.67693328857422,-0.00028413289692252874,-0.0027784891426563263,8.134410858154297
781,0.781781792640686,75.74114227294922,-0.00028159585781395435,-0.0021533851977437735,5.942010879516602
782,0.782782793045044,75.80540466308594,-0.0002764386299531907,-0.0030224414076656103,9.025628089904785
783,0.7837837934494019,75.8697280883789,-0.00027170160319656134,-0.003562066238373518,10.959503173828125
784,0.7847847938537598,75.9341049194336,-0.0002678583259694278,-0.002730384934693575,7.840160369873047
785,0.7857857942581177,75.99853515625,-0.00026432116283103824,-0.0025705997832119465,7.196683883666992
786,0.7867867946624756,76.06301879882812,-0.00026141986018046737,-0.0033864108845591545,10.25910758972168
787,0.7877877950668335,76.1275634765625,-0.00026127579621970654,-0.002331098075956106,6.1449503898620605
788,0.7887887954711914,76.19215393066406,-0.00026054796762764454,-0.0035561651457101107,10.771458625793457
789,0.7897897958755493,76.25680541992188,-0.0002617340942379087,-0.0031630892772227526,9.174367904663086
790,0.7907907962799072,76.3215103149414,-0.0002638479054439813,-0.003814597614109516,11.580437660217285
791,0.7917917966842651,76.38626861572266,-0.000265160808339715,-0.0032702863682061434,9.520137786865234
792,0.792792797088623,76.45108032226562,-0.00026612088549882174,-0.0032253379467874765,9.36867618560791
793,0.793793797492981,76.51595306396484,-0.00026653349050320685,-0.0031479422468692064,9.053807258605957
794,0.7947947978973389,76.58087921142578,-0.0002642474137246609,-0.0037358913104981184,11.221710205078125
795,0.7957957983016968,76.64585876464844,-0.0002647475339472294,-0.003108199220150709,8.80529499053955
796,0.7967967987060547,76.71089172363281,-0.000266539107542485,-0.0024407010059803724,6.2444000244140625
797,0.7977977991104126,76.7759780883789,-0.0002682320773601532,-0.0019231552723795176,4.2698974609375
798,0.7987987995147705,76.84112548828125,-0.00027170043904334307,-0.001259538228623569,1.816861867904663
799,0.7997997999191284,76.90632629394531,-0.00026894034817814827,-0.0016900559421628714,3.4726297855377197
800,0.8008008003234863,76.97157287597656,-0.0002696579904295504,-0.001457790844142437,2.7024824619293213
801,0.8018018007278442,77.03689575195312,-0.0002700615441426635,-0.0011017655488103628,1.4433543682098389
802,0.8028028011322021,77.10225677490234,-0.00026964175049215555,-0.0006297192303463817,-0.3045921325683594
803,0.8038038015365601,77.16767883300781,-0.00026791455456987023,-0.00043388118501752615,-1.0692613124847412
804,0.804804801940918,77.233154296875,-0.00026637857081368566,7.881599231041037e-06,-2.75370717048645
805,0.8058058023452759,77.29869079589844,-0.00026569701731204987,0.0007468079566024244,-5.569413185119629
806,0.8068068027496338,77.36427307128906,-0.000268610252533108,0.001898974645882845,-9.898163795471191
807,0.8078078031539917,77.42991638183594,-0.00027264870004728436,0.0028351927176117897,-13.302865982055664
808,0.8088088035583496,77.49562072753906,-0.0002780347131192684,0.004180803429335356,-18.071765899658203
809,0.8098098039627075,77.56137084960938,-0.00027707527624443173,0.004500092007219791,-19.0953369140625
810,0.8108108043670654,77.62718963623047,-0.0002731800777837634,0.003922206815332174,-16.850242614746094
811,0.8118118047714233,77.69306182861328,-0.00027258374029770494,0.004102646838873625,-17.383037567138672
812,0.8128128051757812,77.75897979736328,-0.0002722686040215194,0.0038803815841674805,-16.479307174682617
813,0.8138138055801392,77.82495880126953,-0.00027475255774334073,0.005248354747891426,-21.3907527923584
814,0.8148148059844971,77.8909912109375,-0.00027565835625864565,0.005437446758151054,-21.99127960205078
815,0.815815806388855,77.95708465576172,-0.0002769471029751003,0.004779962357133627,-19.53074836730957
816,0.8168168067932129,78.02323150634766,-0.0002794743049889803,0.004135701339691877,-17.15378761291504
817,0.8178178071975708,78.08943176269531,-0.0002809465513564646,0.004366045352071524,-17.90025520324707
818,0.8188188076019287,78.15569305419922,-0.00028172932798042893,0.004153198562562466,-17.055423736572266
819,0.8198198080062866,78.22200775146484,-0.00027901172870770097,0.004772338084876537,-19.2047061920166
820,0.8208208084106445,78.28837585449219,-0.0002773143060039729,0.005069747567176819,-20.209972381591797
821,0.8218218088150024,78.35481262207031,-0.00027477540425024927,0.005673442035913467,-22.3276424407959
822,0.8228228092193604,78.4212875366211,-0.0002796982880681753,0.004645715467631817,-18.56950569152832
823,0.8238238096237183,78.48783874511719,-0.00028438534354791045,0.003561633173376322,-14.707627296447754
824,0.8248248100280762,78.55442810058594,-0.0002845639828592539,0.004096273798495531,-16.59267807006836
825,0.8258258104324341,78.62108612060547,-0.0002841009700205177,0.004366494249552488,-17.59108543395996
826,0.826826810836792,78.68779754638672,-0.0002831724123097956,0.004806440323591232,-19.176084518432617
827,0.8278278112411499,78.75455474853516,-0.0002849666925612837,0.00423117820173502,-17.192867279052734
828,0.8288288116455078,78.82138061523438,-0.0002833150210790336,0.004367518704384565,-17.77591896057129
829,0.8298298120498657,78.88825988769531,-0.00028182967798784375,0.0039034830406308174,-16.321107864379883
830,0.8308308124542236,78.9552001953125,-0.0002792252053041011,0.0034730269107967615,-14.925884246826172
831,0.8318318128585815,79.02220153808594,-0.00027474414673633873,0.0027402262203395367,-12.33641529083252
832,0.8328328132629395,79.08924865722656,-0.0002660355530679226,0.001742371590808034,-8.673710823059082
833,0.8338338136672974,79.15635681152344,-0.0002604676119517535,0.001224866951815784,-6.67446231842041
834,0.8348348140716553,79.22352600097656,-0.00025688394089229405,0.0008363474626094103,-5.111686706542969
835,0.8358358144760132,79.29074096679688,-0.00026016036281362176,0.001994333928450942,-9.531679153442383
836,0.8368368148803711,79.35801696777344,-0.00025314389495179057,0.0008441905956715345,-5.0094757080078125
837,0.837837815284729,79.42535400390625,-0.00025285480660386384,0.0010032401187345386,-5.646831512451172
838,0.8388388156890869,79.49275207519531,-0.0002541056601330638,0.0011448212899267673,-6.263584136962891
839,0.8398398160934448,79.56019592285156,-0.0002537154941819608,0.000875835947226733,-5.247786521911621
840,0.8408408164978027,79.62770080566406,-0.000251624034717679,0.00013376290735322982,-2.322462320327759
841,0.8418418169021606,79.69527435302734,-0.0002503450377844274,-0.0002974415838252753,-0.553274393081665
842,0.8428428173065186,79.76288604736328,-0.00025053322315216064,0.00037307071033865213,-3.1470401287078857
843,0.8438438177108765,79.83056640625,-0.000248450058279559,-0.000703159486874938,1.2555625438690186
844,0.8448448181152344,79.89830780029297,-0.00024695892352610826,-0.0004810794198419899,0.4529707431793213
845,0.8458458185195923,79.96610260009766,-0.0002457997761666775,-0.0002345196990063414,-0.5033066272735596
846,0.846846878528595,80.0339584350586,-0.00024518431746400893,-0.0007042883662506938,1.437177062034607
847,0.8478478789329529,80.10186004638672,-0.0002448421437293291,-0.000177662237547338,-0.7181261777877808
848,0.8488488793373108,80.16983032226562,-0.00024531525559723377,-0.00029351614648476243,-0.29149043560028076
849,0.8498498797416687,80.23786163330078,-0.0002459827810525894,-0.0005313026485964656,0.6051064729690552
850,0.8508508801460266,80.30593872070312,-0.00024670420680195093,-0.0008978837868198752,2.0026347637176514
851,0.8518518805503845,80.37407684326172,-0.0002500815025996417,0.0004638316167984158,-3.5900895595550537
852,0.8528528809547424,80.44227600097656,-0.00024727475829422474,-0.0009101647301577032,1.8178980350494385
853,0.8538538813591003,80.51052856445312,-0.0002475410874467343,-0.0009198814514093101,1.7368603944778442
854,0.8548548817634583,80.57884216308594,-0.00024638912873342633,-0.001286338665522635,3.134934663772583
855,0.8558558821678162,80.647216796875,-0.0002482095151208341,-0.0010033260332420468,1.9580155611038208
856,0.8568568825721741,80.71565246582031,-0.0002469107275828719,-0.0013281262945383787,3.276082754135132
857,0.857857882976532,80.78413391113281,-0.00024371477775275707,-0.0019755803514271975,5.909478664398193
858,0.8588588833808899,80.8526840209961,-0.00024783905246295035,-0.001640927861444652,4.564969539642334
859,0.8598598837852478,80.92127990722656,-0.00024745851987972856,-0.001945322728715837,5.790865898132324
860,0.8608608841896057,80.98995208740234,-0.0002457061782479286,-0.002370033646002412,7.46768856048584
861,0.8618618845939636,81.05866241455078,-0.00025707355234771967,-0.00027682085055857897,-0.8336772918701172
862,0.8628628849983215,81.12744903564453,-0.0002587263588793576,0.0007765339105390012,-4.932926177978516
863,0.8638638854026794,81.19628143310547,-0.0002592823002487421,0.001388736069202423,-7.383902549743652
864,0.8648648858070374,81.26518249511719,-0.0002625707711558789,0.0024112951941788197,-11.423711776733398
865,0.8658658862113953,81.3341293334961,-0.0002622511819936335,0.002504200441762805,-11.891883850097656
866,0.8668668866157532,81.40314483642578,-0.00025551265571266413,0.001499973121099174,-8.123085975646973
867,0.8678678870201111,81.47222137451172,-0.000257432518992573,0.0020541218109428883,-10.374527931213379
868,0.868868887424469,81.54134368896484,-0.0002560219436418265,0.002063354942947626,-10.468791007995605
869,0.8698698878288269,81.61053466796875,-0.00025996932527050376,0.0028803625609725714,-13.679399490356445
870,0.8708708882331848,81.6797866821289,-0.00025009113596752286,0.0017729962710291147,-9.391069412231445
871,0.8718718886375427,81.74909210205078,-0.00024686940014362335,0.0016978856874629855,-9.149965286254883
872,0.8728728890419006,81.81845092773438,-0.00024674279848113656,0.0018685268005356193,-9.898443222045898
873,0.8738738894462585,81.88787078857422,-0.0002407802385278046,0.0011662158649414778,-7.012955665588379
874,0.8748748898506165,81.95735931396484,-0.0002459610695950687,0.0016761586302891374,-9.055479049682617
875,0.8758758902549744,82.02690887451172,-0.00024310006119776517,0.000978780328296125,-6.123653411865234
876,0.8768768906593323,82.09650421142578,-0.00024238810874521732,0.0004389071254990995,-3.868459701538086
877,0.8778778910636902,82.1661605834961,-0.0002419234369881451,3.77869546355214e-05,-2.154207706451416
878,0.8788788914680481,82.23587799072266,-0.00024160201428458095,-6.274626503000036e-05,-1.623207449913025
879,0.879879891872406,82.30565643310547,-0.00024201898486353457,0.00035394198494032025,-3.214843273162842
880,0.8808808922767639,82.37548828125,-0.00024121839669533074,0.0008249050588347018,-5.086912155151367
881,0.8818818926811218,82.44538116455078,-0.00024015907547436655,0.0013683862052857876,-7.304216384887695
882,0.8828828930854797,82.51534271240234,-0.00024123580078594387,0.0020098662935197353,-9.952606201171875
883,0.8838838934898376,82.58535766601562,-0.00024213634605985135,0.002315311226993799,-11.204803466796875
884,0.8848848938941956,82.65543365478516,-0.00024067015328910202,0.001835560193285346,-9.196903228759766
885,0.8858858942985535,82.72557067871094,-0.0002450418542139232,0.003279612399637699,-15.129767417907715
886,0.8868868947029114,82.7957534790039,-0.00024641084019094706,0.004051941446959972,-18.27190399169922
887,0.8878878951072693,82.86600494384766,-0.00024661587667651474,0.004648060072213411,-20.737899780273438
888,0.8888888955116272,82.93631744384766,-0.0002450927277095616,0.004292043391615152,-19.408329010009766
889,0.8898898959159851,83.00669860839844,-0.00024424679577350616,0.004757470451295376,-21.451969146728516
890,0.890890896320343,83.0771255493164,-0.00024296964693348855,0.004849046468734741,-21.968482971191406
891,0.8918918967247009,83.14761352539062,-0.00024334438785444945,0.005562727339565754,-25.0570125579834
892,0.8928928971290588,83.21817016601562,-0.00024439606931991875,0.005646572448313236,-25.54947280883789
893,0.8938938975334167,83.28878021240234,-0.000246146199060604,0.00568770244717598,-25.787607192993164
894,0.8948948979377747,83.35945129394531,-0.00024842144921422005,0.006060302723199129,-27.358179092407227
895,0.8958958983421326,83.43018341064453,-0.00025048101088032126,0.005639474838972092,-25.70113754272461
896,0.8968968987464905,83.5009765625,-0.0002513028448447585,0.005989453289657831,-27.11231803894043
897,0.8978978991508484,83.57182312011719,-0.0002490698534529656,0.006789662875235081,-30.33183479309082
898,0.8988988995552063,83.64273071289062,-0.0002465096767991781,0.00720136659219861,-32.079193115234375
899,0.8998998999595642,83.71370697021484,-0.00024712906451895833,0.006819269619882107,-30.606536865234375
900,0.9009009003639221,83.78473663330078,-0.00024781504180282354,0.006479127332568169,-29.28135871887207
901,0.90190190076828,83.85582733154297,-0.00024756763014011085,0.006236391607671976,-28.355358123779297
902,0.9029029011726379,83.9269790649414,-0.0002459332754369825,0.0061812628991901875,-28.207731246948242
903,0.9039039015769958,83.99818420410156,-0.00024406083684880286,0.005478636361658573,-25.354969024658203
904,0.9049049019813538,84.06946563720703,-0.00024288511485792696,0.005302682518959045,-24.560609817504883
905,0.9059059023857117,84.14079284667969,-0.00023948840680532157,0.004082944709807634,-19.41558837890625
906,0.9069069027900696,84.21219635009766,-0.00023734060232527554,0.003620521631091833,-17.362960815429688
907,0.9079079031944275,84.28364562988281,-0.00023930741008371115,0.004097306169569492,-19.304553985595703
908,0.9089089035987854,84.35516357421875,-0.00023684892221353948,0.0037408429197967052,-17.822689056396484
909,0.9099099040031433,84.42674255371094,-0.00024034755188040435,0.004606129135936499,-21.528942108154297
910,0.9109109044075012,84.49837493896484,-0.00023973868519533426,0.0046755652874708176,-21.937864303588867
911,0.9119119048118591,84.57007598876953,-0.00024143245536834002,0.00529571482911706,-24.6531925201416
912,0.912912905216217,84.64183044433594,-0.000241070898482576,0.00556187005713582,-25.878557205200195
913,0.913913905620575,84.71365356445312,-0.00023756379960104823,0.0049882144667208195,-23.53544044494629
914,0.9149149060249329,84.78553009033203,-0.00023878607316873968,0.005953995976597071,-27.571640014648438
915,0.9159159064292908,84.85746765136719,-0.0002381531085120514,0.007159774657338858,-32.598209381103516
916,0.9169169068336487,84.92947387695312,-0.00023669881920795888,0.007596903946250677,-34.38943862915039
917,0.9179179072380066,85.00153350830078,-0.00023689668159931898,0.007102899719029665,-32.22181701660156
918,0.9189189076423645,85.07366180419922,-0.00023590924683958292,0.007482683286070824,-33.824745178222656
919,0.9199199080467224,85.1458511352539,-0.0002361887600272894,0.007246000226587057,-32.891841888427734
920,0.9209209084510803,85.21809387207031,-0.00023464966216124594,0.00781176146119833,-35.39430236816406
921,0.9219219088554382,85.29039764404297,-0.00023199162387754768,0.008772356435656548,-39.607913970947266
922,0.9229229092597961,85.3627700805664,-0.00023647616035304964,0.007826117798686028,-35.650447845458984
923,0.923923909664154,85.43519592285156,-0.00023737225274089724,0.007850327529013157,-35.827362060546875
924,0.924924910068512,85.50769805908203,-0.00023976564989425242,0.00712235365062952,-32.8780517578125
925,0.9259259104728699,85.58024597167969,-0.00023844352108426392,0.007393260020762682,-34.08145523071289
926,0.9269269108772278,85.6528549194336,-0.000237471962464042,0.005467559210956097,-26.034868240356445
927,0.9279279112815857,85.72554779052734,-0.00023618064005859196,0.005414725746959448,-25.77728271484375
928,0.9289289116859436,85.79827880859375,-0.0002313374716322869,0.004028692841529846,-19.789472579956055
929,0.9299299120903015,85.87108612060547,-0.00022795259428676218,0.0030802127439528704,-15.571399688720703
930,0.9309309124946594,85.9439468383789,-0.00022331223590299487,0.0019265791634097695,-10.400635719299316
931,0.9319319128990173,86.01686096191406,-0.00022707608877681196,0.0028299964033067226,-14.371766090393066
932,0.9329329133033752,86.08985137939453,-0.00022215077478904277,0.0015917075797915459,-8.837024688720703
933,0.9339339137077332,86.16289520263672,-0.0002231261896668002,0.0019769184291362762,-10.527046203613281
934,0.9349349141120911,86.23600769042969,-0.00022514020383823663,0.002818272914737463,-14.267965316772461
935,0.935935914516449,86.3091812133789,-0.0002219040907220915,0.0022027119994163513,-11.565009117126465
936,0.9369369149208069,86.38240814208984,-0.00021921870938967913,0.0016626246506348252,-9.146355628967285
937,0.9379379153251648,86.45570373535156,-0.00022016529692336917,0.0021420035045593977,-11.362265586853027
938,0.9389389157295227,86.52906799316406,-0.00022062196512706578,0.002550180070102215,-13.283483505249023
939,0.9399399161338806,86.60248565673828,-0.00021830032346770167,0.0016619954258203506,-9.294764518737793
940,0.9409409165382385,86.67597198486328,-0.00021782216208521277,0.0013473638100549579,-7.890495300292969
941,0.9419419169425964,86.74951171875,-0.0002176804409828037,0.0011526137823238969,-7.0182929039001465
942,0.9429429173469543,86.82312774658203,-0.00021805436699651182,0.0012575848959386349,-7.491573810577393
943,0.9439439177513123,86.89679718017578,-0.00021870511409360915,0.0008837971836328506,-5.767375946044922
944,0.9449449181556702,86.97053527832031,-0.00021858306718058884,0.0007914339075796306,-5.3840227127075195
945,0.9459459185600281,87.04431915283203,-0.00021768953592982143,0.0007722298032604158,-5.371172904968262
946,0.946946918964386,87.11817932128906,-0.00021668989211320877,0.0009727239375934005,-6.382237911224365
947,0.9479479193687439,87.19210052490234,-0.000215769701753743,0.0006697251810692251,-5.069528579711914
948,0.9489489793777466,87.2660903930664,-0.00021482593729160726,0.0002411235182080418,-3.174351215362549
949,0.9499499797821045,87.34013366699219,-0.00021542710601352155,-0.0005646395147778094,0.5254396200180054
950,0.9509509801864624,87.41423797607422,-0.00021320729865692556,-0.00046734916395507753,0.05116009712219238
951,0.9519519805908203,87.48841094970703,-0.00020998198306187987,4.2734933231258765e-05,-2.330626964569092
952,0.9529529809951782,87.56263732910156,-0.0002085495798382908,0.00014291399565991014,-2.7495079040527344
953,0.9539539813995361,87.6369400024414,-0.00021060497965663671,-0.0010134624317288399,2.9007186889648438
954,0.954954981803894,87.71129608154297,-0.00020922822295688093,-0.0008652708493173122,2.347593307495117
955,0.955955982208252,87.78572845458984,-0.00020811575814150274,-0.0006863731541670859,1.5934805870056152
956,0.9569569826126099,87.86021423339844,-0.00020836235489696264,-0.0010993503965437412,3.6759822368621826
957,0.9579579830169678,87.93476104736328,-0.00020680465968325734,-0.0005533985095098615,1.1327059268951416
958,0.9589589834213257,88.0093765258789,-0.00020562995632644743,-0.0002677521842997521,-0.18547677993774414
959,0.9599599838256836,88.08405303955078,-0.0002030420146184042,0.000630524824373424,-4.5534348487854
960,0.9609609842300415,88.1587905883789,-0.0002006322902161628,0.0005646019708365202,-4.267225742340088
961,0.9619619846343994,88.23359680175781,-0.00019807025091722608,0.0006847582408227026,-4.995179176330566
962,0.9629629850387573,88.30846405029297,-0.0001984135597012937,-0.00028312241192907095,-0.24925851821899414
963,0.9639639854431152,88.38339233398438,-0.0002010087773669511,-0.0011595648247748613,4.038029670715332
964,0.9649649858474731,88.45838165283203,-0.00019790558144450188,-0.0007459208718501031,1.8764928579330444
965,0.965965986251831,88.53343963623047,-0.00019807039643637836,-0.0010650529293343425,3.3912010192871094
966,0.966966986656189,88.60856628417969,-0.00019789002544712275,-0.0012102000182494521,4.059532165527344
967,0.9679679870605469,88.68374633789062,-0.00019746474572457373,-0.001841650577262044,7.1773295402526855
968,0.9689689874649048,88.75899505615234,-0.0001964598777703941,-0.0022225265856832266,9.036421775817871
969,0.9699699878692627,88.83431243896484,-0.00019418419105932117,-0.003280776087194681,14.364285469055176
970,0.9709709882736206,88.90968322753906,-0.0001938296773005277,-0.0033135877456516027,14.476737976074219
971,0.9719719886779785,88.98513793945312,-0.00019385915948078036,-0.003387613222002983,14.832941055297852
972,0.9729729890823364,89.06063842773438,-0.00019523038645274937,-0.0030275690369307995,12.998241424560547
973,0.9739739894866943,89.13619995117188,-0.00019544502720236778,-0.0035220319405198097,15.58682632446289
974,0.9749749898910522,89.21183776855469,-0.0001976100611500442,-0.002848051954060793,12.25322151184082
975,0.9759759902954102,89.28753662109375,-0.0001994053163798526,-0.0024846112355589867,10.495837211608887
976,0.9769769906997681,89.36328887939453,-0.00020093351486139,-0.002145707141608,8.798904418945312
977,0.977977991104126,89.43911743164062,-0.00020047780708409846,-0.0027409964241087437,11.68632698059082
978,0.9789789915084839,89.5150146484375,-0.00020173320081084967,-0.0025371587835252285,10.556278228759766
979,0.9799799919128418,89.59095764160156,-0.00020369251433294266,-0.0017310981638729572,6.456268787384033
980,0.9809809923171997,89.66697692871094,-0.00020416716870386153,-0.001659487490542233,6.025250434875488
981,0.9819819927215576,89.7430648803711,-0.00020456357742659748,-0.0019066676031798124,7.257072925567627
982,0.9829829931259155,89.81920623779297,-0.00020445260452106595,-0.001800531055778265,6.855600833892822
983,0.9839839935302734,89.89541625976562,-0.0002028998569585383,-0.0010968660935759544,3.5837764739990234
984,0.9849849939346313,89.97168731689453,-0.00020332088752184063,-0.0014743871288374066,5.635483264923096
985,0.9859859943389893,90.04803466796875,-0.00020138811669312418,-0.0010656953090801835,3.8217248916625977
986,0.9869869947433472,90.12445068359375,-0.00019933296425733715,-0.0007299748831428587,2.2889537811279297
987,0.9879879951477051,90.20091247558594,-0.0002040616236627102,-0.0014902870170772076,6.130649566650391
988,0.988988995552063,90.27745819091797,-0.00020604986639227718,-0.0017697194125503302,7.511112213134766
989,0.9899899959564209,90.35404968261719,-0.00020242089522071183,-0.0010684903245419264,4.0485124588012695
990,0.9909909963607788,90.43071746826172,-0.0002025943686021492,-0.0010865351650863886,4.0971455574035645
991,0.9919919967651367,90.5074462890625,-0.00020003390091005713,-0.0007510893628932536,2.408071756362915
992,0.9929929971694946,90.58423614501953,-0.00019948577391915023,-0.0007754114922136068,2.474127769470215
993,0.9939939975738525,90.6611099243164,-0.00020291954569984227,-0.0017138321418315172,7.043428897857666
994,0.9949949979782104,90.73802947998047,-0.0001999619125854224,-0.0014275929424911737,5.558211803436279
995,0.9959959983825684,90.81501770019531,-0.00019794306717813015,-0.0013715879758819938,5.234302997589111
996,0.9969969987869263,90.89208221435547,-0.0001981161185540259,-0.002271001460030675,9.736185073852539
997,0.9979979991912842,90.96920013427734,-0.00019679633260238916,-0.0021682684309780598,9.17915153503418
998,0.9989989995956421,91.04638671875,-0.00019444256031420082,-0.002820915076881647,12.485101699829102
999,1.0,91.12364959716797,-0.00019278927356936038,-0.0032301831524819136,14.58945369720459
