index,timestep,Diffusion_Coeff,Divergence,score,pos
0,0.0,39.05299377441406,-0.013369177468121052,0.042228471487760544,-32.9311637878418
1,0.0010010009864345193,39.08612823486328,-0.014269459992647171,0.0038802295457571745,-30.302207946777344
2,0.0020020019728690386,39.11929702758789,-0.0139246117323637,0.021635781973600388,-31.634807586669922
3,0.0030030030757188797,39.15248489379883,-0.014360537752509117,0.002402104437351227,-30.301513671875
4,0.004004003945738077,39.185707092285156,-0.013798071071505547,0.028597677126526833,-32.12586212158203
5,0.005005004815757275,39.218955993652344,-0.014509111642837524,-0.0035222007427364588,-29.824058532714844
6,0.006006006151437759,39.25223159790039,-0.013711811974644661,0.033661384135484695,-32.40944290161133
7,0.007007007021456957,39.28553771972656,-0.013158866204321384,0.056783631443977356,-34.0889778137207
8,0.008008007891476154,39.31887435913086,-0.013015290722250938,0.062456924468278885,-34.519657135009766
9,0.009009009227156639,39.352237701416016,-0.013316399417817593,0.04724997282028198,-33.42361831665039
10,0.01001000963151455,39.38562774658203,-0.013497734442353249,0.03522121161222458,-32.600685119628906
11,0.011011010967195034,39.41904830932617,-0.012962869368493557,0.0522853247821331,-33.97035217285156
12,0.012012012302875519,39.452491760253906,-0.01296369731426239,0.04562731459736824,-33.539520263671875
13,0.013013012707233429,39.48596954345703,-0.012986835092306137,0.03722914680838585,-32.96796417236328
14,0.014014014042913914,39.51947021484375,-0.012901105917990208,0.03209938853979111,-32.622737884521484
15,0.015015014447271824,39.55300521850586,-0.012816419824957848,0.02358289808034897,-31.98658561706543
16,0.01601601578295231,39.58656692504883,-0.01259708870202303,0.012938940897583961,-31.21731948852539
17,0.01701701618731022,39.620155334472656,-0.012147493660449982,0.023237435147166252,-32.124755859375
18,0.018018018454313278,39.653770446777344,-0.011832959949970245,0.02884220890700817,-32.66509246826172
19,0.01901901885867119,39.68742370605469,-0.011676142923533916,0.007935238070786,-30.95382308959961
20,0.0200200192630291,39.721092224121094,-0.011395138688385487,0.0014574438100680709,-30.42392921447754
21,0.021021021530032158,39.754798889160156,-0.011211942881345749,0.011296716518700123,-31.31100082397461
22,0.022022021934390068,39.78852844238281,-0.010829629376530647,-0.007714606821537018,-29.590864181518555
23,0.023023022338747978,39.82229232788086,-0.010753470472991467,0.0036169581580907106,-30.629714965820312
24,0.024024024605751038,39.8560791015625,-0.01060972549021244,0.016114018857479095,-31.810367584228516
25,0.025025025010108948,39.889896392822266,-0.010321123525500298,0.009370686486363411,-31.17111587524414
26,0.026026025414466858,39.92374801635742,-0.010104689747095108,0.02013293281197548,-32.23981857299805
27,0.027027025818824768,39.95762252807617,-0.009879185818135738,0.034938037395477295,-33.77747344970703
28,0.028028028085827827,39.99152755737305,-0.009674047119915485,0.043658558279275894,-34.75057601928711
29,0.029029028490185738,40.02545928955078,-0.009497617371380329,0.04496775195002556,-34.958744049072266
30,0.030030028894543648,40.05942153930664,-0.009339388459920883,0.03901297226548195,-34.36681365966797
31,0.031031031161546707,40.093414306640625,-0.009213117882609367,0.05951313674449921,-36.638858795166016
32,0.03203203156590462,40.1274299621582,-0.009145294316112995,0.047105573117733,-35.400917053222656
33,0.03303303197026253,40.16147994995117,-0.009139086119830608,0.05252860113978386,-36.09659957885742
34,0.03403403237462044,40.195556640625,-0.009131895378232002,0.05448616296052933,-36.403831481933594
35,0.03503503277897835,40.22966384887695,-0.009090786799788475,0.0407431535422802,-34.998741149902344
36,0.036036036908626556,40.263797760009766,-0.008974060416221619,0.03428776189684868,-34.41132736206055
37,0.03703703731298447,40.29795837402344,-0.008929334580898285,0.05333292484283447,-36.64799499511719
38,0.03803803771734238,40.3321533203125,-0.008825446479022503,0.05503541976213455,-36.93916702270508
39,0.03903903812170029,40.36637878417969,-0.008662853389978409,0.06551215052604675,-38.2252197265625
40,0.0400400385260582,40.40062713623047,-0.008535213768482208,0.05925370380282402,-37.59073257446289
41,0.04104103893041611,40.434906005859375,-0.00834447331726551,0.05839727818965912,-37.571929931640625
42,0.042042043060064316,40.469215393066406,-0.008124365471303463,0.06305631250143051,-38.242610931396484
43,0.043043043464422226,40.50355529785156,-0.007940075360238552,0.07269548624753952,-39.55876541137695
44,0.044044043868780136,40.53792190551758,-0.007833024486899376,0.07516666501760483,-39.978179931640625
45,0.045045044273138046,40.572322845458984,-0.007769639138132334,0.07899090647697449,-40.52817153930664
46,0.046046044677495956,40.606746673583984,-0.007676276378333569,0.08718123286962509,-41.63848876953125
47,0.04704704508185387,40.641197204589844,-0.007612604647874832,0.09135317802429199,-42.231163024902344
48,0.048048049211502075,40.67568588256836,-0.007595068775117397,0.08914796262979507,-42.007896423339844
49,0.049049049615859985,40.71019744873047,-0.007468485273420811,0.09806855022907257,-43.3159065246582
50,0.050050050020217896,40.7447395324707,-0.00732172979041934,0.10554349422454834,-44.50813293457031
51,0.051051050424575806,40.77931213378906,-0.0071184877306222916,0.11145224422216415,-45.665035247802734
52,0.052052050828933716,40.81391143798828,-0.007020947057753801,0.107307069003582,-45.41316223144531
53,0.053053051233291626,40.84854507446289,-0.006939697545021772,0.1022428572177887,-44.98754119873047
54,0.054054051637649536,40.88320541381836,-0.006871206685900688,0.0962277501821518,-44.37932205200195
55,0.055055055767297745,40.91789627075195,-0.006766589358448982,0.09350408613681793,-44.246673583984375
56,0.056056056171655655,40.952613830566406,-0.006671220995485783,0.09153424948453903,-44.17314529418945
57,0.057057056576013565,40.987361907958984,-0.006608130875974894,0.08635395765304565,-43.55214309692383
58,0.058058056980371475,41.02214431762695,-0.006551394704729319,0.08173362910747528,-42.965309143066406
59,0.059059057384729385,41.056949615478516,-0.006454604212194681,0.08070331811904907,-42.91079330444336
60,0.060060057789087296,41.0917854309082,-0.006332302000373602,0.07078468054533005,-41.442440032958984
61,0.061061061918735504,41.12665557861328,-0.006183580495417118,0.0813487321138382,-43.18650817871094
62,0.062062062323093414,41.16154479980469,-0.006024619564414024,0.09558571130037308,-45.55986785888672
63,0.06306306272745132,41.19647216796875,-0.006012402009218931,0.07581312954425812,-42.29298400878906
64,0.06406406313180923,41.23143005371094,-0.005870036780834198,0.09439215064048767,-45.46076202392578
65,0.06506506353616714,41.266414642333984,-0.005847867578268051,0.07206769287586212,-41.777896881103516
66,0.06606606394052505,41.301429748535156,-0.005771721713244915,0.06805146485567093,-41.21923065185547
67,0.06706706434488297,41.33647537231445,-0.0056638093665242195,0.058485083281993866,-39.72451400756836
68,0.06806806474924088,41.37154769897461,-0.0055174753069877625,0.05485943704843521,-39.29639434814453
69,0.06906906515359879,41.406654357910156,-0.005445071030408144,0.06479048728942871,-41.29737091064453
70,0.0700700655579567,41.44178771972656,-0.005297128111124039,0.053241223096847534,-39.351802825927734
71,0.0710710734128952,41.476951599121094,-0.005216939840465784,0.05470624938607216,-39.805477142333984
72,0.07207207381725311,41.512142181396484,-0.00508394418284297,0.04725613445043564,-38.490386962890625
73,0.07307307422161102,41.547367095947266,-0.005056881345808506,0.0499238520860672,-39.14992141723633
74,0.07407407462596893,41.582618713378906,-0.004952676128596067,0.043634478002786636,-38.00808334350586
75,0.07507507503032684,41.61790466308594,-0.0047044651582837105,0.03173176199197769,-35.621341705322266
76,0.07607607543468475,41.65321731567383,-0.0047649503685534,0.03361552208662033,-36.07251739501953
77,0.07707707583904266,41.688560485839844,-0.004809172824025154,0.03520038351416588,-36.450584411621094
78,0.07807807624340057,41.72393035888672,-0.0048425146378576756,0.03663598373532295,-36.79486083984375
79,0.07907907664775848,41.75933074951172,-0.004993696231395006,0.047185931354761124,-38.97466278076172
80,0.0800800770521164,41.794769287109375,-0.004791639745235443,0.03654018044471741,-36.83070373535156
81,0.0810810774564743,41.830230712890625,-0.00460922671481967,0.03088303841650486,-35.65076446533203
82,0.08208207786083221,41.865726470947266,-0.004502100870013237,0.02852093242108822,-35.1508674621582
83,0.08308307826519012,41.9012451171875,-0.00430134404450655,0.02406449429690838,-34.151939392089844
84,0.08408408612012863,41.93680191040039,-0.004166572820395231,0.02176661230623722,-33.59904479980469
85,0.08508508652448654,41.97238540649414,-0.0033675306476652622,0.009590314701199532,-30.381986618041992
86,0.08608608692884445,42.00799560546875,-0.0035998898092657328,0.013086406514048576,-31.368701934814453
87,0.08708708733320236,42.043643951416016,-0.0033805398270487785,0.01120584737509489,-30.817262649536133
88,0.08808808773756027,42.079315185546875,-0.003284919075667858,0.011344235390424728,-30.801671981811523
89,0.08908908814191818,42.115020751953125,-0.0033651133999228477,0.014034837484359741,-31.52625274658203
90,0.09009008854627609,42.1507568359375,-0.003273128066211939,0.014398543164134026,-31.5553035736084
91,0.091091088950634,42.186519622802734,-0.0029002525843679905,0.01096576638519764,-30.337764739990234
92,0.09209208935499191,42.22231674194336,-0.0023924780543893576,0.006801660638302565,-28.5826473236084
93,0.09309308975934982,42.258140563964844,-0.0022682840935885906,0.006480349227786064,-28.25078582763672
94,0.09409409016370773,42.29399490356445,-0.002156790578737855,0.0061185299418866634,-27.92671775817871
95,0.09509509056806564,42.32988739013672,-0.0018139977473765612,0.0035753545816987753,-26.50680160522461
96,0.09609609842300415,42.36580276489258,-0.0019178580259904265,0.004641072358936071,-26.990394592285156
97,0.09709709882736206,42.40175247192383,-0.0016079600900411606,0.002235435415059328,-25.576480865478516
98,0.09809809923171997,42.4377326965332,-0.0019274227088317275,0.0049265651032328606,-27.069747924804688
99,0.09909909963607788,42.473731994628906,-0.0016529401764273643,0.002820561407133937,-25.829696655273438
100,0.10010010004043579,42.5097770690918,-0.0011123468866571784,-0.0008881064131855965,-23.049949645996094
101,0.1011011004447937,42.545841217041016,-0.00080757902469486,-0.0025499227922409773,-21.251188278198242
102,0.10210210084915161,42.58195114135742,-0.000878224556799978,-0.002105985302478075,-21.706317901611328
103,0.10310310125350952,42.618080139160156,-0.0006733261980116367,-0.003041855525225401,-20.429569244384766
104,0.10410410165786743,42.65423583984375,-0.0010616059880703688,-0.0009096364374272525,-22.818008422851562
105,0.10510510206222534,42.6904296875,-0.0012622133363038301,0.0005112185026519,-24.032506942749023
106,0.10610610246658325,42.726654052734375,-0.0007588082808069885,-0.002482461743056774,-20.999067306518555
107,0.10710710287094116,42.762908935546875,-0.0008134950185194612,-0.0020660539157688618,-21.352502822875977
108,0.10810810327529907,42.799190521240234,-0.0012680396903306246,0.0011036260984838009,-24.258190155029297
109,0.10910911113023758,42.83551025390625,-0.001564014470204711,0.003788601839914918,-26.0710391998291
110,0.11011011153459549,42.871856689453125,-0.0016667780000716448,0.005002421792596579,-26.733856201171875
111,0.1111111119389534,42.90822982788086,-0.001975532155483961,0.00843742024153471,-28.535911560058594
112,0.11211211234331131,42.94463348388672,-0.0018508470384404063,0.0074178059585392475,-27.880456924438477
113,0.11311311274766922,42.9810791015625,-0.002164945937693119,0.011355390772223473,-29.68638038635254
114,0.11411411315202713,43.017547607421875,-0.0023188148625195026,0.013737271539866924,-30.603527069091797
115,0.11511511355638504,43.054054260253906,-0.0027610373217612505,0.021390173584222794,-33.48906326293945
116,0.11611611396074295,43.090579986572266,-0.0026819054037332535,0.02074507623910904,-33.257965087890625
117,0.11711711436510086,43.127140045166016,-0.0027196668088436127,0.02210906520485878,-33.764949798583984
118,0.11811811476945877,43.16373825073242,-0.002709113759920001,0.022248540073633194,-33.82227325439453
119,0.11911911517381668,43.20035934448242,-0.0026968559250235558,0.022050879895687103,-33.77117156982422
120,0.12012011557817459,43.23701477050781,-0.003041900461539626,0.030062057077884674,-36.58827209472656
121,0.1211211159825325,43.27370834350586,-0.0029984870925545692,0.029507633298635483,-36.505332946777344
122,0.12212212383747101,43.3104248046875,-0.002905653789639473,0.027797600254416466,-36.02682876586914
123,0.12312312424182892,43.34716796875,-0.002537825610488653,0.020517492666840553,-33.43077850341797
124,0.12412412464618683,43.38395309448242,-0.0022645604331046343,0.016538137570023537,-31.81414794921875
125,0.12512512505054474,43.42076110839844,-0.002442488679662347,0.02017333172261715,-33.35882568359375
126,0.12612612545490265,43.45760726928711,-0.0023477475624531507,0.01917136460542679,-32.92596435546875
127,0.12712712585926056,43.494476318359375,-0.0021033301018178463,0.015616402961313725,-31.321388244628906
128,0.12812812626361847,43.5313835144043,-0.0017115399241447449,0.010371099226176739,-28.549463272094727
129,0.12912912666797638,43.56832504272461,-0.0013564738910645247,0.006031119264662266,-25.689393997192383
130,0.1301301270723343,43.605289459228516,-0.001224659034051001,0.004418464843183756,-24.432838439941406
131,0.1311311274766922,43.64228820800781,-0.001231557223945856,0.004531794227659702,-24.496965408325195
132,0.1321321278810501,43.679317474365234,-0.0011267438530921936,0.0032751979306340218,-23.369455337524414
133,0.13313312828540802,43.71638107299805,-0.0010658574756234884,0.002554413629695773,-22.60310935974121
134,0.13413412868976593,43.753475189208984,-0.0010977275669574738,0.0030262533109635115,-22.9361572265625
135,0.13513512909412384,43.79059600830078,-0.0010675220983102918,0.0028086600359529257,-22.489580154418945
136,0.13613612949848175,43.827762603759766,-0.0010548282880336046,0.00279597332701087,-22.24625015258789
137,0.13713712990283966,43.86494445800781,-0.0010153723414987326,0.002341817133128643,-21.637060165405273
138,0.13813813030719757,43.902164459228516,-0.000921406433917582,0.0010700445855036378,-20.254959106445312
139,0.13913913071155548,43.93941879272461,-0.0007015543524175882,-0.0014209292130544782,-17.13776206970215
140,0.1401401311159134,43.9766960144043,-0.0006398611585609615,-0.0020030264277011156,-16.242259979248047
141,0.1411411464214325,44.014015197753906,-0.0006806413875892758,-0.0016819080337882042,-16.66798973083496
142,0.1421421468257904,44.051361083984375,-0.0005692082340829074,-0.0026530043687671423,-14.983526229858398
143,0.14314314723014832,44.08873748779297,-0.0005087239551357925,-0.0033323527313768864,-13.525041580200195
144,0.14414414763450623,44.12614822387695,-0.0004988157306797802,-0.004401112906634808,-11.220836639404297
145,0.14514514803886414,44.1635856628418,-0.0004991081077605486,-0.003773667151108384,-12.37220573425293
146,0.14614614844322205,44.20106506347656,-0.0006767144659534097,-0.0018524910556152463,-15.58336353302002
147,0.14714714884757996,44.238563537597656,-0.0006420641439035535,-0.002194317989051342,-14.95880126953125
148,0.14814814925193787,44.27610778808594,-0.0007394369458779693,-0.0013056303141638637,-16.25191879272461
149,0.14914914965629578,44.31366729736328,-0.0007736770203337073,-0.0009996602311730385,-16.781049728393555
150,0.1501501500606537,44.35126876831055,-0.0008453406044282019,-0.00014784983068238944,-17.969614028930664
151,0.1511511504650116,44.38890075683594,-0.0008570026839151978,-7.355967682087794e-05,-18.20111083984375
152,0.1521521508693695,44.426570892333984,-0.0009043414611369371,0.0005487768794409931,-19.03179931640625
153,0.15315315127372742,44.464263916015625,-0.000926330394577235,0.0008267348748631775,-19.415424346923828
154,0.15415415167808533,44.50199508666992,-0.0008873398182913661,0.00014806812396273017,-18.68492889404297
155,0.15515515208244324,44.53975296020508,-0.0010127936257049441,0.002340529812499881,-20.869457244873047
156,0.15615615248680115,44.57754898071289,-0.0010467922547832131,0.003088623285293579,-21.382810592651367
157,0.15715715289115906,44.6153678894043,-0.001022403477691114,0.002785096410661936,-20.823713302612305
158,0.15815815329551697,44.653228759765625,-0.0010218468960374594,0.0029400293715298176,-20.724855422973633
159,0.15915915369987488,44.69111251831055,-0.0010947763221338391,0.0045724292285740376,-22.08637046813965
160,0.1601601541042328,44.72903823852539,-0.0012336000800132751,0.007517900783568621,-24.48636245727539
161,0.1611611545085907,44.76698684692383,-0.0011790088610723615,0.006497071124613285,-23.605045318603516
162,0.1621621549129486,44.804969787597656,-0.0011545158922672272,0.006017871666699648,-23.21290397644043
163,0.16316315531730652,44.842987060546875,-0.0011513694189488888,0.005893704015761614,-23.183488845825195
164,0.16416415572166443,44.88103485107422,-0.0011731036938726902,0.006274114828556776,-23.52983856201172
165,0.16516515612602234,44.91912078857422,-0.0011297602904960513,0.005464688874781132,-22.750701904296875
166,0.16616615653038025,44.95723342895508,-0.0011379171628504992,0.005781618412584066,-22.88957405090332
167,0.16716717183589935,44.99538040161133,-0.0011487954761832952,0.006194184999912977,-23.128259658813477
168,0.16816817224025726,45.03356170654297,-0.0011423955438658595,0.006155709270387888,-23.021188735961914
169,0.16916917264461517,45.071773529052734,-0.0010740344878286123,0.004526355769485235,-21.56044578552246
170,0.17017017304897308,45.110015869140625,-0.0010718198027461767,0.0042762141674757,-21.400739669799805
171,0.171171173453331,45.14828872680664,-0.0010889244731515646,0.0044115460477769375,-21.62932014465332
172,0.1721721738576889,45.18659973144531,-0.0010190554894506931,0.002459523268043995,-19.917699813842773
173,0.17317317426204681,45.22494125366211,-0.0009843898005783558,0.001451600925065577,-19.025480270385742
174,0.17417417466640472,45.2633171081543,-0.0011872694594785571,0.005984641145914793,-23.245512008666992
175,0.17517517507076263,45.30172348022461,-0.0011376836337149143,0.004823610652238131,-22.190139770507812
176,0.17617617547512054,45.34016036987305,-0.0011904917191714048,0.006362722255289555,-23.373592376708984
177,0.17717717587947845,45.37863540649414,-0.0011069340398535132,0.004553142935037613,-21.619731903076172
178,0.17817817628383636,45.41713333129883,-0.001149731338955462,0.005990995559841394,-22.7761287689209
179,0.17917917668819427,45.45567321777344,-0.0012400879058986902,0.00848656427115202,-24.86055564880371
180,0.18018017709255219,45.49424362182617,-0.0013293400406837463,0.010828256607055664,-26.720544815063477
181,0.1811811774969101,45.53284454345703,-0.0013383144978433847,0.011149910278618336,-27.009784698486328
182,0.182182177901268,45.571475982666016,-0.001387286465615034,0.012612664140760899,-28.16636848449707
183,0.18318317830562592,45.610145568847656,-0.0012092748656868935,0.00856476929038763,-25.10940170288086
184,0.18418417870998383,45.64884567260742,-0.0011501637054607272,0.00751094426959753,-24.17389678955078
185,0.18518517911434174,45.68758010864258,-0.001107438001781702,0.006775996647775173,-23.405988693237305
186,0.18618617951869965,45.726348876953125,-0.0010525821708142757,0.0054845912382006645,-22.027324676513672
187,0.18718717992305756,45.76514434814453,-0.0011011820752173662,0.007344982121139765,-23.524169921875
188,0.18818818032741547,45.803977966308594,-0.0010587573051452637,0.006282580550760031,-22.288724899291992
189,0.18918918073177338,45.84284210205078,-0.0011043869890272617,0.007966372184455395,-23.611909866333008
190,0.1901901811361313,45.881744384765625,-0.0012207177933305502,0.011632840149104595,-26.574125289916992
191,0.1911911815404892,45.92066955566406,-0.0012008898193016648,0.010973228141665459,-25.94730567932129
192,0.1921921968460083,45.95963668823242,-0.0010984247783198953,0.007645977661013603,-23.086238861083984
193,0.1931931972503662,45.99863052368164,-0.0011157233966514468,0.007939759641885757,-23.481704711914062
194,0.19419419765472412,46.037662506103516,-0.0011877736542373896,0.009832942858338356,-25.27277374267578
195,0.19519519805908203,46.07672882080078,-0.0011987120378762484,0.009917288087308407,-25.51226043701172
196,0.19619619846343994,46.115821838378906,-0.0012622630456462502,0.011585207656025887,-27.004528045654297
197,0.19719719886779785,46.15495300292969,-0.0014282756019383669,0.016494199633598328,-30.742717742919922
198,0.19819819927215576,46.194114685058594,-0.0014557712711393833,0.01733086258172989,-31.362285614013672
199,0.19919919967651367,46.23331069946289,-0.0015112892724573612,0.019492147490382195,-32.85911178588867
200,0.20020020008087158,46.27254104614258,-0.00148340396117419,0.01887972466647625,-32.53797149658203
201,0.2012012004852295,46.31180191040039,-0.0013772578677162528,0.015885893255472183,-30.507761001586914
202,0.2022022008895874,46.35110092163086,-0.0012839962728321552,0.01353858970105648,-28.767822265625
203,0.2032032012939453,46.39043045043945,-0.0013522214721888304,0.01639961637556553,-31.020061492919922
204,0.20420420169830322,46.42979049682617,-0.0013240090338513255,0.01616108976304531,-30.943599700927734
205,0.20520520210266113,46.46918487548828,-0.001372873317450285,0.01805892214179039,-32.44364547729492
206,0.20620620250701904,46.50861740112305,-0.0013516314793378115,0.01731155440211296,-31.968896865844727
207,0.20720720291137695,46.54807662963867,-0.0013960639480501413,0.018615340813994408,-32.96343231201172
208,0.20820820331573486,46.58757400512695,-0.0013247879687696695,0.01620291732251644,-31.174137115478516
209,0.20920920372009277,46.62710189819336,-0.0012657083570957184,0.01448005996644497,-29.72368621826172
210,0.21021020412445068,46.666664123535156,-0.001242492813616991,0.014043180271983147,-29.19831657409668
211,0.2112112045288086,46.706260681152344,-0.001303673256188631,0.016629239544272423,-31.02427864074707
212,0.2122122049331665,46.74589157104492,-0.0013033843133598566,0.01719116047024727,-31.241323471069336
213,0.21321320533752441,46.78555679321289,-0.0012292693136259913,0.015121061354875565,-29.40028953552246
214,0.21421420574188232,46.825252532958984,-0.0012683991808444262,0.01701999641954899,-30.776081085205078
215,0.21521520614624023,46.864990234375,-0.0013527646660804749,0.020663106814026833,-33.57621765136719
216,0.21621620655059814,46.90475082397461,-0.0014572725631296635,0.02497410587966442,-36.74237060546875
217,0.21721720695495605,46.94455337524414,-0.0014220216544345021,0.02350316010415554,-35.838592529296875
218,0.21821822226047516,46.98438262939453,-0.0013033782597631216,0.018882842734456062,-32.56355285644531
219,0.21921922266483307,47.024253845214844,-0.0012840040726587176,0.017896639183163643,-31.929893493652344
220,0.22022022306919098,47.064151763916016,-0.0012282193638384342,0.015915926545858383,-30.433040618896484
221,0.2212212234735489,47.104087829589844,-0.0012002072762697935,0.014957904815673828,-29.63317108154297
222,0.2222222238779068,47.14405059814453,-0.0011673035332933068,0.01374026108533144,-28.546831130981445
223,0.2232232242822647,47.18405532836914,-0.0011804656824097037,0.0143503462895751,-29.01984977722168
224,0.22422422468662262,47.22409439086914,-0.001113169826567173,0.011464955285191536,-26.4814395904541
225,0.22522522509098053,47.264163970947266,-0.0011210298398509622,0.01188944187015295,-26.859394073486328
226,0.22622622549533844,47.304264068603516,-0.0011107745813205838,0.011578083038330078,-26.599777221679688
227,0.22722722589969635,47.34440231323242,-0.0010483458172529936,0.009034139104187489,-24.263086318969727
228,0.22822822630405426,47.384578704833984,-0.001068360754288733,0.010183366946876049,-25.350788116455078
229,0.22922922670841217,47.424781799316406,-0.001069427002221346,0.010473044589161873,-25.632843017578125
230,0.23023022711277008,47.465023040771484,-0.0011282744817435741,0.013286787085235119,-28.203779220581055
231,0.231231227517128,47.50529479980469,-0.0011297701857984066,0.013819072395563126,-28.658987045288086
232,0.2322322279214859,47.54560470581055,-0.0011708172969520092,0.01604866236448288,-30.58519744873047
233,0.2332332283258438,47.58594512939453,-0.001174089265987277,0.016689369454979897,-31.131484985351562
234,0.23423422873020172,47.62632369995117,-0.0011250260286033154,0.015197191387414932,-29.81728172302246
235,0.23523522913455963,47.6667366027832,-0.0011223074980080128,0.01555351261049509,-30.08287239074707
236,0.23623622953891754,47.707176208496094,-0.0011084178695455194,0.01531374454498291,-29.80324363708496
237,0.23723722994327545,47.74766540527344,-0.0011188965290784836,0.015843773260712624,-30.241920471191406
238,0.23823823034763336,47.788177490234375,-0.001194346696138382,0.018871130421757698,-32.84894943237305
239,0.23923923075199127,47.8287239074707,-0.0012143420754000545,0.019648980349302292,-33.50580596923828
240,0.24024023115634918,47.86930847167969,-0.0012394713703542948,0.020852144807577133,-34.56623077392578
241,0.2412412315607071,47.9099235534668,-0.0012426006142050028,0.021317776292562485,-35.05393600463867
242,0.242242231965065,47.95058059692383,-0.0012323071714490652,0.021199332550168037,-35.065635681152344
243,0.2432432323694229,47.99126052856445,-0.0013111871667206287,0.024827441200613976,-37.973716735839844
244,0.24424424767494202,48.031982421875,-0.001293540932238102,0.02418527938425541,-37.48347091674805
245,0.24524524807929993,48.07273864746094,-0.001283853081986308,0.02398388460278511,-37.32870864868164
246,0.24624624848365784,48.113529205322266,-0.0012491124216467142,0.02285996824502945,-36.46360778808594
247,0.24724724888801575,48.154354095458984,-0.0011766331735998392,0.020176483318209648,-34.27774429321289
248,0.24824824929237366,48.19520950317383,-0.0012150980764999986,0.02205371856689453,-35.88613510131836
249,0.24924924969673157,48.236106872558594,-0.0012006314937025309,0.021497579291462898,-35.49302673339844
250,0.2502502501010895,48.277034759521484,-0.0011549643240869045,0.01924683153629303,-33.63419723510742
251,0.2512512505054474,48.317996978759766,-0.0011651398381218314,0.019205784425139427,-33.61683654785156
252,0.2522522509098053,48.35899353027344,-0.00109958671964705,0.01619577780365944,-30.9394588470459
253,0.2532532513141632,48.40003204345703,-0.0010677087120711803,0.014938528649508953,-29.750486373901367
254,0.2542542517185211,48.44109344482422,-0.0010365280322730541,0.013731870800256729,-28.593006134033203
255,0.25525525212287903,48.48219680786133,-0.0009902010206133127,0.01166612934321165,-26.57901954650879
256,0.25625625252723694,48.52333450317383,-0.0009747177828103304,0.011066223494708538,-26.030099868774414
257,0.25725725293159485,48.564510345458984,-0.0009935445850715041,0.012251090258359909,-27.322633743286133
258,0.25825825333595276,48.605712890625,-0.0010363820474594831,0.014659522101283073,-29.767553329467773
259,0.25925925374031067,48.64695739746094,-0.0010033751605078578,0.01361026894301176,-28.758459091186523
260,0.2602602541446686,48.688236236572266,-0.0010271447245031595,0.015102008357644081,-30.209192276000977
261,0.2612612545490265,48.729549407958984,-0.001033433130942285,0.015599353238940239,-30.673051834106445
262,0.2622622549533844,48.770896911621094,-0.0010403828928247094,0.01605311408638954,-31.113670349121094
263,0.2632632553577423,48.812278747558594,-0.0010244726436212659,0.015513695776462555,-30.607702255249023
264,0.2642642557621002,48.85369110107422,-0.00100340333301574,0.014589798636734486,-29.696989059448242
265,0.26526525616645813,48.895145416259766,-0.0009758099331520498,0.013265569694340229,-28.331878662109375
266,0.26626625657081604,48.93663787841797,-0.0009557210723869503,0.012244322337210178,-27.201810836791992
267,0.26726725697517395,48.97815704345703,-0.0009300466626882553,0.010917690582573414,-25.677261352539062
268,0.26826825737953186,49.01971435546875,-0.0009280474623665214,0.011143655516207218,-25.83062744140625
269,0.26926925778388977,49.061309814453125,-0.0009142883936874568,0.01067851297557354,-25.247896194458008
270,0.2702702581882477,49.10293960571289,-0.0009035500697791576,0.010523228906095028,-25.03093719482422
271,0.2712712585926056,49.14460754394531,-0.0008744036895222962,0.008537212386727333,-22.741256713867188
272,0.2722722589969635,49.18630599975586,-0.0008723197970539331,0.009021836332976818,-23.208173751831055
273,0.2732732594013214,49.2280387878418,-0.0008706610533408821,0.009247365407645702,-23.3869571685791
274,0.2742742598056793,49.26980972290039,-0.0008462331024929881,0.006718580611050129,-20.375471115112305
275,0.27527526021003723,49.31161880493164,-0.0008389907889068127,0.006223645992577076,-19.735698699951172
276,0.27627626061439514,49.35345458984375,-0.0007893469301052392,0.0025925126392394304,-15.243119239807129
277,0.27727726101875305,49.39533233642578,-0.0007806760258972645,0.0021702777594327927,-14.705927848815918
278,0.27827826142311096,49.4372444152832,-0.0008124008309096098,0.004152508452534676,-17.235811233520508
279,0.27927926182746887,49.479190826416016,-0.000831061159260571,0.005692881066352129,-19.22190284729004
280,0.2802802622318268,49.52117156982422,-0.0008192623499780893,0.0046807704493403435,-18.14449691772461
281,0.2812812626361847,49.56319046020508,-0.0008313149446621537,0.00563487084582448,-19.48045539855957
282,0.282282292842865,49.60525131225586,-0.0008623598259873688,0.008428920060396194,-22.92966651916504
283,0.2832832932472229,49.6473388671875,-0.0008333216537721455,0.0064569320529699326,-20.721965789794922
284,0.2842842936515808,49.6894645690918,-0.0008281953050754964,0.006397469900548458,-20.7108097076416
285,0.2852852940559387,49.73162841796875,-0.0008107613539323211,0.005551191978156567,-19.688899993896484
286,0.28628629446029663,49.77382278442383,-0.0008568663033656776,0.009174959734082222,-24.024524688720703
287,0.28728729486465454,49.81605911254883,-0.0008622207096777856,0.009752749465405941,-24.694185256958008
288,0.28828829526901245,49.85832595825195,-0.000852411612868309,0.00928832683712244,-24.143178939819336
289,0.28928929567337036,49.900630950927734,-0.0008390991715714335,0.008557680994272232,-23.25885581970215
290,0.29029029607772827,49.94297409057617,-0.0008648582734167576,0.010642023757100105,-25.655256271362305
291,0.2912912964820862,49.985355377197266,-0.0008366092806681991,0.008779335767030716,-23.36874771118164
292,0.2922922968864441,50.02776336669922,-0.0008386351983062923,0.009364718571305275,-23.976316452026367
293,0.293293297290802,50.07020950317383,-0.0008290312252938747,0.008897806517779827,-23.34617805480957
294,0.2942942976951599,50.11269760131836,-0.0008064009598456323,0.007074737921357155,-21.066434860229492
295,0.2952952980995178,50.155216217041016,-0.0008069409523159266,0.007855893112719059,-22.02281951904297
296,0.29629629850387573,50.197776794433594,-0.0007891232380643487,0.006844901945441961,-20.77914047241211
297,0.29729729890823364,50.2403678894043,-0.0007910547428764403,0.0077802990563213825,-21.980836868286133
298,0.29829829931259155,50.282997131347656,-0.0007799668819643557,0.007096533197909594,-21.088642120361328
299,0.29929929971694946,50.32566452026367,-0.0007930556312203407,0.008732783608138561,-23.116992950439453
300,0.3003003001213074,50.36836242675781,-0.0007776399725116789,0.007190633565187454,-21.030595779418945
301,0.3013013005256653,50.41109848022461,-0.0007705078460276127,0.006219576112926006,-19.62713623046875
302,0.3023023009300232,50.45387649536133,-0.0007814825512468815,0.007286458276212215,-20.877151489257812
303,0.3033033013343811,50.49668502807617,-0.0007977333152666688,0.008586689829826355,-22.434873580932617
304,0.304304301738739,50.53953552246094,-0.000773483538068831,0.006074899807572365,-19.197263717651367
305,0.3053053021430969,50.58241653442383,-0.0007965017575770617,0.007787297014147043,-21.36205291748047
306,0.30630630254745483,50.625335693359375,-0.00080928421812132,0.00826319307088852,-21.981403350830078
307,0.30730730295181274,50.66829299926758,-0.0008079393301159143,0.007557922508567572,-21.177291870117188
308,0.30830830335617065,50.71128463745117,-0.0008343865047208965,0.009508808143436909,-23.613435745239258
309,0.30930930376052856,50.754310607910156,-0.0008257325389422476,0.008930530399084091,-22.949182510375977
310,0.3103103041648865,50.79737854003906,-0.0008323605288751423,0.01011504977941513,-24.397178649902344
311,0.3113113045692444,50.840476989746094,-0.0008470276952721179,0.012142420746386051,-26.82617950439453
312,0.3123123049736023,50.88361358642578,-0.000850928365252912,0.013138125650584698,-28.05901336669922
313,0.3133133053779602,50.92679214477539,-0.0008176114060916007,0.010886495932936668,-25.4531307220459
314,0.3143143057823181,50.97000503540039,-0.0007953245658427477,0.009397938847541809,-23.714563369750977
315,0.315315306186676,51.01325225830078,-0.0007929835701361299,0.00963862519711256,-24.10759162902832
316,0.31631630659103394,51.056541442871094,-0.0007874612929299474,0.00936274603009224,-23.833086013793945
317,0.31731730699539185,51.099857330322266,-0.0007813124684616923,0.008780652657151222,-23.127952575683594
318,0.31831830739974976,51.14321517944336,-0.0007860399782657623,0.009016166441142559,-23.444364547729492
319,0.31931930780410767,51.186614990234375,-0.0007759792497381568,0.007745169103145599,-21.854284286499023
320,0.3203203082084656,51.23004913330078,-0.0007892762077972293,0.008742728270590305,-23.1707820892334
321,0.3213213086128235,51.27351379394531,-0.0008162830490618944,0.010770386084914207,-25.761323928833008
322,0.3223223090171814,51.317020416259766,-0.0008465750725008547,0.012793060392141342,-28.252700805664062
323,0.3233233094215393,51.36056137084961,-0.0008717508753761649,0.014423558488488197,-30.175090789794922
324,0.3243243098258972,51.40414047241211,-0.000836547464132309,0.011785880662500858,-27.1324462890625
325,0.3253253102302551,51.44776153564453,-0.0008363527595065534,0.012117945589125156,-27.576213836669922
326,0.32632631063461304,51.49141311645508,-0.00083230558084324,0.012293609790503979,-27.818269729614258
327,0.32732731103897095,51.53510284423828,-0.0008187970379367471,0.011948678642511368,-27.41572380065918
328,0.32832831144332886,51.578834533691406,-0.0007816959405317903,0.009492631070315838,-24.330795288085938
329,0.32932931184768677,51.622596740722656,-0.0007953722961246967,0.01153677050024271,-26.88463020324707
330,0.3303303122520447,51.66639709472656,-0.0007902416400611401,0.011865370906889439,-27.27742576599121
331,0.3313313126564026,51.71023941040039,-0.0007873789290897548,0.01233487855643034,-27.880949020385742
332,0.3323323130607605,51.754112243652344,-0.0007866377709433436,0.012784157879650593,-28.483564376831055
333,0.3333333432674408,51.79802703857422,-0.0007834656862542033,0.012835831381380558,-28.59162712097168
334,0.3343343436717987,51.84197998046875,-0.0007831738330423832,0.012930314987897873,-28.76671600341797
335,0.3353353440761566,51.88597106933594,-0.0007643424905836582,0.011287693865597248,-26.63365936279297
336,0.3363363444805145,51.92999267578125,-0.0007357816793955863,0.00782955065369606,-21.995332717895508
337,0.33733734488487244,51.974056243896484,-0.0007338453433476388,0.007339881733059883,-21.291122436523438
338,0.33833834528923035,52.018157958984375,-0.0007260378915816545,0.005997844506055117,-19.430904388427734
339,0.33933934569358826,52.06229782104492,-0.0007071654545143247,0.004161098971962929,-16.87898063659668
340,0.34034034609794617,52.106468200683594,-0.0007033583824522793,0.003940034192055464,-16.621002197265625
341,0.3413413465023041,52.15068054199219,-0.0007170313620008528,0.004986516200006008,-18.15195655822754
342,0.342342346906662,52.19493103027344,-0.0007317495765164495,0.0063377260230481625,-20.067163467407227
343,0.3433433473110199,52.23921585083008,-0.0007440532790496945,0.007752067409455776,-22.028486251831055
344,0.3443443477153778,52.283546447753906,-0.0007429963443428278,0.007893616333603859,-22.25821876525879
345,0.3453453481197357,52.327911376953125,-0.000754424836486578,0.009371376596391201,-24.276592254638672
346,0.34634634852409363,52.372310638427734,-0.000753419182728976,0.00957449246197939,-24.61440658569336
347,0.34734734892845154,52.416744232177734,-0.0007411122787743807,0.008661864325404167,-23.428125381469727
348,0.34834834933280945,52.46122360229492,-0.0007444926886819303,0.009288505651056767,-24.26197052001953
349,0.34934934973716736,52.505733489990234,-0.0007377954898402095,0.008943488821387291,-23.75142478942871
350,0.35035035014152527,52.55028533935547,-0.0007399886380881071,0.009277917444705963,-24.153200149536133
351,0.3513513505458832,52.594879150390625,-0.0007443869835697114,0.009905018843710423,-24.951560974121094
352,0.3523523509502411,52.639503479003906,-0.000756054010707885,0.011183785274624825,-26.611370086669922
353,0.353353351354599,52.68416976928711,-0.0007741944864392281,0.01290907897055149,-28.806236267089844
354,0.3543543517589569,52.72887420654297,-0.000792757491581142,0.01471551414579153,-31.071556091308594
355,0.3553553521633148,52.77360916137695,-0.0007795095443725586,0.01348232664167881,-29.45712661743164
356,0.35635635256767273,52.81839370727539,-0.0007720589637756348,0.012278095819056034,-27.893606185913086
357,0.35735735297203064,52.86320495605469,-0.0007678410038352013,0.011117933318018913,-26.441316604614258
358,0.35835835337638855,52.90806198120117,-0.0007875789306126535,0.0125619200989604,-28.381977081298828
359,0.35935935378074646,52.95295333862305,-0.0008151103393174708,0.014774559065699577,-31.235206604003906
360,0.36036035418510437,52.99788284301758,-0.0008316205930896103,0.015995316207408905,-32.8155403137207
361,0.3613613545894623,53.0428581237793,-0.0008351466385647655,0.016196157783269882,-33.16679000854492
362,0.3623623549938202,53.087860107421875,-0.0008411823073402047,0.016805335879325867,-33.990745544433594
363,0.3633633553981781,53.13290786743164,-0.0008281326736323535,0.01581469550728798,-32.884273529052734
364,0.364364355802536,53.1779899597168,-0.0008287760429084301,0.01615007035434246,-33.36098098754883
365,0.3653653562068939,53.223114013671875,-0.0008321300847455859,0.016952170059084892,-34.4058837890625
366,0.36636635661125183,53.268272399902344,-0.0008196120616048574,0.016596317291259766,-34.06538772583008
367,0.36736735701560974,53.31346893310547,-0.0007917805342003703,0.015087726525962353,-32.24985122680664
368,0.36836835741996765,53.358707427978516,-0.0007963505340740085,0.016205864027142525,-33.687225341796875
369,0.36936935782432556,53.40398025512695,-0.000802214490249753,0.017221659421920776,-34.95038986206055
370,0.37037035822868347,53.44929885864258,-0.0007957163034006953,0.01715204119682312,-34.834312438964844
371,0.3713713586330414,53.49464797973633,-0.0007976404158398509,0.017562028020620346,-35.261898040771484
372,0.3723723590373993,53.5400390625,-0.0007737702690064907,0.015675095841288567,-32.750335693359375
373,0.3733733594417572,53.58546829223633,-0.0007973007159307599,0.01762116700410843,-35.10121536254883
374,0.3743743598461151,53.63093566894531,-0.0007798535516485572,0.015987128019332886,-32.902992248535156
375,0.375375360250473,53.67644500732422,-0.0007841680198907852,0.01645270362496376,-33.404056549072266
376,0.37637636065483093,53.721988677978516,-0.0007886368548497558,0.017388414591550827,-34.626991271972656
377,0.37737736105918884,53.76757049560547,-0.0007663476280868053,0.015929564833641052,-32.81546401977539
378,0.37837836146354675,53.813194274902344,-0.0007485132664442062,0.014800343662500381,-31.39054298400879
379,0.37937936186790466,53.858856201171875,-0.0007308406056836247,0.013975730165839195,-30.370458602905273
380,0.3803803622722626,53.9045524597168,-0.000722787925042212,0.014063096605241299,-30.593799591064453
381,0.3813813626766205,53.950294494628906,-0.0007035589078441262,0.01324522402137518,-29.513578414916992
382,0.3823823630809784,53.996070861816406,-0.0006937441066838801,0.013026190921664238,-29.252437591552734
383,0.3833833634853363,54.04188919067383,-0.0006972638657316566,0.013782460242509842,-30.356115341186523
384,0.3843843936920166,54.08774185180664,-0.0006904702167958021,0.01351334247738123,-29.949417114257812
385,0.3853853940963745,54.133636474609375,-0.0006798605900257826,0.012601573020219803,-28.59737777709961
386,0.3863863945007324,54.1795654296875,-0.0006718281074427068,0.011615455150604248,-27.118762969970703
387,0.38738739490509033,54.22554016113281,-0.0006609604461118579,0.010157461278140545,-24.924062728881836
388,0.38838839530944824,54.271549224853516,-0.000649845227599144,0.007907677441835403,-21.53143310546875
389,0.38938939571380615,54.317596435546875,-0.0006538423476740718,0.00797366350889206,-21.71442413330078
390,0.39039039611816406,54.363685607910156,-0.0006646430119872093,0.009016439318656921,-23.43338966369629
391,0.391391396522522,54.40981674194336,-0.0006914085242897272,0.011394606903195381,-27.081579208374023
392,0.3923923969268799,54.45597839355469,-0.0007123489631339908,0.01259745191782713,-28.905620574951172
393,0.3933933973312378,54.502193450927734,-0.0007321708835661411,0.013935732655227184,-30.84934425354004
394,0.3943943977355957,54.54843521118164,-0.0007582856342196465,0.01597011461853981,-33.6597900390625
395,0.3953953981399536,54.59471893310547,-0.0007487008115276694,0.015303079970180988,-32.88588333129883
396,0.3963963985443115,54.64104080200195,-0.0007121849339455366,0.012409624643623829,-29.014570236206055
397,0.39739739894866943,54.68740463256836,-0.0006972778355702758,0.011506304144859314,-27.8079891204834
398,0.39839839935302734,54.73381042480469,-0.0006891025695949793,0.011109425686299801,-27.282657623291016
399,0.39939939975738525,54.780250549316406,-0.0007063241791911423,0.012617048807442188,-29.48453140258789
400,0.40040040016174316,54.82673263549805,-0.0007051402935758233,0.012769270688295364,-29.7655029296875
401,0.4014014005661011,54.87324905395508,-0.000672268564812839,0.010845420882105827,-27.053510665893555
402,0.402402400970459,54.91980743408203,-0.0006557759479619563,0.010103071108460426,-25.97580909729004
403,0.4034034013748169,54.96641540527344,-0.0006443416932597756,0.00978002417832613,-25.49068260192871
404,0.4044044017791748,55.01305389404297,-0.0006167177343741059,0.007574591785669327,-21.98504638671875
405,0.4054054021835327,55.059730529785156,-0.0006043885368853807,0.006261853035539389,-19.82529640197754
406,0.4064064025878906,55.106449127197266,-0.0005919429240748286,0.004804995842278004,-17.34935760498047
407,0.40740740299224854,55.1532096862793,-0.0005998738342896104,0.005516572389751673,-18.471412658691406
408,0.40840840339660645,55.200008392333984,-0.000607797410339117,0.006256106309592724,-19.614578247070312
409,0.40940940380096436,55.24684524536133,-0.0006090613314881921,0.006077480502426624,-19.24799919128418
410,0.41041040420532227,55.293724060058594,-0.0006045931950211525,0.005264550447463989,-17.86039924621582
411,0.4114114046096802,55.340641021728516,-0.00060990359634161,0.005985723342746496,-19.018672943115234
412,0.4124124050140381,55.38759231567383,-0.0006041574524715543,0.005639669951051474,-18.462602615356445
413,0.413413405418396,55.43458938598633,-0.0005998504348099232,0.005601544864475727,-18.43540382385254
414,0.4144144058227539,55.481624603271484,-0.0006014775135554373,0.006115431897342205,-19.339733123779297
415,0.4154154062271118,55.52870178222656,-0.0005987093318253756,0.006180108059197664,-19.506427764892578
416,0.4164164066314697,55.5758171081543,-0.000610446440987289,0.008046277798712254,-22.611188888549805
417,0.41741740703582764,55.62297439575195,-0.0005863802507519722,0.005782623775303364,-18.765235900878906
418,0.41841840744018555,55.67017364501953,-0.0005792061565443873,0.005529287736862898,-18.130935668945312
419,0.41941940784454346,55.71741485595703,-0.0005759718478657305,0.005573657341301441,-18.0482177734375
420,0.42042040824890137,55.764686584472656,-0.0005807760753668845,0.006485975347459316,-19.542387008666992
421,0.4214214086532593,55.81200408935547,-0.0005822854582220316,0.006601123604923487,-19.718658447265625
422,0.4224224090576172,55.85935592651367,-0.0005883931880816817,0.007278794422745705,-20.857799530029297
423,0.4234234094619751,55.90675735473633,-0.0005906227161176503,0.007123700343072414,-20.590349197387695
424,0.424424409866333,55.954193115234375,-0.0005957632092759013,0.00790681503713131,-21.856666564941406
425,0.4254254102706909,56.00166702270508,-0.0005965667660348117,0.00903841108083725,-23.6058292388916
426,0.42642641067504883,56.04918670654297,-0.0005875608185306191,0.008539761416614056,-22.593257904052734
427,0.42742741107940674,56.096744537353516,-0.0005773153388872743,0.007022527512162924,-19.81328582763672
428,0.42842841148376465,56.14434814453125,-0.0005860892124474049,0.009431355632841587,-23.88007926940918
429,0.42942941188812256,56.191978454589844,-0.0005821356899105012,0.008411454036831856,-22.121313095092773
430,0.43043041229248047,56.239662170410156,-0.0005913694621995091,0.009716309607028961,-24.381994247436523
431,0.4314314126968384,56.287384033203125,-0.0005885205464437604,0.008878262713551521,-23.04654312133789
432,0.4324324131011963,56.335140228271484,-0.0005821473896503448,0.008123825304210186,-21.87281036376953
433,0.4334334135055542,56.3829460144043,-0.0005841801757924259,0.008814369328320026,-23.173858642578125
434,0.4344344139099121,56.430782318115234,-0.0005763176595792174,0.008016656152904034,-21.939674377441406
435,0.43543541431427,56.478668212890625,-0.0005789893912151456,0.008385913446545601,-22.74077606201172
436,0.4364364445209503,56.526588439941406,-0.0005730869597755373,0.0076722754165530205,-21.67141342163086
437,0.4374374449253082,56.574554443359375,-0.0005734257865697145,0.007622141391038895,-21.73777198791504
438,0.43843844532966614,56.62255859375,-0.0005592582747340202,0.006186558865010738,-19.32613754272461
439,0.43943944573402405,56.67060089111328,-0.0005531419301405549,0.005545315332710743,-18.302326202392578
440,0.44044044613838196,56.718685150146484,-0.0005464351270347834,0.004973617382347584,-17.341371536254883
441,0.44144144654273987,56.76681137084961,-0.0005375814507715404,0.004198272246867418,-15.959956169128418
442,0.4424424469470978,56.814979553222656,-0.0005491119809448719,0.005453852936625481,-18.27688980102539
443,0.4434434473514557,56.86318588256836,-0.0005305786617100239,0.004010685253888369,-15.624363899230957
444,0.4444444477558136,56.911434173583984,-0.0005383646348491311,0.004964288789778948,-17.43707275390625
445,0.4454454481601715,56.95972442626953,-0.0005606876220554113,0.007122619077563286,-21.411176681518555
446,0.4464464485645294,57.008056640625,-0.0005553971859626472,0.006918595638126135,-21.059141159057617
447,0.44744744896888733,57.056427001953125,-0.0005487729795277119,0.006675641983747482,-20.578861236572266
448,0.44844844937324524,57.10483932495117,-0.0005360857467167079,0.005928495433181524,-19.076894760131836
449,0.44944944977760315,57.153297424316406,-0.0005289278924465179,0.005533190909773111,-18.182382583618164
450,0.45045045018196106,57.20178985595703,-0.0005090151680633426,0.004055031109601259,-15.152440071105957
451,0.45145145058631897,57.25032424926758,-0.00048419227823615074,0.0025839570444077253,-12.045685768127441
452,0.4524524509906769,57.29890060424805,-0.0004966814303770661,0.003301311284303665,-13.348440170288086
453,0.4534534513950348,57.3475227355957,-0.0004796499852091074,0.0023331099655479193,-11.244216918945312
454,0.4544544517993927,57.396183013916016,-0.00048484039143659174,0.0026491067837923765,-11.812764167785645
455,0.4554554522037506,57.444881439208984,-0.0004888596595264971,0.002964144106954336,-12.368730545043945
456,0.4564564526081085,57.49362564086914,-0.0004851528792642057,0.0029048544820398092,-12.060434341430664
457,0.45745745301246643,57.54240417480469,-0.0004936546320095658,0.0038478239439427853,-13.78035831451416
458,0.45845845341682434,57.59122848510742,-0.000494923850055784,0.004168379586189985,-14.303428649902344
459,0.45945945382118225,57.640098571777344,-0.0004962911480106413,0.004372869152575731,-14.677960395812988
460,0.46046045422554016,57.68900680541992,-0.0004944180836901069,0.0038438639603555202,-13.678247451782227
461,0.46146145462989807,57.73795700073242,-0.0004918114864267409,0.0035962199326604605,-13.28371524810791
462,0.462462455034256,57.786949157714844,-0.00048477400559931993,0.002956378273665905,-12.101981163024902
463,0.4634634554386139,57.83598327636719,-0.00047557393554598093,0.002215741900727153,-10.648232460021973
464,0.4644644558429718,57.88505554199219,-0.00048336313921026886,0.002993302419781685,-12.427406311035156
465,0.4654654562473297,57.934165954589844,-0.00048318409244529903,0.0028730935882776976,-12.33521556854248
466,0.4664664566516876,57.98332977294922,-0.0004903607186861336,0.003487274283543229,-13.660276412963867
467,0.46746745705604553,58.03252410888672,-0.0004997834330424666,0.0042326305992901325,-15.176922798156738
468,0.46846845746040344,58.08176803588867,-0.0004994891351088881,0.0036074239760637283,-13.92090892791748
469,0.46946945786476135,58.131046295166016,-0.0005044366116635501,0.0034402660094201565,-13.64391803741455
470,0.47047045826911926,58.18037414550781,-0.0005162481684237719,0.004025683738291264,-14.9011869430542
471,0.4714714586734772,58.229740142822266,-0.0005183686153031886,0.003483055392280221,-14.007023811340332
472,0.4724724590778351,58.27914810180664,-0.0005216701538302004,0.0032617133110761642,-13.750600814819336
473,0.473473459482193,58.32859802246094,-0.0005278586759231985,0.00376043189316988,-14.821281433105469
474,0.4744744598865509,58.37809371948242,-0.0005230708047747612,0.00353221851401031,-14.428874969482422
475,0.4754754602909088,58.42762756347656,-0.0005192750249989331,0.0036480429116636515,-14.668517112731934
476,0.4764764606952667,58.47719955444336,-0.0005085964221507311,0.003233205061405897,-13.871482849121094
477,0.47747746109962463,58.52682113647461,-0.00048246775986626744,0.002056592144072056,-11.537836074829102
478,0.47847846150398254,58.57647705078125,-0.000469330872874707,0.0018938154680654407,-11.213556289672852
479,0.47947946190834045,58.626182556152344,-0.0004913418088108301,0.0034540477208793163,-14.505385398864746
480,0.48048046231269836,58.675926208496094,-0.00048536359099671245,0.0032658481504768133,-14.031282424926758
481,0.4814814627170563,58.725711822509766,-0.0004618652747012675,0.002041164319962263,-11.269902229309082
482,0.4824824631214142,58.775543212890625,-0.00047200420522131026,0.002615319797769189,-12.27575397491455
483,0.4834834635257721,58.82541275024414,-0.0004312635282985866,0.0005797579069621861,-7.591308116912842
484,0.48448446393013,58.875328063964844,-0.00042540760478004813,0.00021693657618016005,-6.607853889465332
485,0.4854854643344879,58.92528533935547,-0.00040942541090771556,-0.0007296735420823097,-4.232075214385986
486,0.4864864647388458,58.97528076171875,-0.0004141144163440913,-0.0005669036763720214,-4.451020240783691
487,0.4874874949455261,59.025325775146484,-0.00040077994344756007,-0.0012460759608075023,-2.5463550090789795
488,0.48848849534988403,59.07540512084961,-0.00040117569733411074,-0.0012166817905381322,-2.4777705669403076
489,0.48948949575424194,59.12553024291992,-0.00040898745646700263,-0.000805774936452508,-3.4399523735046387
490,0.49049049615859985,59.17570114135742,-0.0004381395410746336,0.0007564325933344662,-7.1178741455078125
491,0.49149149656295776,59.22591781616211,-0.0004436797462403774,0.0012613270664587617,-8.296418190002441
492,0.4924924969673157,59.27616500854492,-0.00045017051161266863,0.0018919280264526606,-9.814809799194336
493,0.4934934973716736,59.32646560668945,-0.0004361892060842365,0.0012678387574851513,-8.553934097290039
494,0.4944944977760315,59.376800537109375,-0.0004243890871293843,0.0007491314900107682,-7.517050743103027
495,0.4954954981803894,59.427181243896484,-0.000414404523326084,0.00017630621732678264,-6.304167747497559
496,0.4964964985847473,59.47761154174805,-0.0004300079890526831,0.0008822641102597117,-8.104384422302246
497,0.4974974989891052,59.528072357177734,-0.0004261720459908247,0.0005293897120282054,-7.319764137268066
498,0.49849849939346313,59.57858657836914,-0.00043963128700852394,0.0010251151397824287,-8.497407913208008
499,0.49949949979782104,59.62913513183594,-0.00045800639782100916,0.001753928605467081,-10.159043312072754
500,0.500500500202179,59.67972946166992,-0.00045704341027885675,0.001370911835692823,-9.31633472442627
501,0.5015015006065369,59.73036575317383,-0.00046586088137701154,0.0016546185361221433,-9.907910346984863
502,0.5025025010108948,59.78105163574219,-0.0004787381913047284,0.002476899651810527,-11.609694480895996
503,0.5035035014152527,59.83177947998047,-0.0004893328878097236,0.00402962788939476,-14.786319732666016
504,0.5045045018196106,59.88254165649414,-0.0004866227391175926,0.0036973822861909866,-14.096075057983398
505,0.5055055022239685,59.93335723876953,-0.0004888555849902332,0.005147481337189674,-17.050966262817383
506,0.5065065026283264,59.98421096801758,-0.00047992481268011034,0.0034007192589342594,-13.427111625671387
507,0.5075075030326843,60.03510665893555,-0.0004817699664272368,0.0044516888447105885,-15.570806503295898
508,0.5085085034370422,60.08604431152344,-0.0004806085489690304,0.005351054482161999,-17.402801513671875
509,0.5095095038414001,60.13703155517578,-0.0004797191941179335,0.005594170186668634,-17.901151657104492
510,0.5105105042457581,60.18806076049805,-0.00047732112579979,0.004794076085090637,-16.235599517822266
511,0.511511504650116,60.2391242980957,-0.0004830462858080864,0.0064161536283791065,-19.637670516967773
512,0.5125125050544739,60.29024124145508,-0.00048153093666769564,0.005944311618804932,-18.701871871948242
513,0.5135135054588318,60.341392517089844,-0.00048042359412647784,0.005797220394015312,-18.42770004272461
514,0.5145145058631897,60.39259719848633,-0.0004803646297659725,0.00574073800817132,-18.35228157043457
515,0.5155155062675476,60.44384002685547,-0.00048726791283115745,0.006748971063643694,-20.481311798095703
516,0.5165165066719055,60.495121002197266,-0.0004887536633759737,0.006893171463161707,-20.744915008544922
517,0.5175175070762634,60.54645538330078,-0.00048127875197678804,0.006086451932787895,-19.037960052490234
518,0.5185185074806213,60.59783172607422,-0.0004860623157583177,0.007395962718874216,-21.75118637084961
519,0.5195195078849792,60.64924621582031,-0.0004854870494455099,0.00785110518336296,-22.74798583984375
520,0.5205205082893372,60.700706481933594,-0.0004750876687467098,0.006872185971587896,-20.775224685668945
521,0.5215215086936951,60.75221252441406,-0.000482656410895288,0.008576701395213604,-24.41387939453125
522,0.522522509098053,60.80376434326172,-0.0004728535423055291,0.007294701412320137,-21.81273078918457
523,0.5235235095024109,60.85535430908203,-0.00047502879169769585,0.008099858649075031,-23.593523025512695
524,0.5245245099067688,60.90699005126953,-0.00047526031266897917,0.00874598603695631,-25.02253532409668
525,0.5255255103111267,60.95866775512695,-0.000466535915620625,0.007416649255901575,-22.257530212402344
526,0.5265265107154846,61.01039123535156,-0.0004695158277172595,0.007878720760345459,-23.297990798950195
527,0.5275275111198425,61.06216049194336,-0.0004615278448909521,0.0064721801318228245,-20.34699058532715
528,0.5285285115242004,61.11397171020508,-0.0004725486214738339,0.007959329523146152,-23.596080780029297
529,0.5295295119285583,61.165828704833984,-0.0004741255834233016,0.00796146597713232,-23.677047729492188
530,0.5305305123329163,61.21773147583008,-0.0004644370637834072,0.00649042846634984,-20.6280517578125
531,0.5315315127372742,61.26966857910156,-0.0004629528848454356,0.006485605146735907,-20.691654205322266
532,0.5325325131416321,61.3216552734375,-0.00045571167720481753,0.005699455738067627,-19.041954040527344
533,0.53353351354599,61.373695373535156,-0.00045613449765369296,0.005928762257099152,-19.565998077392578
534,0.5345345139503479,61.4257698059082,-0.00045406637946143746,0.005721624009311199,-19.11217498779297
535,0.5355355143547058,61.47788619995117,-0.00045120681170374155,0.005416373256593943,-18.323753356933594
536,0.5365365147590637,61.530052185058594,-0.00045689247781410813,0.006471874658018351,-20.531524658203125
537,0.5375375151634216,61.5822639465332,-0.00045025983126834035,0.005680994596332312,-18.654512405395508
538,0.5385385155677795,61.63451385498047,-0.0004410746623761952,0.004687032662332058,-16.361513137817383
539,0.5395395755767822,61.68681716918945,-0.0004393148992676288,0.004616984166204929,-16.215431213378906
540,0.5405405759811401,61.73915481567383,-0.00043892243411391973,0.004555864259600639,-16.129793167114258
541,0.541541576385498,61.791542053222656,-0.00043563853250816464,0.004131723660975695,-15.21231746673584
542,0.542542576789856,61.843971252441406,-0.00043446681229397655,0.0042027621529996395,-15.412988662719727
543,0.5435435771942139,61.89645004272461,-0.0004267579934094101,0.0032448768615722656,-13.175949096679688
544,0.5445445775985718,61.94896697998047,-0.00042596060666255653,0.0031531373970210552,-12.933326721191406
545,0.5455455780029297,62.001529693603516,-0.0004072178271599114,0.0011945347068831325,-8.220378875732422
546,0.5465465784072876,62.05413818359375,-0.00040240082307718694,0.0006674721953459084,-6.958262920379639
547,0.5475475788116455,62.10679244995117,-0.0004065535613335669,0.0006878554704599082,-6.991401672363281
548,0.5485485792160034,62.159488677978516,-0.00041902012890204787,0.0012266647536307573,-8.22232723236084
549,0.5495495796203613,62.21223068237305,-0.00041899963980540633,0.000998794217593968,-7.559359550476074
550,0.5505505800247192,62.26502227783203,-0.000410880078561604,0.0003883488243445754,-5.891263961791992
551,0.5515515804290771,62.31785202026367,-0.00039977882988750935,-0.0002489014295861125,-4.105229377746582
552,0.5525525808334351,62.3707275390625,-0.00039157678838819265,-0.0006660876679234207,-2.831368923187256
553,0.553553581237793,62.42365264892578,-0.00038392405258491635,-0.0009869325440376997,-1.7647825479507446
554,0.5545545816421509,62.476619720458984,-0.000371093483408913,-0.0016067901160567999,0.06599211692810059
555,0.5555555820465088,62.52962875366211,-0.00035836154711432755,-0.0024574301205575466,2.5196962356567383
556,0.5565565824508667,62.58268737792969,-0.00035797120654024184,-0.0023392988368868828,2.2193028926849365
557,0.5575575828552246,62.63578796386719,-0.0003555812290869653,-0.002401888370513916,2.350381851196289
558,0.5585585832595825,62.688934326171875,-0.00035103573463857174,-0.003463796339929104,5.288475036621094
559,0.5595595836639404,62.74212646484375,-0.0003498007426969707,-0.0037456839345395565,5.964933395385742
560,0.5605605840682983,62.79536437988281,-0.00034694268833845854,-0.003675865475088358,5.546273231506348
561,0.5615615844726562,62.8486442565918,-0.00034356076503172517,-0.003376157023012638,4.540860176086426
562,0.5625625848770142,62.901973724365234,-0.00034533528378233314,-0.004529174882918596,7.847667694091797
563,0.5635635852813721,62.955345153808594,-0.00034048405359499156,-0.004329936113208532,7.333097457885742
564,0.56456458568573,63.008766174316406,-0.0003382993454579264,-0.004311010241508484,7.333070755004883
565,0.5655655860900879,63.062225341796875,-0.00034483594936318696,-0.0049857390113174915,9.403706550598145
566,0.5665665864944458,63.11573791503906,-0.0003481142339296639,-0.005215639714151621,10.23621654510498
567,0.5675675868988037,63.16929244995117,-0.00034503507777117193,-0.0049240910448133945,9.595085144042969
568,0.5685685873031616,63.2228889465332,-0.00033690279815346,-0.004175209440290928,7.593421936035156
569,0.5695695877075195,63.27653503417969,-0.000333356496412307,-0.003473019925877452,5.5924577713012695
570,0.5705705881118774,63.33022689819336,-0.0003367660101503134,-0.003128623589873314,4.5841779708862305
571,0.5715715885162354,63.38396072387695,-0.0003434028185438365,-0.0033474720548838377,5.197854042053223
572,0.5725725889205933,63.437744140625,-0.00035155494697391987,-0.0022343802265822887,1.9825807809829712
573,0.5735735893249512,63.4915657043457,-0.00035796593874692917,-0.00186860968824476,0.9437990188598633
574,0.5745745897293091,63.545440673828125,-0.0003625989193096757,-0.0016944087110459805,0.3822687864303589
575,0.575575590133667,63.599361419677734,-0.00035915395710617304,-0.0023788106627762318,2.1863903999328613
576,0.5765765905380249,63.65332794189453,-0.000353865121724084,-0.0032129930332303047,4.463077545166016
577,0.5775775909423828,63.707332611083984,-0.00035067193675786257,-0.0036505472380667925,5.6577019691467285
578,0.5785785913467407,63.761390686035156,-0.0003464934416115284,-0.004199385643005371,7.201515197753906
579,0.5795795917510986,63.815494537353516,-0.00034804167808033526,-0.0036462023854255676,5.628414154052734
580,0.5805805921554565,63.8696403503418,-0.0003434212412685156,-0.004254174418747425,7.455639839172363
581,0.5815815925598145,63.92383575439453,-0.00034305249573662877,-0.004556116182357073,8.419147491455078
582,0.5825825929641724,63.97807693481445,-0.0003449506184551865,-0.0042386772111058235,7.645324230194092
583,0.5835835933685303,64.03236389160156,-0.0003467204805929214,-0.004117037169635296,7.414968967437744
584,0.5845845937728882,64.0866928100586,-0.0003510944079607725,-0.005200458224862814,10.56821346282959
585,0.5855855941772461,64.14107513427734,-0.0003559428150765598,-0.005916905589401722,12.558225631713867
586,0.586586594581604,64.19549560546875,-0.0003574651200324297,-0.0063331457786262035,13.681090354919434
587,0.5875875949859619,64.24996948242188,-0.0003565866209100932,-0.006266597658395767,13.50580883026123
588,0.5885885953903198,64.30448150634766,-0.00035272783134132624,-0.005530365277081728,11.467133522033691
589,0.5895895957946777,64.35903930664062,-0.0003463683242443949,-0.004731199238449335,9.216221809387207
590,0.5905905961990356,64.41365814208984,-0.00034462951589375734,-0.005485566332936287,11.434992790222168
591,0.5915915966033936,64.46830749511719,-0.000338337616994977,-0.004626142326742411,8.92859935760498
592,0.5925925970077515,64.52301025390625,-0.00033393135527148843,-0.004329904913902283,8.124640464782715
593,0.5935935974121094,64.5777587890625,-0.00033108529169112444,-0.004449786152690649,8.665092468261719
594,0.5945945978164673,64.63255310058594,-0.00033023959258571267,-0.004638770595192909,9.359737396240234
595,0.5955955982208252,64.68739318847656,-0.0003335297806188464,-0.005276581738144159,11.333626747131348
596,0.5965965986251831,64.74227905273438,-0.000332861440256238,-0.004853189457207918,10.056676864624023
597,0.597597599029541,64.7972183227539,-0.00033333973260596395,-0.0034052864648401737,5.726812362670898
598,0.5985985994338989,64.8521957397461,-0.0003265616833232343,-0.0040200138464570045,7.648733139038086
599,0.5995995998382568,64.9072265625,-0.00031934597063809633,-0.004061707761138678,7.823671340942383
600,0.6006006002426147,64.96229553222656,-0.00032394976005889475,-0.0027364948764443398,3.650155782699585
601,0.6016016006469727,65.01741790771484,-0.00032000464852899313,-0.0037589245475828648,6.719110488891602
602,0.6026026010513306,65.07258605957031,-0.0003243695246055722,-0.0039724321104586124,7.1824049949646
603,0.6036036014556885,65.12779998779297,-0.0003287251165602356,-0.004239520989358425,7.862643241882324
604,0.6046046018600464,65.18305969238281,-0.00033190957037732005,-0.003980675712227821,7.010860919952393
605,0.6056056022644043,65.23836517333984,-0.0003351914929226041,-0.003351866267621517,5.1817169189453125
606,0.6066066026687622,65.2937240600586,-0.0003387632896192372,-0.002789062447845936,3.574769973754883
607,0.6076076030731201,65.34912872314453,-0.0003363319265190512,-0.002828783355653286,3.7558646202087402
608,0.608608603477478,65.40457916259766,-0.00033310227445326746,-0.0030225401278585196,4.379995822906494
609,0.6096096038818359,65.46007537841797,-0.0003322261618450284,-0.0029004113748669624,4.0700883865356445
610,0.6106106042861938,65.51561737060547,-0.0003322641714476049,-0.0025254366919398308,3.0240042209625244
611,0.6116116046905518,65.57120513916016,-0.0003291600733064115,-0.0025883191265165806,3.3340330123901367
612,0.6126126050949097,65.62684631347656,-0.0003240575606469065,-0.0031708949245512486,5.238032817840576
613,0.6136136054992676,65.68252563476562,-0.0003240032237954438,-0.004134003538638353,8.304710388183594
614,0.6146146059036255,65.7382583618164,-0.0003196786856278777,-0.0038179925177246332,7.357481479644775
615,0.6156156063079834,65.79403686523438,-0.0003210925788152963,-0.004425166640430689,9.261589050292969
616,0.6166166067123413,65.84986877441406,-0.0003243176033720374,-0.0049814791418612,10.956690788269043
617,0.6176176071166992,65.9057388305664,-0.00032824004301801324,-0.005457044579088688,12.350278854370117
618,0.6186186075210571,65.96166229248047,-0.00032551007461734116,-0.004894222132861614,10.612133026123047
619,0.619619607925415,66.01763153076172,-0.0003229237627238035,-0.004198751877993345,8.469072341918945
620,0.620620608329773,66.07364654541016,-0.00032517692307010293,-0.00425198208540678,8.629955291748047
621,0.6216216087341309,66.12971496582031,-0.0003204133827239275,-0.003196087898686528,5.371342658996582
622,0.6226226091384888,66.18582916259766,-0.00032486283453181386,-0.0019835245329886675,1.6038639545440674
623,0.6236236095428467,66.24198150634766,-0.00035418212064541876,-0.0001388216915074736,-3.8430564403533936
624,0.6246246099472046,66.29818725585938,-0.0003327100712340325,-0.0013046342646703124,-0.39302554726600647
625,0.6256256103515625,66.35443878173828,-0.0003342895652167499,-0.0011756961466744542,-0.6986240148544312
626,0.6266266107559204,66.4107437133789,-0.0003232764429412782,-0.001883052522316575,1.488399624824524
627,0.6276276111602783,66.46709442138672,-0.00032303202897310257,-0.0017970456974580884,1.2573320865631104
628,0.6286286115646362,66.52349090576172,-0.0003171728749293834,-0.00218954193405807,2.5150208473205566
629,0.6296296119689941,66.57994079589844,-0.0003185048990417272,-0.0020423217210918665,2.131328821182251
630,0.630630612373352,66.63642883300781,-0.00031917632441036403,-0.002023595618084073,2.176544189453125
631,0.63163161277771,66.6929702758789,-0.00032539560925215483,-0.0015840781852602959,0.9059648513793945
632,0.6326326131820679,66.74955749511719,-0.00034146333928219974,-0.00048209968372248113,-2.317239284515381
633,0.6336336135864258,66.80619812011719,-0.0003358008689247072,-0.0008903457783162594,-1.0518407821655273
634,0.6346346139907837,66.86288452148438,-0.0003420667489990592,-0.00045140698784962296,-2.3549962043762207
635,0.6356356143951416,66.91961669921875,-0.00034388620406389236,-0.0003607473918236792,-2.6755881309509277
636,0.6366366147994995,66.97640228271484,-0.00033890310442075133,-0.000774309562984854,-1.5322706699371338
637,0.6376376152038574,67.0332260131836,-0.00033519871067255735,-0.0011247749207541347,-0.6023474931716919
638,0.6386386156082153,67.0901107788086,-0.00032857622136361897,-0.0018154699355363846,1.3320789337158203
639,0.6396396160125732,67.14703369140625,-0.00032618915429338813,-0.0018373699858784676,1.263969898223877
640,0.6406406164169312,67.20401000976562,-0.0003213995951227844,-0.0022245263680815697,2.37149977684021
641,0.6416416764259338,67.26103210449219,-0.0003224345273338258,-0.0017640517326071858,0.9036898016929626
642,0.6426426768302917,67.31810760498047,-0.00032460500369779766,-0.0014450401067733765,-0.03936195373535156
643,0.6436436772346497,67.37522888183594,-0.00033849396277219057,-0.00040726078441366553,-3.0331413745880127
644,0.6446446776390076,67.4323959350586,-0.0003336886875331402,-0.0006144989165477455,-2.2202491760253906
645,0.6456456780433655,67.48960876464844,-0.00031906572985462844,-0.0016497655306011438,1.1796878576278687
646,0.6466466784477234,67.546875,-0.0003181583888363093,-0.0016451292904093862,1.3292744159698486
647,0.6476476788520813,67.60418701171875,-0.000316881894832477,-0.0016231448389589787,1.3572245836257935
648,0.6486486792564392,67.66155242919922,-0.000311820738716051,-0.0019815133418887854,2.555933952331543
649,0.6496496796607971,67.71896362304688,-0.00030723304371349514,-0.0022933753207325935,3.573413610458374
650,0.650650680065155,67.77642822265625,-0.0003027730854228139,-0.0026723064947873354,4.805089950561523
651,0.6516516804695129,67.83393859863281,-0.00030170599347911775,-0.002222219714894891,3.2025880813598633
652,0.6526526808738708,67.89148712158203,-0.0003156275488436222,-0.000979233649559319,-1.0446547269821167
653,0.6536536812782288,67.9490966796875,-0.00031654955819249153,-0.0009012423106469214,-1.4888341426849365
654,0.6546546816825867,68.00675201416016,-0.00033048336626961827,-0.00012745987623929977,-3.973393440246582
655,0.6556556820869446,68.064453125,-0.0003343728603795171,0.0001269917847821489,-4.635399341583252
656,0.6566566824913025,68.1222152709961,-0.0003243013343308121,-0.00047152850311249495,-2.698914051055908
657,0.6576576828956604,68.18000793457031,-0.0003235693438909948,-0.0005286521045491099,-2.3769912719726562
658,0.6586586833000183,68.23786163330078,-0.0003336091758683324,0.0001242350263055414,-4.198614120483398
659,0.6596596837043762,68.29576110839844,-0.00034885527566075325,0.0013609683373942971,-7.640449523925781
660,0.6606606841087341,68.35371398925781,-0.00034414901165291667,0.0011639720760285854,-6.899245262145996
661,0.661661684513092,68.41171264648438,-0.00034147463156841695,0.0012197853066027164,-6.870044708251953
662,0.66266268491745,68.46975708007812,-0.00033648466342128813,0.0009537723963148892,-5.9384660720825195
663,0.6636636853218079,68.5278549194336,-0.00033774087205529213,0.001158140366896987,-6.443835258483887
664,0.6646646857261658,68.58599853515625,-0.00034653753391467035,0.0020714232232421637,-9.050918579101562
665,0.6656656861305237,68.64419555664062,-0.0003524493658915162,0.0027610776014626026,-10.993023872375488
666,0.6666666865348816,68.70243835449219,-0.0003562027122825384,0.002861009445041418,-11.276056289672852
667,0.6676676869392395,68.76073455810547,-0.0003607943654060364,0.003977115731686354,-14.418097496032715
668,0.6686686873435974,68.81907653808594,-0.0003624395467340946,0.003986806608736515,-14.499044418334961
669,0.6696696877479553,68.87747192382812,-0.0003626256075222045,0.0033953110687434673,-12.953783988952637
670,0.6706706881523132,68.9359130859375,-0.0003613149165175855,0.0029193295631557703,-11.74597454071045
671,0.6716716885566711,68.9944076538086,-0.0003583953657653183,0.0024508051574230194,-10.556604385375977
672,0.672672688961029,69.05294799804688,-0.0003599408664740622,0.003287240397185087,-13.052775382995605
673,0.673673689365387,69.11154174804688,-0.0003598793991841376,0.0037186220288276672,-14.46285343170166
674,0.6746746897697449,69.17018127441406,-0.000359682715497911,0.00417328579351306,-15.937392234802246
675,0.6756756901741028,69.22887420654297,-0.00035748298978433013,0.004265346098691225,-16.367467880249023
676,0.6766766905784607,69.2876205444336,-0.00035546690924093127,0.004254800733178854,-16.38604736328125
677,0.6776776909828186,69.34640502929688,-0.0003557393210940063,0.004670940805226564,-17.54642105102539
678,0.6786786913871765,69.4052505493164,-0.0003552583511918783,0.004689481575042009,-17.54145622253418
679,0.6796796917915344,69.4641342163086,-0.00035622698487713933,0.005384347401559353,-19.41119956970215
680,0.6806806921958923,69.52307891845703,-0.000356371165253222,0.0058422028087079525,-20.626358032226562
681,0.6816816926002502,69.58206939697266,-0.0003597227914724499,0.007300380151718855,-24.71644401550293
682,0.6826826930046082,69.64111328125,-0.00035716540878638625,0.00763239711523056,-25.702251434326172
683,0.6836836934089661,69.7001953125,-0.0003537563607096672,0.007540272548794746,-25.461570739746094
684,0.684684693813324,69.75934600830078,-0.00035507045686244965,0.00950994435697794,-30.981958389282227
685,0.6856856942176819,69.81852722167969,-0.0003540057223290205,0.009829975664615631,-31.740808486938477
686,0.6866866946220398,69.87776947021484,-0.00035403756191954017,0.010456275194883347,-33.29697036743164
687,0.6876876950263977,69.93706512451172,-0.0003541313926689327,0.008955208584666252,-28.87460708618164
688,0.6886886954307556,69.99640655517578,-0.00035471131559461355,0.008491499349474907,-27.460620880126953
689,0.6896896958351135,70.05580139160156,-0.0003541040641721338,0.008951441384851933,-28.738689422607422
690,0.6906906962394714,70.11524200439453,-0.0003523551276884973,0.009623704478144646,-30.72292137145996
691,0.6916916966438293,70.17473602294922,-0.0003514892887324095,0.010156071744859219,-32.32220458984375
692,0.6926926970481873,70.23428344726562,-0.00035173294600099325,0.01054905541241169,-33.484962463378906
693,0.6936936974525452,70.29387664794922,-0.0003520253812894225,0.010913311503827572,-34.58646011352539
694,0.6946946978569031,70.353515625,-0.000354040035745129,0.011190849356353283,-35.44577407836914
695,0.695695698261261,70.41321563720703,-0.0003526104264892638,0.010723019018769264,-34.32819366455078
696,0.6966966986656189,70.47296142578125,-0.00034728506579995155,0.009869265370070934,-32.167545318603516
697,0.6976976990699768,70.53276062011719,-0.0003414109814912081,0.008343290537595749,-27.941980361938477
698,0.6986986994743347,70.59259796142578,-0.0003402812290005386,0.008514516986906528,-28.557437896728516
699,0.6996996998786926,70.65249633789062,-0.0003423531888984144,0.009806591086089611,-32.389488220214844
700,0.7007007002830505,70.71244812011719,-0.00034144870005548,0.009145235642790794,-30.41790008544922
701,0.7017017006874084,70.77244567871094,-0.0003427857009228319,0.009253651835024357,-30.670438766479492
702,0.7027027010917664,70.83250427246094,-0.00034413335379213095,0.008928737603127956,-29.662599563598633
703,0.7037037014961243,70.8926010131836,-0.00034453568514436483,0.008156191557645798,-27.409421920776367
704,0.7047047019004822,70.95275115966797,-0.00034346291795372963,0.007688895799219608,-26.089689254760742
705,0.7057057023048401,71.0129623413086,-0.00034172082087025046,0.007750189863145351,-26.349573135375977
706,0.706706702709198,71.07321166992188,-0.00033933002850972116,0.00756828673183918,-25.926698684692383
707,0.7077077031135559,71.1335220336914,-0.00033720931969583035,0.007229234557598829,-25.03997802734375
708,0.7087087035179138,71.19387817382812,-0.000334700511302799,0.006655057892203331,-23.439769744873047
709,0.7097097039222717,71.25428771972656,-0.00033661222551018,0.007141749374568462,-24.97357177734375
710,0.7107107043266296,71.31475067138672,-0.0003413716913200915,0.008212929591536522,-28.167869567871094
711,0.7117117047309875,71.37525939941406,-0.00033919853740371764,0.0068027907982468605,-24.02518081665039
712,0.7127127051353455,71.4358139038086,-0.0003401201101951301,0.007367600221186876,-25.70765495300293
713,0.7137137055397034,71.4964370727539,-0.00033446200541220605,0.006427417043596506,-22.900897979736328
714,0.7147147059440613,71.55709838867188,-0.00033189228270202875,0.0063267541117966175,-22.527067184448242
715,0.7157157063484192,71.61781311035156,-0.0003303412231616676,0.00630180025473237,-22.327842712402344
716,0.7167167067527771,71.67858123779297,-0.000325852248352021,0.004962538368999958,-18.172290802001953
717,0.717717707157135,71.7394027709961,-0.00032526455470360816,0.005669861100614071,-20.329225540161133
718,0.7187187075614929,71.8002700805664,-0.00032638927223160863,0.005975684616714716,-21.275747299194336
719,0.7197197079658508,71.86119842529297,-0.00032902529346756637,0.00624456349760294,-22.105342864990234
720,0.7207207083702087,71.92217254638672,-0.00033082393929362297,0.006195602007210255,-21.972801208496094
721,0.7217217087745667,71.98320007324219,-0.00033110729418694973,0.006714319344609976,-23.591279983520508
722,0.7227227091789246,72.04427337646484,-0.0003313301131129265,0.005550132133066654,-20.113832473754883
723,0.7237237095832825,72.10540771484375,-0.0003315327630843967,0.005856471136212349,-21.06917381286621
724,0.7247247099876404,72.16658782958984,-0.00033479390549473464,0.004452725872397423,-16.905258178710938
725,0.7257257103919983,72.22782135009766,-0.00033327698474749923,0.004244662821292877,-16.32225799560547
726,0.7267267107963562,72.28910827636719,-0.0003309178864583373,0.0038675828836858273,-15.207254409790039
727,0.7277277112007141,72.3504409790039,-0.0003245749103371054,0.0044488669373095036,-16.976667404174805
728,0.728728711605072,72.41183471679688,-0.000317149271722883,0.005131121259182692,-19.12519073486328
729,0.7297297120094299,72.47327423095703,-0.000313856202410534,0.004650923423469067,-17.634916305541992
730,0.7307307124137878,72.53477478027344,-0.00031244242563843727,0.004114622250199318,-15.919727325439453
731,0.7317317128181458,72.59632110595703,-0.0003088805533479899,0.004712569992989302,-17.843801498413086
732,0.7327327132225037,72.65791320800781,-0.0003081831382587552,0.004954745527356863,-18.628219604492188
733,0.7337337136268616,72.71956634521484,-0.00030777184292674065,0.0057860263623297215,-21.25579833984375
734,0.7347347140312195,72.78126525878906,-0.0003096749715041369,0.005287849809974432,-19.527912139892578
735,0.7357357144355774,72.84302520751953,-0.00030985556077212095,0.005987668409943581,-21.663148880004883
736,0.7367367148399353,72.90483093261719,-0.00031431979732587934,0.005273593124002218,-19.261260986328125
737,0.7377377152442932,72.96669006347656,-0.000322626787237823,0.00410779844969511,-15.549840927124023
738,0.7387387156486511,73.02860260009766,-0.0003245067782700062,0.004309809301048517,-16.21682357788086
739,0.739739716053009,73.09056854248047,-0.00032193335937336087,0.005195403005927801,-19.030996322631836
740,0.7407407164573669,73.152587890625,-0.0003192784497514367,0.005637231282889843,-20.49564552307129
741,0.7417417168617249,73.21465301513672,-0.0003188599075656384,0.005380947142839432,-19.78228187561035
742,0.7427427172660828,73.27677917480469,-0.00031580557697452605,0.005632302258163691,-20.69217872619629
743,0.7437437772750854,73.33895874023438,-0.0003140165645163506,0.005591550841927528,-20.69393539428711
744,0.7447447776794434,73.40119171142578,-0.00031295756343752146,0.005169626325368881,-19.445280075073242
745,0.7457457780838013,73.46347045898438,-0.00031040681642480195,0.006100266706198454,-22.476802825927734
746,0.7467467784881592,73.52580261230469,-0.0003103442140854895,0.006435306277126074,-23.545042037963867
747,0.7477477788925171,73.58819580078125,-0.00031034782296046615,0.0068720183335244656,-24.929601669311523
748,0.748748779296875,73.65062713623047,-0.00031091005075722933,0.007444070652127266,-26.80255699157715
749,0.7497497797012329,73.71311950683594,-0.0003100576577708125,0.007229880895465612,-26.171628952026367
750,0.7507507801055908,73.77567291259766,-0.00031037983717396855,0.007157160900533199,-25.982938766479492
751,0.7517517805099487,73.83826446533203,-0.0003108960227109492,0.006887456402182579,-25.1667537689209
752,0.7527527809143066,73.90092468261719,-0.0003111305704806,0.005353315733373165,-20.307113647460938
753,0.7537537813186646,73.963623046875,-0.00031293422216549516,0.004946077708154917,-19.12019920349121
754,0.7547547817230225,74.02638244628906,-0.0003136143204756081,0.00451663276180625,-17.86426544189453
755,0.7557557821273804,74.08919525146484,-0.0003134579164907336,0.0036434601061046124,-15.17478084564209
756,0.7567567825317383,74.15206146240234,-0.00031177839264273643,0.0034183990210294724,-14.51620864868164
757,0.7577577829360962,74.21498107910156,-0.00030769279692322016,0.004238893277943134,-17.189613342285156
758,0.7587587833404541,74.2779541015625,-0.000305755267618224,0.0039228894747793674,-16.146831512451172
759,0.759759783744812,74.34097290039062,-0.00030463410075753927,0.003227920737117529,-13.814985275268555
760,0.7607607841491699,74.404052734375,-0.00030342701938934624,0.0029353785794228315,-12.749251365661621
761,0.7617617845535278,74.4671859741211,-0.00029906845884397626,0.004167861770838499,-16.71316909790039
762,0.7627627849578857,74.53038024902344,-0.00029673229437321424,0.00427252845838666,-16.91064453125
763,0.7637637853622437,74.59361267089844,-0.00029609433840960264,0.0035308029036968946,-14.287931442260742
764,0.7647647857666016,74.65690612792969,-0.00029445369727909565,0.003835091134533286,-15.247493743896484
765,0.7657657861709595,74.72025299072266,-0.0002940074191428721,0.003942403476685286,-15.585224151611328
766,0.7667667865753174,74.78365325927734,-0.0002948952023871243,0.0030158269219100475,-12.427774429321289
767,0.7677677869796753,74.84710693359375,-0.0002946798922494054,0.0025695788208395243,-10.938859939575195
768,0.7687687873840332,74.91061401367188,-0.000293797958875075,0.00314644374884665,-12.944772720336914
769,0.7697697877883911,74.97418212890625,-0.00029342685593292117,0.002812778577208519,-11.870027542114258
770,0.770770788192749,75.03779602050781,-0.00029232428641989827,0.004168015439063311,-16.581527709960938
771,0.7717717885971069,75.1014633178711,-0.00029324309434741735,0.00551684619858861,-21.246679306030273
772,0.7727727890014648,75.1651840209961,-0.0002935444936156273,0.00536817591637373,-20.763811111450195
773,0.7737737894058228,75.22896575927734,-0.0002936355595011264,0.004780754446983337,-18.747922897338867
774,0.7747747898101807,75.29280090332031,-0.0002911612973548472,0.0038349495735019445,-15.492731094360352
775,0.7757757902145386,75.35668182373047,-0.0002875233185477555,0.002886655041947961,-12.152778625488281
776,0.7767767906188965,75.42062377929688,-0.0002860135864466429,0.002663173945620656,-11.265318870544434
777,0.7777777910232544,75.484619140625,-0.0002859968226402998,0.0028337640687823296,-11.709965705871582
778,0.7787787914276123,75.54866790771484,-0.0002864428679458797,0.0029128952883183956,-11.855557441711426
779,0.7797797918319702,75.6127700805664,-0.00028719997499138117,0.002280446933582425,-9.55897331237793
780,0.7807807922363281,75.67693328857422,-0.000290018884697929,0.00239576306194067,-9.909114837646484
781,0.781781792640686,75.74114227294922,-0.0002926074666902423,0.002407953841611743,-9.971380233764648
782,0.782782793045044,75.80540466308594,-0.0002956864482257515,0.002691583475098014,-11.02478313446045
783,0.7837837934494019,75.8697280883789,-0.00029466900741681457,0.0016725555760785937,-7.733312129974365
784,0.7847847938537598,75.9341049194336,-0.0003007632330991328,0.0035766230430454016,-14.297215461730957
785,0.7857857942581177,75.99853515625,-0.00030140983290039003,0.0032054511830210686,-13.210134506225586
786,0.7867867946624756,76.06301879882812,-0.00030224627698771656,0.0035435575991868973,-14.448173522949219
787,0.7877877950668335,76.1275634765625,-0.00030186405638232827,0.0029471914749592543,-12.574161529541016
788,0.7887887954711914,76.19215393066406,-0.0002989563799928874,0.002223646268248558,-10.240145683288574
789,0.7897897958755493,76.25680541992188,-0.0002981700235977769,0.0022505861707031727,-10.3740873336792
790,0.7907907962799072,76.3215103149414,-0.00029218324925750494,0.0014972354983910918,-7.848954677581787
791,0.7917917966842651,76.38626861572266,-0.0002847082505468279,0.0006935986457392573,-5.026798248291016
792,0.792792797088623,76.45108032226562,-0.000287727132672444,0.0014576864195987582,-7.663840293884277
793,0.793793797492981,76.51595306396484,-0.000290864787530154,0.0023168488405644894,-10.630555152893066
794,0.7947947978973389,76.58087921142578,-0.00028947973623871803,0.0018790025496855378,-9.162118911743164
795,0.7957957983016968,76.64585876464844,-0.00028856663266196847,0.0015406969469040632,-8.046890258789062
796,0.7967967987060547,76.71089172363281,-0.00029004819225519896,0.0017465843120589852,-8.824524879455566
797,0.7977977991104126,76.7759780883789,-0.0002928000467363745,0.0023304817732423544,-10.882204055786133
798,0.7987987995147705,76.84112548828125,-0.0002930753107648343,0.002749386243522167,-12.336922645568848
799,0.7997997999191284,76.90632629394531,-0.00028925767401233315,0.002323538763448596,-10.893129348754883
800,0.8008008003234863,76.97157287597656,-0.00028665870195254683,0.002542672213166952,-11.678726196289062
801,0.8018018007278442,77.03689575195312,-0.00028552295407280326,0.0032278147991746664,-14.159881591796875
802,0.8028028011322021,77.10225677490234,-0.0002804425312206149,0.002498652320355177,-11.715457916259766
803,0.8038038015365601,77.16767883300781,-0.00027925558970309794,0.0028461748734116554,-13.117175102233887
804,0.804804801940918,77.233154296875,-0.0002821156813297421,0.004033728037029505,-17.504093170166016
805,0.8058058023452759,77.29869079589844,-0.0002787308185361326,0.003559781238436699,-15.932817459106445
806,0.8068068027496338,77.36427307128906,-0.00027888460317626595,0.003804774722084403,-16.861173629760742
807,0.8078078031539917,77.42991638183594,-0.00028138747438788414,0.0045864162966609,-19.622455596923828
808,0.8088088035583496,77.49562072753906,-0.00027998333098366857,0.004637337289750576,-19.70802879333496
809,0.8098098039627075,77.56137084960938,-0.0002774926833808422,0.004613170400261879,-19.503141403198242
810,0.8108108043670654,77.62718963623047,-0.00027391064213588834,0.004172497894614935,-17.765230178833008
811,0.8118118047714233,77.69306182861328,-0.0002712900168262422,0.0035123866982758045,-15.212564468383789
812,0.8128128051757812,77.75897979736328,-0.00027184077771380544,0.003621170064434409,-15.526527404785156
813,0.8138138055801392,77.82495880126953,-0.0002738295588642359,0.004332889337092638,-18.052833557128906
814,0.8148148059844971,77.8909912109375,-0.0002754440647549927,0.0050042131915688515,-20.418975830078125
815,0.815815806388855,77.95708465576172,-0.00027671351563185453,0.005542753729969263,-22.286407470703125
816,0.8168168067932129,78.02323150634766,-0.0002778998459689319,0.005607922095805407,-22.435802459716797
817,0.8178178071975708,78.08943176269531,-0.0002782321535050869,0.005698235239833593,-22.664432525634766
818,0.8188188076019287,78.15569305419922,-0.0002754459565039724,0.006398648954927921,-25.112430572509766
819,0.8198198080062866,78.22200775146484,-0.00027689014677889645,0.005381911527365446,-21.397693634033203
820,0.8208208084106445,78.28837585449219,-0.0002755603054538369,0.005507803056389093,-21.794593811035156
821,0.8218218088150024,78.35481262207031,-0.0002688372042030096,0.007026058621704578,-27.304412841796875
822,0.8228228092193604,78.4212875366211,-0.0002710846601985395,0.0065431795082986355,-25.457809448242188
823,0.8238238096237183,78.48783874511719,-0.0002694133436307311,0.007094981148838997,-27.43285369873047
824,0.8248248100280762,78.55442810058594,-0.0002708805841393769,0.007102177478373051,-27.400007247924805
825,0.8258258104324341,78.62108612060547,-0.000262456014752388,0.009351821616292,-35.83735275268555
826,0.826826810836792,78.68779754638672,-0.00026342435739934444,0.010113225318491459,-38.65074920654297
827,0.8278278112411499,78.75455474853516,-0.00026654647081159055,0.011051755398511887,-42.08726501464844
828,0.8288288116455078,78.82138061523438,-0.00026777986204251647,0.011035796254873276,-42.075218200683594
829,0.8298298120498657,78.88825988769531,-0.0002685449435375631,0.010462445206940174,-40.104705810546875
830,0.8308308124542236,78.9552001953125,-0.00026982108829542994,0.010324177332222462,-39.73463821411133
831,0.8318318128585815,79.02220153808594,-0.0002706568920984864,0.010762689635157585,-41.43168640136719
832,0.8328328132629395,79.08924865722656,-0.00027182663325220346,0.011806702241301537,-45.39081573486328
833,0.8338338136672974,79.15635681152344,-0.0002712861751206219,0.010390914045274258,-40.2574577331543
834,0.8348348140716553,79.22352600097656,-0.0002711712149903178,0.010824520140886307,-41.955596923828125
835,0.8358358144760132,79.29074096679688,-0.00027152206166647375,0.011794722639024258,-45.698890686035156
836,0.8368368148803711,79.35801696777344,-0.00027278735069558024,0.012294428423047066,-47.64595413208008
837,0.837837815284729,79.42535400390625,-0.0002761686919257045,0.013227151706814766,-51.00199890136719
838,0.8388388156890869,79.49275207519531,-0.00027716337353922427,0.013262023217976093,-51.01608657836914
839,0.8398398160934448,79.56019592285156,-0.0002774226595647633,0.012520183809101582,-48.291099548339844
840,0.8408408164978027,79.62770080566406,-0.00027829367900267243,0.012347091920673847,-47.74091339111328
841,0.8418418169021606,79.69527435302734,-0.000279352767392993,0.013005325570702553,-50.244384765625
842,0.8428428173065186,79.76288604736328,-0.0002795759937725961,0.013039957731962204,-50.52946853637695
843,0.8438438177108765,79.83056640625,-0.0002796939224936068,0.013602888211607933,-52.730289459228516
844,0.8448448181152344,79.89830780029297,-0.0002768100530374795,0.012208865955471992,-47.891605377197266
845,0.8458458185195923,79.96610260009766,-0.0002761305950116366,0.01260516606271267,-49.47259521484375
846,0.846846878528595,80.0339584350586,-0.0002726801030803472,0.01177991833537817,-46.60092544555664
847,0.8478478789329529,80.10186004638672,-0.0002689232351258397,0.011156069114804268,-44.43402099609375
848,0.8488488793373108,80.16983032226562,-0.0002649372909218073,0.010477337054908276,-41.96126174926758
849,0.8498498797416687,80.23786163330078,-0.0002620545565150678,0.009691177867352962,-39.0101432800293
850,0.8508508801460266,80.30593872070312,-0.00026075210189446807,0.009655361995100975,-38.860435485839844
851,0.8518518805503845,80.37407684326172,-0.000263331166934222,0.008564816787838936,-34.63591003417969
852,0.8528528809547424,80.44227600097656,-0.0002646177017595619,0.008512178435921669,-34.39633560180664
853,0.8538538813591003,80.51052856445312,-0.00026791682466864586,0.007803119253367186,-31.656570434570312
854,0.8548548817634583,80.57884216308594,-0.00026665854966267943,0.008473283611238003,-34.116188049316406
855,0.8558558821678162,80.647216796875,-0.00026669626822695136,0.008345370180904865,-33.63677978515625
856,0.8568568825721741,80.71565246582031,-0.0002624651533551514,0.009009051136672497,-36.194793701171875
857,0.857857882976532,80.78413391113281,-0.0002585024922154844,0.009550651535391808,-38.32763671875
858,0.8588588833808899,80.8526840209961,-0.0002579725696705282,0.009447618387639523,-37.94501876831055
859,0.8598598837852478,80.92127990722656,-0.00026129191974177957,0.008431541733443737,-34.02207946777344
860,0.8608608841896057,80.98995208740234,-0.0002601481683086604,0.008469008840620518,-34.14176559448242
861,0.8618618845939636,81.05866241455078,-0.0002606533234938979,0.00826819147914648,-33.30182647705078
862,0.8628628849983215,81.12744903564453,-0.000260309549048543,0.008395588956773281,-33.737667083740234
863,0.8638638854026794,81.19628143310547,-0.00026397156761959195,0.007752633187919855,-31.306684494018555
864,0.8648648858070374,81.26518249511719,-0.000264373782556504,0.007710160221904516,-31.234169006347656
865,0.8658658862113953,81.3341293334961,-0.00026029328000731766,0.008365913294255733,-33.86824417114258
866,0.8668668866157532,81.40314483642578,-0.0002646765497047454,0.007086183875799179,-29.16992950439453
867,0.8678678870201111,81.47222137451172,-0.0002630686212796718,0.006981908809393644,-28.970787048339844
868,0.868868887424469,81.54134368896484,-0.0002601431915536523,0.0072232503443956375,-30.0623779296875
869,0.8698698878288269,81.61053466796875,-0.0002548253396525979,0.0079479506239295,-33.029396057128906
870,0.8708708882331848,81.6797866821289,-0.00025374116376042366,0.007725562434643507,-32.36196517944336
871,0.8718718886375427,81.74909210205078,-0.00025486949016340077,0.007068637292832136,-30.01428985595703
872,0.8728728890419006,81.81845092773438,-0.0002553157100919634,0.006825968157500029,-29.220989227294922
873,0.8738738894462585,81.88787078857422,-0.00025319826090708375,0.007938610389828682,-33.61559295654297
874,0.8748748898506165,81.95735931396484,-0.00025482167256996036,0.007947244681417942,-33.578765869140625
875,0.8758758902549744,82.02690887451172,-0.0002559487475082278,0.007833770476281643,-33.0457763671875
876,0.8768768906593323,82.09650421142578,-0.0002562760782893747,0.007560839410871267,-31.94968605041504
877,0.8778778910636902,82.1661605834961,-0.0002553772646933794,0.00760947959497571,-32.15807342529297
878,0.8788788914680481,82.23587799072266,-0.0002533213992137462,0.007335558533668518,-31.17133331298828
879,0.879879891872406,82.30565643310547,-0.00025093319709412754,0.007182075176388025,-30.682697296142578
880,0.8808808922767639,82.37548828125,-0.00024885343736968935,0.007184109650552273,-30.880578994750977
881,0.8818818926811218,82.44538116455078,-0.0002468034508638084,0.006648570764809847,-28.888961791992188
882,0.8828828930854797,82.51534271240234,-0.00024622827186249197,0.006322378758341074,-27.579627990722656
883,0.8838838934898376,82.58535766601562,-0.0002464216377120465,0.0061786966398358345,-26.960262298583984
884,0.8848848938941956,82.65543365478516,-0.0002467827871441841,0.007072270382195711,-30.53876304626465
885,0.8858858942985535,82.72557067871094,-0.00024654672597534955,0.00819212943315506,-35.049991607666016
886,0.8868868947029114,82.7957534790039,-0.0002469656174071133,0.008043034933507442,-34.42091751098633
887,0.8878878951072693,82.86600494384766,-0.0002474586945027113,0.0077861612662673,-33.42207717895508
888,0.8888888955116272,82.93631744384766,-0.00024724408285692334,0.007867696695029736,-33.899452209472656
889,0.8898898959159851,83.00669860839844,-0.00024649413535371423,0.006618740502744913,-29.033706665039062
890,0.890890896320343,83.0771255493164,-0.0002454129862599075,0.0069012874737381935,-30.365497589111328
891,0.8918918967247009,83.14761352539062,-0.0002447620499879122,0.007659388706088066,-33.63478088378906
892,0.8928928971290588,83.21817016601562,-0.0002453343477100134,0.0065806251950562,-29.362714767456055
893,0.8938938975334167,83.28878021240234,-0.000246509414864704,0.0063759880140423775,-28.581140518188477
894,0.8948948979377747,83.35945129394531,-0.0002483804419171065,0.005748962517827749,-26.104873657226562
895,0.8958958983421326,83.43018341064453,-0.0002504356380086392,0.0058837044052779675,-26.67622184753418
896,0.8968968987464905,83.5009765625,-0.000249461765633896,0.006868001539260149,-30.619396209716797
897,0.8978978991508484,83.57182312011719,-0.00024920020950958133,0.006748884916305542,-30.168153762817383
898,0.8988988995552063,83.64273071289062,-0.0002490158658474684,0.006490600761026144,-29.21109962463379
899,0.8998998999595642,83.71370697021484,-0.00024555131676606834,0.007244485430419445,-32.332557678222656
900,0.9009009003639221,83.78473663330078,-0.0002470097388140857,0.006764985155314207,-30.436697006225586
901,0.90190190076828,83.85582733154297,-0.00024732097517699003,0.006367750000208616,-28.886211395263672
902,0.9029029011726379,83.9269790649414,-0.00024094420950859785,0.00806137640029192,-35.92194366455078
903,0.9039039015769958,83.99818420410156,-0.00023743801284581423,0.009145461954176426,-40.55445861816406
904,0.9049049019813538,84.06946563720703,-0.00023640408471692353,0.009444133378565311,-41.804534912109375
905,0.9059059023857117,84.14079284667969,-0.00023697063443250954,0.008980722166597843,-39.726287841796875
906,0.9069069027900696,84.21219635009766,-0.00023880231310613453,0.008872037753462791,-39.07186508178711
907,0.9079079031944275,84.28364562988281,-0.00024293543538078666,0.008280773647129536,-36.467063903808594
908,0.9089089035987854,84.35516357421875,-0.00024445366580039263,0.008695080876350403,-38.11227035522461
909,0.9099099040031433,84.42674255371094,-0.00024356215726584196,0.009756957180798054,-42.48223114013672
910,0.9109109044075012,84.49837493896484,-0.0002456824295222759,0.009074350818991661,-39.842777252197266
911,0.9119119048118591,84.57007598876953,-0.0002450556494295597,0.008936152793467045,-39.49869918823242
912,0.912912905216217,84.64183044433594,-0.00024328625295311213,0.008785586804151535,-39.112674713134766
913,0.913913905620575,84.71365356445312,-0.00024115407723002136,0.008546539582312107,-38.30234146118164
914,0.9149149060249329,84.78553009033203,-0.00023829398560337722,0.009102423675358295,-40.73884201049805
915,0.9159159064292908,84.85746765136719,-0.00023658640566281974,0.009514535777270794,-42.52729797363281
916,0.9169169068336487,84.92947387695312,-0.0002352736482862383,0.009708661586046219,-43.352783203125
917,0.9179179072380066,85.00153350830078,-0.00023563235299661756,0.0107272919267416,-47.65835189819336
918,0.9189189076423645,85.07366180419922,-0.00023492446052841842,0.010922199115157127,-48.5504035949707
919,0.9199199080467224,85.1458511352539,-0.0002322745422134176,0.01050104945898056,-46.88972473144531
920,0.9209209084510803,85.21809387207031,-0.0002328756672795862,0.011025598272681236,-49.270965576171875
921,0.9219219088554382,85.29039764404297,-0.00023658009013161063,0.012093700468540192,-53.932491302490234
922,0.9229229092597961,85.3627700805664,-0.00023249577498063445,0.011375289410352707,-50.955562591552734
923,0.923923909664154,85.43519592285156,-0.00023313015117309988,0.011755038052797318,-52.64335632324219
924,0.924924910068512,85.50769805908203,-0.00023454241454601288,0.012267797254025936,-54.94229507446289
925,0.9259259104728699,85.58024597167969,-0.00023211821098811924,0.011711925268173218,-52.6569709777832
926,0.9269269108772278,85.6528549194336,-0.00023067646543495357,0.011110668070614338,-50.11520004272461
927,0.9279279112815857,85.72554779052734,-0.00023002040688879788,0.010581940412521362,-47.8807487487793
928,0.9289289116859436,85.79827880859375,-0.00023166454047895968,0.011154936626553535,-50.42493438720703
929,0.9299299120903015,85.87108612060547,-0.0002305067901033908,0.01067392434924841,-48.309024810791016
930,0.9309309124946594,85.9439468383789,-0.0002299396728631109,0.010491954162716866,-47.54804229736328
931,0.9319319128990173,86.01686096191406,-0.00023011764278635383,0.01067857351154089,-48.446956634521484
932,0.9329329133033752,86.08985137939453,-0.0002295928861713037,0.010631535202264786,-48.352752685546875
933,0.9339339137077332,86.16289520263672,-0.00022836610150989145,0.010071569122374058,-45.92333984375
934,0.9349349141120911,86.23600769042969,-0.0002286279632244259,0.009757322259247303,-44.5308952331543
935,0.935935914516449,86.3091812133789,-0.00022955982421990484,0.010139519348740578,-46.22380065917969
936,0.9369369149208069,86.38240814208984,-0.00023236039851326495,0.008915732614696026,-40.942176818847656
937,0.9379379153251648,86.45570373535156,-0.00023299608437810093,0.009389959275722504,-43.02537155151367
938,0.9389389157295227,86.52906799316406,-0.00023366662207990885,0.009478764608502388,-43.49852752685547
939,0.9399399161338806,86.60248565673828,-0.00023200802388601005,0.010641421191394329,-48.64402770996094
940,0.9409409165382385,86.67597198486328,-0.00023100301041267812,0.010925713926553726,-50.04997253417969
941,0.9419419169425964,86.74951171875,-0.00022941172937862575,0.010706153698265553,-49.30653381347656
942,0.9429429173469543,86.82312774658203,-0.00022765385801903903,0.010757914744317532,-49.607582092285156
943,0.9439439177513123,86.89679718017578,-0.0002259774919366464,0.011621270328760147,-53.42005157470703
944,0.9449449181556702,86.97053527832031,-0.00022322972654365003,0.011156964115798473,-51.33521270751953
945,0.9459459185600281,87.04431915283203,-0.00022163699031807482,0.011448281817138195,-52.673675537109375
946,0.946946918964386,87.11817932128906,-0.00022025019279681146,0.01145299430936575,-52.71541976928711
947,0.9479479193687439,87.19210052490234,-0.0002201869647251442,0.012214535847306252,-56.18333053588867
948,0.9489489793777466,87.2660903930664,-0.000218996312469244,0.01203039288520813,-55.38944625854492
949,0.9499499797821045,87.34013366699219,-0.00021985034982208163,0.012335025705397129,-56.949378967285156
950,0.9509509801864624,87.41423797607422,-0.00022048727259971201,0.012410719878971577,-57.50418472290039
951,0.9519519805908203,87.48841094970703,-0.00022406276548281312,0.012993186712265015,-60.325927734375
952,0.9529529809951782,87.56263732910156,-0.00022031339176464826,0.012076551094651222,-56.3814811706543
953,0.9539539813995361,87.6369400024414,-0.0002220428577857092,0.012382681481540203,-57.94977569580078
954,0.954954981803894,87.71129608154297,-0.00021906819893047214,0.011730499565601349,-55.16293716430664
955,0.955955982208252,87.78572845458984,-0.00021646061213687062,0.010477381758391857,-49.5347900390625
956,0.9569569826126099,87.86021423339844,-0.00021686870604753494,0.010365176945924759,-49.09733963012695
957,0.9579579830169678,87.93476104736328,-0.00021775161440018564,0.01026530284434557,-48.64431381225586
958,0.9589589834213257,88.0093765258789,-0.00022039422765374184,0.009574287571012974,-45.47685241699219
959,0.9599599838256836,88.08405303955078,-0.00022391090169548988,0.008873151615262032,-42.37589645385742
960,0.9609609842300415,88.1587905883789,-0.00022678225650452077,0.00827320758253336,-39.878028869628906
961,0.9619619846343994,88.23359680175781,-0.00022771567455492914,0.008337710052728653,-40.41596984863281
962,0.9629629850387573,88.30846405029297,-0.00022816930140834302,0.00824060570448637,-40.275394439697266
963,0.9639639854431152,88.38339233398438,-0.00022762909065932035,0.007045201025903225,-35.27939987182617
964,0.9649649858474731,88.45838165283203,-0.00022562642698176205,0.006683756597340107,-33.81009292602539
965,0.965965986251831,88.53343963623047,-0.00022384522890206426,0.006551950238645077,-33.24250793457031
966,0.966966986656189,88.60856628417969,-0.00022225358407013118,0.006424790248274803,-32.5787239074707
967,0.9679679870605469,88.68374633789062,-0.00022092831204645336,0.006345096509903669,-32.09273147583008
968,0.9689689874649048,88.75899505615234,-0.0002206822973676026,0.006993310526013374,-34.92137145996094
969,0.9699699878692627,88.83431243896484,-0.00022108257689978927,0.007299026474356651,-36.1633415222168
970,0.9709709882736206,88.90968322753906,-0.0002210685343015939,0.006717320065945387,-33.391510009765625
971,0.9719719886779785,88.98513793945312,-0.00022244482534006238,0.007415147963911295,-36.43641662597656
972,0.9729729890823364,89.06063842773438,-0.00022244142019189894,0.006330394186079502,-31.475589752197266
973,0.9739739894866943,89.13619995117188,-0.00022149545839056373,0.005640729330480099,-28.333152770996094
974,0.9749749898910522,89.21183776855469,-0.00021937642304692417,0.004987016320228577,-25.378097534179688
975,0.9759759902954102,89.28753662109375,-0.00021694709721487015,0.004197333008050919,-21.793109893798828
976,0.9769769906997681,89.36328887939453,-0.00021990654931869358,0.005346435587853193,-27.012859344482422
977,0.977977991104126,89.43911743164062,-0.00021809997269883752,0.00414053862914443,-21.504268646240234
978,0.9789789915084839,89.5150146484375,-0.00021831154299434274,0.00393159594386816,-20.56707763671875
979,0.9799799919128418,89.59095764160156,-0.00022084341617301106,0.004778149072080851,-24.48802947998047
980,0.9809809923171997,89.66697692871094,-0.00022134420578368008,0.0046693990007042885,-24.04246711730957
981,0.9819819927215576,89.7430648803711,-0.00022191216703504324,0.004856755957007408,-24.90802574157715
982,0.9829829931259155,89.81920623779297,-0.00022107691620476544,0.00469928327947855,-24.26546287536621
983,0.9839839935302734,89.89541625976562,-0.00022068319958634675,0.005156413652002811,-26.398876190185547
984,0.9849849939346313,89.97168731689453,-0.00021969867520965636,0.005299851298332214,-27.11271095275879
985,0.9859859943389893,90.04803466796875,-0.0002165504265576601,0.004381365608423948,-22.949722290039062
986,0.9869869947433472,90.12445068359375,-0.0002142919838661328,0.0040996442548930645,-21.69263458251953
987,0.9879879951477051,90.20091247558594,-0.00021561789617408067,0.004796899855136871,-24.99919319152832
988,0.988988995552063,90.27745819091797,-0.0002145519247278571,0.00486347358673811,-25.406282424926758
989,0.9899899959564209,90.35404968261719,-0.00021017089602537453,0.004063950385898352,-21.76613426208496
990,0.9909909963607788,90.43071746826172,-0.0002105897874571383,0.004410045221447945,-23.538990020751953
991,0.9919919967651367,90.5074462890625,-0.00020544187282212079,0.003574121044948697,-19.633638381958008
992,0.9929929971694946,90.58423614501953,-0.00020185689209029078,0.003122410736978054,-17.55601692199707
993,0.9939939975738525,90.6611099243164,-0.0002003291592700407,0.002903539687395096,-16.680509567260742
994,0.9949949979782104,90.73802947998047,-0.00019944491214118898,0.0027696173638105392,-16.20903205871582
995,0.9959959983825684,90.81501770019531,-0.0002001970715355128,0.002802616683766246,-16.534038543701172
996,0.9969969987869263,90.89208221435547,-0.00018954090774059296,0.0015511084347963333,-10.20329761505127
997,0.9979979991912842,90.96920013427734,-0.00018882160657085478,0.0012981559848412871,-8.967698097229004
998,0.9989989995956421,91.04638671875,-0.0001932115847012028,0.001688677933998406,-11.081497192382812
999,1.0,91.12364959716797,-0.00019336718833073974,0.0014948425814509392,-10.114270210266113
