index,timestep,Diffusion_Coeff,Divergence,score,pos
0,0.0,39.05299377441406,-0.014230990782380104,-0.01829393394291401,-28.5806941986084
1,0.0010010009864345193,39.08612823486328,-0.013505792245268822,-0.061434417963027954,-25.732194900512695
2,0.0020020019728690386,39.11929702758789,-0.014272395521402359,-0.0473090298473835,-26.847293853759766
3,0.0030030030757188797,39.15248489379883,-0.014638170599937439,-0.020160147920250893,-28.74835777282715
4,0.004004003945738077,39.185707092285156,-0.014681549742817879,-0.023754581809043884,-28.474414825439453
5,0.005005004815757275,39.218955993652344,-0.014645988121628761,-0.03319264575839043,-27.797462463378906
6,0.006006006151437759,39.25223159790039,-0.014672838151454926,-0.026126505807042122,-28.23253631591797
7,0.007007007021456957,39.28553771972656,-0.014448124915361404,-0.04189223423600197,-27.10591697692871
8,0.008008007891476154,39.31887435913086,-0.014213941060006618,-0.04803755506873131,-26.658132553100586
9,0.009009009227156639,39.352237701416016,-0.01385708712041378,-0.0546175017952919,-26.20745086669922
10,0.01001000963151455,39.38562774658203,-0.011869460344314575,-0.07986956834793091,-24.25930404663086
11,0.011011010967195034,39.41904830932617,-0.011774567887187004,-0.07753901183605194,-24.401050567626953
12,0.012012012302875519,39.452491760253906,-0.010629302822053432,-0.08394908159971237,-23.719799041748047
13,0.013013012707233429,39.48596954345703,-0.010290476493537426,-0.08241669088602066,-23.719865798950195
14,0.014014014042913914,39.51947021484375,-0.009215999394655228,-0.08525852859020233,-23.178497314453125
15,0.015015014447271824,39.55300521850586,-0.005993160419166088,-0.0960715264081955,-21.30024528503418
16,0.01601601578295231,39.58656692504883,-0.004813612438738346,-0.09399468451738358,-20.890270233154297
17,0.01701701618731022,39.620155334472656,-0.0005413703620433807,-0.09335421025753021,-19.512908935546875
18,0.018018018454313278,39.653770446777344,-0.0008419473888352513,-0.08999118208885193,-19.62470245361328
19,0.01901901885867119,39.68742370605469,0.0004211055056657642,-0.08731786161661148,-19.33473777770996
20,0.0200200192630291,39.721092224121094,0.0017433963948860765,-0.08449841290712357,-19.082061767578125
21,0.021021021530032158,39.754798889160156,0.0007232821080833673,-0.08259779214859009,-19.386625289916992
22,0.022022021934390068,39.78852844238281,0.0008044610149227083,-0.08041495829820633,-19.42000961303711
23,0.023023022338747978,39.82229232788086,-0.0015839687548577785,-0.07768354564905167,-20.212779998779297
24,0.024024024605751038,39.8560791015625,-0.0011342688230797648,-0.07548832893371582,-20.123300552368164
25,0.025025025010108948,39.889896392822266,0.006438980810344219,-0.06754864752292633,-18.176834106445312
26,0.026026025414466858,39.92374801635742,0.010635878890752792,-0.05608804151415825,-17.198942184448242
27,0.027027025818824768,39.95762252807617,0.014482678845524788,-0.04056008532643318,-16.133342742919922
28,0.028028028085827827,39.99152755737305,0.0035190226044505835,-0.05948343873023987,-18.5640926361084
29,0.029029028490185738,40.02545928955078,0.003848965745419264,-0.0554378405213356,-18.311071395874023
30,0.030030028894543648,40.05942153930664,0.0019925786182284355,-0.05414818227291107,-18.764806747436523
31,0.031031031161546707,40.093414306640625,0.0007965380209498107,-0.052114542573690414,-19.14578628540039
32,0.03203203156590462,40.1274299621582,-0.0009299942757934332,-0.05103827267885208,-20.106292724609375
33,0.03303303197026253,40.16147994995117,0.005252795293927193,-0.04673989117145538,-17.70366096496582
34,0.03403403237462044,40.195556640625,-0.0005257475422695279,-0.05204570293426514,-20.120115280151367
35,0.03503503277897835,40.22966384887695,-0.0013185808202251792,-0.05187802016735077,-20.734346389770508
36,0.036036036908626556,40.263797760009766,0.0052585294470191,-0.04674798250198364,-17.99648094177246
37,0.03703703731298447,40.29795837402344,0.00549691915512085,-0.04529250040650368,-17.953046798706055
38,0.03803803771734238,40.3321533203125,0.0005940009141340852,-0.04963133856654167,-19.952964782714844
39,0.03903903812170029,40.36637878417969,0.0011993816588073969,-0.04737911745905876,-19.63473129272461
40,0.0400400385260582,40.40062713623047,0.0031587695702910423,-0.042875126004219055,-18.64284324645996
41,0.04104103893041611,40.434906005859375,0.00012026202603010461,-0.042318493127822876,-20.145809173583984
42,0.042042043060064316,40.469215393066406,0.0011879494413733482,-0.0387704111635685,-19.408296585083008
43,0.043043043464422226,40.50355529785156,0.002063566818833351,-0.03557213023304939,-18.81144905090332
44,0.044044043868780136,40.53792190551758,0.004217013716697693,-0.030344665050506592,-17.57107162475586
45,0.045045044273138046,40.572322845458984,0.003497277619317174,-0.031139234080910683,-17.929086685180664
46,0.046046044677495956,40.606746673583984,0.006567453034222126,-0.02233458124101162,-16.27555274963379
47,0.04704704508185387,40.641197204589844,0.004311671480536461,-0.028381098061800003,-17.467538833618164
48,0.048048049211502075,40.67568588256836,0.002913865027949214,-0.03065904974937439,-18.261398315429688
49,0.049049049615859985,40.71019744873047,0.0048773023299872875,-0.025142651051282883,-17.099868774414062
50,0.050050050020217896,40.7447395324707,0.005117468535900116,-0.02273150160908699,-16.871524810791016
51,0.051051050424575806,40.77931213378906,0.004643351770937443,-0.021461667492985725,-17.008352279663086
52,0.052052050828933716,40.81391143798828,0.0033606751821935177,-0.022715050727128983,-17.76751708984375
53,0.053053051233291626,40.84854507446289,0.002140596741810441,-0.023546166718006134,-18.668880462646484
54,0.054054051637649536,40.88320541381836,0.0008671889081597328,-0.023857969790697098,-19.873096466064453
55,0.055055055767297745,40.91789627075195,-0.00042322263470850885,-0.022669974714517593,-21.568805694580078
56,0.056056056171655655,40.952613830566406,-0.0013990418519824743,-0.019824987277388573,-23.33479118347168
57,0.057057056576013565,40.987361907958984,-0.0011869926238432527,-0.01928950473666191,-23.017271041870117
58,0.058058056980371475,41.02214431762695,-0.0009456170373596251,-0.018966084346175194,-22.584049224853516
59,0.059059057384729385,41.056949615478516,-0.0006894710822962224,-0.01858915574848652,-22.027074813842773
60,0.060060057789087296,41.0917854309082,-0.0008269284735433757,-0.017528435215353966,-22.202716827392578
61,0.061061061918735504,41.12665557861328,0.0002644153428263962,-0.017408091574907303,-19.740278244018555
62,0.062062062323093414,41.16154479980469,-0.0006551733240485191,-0.016519695520401,-21.479244232177734
63,0.06306306272745132,41.19647216796875,-0.0020433843601495028,-0.011889749206602573,-24.559566497802734
64,0.06406406313180923,41.23143005371094,-0.001801759353838861,-0.012383246794342995,-23.985904693603516
65,0.06506506353616714,41.266414642333984,-0.0013653065543621778,-0.013229702599346638,-22.986900329589844
66,0.06606606394052505,41.301429748535156,-0.0014914171770215034,-0.011996779590845108,-23.374711990356445
67,0.06706706434488297,41.33647537231445,-0.000937487930059433,-0.01278232503682375,-22.061542510986328
68,0.06806806474924088,41.37154769897461,-0.0005508075701072812,-0.012396569363772869,-21.061864852905273
69,0.06906906515359879,41.406654357910156,-0.00035636330721899867,-0.011737445369362831,-20.545806884765625
70,0.0700700655579567,41.44178771972656,-1.3940843928139657e-06,-0.011094464920461178,-19.554609298706055
71,0.0710710734128952,41.476951599121094,0.0008731757989153266,-0.009480053558945656,-17.367225646972656
72,0.07207207381725311,41.512142181396484,0.0012981179170310497,-0.007952867075800896,-16.403667449951172
73,0.07307307422161102,41.547367095947266,0.0011979795526713133,-0.007788528222590685,-16.58993148803711
74,0.07407407462596893,41.582618713378906,0.0012045892653986812,-0.007487175986170769,-16.570789337158203
75,0.07507507503032684,41.61790466308594,0.0012665730901062489,-0.007200663443654776,-16.452335357666016
76,0.07607607543468475,41.65321731567383,0.0008234701817855239,-0.00831123162060976,-17.52873992919922
77,0.07707707583904266,41.688560485839844,0.0018814950017258525,-0.00511883245781064,-15.179054260253906
78,0.07807807624340057,41.72393035888672,0.0011978649999946356,-0.0074853310361504555,-16.70835304260254
79,0.07907907664775848,41.75933074951172,0.0008294637082144618,-0.008190854452550411,-17.451820373535156
80,0.0800800770521164,41.794769287109375,0.001687550568021834,-0.005773281678557396,-15.531511306762695
81,0.0810810774564743,41.830230712890625,0.0021218014881014824,-0.003285180777311325,-14.184718132019043
82,0.08208207786083221,41.865726470947266,0.0019833697006106377,-0.003777741454541683,-14.333667755126953
83,0.08308307826519012,41.9012451171875,0.0018585846992209554,-0.004097377881407738,-14.404353141784668
84,0.08408408612012863,41.93680191040039,0.0013683147262781858,-0.0061141205951571465,-15.577975273132324
85,0.08508508652448654,41.97238540649414,0.0010689179180189967,-0.006891629192978144,-16.205177307128906
86,0.08608608692884445,42.00799560546875,0.0009811726631596684,-0.006921813357621431,-16.271625518798828
87,0.08708708733320236,42.043643951416016,0.00047578109661117196,-0.007516626268625259,-17.41956329345703
88,0.08808808773756027,42.079315185546875,0.0009698540670797229,-0.005990879610180855,-15.673541069030762
89,0.08908908814191818,42.115020751953125,0.0008742278441786766,-0.005651148501783609,-15.480222702026367
90,0.09009008854627609,42.1507568359375,0.0009796344675123692,-0.004747054073959589,-14.571505546569824
91,0.091091088950634,42.186519622802734,0.0011225801426917315,-0.0033712084405124187,-13.1731538772583
92,0.09209208935499191,42.22231674194336,0.0009976890869438648,-0.0035469243302941322,-13.121783256530762
93,0.09309308975934982,42.258140563964844,0.0008448574226349592,-0.003873863024637103,-13.297476768493652
94,0.09409409016370773,42.29399490356445,0.0008176598348654807,-0.003125085961073637,-12.235152244567871
95,0.09509509056806564,42.32988739013672,0.0007289330242201686,-0.0034946214873343706,-12.588390350341797
96,0.09609609842300415,42.36580276489258,0.0006792511558160186,-0.0034083013888448477,-12.446377754211426
97,0.09709709882736206,42.40175247192383,0.0006016253610141575,-0.0027952801901847124,-11.532155990600586
98,0.09809809923171997,42.4377326965332,0.00045396105269901454,-0.0024893186055123806,-10.885973930358887
99,0.09909909963607788,42.473731994628906,1.9922590581700206e-05,-0.0023436485789716244,-9.277270317077637
100,0.10010010004043579,42.5097770690918,-0.0003254071925766766,-0.0028763068839907646,-8.19621467590332
101,0.1011011004447937,42.545841217041016,-0.0006555397994816303,-0.003691405523568392,-7.066027641296387
102,0.10210210084915161,42.58195114135742,-0.0005733257858082652,-0.003654128173366189,-7.459397792816162
103,0.10310310125350952,42.618080139160156,-0.0006380376289598644,-0.003941454458981752,-7.238681793212891
104,0.10410410165786743,42.65423583984375,-0.000591408577747643,-0.003973781131207943,-7.445769786834717
105,0.10510510206222534,42.6904296875,-0.0007943438831716776,-0.004734331741929054,-6.665729999542236
106,0.10610610246658325,42.726654052734375,-0.0007818857557140291,-0.004905045032501221,-6.8020548820495605
107,0.10710710287094116,42.762908935546875,-0.0006354681099765003,-0.004804156254976988,-7.641486167907715
108,0.10810810327529907,42.799190521240234,-0.0004538669891189784,-0.004569635726511478,-8.831340789794922
109,0.10910911113023758,42.83551025390625,-0.00032941551762633026,-0.004388583358377218,-9.753498077392578
110,0.11011011153459549,42.871856689453125,-8.70061558089219e-05,-0.004049083683639765,-11.608119010925293
111,0.1111111119389534,42.90822982788086,-0.00012420068378560245,-0.0040536862798035145,-11.088878631591797
112,0.11211211234331131,42.94463348388672,-0.00019475349108688533,-0.004113367758691311,-10.329659461975098
113,0.11311311274766922,42.9810791015625,-0.0003498785081319511,-0.004383394028991461,-8.886771202087402
114,0.11411411315202713,43.017547607421875,-0.00020690845849458128,-0.004083557985723019,-9.61501407623291
115,0.11511511355638504,43.054054260253906,-9.772935300134122e-05,-0.003997516352683306,-10.547650337219238
116,0.11611611396074295,43.090579986572266,-0.00012760059325955808,-0.004108488094061613,-10.495538711547852
117,0.11711711436510086,43.127140045166016,-0.00018928805366158485,-0.0042814696207642555,-10.163747787475586
118,0.11811811476945877,43.16373825073242,-0.00036829913733527064,-0.0048535773530602455,-8.428897857666016
119,0.11911911517381668,43.20035934448242,-0.0003825574240181595,-0.004921803716570139,-8.367866516113281
120,0.12012011557817459,43.23701477050781,-0.0003282826510258019,-0.0047186799347400665,-9.042521476745605
121,0.1211211159825325,43.27370834350586,-0.00025829713558778167,-0.004478370305150747,-10.468249320983887
122,0.12212212383747101,43.3104248046875,-0.0003418336564209312,-0.0046982839703559875,-10.284385681152344
123,0.12312312424182892,43.34716796875,-0.0005177547573111951,-0.005560757592320442,-8.692551612854004
124,0.12412412464618683,43.38395309448242,-0.0003888254868797958,-0.004619039595127106,-11.035690307617188
125,0.12512512505054474,43.42076110839844,-0.0004343455075286329,-0.004740438424050808,-10.900156021118164
126,0.12612612545490265,43.45760726928711,-0.0004669233749154955,-0.004842623136937618,-10.806547164916992
127,0.12712712585926056,43.494476318359375,-0.0005065546720288694,-0.00512660713866353,-10.356091499328613
128,0.12812812626361847,43.5313835144043,-0.0005684418720193207,-0.005765292327851057,-9.287962913513184
129,0.12912912666797638,43.56832504272461,-0.0005964633892290294,-0.006173937115818262,-8.64421272277832
130,0.1301301270723343,43.605289459228516,-0.0006386535242199898,-0.006835475098341703,-7.5691070556640625
131,0.1311311274766922,43.64228820800781,-0.0006786318263038993,-0.007446310482919216,-6.616323471069336
132,0.1321321278810501,43.679317474365234,-0.0006440159631893039,-0.00700739910826087,-7.281909942626953
133,0.13313312828540802,43.71638107299805,-0.0006904204492457211,-0.007730596233159304,-6.260715961456299
134,0.13413412868976593,43.753475189208984,-0.0006873384118080139,-0.007732909172773361,-6.333747863769531
135,0.13513512909412384,43.79059600830078,-0.0006585519295185804,-0.007173286285251379,-7.228447914123535
136,0.13613612949848175,43.827762603759766,-0.0006644221139140427,-0.007242108229547739,-7.109861850738525
137,0.13713712990283966,43.86494445800781,-0.0006509170634672046,-0.00690194359049201,-7.555697441101074
138,0.13813813030719757,43.902164459228516,-0.0006105941720306873,-0.006068664602935314,-8.780767440795898
139,0.13913913071155548,43.93941879272461,-0.0006218022317625582,-0.006388855166733265,-8.164840698242188
140,0.1401401311159134,43.9766960144043,-0.0005978923290967941,-0.006027963478118181,-8.686753273010254
141,0.1411411464214325,44.014015197753906,-0.0006212123553268611,-0.0065745096653699875,-7.685342788696289
142,0.1421421468257904,44.051361083984375,-0.000640504527837038,-0.007073467597365379,-6.747279644012451
143,0.14314314723014832,44.08873748779297,-0.0006881104782223701,-0.008260341361165047,-4.8696675300598145
144,0.14414414763450623,44.12614822387695,-0.0006653445889241993,-0.0075930459424853325,-5.775356292724609
145,0.14514514803886414,44.1635856628418,-0.0006447166670113802,-0.006912268698215485,-6.764188289642334
146,0.14614614844322205,44.20106506347656,-0.0006618216284550726,-0.0072215101681649685,-6.263026237487793
147,0.14714714884757996,44.238563537597656,-0.0006832753424532712,-0.007913312874734402,-5.251823425292969
148,0.14814814925193787,44.27610778808594,-0.000680069497320801,-0.007850672118365765,-5.4344353675842285
149,0.14914914965629578,44.31366729736328,-0.0006741329561918974,-0.007846814580261707,-5.59504508972168
150,0.1501501500606537,44.35126876831055,-0.0006813339423388243,-0.00860368087887764,-4.697153568267822
151,0.1511511504650116,44.38890075683594,-0.0006850293138995767,-0.009304080158472061,-3.942695140838623
152,0.1521521508693695,44.426570892333984,-0.0006835093372501433,-0.008940458297729492,-4.733748912811279
153,0.15315315127372742,44.464263916015625,-0.0006809969781897962,-0.00829031690955162,-5.889884948730469
154,0.15415415167808533,44.50199508666992,-0.0006967821391299367,-0.009676540270447731,-4.0245866775512695
155,0.15515515208244324,44.53975296020508,-0.0006983157945796847,-0.008565629832446575,-5.6498003005981445
156,0.15615615248680115,44.57754898071289,-0.0006737466901540756,-0.006637918762862682,-8.359846115112305
157,0.15715715289115906,44.6153678894043,-0.0006909474031999707,-0.006737086456269026,-8.018802642822266
158,0.15815815329551697,44.653228759765625,-0.0006988036911934614,-0.006639798637479544,-7.940810680389404
159,0.15915915369987488,44.69111251831055,-0.0006975112482905388,-0.006429780274629593,-8.029441833496094
160,0.1601601541042328,44.72903823852539,-0.0006551299011334777,-0.004769866354763508,-10.274255752563477
161,0.1611611545085907,44.76698684692383,-0.0006434834795072675,-0.0046121845953166485,-10.410476684570312
162,0.1621621549129486,44.804969787597656,-0.0006220577633939683,-0.004192500840872526,-11.025192260742188
163,0.16316315531730652,44.842987060546875,-0.0006509912200272083,-0.005813710391521454,-8.4769287109375
164,0.16416415572166443,44.88103485107422,-0.0006366290617734194,-0.0053925965912640095,-9.17455005645752
165,0.16516515612602234,44.91912078857422,-0.0006428214255720377,-0.005688303615897894,-8.722413063049316
166,0.16616615653038025,44.95723342895508,-0.0006322636036202312,-0.004941468592733145,-9.851980209350586
167,0.16716717183589935,44.99538040161133,-0.0006530792452394962,-0.007434595841914415,-5.9839019775390625
168,0.16816817224025726,45.03356170654297,-0.0006612243014387786,-0.007085110526531935,-6.565414905548096
169,0.16916917264461517,45.071773529052734,-0.0006600358756259084,-0.005525768268853426,-9.053460121154785
170,0.17017017304897308,45.110015869140625,-0.0006580797489732504,-0.005441412795335054,-9.396778106689453
171,0.171171173453331,45.14828872680664,-0.0006495283450931311,-0.005081626586616039,-10.198966026306152
172,0.1721721738576889,45.18659973144531,-0.0006459110882133245,-0.005299593787640333,-10.123579025268555
173,0.17317317426204681,45.22494125366211,-0.0006524326745420694,-0.004311439115554094,-11.873659133911133
174,0.17417417466640472,45.2633171081543,-0.0006659568753093481,-0.004096407908946276,-12.35324764251709
175,0.17517517507076263,45.30172348022461,-0.000797551532741636,-0.0022178818471729755,-14.958888053894043
176,0.17617617547512054,45.34016036987305,-0.0008686406072229147,-0.0011717105517163873,-16.060535430908203
177,0.17717717587947845,45.37863540649414,-0.0007253754301927984,-0.0035006701946258545,-12.920684814453125
178,0.17817817628383636,45.41713333129883,-0.0007777723949402571,-0.0026779028121382,-13.847312927246094
179,0.17917917668819427,45.45567321777344,-0.0008359655039384961,-0.0016732440562918782,-15.048637390136719
180,0.18018017709255219,45.49424362182617,-0.0009191487915813923,9.693003084976226e-05,-17.060970306396484
181,0.1811811774969101,45.53284454345703,-0.0009568461682647467,0.0011706885416060686,-18.20964241027832
182,0.182182177901268,45.571475982666016,-0.0009285143460147083,0.0007195902871899307,-17.735809326171875
183,0.18318317830562592,45.610145568847656,-0.0008696384611539543,-0.00031560187926515937,-16.52138900756836
184,0.18418417870998383,45.64884567260742,-0.000881923595443368,0.00012744627019856125,-16.890148162841797
185,0.18518517911434174,45.68758010864258,-0.0008140532299876213,-0.0010445837397128344,-15.313579559326172
186,0.18618617951869965,45.726348876953125,-0.0007978795329108834,-0.0012056661071255803,-14.868447303771973
187,0.18718717992305756,45.76514434814453,-0.0007623620331287384,-0.0016925758682191372,-13.944793701171875
188,0.18818818032741547,45.803977966308594,-0.0007626211736351252,-0.0015764618292450905,-13.779817581176758
189,0.18918918073177338,45.84284210205078,-0.000841868226416409,-2.3242835595738143e-05,-15.437183380126953
190,0.1901901811361313,45.881744384765625,-0.0008479378884658217,0.00017393921734765172,-15.439216613769531
191,0.1911911815404892,45.92066955566406,-0.0008689755341038108,0.0006941445171833038,-15.971907615661621
192,0.1921921968460083,45.95963668823242,-0.0008893596241250634,0.0011962485732510686,-16.605886459350586
193,0.1931931972503662,45.99863052368164,-0.0009066728525795043,0.0016418173909187317,-17.253557205200195
194,0.19419419765472412,46.037662506103516,-0.0009233856108039618,0.002031495328992605,-17.858457565307617
195,0.19519519805908203,46.07672882080078,-0.0009740745881572366,0.003325327765196562,-19.422657012939453
196,0.19619619846343994,46.115821838378906,-0.0010122568346560001,0.004350439645349979,-20.615678787231445
197,0.19719719886779785,46.15495300292969,-0.0011202518362551928,0.007395485416054726,-23.584598541259766
198,0.19819819927215576,46.194114685058594,-0.0011398493079468608,0.007898800075054169,-24.079744338989258
199,0.19919919967651367,46.23331069946289,-0.0011886396678164601,0.00948487501591444,-25.43738555908203
200,0.20020020008087158,46.27254104614258,-0.001072309329174459,0.006278716027736664,-22.62174415588379
201,0.2012012004852295,46.31180191040039,-0.0011316044256091118,0.008374717086553574,-24.504690170288086
202,0.2022022008895874,46.35110092163086,-0.0011347029358148575,0.008884151466190815,-24.913665771484375
203,0.2032032012939453,46.39043045043945,-0.001087963581085205,0.00782564003020525,-23.957773208618164
204,0.20420420169830322,46.42979049682617,-0.0010806762147694826,0.007984607480466366,-24.10697364807129
205,0.20520520210266113,46.46918487548828,-0.0010444697691127658,0.006723749917000532,-22.969520568847656
206,0.20620620250701904,46.50861740112305,-0.0011074513895437121,0.009027857333421707,-25.19841194152832
207,0.20720720291137695,46.54807662963867,-0.0011878039222210646,0.011680865660309792,-27.583559036254883
208,0.20820820331573486,46.58757400512695,-0.0011833449825644493,0.011466101743280888,-27.39197540283203
209,0.20920920372009277,46.62710189819336,-0.0011805511312559247,0.011555202305316925,-27.330965042114258
210,0.21021020412445068,46.666664123535156,-0.0011832546442747116,0.011954656802117825,-27.475786209106445
211,0.2112112045288086,46.706260681152344,-0.001159199746325612,0.011458090506494045,-26.81702995300293
212,0.2122122049331665,46.74589157104492,-0.0011994121596217155,0.013457484543323517,-28.255056381225586
213,0.21321320533752441,46.78555679321289,-0.0011351201683282852,0.011494115926325321,-26.32838249206543
214,0.21421420574188232,46.825252532958984,-0.0011826313566416502,0.013824927620589733,-28.166940689086914
215,0.21521520614624023,46.864990234375,-0.0011922474950551987,0.014750344678759575,-28.922210693359375
216,0.21621620655059814,46.90475082397461,-0.001156569691374898,0.01362357847392559,-28.025651931762695
217,0.21721720695495605,46.94455337524414,-0.001197792124003172,0.015150190331041813,-29.45012664794922
218,0.21821822226047516,46.98438262939453,-0.001151049742475152,0.013129275292158127,-27.864545822143555
219,0.21921922266483307,47.024253845214844,-0.001083184266462922,0.009846013970673084,-25.089086532592773
220,0.22022022306919098,47.064151763916016,-0.0010705189779400826,0.009299480356276035,-24.65233039855957
221,0.2212212234735489,47.104087829589844,-0.001106051728129387,0.011021049693226814,-26.214609146118164
222,0.2222222238779068,47.14405059814453,-0.0010980182560160756,0.010730094276368618,-25.887123107910156
223,0.2232232242822647,47.18405532836914,-0.0010985260596498847,0.010797349736094475,-25.8987979888916
224,0.22422422468662262,47.22409439086914,-0.0010323910973966122,0.007630261592566967,-22.901718139648438
225,0.22522522509098053,47.264163970947266,-0.001060183160007,0.009152952581644058,-24.348581314086914
226,0.22622622549533844,47.304264068603516,-0.0010240909177809954,0.007613230496644974,-22.87984848022461
227,0.22722722589969635,47.34440231323242,-0.0010010639671236277,0.0067459833808243275,-22.028860092163086
228,0.22822822630405426,47.384578704833984,-0.0010501360520720482,0.009372740983963013,-24.58544921875
229,0.22922922670841217,47.424781799316406,-0.0010413810377940536,0.009232386015355587,-24.457109451293945
230,0.23023022711277008,47.465023040771484,-0.0010309591889381409,0.009150413796305656,-24.365751266479492
231,0.231231227517128,47.50529479980469,-0.001066306489519775,0.011179779656231403,-26.253767013549805
232,0.2322322279214859,47.54560470581055,-0.0010112653253600001,0.009179506450891495,-24.258909225463867
233,0.2332332283258438,47.58594512939453,-0.0010136677883565426,0.009804323315620422,-24.80682945251465
234,0.23423422873020172,47.62632369995117,-0.0010383978951722383,0.011454107239842415,-26.35157012939453
235,0.23523522913455963,47.6667366027832,-0.0010703885927796364,0.013353688642382622,-28.075410842895508
236,0.23623622953891754,47.707176208496094,-0.0010449502151459455,0.012492576614022255,-27.180620193481445
237,0.23723722994327545,47.74766540527344,-0.0010589209850877523,0.013209860771894455,-27.821304321289062
238,0.23823823034763336,47.788177490234375,-0.0010892736027017236,0.014510320499539375,-29.024871826171875
239,0.23923923075199127,47.8287239074707,-0.0010312232188880444,0.011794176883995533,-26.473119735717773
240,0.24024023115634918,47.86930847167969,-0.0010384944034740329,0.01239759847521782,-27.10521125793457
241,0.2412412315607071,47.9099235534668,-0.001097851898521185,0.01540779136121273,-29.995824813842773
242,0.242242231965065,47.95058059692383,-0.0010291015496477485,0.0126107856631279,-27.43182945251465
243,0.2432432323694229,47.99126052856445,-0.0010516317561268806,0.013912864029407501,-28.700084686279297
244,0.24424424767494202,48.031982421875,-0.0010428710374981165,0.013676679693162441,-28.451236724853516
245,0.24524524807929993,48.07273864746094,-0.0010842301417142153,0.015654629096388817,-30.28287696838379
246,0.24624624848365784,48.113529205322266,-0.00109954085201025,0.016604989767074585,-31.132404327392578
247,0.24724724888801575,48.154354095458984,-0.0011238051811233163,0.017970915883779526,-32.35993576049805
248,0.24824824929237366,48.19520950317383,-0.001106593175791204,0.017456509172916412,-31.924026489257812
249,0.24924924969673157,48.236106872558594,-0.001036649220623076,0.01442848239094019,-29.158309936523438
250,0.2502502501010895,48.277034759521484,-0.0010483541991561651,0.014616844244301319,-29.425960540771484
251,0.2512512505054474,48.317996978759766,-0.0010524760000407696,0.014318589121103287,-29.20306396484375
252,0.2522522509098053,48.35899353027344,-0.0011326458770781755,0.017609892413020134,-32.20658493041992
253,0.2532532513141632,48.40003204345703,-0.0011132988147437572,0.016915984451770782,-31.56430435180664
254,0.2542542517185211,48.44109344482422,-0.0010537300258874893,0.014514918439090252,-29.342288970947266
255,0.25525525212287903,48.48219680786133,-0.0010264066513627768,0.013445433229207993,-28.344423294067383
256,0.25625625252723694,48.52333450317383,-0.0010448829270899296,0.01448764093220234,-29.4234676361084
257,0.25725725293159485,48.564510345458984,-0.0011111889034509659,0.0175331924110651,-32.354732513427734
258,0.25825825333595276,48.605712890625,-0.001174322096630931,0.020620904862880707,-35.16965866088867
259,0.25925925374031067,48.64695739746094,-0.0011803703382611275,0.021392691880464554,-35.90908432006836
260,0.2602602541446686,48.688236236572266,-0.0011301292106509209,0.01958613656461239,-34.37126541137695
261,0.2612612545490265,48.729549407958984,-0.0011490359902381897,0.020629828795790672,-35.28836441040039
262,0.2622622549533844,48.770896911621094,-0.0011282351333647966,0.0199003703892231,-34.66446304321289
263,0.2632632553577423,48.812278747558594,-0.0010917874751612544,0.018543148413300514,-33.472599029541016
264,0.2642642557621002,48.85369110107422,-0.0010428294772282243,0.016458459198474884,-31.524070739746094
265,0.26526525616645813,48.895145416259766,-0.0010427201632410288,0.016549112275242805,-31.589200973510742
266,0.26626625657081604,48.93663787841797,-0.001058677677065134,0.017402205616235733,-32.33817672729492
267,0.26726725697517395,48.97815704345703,-0.0010598018998280168,0.017774246633052826,-32.60789489746094
268,0.26826825737953186,49.01971435546875,-0.0010194563074037433,0.016231698915362358,-31.073942184448242
269,0.26926925778388977,49.061309814453125,-0.0009833818767219782,0.014904089272022247,-29.713191986083984
270,0.2702702581882477,49.10293960571289,-0.0009874125244095922,0.01571173220872879,-30.540449142456055
271,0.2712712585926056,49.14460754394531,-0.0010297924745827913,0.01838967390358448,-33.22904586791992
272,0.2722722589969635,49.18630599975586,-0.0010001445189118385,0.017425019294023514,-32.275848388671875
273,0.2732732594013214,49.2280387878418,-0.0010794079862535,0.021537713706493378,-36.199398040771484
274,0.2742742598056793,49.26980972290039,-0.0010750945657491684,0.021334072574973106,-35.94107437133789
275,0.27527526021003723,49.31161880493164,-0.0010731411166489124,0.021026303991675377,-35.56324005126953
276,0.27627626061439514,49.35345458984375,-0.0010560671798884869,0.019830521196126938,-34.341861724853516
277,0.27727726101875305,49.39533233642578,-0.0011015587951987982,0.021891776472330093,-36.198673248291016
278,0.27827826142311096,49.4372444152832,-0.001128657953813672,0.0233352929353714,-37.50788879394531
279,0.27927926182746887,49.479190826416016,-0.0011131729697808623,0.02271336130797863,-37.10274887084961
280,0.2802802622318268,49.52117156982422,-0.0011186650954186916,0.022968795150518417,-37.46543502807617
281,0.2812812626361847,49.56319046020508,-0.001162947155535221,0.025321900844573975,-39.67595291137695
282,0.282282292842865,49.60525131225586,-0.0011374523164704442,0.023797500878572464,-38.51897430419922
283,0.2832832932472229,49.6473388671875,-0.0011108573526144028,0.02226939983665943,-37.29143524169922
284,0.2842842936515808,49.6894645690918,-0.0011431253515183926,0.02391955815255642,-38.82277297973633
285,0.2852852940559387,49.73162841796875,-0.0011643581092357635,0.025238364934921265,-40.03670883178711
286,0.28628629446029663,49.77382278442383,-0.0011286402586847544,0.023463042452931404,-38.55887222290039
287,0.28728729486465454,49.81605911254883,-0.001109585165977478,0.022667020559310913,-37.902442932128906
288,0.28828829526901245,49.85832595825195,-0.001075842883437872,0.021226627752184868,-36.63835525512695
289,0.28928929567337036,49.900630950927734,-0.0010921130888164043,0.022664722055196762,-38.043174743652344
290,0.29029029607772827,49.94297409057617,-0.0010812474647536874,0.022775204852223396,-38.218170166015625
291,0.2912912964820862,49.985355377197266,-0.001060323091223836,0.02237045206129551,-37.877662658691406
292,0.2922922968864441,50.02776336669922,-0.0010517833288758993,0.022638021036982536,-38.18424606323242
293,0.293293297290802,50.07020950317383,-0.0010603507980704308,0.02373887225985527,-39.280250549316406
294,0.2942942976951599,50.11269760131836,-0.0010607190197333694,0.02404021844267845,-39.614688873291016
295,0.2952952980995178,50.155216217041016,-0.0010608413722366095,0.024069441482424736,-39.71564483642578
296,0.29629629850387573,50.197776794433594,-0.0010633741039782763,0.024233398959040642,-39.99296569824219
297,0.29729729890823364,50.2403678894043,-0.0010439465986564755,0.023076096549630165,-38.988956451416016
298,0.29829829931259155,50.282997131347656,-0.001010764273814857,0.021398190408945084,-37.409549713134766
299,0.29929929971694946,50.32566452026367,-0.0010161071550101042,0.02182113006711006,-37.83659744262695
300,0.3003003001213074,50.36836242675781,-0.0010223943972960114,0.02243872359395027,-38.38705825805664
301,0.3013013005256653,50.41109848022461,-0.0010035475715994835,0.02182636596262455,-37.682743072509766
302,0.3023023009300232,50.45387649536133,-0.001003508223220706,0.02218027599155903,-37.92008590698242
303,0.3033033013343811,50.49668502807617,-0.0010026635136455297,0.022270571440458298,-37.871917724609375
304,0.304304301738739,50.53953552246094,-0.000996581744402647,0.02214209735393524,-37.67829132080078
305,0.3053053021430969,50.58241653442383,-0.0010214230278506875,0.02376612275838852,-39.20246505737305
306,0.30630630254745483,50.625335693359375,-0.0010269805788993835,0.02400299534201622,-39.339332580566406
307,0.30730730295181274,50.66829299926758,-0.0010390073293820024,0.024687642231583595,-39.96196746826172
308,0.30830830335617065,50.71128463745117,-0.0010159825906157494,0.022909367457032204,-38.2254524230957
309,0.30930930376052856,50.754310607910156,-0.0010275448439642787,0.02389780804514885,-39.26762008666992
310,0.3103103041648865,50.79737854003906,-0.000994902104139328,0.022065622732043266,-37.57704162597656
311,0.3113113045692444,50.840476989746094,-0.0009867945918813348,0.021981390193104744,-37.61195373535156
312,0.3123123049736023,50.88361358642578,-0.0009383445722050965,0.01932557485997677,-34.99241638183594
313,0.3133133053779602,50.92679214477539,-0.0009007060434669256,0.01723215915262699,-32.861324310302734
314,0.3143143057823181,50.97000503540039,-0.0009006063919514418,0.017565235495567322,-33.39589309692383
315,0.315315306186676,51.01325225830078,-0.0008601980516687036,0.015084628947079182,-30.711992263793945
316,0.31631630659103394,51.056541442871094,-0.0008475586073473096,0.014314673840999603,-29.902748107910156
317,0.31731730699539185,51.099857330322266,-0.00082069740165025,0.01222225371748209,-27.428449630737305
318,0.31831830739974976,51.14321517944336,-0.0008496580994687974,0.014207955449819565,-29.806724548339844
319,0.31931930780410767,51.186614990234375,-0.0008629884105175734,0.014947636052966118,-30.67877197265625
320,0.3203203082084656,51.23004913330078,-0.0008539371774531901,0.014100999571383,-29.707042694091797
321,0.3213213086128235,51.27351379394531,-0.0008303334470838308,0.011941940523684025,-27.184459686279297
322,0.3223223090171814,51.317020416259766,-0.0008334313752129674,0.011742062866687775,-27.001422882080078
323,0.3233233094215393,51.36056137084961,-0.0008293922292068601,0.011079494841396809,-26.24095916748047
324,0.3243243098258972,51.40414047241211,-0.0008061855332925916,0.009184313006699085,-23.96356773376465
325,0.3253253102302551,51.44776153564453,-0.0008146872278302908,0.010335639119148254,-25.416669845581055
326,0.32632631063461304,51.49141311645508,-0.0007891975110396743,0.008594286628067493,-23.249895095825195
327,0.32732731103897095,51.53510284423828,-0.0007755528204143047,0.00803619809448719,-22.500511169433594
328,0.32832831144332886,51.578834533691406,-0.0007778608705848455,0.009111330844461918,-23.841800689697266
329,0.32932931184768677,51.622596740722656,-0.0007850262336432934,0.010607535019516945,-25.708553314208984
330,0.3303303122520447,51.66639709472656,-0.0007838819874450564,0.01129188947379589,-26.548757553100586
331,0.3313313126564026,51.71023941040039,-0.0007967452402226627,0.013115162961184978,-28.866159439086914
332,0.3323323130607605,51.754112243652344,-0.0007870967965573072,0.012822332791984081,-28.53207778930664
333,0.3333333432674408,51.79802703857422,-0.0007780218729749322,0.012375368736684322,-28.001834869384766
334,0.3343343436717987,51.84197998046875,-0.0007641130359843373,0.01123874168843031,-26.579322814941406
335,0.3353353440761566,51.88597106933594,-0.000762714771553874,0.011126438155770302,-26.422460556030273
336,0.3363363444805145,51.92999267578125,-0.0007630548789165914,0.01109340600669384,-26.354726791381836
337,0.33733734488487244,51.974056243896484,-0.0007676146924495697,0.011512409895658493,-26.85672950744629
338,0.33833834528923035,52.018157958984375,-0.000768066558521241,0.011426466517150402,-26.703847885131836
339,0.33933934569358826,52.06229782104492,-0.0007770555093884468,0.0121470857411623,-27.61361312866211
340,0.34034034609794617,52.106468200683594,-0.0007816810975782573,0.012371412478387356,-27.926998138427734
341,0.3413413465023041,52.15068054199219,-0.000791903876233846,0.013178040273487568,-28.994495391845703
342,0.342342346906662,52.19493103027344,-0.0008028922602534294,0.014073722995817661,-30.1612548828125
343,0.3433433473110199,52.23921585083008,-0.000765326083637774,0.010130003094673157,-25.179317474365234
344,0.3443443477153778,52.283546447753906,-0.0007550268201157451,0.009163519367575645,-23.953632354736328
345,0.3453453481197357,52.327911376953125,-0.0007214481011033058,0.006151184905320406,-19.914377212524414
346,0.34634634852409363,52.372310638427734,-0.0007244700682349503,0.0067774648778140545,-20.82925033569336
347,0.34734734892845154,52.416744232177734,-0.0007214900688268244,0.006818796042352915,-20.90787696838379
348,0.34834834933280945,52.46122360229492,-0.0007230400806292892,0.007326055783778429,-21.58725357055664
349,0.34934934973716736,52.505733489990234,-0.0007287552580237389,0.008135299198329449,-22.64923858642578
350,0.35035035014152527,52.55028533935547,-0.0007492822478525341,0.010085640475153923,-25.237960815429688
351,0.3513513505458832,52.594879150390625,-0.0007477435283362865,0.010197684168815613,-25.343843460083008
352,0.3523523509502411,52.639503479003906,-0.0007513159653171897,0.010769390501081944,-26.061540603637695
353,0.353353351354599,52.68416976928711,-0.0007620869437232614,0.011842108331620693,-27.41710662841797
354,0.3543543517589569,52.72887420654297,-0.0007578619406558573,0.011487367562949657,-26.90533447265625
355,0.3553553521633148,52.77360916137695,-0.0007477222243323922,0.010219533927738667,-25.181957244873047
356,0.35635635256767273,52.81839370727539,-0.000763176940381527,0.011327049694955349,-26.65459442138672
357,0.35735735297203064,52.86320495605469,-0.0007791288662701845,0.012348880060017109,-28.032854080200195
358,0.35835835337638855,52.90806198120117,-0.0007957549532875419,0.013405753299593925,-29.447908401489258
359,0.35935935378074646,52.95295333862305,-0.0007808032678440213,0.011362005025148392,-26.956554412841797
360,0.36036035418510437,52.99788284301758,-0.0007925031241029501,0.012329845689237118,-28.300363540649414
361,0.3613613545894623,53.0428581237793,-0.0007885484374128282,0.01202621590346098,-28.029117584228516
362,0.3623623549938202,53.087860107421875,-0.0007892134599387646,0.012373797595500946,-28.554096221923828
363,0.3633633553981781,53.13290786743164,-0.000768880476243794,0.011055532842874527,-26.922136306762695
364,0.364364355802536,53.1779899597168,-0.0007325497572310269,0.008628243580460548,-23.713945388793945
365,0.3653653562068939,53.223114013671875,-0.0007217135280370712,0.00835734698921442,-23.329479217529297
366,0.36636635661125183,53.268272399902344,-0.0007037848699837923,0.007553527131676674,-22.17352867126465
367,0.36736735701560974,53.31346893310547,-0.000684480182826519,0.006568403448909521,-20.681785583496094
368,0.36836835741996765,53.358707427978516,-0.0006906376220285892,0.007521478459239006,-21.97235679626465
369,0.36936935782432556,53.40398025512695,-0.0006804321892559528,0.006864232011139393,-20.917694091796875
370,0.37037035822868347,53.44929885864258,-0.000697692739777267,0.00873023271560669,-23.518924713134766
371,0.3713713586330414,53.49464797973633,-0.0006928416551090777,0.008363919332623482,-22.866334915161133
372,0.3723723590373993,53.5400390625,-0.0006799930124543607,0.0070296386256814,-20.798093795776367
373,0.3733733594417572,53.58546829223633,-0.000676036230288446,0.006594004109501839,-20.03241539001465
374,0.3743743598461151,53.63093566894531,-0.0006730195018462837,0.006132409907877445,-19.255460739135742
375,0.375375360250473,53.67644500732422,-0.0006735713104717433,0.006274009123444557,-19.351238250732422
376,0.37637636065483093,53.721988677978516,-0.0006687853601761162,0.00627189502120018,-19.26231575012207
377,0.37737736105918884,53.76757049560547,-0.0006438954151235521,0.004016982391476631,-15.772515296936035
378,0.37837836146354675,53.813194274902344,-0.0006316371727734804,0.0032334972638636827,-14.503791809082031
379,0.37937936186790466,53.858856201171875,-0.0006309244781732559,0.0034208111464977264,-14.753009796142578
380,0.3803803622722626,53.9045524597168,-0.000610196846537292,0.0021382682025432587,-12.62286376953125
381,0.3813813626766205,53.950294494628906,-0.000611078750807792,0.002418955322355032,-12.971230506896973
382,0.3823823630809784,53.996070861816406,-0.0006028462667018175,0.0020866673439741135,-12.340533256530762
383,0.3833833634853363,54.04188919067383,-0.000594718789216131,0.0016785763436928391,-11.594064712524414
384,0.3843843936920166,54.08774185180664,-0.0005652961554005742,0.0003451107768341899,-9.246539115905762
385,0.3853853940963745,54.133636474609375,-0.0005861240206286311,0.000989095657132566,-10.378276824951172
386,0.3863863945007324,54.1795654296875,-0.0006143887294456363,0.0021436824463307858,-12.372119903564453
387,0.38738739490509033,54.22554016113281,-0.000631173956207931,0.003155739977955818,-14.056836128234863
388,0.38838839530944824,54.271549224853516,-0.0006194126326590776,0.0017786737298592925,-11.946853637695312
389,0.38938939571380615,54.317596435546875,-0.0005944618606008589,0.0005600822623819113,-10.063084602355957
390,0.39039039611816406,54.363685607910156,-0.0005989688797853887,0.0007409723475575447,-10.544361114501953
391,0.391391396522522,54.40981674194336,-0.000569124415051192,-0.00020969941397197545,-9.087148666381836
392,0.3923923969268799,54.45597839355469,-0.0005481112748384476,-0.0006308640586212277,-8.453326225280762
393,0.3933933973312378,54.502193450927734,-0.0005451284232549369,-0.0004237521206960082,-8.837336540222168
394,0.3943943977355957,54.54843521118164,-0.0005635350244119763,0.0003575757145881653,-10.25265884399414
395,0.3953953981399536,54.59471893310547,-0.0005261473124846816,-0.00035562043194659054,-8.884981155395508
396,0.3963963985443115,54.64104080200195,-0.0005353140877559781,0.00011288798123132437,-9.690101623535156
397,0.39739739894866943,54.68740463256836,-0.0005312318098731339,0.0002640518650878221,-9.850059509277344
398,0.39839839935302734,54.73381042480469,-0.0005367382545955479,0.0006803898722864687,-10.502876281738281
399,0.39939939975738525,54.780250549316406,-0.000566392089240253,0.0021124519407749176,-12.98657512664795
400,0.40040040016174316,54.82673263549805,-0.0005530249909497797,0.0018363292329013348,-12.432604789733887
401,0.4014014005661011,54.87324905395508,-0.0005404021358117461,0.0015640042256563902,-11.846570014953613
402,0.402402400970459,54.91980743408203,-0.0005566873005591333,0.0023900093510746956,-13.289223670959473
403,0.4034034013748169,54.96641540527344,-0.000542878289707005,0.0017828276613727212,-12.107664108276367
404,0.4044044017791748,55.01305389404297,-0.0005585458129644394,0.002488821977749467,-13.366025924682617
405,0.4054054021835327,55.059730529785156,-0.0005796924233436584,0.0037951769772917032,-15.662008285522461
406,0.4064064025878906,55.106449127197266,-0.0006040747393853962,0.006132534239441156,-19.56913948059082
407,0.40740740299224854,55.1532096862793,-0.0006083168555051088,0.006488971412181854,-20.081138610839844
408,0.40840840339660645,55.200008392333984,-0.0005969502963125706,0.00496590556576848,-17.472776412963867
409,0.40940940380096436,55.24684524536133,-0.0005971294012852013,0.0046529872342944145,-16.88627815246582
410,0.41041040420532227,55.293724060058594,-0.000585403642617166,0.0032964074052870274,-14.555675506591797
411,0.4114114046096802,55.340641021728516,-0.000588125316426158,0.0035968744195997715,-15.0336332321167
412,0.4124124050140381,55.38759231567383,-0.0005826463457196951,0.0034093745052814484,-14.707215309143066
413,0.413413405418396,55.43458938598633,-0.0005617428105324507,0.002282964065670967,-12.738916397094727
414,0.4144144058227539,55.481624603271484,-0.0005587037885561585,0.0023853403981775045,-12.930965423583984
415,0.4154154062271118,55.52870178222656,-0.0005804598331451416,0.004291333723813295,-16.304096221923828
416,0.4164164066314697,55.5758171081543,-0.0005835529882460833,0.004964158404618502,-17.449153900146484
417,0.41741740703582764,55.62297439575195,-0.0005901066469959915,0.00624114740639925,-19.544708251953125
418,0.41841840744018555,55.67017364501953,-0.0005905998405069113,0.007084593642503023,-20.78993034362793
419,0.41941940784454346,55.71741485595703,-0.0005913969362154603,0.007823864929378033,-21.903675079345703
420,0.42042040824890137,55.764686584472656,-0.0005905505968257785,0.007943367585539818,-22.031089782714844
421,0.4214214086532593,55.81200408935547,-0.0005910642794333398,0.007927685044705868,-21.980024337768555
422,0.4224224090576172,55.85935592651367,-0.0005932052154093981,0.008016912266612053,-22.107206344604492
423,0.4234234094619751,55.90675735473633,-0.0006003533490002155,0.008651191368699074,-23.155961990356445
424,0.424424409866333,55.954193115234375,-0.0005942648276686668,0.007643116172403097,-21.413482666015625
425,0.4254254102706909,56.00166702270508,-0.0005877456860616803,0.007283411454409361,-20.641258239746094
426,0.42642641067504883,56.04918670654297,-0.0005818384233862162,0.007188864052295685,-20.282482147216797
427,0.42742741107940674,56.096744537353516,-0.0005752171855419874,0.006360718049108982,-18.664819717407227
428,0.42842841148376465,56.14434814453125,-0.0005762336077168584,0.006939605809748173,-19.58877944946289
429,0.42942941188812256,56.191978454589844,-0.0005745260277763009,0.005946527700871229,-17.856130599975586
430,0.43043041229248047,56.239662170410156,-0.0005727824755012989,0.004711775109171867,-15.7615327835083
431,0.4314314126968384,56.287384033203125,-0.0005674972198903561,0.0037242465186864138,-14.122503280639648
432,0.4324324131011963,56.335140228271484,-0.0005674752173945308,0.0046701692044734955,-15.85715389251709
433,0.4334334135055542,56.3829460144043,-0.0005669139209203422,0.005967637989670038,-18.220102310180664
434,0.4344344139099121,56.430782318115234,-0.0005621633608825505,0.0059158653020858765,-18.24626350402832
435,0.43543541431427,56.478668212890625,-0.0005560597637668252,0.005485911387950182,-17.624155044555664
436,0.4364364445209503,56.526588439941406,-0.0005425853305496275,0.004100518301129341,-15.261874198913574
437,0.4374374449253082,56.574554443359375,-0.0005398213397711515,0.004098386503756046,-15.400993347167969
438,0.43843844532966614,56.62255859375,-0.0005445482674986124,0.004709895700216293,-16.650188446044922
439,0.43943944573402405,56.67060089111328,-0.0005370734725147486,0.004039146937429905,-15.539552688598633
440,0.44044044613838196,56.718685150146484,-0.0005139810964465141,0.002441276563331485,-12.575315475463867
441,0.44144144654273987,56.76681137084961,-0.000533835613168776,0.0038803343195468187,-15.366482734680176
442,0.4424424469470978,56.814979553222656,-0.0005312273278832436,0.0038347423542290926,-15.280282974243164
443,0.4434434473514557,56.86318588256836,-0.0005408385186456144,0.004919541534036398,-17.320730209350586
444,0.4444444477558136,56.911434173583984,-0.0005298990290611982,0.004230011720210314,-16.06243133544922
445,0.4454454481601715,56.95972442626953,-0.0005251315305940807,0.004134681075811386,-15.905377388000488
446,0.4464464485645294,57.008056640625,-0.0005336450412869453,0.005117123946547508,-17.74984359741211
447,0.44744744896888733,57.056427001953125,-0.0005407823482528329,0.006018401123583317,-19.37237548828125
448,0.44844844937324524,57.10483932495117,-0.0005164070753380656,0.004304765723645687,-15.991983413696289
449,0.44944944977760315,57.153297424316406,-0.0005011417088098824,0.0034090622793883085,-14.063520431518555
450,0.45045045018196106,57.20178985595703,-0.0004911167779937387,0.0029210285283625126,-12.886537551879883
451,0.45145145058631897,57.25032424926758,-0.0004732560773845762,0.0020566321909427643,-10.944293975830078
452,0.4524524509906769,57.29890060424805,-0.00045604369370266795,0.0012290546437725425,-9.003897666931152
453,0.4534534513950348,57.3475227355957,-0.0004606659058481455,0.0013799465959891677,-9.216890335083008
454,0.4544544517993927,57.396183013916016,-0.00045059388503432274,0.0008144897292368114,-7.88876485824585
455,0.4554554522037506,57.444881439208984,-0.00044368539238348603,0.0003719997184816748,-6.8046793937683105
456,0.4564564526081085,57.49362564086914,-0.0004406082443892956,0.0002051375777227804,-6.22269868850708
457,0.45745745301246643,57.54240417480469,-0.0004249491903465241,-0.0010346221970394254,-3.1439549922943115
458,0.45845845341682434,57.59122848510742,-0.00042166339699178934,-0.0012960686581209302,-2.436392068862915
459,0.45945945382118225,57.640098571777344,-0.000418338953750208,-0.0015565523644909263,-1.8442294597625732
460,0.46046045422554016,57.68900680541992,-0.0004235240339767188,-0.0012735557975247502,-2.6352484226226807
461,0.46146145462989807,57.73795700073242,-0.0004209988983348012,-0.00144765165168792,-2.3212099075317383
462,0.462462455034256,57.786949157714844,-0.0004328406066633761,-0.0006908742361702025,-4.182770252227783
463,0.4634634554386139,57.83598327636719,-0.0004387851513456553,-0.00026995490770787,-5.21649169921875
464,0.4644644558429718,57.88505554199219,-0.00044733277172781527,0.00034003358450718224,-6.738622665405273
465,0.4654654562473297,57.934165954589844,-0.00044648104812949896,0.00028942705830559134,-6.78672456741333
466,0.4664664566516876,57.98332977294922,-0.0004476304748095572,0.00040428797365166247,-7.111248016357422
467,0.46746745705604553,58.03252410888672,-0.000442830118117854,0.00013427399971988052,-6.550724983215332
468,0.46846845746040344,58.08176803588867,-0.00046704348642379045,0.001268806285224855,-9.100534439086914
469,0.46946945786476135,58.131046295166016,-0.00044434069423004985,3.653605017461814e-05,-6.52949333190918
470,0.47047045826911926,58.18037414550781,-0.000456106208730489,0.00033120953594334424,-7.389898777008057
471,0.4714714586734772,58.229740142822266,-0.0004565551644191146,0.00016772805247455835,-7.277924537658691
472,0.4724724590778351,58.27914810180664,-0.00045808558934368193,6.180513446452096e-05,-7.287818431854248
473,0.473473459482193,58.32859802246094,-0.00043861937592737377,-0.0005707049276679754,-6.0289106369018555
474,0.4744744598865509,58.37809371948242,-0.0004502629744820297,-0.00014735224249307066,-6.975323677062988
475,0.4754754602909088,58.42762756347656,-0.0004130273009650409,-0.0010384951019659638,-4.82655143737793
476,0.4764764606952667,58.47719955444336,-0.0004483676457311958,0.00024920175201259553,-7.690219402313232
477,0.47747746109962463,58.52682113647461,-0.0004029808333143592,-0.0009183139191009104,-4.8412885665893555
478,0.47847846150398254,58.57647705078125,-0.00040827790508046746,-0.0004916929756291211,-5.779603004455566
479,0.47947946190834045,58.626182556152344,-0.00038407809915952384,-0.0017379834316670895,-2.5754337310791016
480,0.48048046231269836,58.675926208496094,-0.00040638871723785996,-0.00042491155909374356,-5.770353317260742
481,0.4814814627170563,58.725711822509766,-0.0004042727523483336,-0.0005079223192296922,-5.37425422668457
482,0.4824824631214142,58.775543212890625,-0.00040339870611205697,-0.0005646146601065993,-5.015251636505127
483,0.4834834635257721,58.82541275024414,-0.0003976293373852968,-0.0009508479852229357,-3.891099452972412
484,0.48448446393013,58.875328063964844,-0.0003904624318238348,-0.001525831874459982,-2.3234617710113525
485,0.4854854643344879,58.92528533935547,-0.00037085326039232314,-0.0031060082837939262,1.8808872699737549
486,0.4864864647388458,58.97528076171875,-0.0003796846140176058,-0.002580359810963273,0.6336658596992493
487,0.4874874949455261,59.025325775146484,-0.00038515846244990826,-0.002165053505450487,-0.20659422874450684
488,0.48848849534988403,59.07540512084961,-0.0003969105309806764,-0.0014486925210803747,-1.896338939666748
489,0.48948949575424194,59.12553024291992,-0.0004004801739938557,-0.001230659312568605,-2.390124559402466
490,0.49049049615859985,59.17570114135742,-0.00040472298860549927,-0.0009178253239952028,-3.1464991569519043
491,0.49149149656295776,59.22591781616211,-0.00041430009878240526,-0.00028333929367363453,-4.697699069976807
492,0.4924924969673157,59.27616500854492,-0.00040808177436701953,-0.0004261389549355954,-4.4193196296691895
493,0.4934934973716736,59.32646560668945,-0.0003819284029304981,-0.001736210542730987,-1.192450761795044
494,0.4944944977760315,59.376800537109375,-0.0003841623547486961,-0.0015874078962951899,-1.724039912223816
495,0.4954954981803894,59.427181243896484,-0.00038647977635264397,-0.0015053019160404801,-2.099006175994873
496,0.4964964985847473,59.47761154174805,-0.00037861563032492995,-0.0021830021869391203,-0.4878957271575928
497,0.4974974989891052,59.528072357177734,-0.00038909545401111245,-0.001560086035169661,-2.1804587841033936
498,0.49849849939346313,59.57858657836914,-0.0003874336543958634,-0.0017031572060659528,-1.877762794494629
499,0.49949949979782104,59.62913513183594,-0.00038297034916467965,-0.0020266862120479345,-1.1450011730194092
500,0.500500500202179,59.67972946166992,-0.0003888478968292475,-0.0017446109559386969,-1.9439910650253296
501,0.5015015006065369,59.73036575317383,-0.00038680745637975633,-0.0019299789564684033,-1.5037174224853516
502,0.5025025010108948,59.78105163574219,-0.00038692494854331017,-0.0020640140864998102,-1.1716721057891846
503,0.5035035014152527,59.83177947998047,-0.0004160563403274864,-0.0008228166843764484,-4.245945453643799
504,0.5045045018196106,59.88254165649414,-0.00040085637010633945,-0.0014855480985715985,-2.5818305015563965
505,0.5055055022239685,59.93335723876953,-0.00040405598701909184,-0.0012596057495102286,-3.0628867149353027
506,0.5065065026283264,59.98421096801758,-0.0003952242841478437,-0.0015811959747225046,-2.1619527339935303
507,0.5075075030326843,60.03510665893555,-0.00039301434298977256,-0.0015618331963196397,-2.0859603881835938
508,0.5085085034370422,60.08604431152344,-0.0004184643621556461,-0.00010512585140531883,-5.514555931091309
509,0.5095095038414001,60.13703155517578,-0.00042670409311540425,0.00042267265962436795,-6.694806098937988
510,0.5105105042457581,60.18806076049805,-0.0004226978635415435,0.0002561199071351439,-6.300439357757568
511,0.511511504650116,60.2391242980957,-0.00042040349217131734,0.000253501464612782,-6.283766269683838
512,0.5125125050544739,60.29024124145508,-0.0004093248280696571,-0.0002281431370647624,-5.148508071899414
513,0.5135135054588318,60.341392517089844,-0.0004192073829472065,0.00038851783028803766,-6.61940336227417
514,0.5145145058631897,60.39259719848633,-0.0004001570923719555,-0.0003437530540395528,-4.821980953216553
515,0.5155155062675476,60.44384002685547,-0.00041492906166240573,0.0004514759930316359,-6.790088653564453
516,0.5165165066719055,60.495121002197266,-0.00039405192364938557,-0.00037618231726810336,-4.663176536560059
517,0.5175175070762634,60.54645538330078,-0.00037172826705500484,-0.001518475473858416,-1.5423587560653687
518,0.5185185074806213,60.59783172607422,-0.0003687830176204443,-0.0017035318305715919,-0.9229882955551147
519,0.5195195078849792,60.64924621582031,-0.0003641067014541477,-0.002114560455083847,0.3107035160064697
520,0.5205205082893372,60.700706481933594,-0.00036311938310973346,-0.002270899945870042,0.8484333157539368
521,0.5215215086936951,60.75221252441406,-0.0003618927439674735,-0.002564849331974983,1.700955867767334
522,0.522522509098053,60.80376434326172,-0.00035993955680169165,-0.0034198337234556675,4.049516677856445
523,0.5235235095024109,60.85535430908203,-0.00036373932380229235,-0.002506117569282651,1.492614984512329
524,0.5245245099067688,60.90699005126953,-0.00036682773497886956,-0.0021114926785230637,0.38007229566574097
525,0.5255255103111267,60.95866775512695,-0.00036659918259829283,-0.002144879661500454,0.415571928024292
526,0.5265265107154846,61.01039123535156,-0.00036375480704009533,-0.0024673703592270613,1.2143876552581787
527,0.5275275111198425,61.06216049194336,-0.0003639950882643461,-0.0023939001839607954,0.9248814582824707
528,0.5285285115242004,61.11397171020508,-0.0003586439124774188,-0.0031826819758862257,3.0268757343292236
529,0.5295295119285583,61.165828704833984,-0.0003573502181097865,-0.003869092557579279,4.859822750091553
530,0.5305305123329163,61.21773147583008,-0.00035611007479019463,-0.004229953978210688,5.8501386642456055
531,0.5315315127372742,61.26966857910156,-0.0003597427567001432,-0.005307604093104601,8.928902626037598
532,0.5325325131416321,61.3216552734375,-0.0003610710264183581,-0.005985319148749113,10.910469055175781
533,0.53353351354599,61.373695373535156,-0.0003526259388308972,-0.008015438914299011,16.684473037719727
534,0.5345345139503479,61.4257698059082,-0.00035363255301490426,-0.0077011059038341045,15.884984970092773
535,0.5355355143547058,61.47788619995117,-0.0003561788471415639,-0.007500060368329287,15.433401107788086
536,0.5365365147590637,61.530052185058594,-0.00035964674316346645,-0.007148178294301033,14.540722846984863
537,0.5375375151634216,61.5822639465332,-0.00036331071169115603,-0.007132991682738066,14.581196784973145
538,0.5385385155677795,61.63451385498047,-0.0003666371922008693,-0.006821788847446442,13.835448265075684
539,0.5395395755767822,61.68681716918945,-0.0003670971200335771,-0.006673801690340042,13.471257209777832
540,0.5405405759811401,61.73915481567383,-0.0003624691744334996,-0.005824672989547253,11.114799499511719
541,0.541541576385498,61.791542053222656,-0.000366625317838043,-0.006901146378368139,14.066543579101562
542,0.542542576789856,61.843971252441406,-0.00036662124330177903,-0.0073380498215556145,15.29818058013916
543,0.5435435771942139,61.89645004272461,-0.0003683117392938584,-0.007088016252964735,14.663053512573242
544,0.5445445775985718,61.94896697998047,-0.00036835003993473947,-0.006543613504618406,13.206624984741211
545,0.5455455780029297,62.001529693603516,-0.00036536893458105624,-0.006115215830504894,12.063533782958984
546,0.5465465784072876,62.05413818359375,-0.00035546798608265817,-0.005379965994507074,10.014518737792969
547,0.5475475788116455,62.10679244995117,-0.00034293701173737645,-0.004595016594976187,7.763345718383789
548,0.5485485792160034,62.159488677978516,-0.00034053929266519845,-0.004435248207300901,7.291390895843506
549,0.5495495796203613,62.21223068237305,-0.00034022139152511954,-0.004274161998182535,6.8166399002075195
550,0.5505505800247192,62.26502227783203,-0.00034802407026290894,-0.004838825669139624,8.51870346069336
551,0.5515515804290771,62.31785202026367,-0.0003460741718299687,-0.004130910616368055,6.58552885055542
552,0.5525525808334351,62.3707275390625,-0.00035122164990752935,-0.002975235227495432,3.4335081577301025
553,0.553553581237793,62.42365264892578,-0.0003508816589601338,-0.003326434874907136,4.666053295135498
554,0.5545545816421509,62.476619720458984,-0.0003526960499584675,-0.003246986074373126,4.623956680297852
555,0.5555555820465088,62.52962875366211,-0.00035625294549390674,-0.002691616304218769,3.175198554992676
556,0.5565565824508667,62.58268737792969,-0.0003626477555371821,-0.001939138863235712,1.1083741188049316
557,0.5575575828552246,62.63578796386719,-0.0003690759767778218,-0.001298530027270317,-0.7000724673271179
558,0.5585585832595825,62.688934326171875,-0.00036197813460603356,-0.0016072586877271533,0.0453525185585022
559,0.5595595836639404,62.74212646484375,-0.000360767386155203,-0.001434182282537222,-0.6036791801452637
560,0.5605605840682983,62.79536437988281,-0.00034931866684928536,-0.0023613255470991135,1.7582569122314453
561,0.5615615844726562,62.8486442565918,-0.00035024795215576887,-0.0019271377241238952,0.3499909043312073
562,0.5625625848770142,62.901973724365234,-0.0003449370851740241,-0.002192559652030468,1.0125694274902344
563,0.5635635852813721,62.955345153808594,-0.0003413449157960713,-0.0021622481290251017,0.910068154335022
564,0.56456458568573,63.008766174316406,-0.0003345077857375145,-0.0026598875410854816,2.393618583679199
565,0.5655655860900879,63.062225341796875,-0.00033250381238758564,-0.0026168744079768658,2.328929901123047
566,0.5665665864944458,63.11573791503906,-0.0003301087999716401,-0.0027450979687273502,2.8710079193115234
567,0.5675675868988037,63.16929244995117,-0.0003291768080089241,-0.002816162770614028,3.2851972579956055
568,0.5685685873031616,63.2228889465332,-0.0003323935088701546,-0.002345138229429722,2.069225311279297
569,0.5695695877075195,63.27653503417969,-0.0003367929602973163,-0.0021517772693187,1.6268197298049927
570,0.5705705881118774,63.33022689819336,-0.000337317178491503,-0.0027088401839137077,3.338014841079712
571,0.5715715885162354,63.38396072387695,-0.000343356718076393,-0.0028228110168129206,3.668850898742676
572,0.5725725889205933,63.437744140625,-0.00035203166771680117,-0.002174904104322195,1.8135136365890503
573,0.5735735893249512,63.4915657043457,-0.0003687337157316506,-0.0008666699286550283,-1.8153969049453735
574,0.5745745897293091,63.545440673828125,-0.0003716417704708874,-0.0007726867333985865,-2.1289496421813965
575,0.575575590133667,63.599361419677734,-0.00036874605575576425,-0.0012960543390363455,-0.7897976636886597
576,0.5765765905380249,63.65332794189453,-0.00037217611679807305,-0.001071786624379456,-1.4449553489685059
577,0.5775775909423828,63.707332611083984,-0.0003708459553308785,-0.0013145069824531674,-0.8320391178131104
578,0.5785785913467407,63.761390686035156,-0.00037884386256337166,-0.0003346747544128448,-3.48028302192688
579,0.5795795917510986,63.815494537353516,-0.00037791667273268104,-0.00038526151911355555,-3.3472089767456055
580,0.5805805921554565,63.8696403503418,-0.0003615684690885246,-0.0021319142542779446,1.4136284589767456
581,0.5815815925598145,63.92383575439453,-0.00035861582728102803,-0.002299385378137231,1.9530541896820068
582,0.5825825929641724,63.97807693481445,-0.00034789537312462926,-0.0034403009340167046,5.338776111602783
583,0.5835835933685303,64.03236389160156,-0.00034690392203629017,-0.003940256778150797,6.905219554901123
584,0.5845845937728882,64.0866928100586,-0.00034870937815867364,-0.0037336901295930147,6.3696489334106445
585,0.5855855941772461,64.14107513427734,-0.00035131050390191376,-0.00320293172262609,4.854297637939453
586,0.586586594581604,64.19549560546875,-0.0003511859104037285,-0.0038125186692923307,6.569044589996338
587,0.5875875949859619,64.24996948242188,-0.0003514154814183712,-0.003361491719260812,5.281589031219482
588,0.5885885953903198,64.30448150634766,-0.00034871799289248884,-0.003846813226118684,6.660002708435059
589,0.5895895957946777,64.35903930664062,-0.0003491785901132971,-0.0029791875276714563,4.15696382522583
590,0.5905905961990356,64.41365814208984,-0.0003430641663726419,-0.003490941831842065,5.611541748046875
591,0.5915915966033936,64.46830749511719,-0.00033836980583146214,-0.004643584601581097,8.980148315429688
592,0.5925925970077515,64.52301025390625,-0.0003361626877449453,-0.0034498523455113173,5.494085788726807
593,0.5935935974121094,64.5777587890625,-0.00034742546267807484,-0.0021273542661219835,1.74391770362854
594,0.5945945978164673,64.63255310058594,-0.00034015608252957463,-0.002512868959456682,2.957742214202881
595,0.5955955982208252,64.68739318847656,-0.00033429713221266866,-0.003059239126741886,4.640972137451172
596,0.5965965986251831,64.74227905273438,-0.0003417741972953081,-0.0024883588775992393,2.9752328395843506
597,0.597597599029541,64.7972183227539,-0.0003434389072936028,-0.0023553853388875723,2.618893623352051
598,0.5985985994338989,64.8521957397461,-0.000352868577465415,-0.001426846138201654,-0.059589684009552
599,0.5995995998382568,64.9072265625,-0.0003493956755846739,-0.0013673861976712942,-0.35655808448791504
600,0.6006006002426147,64.96229553222656,-0.00033162685576826334,-0.0022488466929644346,2.161682605743408
601,0.6016016006469727,65.01741790771484,-0.00032845305395312607,-0.002638713689520955,3.2497267723083496
602,0.6026026010513306,65.07258605957031,-0.00034997559851035476,-0.0015897894045338035,0.026032328605651855
603,0.6036036014556885,65.12779998779297,-0.0003564560320228338,-0.0013804007321596146,-0.6151413917541504
604,0.6046046018600464,65.18305969238281,-0.0003424238529987633,-0.002514594467356801,2.6416029930114746
605,0.6056056022644043,65.23836517333984,-0.0003597423783503473,-0.0012674949830397964,-0.8431509137153625
606,0.6066066026687622,65.2937240600586,-0.0003530860412865877,-0.0016067043179646134,0.15229535102844238
607,0.6076076030731201,65.34912872314453,-0.0003607486141845584,-0.000805001996923238,-2.0679149627685547
608,0.608608603477478,65.40457916259766,-0.00037703581620007753,0.0008081413106992841,-6.457912445068359
609,0.6096096038818359,65.46007537841797,-0.00038135380600579083,0.0015210181009024382,-8.352526664733887
610,0.6106106042861938,65.51561737060547,-0.000377182150259614,0.0012338614324107766,-7.597329616546631
611,0.6116116046905518,65.57120513916016,-0.0003732461482286453,0.0011066546430811286,-7.228492736816406
612,0.6126126050949097,65.62684631347656,-0.0003578869509510696,-4.2156167182838544e-05,-4.047661304473877
613,0.6136136054992676,65.68252563476562,-0.00033618335146456957,-0.001387149328365922,-0.15107673406600952
614,0.6146146059036255,65.7382583618164,-0.0003381843271199614,-0.0012105325004085898,-0.6929550170898438
615,0.6156156063079834,65.79403686523438,-0.00036378190270625055,0.00014971164637245238,-4.5927581787109375
616,0.6166166067123413,65.84986877441406,-0.000374020601157099,0.0006228573620319366,-5.881433963775635
617,0.6176176071166992,65.9057388305664,-0.000379965640604496,0.0009313658811151981,-6.721530437469482
618,0.6186186075210571,65.96166229248047,-0.00038495264016091824,0.0013537362683564425,-7.8127360343933105
619,0.619619607925415,66.01763153076172,-0.00039241157355718315,0.002483692253008485,-10.71270751953125
620,0.620620608329773,66.07364654541016,-0.00039326446130871773,0.003058376256376505,-12.224746704101562
621,0.6216216087341309,66.12971496582031,-0.0003877611889038235,0.002217825734987855,-10.133834838867188
622,0.6226226091384888,66.18582916259766,-0.0003867202321998775,0.0021513919346034527,-9.99755859375
623,0.6236236095428467,66.24198150634766,-0.0003862478770315647,0.002103799721226096,-9.872753143310547
624,0.6246246099472046,66.29818725585938,-0.0003877042036037892,0.0023351996205747128,-10.429365158081055
625,0.6256256103515625,66.35443878173828,-0.00038091177702881396,0.0016852610278874636,-8.677290916442871
626,0.6266266107559204,66.4107437133789,-0.00037296494701877236,0.0010825827484950423,-7.05573034286499
627,0.6276276111602783,66.46709442138672,-0.0003615461173467338,0.00042892206693068147,-5.267376899719238
628,0.6286286115646362,66.52349090576172,-0.0003277595096733421,-0.0013942985096946359,0.04575085639953613
629,0.6296296119689941,66.57994079589844,-0.0003322226693853736,-0.0010965287219733,-0.7801637649536133
630,0.630630612373352,66.63642883300781,-0.00034042022889479995,-0.0006133848801255226,-2.1115946769714355
631,0.63163161277771,66.6929702758789,-0.00033303379314020276,-0.0010460623307153583,-0.7289321422576904
632,0.6326326131820679,66.74955749511719,-0.0003370082995388657,-0.0007863960927352309,-1.420186161994934
633,0.6336336135864258,66.80619812011719,-0.0003313337219879031,-0.0012582438066601753,0.05122542381286621
634,0.6346346139907837,66.86288452148438,-0.00032810965785756707,-0.0017138165421783924,1.418257236480713
635,0.6356356143951416,66.91961669921875,-0.00033820554381236434,-0.000829990254715085,-1.2995026111602783
636,0.6366366147994995,66.97640228271484,-0.00033018176327459514,-0.0017127273604273796,1.2756931781768799
637,0.6376376152038574,67.0332260131836,-0.0003335231449455023,-0.0013053095899522305,-0.062385499477386475
638,0.6386386156082153,67.0901107788086,-0.0003296619397588074,-0.0016524685779586434,0.8367927074432373
639,0.6396396160125732,67.14703369140625,-0.00032857118640094995,-0.0015276073245331645,0.31763529777526855
640,0.6406406164169312,67.20401000976562,-0.00033045734744518995,-0.0011723064817488194,-0.8630917072296143
641,0.6416416764259338,67.26103210449219,-0.00033761945087462664,-0.0005737311439588666,-2.7100830078125
642,0.6426426768302917,67.31810760498047,-0.000331991002894938,-0.0009067830396816134,-1.6795613765716553
643,0.6436436772346497,67.37522888183594,-0.00032872415613383055,-0.001034674933180213,-1.1518326997756958
644,0.6446446776390076,67.4323959350586,-0.00033553660614416003,-0.0004945102264173329,-2.578840494155884
645,0.6456456780433655,67.48960876464844,-0.0003408833872526884,-1.7851514712674543e-05,-3.776261329650879
646,0.6466466784477234,67.546875,-0.0003210360591765493,-0.0013763910392299294,0.4883175194263458
647,0.6476476788520813,67.60418701171875,-0.0003215797187294811,-0.0011951624182984233,0.016204357147216797
648,0.6486486792564392,67.66155242919922,-0.0003407002077437937,0.0003842076112050563,-4.724761962890625
649,0.6496496796607971,67.71896362304688,-0.0003459855797700584,0.000910283881239593,-6.303286552429199
650,0.650650680065155,67.77642822265625,-0.000343964493367821,0.000796668347902596,-6.042598247528076
651,0.6516516804695129,67.83393859863281,-0.00035515124909579754,0.0016919005429372191,-8.761073112487793
652,0.6526526808738708,67.89148712158203,-0.0003671972663141787,0.002890251809731126,-12.27418327331543
653,0.6536536812782288,67.9490966796875,-0.00036990793887525797,0.002989082131534815,-12.708702087402344
654,0.6546546816825867,68.00675201416016,-0.0003613040316849947,0.0018910951912403107,-9.791973114013672
655,0.6556556820869446,68.064453125,-0.00036244760849513113,0.002213689498603344,-10.603835105895996
656,0.6566566824913025,68.1222152709961,-0.00036224682116881013,0.0023811154533177614,-10.965300559997559
657,0.6576576828956604,68.18000793457031,-0.0003652985906228423,0.003089416306465864,-12.784921646118164
658,0.6586586833000183,68.23786163330078,-0.00036337063647806644,0.0030004912987351418,-12.39667797088623
659,0.6596596837043762,68.29576110839844,-0.0003663657698780298,0.004829231183975935,-17.269683837890625
660,0.6606606841087341,68.35371398925781,-0.00036147149512544274,0.004190843552350998,-15.426345825195312
661,0.661661684513092,68.41171264648438,-0.00035339215537533164,0.0028856454882770777,-11.654777526855469
662,0.66266268491745,68.46975708007812,-0.00034643191611394286,0.0020941649563610554,-9.275156021118164
663,0.6636636853218079,68.5278549194336,-0.00034747051540762186,0.0024043580051511526,-10.076875686645508
664,0.6646646857261658,68.58599853515625,-0.0003529718960635364,0.0036247852258384228,-13.484957695007324
665,0.6656656861305237,68.64419555664062,-0.0003542342456057668,0.0033640898764133453,-12.699214935302734
666,0.6666666865348816,68.70243835449219,-0.0003578613686840981,0.003668640973046422,-13.537216186523438
667,0.6676676869392395,68.76073455810547,-0.00036061101127415895,0.0036565191112458706,-13.52932071685791
668,0.6686686873435974,68.81907653808594,-0.00036246038507670164,0.00439482880756259,-15.624743461608887
669,0.6696696877479553,68.87747192382812,-0.00036322438973002136,0.004100440070033073,-14.896293640136719
670,0.6706706881523132,68.9359130859375,-0.00036235424340702593,0.003327795770019293,-12.874719619750977
671,0.6716716885566711,68.9944076538086,-0.00036313978489488363,0.0048591336235404015,-17.21575927734375
672,0.672672688961029,69.05294799804688,-0.0003644459357019514,0.00601480295881629,-20.582534790039062
673,0.673673689365387,69.11154174804688,-0.0003642140072770417,0.005735828075557947,-20.034833908081055
674,0.6746746897697449,69.17018127441406,-0.000364384992280975,0.00586655642837286,-20.615615844726562
675,0.6756756901741028,69.22887420654297,-0.0003621412324719131,0.005754165351390839,-20.50603675842285
676,0.6766766905784607,69.2876205444336,-0.00035921784001402557,0.005505328066647053,-19.885971069335938
677,0.6776776909828186,69.34640502929688,-0.00035709457006305456,0.0051672086119651794,-18.93883514404297
678,0.6786786913871765,69.4052505493164,-0.0003556714509613812,0.004852739162743092,-18.000732421875
679,0.6796796917915344,69.4641342163086,-0.0003512046532705426,0.0035669670905917883,-14.274114608764648
680,0.6806806921958923,69.52307891845703,-0.0003527419758029282,0.004613460972905159,-17.159862518310547
681,0.6816816926002502,69.58206939697266,-0.0003481171152088791,0.0037780709099024534,-14.751994132995605
682,0.6826826930046082,69.64111328125,-0.00034341582795605063,0.003296572482213378,-13.318435668945312
683,0.6836836934089661,69.7001953125,-0.0003415894752833992,0.0033026505261659622,-13.271406173706055
684,0.684684693813324,69.75934600830078,-0.00034384254831820726,0.004111575894057751,-15.553560256958008
685,0.6856856942176819,69.81852722167969,-0.00034561631036922336,0.003986970987170935,-15.060449600219727
686,0.6866866946220398,69.87776947021484,-0.00034872483229264617,0.0037889049854129553,-14.340600967407227
687,0.6876876950263977,69.93706512451172,-0.0003499083686619997,0.0027112378738820553,-11.171087265014648
688,0.6886886954307556,69.99640655517578,-0.0003467709757387638,0.0016437555896118283,-8.118169784545898
689,0.6896896958351135,70.05580139160156,-0.00035124007263220847,0.0021163548808544874,-9.47972297668457
690,0.6906906962394714,70.11524200439453,-0.00035226476029492915,0.0025001049507409334,-10.563777923583984
691,0.6916916966438293,70.17473602294922,-0.0003479628649074584,0.002110465196892619,-9.450114250183105
692,0.6926926970481873,70.23428344726562,-0.00034194925683550537,0.0016054627485573292,-7.976830959320068
693,0.6936936974525452,70.29387664794922,-0.00032887712586671114,0.0006147563108243048,-5.008392810821533
694,0.6946946978569031,70.353515625,-0.0003392350045032799,0.00159338244702667,-7.956057548522949
695,0.695695698261261,70.41321563720703,-0.0003308741725049913,0.0010448249522596598,-6.31210470199585
696,0.6966966986656189,70.47296142578125,-0.0003310591564513743,0.0014250557869672775,-7.412364959716797
697,0.6976976990699768,70.53276062011719,-0.0003315446083433926,0.0018251120345667005,-8.625532150268555
698,0.6986986994743347,70.59259796142578,-0.00032668537460267544,0.001169033581390977,-6.686062812805176
699,0.6996996998786926,70.65249633789062,-0.0003131633857265115,-0.00033866605372168124,-2.071810245513916
700,0.7007007002830505,70.71244812011719,-0.00031005876371636987,-0.0007142409449443221,-0.9856283664703369
701,0.7017017006874084,70.77244567871094,-0.0003259407531004399,0.00045152881648391485,-4.74405574798584
702,0.7027027010917664,70.83250427246094,-0.0003250838490203023,0.00025681889383122325,-4.227113246917725
703,0.7037037014961243,70.8926010131836,-0.0003023036406375468,-0.0014353188453242183,1.1084450483322144
704,0.7047047019004822,70.95275115966797,-0.00030952837551012635,-0.000865961832460016,-0.6999514102935791
705,0.7057057023048401,71.0129623413086,-0.000300583487842232,-0.0014364575035870075,1.3112704753875732
706,0.706706702709198,71.07321166992188,-0.0002996844705194235,-0.0012997743906453252,1.0376543998718262
707,0.7077077031135559,71.1335220336914,-0.0003050072118639946,-0.00048788104322738945,-1.4825313091278076
708,0.7087087035179138,71.19387817382812,-0.00029406239627860487,-0.0013153632171452045,1.4145326614379883
709,0.7097097039222717,71.25428771972656,-0.0002927040040958673,-0.001238470897078514,1.2173428535461426
710,0.7107107043266296,71.31475067138672,-0.0002901875996030867,-0.0014515520306304097,1.9336614608764648
711,0.7117117047309875,71.37525939941406,-0.00029975268989801407,-0.00014875884517095983,-2.529341220855713
712,0.7127127051353455,71.4358139038086,-0.00029615071252919734,-0.0005360126961022615,-1.1960442066192627
713,0.7137137055397034,71.4964370727539,-0.00029566491139121354,-0.0006307754665613174,-0.7736616134643555
714,0.7147147059440613,71.55709838867188,-0.0003082561306655407,0.000712862703949213,-5.139169216156006
715,0.7157157063484192,71.61781311035156,-0.0003199561033397913,0.00202529551461339,-9.21456527709961
716,0.7167167067527771,71.67858123779297,-0.00031247077276930213,0.0007268029148690403,-5.013031959533691
717,0.717717707157135,71.7394027709961,-0.000321058469126001,0.0019481563940644264,-8.845640182495117
718,0.7187187075614929,71.8002700805664,-0.0003244933031965047,0.002363787963986397,-10.190840721130371
719,0.7197197079658508,71.86119842529297,-0.00032540952088311315,0.0018314437475055456,-8.673441886901855
720,0.7207207083702087,71.92217254638672,-0.000324065302265808,0.0012369401520118117,-6.975682258605957
721,0.7217217087745667,71.98320007324219,-0.0003309985331725329,0.002184640383347869,-9.95048713684082
722,0.7227227091789246,72.04427337646484,-0.00032959500094875693,0.001696825958788395,-8.546920776367188
723,0.7237237095832825,72.10540771484375,-0.0003204880631528795,0.00044615325168706477,-4.8009748458862305
724,0.7247247099876404,72.16658782958984,-0.00032850398565642536,0.0011975844390690327,-7.185417175292969
725,0.7257257103919983,72.22782135009766,-0.0003337753878440708,0.002198479836806655,-10.208635330200195
726,0.7267267107963562,72.28910827636719,-0.00033105045440606773,0.0038202418945729733,-15.064223289489746
727,0.7277277112007141,72.3504409790039,-0.0003288627485744655,0.0029118263628333807,-12.277413368225098
728,0.728728711605072,72.41183471679688,-0.0003235802287235856,0.0033614381682127714,-13.600610733032227
729,0.7297297120094299,72.47327423095703,-0.0003134033177047968,0.0047803763300180435,-18.047677993774414
730,0.7307307124137878,72.53477478027344,-0.0003103084454778582,0.004677067045122385,-17.72628402709961
731,0.7317317128181458,72.59632110595703,-0.00030889708432368934,0.004706887062638998,-17.825403213500977
732,0.7327327132225037,72.65791320800781,-0.0003089049132540822,0.00465564476326108,-17.658771514892578
733,0.7337337136268616,72.71956634521484,-0.0003078368026763201,0.005653952714055777,-20.82670783996582
734,0.7347347140312195,72.78126525878906,-0.0003091720282100141,0.005529772024601698,-20.309785842895508
735,0.7357357144355774,72.84302520751953,-0.0003100114408880472,0.005903975572437048,-21.393112182617188
736,0.7367367148399353,72.90483093261719,-0.0003102704358752817,0.007259737234562635,-25.63343048095703
737,0.7377377152442932,72.96669006347656,-0.00031305503216572106,0.006787849124521017,-23.997943878173828
738,0.7387387156486511,73.02860260009766,-0.0003137927269563079,0.008069703355431557,-28.059162139892578
739,0.739739716053009,73.09056854248047,-0.0003150624979753047,0.008756214752793312,-30.274288177490234
740,0.7407407164573669,73.152587890625,-0.0003145617956761271,0.008223711512982845,-28.684289932250977
741,0.7417417168617249,73.21465301513672,-0.00031474122079089284,0.008721388876438141,-30.38356590270996
742,0.7427427172660828,73.27677917480469,-0.00031332243815995753,0.007751279044896364,-27.444808959960938
743,0.7437437772750854,73.33895874023438,-0.00031384621979668736,0.008210677653551102,-29.065732955932617
744,0.7447447776794434,73.40119171142578,-0.0003126012743450701,0.0076986635103821754,-27.55712127685547
745,0.7457457780838013,73.46347045898438,-0.00031489547109231353,0.008559356443583965,-30.360742568969727
746,0.7467467784881592,73.52580261230469,-0.00031699740793555975,0.009160361252725124,-32.24988555908203
747,0.7477477788925171,73.58819580078125,-0.00031879686866886914,0.009870341047644615,-34.475830078125
748,0.748748779296875,73.65062713623047,-0.0003161582862958312,0.009316173382103443,-32.77595138549805
749,0.7497497797012329,73.71311950683594,-0.00031580604263581336,0.009291356429457664,-32.76203536987305
750,0.7507507801055908,73.77567291259766,-0.00031626527197659016,0.00918928999453783,-32.47066879272461
751,0.7517517805099487,73.83826446533203,-0.00031382020097225904,0.007912790402770042,-28.45000457763672
752,0.7527527809143066,73.90092468261719,-0.0003182005020789802,0.00851004384458065,-30.37128448486328
753,0.7537537813186646,73.963623046875,-0.0003205447574146092,0.008469740860164165,-30.296253204345703
754,0.7547547817230225,74.02638244628906,-0.0003146764647681266,0.00663809385150671,-24.635826110839844
755,0.7557557821273804,74.08919525146484,-0.0003109523095190525,0.005666831508278847,-21.66497802734375
756,0.7567567825317383,74.15206146240234,-0.000308919174131006,0.005870535038411617,-22.43314552307129
757,0.7577577829360962,74.21498107910156,-0.0003063941258005798,0.00583941163495183,-22.409717559814453
758,0.7587587833404541,74.2779541015625,-0.0003078891895711422,0.0073178913444280624,-27.28499412536621
759,0.759759783744812,74.34097290039062,-0.0003070578968618065,0.007567595690488815,-28.131656646728516
760,0.7607607841491699,74.404052734375,-0.0003059343434870243,0.007637252565473318,-28.333295822143555
761,0.7617617845535278,74.4671859741211,-0.00030531856464222074,0.007903181947767735,-29.162397384643555
762,0.7627627849578857,74.53038024902344,-0.00030072801746428013,0.007236719597131014,-26.884197235107422
763,0.7637637853622437,74.59361267089844,-0.0002963297301903367,0.006377855781465769,-23.939048767089844
764,0.7647647857666016,74.65690612792969,-0.00030032318318262696,0.007667426951229572,-28.22418785095215
765,0.7657657861709595,74.72025299072266,-0.0003016149566974491,0.008001938462257385,-29.313650131225586
766,0.7667667865753174,74.78365325927734,-0.00029931560857221484,0.00737987644970417,-27.217872619628906
767,0.7677677869796753,74.84710693359375,-0.00030297518242150545,0.008395793847739697,-30.637916564941406
768,0.7687687873840332,74.91061401367188,-0.00030279249767772853,0.008703834377229214,-31.765636444091797
769,0.7697697877883911,74.97418212890625,-0.0002987051848322153,0.007816238328814507,-28.904865264892578
770,0.770770788192749,75.03779602050781,-0.0003034204710274935,0.008967823348939419,-32.7987174987793
771,0.7717717885971069,75.1014633178711,-0.00029927067225798965,0.007569793611764908,-28.185583114624023
772,0.7727727890014648,75.1651840209961,-0.0003017137642018497,0.007953732274472713,-29.46349334716797
773,0.7737737894058228,75.22896575927734,-0.0003034794353879988,0.007939216680824757,-29.345775604248047
774,0.7747747898101807,75.29280090332031,-0.00030309322755783796,0.00763717433437705,-28.318696975708008
775,0.7757757902145386,75.35668182373047,-0.000299726496450603,0.006795257795602083,-25.494474411010742
776,0.7767767906188965,75.42062377929688,-0.0002979707205668092,0.006590762175619602,-24.747716903686523
777,0.7777777910232544,75.484619140625,-0.00029769554384984076,0.0068563795648515224,-25.532100677490234
778,0.7787787914276123,75.54866790771484,-0.0002981299185194075,0.007411316502839327,-27.300622940063477
779,0.7797797918319702,75.6127700805664,-0.00029341602930799127,0.006312484387308359,-23.47122573852539
780,0.7807807922363281,75.67693328857422,-0.0002933172509074211,0.006255970802158117,-23.15374183654785
781,0.781781792640686,75.74114227294922,-0.00029330223333090544,0.005609890446066856,-20.885766983032227
782,0.782782793045044,75.80540466308594,-0.00029509022715501487,0.0053567541763186455,-20.030681610107422
783,0.7837837934494019,75.8697280883789,-0.0002983091399073601,0.004573503974825144,-17.463272094726562
784,0.7847847938537598,75.9341049194336,-0.0003006125334650278,0.0039246524684131145,-15.45457649230957
785,0.7857857942581177,75.99853515625,-0.00030153788975439966,0.0033352221362292767,-13.640583038330078
786,0.7867867946624756,76.06301879882812,-0.00030148238874971867,0.002936151111498475,-12.436619758605957
787,0.7877877950668335,76.1275634765625,-0.0003025815822184086,0.0034214456100016832,-14.143075942993164
788,0.7887887954711914,76.19215393066406,-0.0003017350099980831,0.003080713329836726,-13.091730117797852
789,0.7897897958755493,76.25680541992188,-0.00029986456502228975,0.0027139263693243265,-11.923324584960938
790,0.7907907962799072,76.3215103149414,-0.00029888207791373134,0.003210947383195162,-13.634300231933594
791,0.7917917966842651,76.38626861572266,-0.0002969892229884863,0.004142842721194029,-16.80634307861328
792,0.792792797088623,76.45108032226562,-0.00029630775679834187,0.005370751954615116,-21.00395393371582
793,0.793793797492981,76.51595306396484,-0.0002949004410766065,0.004955839365720749,-19.62586784362793
794,0.7947947978973389,76.58087921142578,-0.00029490634915418923,0.005155760794878006,-20.341833114624023
795,0.7957957983016968,76.64585876464844,-0.000295173900667578,0.004989825189113617,-19.808826446533203
796,0.7967967987060547,76.71089172363281,-0.00029565655859187245,0.005101295653730631,-20.22623634338379
797,0.7977977991104126,76.7759780883789,-0.00029582969727925956,0.005505567882210016,-21.637800216674805
798,0.7987987995147705,76.84112548828125,-0.0002961180289275944,0.007221549283713102,-27.51485824584961
799,0.7997997999191284,76.90632629394531,-0.0002948289620690048,0.007667834404855967,-29.167522430419922
800,0.8008008003234863,76.97157287597656,-0.0002928288304246962,0.007346161175519228,-28.237462997436523
801,0.8018018007278442,77.03689575195312,-0.0002917326055467129,0.0073641943745315075,-28.48821449279785
802,0.8028028011322021,77.10225677490234,-0.00029304518830031157,0.008482380770146847,-32.50975799560547
803,0.8038038015365601,77.16767883300781,-0.00029351277044042945,0.00842924602329731,-32.53632736206055
804,0.804804801940918,77.233154296875,-0.00029208106570877135,0.007275028619915247,-28.78101348876953
805,0.8058058023452759,77.29869079589844,-0.0002860227832570672,0.005236053839325905,-21.86629295349121
806,0.8068068027496338,77.36427307128906,-0.00028356059920042753,0.004781719297170639,-20.334646224975586
807,0.8078078031539917,77.42991638183594,-0.00028223026311025023,0.00476877624168992,-20.269561767578125
808,0.8088088035583496,77.49562072753906,-0.0002774944878183305,0.004055812023580074,-17.621774673461914
809,0.8098098039627075,77.56137084960938,-0.00027623254572972655,0.004270595032721758,-18.26578712463379
810,0.8108108043670654,77.62718963623047,-0.00027401093393564224,0.004207076039165258,-17.89144515991211
811,0.8118118047714233,77.69306182861328,-0.0002710567496251315,0.003415024606510997,-14.853528022766113
812,0.8128128051757812,77.75897979736328,-0.0002712594869080931,0.0033150825183838606,-14.399374961853027
813,0.8138138055801392,77.82495880126953,-0.00027354597114026546,0.0040389313362538815,-16.978778839111328
814,0.8148148059844971,77.8909912109375,-0.00027483428129926324,0.00364970532245934,-15.497268676757812
815,0.815815806388855,77.95708465576172,-0.0002770614519249648,0.004497261717915535,-18.51019287109375
816,0.8168168067932129,78.02323150634766,-0.00027939825667999685,0.004240731243044138,-17.52964973449707
817,0.8178178071975708,78.08943176269531,-0.00028008443769067526,0.004823433235287666,-19.53069496154785
818,0.8188188076019287,78.15569305419922,-0.00028178864158689976,0.004122699610888958,-16.947181701660156
819,0.8198198080062866,78.22200775146484,-0.000281440035905689,0.0038644939195364714,-15.966280937194824
820,0.8208208084106445,78.28837585449219,-0.0002802622620947659,0.004239881876856089,-17.233922958374023
821,0.8218218088150024,78.35481262207031,-0.0002808539429679513,0.0041524916887283325,-16.855754852294922
822,0.8228228092193604,78.4212875366211,-0.00027833390049636364,0.004970809910446405,-19.734619140625
823,0.8238238096237183,78.48783874511719,-0.00028422928880900145,0.003646264551207423,-15.005302429199219
824,0.8248248100280762,78.55442810058594,-0.0002821222587954253,0.004768994636833668,-18.96639633178711
825,0.8258258104324341,78.62108612060547,-0.00028252796619199216,0.004821072798222303,-19.195457458496094
826,0.826826810836792,78.68779754638672,-0.00028090213891118765,0.005463136360049248,-21.504291534423828
827,0.8278278112411499,78.75455474853516,-0.0002809246943797916,0.005738996900618076,-22.51903533935547
828,0.8288288116455078,78.82138061523438,-0.0002810100850183517,0.005506688728928566,-21.81209945678711
829,0.8298298120498657,78.88825988769531,-0.0002785259857773781,0.006371358875185251,-25.11809539794922
830,0.8308308124542236,78.9552001953125,-0.00027683793450705707,0.007183626294136047,-28.2272891998291
831,0.8318318128585815,79.02220153808594,-0.00027837156085297465,0.005564586725085974,-22.510648727416992
832,0.8328328132629395,79.08924865722656,-0.00027668869006447494,0.004607904702425003,-19.182729721069336
833,0.8338338136672974,79.15635681152344,-0.0002740159397944808,0.004101159051060677,-17.401426315307617
834,0.8348348140716553,79.22352600097656,-0.0002710366970859468,0.003811732865869999,-16.36895751953125
835,0.8358358144760132,79.29074096679688,-0.00026938196970149875,0.004149339627474546,-17.657865524291992
836,0.8368368148803711,79.35801696777344,-0.00026681783492676914,0.003935042303055525,-16.896623611450195
837,0.837837815284729,79.42535400390625,-0.0002688246895559132,0.004782388918101788,-20.110748291015625
838,0.8388388156890869,79.49275207519531,-0.00027090904768556356,0.0054303850047290325,-22.53812599182129
839,0.8398398160934448,79.56019592285156,-0.0002735716989263892,0.006499485578387976,-26.50888442993164
840,0.8408408164978027,79.62770080566406,-0.00027100241277366877,0.00609783548861742,-25.118125915527344
841,0.8418418169021606,79.69527435302734,-0.00026834855088964105,0.005932523403316736,-24.59657859802246
842,0.8428428173065186,79.76288604736328,-0.0002704510116018355,0.007139763794839382,-29.161638259887695
843,0.8438438177108765,79.83056640625,-0.00026699609588831663,0.006654758937656879,-27.434803009033203
844,0.8448448181152344,79.89830780029297,-0.00026456371415406466,0.00630173459649086,-26.146831512451172
845,0.8458458185195923,79.96610260009766,-0.00026265456108376384,0.005965080577880144,-24.890514373779297
846,0.846846878528595,80.0339584350586,-0.00026116904336959124,0.005604599602520466,-23.510570526123047
847,0.8478478789329529,80.10186004638672,-0.00026028460706584156,0.005267387256026268,-22.21605110168457
848,0.8488488793373108,80.16983032226562,-0.000261482666246593,0.005708882585167885,-23.873151779174805
849,0.8498498797416687,80.23786163330078,-0.0002617684076540172,0.0054287295788526535,-22.79000473022461
850,0.8508508801460266,80.30593872070312,-0.0002619137812871486,0.00463799387216568,-19.78301429748535
851,0.8518518805503845,80.37407684326172,-0.0002622694009914994,0.00404695700854063,-17.554035186767578
852,0.8528528809547424,80.44227600097656,-0.0002643745392560959,0.004444025922566652,-19.117189407348633
853,0.8538538813591003,80.51052856445312,-0.0002658044104464352,0.004427241627126932,-19.053735733032227
854,0.8548548817634583,80.57884216308594,-0.00026762878405861557,0.005037378985434771,-21.329883575439453
855,0.8558558821678162,80.647216796875,-0.0002656380529515445,0.003942730370908976,-17.209976196289062
856,0.8568568825721741,80.71565246582031,-0.00026344225625507534,0.003133459948003292,-14.131611824035645
857,0.857857882976532,80.78413391113281,-0.0002635857672430575,0.0033938984852284193,-15.092245101928711
858,0.8588588833808899,80.8526840209961,-0.0002645363856572658,0.004122579004615545,-17.804609298706055
859,0.8598598837852478,80.92127990722656,-0.00026578037068247795,0.005163307301700115,-21.6837215423584
860,0.8608608841896057,80.98995208740234,-0.0002661381149664521,0.00525646423920989,-21.992250442504883
861,0.8618618845939636,81.05866241455078,-0.0002666161162778735,0.0055638449266552925,-23.080263137817383
862,0.8628628849983215,81.12744903564453,-0.0002674717106856406,0.004649065434932709,-19.633007049560547
863,0.8638638854026794,81.19628143310547,-0.0002671615220606327,0.0037504700012505054,-16.353103637695312
864,0.8648648858070374,81.26518249511719,-0.0002669700188562274,0.0035210917703807354,-15.613500595092773
865,0.8658658862113953,81.3341293334961,-0.00026683666510507464,0.0035184749867767096,-15.724078178405762
866,0.8668668866157532,81.40314483642578,-0.00026590158813633025,0.0033820050302892923,-15.33515453338623
867,0.8678678870201111,81.47222137451172,-0.0002615733537822962,0.0027221734635531902,-12.94843864440918
868,0.868868887424469,81.54134368896484,-0.0002575933758635074,0.0022956556640565395,-11.373346328735352
869,0.8698698878288269,81.61053466796875,-0.0002521979622542858,0.001752948621287942,-9.279787063598633
870,0.8708708882331848,81.6797866821289,-0.00024386310542467982,0.00100400869268924,-6.277103900909424
871,0.8718718886375427,81.74909210205078,-0.00025113753508776426,0.002211075508967042,-11.210777282714844
872,0.8728728890419006,81.81845092773438,-0.0002513641375117004,0.0024402400013059378,-12.193611145019531
873,0.8738738894462585,81.88787078857422,-0.00025592013844288886,0.003270556451752782,-15.467557907104492
874,0.8748748898506165,81.95735931396484,-0.00025100226048380136,0.002400164259597659,-11.968620300292969
875,0.8758758902549744,82.02690887451172,-0.00025133317103609443,0.0023125524166971445,-11.517194747924805
876,0.8768768906593323,82.09650421142578,-0.0002502249553799629,0.0018813114147633314,-9.724135398864746
877,0.8778778910636902,82.1661605834961,-0.0002541485009714961,0.0030368308071047068,-14.21450138092041
878,0.8788788914680481,82.23587799072266,-0.0002497319073881954,0.0020017772912979126,-10.024085998535156
879,0.879879891872406,82.30565643310547,-0.00024741364177316427,0.0019288720795884728,-9.649293899536133
880,0.8808808922767639,82.37548828125,-0.000244983471930027,0.0020549953915178776,-10.146260261535645
881,0.8818818926811218,82.44538116455078,-0.00024256033066194504,0.002206015633419156,-10.774490356445312
882,0.8828828930854797,82.51534271240234,-0.00024356639187317342,0.0028937614988535643,-13.598041534423828
883,0.8838838934898376,82.58535766601562,-0.0002436250215396285,0.002840144792571664,-13.365435600280762
884,0.8848848938941956,82.65543365478516,-0.00023962065461091697,0.0015263308305293322,-7.909216403961182
885,0.8858858942985535,82.72557067871094,-0.00024036222021095455,0.0016290651401504874,-8.333794593811035
886,0.8868868947029114,82.7957534790039,-0.00023885490372776985,0.000584125577006489,-3.9962892532348633
887,0.8878878951072693,82.86600494384766,-0.00023981710546649992,0.00043775630183517933,-3.4412667751312256
888,0.8888888955116272,82.93631744384766,-0.0002401894162176177,-0.00014973321231082082,-1.0547218322753906
889,0.8898898959159851,83.00669860839844,-0.00024077287525869906,-0.001397214480675757,4.05429744720459
890,0.890890896320343,83.0771255493164,-0.00024076284898910671,-0.0003389974299352616,-0.3829987049102783
891,0.8918918967247009,83.14761352539062,-0.00023924735432956368,0.00016836477152537555,-2.538844585418701
892,0.8928928971290588,83.21817016601562,-0.0002366631233599037,0.0004428421671036631,-3.785426139831543
893,0.8938938975334167,83.28878021240234,-0.0002340335922781378,0.0007403811905533075,-5.148846626281738
894,0.8948948979377747,83.35945129394531,-0.00023218168644234538,0.001239428878761828,-7.426568508148193
895,0.8958958983421326,83.43018341064453,-0.00022954765881877393,0.00014229954103939235,-2.784842014312744
896,0.8968968987464905,83.5009765625,-0.00022755164536647499,0.00053564109839499,-4.545005798339844
897,0.8978978991508484,83.57182312011719,-0.00022687432647217065,0.000903770443983376,-6.164972305297852
898,0.8988988995552063,83.64273071289062,-0.00022398715373128653,0.0006861426518298686,-5.173295021057129
899,0.8998998999595642,83.71370697021484,-0.0002226110955234617,0.0007992690661922097,-5.620020866394043
900,0.9009009003639221,83.78473663330078,-0.00022015201102476567,-5.463231445901329e-06,-1.9141514301300049
901,0.90190190076828,83.85582733154297,-0.00022072801948525012,-0.0005061413394287229,0.4432763457298279
902,0.9029029011726379,83.9269790649414,-0.00022134653409011662,-0.0006126317894086242,1.0186028480529785
903,0.9039039015769958,83.99818420410156,-0.0002259092143503949,-0.0014354395680129528,4.7407002449035645
904,0.9049049019813538,84.06946563720703,-0.00022877161973156035,-0.0025906944647431374,9.771084785461426
905,0.9059059023857117,84.14079284667969,-0.00022950324637349695,-0.002715914975851774,10.220779418945312
906,0.9069069027900696,84.21219635009766,-0.00023133924696594477,-0.002552416641265154,9.42151927947998
907,0.9079079031944275,84.28364562988281,-0.0002289666299475357,-0.003451818600296974,13.261816024780273
908,0.9089089035987854,84.35516357421875,-0.0002324723027413711,-0.0029687636997550726,11.13156509399414
909,0.9099099040031433,84.42674255371094,-0.00023512069310527295,-0.0023598968982696533,8.560601234436035
910,0.9109109044075012,84.49837493896484,-0.00023468633298762143,-0.002086854539811611,7.498016357421875
911,0.9119119048118591,84.57007598876953,-0.0002324944216525182,-0.0028300031553953886,10.805850982666016
912,0.912912905216217,84.64183044433594,-0.0002300293417647481,-0.0033469153568148613,13.183027267456055
913,0.913913905620575,84.71365356445312,-0.00023150464403443038,-0.002489210572093725,9.56216812133789
914,0.9149149060249329,84.78553009033203,-0.00022959409398026764,-0.0014666322385892272,5.161493301391602
915,0.9159159064292908,84.85746765136719,-0.00022542734222952276,-0.0006453191745094955,1.52567720413208
916,0.9169169068336487,84.92947387695312,-0.0002271550620207563,-0.001069694641046226,3.339193105697632
917,0.9179179072380066,85.00153350830078,-0.00022782685118727386,-0.0019332861993461847,7.057494163513184
918,0.9189189076423645,85.07366180419922,-0.00022380807786248624,-0.0010347506031394005,2.970480442047119
919,0.9199199080467224,85.1458511352539,-0.00022076199820730835,-0.0007630895706824958,1.6381444931030273
920,0.9209209084510803,85.21809387207031,-0.00021837114763911813,-0.00027613050770014524,-0.6795719265937805
921,0.9219219088554382,85.29039764404297,-0.00021699551143683493,-0.0001503319072071463,-1.3549768924713135
922,0.9229229092597961,85.3627700805664,-0.0002171599626308307,0.00033047370379790664,-3.595885992050171
923,0.923923909664154,85.43519592285156,-0.000216160507989116,-0.00027617288287729025,-0.7903680801391602
924,0.924924910068512,85.50769805908203,-0.00021675530297216028,0.0003143348731100559,-3.4567506313323975
925,0.9259259104728699,85.58024597167969,-0.00021765248675365,0.0008626676863059402,-5.887770652770996
926,0.9269269108772278,85.6528549194336,-0.00021773867774754763,0.0008945151930674911,-5.93652868270874
927,0.9279279112815857,85.72554779052734,-0.00021788961021229625,0.0007978599751368165,-5.4145426750183105
928,0.9289289116859436,85.79827880859375,-0.0002183709293603897,0.00023751931439619511,-2.8027071952819824
929,0.9299299120903015,85.87108612060547,-0.0002191576932091266,0.000913596129976213,-5.858761310577393
930,0.9309309124946594,85.9439468383789,-0.00021915609249845147,0.00037099391920492053,-3.351050853729248
931,0.9319319128990173,86.01686096191406,-0.00022155580518301576,0.0014165028696879745,-8.070470809936523
932,0.9329329133033752,86.08985137939453,-0.00021946965716779232,0.0005191545351408422,-3.9745068550109863
933,0.9339339137077332,86.16289520263672,-0.00022084111697040498,0.0012916880659759045,-7.439693450927734
934,0.9349349141120911,86.23600769042969,-0.0002226468059234321,0.002017035847529769,-10.689926147460938
935,0.935935914516449,86.3091812133789,-0.00022041713236831129,0.0017333851428702474,-9.442819595336914
936,0.9369369149208069,86.38240814208984,-0.00022129149874672294,0.0023625825997442007,-12.324644088745117
937,0.9379379153251648,86.45570373535156,-0.0002219099405920133,0.0028077673632651567,-14.374205589294434
938,0.9389389157295227,86.52906799316406,-0.00022037970484234393,0.002442836994305253,-12.796667098999023
939,0.9399399161338806,86.60248565673828,-0.00021994167764205486,0.00259245908819139,-13.541971206665039
940,0.9409409165382385,86.67597198486328,-0.00021974745322950184,0.002846864750608802,-14.749064445495605
941,0.9419419169425964,86.74951171875,-0.00022007116058375686,0.003363616531714797,-17.134239196777344
942,0.9429429173469543,86.82312774658203,-0.00021972923423163593,0.002939238678663969,-15.182069778442383
943,0.9439439177513123,86.89679718017578,-0.00022321990400087088,0.004369078669697046,-21.589475631713867
944,0.9449449181556702,86.97053527832031,-0.00022568678832612932,0.004729923326522112,-23.174942016601562
945,0.9459459185600281,87.04431915283203,-0.00022801553132012486,0.005007139872759581,-24.43161392211914
946,0.946946918964386,87.11817932128906,-0.00022880743199493736,0.004673558287322521,-23.02019691467285
947,0.9479479193687439,87.19210052490234,-0.0002299104817211628,0.004452225752174854,-22.104045867919922
948,0.9489489793777466,87.2660903930664,-0.00023182114819064736,0.004544357769191265,-22.591745376586914
949,0.9499499797821045,87.34013366699219,-0.00023468723520636559,0.005317968316376209,-26.016849517822266
950,0.9509509801864624,87.41423797607422,-0.00023497725487686694,0.005287752486765385,-26.01862907409668
951,0.9519519805908203,87.48841094970703,-0.0002333087904844433,0.004862499423325062,-24.293840408325195
952,0.9529529809951782,87.56263732910156,-0.00022927054669708014,0.00409845681861043,-21.026805877685547
953,0.9539539813995361,87.6369400024414,-0.00022883304336573929,0.004433657508343458,-22.4621524810791
954,0.954954981803894,87.71129608154297,-0.00022787913621868938,0.004952647723257542,-24.709856033325195
955,0.955955982208252,87.78572845458984,-0.00022653877385891974,0.005574177019298077,-27.475597381591797
956,0.9569569826126099,87.86021423339844,-0.0002232875267509371,0.004585399758070707,-23.119022369384766
957,0.9579579830169678,87.93476104736328,-0.00022305280435830355,0.0049264561384916306,-24.67296600341797
958,0.9589589834213257,88.0093765258789,-0.00022308604093268514,0.0051461271941661835,-25.721601486206055
959,0.9599599838256836,88.08405303955078,-0.00022294637165032327,0.00518681388348341,-26.023754119873047
960,0.9609609842300415,88.1587905883789,-0.00021732602908741683,0.003963001072406769,-20.68217658996582
961,0.9619619846343994,88.23359680175781,-0.00022022752091288567,0.004634616430848837,-24.033781051635742
962,0.9629629850387573,88.30846405029297,-0.00021753937471657991,0.004227110650390387,-22.45746421813965
963,0.9639639854431152,88.38339233398438,-0.00021344318520277739,0.0036884413566440344,-20.151758193969727
964,0.9649649858474731,88.45838165283203,-0.0002143115852959454,0.003812614129856229,-20.807512283325195
965,0.965965986251831,88.53343963623047,-0.0002150211948901415,0.0038293313700705767,-20.871868133544922
966,0.966966986656189,88.60856628417969,-0.00021764892153441906,0.0042808339931070805,-22.84222412109375
967,0.9679679870605469,88.68374633789062,-0.00021719481446780264,0.003929345402866602,-21.078699111938477
968,0.9689689874649048,88.75899505615234,-0.00021872823708690703,0.004906264133751392,-25.418750762939453
969,0.9699699878692627,88.83431243896484,-0.00021949713118374348,0.005540674552321434,-28.180490493774414
970,0.9709709882736206,88.90968322753906,-0.00022024521604180336,0.0059196921065449715,-29.776691436767578
971,0.9719719886779785,88.98513793945312,-0.00022099279158283025,0.005939781200140715,-29.785293579101562
972,0.9729729890823364,89.06063842773438,-0.00022220484970603138,0.006169962231069803,-30.75398063659668
973,0.9739739894866943,89.13619995117188,-0.00022245287254918367,0.006161376368254423,-30.678569793701172
974,0.9749749898910522,89.21183776855469,-0.00022167747374624014,0.006075458135455847,-30.312997817993164
975,0.9759759902954102,89.28753662109375,-0.00022166463895700872,0.006404742132872343,-31.850446701049805
976,0.9769769906997681,89.36328887939453,-0.00022117741173133254,0.006041782442480326,-30.165346145629883
977,0.977977991104126,89.43911743164062,-0.00022157584317028522,0.00599241117015481,-29.923662185668945
978,0.9789789915084839,89.5150146484375,-0.0002217523433500901,0.00586259039118886,-29.337064743041992
979,0.9799799919128418,89.59095764160156,-0.0002221809991169721,0.007260411512106657,-35.662166595458984
980,0.9809809923171997,89.66697692871094,-0.00022273774084169418,0.006521471776068211,-32.372215270996094
981,0.9819819927215576,89.7430648803711,-0.00022261490812525153,0.006270799320191145,-31.263906478881836
982,0.9829829931259155,89.81920623779297,-0.00022129600984044373,0.006666267290711403,-33.13700866699219
983,0.9839839935302734,89.89541625976562,-0.00022079789778217673,0.005289178341627121,-27.000320434570312
984,0.9849849939346313,89.97168731689453,-0.0002193005639128387,0.006386914756149054,-32.06068801879883
985,0.9859859943389893,90.04803466796875,-0.00021840700355824083,0.006272740196436644,-31.619163513183594
986,0.9869869947433472,90.12445068359375,-0.00021790093160234392,0.005664132535457611,-28.914737701416016
987,0.9879879951477051,90.20091247558594,-0.00021578189625870436,0.004861204884946346,-25.29731559753418
988,0.988988995552063,90.27745819091797,-0.0002160034782718867,0.005889642983675003,-30.168766021728516
989,0.9899899959564209,90.35404968261719,-0.00021501927403733134,0.006166040897369385,-31.617332458496094
990,0.9909909963607788,90.43071746826172,-0.000212536018807441,0.004999265074729919,-26.323238372802734
991,0.9919919967651367,90.5074462890625,-0.0002112845832016319,0.0048190574161708355,-25.600135803222656
992,0.9929929971694946,90.58423614501953,-0.00020669936202466488,0.003856923431158066,-21.150297164916992
993,0.9939939975738525,90.6611099243164,-0.00020858822972513735,0.0040336414240300655,-22.202306747436523
994,0.9949949979782104,90.73802947998047,-0.00020714197307825089,0.00365319661796093,-20.55336570739746
995,0.9959959983825684,90.81501770019531,-0.0002034446079051122,0.003126873169094324,-18.140649795532227
996,0.9969969987869263,90.89208221435547,-0.00019879621686413884,0.0025655305944383144,-15.438163757324219
997,0.9979979991912842,90.96920013427734,-0.00019620484090410173,0.002185499994084239,-13.586036682128906
998,0.9989989995956421,91.04638671875,-0.00019365237676538527,0.001738330232910812,-11.338186264038086
999,1.0,91.12364959716797,-0.0001923653471749276,0.0013655066723003983,-9.443650245666504
