index,timestep,Diffusion_Coeff,Divergence,score,pos
0,0.0,39.05299377441406,-0.023709360510110855,-0.1429523527622223,5.0360894203186035
1,0.0010010009864345193,39.08612823486328,-0.019449107348918915,-0.2036806046962738,7.668396949768066
2,0.0020020019728690386,39.11929702758789,-0.02229694277048111,-0.18392647802829742,6.6655402183532715
3,0.0030030030757188797,39.15248489379883,-0.020378373563289642,-0.19976234436035156,7.361069679260254
4,0.004004003945738077,39.185707092285156,-0.019470281898975372,-0.20539149641990662,7.616249084472656
5,0.005005004815757275,39.218955993652344,-0.022186409682035446,-0.18368463218212128,6.616365909576416
6,0.006006006151437759,39.25223159790039,-0.01978515461087227,-0.20333543419837952,7.619266510009766
7,0.007007007021456957,39.28553771972656,-0.022311627864837646,-0.17940837144851685,6.600992679595947
8,0.008008007891476154,39.31887435913086,-0.02141408808529377,-0.18763813376426697,7.119926452636719
9,0.009009009227156639,39.352237701416016,-0.01983782649040222,-0.1977459043264389,7.789200782775879
10,0.01001000963151455,39.38562774658203,-0.020336594432592392,-0.188093900680542,7.546789169311523
11,0.011011010967195034,39.41904830932617,-0.020741548389196396,-0.17175891995429993,7.028284072875977
12,0.012012012302875519,39.452491760253906,-0.020684484392404556,-0.15490728616714478,6.478795051574707
13,0.013013012707233429,39.48596954345703,-0.01980086788535118,-0.15562106668949127,6.727985382080078
14,0.014014014042913914,39.51947021484375,-0.019622627645730972,-0.14042969048023224,6.170489311218262
15,0.015015014447271824,39.55300521850586,-0.020181851461529732,-0.10876957327127457,4.749305725097656
16,0.01601601578295231,39.58656692504883,-0.017870264127850533,-0.13920612633228302,6.561233043670654
17,0.01701701618731022,39.620155334472656,-0.016507335007190704,-0.14628809690475464,7.256124496459961
18,0.018018018454313278,39.653770446777344,-0.0193992517888546,-0.0791907086968422,3.6900932788848877
19,0.01901901885867119,39.68742370605469,-0.019450882449746132,-0.06429380923509598,3.036909341812134
20,0.0200200192630291,39.721092224121094,-0.01832578331232071,-0.07380133122205734,3.6776065826416016
21,0.021021021530032158,39.754798889160156,-0.01792052574455738,-0.06652025878429413,3.4165408611297607
22,0.022022021934390068,39.78852844238281,-0.01742754504084587,-0.06171270087361336,3.2881112098693848
23,0.023023022338747978,39.82229232788086,-0.016083430498838425,-0.07816849648952484,4.4524407386779785
24,0.024024024605751038,39.8560791015625,-0.014164975844323635,-0.10548044741153717,6.481218338012695
25,0.025025025010108948,39.889896392822266,-0.015469594858586788,-0.06582494080066681,4.036375999450684
26,0.026026025414466858,39.92374801635742,-0.015543626621365547,-0.018959125503897667,1.154679775238037
27,0.027027025818824768,39.95762252807617,-0.014107250608503819,0.006000533699989319,-0.5164214968681335
28,0.028028028085827827,39.99152755737305,-0.014210119843482971,-0.006290101446211338,0.33496034145355225
29,0.029029028490185738,40.02545928955078,-0.012936177663505077,0.01147381030023098,-1.001035213470459
30,0.030030028894543648,40.05942153930664,-0.008277587592601776,0.046907030045986176,-4.31702995300293
31,0.031031031161546707,40.093414306640625,-0.009620321914553642,0.037870604544878006,-3.4523561000823975
32,0.03203203156590462,40.1274299621582,-0.008143454790115356,0.04350164532661438,-4.214818477630615
33,0.03303303197026253,40.16147994995117,-0.010478771291673183,0.02766515128314495,-2.6085364818573
34,0.03403403237462044,40.195556640625,-0.010349556803703308,0.027175765484571457,-2.61500883102417
35,0.03503503277897835,40.22966384887695,-0.007784484885632992,0.04154429957270622,-4.280625820159912
36,0.036036036908626556,40.263797760009766,-0.005075489636510611,0.04827375337481499,-5.61191987991333
37,0.03703703731298447,40.29795837402344,-0.0012758297380059958,0.05191820114850998,-7.298320293426514
38,0.03803803771734238,40.3321533203125,-0.002875366248190403,0.04873039945960045,-6.571117401123047
39,0.03903903812170029,40.36637878417969,0.00204512570053339,0.047979433089494705,-8.621095657348633
40,0.0400400385260582,40.40062713623047,-0.0004226213786751032,0.04676027223467827,-7.6148834228515625
41,0.04104103893041611,40.434906005859375,0.0030381823889911175,0.042513832449913025,-9.020404815673828
42,0.042042043060064316,40.469215393066406,0.004300844855606556,0.03776705265045166,-9.537569999694824
43,0.043043043464422226,40.50355529785156,0.004407887347042561,0.035231057554483414,-9.631985664367676
44,0.044044043868780136,40.53792190551758,0.009597992524504662,0.01637175865471363,-12.062331199645996
45,0.045045044273138046,40.572322845458984,0.008268127217888832,0.022136231884360313,-11.374563217163086
46,0.046046044677495956,40.606746673583984,0.010004907846450806,0.0028319871053099632,-13.386062622070312
47,0.04704704508185387,40.641197204589844,0.009226721711456776,-0.0074415309354662895,-14.462928771972656
48,0.048048049211502075,40.67568588256836,0.009036913514137268,-0.007458461914211512,-14.500978469848633
49,0.049049049615859985,40.71019744873047,0.009325746446847916,0.0010172962211072445,-13.624402046203613
50,0.050050050020217896,40.7447395324707,0.008977921679615974,0.004587980452924967,-13.261503219604492
51,0.051051050424575806,40.77931213378906,0.008339356631040573,0.0032685291953384876,-13.434471130371094
52,0.052052050828933716,40.81391143798828,0.006929345894604921,-0.00807181466370821,-14.96744441986084
53,0.053053051233291626,40.84854507446289,0.005420362111181021,-0.013532268814742565,-16.0120906829834
54,0.054054051637649536,40.88320541381836,0.006752533372491598,-0.0007754468242637813,-14.058059692382812
55,0.055055055767297745,40.91789627075195,0.006240801885724068,-0.002356715966016054,-14.32624626159668
56,0.056056056171655655,40.952613830566406,0.004548346623778343,-0.011123540811240673,-15.990273475646973
57,0.057057056576013565,40.987361907958984,0.004862265661358833,-0.008080460131168365,-15.393712997436523
58,0.058058056980371475,41.02214431762695,0.0044427067041397095,-0.009080030024051666,-15.617337226867676
59,0.059059057384729385,41.056949615478516,0.0047864462248981,-0.005980917252600193,-14.854107856750488
60,0.060060057789087296,41.0917854309082,0.005255548283457756,0.0031999191269278526,-12.83046817779541
61,0.061061061918735504,41.12665557861328,0.003172620665282011,0.013157501816749573,-10.109923362731934
62,0.062062062323093414,41.16154479980469,0.0008355167228728533,0.0154919708147645,-8.208277702331543
63,0.06306306272745132,41.19647216796875,-6.921838212292641e-05,0.015092498622834682,-7.305517196655273
64,0.06406406313180923,41.23143005371094,0.000243446760578081,0.01438521035015583,-7.393469333648682
65,0.06506506353616714,41.266414642333984,-0.001890572952106595,0.011746499687433243,-5.398455619812012
66,0.06606606394052505,41.301429748535156,-0.0028471117839217186,0.008040730841457844,-4.177621364593506
67,0.06706706434488297,41.33647537231445,-0.0031683449633419514,0.005333280190825462,-3.6296873092651367
68,0.06806806474924088,41.37154769897461,-0.001539222546853125,0.009314280934631824,-5.9531474113464355
69,0.06906906515359879,41.406654357910156,-0.0021907277405261993,0.0063103726133704185,-5.134113788604736
70,0.0700700655579567,41.44178771972656,-0.0019678077660501003,0.005671669729053974,-5.541848182678223
71,0.0710710734128952,41.476951599121094,-0.0008937607053667307,0.006848571822047234,-7.177267074584961
72,0.07207207381725311,41.512142181396484,-5.0127418944612145e-05,0.0066423541866242886,-8.31937026977539
73,0.07307307422161102,41.547367095947266,-0.0012663904344663024,0.00494736572727561,-6.767767429351807
74,0.07407407462596893,41.582618713378906,-0.0006041030283086002,0.005565378814935684,-7.7742815017700195
75,0.07507507503032684,41.61790466308594,-0.0014382279478013515,0.004216191358864307,-6.489871501922607
76,0.07607607543468475,41.65321731567383,-0.0009000548161566257,0.005580552853643894,-7.363441467285156
77,0.07707707583904266,41.688560485839844,-0.000588277995120734,0.006273719947785139,-7.811021327972412
78,0.07807807624340057,41.72393035888672,0.0008041893015615642,0.006457582116127014,-9.512140274047852
79,0.07907907664775848,41.75933074951172,0.0006223923992365599,0.006561882793903351,-9.28929328918457
80,0.0800800770521164,41.794769287109375,0.0004177287919446826,0.006313661113381386,-9.085598945617676
81,0.0810810774564743,41.830230712890625,0.0008239592425525188,0.00533091789111495,-9.665262222290039
82,0.08208207786083221,41.865726470947266,-0.0005113119841553271,0.004933645948767662,-7.948170185089111
83,0.08308307826519012,41.9012451171875,-0.0001418125320924446,0.004369212780147791,-8.490883827209473
84,0.08408408612012863,41.93680191040039,0.0012900934088975191,0.002524511655792594,-10.64881420135498
85,0.08508508652448654,41.97238540649414,0.0005761337815783918,0.003295418806374073,-9.526405334472656
86,0.08608608692884445,42.00799560546875,0.0018209852278232574,-0.0005485985311679542,-12.255657196044922
87,0.08708708733320236,42.043643951416016,0.0017363118240609765,-0.002024292014539242,-12.928452491760254
88,0.08808808773756027,42.079315185546875,0.001565032871440053,-0.00279244058765471,-13.249069213867188
89,0.08908908814191818,42.115020751953125,0.0013359361328184605,-0.001104259048588574,-11.855713844299316
90,0.09009008854627609,42.1507568359375,0.0012434341479092836,-0.0018015960231423378,-12.084393501281738
91,0.091091088950634,42.186519622802734,0.0011233050609007478,-0.0016796828713268042,-11.704275131225586
92,0.09209208935499191,42.22231674194336,0.0010381594765931368,-0.0030907862819731236,-12.674665451049805
93,0.09309308975934982,42.258140563964844,0.0008712693816050887,-0.0036978102289140224,-13.092394828796387
94,0.09409409016370773,42.29399490356445,0.00029021003865636885,-0.005130305886268616,-15.484634399414062
95,0.09509509056806564,42.32988739013672,-4.32513261330314e-05,-0.005152260418981314,-16.766376495361328
96,0.09609609842300415,42.36580276489258,0.0005394223262555897,-0.00430672150105238,-13.882424354553223
97,0.09709709882736206,42.40175247192383,0.0006319053936749697,-0.0030950240325182676,-12.016499519348145
98,0.09809809923171997,42.4377326965332,0.0005748688708990812,-0.0030884796287864447,-12.027929306030273
99,0.09909909963607788,42.473731994628906,0.0003876541741192341,-0.002746458863839507,-11.113122940063477
100,0.10010010004043579,42.5097770690918,0.00032846047542989254,-0.002985937288030982,-11.346233367919922
101,0.1011011004447937,42.545841217041016,0.00032630839268676937,-0.0032004097010940313,-11.78826904296875
102,0.10210210084915161,42.58195114135742,0.00032168946927413344,-0.003366368357092142,-12.16404914855957
103,0.10310310125350952,42.618080139160156,0.0003085987700615078,-0.004004714544862509,-14.009620666503906
104,0.10410410165786743,42.65423583984375,0.000249367905780673,-0.004150726832449436,-14.449482917785645
105,0.10510510206222534,42.6904296875,0.0001601111434865743,-0.0042860121466219425,-15.10426139831543
106,0.10610610246658325,42.726654052734375,0.00018922080926131457,-0.004170635715126991,-14.567811965942383
107,0.10710710287094116,42.762908935546875,0.00010571938764769584,-0.004193773027509451,-14.959078788757324
108,0.10810810327529907,42.799190521240234,5.668124504154548e-05,-0.004148213658481836,-14.969230651855469
109,0.10910911113023758,42.83551025390625,-6.279102672124282e-05,-0.004094804171472788,-15.96548843383789
110,0.11011011153459549,42.871856689453125,-7.166682189563289e-05,-0.004049663431942463,-15.836374282836914
111,0.1111111119389534,42.90822982788086,-0.00024203707289416343,-0.003809833200648427,-17.057830810546875
112,0.11211211234331131,42.94463348388672,-0.00013587213470600545,-0.00391514552757144,-16.020957946777344
113,0.11311311274766922,42.9810791015625,-0.0005533836083486676,-0.002808176213875413,-18.854467391967773
114,0.11411411315202713,43.017547607421875,-0.0009728788863867521,-0.00023165431048255414,-21.907365798950195
115,0.11511511355638504,43.054054260253906,-0.00105747627094388,0.0006274476181715727,-22.428192138671875
116,0.11611611396074295,43.090579986572266,-0.001190844806842506,0.002046740846708417,-23.486061096191406
117,0.11711711436510086,43.127140045166016,-0.0011356682516634464,0.0017046736320480704,-23.03960418701172
118,0.11811811476945877,43.16373825073242,-0.001312617096118629,0.003553541377186775,-24.47959327697754
119,0.11911911517381668,43.20035934448242,-0.0014782187063246965,0.005315153859555721,-25.753124237060547
120,0.12012011557817459,43.23701477050781,-0.0015618776669725776,0.006219150498509407,-26.388145446777344
121,0.1211211159825325,43.27370834350586,-0.0014730698894709349,0.005501188803464174,-25.90345001220703
122,0.12212212383747101,43.3104248046875,-0.0015094887930899858,0.006186020094901323,-26.328811645507812
123,0.12312312424182892,43.34716796875,-0.0018069440266117454,0.009910304099321365,-28.557567596435547
124,0.12412412464618683,43.38395309448242,-0.0013315925607457757,0.004803959280252457,-25.229347229003906
125,0.12512512505054474,43.42076110839844,-0.0010877551976591349,0.0023877534549683332,-23.063257217407227
126,0.12612612545490265,43.45760726928711,-0.000941280391998589,0.0009648949489928782,-21.46173667907715
127,0.12712712585926056,43.494476318359375,-0.000939290679525584,0.0009875327814370394,-21.368331909179688
128,0.12812812626361847,43.5313835144043,-0.001049222657456994,0.0022599943913519382,-22.5738468170166
129,0.12912912666797638,43.56832504272461,-0.001207933877594769,0.004212414380162954,-24.269393920898438
130,0.1301301270723343,43.605289459228516,-0.0012750572059303522,0.005040779244154692,-24.930816650390625
131,0.1311311274766922,43.64228820800781,-0.00141420541331172,0.006804361939430237,-26.217599868774414
132,0.1321321278810501,43.679317474365234,-0.0012570354156196117,0.004925403743982315,-24.7554874420166
133,0.13313312828540802,43.71638107299805,-0.001407024567015469,0.0069449907168745995,-26.178770065307617
134,0.13413412868976593,43.753475189208984,-0.0014003596734255552,0.006979646626859903,-26.118545532226562
135,0.13513512909412384,43.79059600830078,-0.0013041571946814656,0.006025507114827633,-25.212583541870117
136,0.13613612949848175,43.827762603759766,-0.0014466624706983566,0.008274838328361511,-26.666112899780273
137,0.13713712990283966,43.86494445800781,-0.001521542901173234,0.009584054350852966,-27.426448822021484
138,0.13813813030719757,43.902164459228516,-0.001414532191120088,0.008125171065330505,-26.38585662841797
139,0.13913913071155548,43.93941879272461,-0.0016566063277423382,0.011734201572835445,-28.6843204498291
140,0.1401401311159134,43.9766960144043,-0.001813726034015417,0.014233149588108063,-30.058252334594727
141,0.1411411464214325,44.014015197753906,-0.001756527228280902,0.013305960223078728,-29.446029663085938
142,0.1421421468257904,44.051361083984375,-0.001877492992207408,0.015504967421293259,-30.529592514038086
143,0.14314314723014832,44.08873748779297,-0.0018828606698662043,0.0160738043487072,-30.70083999633789
144,0.14414414763450623,44.12614822387695,-0.0018791884649544954,0.016412999480962753,-30.78737449645996
145,0.14514514803886414,44.1635856628418,-0.0019485820084810257,0.01826474256813526,-31.700054168701172
146,0.14614614844322205,44.20106506347656,-0.0018541617318987846,0.016985507681965828,-31.006868362426758
147,0.14714714884757996,44.238563537597656,-0.001871891668997705,0.01789681799709797,-31.52149200439453
148,0.14814814925193787,44.27610778808594,-0.0019606922287493944,0.020304609090089798,-32.852359771728516
149,0.14914914965629578,44.31366729736328,-0.0020150106865912676,0.02176501974463463,-33.698638916015625
150,0.1501501500606537,44.35126876831055,-0.0020698606967926025,0.023272588849067688,-34.54471206665039
151,0.1511511504650116,44.38890075683594,-0.0020714723505079746,0.023320021107792854,-34.664390563964844
152,0.1521521508693695,44.426570892333984,-0.0022419546730816364,0.02869776450097561,-37.23162841796875
153,0.15315315127372742,44.464263916015625,-0.0022071043495088816,0.027486685663461685,-36.73805618286133
154,0.15415415167808533,44.50199508666992,-0.00243998016230762,0.03728000074625015,-40.964839935302734
155,0.15515515208244324,44.53975296020508,-0.002420432399958372,0.03718387335538864,-40.96638870239258
156,0.15615615248680115,44.57754898071289,-0.0023494241759181023,0.034989792853593826,-40.06494140625
157,0.15715715289115906,44.6153678894043,-0.0022625220008194447,0.032508425414562225,-38.983802795410156
158,0.15815815329551697,44.653228759765625,-0.0020699375309050083,0.026451662182807922,-36.1524772644043
159,0.15915915369987488,44.69111251831055,-0.0020466845016926527,0.026338865980505943,-36.052608489990234
160,0.1601601541042328,44.72903823852539,-0.0020749112591147423,0.02789667248725891,-36.77595901489258
161,0.1611611545085907,44.76698684692383,-0.002118534641340375,0.02986837550997734,-37.723453521728516
162,0.1621621549129486,44.804969787597656,-0.002060621976852417,0.02774661034345627,-36.71808624267578
163,0.16316315531730652,44.842987060546875,-0.0020525879226624966,0.027093758806586266,-36.4071044921875
164,0.16416415572166443,44.88103485107422,-0.0020350157283246517,0.02689155377447605,-36.34922790527344
165,0.16516515612602234,44.91912078857422,-0.0019741805735975504,0.025669191032648087,-35.77579116821289
166,0.16616615653038025,44.95723342895508,-0.0019572884775698185,0.026144403964281082,-36.04218673706055
167,0.16716717183589935,44.99538040161133,-0.001945361727848649,0.026596227660775185,-36.304847717285156
168,0.16816817224025726,45.03356170654297,-0.0018591727130115032,0.024249088019132614,-35.109466552734375
169,0.16916917264461517,45.071773529052734,-0.0018458114936947823,0.02413025125861168,-35.09495162963867
170,0.17017017304897308,45.110015869140625,-0.0017326101660728455,0.02051560953259468,-33.1050910949707
171,0.171171173453331,45.14828872680664,-0.0017630658112466335,0.021197278052568436,-33.51036834716797
172,0.1721721738576889,45.18659973144531,-0.0017894338816404343,0.021534815430641174,-33.702449798583984
173,0.17317317426204681,45.22494125366211,-0.0018450927454978228,0.02296067588031292,-34.47639846801758
174,0.17417417466640472,45.2633171081543,-0.0018417621031403542,0.022750506177544594,-34.3427619934082
175,0.17517517507076263,45.30172348022461,-0.0017750966362655163,0.021053005009889603,-33.405242919921875
176,0.17617617547512054,45.34016036987305,-0.001664876937866211,0.01847643032670021,-31.89641571044922
177,0.17717717587947845,45.37863540649414,-0.0015894778771325946,0.01702725701034069,-30.95787811279297
178,0.17817817628383636,45.41713333129883,-0.0015213279984891415,0.015620655380189419,-30.028657913208008
179,0.17917917668819427,45.45567321777344,-0.0015212283469736576,0.01580342836678028,-30.17192268371582
180,0.18018017709255219,45.49424362182617,-0.001565409591421485,0.01709635555744171,-31.054323196411133
181,0.1811811774969101,45.53284454345703,-0.0015863442094996572,0.017783649265766144,-31.548873901367188
182,0.182182177901268,45.571475982666016,-0.001380937872454524,0.012449461966753006,-28.0484561920166
183,0.18318317830562592,45.610145568847656,-0.0012991726398468018,0.010867161676287651,-26.945934295654297
184,0.18418417870998383,45.64884567260742,-0.0013115056790411472,0.011798922903835773,-27.663677215576172
185,0.18518517911434174,45.68758010864258,-0.0013362942263484001,0.013094727881252766,-28.59726905822754
186,0.18618617951869965,45.726348876953125,-0.001264258287847042,0.011627264320850372,-27.355453491210938
187,0.18718717992305756,45.76514434814453,-0.0011519338004291058,0.008870637975633144,-24.878889083862305
188,0.18818818032741547,45.803977966308594,-0.0010529140708968043,0.006089366972446442,-22.105728149414062
189,0.18918918073177338,45.84284210205078,-0.0009613367146812379,0.003110405756160617,-18.897159576416016
190,0.1901901811361313,45.881744384765625,-0.0009737940272316337,0.00363022368401289,-19.215238571166992
191,0.1911911815404892,45.92066955566406,-0.000946566928178072,0.0027275988832116127,-18.207809448242188
192,0.1921921968460083,45.95963668823242,-0.000977933406829834,0.0036722514778375626,-19.25281524658203
193,0.1931931972503662,45.99863052368164,-0.0010839186143130064,0.006956912111490965,-22.58795166015625
194,0.19419419765472412,46.037662506103516,-0.0011839289218187332,0.009720108471810818,-25.177623748779297
195,0.19519519805908203,46.07672882080078,-0.00121009920258075,0.010247706435620785,-25.786603927612305
196,0.19619619846343994,46.115821838378906,-0.0012322532711550593,0.010714130476117134,-26.306114196777344
197,0.19719719886779785,46.15495300292969,-0.0011418856447562575,0.00801188126206398,-24.12958526611328
198,0.19819819927215576,46.194114685058594,-0.001164889195933938,0.008611167781054974,-24.697946548461914
199,0.19919919967651367,46.23331069946289,-0.0012264079414308071,0.010581450536847115,-26.345563888549805
200,0.20020020008087158,46.27254104614258,-0.0011622555321082473,0.008961752988398075,-25.024927139282227
201,0.2012012004852295,46.31180191040039,-0.001157990307547152,0.009177225641906261,-25.20573616027832
202,0.2022022008895874,46.35110092163086,-0.0011558958794921637,0.00955197773873806,-25.49679183959961
203,0.2032032012939453,46.39043045043945,-0.0010944516398012638,0.008047600276768208,-24.161182403564453
204,0.20420420169830322,46.42979049682617,-0.0010408179368823767,0.006493617780506611,-22.700977325439453
205,0.20520520210266113,46.46918487548828,-0.0009705474367365241,0.0037578458432108164,-20.02456283569336
206,0.20620620250701904,46.50861740112305,-0.0009796945378184319,0.004052268341183662,-20.42046546936035
207,0.20720720291137695,46.54807662963867,-0.000971731380559504,0.0037066228687763214,-20.157028198242188
208,0.20820820331573486,46.58757400512695,-0.0009950986132025719,0.00453731557354331,-21.002286911010742
209,0.20920920372009277,46.62710189819336,-0.0009527828078716993,0.0029784180223941803,-19.252538681030273
210,0.21021020412445068,46.666664123535156,-0.0009671675506979227,0.0034215969499200583,-19.495969772338867
211,0.2112112045288086,46.706260681152344,-0.0009378164540976286,0.0022978982888162136,-18.04768180847168
212,0.2122122049331665,46.74589157104492,-0.0009478742140345275,0.0025529321283102036,-18.00946617126465
213,0.21321320533752441,46.78555679321289,-0.0009460186120122671,0.0023518039379268885,-17.501388549804688
214,0.21421420574188232,46.825252532958984,-0.0009943661279976368,0.004711078479886055,-19.710346221923828
215,0.21521520614624023,46.864990234375,-0.0009975514840334654,0.005306214094161987,-20.196224212646484
216,0.21621620655059814,46.90475082397461,-0.0010080354986712337,0.006275774445384741,-21.184959411621094
217,0.21721720695495605,46.94455337524414,-0.0010069323470816016,0.0061612967401742935,-21.208383560180664
218,0.21821822226047516,46.98438262939453,-0.0010139667429029942,0.006438869517296553,-21.647563934326172
219,0.21921922266483307,47.024253845214844,-0.0010103939566761255,0.0060182292945683,-21.426048278808594
220,0.22022022306919098,47.064151763916016,-0.0010402558837085962,0.0077743506990373135,-23.20684242248535
221,0.2212212234735489,47.104087829589844,-0.0010313461534678936,0.007380696479231119,-22.803146362304688
222,0.2222222238779068,47.14405059814453,-0.0010471241548657417,0.008259941823780537,-23.582555770874023
223,0.2232232242822647,47.18405532836914,-0.0010364799527451396,0.007765770889818668,-23.056154251098633
224,0.22422422468662262,47.22409439086914,-0.001095938729122281,0.010693253949284554,-25.78274917602539
225,0.22522522509098053,47.264163970947266,-0.0011034096824005246,0.011120188981294632,-26.167724609375
226,0.22622622549533844,47.304264068603516,-0.0010986293200403452,0.011052260175347328,-26.123781204223633
227,0.22722722589969635,47.34440231323242,-0.0011602994054555893,0.013837231323122978,-28.62044906616211
228,0.22822822630405426,47.384578704833984,-0.0011267431546002626,0.012648151256144047,-27.597679138183594
229,0.22922922670841217,47.424781799316406,-0.0011242346372455359,0.012757578864693642,-27.71666717529297
230,0.23023022711277008,47.465023040771484,-0.001122077228501439,0.013037762604653835,-27.982458114624023
231,0.231231227517128,47.50529479980469,-0.0010832539992406964,0.011906234547495842,-26.929716110229492
232,0.2322322279214859,47.54560470581055,-0.0010092266602441669,0.0090755270794034,-24.15598487854004
233,0.2332332283258438,47.58594512939453,-0.001030680607073009,0.010644573718309402,-25.628936767578125
234,0.23423422873020172,47.62632369995117,-0.001005419297143817,0.009798379614949226,-24.730655670166016
235,0.23523522913455963,47.6667366027832,-0.0010322603629902005,0.01158621534705162,-26.393510818481445
236,0.23623622953891754,47.707176208496094,-0.0010129994479939342,0.010873708873987198,-25.606704711914062
237,0.23723722994327545,47.74766540527344,-0.0010485434904694557,0.01271915901452303,-27.355609893798828
238,0.23823823034763336,47.788177490234375,-0.0010485358070582151,0.012647475115954876,-27.2813663482666
239,0.23923923075199127,47.8287239074707,-0.0010355772683396935,0.012014796026051044,-26.686609268188477
240,0.24024023115634918,47.86930847167969,-0.001045258599333465,0.0127250412479043,-27.419498443603516
241,0.2412412315607071,47.9099235534668,-0.0010999677469953895,0.015497323125600815,-30.07729721069336
242,0.242242231965065,47.95058059692383,-0.0010191439650952816,0.01211647130548954,-26.949138641357422
243,0.2432432323694229,47.99126052856445,-0.0010019945912063122,0.011500304564833641,-26.3485107421875
244,0.24424424767494202,48.031982421875,-0.0009863267187029123,0.01083624642342329,-25.64810562133789
245,0.24524524807929993,48.07273864746094,-0.0009626812534406781,0.009582025930285454,-24.31657600402832
246,0.24624624848365784,48.113529205322266,-0.000962743884883821,0.009936506859958172,-24.625476837158203
247,0.24724724888801575,48.154354095458984,-0.0009686520788818598,0.010697911493480206,-25.364883422851562
248,0.24824824929237366,48.19520950317383,-0.0010010107653215528,0.012696387246251106,-27.396324157714844
249,0.24924924969673157,48.236106872558594,-0.0009929633233696222,0.012297049164772034,-27.056678771972656
250,0.2502502501010895,48.277034759521484,-0.0009842760628089309,0.01142837293446064,-26.28437614440918
251,0.2512512505054474,48.317996978759766,-0.0010195918148383498,0.012761689722537994,-27.699880599975586
252,0.2522522509098053,48.35899353027344,-0.0010390798561275005,0.013499392196536064,-28.416259765625
253,0.2532532513141632,48.40003204345703,-0.0010572071187198162,0.014470390975475311,-29.309860229492188
254,0.2542542517185211,48.44109344482422,-0.0010578297078609467,0.014698367565870285,-29.51604461669922
255,0.25525525212287903,48.48219680786133,-0.0010067583061754704,0.012503515928983688,-27.417766571044922
256,0.25625625252723694,48.52333450317383,-0.001009553438052535,0.01284683495759964,-27.82564926147461
257,0.25725725293159485,48.564510345458984,-0.0010414180578663945,0.014509105123579502,-29.543216705322266
258,0.25825825333595276,48.605712890625,-0.0010854657739400864,0.016812749207019806,-31.797883987426758
259,0.25925925374031067,48.64695739746094,-0.0010413849959149957,0.015366356819868088,-30.4766845703125
260,0.2602602541446686,48.688236236572266,-0.0010264335433021188,0.015069671906530857,-30.17770004272461
261,0.2612612545490265,48.729549407958984,-0.0010033233556896448,0.014209910295903683,-29.308399200439453
262,0.2622622549533844,48.770896911621094,-0.0009762644185684621,0.012985855340957642,-28.068397521972656
263,0.2632632553577423,48.812278747558594,-0.0009591110283508897,0.012190369889140129,-27.252084732055664
264,0.2642642557621002,48.85369110107422,-0.0009759796084836125,0.013183803297579288,-28.275983810424805
265,0.26526525616645813,48.895145416259766,-0.0009739566594362259,0.013165821321308613,-28.22956085205078
266,0.26626625657081604,48.93663787841797,-0.0009796193335205317,0.013575189746916294,-28.577495574951172
267,0.26726725697517395,48.97815704345703,-0.000978692201897502,0.013823489658534527,-28.725887298583984
268,0.26826825737953186,49.01971435546875,-0.000990651547908783,0.014796686358749866,-29.645841598510742
269,0.26926925778388977,49.061309814453125,-0.0009551359107717872,0.013352110050618649,-28.111486434936523
270,0.2702702581882477,49.10293960571289,-0.000886994122993201,0.009032603353261948,-23.365360260009766
271,0.2712712585926056,49.14460754394531,-0.0009044446051120758,0.011311763897538185,-25.86446762084961
272,0.2722722589969635,49.18630599975586,-0.000902404310181737,0.011723305098712444,-26.25602912902832
273,0.2732732594013214,49.2280387878418,-0.0009588770335540175,0.015496722422540188,-30.2586727142334
274,0.2742742598056793,49.26980972290039,-0.001023126533254981,0.018762024119496346,-33.48894119262695
275,0.27527526021003723,49.31161880493164,-0.0010230543557554483,0.018529586493968964,-33.18069076538086
276,0.27627626061439514,49.35345458984375,-0.0010177313815802336,0.017922408878803253,-32.50142288208008
277,0.27727726101875305,49.39533233642578,-0.0009826358873397112,0.015894055366516113,-30.43718719482422
278,0.27827826142311096,49.4372444152832,-0.0010108186397701502,0.01724390871822834,-31.811920166015625
279,0.27927926182746887,49.479190826416016,-0.0010045184753835201,0.017064712941646576,-31.765735626220703
280,0.2802802622318268,49.52117156982422,-0.0009850756032392383,0.01601320132613182,-30.846668243408203
281,0.2812812626361847,49.56319046020508,-0.0009667343692854047,0.01492600329220295,-29.900840759277344
282,0.282282292842865,49.60525131225586,-0.0009596620802767575,0.01459311693906784,-29.72522735595703
283,0.2832832932472229,49.6473388671875,-0.0009636765462346375,0.01482353638857603,-30.10239601135254
284,0.2842842936515808,49.6894645690918,-0.0010094672907143831,0.017077051103115082,-32.46590042114258
285,0.2852852940559387,49.73162841796875,-0.000967229250818491,0.01507491897791624,-30.499622344970703
286,0.28628629446029663,49.77382278442383,-0.0010125141125172377,0.01751493290066719,-33.004066467285156
287,0.28728729486465454,49.81605911254883,-0.0010002378839999437,0.01711541786789894,-32.63970947265625
288,0.28828829526901245,49.85832595825195,-0.0010024630464613438,0.01750043034553528,-33.052162170410156
289,0.28928929567337036,49.900630950927734,-0.0010396635625511408,0.01985364593565464,-35.40608596801758
290,0.29029029607772827,49.94297409057617,-0.0010388689115643501,0.0204356350004673,-36.01128005981445
291,0.2912912964820862,49.985355377197266,-0.0010106121189892292,0.019589660689234734,-35.19217300415039
292,0.2922922968864441,50.02776336669922,-0.001018173643387854,0.02069399133324623,-36.305965423583984
293,0.293293297290802,50.07020950317383,-0.0009997279848903418,0.020173918455839157,-35.819557189941406
294,0.2942942976951599,50.11269760131836,-0.000984710524789989,0.019615909084677696,-35.28895568847656
295,0.2952952980995178,50.155216217041016,-0.000989623018540442,0.020006196573376656,-35.75273513793945
296,0.29629629850387573,50.197776794433594,-0.0009476013947278261,0.017878446727991104,-33.67170715332031
297,0.29729729890823364,50.2403678894043,-0.0009349444881081581,0.01732461154460907,-33.1738166809082
298,0.29829829931259155,50.282997131347656,-0.0009113095002248883,0.01628371700644493,-32.08322525024414
299,0.29929929971694946,50.32566452026367,-0.0008818230126053095,0.01491058524698019,-30.538665771484375
300,0.3003003001213074,50.36836242675781,-0.0009235969046130776,0.017365964129567146,-33.17045211791992
301,0.3013013005256653,50.41109848022461,-0.0009095021523535252,0.016871100291609764,-32.497886657714844
302,0.3023023009300232,50.45387649536133,-0.0008630406809970737,0.014232620596885681,-29.374563217163086
303,0.3033033013343811,50.49668502807617,-0.0008550374186597764,0.013436943292617798,-28.319297790527344
304,0.304304301738739,50.53953552246094,-0.0008371589938178658,0.011864213272929192,-26.39374351501465
305,0.3053053021430969,50.58241653442383,-0.0008396696648560464,0.011658321134746075,-26.096920013427734
306,0.30630630254745483,50.625335693359375,-0.0008533892105333507,0.012131941504776478,-26.637826919555664
307,0.30730730295181274,50.66829299926758,-0.0008693307172507048,0.012880582362413406,-27.52907371520996
308,0.30830830335617065,50.71128463745117,-0.0008683683117851615,0.012467523105442524,-27.090003967285156
309,0.30930930376052856,50.754310607910156,-0.0008772583678364754,0.01338724885135889,-28.18804931640625
310,0.3103103041648865,50.79737854003906,-0.0008500245166942477,0.011664793826639652,-26.239704132080078
311,0.3113113045692444,50.840476989746094,-0.0008546723984181881,0.012771566398441792,-27.565629959106445
312,0.3123123049736023,50.88361358642578,-0.0008652220712974668,0.014251969754695892,-29.357206344604492
313,0.3133133053779602,50.92679214477539,-0.0008994125528261065,0.017144978046417236,-32.764461517333984
314,0.3143143057823181,50.97000503540039,-0.0008799186907708645,0.016179295256733894,-31.83890151977539
315,0.315315306186676,51.01325225830078,-0.000914253992959857,0.018643947318196297,-34.727500915527344
316,0.31631630659103394,51.056541442871094,-0.000908717280253768,0.018367288634181023,-34.52375793457031
317,0.31731730699539185,51.099857330322266,-0.0009402129799127579,0.0202401764690876,-36.57716751098633
318,0.31831830739974976,51.14321517944336,-0.0009335239301435649,0.019731033593416214,-36.012332916259766
319,0.31931930780410767,51.186614990234375,-0.0009464361355639994,0.020515942946076393,-36.84130859375
320,0.3203203082084656,51.23004913330078,-0.0009853353258222342,0.02322758175432682,-39.650272369384766
321,0.3213213086128235,51.27351379394531,-0.0010146170388907194,0.025528790429234505,-41.959564208984375
322,0.3223223090171814,51.317020416259766,-0.0010027897078543901,0.02451791986823082,-40.9517707824707
323,0.3233233094215393,51.36056137084961,-0.0010209860047325492,0.02611684426665306,-42.525516510009766
324,0.3243243098258972,51.40414047241211,-0.000979798729531467,0.022739054635167122,-39.21258544921875
325,0.3253253102302551,51.44776153564453,-0.0009571858681738377,0.02107989229261875,-37.585567474365234
326,0.32632631063461304,51.49141311645508,-0.0009402927244082093,0.020041054114699364,-36.57447052001953
327,0.32732731103897095,51.53510284423828,-0.0009599544573575258,0.022014891728758812,-38.76170349121094
328,0.32832831144332886,51.578834533691406,-0.0009530060924589634,0.022060055285692215,-38.928993225097656
329,0.32932931184768677,51.622596740722656,-0.0009359135292470455,0.021456928923726082,-38.396705627441406
330,0.3303303122520447,51.66639709472656,-0.0009420624701306224,0.022525813430547714,-39.6488151550293
331,0.3313313126564026,51.71023941040039,-0.000971370143815875,0.025150306522846222,-42.52775192260742
332,0.3323323130607605,51.754112243652344,-0.0009720640955492854,0.025490406900644302,-43.00006866455078
333,0.3333333432674408,51.79802703857422,-0.0009693989995867014,0.025385309010744095,-42.98276901245117
334,0.3343343436717987,51.84197998046875,-0.0009518635342828929,0.02419929951429367,-41.823577880859375
335,0.3353353440761566,51.88597106933594,-0.0009551460389047861,0.02472647838294506,-42.40732192993164
336,0.3363363444805145,51.92999267578125,-0.0009482873138040304,0.02444053255021572,-42.106048583984375
337,0.33733734488487244,51.974056243896484,-0.0009171534911729395,0.02256704866886139,-40.08774185180664
338,0.33833834528923035,52.018157958984375,-0.000884952605701983,0.020666107535362244,-37.96141052246094
339,0.33933934569358826,52.06229782104492,-0.0009007095359265804,0.02202683873474598,-39.46719741821289
340,0.34034034609794617,52.106468200683594,-0.0008974407683126628,0.021990526467561722,-39.44993591308594
341,0.3413413465023041,52.15068054199219,-0.0008948579197749496,0.021868320181965828,-39.33980178833008
342,0.342342346906662,52.19493103027344,-0.000899860926438123,0.022196384146809578,-39.729103088378906
343,0.3433433473110199,52.23921585083008,-0.0009011086658574641,0.022128427401185036,-39.68443298339844
344,0.3443443477153778,52.283546447753906,-0.0008929939940571785,0.021305756643414497,-38.79536056518555
345,0.3453453481197357,52.327911376953125,-0.0008780654752627015,0.01999312825500965,-37.36311721801758
346,0.34634634852409363,52.372310638427734,-0.0008854523184709251,0.02051481418311596,-38.039730072021484
347,0.34734734892845154,52.416744232177734,-0.0008624678011983633,0.018674520775675774,-35.97985076904297
348,0.34834834933280945,52.46122360229492,-0.000891077215783298,0.020975623279809952,-38.62852478027344
349,0.34934934973716736,52.505733489990234,-0.0008787359111011028,0.0201606173068285,-37.69371032714844
350,0.35035035014152527,52.55028533935547,-0.0008634965633973479,0.0190786924213171,-36.422733306884766
351,0.3513513505458832,52.594879150390625,-0.0008615640690550208,0.019200509414076805,-36.56489944458008
352,0.3523523509502411,52.639503479003906,-0.0008560182759538293,0.01915910840034485,-36.52785873413086
353,0.353353351354599,52.68416976928711,-0.0008813467575237155,0.021736903116106987,-39.48448181152344
354,0.3543543517589569,52.72887420654297,-0.0008510455954819918,0.01965239830315113,-37.081825256347656
355,0.3553553521633148,52.77360916137695,-0.0008544349111616611,0.020161032676696777,-37.64378356933594
356,0.35635635256767273,52.81839370727539,-0.0008795442990958691,0.022356662899255753,-40.128807067871094
357,0.35735735297203064,52.86320495605469,-0.0008666923968121409,0.020717576146125793,-38.223793029785156
358,0.35835835337638855,52.90806198120117,-0.000856302329339087,0.019179660826921463,-36.44425582885742
359,0.35935935378074646,52.95295333862305,-0.0009036195697262883,0.02364240400493145,-41.544593811035156
360,0.36036035418510437,52.99788284301758,-0.0008788586710579693,0.020655309781432152,-38.262020111083984
361,0.3613613545894623,53.0428581237793,-0.0008767985855229199,0.02024168148636818,-37.89092254638672
362,0.3623623549938202,53.087860107421875,-0.0008701601764187217,0.019518902525305748,-37.1612548828125
363,0.3633633553981781,53.13290786743164,-0.0008376084733754396,0.016605304554104805,-33.83352279663086
364,0.364364355802536,53.1779899597168,-0.0008236136054620147,0.015734190121293068,-32.85761260986328
365,0.3653653562068939,53.223114013671875,-0.0008250696700997651,0.016369855031371117,-33.703121185302734
366,0.36636635661125183,53.268272399902344,-0.0008157655247487128,0.01627904176712036,-33.67737579345703
367,0.36736735701560974,53.31346893310547,-0.0008202559547498822,0.017436841502785683,-35.1639518737793
368,0.36836835741996765,53.358707427978516,-0.0008076002122834325,0.017138412222266197,-34.85002136230469
369,0.36936935782432556,53.40398025512695,-0.0008073177887126803,0.01765335351228714,-35.48680877685547
370,0.37037035822868347,53.44929885864258,-0.0008212683023884892,0.01936301775276661,-37.56874084472656
371,0.3713713586330414,53.49464797973633,-0.0008309051627293229,0.020494388416409492,-38.862396240234375
372,0.3723723590373993,53.5400390625,-0.0008090994087979198,0.018648885190486908,-36.50767517089844
373,0.3733733594417572,53.58546829223633,-0.0008238462614826858,0.01997508481144905,-38.00483703613281
374,0.3743743598461151,53.63093566894531,-0.0007936774636618793,0.017152171581983566,-34.383785247802734
375,0.375375360250473,53.67644500732422,-0.0008001526584848762,0.017836028710007668,-35.150272369384766
376,0.37637636065483093,53.721988677978516,-0.0007995715131983161,0.018360309302806854,-35.850852966308594
377,0.37737736105918884,53.76757049560547,-0.0008025209535844624,0.01906854659318924,-36.816402435302734
378,0.37837836146354675,53.813194274902344,-0.0008001060341484845,0.019183536991477013,-37.05042266845703
379,0.37937936186790466,53.858856201171875,-0.0007912552682682872,0.019075050950050354,-37.07149124145508
380,0.3803803622722626,53.9045524597168,-0.000782444782089442,0.019078610464930534,-37.25983810424805
381,0.3813813626766205,53.950294494628906,-0.0007553149480372667,0.017628764733672142,-35.52754211425781
382,0.3823823630809784,53.996070861816406,-0.0007404019124805927,0.01701227016746998,-34.81623458862305
383,0.3833833634853363,54.04188919067383,-0.0007529599242843688,0.018474481999874115,-36.83304214477539
384,0.3843843936920166,54.08774185180664,-0.0007629913743585348,0.019693007692694664,-38.46483612060547
385,0.3853853940963745,54.133636474609375,-0.0007583732367493212,0.019349796697497368,-38.002349853515625
386,0.3863863945007324,54.1795654296875,-0.0007849561516195536,0.02139863185584545,-40.599430084228516
387,0.38738739490509033,54.22554016113281,-0.0007737936684861779,0.02012058161199093,-38.90853500366211
388,0.38838839530944824,54.271549224853516,-0.0007723658345639706,0.019737381488084793,-38.39116287231445
389,0.38938939571380615,54.317596435546875,-0.0007673268555663526,0.019014116376638412,-37.43757247924805
390,0.39039039611816406,54.363685607910156,-0.0007563427789136767,0.0175147857517004,-35.47616958618164
391,0.391391396522522,54.40981674194336,-0.0007530864095315337,0.0165550597012043,-34.23860549926758
392,0.3923923969268799,54.45597839355469,-0.0007672417559660971,0.01702699437737465,-34.89597702026367
393,0.3933933973312378,54.502193450927734,-0.0007820421596989036,0.018100859597325325,-36.349449157714844
394,0.3943943977355957,54.54843521118164,-0.0007880785851739347,0.018659034743905067,-37.1366081237793
395,0.3953953981399536,54.59471893310547,-0.0007495206664316356,0.015372812747955322,-32.97896957397461
396,0.3963963985443115,54.64104080200195,-0.0007441679481416941,0.015018176287412643,-32.596614837646484
397,0.39739739894866943,54.68740463256836,-0.0007188053568825126,0.013198223896324635,-30.1976318359375
398,0.39839839935302734,54.73381042480469,-0.0007323262980207801,0.014487754553556442,-32.03611755371094
399,0.39939939975738525,54.780250549316406,-0.0007458635955117643,0.015727926045656204,-33.76821517944336
400,0.40040040016174316,54.82673263549805,-0.0007452818681485951,0.01585848070681095,-34.02479934692383
401,0.4014014005661011,54.87324905395508,-0.0007640040130354464,0.01793634332716465,-36.92643737792969
402,0.402402400970459,54.91980743408203,-0.000762527110055089,0.018465906381607056,-37.77566146850586
403,0.4034034013748169,54.96641540527344,-0.0007687027100473642,0.019969088956713676,-39.921207427978516
404,0.4044044017791748,55.01305389404297,-0.0007769252406433225,0.021495509892702103,-42.017189025878906
405,0.4054054021835327,55.059730529785156,-0.0007729317876510322,0.021365027874708176,-41.86655044555664
406,0.4064064025878906,55.106449127197266,-0.000760461378376931,0.02025221846997738,-40.384117126464844
407,0.40740740299224854,55.1532096862793,-0.0007538639474660158,0.019853519275784492,-39.803062438964844
408,0.40840840339660645,55.200008392333984,-0.0007702130824327469,0.022173980250954628,-42.787166595458984
409,0.40940940380096436,55.24684524536133,-0.0007718250853940845,0.02273234911262989,-43.41396713256836
410,0.41041040420532227,55.293724060058594,-0.0007665047305636108,0.02199261076748371,-42.34722900390625
411,0.4114114046096802,55.340641021728516,-0.0007683081785216928,0.022185876965522766,-42.58066940307617
412,0.4124124050140381,55.38759231567383,-0.0007544058607891202,0.020380623638629913,-40.285064697265625
413,0.413413405418396,55.43458938598633,-0.0007462268113158643,0.019436735659837723,-39.14342498779297
414,0.4144144058227539,55.481624603271484,-0.0007644686847925186,0.021383827552199364,-41.85692596435547
415,0.4154154062271118,55.52870178222656,-0.0007446814561262727,0.019439511001110077,-39.45149612426758
416,0.4164164066314697,55.5758171081543,-0.0007399632595479488,0.019246714189648628,-39.343238830566406
417,0.41741740703582764,55.62297439575195,-0.00075291539542377,0.02081143669784069,-41.559425354003906
418,0.41841840744018555,55.67017364501953,-0.0007544045802205801,0.021737538278102875,-42.883331298828125
419,0.41941940784454346,55.71741485595703,-0.0007541453232988715,0.02228676900267601,-43.66444396972656
420,0.42042040824890137,55.764686584472656,-0.0007525102701038122,0.02228505350649357,-43.6441650390625
421,0.4214214086532593,55.81200408935547,-0.0007523827371187508,0.022088855504989624,-43.32315444946289
422,0.4224224090576172,55.85935592651367,-0.0007514554890803993,0.02182895317673683,-42.91059112548828
423,0.4234234094619751,55.90675735473633,-0.0007264795713126659,0.019424671307206154,-39.5845832824707
424,0.424424409866333,55.954193115234375,-0.0007114614127203822,0.018537035211920738,-38.358787536621094
425,0.4254254102706909,56.00166702270508,-0.0006936214049346745,0.018225863575935364,-38.01295852661133
426,0.42642641067504883,56.04918670654297,-0.0006881718873046339,0.01893334463238716,-39.114112854003906
427,0.42742741107940674,56.096744537353516,-0.0006917841965332627,0.02018338441848755,-40.958309173583984
428,0.42842841148376465,56.14434814453125,-0.0006997133605182171,0.021410955116152763,-42.724998474121094
429,0.42942941188812256,56.191978454589844,-0.0006963899359107018,0.021062707528471947,-42.17634963989258
430,0.43043041229248047,56.239662170410156,-0.0007085881661623716,0.02185644768178463,-43.21599197387695
431,0.4314314126968384,56.287384033203125,-0.0007298007258214056,0.023334654048085213,-45.165992736816406
432,0.4324324131011963,56.335140228271484,-0.000725317164324224,0.02260984107851982,-44.22393798828125
433,0.4334334135055542,56.3829460144043,-0.0007334561087191105,0.023570038378238678,-45.64816665649414
434,0.4344344139099121,56.430782318115234,-0.0007443436188623309,0.024919753894209862,-47.571537017822266
435,0.43543541431427,56.478668212890625,-0.0007481523789465427,0.025345610454678535,-48.2452507019043
436,0.4364364445209503,56.526588439941406,-0.0007530479924753308,0.02588878944516182,-49.04429244995117
437,0.4374374449253082,56.574554443359375,-0.0007727625779807568,0.02968522347509861,-54.093414306640625
438,0.43843844532966614,56.62255859375,-0.0007792788674123585,0.031476352363824844,-56.489723205566406
439,0.43943944573402405,56.67060089111328,-0.0007765457266941667,0.030709460377693176,-55.61503601074219
440,0.44044044613838196,56.718685150146484,-0.0007660206756554544,0.02837902307510376,-52.709442138671875
441,0.44144144654273987,56.76681137084961,-0.0007699623238295317,0.029535973444581032,-54.315162658691406
442,0.4424424469470978,56.814979553222656,-0.0007600209210067987,0.02838335558772087,-52.9874382019043
443,0.4434434473514557,56.86318588256836,-0.0007464997470378876,0.02631305158138275,-50.357364654541016
444,0.4444444477558136,56.911434173583984,-0.0007370737730525434,0.02488766796886921,-48.5444450378418
445,0.4454454481601715,56.95972442626953,-0.0007469493430107832,0.026720097288489342,-51.16181182861328
446,0.4464464485645294,57.008056640625,-0.0007487839902751148,0.027187775820493698,-51.885101318359375
447,0.44744744896888733,57.056427001953125,-0.000743023119866848,0.026403920724987984,-50.93263626098633
448,0.44844844937324524,57.10483932495117,-0.000743212120141834,0.027253128588199615,-52.20153045654297
449,0.44944944977760315,57.153297424316406,-0.0007454773876816034,0.028757145628333092,-54.32994842529297
450,0.45045045018196106,57.20178985595703,-0.0007451792480424047,0.030136100947856903,-56.34100341796875
451,0.45145145058631897,57.25032424926758,-0.0007418711902573705,0.03011344000697136,-56.40473175048828
452,0.4524524509906769,57.29890060424805,-0.0007433568825945258,0.031089570373296738,-57.80145263671875
453,0.4534534513950348,57.3475227355957,-0.0007455628947354853,0.03142450377345085,-58.256446838378906
454,0.4544544517993927,57.396183013916016,-0.000749984581489116,0.032238077372312546,-59.33174514770508
455,0.4554554522037506,57.444881439208984,-0.0007448956603184342,0.029912857338786125,-56.16999053955078
456,0.4564564526081085,57.49362564086914,-0.0007414394058287144,0.02930993214249611,-55.41602325439453
457,0.45745745301246643,57.54240417480469,-0.0007376281428150833,0.029195941984653473,-55.353546142578125
458,0.45845845341682434,57.59122848510742,-0.0007387150544673204,0.030488723888993263,-57.201839447021484
459,0.45945945382118225,57.640098571777344,-0.0007356691057793796,0.030409077182412148,-57.130977630615234
460,0.46046045422554016,57.68900680541992,-0.0007389243110083044,0.031094713136553764,-57.972496032714844
461,0.46146145462989807,57.73795700073242,-0.0007367899524979293,0.030832011252641678,-57.667694091796875
462,0.462462455034256,57.786949157714844,-0.0007375997374765575,0.031459033489227295,-58.56187438964844
463,0.4634634554386139,57.83598327636719,-0.0007378790760412812,0.03274800628423691,-60.41942596435547
464,0.4644644558429718,57.88505554199219,-0.0007383569609373808,0.03327455371618271,-61.16581726074219
465,0.4654654562473297,57.934165954589844,-0.000737425172701478,0.03393789380788803,-62.16144943237305
466,0.4664664566516876,57.98332977294922,-0.0007269011111930013,0.03264210745692253,-60.68906021118164
467,0.46746745705604553,58.03252410888672,-0.0007168743759393692,0.03202901780605316,-60.14221954345703
468,0.46846845746040344,58.08176803588867,-0.0007113793399184942,0.03338966518640518,-62.274906158447266
469,0.46946945786476135,58.131046295166016,-0.0007084516109898686,0.03493154048919678,-64.54751586914062
470,0.47047045826911926,58.18037414550781,-0.0007055107271298766,0.03439822793006897,-63.79113006591797
471,0.4714714586734772,58.229740142822266,-0.0007065164973028004,0.035724204033613205,-65.54838562011719
472,0.4724724590778351,58.27914810180664,-0.0007093030726537108,0.036846160888671875,-66.90896606445312
473,0.473473459482193,58.32859802246094,-0.0007097712368704379,0.03666262328624725,-66.5497817993164
474,0.4744744598865509,58.37809371948242,-0.0007065397221595049,0.03824035823345184,-69.0653305053711
475,0.4754754602909088,58.42762756347656,-0.0007016205927357078,0.03696012869477272,-67.55873107910156
476,0.4764764606952667,58.47719955444336,-0.0007003489881753922,0.036873310804367065,-67.65579986572266
477,0.47747746109962463,58.52682113647461,-0.0007034572772681713,0.038223445415496826,-69.67919921875
478,0.47847846150398254,58.57647705078125,-0.0007083515520207584,0.0400049164891243,-72.30579376220703
479,0.47947946190834045,58.626182556152344,-0.0007229647599160671,0.04427213966846466,-78.3495864868164
480,0.48048046231269836,58.675926208496094,-0.000711974804289639,0.042690210044384,-76.49089050292969
481,0.4814814627170563,58.725711822509766,-0.0007095003384165466,0.04465607553720474,-79.67401123046875
482,0.4824824631214142,58.775543212890625,-0.0007002877537161112,0.0434408038854599,-78.27421569824219
483,0.4834834635257721,58.82541275024414,-0.0007012221030890942,0.044052623212337494,-79.20197296142578
484,0.48448446393013,58.875328063964844,-0.0007069430430419743,0.044952746480703354,-80.28485870361328
485,0.4854854643344879,58.92528533935547,-0.0007160434033721685,0.046055179089307785,-81.4813461303711
486,0.4864864647388458,58.97528076171875,-0.0007131292950361967,0.0454782210290432,-80.73977661132812
487,0.4874874949455261,59.025325775146484,-0.0007040025084279478,0.04493662342429161,-80.43576049804688
488,0.48848849534988403,59.07540512084961,-0.000697603274602443,0.04363948106765747,-78.84326171875
489,0.48948949575424194,59.12553024291992,-0.0006938364822417498,0.04310377314686775,-78.24140167236328
490,0.49049049615859985,59.17570114135742,-0.0006896656705066562,0.0440630242228508,-79.9620590209961
491,0.49149149656295776,59.22591781616211,-0.000684508413542062,0.04429704695940018,-80.69493865966797
492,0.4924924969673157,59.27616500854492,-0.0006798543035984039,0.04294673353433609,-78.9848861694336
493,0.4934934973716736,59.32646560668945,-0.00067611422855407,0.04205143079161644,-77.89808654785156
494,0.4944944977760315,59.376800537109375,-0.0006756437360309064,0.04247477278113365,-78.61402893066406
495,0.4954954981803894,59.427181243896484,-0.0006809361511841416,0.04463314637541771,-81.72895050048828
496,0.4964964985847473,59.47761154174805,-0.0006902107270434499,0.04765458405017853,-86.0913314819336
497,0.4974974989891052,59.528072357177734,-0.0006837344844825566,0.04688376933336258,-85.26103210449219
498,0.49849849939346313,59.57858657836914,-0.0006750019965693355,0.045632921159267426,-83.79035186767578
499,0.49949949979782104,59.62913513183594,-0.0006689655128866434,0.043922293931245804,-81.38369750976562
500,0.500500500202179,59.67972946166992,-0.0006648635608144104,0.04300612583756447,-80.22610473632812
501,0.5015015006065369,59.73036575317383,-0.0006621890352107584,0.04108453914523125,-77.41815185546875
502,0.5025025010108948,59.78105163574219,-0.000663040264043957,0.04015146568417549,-75.97149658203125
503,0.5035035014152527,59.83177947998047,-0.0006639701314270496,0.03983500227332115,-75.51815032958984
504,0.5045045018196106,59.88254165649414,-0.0006651504663750529,0.041347093880176544,-77.97534942626953
505,0.5055055022239685,59.93335723876953,-0.0006637789774686098,0.04138709977269173,-78.24467468261719
506,0.5065065026283264,59.98421096801758,-0.0006630861316807568,0.04191437363624573,-79.25402069091797
507,0.5075075030326843,60.03510665893555,-0.0006617825711145997,0.041836194694042206,-79.3311767578125
508,0.5085085034370422,60.08604431152344,-0.0006607625400647521,0.042707569897174835,-80.85581970214844
509,0.5095095038414001,60.13703155517578,-0.000657642085570842,0.04019324481487274,-77.06498718261719
510,0.5105105042457581,60.18806076049805,-0.0006590301054529846,0.04018022119998932,-76.8803482055664
511,0.511511504650116,60.2391242980957,-0.0006583922076970339,0.039598483592271805,-75.95927429199219
512,0.5125125050544739,60.29024124145508,-0.00065918656764552,0.03937694802880287,-75.46489715576172
513,0.5135135054588318,60.341392517089844,-0.0006574385333806276,0.039100926369428635,-75.07968139648438
514,0.5145145058631897,60.39259719848633,-0.0006561296177096665,0.0388149730861187,-74.66171264648438
515,0.5155155062675476,60.44384002685547,-0.0006562273483723402,0.03990941867232323,-76.26266479492188
516,0.5165165066719055,60.495121002197266,-0.0006547914817929268,0.040090497583150864,-76.66793060302734
517,0.5175175070762634,60.54645538330078,-0.0006501016905531287,0.039404965937137604,-76.12096405029297
518,0.5185185074806213,60.59783172607422,-0.0006467491039074957,0.0408959798514843,-78.95426940917969
519,0.5195195078849792,60.64924621582031,-0.0006451397202908993,0.040810901671648026,-79.16520690917969
520,0.5205205082893372,60.700706481933594,-0.0006424146704375744,0.041982218623161316,-81.4223861694336
521,0.5215215086936951,60.75221252441406,-0.0006404035957530141,0.04160430282354355,-81.2173843383789
522,0.522522509098053,60.80376434326172,-0.0006394716328941286,0.04076161980628967,-80.15380096435547
523,0.5235235095024109,60.85535430908203,-0.0006371554918587208,0.04094143584370613,-80.8475570678711
524,0.5245245099067688,60.90699005126953,-0.000634373165667057,0.040665727108716965,-80.88935089111328
525,0.5255255103111267,60.95866775512695,-0.0006327875889837742,0.040251538157463074,-80.5188217163086
526,0.5265265107154846,61.01039123535156,-0.0006323459092527628,0.04090641438961029,-81.61152648925781
527,0.5275275111198425,61.06216049194336,-0.000632860348559916,0.04250619187951088,-84.08952331542969
528,0.5285285115242004,61.11397171020508,-0.0006332816556096077,0.041171468794345856,-81.82611846923828
529,0.5295295119285583,61.165828704833984,-0.0006352604832500219,0.04136788845062256,-81.90013885498047
530,0.5305305123329163,61.21773147583008,-0.0006350109470076859,0.04146049544215202,-82.01859283447266
531,0.5315315127372742,61.26966857910156,-0.0006302360561676323,0.040579654276371,-80.96229553222656
532,0.5325325131416321,61.3216552734375,-0.0006249714642763138,0.040608253329992294,-81.46054077148438
533,0.53353351354599,61.373695373535156,-0.0006210713181644678,0.04125785082578659,-82.85926818847656
534,0.5345345139503479,61.4257698059082,-0.0006183709483593702,0.04045284166932106,-81.68882751464844
535,0.5355355143547058,61.47788619995117,-0.0006147122476249933,0.03830501064658165,-78.31587982177734
536,0.5365365147590637,61.530052185058594,-0.0006137055461294949,0.038574252277612686,-78.73055267333984
537,0.5375375151634216,61.5822639465332,-0.0006126426160335541,0.03768976405262947,-77.16960144042969
538,0.5385385155677795,61.63451385498047,-0.0006095350254327059,0.03778255730867386,-77.5885238647461
539,0.5395395755767822,61.68681716918945,-0.0006089463131502271,0.03896932676434517,-79.71772003173828
540,0.5405405759811401,61.73915481567383,-0.0006108617526479065,0.03933539241552353,-80.19404602050781
541,0.541541576385498,61.791542053222656,-0.0006113239214755595,0.03902515769004822,-79.683837890625
542,0.542542576789856,61.843971252441406,-0.0006107851513661444,0.03930545970797539,-80.35465240478516
543,0.5435435771942139,61.89645004272461,-0.0006113236886449158,0.039629798382520676,-80.98709106445312
544,0.5445445775985718,61.94896697998047,-0.0006111254333518445,0.038040898740291595,-78.41162109375
545,0.5455455780029297,62.001529693603516,-0.0006095024291425943,0.03734402358531952,-77.45659637451172
546,0.5465465784072876,62.05413818359375,-0.0006089427042752504,0.03772363066673279,-78.17073822021484
547,0.5475475788116455,62.10679244995117,-0.0006055239355191588,0.03824847564101219,-79.3366928100586
548,0.5485485792160034,62.159488677978516,-0.0006014499813318253,0.03819228336215019,-79.4800796508789
549,0.5495495796203613,62.21223068237305,-0.0005954091320745647,0.03607409447431564,-75.93048095703125
550,0.5505505800247192,62.26502227783203,-0.0005944989970885217,0.03655282035470009,-76.66460418701172
551,0.5515515804290771,62.31785202026367,-0.0005951000493951142,0.03787851333618164,-78.89488983154297
552,0.5525525808334351,62.3707275390625,-0.000593994278460741,0.038959767669439316,-80.89518737792969
553,0.553553581237793,62.42365264892578,-0.0005892962217330933,0.038948509842157364,-81.3606185913086
554,0.5545545816421509,62.476619720458984,-0.0005886764847673476,0.040239959955215454,-83.96470642089844
555,0.5555555820465088,62.52962875366211,-0.0005859531229361892,0.03945007920265198,-82.93090057373047
556,0.5565565824508667,62.58268737792969,-0.0005882374243810773,0.04042896255850792,-84.69172668457031
557,0.5575575828552246,62.63578796386719,-0.0005895801587030292,0.040199827402830124,-84.23004150390625
558,0.5585585832595825,62.688934326171875,-0.000590475567150861,0.04052119702100754,-84.80198669433594
559,0.5595595836639404,62.74212646484375,-0.0005926029989495873,0.04204262048006058,-87.40011596679688
560,0.5605605840682983,62.79536437988281,-0.0005937007954344153,0.04008077085018158,-83.76068878173828
561,0.5615615844726562,62.8486442565918,-0.0005916741210967302,0.037629175931215286,-79.4762191772461
562,0.5625625848770142,62.901973724365234,-0.0005899162497371435,0.0375848151743412,-79.45199584960938
563,0.5635635852813721,62.955345153808594,-0.0005852185422554612,0.03769322484731674,-79.92568969726562
564,0.56456458568573,63.008766174316406,-0.0005814124597236514,0.03725022077560425,-79.27420806884766
565,0.5655655860900879,63.062225341796875,-0.0005805513355880976,0.038534555584192276,-81.45429229736328
566,0.5665665864944458,63.11573791503906,-0.0005763763329014182,0.03840844705700874,-81.42572784423828
567,0.5675675868988037,63.16929244995117,-0.0005685268552042544,0.036856748163700104,-79.14789581298828
568,0.5685685873031616,63.2228889465332,-0.0005615210975520313,0.0365196168422699,-79.07969665527344
569,0.5695695877075195,63.27653503417969,-0.0005609880317933857,0.03795408084988594,-81.8520736694336
570,0.5705705881118774,63.33022689819336,-0.0005583244492299855,0.03641647845506668,-79.10159301757812
571,0.5715715885162354,63.38396072387695,-0.0005594986723735929,0.03590899333357811,-78.01738739013672
572,0.5725725889205933,63.437744140625,-0.0005546716274693608,0.03394341096282005,-74.63397979736328
573,0.5735735893249512,63.4915657043457,-0.0005552791990339756,0.03521448373794556,-77.12541198730469
574,0.5745745897293091,63.545440673828125,-0.0005508469184860587,0.033890560269355774,-74.95068359375
575,0.575575590133667,63.599361419677734,-0.0005500680999830365,0.03417029604315758,-75.64578247070312
576,0.5765765905380249,63.65332794189453,-0.0005466286092996597,0.03419890254735947,-76.07828521728516
577,0.5775775909423828,63.707332611083984,-0.0005444842972792685,0.034509070217609406,-76.940185546875
578,0.5785785913467407,63.761390686035156,-0.0005440064123831689,0.035262733697891235,-78.51795196533203
579,0.5795795917510986,63.815494537353516,-0.0005444088601507246,0.036039721220731735,-80.12406158447266
580,0.5805805921554565,63.8696403503418,-0.0005462270928546786,0.0370054729282856,-82.05488586425781
581,0.5815815925598145,63.92383575439453,-0.0005462236003950238,0.03657997027039528,-81.28779602050781
582,0.5825825929641724,63.97807693481445,-0.0005431557074189186,0.03645085170865059,-81.38002014160156
583,0.5835835933685303,64.03236389160156,-0.0005391492159105837,0.03587116301059723,-80.57917022705078
584,0.5845845937728882,64.0866928100586,-0.0005427922587841749,0.03745143115520477,-83.48341369628906
585,0.5855855941772461,64.14107513427734,-0.0005455202190205455,0.03767145425081253,-83.60806274414062
586,0.586586594581604,64.19549560546875,-0.0005446273135021329,0.03701484948396683,-82.37370300292969
587,0.5875875949859619,64.24996948242188,-0.0005423838156275451,0.03687162697315216,-82.38912963867188
588,0.5885885953903198,64.30448150634766,-0.0005406119744293392,0.03726676106452942,-83.52591705322266
589,0.5895895957946777,64.35903930664062,-0.0005372262094169855,0.03686124458909035,-83.21407318115234
590,0.5905905961990356,64.41365814208984,-0.0005355614703148603,0.03620048612356186,-82.22139739990234
591,0.5915915966033936,64.46830749511719,-0.0005381517112255096,0.03626478463411331,-82.3020248413086
592,0.5925925970077515,64.52301025390625,-0.0005401541711762547,0.03746085241436958,-84.68766021728516
593,0.5935935974121094,64.5777587890625,-0.000533318379893899,0.03668278083205223,-83.85433959960938
594,0.5945945978164673,64.63255310058594,-0.000524715636856854,0.03490331396460533,-80.92952728271484
595,0.5955955982208252,64.68739318847656,-0.0005208480870351195,0.033452194184064865,-78.17605590820312
596,0.5965965986251831,64.74227905273438,-0.0005241025355644524,0.034519780427217484,-80.17078399658203
597,0.597597599029541,64.7972183227539,-0.0005252016708254814,0.036011237651109695,-83.3060302734375
598,0.5985985994338989,64.8521957397461,-0.0005196563433855772,0.033392082899808884,-78.56012725830078
599,0.5995995998382568,64.9072265625,-0.0005203166510909796,0.03324437513947487,-78.27196502685547
600,0.6006006002426147,64.96229553222656,-0.0005221759201958776,0.03429114446043968,-80.2757339477539
601,0.6016016006469727,65.01741790771484,-0.0005236539873294532,0.03432239219546318,-80.21344757080078
602,0.6026026010513306,65.07258605957031,-0.0005266097141429782,0.03480338677763939,-80.82748413085938
603,0.6036036014556885,65.12779998779297,-0.0005257314769551158,0.034161604940891266,-79.53829956054688
604,0.6046046018600464,65.18305969238281,-0.0005249159876257181,0.03473813459277153,-80.80465698242188
605,0.6056056022644043,65.23836517333984,-0.0005195521516725421,0.033759843558073044,-79.3707504272461
606,0.6066066026687622,65.2937240600586,-0.0005164527683518827,0.033717747777700424,-79.67878723144531
607,0.6076076030731201,65.34912872314453,-0.000518945453222841,0.03501838445663452,-82.29489135742188
608,0.608608603477478,65.40457916259766,-0.0005233670235611498,0.03634742647409439,-84.69500732421875
609,0.6096096038818359,65.46007537841797,-0.0005262791528366506,0.03708305209875107,-85.8812484741211
610,0.6106106042861938,65.51561737060547,-0.0005263263010419905,0.03715008497238159,-85.98285675048828
611,0.6116116046905518,65.57120513916016,-0.000521332083735615,0.035849086940288544,-83.86537170410156
612,0.6126126050949097,65.62684631347656,-0.0005194575060158968,0.03649217635393143,-85.48287200927734
613,0.6136136054992676,65.68252563476562,-0.0005171041702851653,0.03608600050210953,-84.99290466308594
614,0.6146146059036255,65.7382583618164,-0.0005137056577950716,0.035016611218452454,-83.1345443725586
615,0.6156156063079834,65.79403686523438,-0.0005111047648824751,0.03487329185009003,-83.15184783935547
616,0.6166166067123413,65.84986877441406,-0.0005043510464020073,0.0326346680521965,-78.91221618652344
617,0.6176176071166992,65.9057388305664,-0.00050989945884794,0.035039160400629044,-83.63890838623047
618,0.6186186075210571,65.96166229248047,-0.0005070189363323152,0.034654032438993454,-83.0267562866211
619,0.619619607925415,66.01763153076172,-0.0005039976676926017,0.03392283245921135,-81.71231842041016
620,0.620620608329773,66.07364654541016,-0.0005022911354899406,0.033051639795303345,-79.95712280273438
621,0.6216216087341309,66.12971496582031,-0.0005020620301365852,0.033465463668107986,-80.88362884521484
622,0.6226226091384888,66.18582916259766,-0.0004988410510122776,0.03288711607456207,-79.82698822021484
623,0.6236236095428467,66.24198150634766,-0.0004956160555593669,0.03271259367465973,-79.63109588623047
624,0.6246246099472046,66.29818725585938,-0.0004956062766723335,0.034603752195835114,-83.82606506347656
625,0.6256256103515625,66.35443878173828,-0.0004934893804602325,0.03611881285905838,-87.55915832519531
626,0.6266266107559204,66.4107437133789,-0.00048662780318409204,0.03522414714097977,-86.18244934082031
627,0.6276276111602783,66.46709442138672,-0.0004814600688405335,0.03435634821653366,-84.69215393066406
628,0.6286286115646362,66.52349090576172,-0.0004834817664232105,0.03493918851017952,-85.87957763671875
629,0.6296296119689941,66.57994079589844,-0.00048271415289491415,0.03465365245938301,-85.3957748413086
630,0.630630612373352,66.63642883300781,-0.00047835445730015635,0.03224700689315796,-80.44960021972656
631,0.63163161277771,66.6929702758789,-0.00048135200631804764,0.032903578132390976,-81.77324676513672
632,0.6326326131820679,66.74955749511719,-0.00048062362475320697,0.032694004476070404,-81.51707458496094
633,0.6336336135864258,66.80619812011719,-0.0004792746331077069,0.03303689509630203,-82.55701446533203
634,0.6346346139907837,66.86288452148438,-0.00048119196435436606,0.03432174399495125,-85.35698699951172
635,0.6356356143951416,66.91961669921875,-0.0004846283991355449,0.03559250757098198,-87.90726470947266
636,0.6366366147994995,66.97640228271484,-0.00048730080015957355,0.03627513349056244,-89.20117950439453
637,0.6376376152038574,67.0332260131836,-0.0004872885183431208,0.034630630165338516,-85.750732421875
638,0.6386386156082153,67.0901107788086,-0.000488936435431242,0.035636529326438904,-87.83490753173828
639,0.6396396160125732,67.14703369140625,-0.0004893209552392364,0.035677362233400345,-88.01565551757812
640,0.6406406164169312,67.20401000976562,-0.0004888911498710513,0.035773854702711105,-88.36607360839844
641,0.6416416764259338,67.26103210449219,-0.0004874799633398652,0.03654847666621208,-90.2619400024414
642,0.6426426768302917,67.31810760498047,-0.000484893680550158,0.03513507917523384,-87.52447509765625
643,0.6436436772346497,67.37522888183594,-0.00048184680053964257,0.03433889523148537,-86.17887115478516
644,0.6446446776390076,67.4323959350586,-0.0004803001938853413,0.03493836522102356,-87.71465301513672
645,0.6456456780433655,67.48960876464844,-0.00047773547703400254,0.03505938500165939,-88.34121704101562
646,0.6466466784477234,67.546875,-0.0004751632222905755,0.03385789319872856,-85.99385070800781
647,0.6476476788520813,67.60418701171875,-0.0004749120562337339,0.033814411610364914,-85.86409759521484
648,0.6486486792564392,67.66155242919922,-0.0004742374294437468,0.033854980021715164,-85.95295715332031
649,0.6496496796607971,67.71896362304688,-0.0004741923767141998,0.034445345401763916,-87.21800231933594
650,0.650650680065155,67.77642822265625,-0.00046989324619062245,0.033369358628988266,-85.28388214111328
651,0.6516516804695129,67.83393859863281,-0.00046821360592730343,0.03339415788650513,-85.52622985839844
652,0.6526526808738708,67.89148712158203,-0.00046829559141770005,0.03388098254799843,-86.5902328491211
653,0.6536536812782288,67.9490966796875,-0.00046725303400307894,0.03392244502902031,-86.73722076416016
654,0.6546546816825867,68.00675201416016,-0.0004639075486920774,0.03317148983478546,-85.3047103881836
655,0.6556556820869446,68.064453125,-0.00045741588110104203,0.03256697207689285,-84.62023162841797
656,0.6566566824913025,68.1222152709961,-0.00045418235822580755,0.03274530544877052,-85.4370346069336
657,0.6576576828956604,68.18000793457031,-0.00045343328383751214,0.03346029669046402,-87.25908660888672
658,0.6586586833000183,68.23786163330078,-0.0004499865463003516,0.031698573380708694,-83.44921875
659,0.6596596837043762,68.29576110839844,-0.00045125247561372817,0.03261689096689224,-85.48411560058594
660,0.6606606841087341,68.35371398925781,-0.0004504514508880675,0.03191838040947914,-83.94845581054688
661,0.661661684513092,68.41171264648438,-0.0004497474292293191,0.03227121755480766,-84.82261657714844
662,0.66266268491745,68.46975708007812,-0.0004490625869948417,0.032713521271944046,-85.89787292480469
663,0.6636636853218079,68.5278549194336,-0.00044838900794275105,0.033829912543296814,-88.61382293701172
664,0.6646646857261658,68.58599853515625,-0.0004456818278413266,0.03385672718286514,-88.96076202392578
665,0.6656656861305237,68.64419555664062,-0.0004414832219481468,0.03321368992328644,-87.75111389160156
666,0.6666666865348816,68.70243835449219,-0.00043879792792722583,0.03341073915362358,-88.3413314819336
667,0.6676676869392395,68.76073455810547,-0.00043637907947413623,0.03405340015888214,-89.9864730834961
668,0.6686686873435974,68.81907653808594,-0.00043464082409627736,0.035138826817274094,-92.66559600830078
669,0.6696696877479553,68.87747192382812,-0.00043181300861760974,0.035547077655792236,-93.7999038696289
670,0.6706706881523132,68.9359130859375,-0.00042815180495381355,0.03474545478820801,-92.01604461669922
671,0.6716716885566711,68.9944076538086,-0.0004257506225258112,0.03409441187977791,-90.6114501953125
672,0.672672688961029,69.05294799804688,-0.0004249239864293486,0.03415980562567711,-90.86202239990234
673,0.673673689365387,69.11154174804688,-0.0004263626178726554,0.034897323697805405,-92.52204132080078
674,0.6746746897697449,69.17018127441406,-0.0004279825370758772,0.034830350428819656,-92.29666900634766
675,0.6756756901741028,69.22887420654297,-0.0004294762038625777,0.03572092950344086,-94.55255889892578
676,0.6766766905784607,69.2876205444336,-0.00043097714660689235,0.036738988012075424,-97.23411560058594
677,0.6776776909828186,69.34640502929688,-0.0004340715240687132,0.03721170127391815,-98.30826568603516
678,0.6786786913871765,69.4052505493164,-0.0004355433047749102,0.03644281253218651,-96.29022979736328
679,0.6796796917915344,69.4641342163086,-0.000435608351835981,0.03486556187272072,-92.3936996459961
680,0.6806806921958923,69.52307891845703,-0.0004387584049254656,0.0349813848733902,-92.37230682373047
681,0.6816816926002502,69.58206939697266,-0.00044191029155626893,0.03653331473469734,-95.9890365600586
682,0.6826826930046082,69.64111328125,-0.00043802557047456503,0.03572600707411766,-94.71724700927734
683,0.6836836934089661,69.7001953125,-0.0004363861517049372,0.036208149045705795,-96.41812896728516
684,0.684684693813324,69.75934600830078,-0.0004347578505985439,0.03557687625288963,-95.29789733886719
685,0.6856856942176819,69.81852722167969,-0.00043439309229142964,0.035352714359760284,-94.97740936279297
686,0.6866866946220398,69.87776947021484,-0.0004358900187071413,0.0358290895819664,-96.12977600097656
687,0.6876876950263977,69.93706512451172,-0.0004351070965640247,0.03486574813723564,-93.93732452392578
688,0.6886886954307556,69.99640655517578,-0.000433198205428198,0.034022532403469086,-92.18521118164062
689,0.6896896958351135,70.05580139160156,-0.0004274061066098511,0.031782932579517365,-87.44598388671875
690,0.6906906962394714,70.11524200439453,-0.00042184293852187693,0.030896244570612907,-86.03145599365234
691,0.6916916966438293,70.17473602294922,-0.000420019292505458,0.03191227838397026,-88.85816955566406
692,0.6926926970481873,70.23428344726562,-0.0004214275977574289,0.03257785737514496,-90.30349731445312
693,0.6936936974525452,70.29387664794922,-0.0004253460210748017,0.03407058119773865,-93.37811279296875
694,0.6946946978569031,70.353515625,-0.00042988976929336786,0.035100601613521576,-94.97657012939453
695,0.695695698261261,70.41321563720703,-0.00042886423761956394,0.033671338111162186,-91.476806640625
696,0.6966966986656189,70.47296142578125,-0.0004238259280100465,0.035535845905542374,-96.55233764648438
697,0.6976976990699768,70.53276062011719,-0.00041791307739913464,0.03494397923350334,-95.80998229980469
698,0.6986986994743347,70.59259796142578,-0.0004129493026994169,0.0345211997628212,-95.35401153564453
699,0.6996996998786926,70.65249633789062,-0.00040921749314293265,0.03517385572195053,-97.43585968017578
700,0.7007007002830505,70.71244812011719,-0.0004070076101925224,0.03494792804121971,-97.18221282958984
701,0.7017017006874084,70.77244567871094,-0.0004055722092743963,0.03355661779642105,-93.90168762207031
702,0.7027027010917664,70.83250427246094,-0.000405617494834587,0.03430136665701866,-95.64140319824219
703,0.7037037014961243,70.8926010131836,-0.0004055750905536115,0.03378285840153694,-94.23999786376953
704,0.7047047019004822,70.95275115966797,-0.00040435983100906014,0.03209156170487404,-90.17975616455078
705,0.7057057023048401,71.0129623413086,-0.0004026551032438874,0.03134166821837425,-88.60801696777344
706,0.706706702709198,71.07321166992188,-0.0004009370459243655,0.030921373516321182,-87.84347534179688
707,0.7077077031135559,71.1335220336914,-0.0004004726361017674,0.03012225218117237,-86.0876693725586
708,0.7087087035179138,71.19387817382812,-0.00039869514876045287,0.03035706654191017,-86.89338684082031
709,0.7097097039222717,71.25428771972656,-0.00039734470192342997,0.03074580617249012,-87.99148559570312
710,0.7107107043266296,71.31475067138672,-0.0003981124027632177,0.030548594892024994,-87.35262298583984
711,0.7117117047309875,71.37525939941406,-0.000398732052417472,0.031049467623233795,-88.36463928222656
712,0.7127127051353455,71.4358139038086,-0.0003997254534624517,0.029639385640621185,-84.9006576538086
713,0.7137137055397034,71.4964370727539,-0.00039810745511204004,0.029153352603316307,-84.04121398925781
714,0.7147147059440613,71.55709838867188,-0.00039777715574018657,0.02867897041141987,-83.0548095703125
715,0.7157157063484192,71.61781311035156,-0.00039789974107407033,0.02920190989971161,-84.4504165649414
716,0.7167167067527771,71.67858123779297,-0.00039719819324091077,0.0281877089291811,-82.24867248535156
717,0.717717707157135,71.7394027709961,-0.00039623930933885276,0.029346682131290436,-85.43162536621094
718,0.7187187075614929,71.8002700805664,-0.0003974389983341098,0.030633073300123215,-88.67581939697266
719,0.7197197079658508,71.86119842529297,-0.0003998321481049061,0.030334245413541794,-87.79054260253906
720,0.7207207083702087,71.92217254638672,-0.00040071186958812177,0.02979261986911297,-86.46861267089844
721,0.7217217087745667,71.98320007324219,-0.0003991224803030491,0.028789157047867775,-84.3118667602539
722,0.7227227091789246,72.04427337646484,-0.0003981772460974753,0.02826291136443615,-83.29735565185547
723,0.7237237095832825,72.10540771484375,-0.0003955294087063521,0.027065610513091087,-80.57193756103516
724,0.7247247099876404,72.16658782958984,-0.00039253791328519583,0.0266618262976408,-79.9214096069336
725,0.7257257103919983,72.22782135009766,-0.00039293296867981553,0.027662964537739754,-82.86138916015625
726,0.7267267107963562,72.28910827636719,-0.0003900149022229016,0.027668768540024757,-83.31697082519531
727,0.7277277112007141,72.3504409790039,-0.00038892432348802686,0.028486181050539017,-85.71613311767578
728,0.728728711605072,72.41183471679688,-0.0003866259939968586,0.02845017798244953,-85.85597229003906
729,0.7297297120094299,72.47327423095703,-0.0003843008598778397,0.02759491093456745,-83.82774353027344
730,0.7307307124137878,72.53477478027344,-0.00038419885095208883,0.02722175605595112,-82.80652618408203
731,0.7317317128181458,72.59632110595703,-0.0003849473432637751,0.02671859785914421,-81.37570190429688
732,0.7327327132225037,72.65791320800781,-0.00038504612166434526,0.027597902342677116,-83.62272644042969
733,0.7337337136268616,72.71956634521484,-0.0003822611761279404,0.029418164864182472,-88.54683685302734
734,0.7347347140312195,72.78126525878906,-0.00038168011815287173,0.029330896213650703,-88.5521240234375
735,0.7357357144355774,72.84302520751953,-0.0003810807247646153,0.02933494560420513,-88.76069641113281
736,0.7367367148399353,72.90483093261719,-0.0003795779775828123,0.029758205637335777,-90.14250946044922
737,0.7377377152442932,72.96669006347656,-0.0003793534415308386,0.02996205911040306,-90.7281265258789
738,0.7387387156486511,73.02860260009766,-0.0003783073043450713,0.030198246240615845,-91.54224395751953
739,0.739739716053009,73.09056854248047,-0.0003771963238250464,0.02993600256741047,-90.99747467041016
740,0.7407407164573669,73.152587890625,-0.00037649302976205945,0.030637210234999657,-93.08152770996094
741,0.7417417168617249,73.21465301513672,-0.0003751141484826803,0.030278289690613747,-92.2288818359375
742,0.7427427172660828,73.27677917480469,-0.00037807959597557783,0.03264257684350014,-98.42064666748047
743,0.7437437772750854,73.33895874023438,-0.0003763064742088318,0.031075961887836456,-94.15473175048828
744,0.7447447776794434,73.40119171142578,-0.00037571185384877026,0.030937587842345238,-93.69071197509766
745,0.7457457780838013,73.46347045898438,-0.00037459639133885503,0.03125416859984398,-94.57001495361328
746,0.7467467784881592,73.52580261230469,-0.00037352918297983706,0.03224436938762665,-97.38812255859375
747,0.7477477788925171,73.58819580078125,-0.0003702965914271772,0.03189786151051521,-96.81768798828125
748,0.748748779296875,73.65062713623047,-0.00036677310708910227,0.03150729835033417,-96.24317169189453
749,0.7497497797012329,73.71311950683594,-0.0003652856685221195,0.032115839421749115,-98.28329467773438
750,0.7507507801055908,73.77567291259766,-0.00036468455800786614,0.03220456466078758,-98.72113800048828
751,0.7517517805099487,73.83826446533203,-0.0003663854440674186,0.03318427875638008,-101.40193939208984
752,0.7527527809143066,73.90092468261719,-0.00037012799293734133,0.03417293727397919,-103.83556365966797
753,0.7537537813186646,73.963623046875,-0.0003730360767804086,0.03483960032463074,-105.46049499511719
754,0.7547547817230225,74.02638244628906,-0.00037448975490406156,0.035928405821323395,-108.59793853759766
755,0.7557557821273804,74.08919525146484,-0.0003694480692502111,0.034840185195207596,-106.43489837646484
756,0.7567567825317383,74.15206146240234,-0.00036829611053690314,0.03631966933608055,-111.0780029296875
757,0.7577577829360962,74.21498107910156,-0.0003646880795713514,0.035490982234478,-109.37679290771484
758,0.7587587833404541,74.2779541015625,-0.00036333512980490923,0.036056630313396454,-111.26960754394531
759,0.759759783744812,74.34097290039062,-0.0003628015983849764,0.03628360480070114,-111.88907623291016
760,0.7607607841491699,74.404052734375,-0.00036366560379974544,0.036548834294080734,-112.36638641357422
761,0.7617617845535278,74.4671859741211,-0.0003655164618976414,0.03771953284740448,-115.40182495117188
762,0.7627627849578857,74.53038024902344,-0.00036444838042370975,0.03805029019713402,-116.55513000488281
763,0.7637637853622437,74.59361267089844,-0.00036324263783171773,0.03831808269023895,-117.68558502197266
764,0.7647647857666016,74.65690612792969,-0.0003630718565545976,0.038519568741321564,-118.60417175292969
765,0.7657657861709595,74.72025299072266,-0.00036666131927631795,0.04044414684176445,-124.13870239257812
766,0.7667667865753174,74.78365325927734,-0.00036836901563219726,0.04063244163990021,-124.78953552246094
767,0.7677677869796753,74.84710693359375,-0.0003680400550365448,0.03987874463200569,-123.14231872558594
768,0.7687687873840332,74.91061401367188,-0.0003629575076047331,0.0379156656563282,-118.5147476196289
769,0.7697697877883911,74.97418212890625,-0.0003630644059740007,0.038321543484926224,-120.13800048828125
770,0.770770788192749,75.03779602050781,-0.00036492053186520934,0.0388190820813179,-121.62177276611328
771,0.7717717885971069,75.1014633178711,-0.00036800181260332465,0.0393417552113533,-122.74494171142578
772,0.7727727890014648,75.1651840209961,-0.00037143088411539793,0.04018554091453552,-124.566162109375
773,0.7737737894058228,75.22896575927734,-0.0003730964381247759,0.03993041813373566,-123.14437866210938
774,0.7747747898101807,75.29280090332031,-0.00037185323890298605,0.04018762335181236,-123.94524383544922
775,0.7757757902145386,75.35668182373047,-0.0003702313988469541,0.0406833291053772,-125.69913482666016
776,0.7767767906188965,75.42062377929688,-0.00036794954212382436,0.04080139845609665,-126.50518035888672
777,0.7777777910232544,75.484619140625,-0.0003670201695058495,0.04178236424922943,-129.54689025878906
778,0.7787787914276123,75.54866790771484,-0.0003630771825555712,0.04081547260284424,-127.4547348022461
779,0.7797797918319702,75.6127700805664,-0.00035987666342407465,0.03995909169316292,-125.34812927246094
780,0.7807807922363281,75.67693328857422,-0.0003572729183360934,0.03934784233570099,-123.89408111572266
781,0.781781792640686,75.74114227294922,-0.0003585086087696254,0.0405256561934948,-127.48035430908203
782,0.782782793045044,75.80540466308594,-0.00035653894883580506,0.039807774126529694,-125.70343017578125
783,0.7837837934494019,75.8697280883789,-0.00035668734926730394,0.039887793362140656,-126.10330200195312
784,0.7847847938537598,75.9341049194336,-0.0003578211471904069,0.04067489504814148,-128.72311401367188
785,0.7857857942581177,75.99853515625,-0.0003545802319422364,0.04020272567868233,-127.97002410888672
786,0.7867867946624756,76.06301879882812,-0.0003503789193928242,0.03948163241147995,-126.36722564697266
787,0.7877877950668335,76.1275634765625,-0.0003502899780869484,0.03993314877152443,-127.73802185058594
788,0.7887887954711914,76.19215393066406,-0.00035129563184455037,0.04054288566112518,-129.31045532226562
789,0.7897897958755493,76.25680541992188,-0.00034888728987425566,0.039686452597379684,-126.64338684082031
790,0.7907907962799072,76.3215103149414,-0.0003493663389235735,0.04034212976694107,-128.5036163330078
791,0.7917917966842651,76.38626861572266,-0.0003496817662380636,0.041502855718135834,-132.23683166503906
792,0.792792797088623,76.45108032226562,-0.0003458067658357322,0.04077550023794174,-130.57211303710938
793,0.793793797492981,76.51595306396484,-0.00034129738924093544,0.03924043849110603,-126.38013458251953
794,0.7947947978973389,76.58087921142578,-0.00034295424120500684,0.040041789412498474,-128.9442596435547
795,0.7957957983016968,76.64585876464844,-0.0003435430699028075,0.04015997797250748,-129.4425048828125
796,0.7967967987060547,76.71089172363281,-0.0003437591658439487,0.03999413922429085,-128.98448181152344
797,0.7977977991104126,76.7759780883789,-0.00034340558340772986,0.03982085734605789,-128.48849487304688
798,0.7987987995147705,76.84112548828125,-0.0003383125294931233,0.038142744451761246,-123.91217803955078
799,0.7997997999191284,76.90632629394531,-0.0003369386540725827,0.03844103589653969,-125.16082763671875
800,0.8008008003234863,76.97157287597656,-0.00033568916842341423,0.03880045562982559,-126.57389068603516
801,0.8018018007278442,77.03689575195312,-0.0003341448027640581,0.03882162272930145,-126.9666748046875
802,0.8028028011322021,77.10225677490234,-0.0003345921286381781,0.03929118812084198,-128.60513305664062
803,0.8038038015365601,77.16767883300781,-0.0003345882869325578,0.039317306131124496,-128.9192657470703
804,0.804804801940918,77.233154296875,-0.0003335850778967142,0.03890635073184967,-127.92164611816406
805,0.8058058023452759,77.29869079589844,-0.00033962749876081944,0.040696024894714355,-133.31082153320312
806,0.8068068027496338,77.36427307128906,-0.00033947976771742105,0.04025015980005264,-131.96536254882812
807,0.8078078031539917,77.42991638183594,-0.000336098310071975,0.03891201317310333,-128.08468627929688
808,0.8088088035583496,77.49562072753906,-0.00033436325611546636,0.038403578102588654,-126.79108428955078
809,0.8098098039627075,77.56137084960938,-0.00033360515953972936,0.038467444479465485,-127.35945129394531
810,0.8108108043670654,77.62718963623047,-0.00033231161069124937,0.038363128900527954,-127.49002838134766
811,0.8118118047714233,77.69306182861328,-0.0003315872745588422,0.038334742188453674,-127.75994873046875
812,0.8128128051757812,77.75897979736328,-0.0003287315194029361,0.037290576845407486,-124.79215240478516
813,0.8138138055801392,77.82495880126953,-0.0003325536963529885,0.038900718092918396,-129.8289031982422
814,0.8148148059844971,77.8909912109375,-0.0003330231993459165,0.03931381553411484,-131.23170471191406
815,0.815815806388855,77.95708465576172,-0.00033206772059202194,0.03933434188365936,-131.48765563964844
816,0.8168168067932129,78.02323150634766,-0.0003306120343040675,0.0394890271127224,-132.4427490234375
817,0.8178178071975708,78.08943176269531,-0.0003283994738012552,0.03941141813993454,-132.8310546875
818,0.8188188076019287,78.15569305419922,-0.00032555009238421917,0.039143193513154984,-132.75584411621094
819,0.8198198080062866,78.22200775146484,-0.00032033820752985775,0.0380004420876503,-130.00328063964844
820,0.8208208084106445,78.28837585449219,-0.0003172179276589304,0.03726646676659584,-128.15626525878906
821,0.8218218088150024,78.35481262207031,-0.000316423800541088,0.03739552199840546,-128.85928344726562
822,0.8228228092193604,78.4212875366211,-0.00031246733851730824,0.03587648272514343,-124.19145202636719
823,0.8238238096237183,78.48783874511719,-0.00031186884734779596,0.03603995218873024,-124.82099914550781
824,0.8248248100280762,78.55442810058594,-0.0003106329822912812,0.03533279895782471,-122.47688293457031
825,0.8258258104324341,78.62108612060547,-0.0003106764634139836,0.03604935482144356,-124.75231170654297
826,0.826826810836792,78.68779754638672,-0.0003096422296948731,0.03578587621450424,-123.77376556396484
827,0.8278278112411499,78.75455474853516,-0.00030832207994535565,0.03529498726129532,-122.04981994628906
828,0.8288288116455078,78.82138061523438,-0.0003060858871322125,0.03544963523745537,-122.92903900146484
829,0.8298298120498657,78.88825988769531,-0.0003037878486793488,0.03530852869153023,-123.0263671875
830,0.8308308124542236,78.9552001953125,-0.000302031054161489,0.0358213409781456,-125.25731658935547
831,0.8318318128585815,79.02220153808594,-0.00030022329883649945,0.035532865673303604,-124.8221206665039
832,0.8328328132629395,79.08924865722656,-0.0002984172897413373,0.03441265597939491,-121.68721008300781
833,0.8338338136672974,79.15635681152344,-0.0002968406188301742,0.03422854095697403,-121.55691528320312
834,0.8348348140716553,79.22352600097656,-0.00029520626412704587,0.03482966125011444,-123.9942398071289
835,0.8358358144760132,79.29074096679688,-0.00029446641565300524,0.03378947824239731,-120.88933563232422
836,0.8368368148803711,79.35801696777344,-0.00029429668211378157,0.03339528292417526,-119.69490051269531
837,0.837837815284729,79.42535400390625,-0.0002949561458081007,0.03299739211797714,-118.19520568847656
838,0.8388388156890869,79.49275207519531,-0.000295523670502007,0.033293046057224274,-119.06180572509766
839,0.8398398160934448,79.56019592285156,-0.0002968328772112727,0.03305496275424957,-118.19728088378906
840,0.8408408164978027,79.62770080566406,-0.00029817543691024184,0.03232415392994881,-115.86650848388672
841,0.8418418169021606,79.69527435302734,-0.00029802543576806784,0.03239407762885094,-116.38146209716797
842,0.8428428173065186,79.76288604736328,-0.00029793530120514333,0.032258592545986176,-116.18817901611328
843,0.8438438177108765,79.83056640625,-0.00029797659954056144,0.03162580356001854,-114.35028076171875
844,0.8448448181152344,79.89830780029297,-0.000297191902063787,0.03170580416917801,-114.86221313476562
845,0.8458458185195923,79.96610260009766,-0.0002973142545670271,0.030555566772818565,-111.20851135253906
846,0.846846878528595,80.0339584350586,-0.00029653601814061403,0.03177308663725853,-115.46796417236328
847,0.8478478789329529,80.10186004638672,-0.000296031532343477,0.03237558528780937,-117.81409454345703
848,0.8488488793373108,80.16983032226562,-0.0002955205854959786,0.03259794041514397,-118.9274673461914
849,0.8498498797416687,80.23786163330078,-0.0002946679014712572,0.03285529091954231,-120.31806945800781
850,0.8508508801460266,80.30593872070312,-0.00029392202850431204,0.032509565353393555,-119.70416259765625
851,0.8518518805503845,80.37407684326172,-0.0002934199583251029,0.03363519906997681,-123.92926788330078
852,0.8528528809547424,80.44227600097656,-0.00029343104688450694,0.03370896354317665,-124.4406967163086
853,0.8538538813591003,80.51052856445312,-0.00029354181606322527,0.034316401928663254,-126.5367202758789
854,0.8548548817634583,80.57884216308594,-0.0002937251119874418,0.03448504954576492,-127.10938262939453
855,0.8558558821678162,80.647216796875,-0.0002941060811281204,0.034382279962301254,-126.6807861328125
856,0.8568568825721741,80.71565246582031,-0.00029500771779567003,0.03370281308889389,-124.25025939941406
857,0.857857882976532,80.78413391113281,-0.0002948528854176402,0.03396746888756752,-125.04888916015625
858,0.8588588833808899,80.8526840209961,-0.000294024299364537,0.03479449078440666,-127.86868286132812
859,0.8598598837852478,80.92127990722656,-0.00029329711105674505,0.03484829515218735,-128.21243286132812
860,0.8608608841896057,80.98995208740234,-0.0002927911118604243,0.034857675433158875,-128.4138946533203
861,0.8618618845939636,81.05866241455078,-0.00029293919214978814,0.03549082204699516,-130.7274932861328
862,0.8628628849983215,81.12744903564453,-0.000293186487397179,0.03526055067777634,-130.09036254882812
863,0.8638638854026794,81.19628143310547,-0.0002938693214673549,0.035155896097421646,-129.8072967529297
864,0.8648648858070374,81.26518249511719,-0.0002946674940176308,0.035256169736385345,-130.20199584960938
865,0.8658658862113953,81.3341293334961,-0.0002960741112474352,0.035911232233047485,-132.4851837158203
866,0.8668668866157532,81.40314483642578,-0.000296723039355129,0.03585425391793251,-132.33370971679688
867,0.8678678870201111,81.47222137451172,-0.0002971737994812429,0.03617264702916145,-133.64593505859375
868,0.868868887424469,81.54134368896484,-0.0002959876728709787,0.03568264842033386,-132.23777770996094
869,0.8698698878288269,81.61053466796875,-0.0002952310023829341,0.03500760719180107,-130.05690002441406
870,0.8708708882331848,81.6797866821289,-0.00029453745810315013,0.034591518342494965,-128.7884063720703
871,0.8718718886375427,81.74909210205078,-0.0002966829342767596,0.03606944903731346,-134.0290069580078
872,0.8728728890419006,81.81845092773438,-0.00029765869840048254,0.03668947517871857,-136.25856018066406
873,0.8738738894462585,81.88787078857422,-0.00029757071752101183,0.03712867200374603,-137.876708984375
874,0.8748748898506165,81.95735931396484,-0.00029491595341823995,0.0366496779024601,-136.33432006835938
875,0.8758758902549744,82.02690887451172,-0.0002944011357612908,0.037419795989990234,-139.20054626464844
876,0.8768768906593323,82.09650421142578,-0.0002926131128333509,0.03786352276802063,-141.0848388671875
877,0.8778778910636902,82.1661605834961,-0.00029137340607121587,0.038375407457351685,-143.2722930908203
878,0.8788788914680481,82.23587799072266,-0.0002885861322283745,0.03809580206871033,-142.8319549560547
879,0.879879891872406,82.30565643310547,-0.0002870141470339149,0.03814280405640602,-143.4739990234375
880,0.8808808922767639,82.37548828125,-0.0002852092729881406,0.03791596367955208,-143.20799255371094
881,0.8818818926811218,82.44538116455078,-0.000283866364043206,0.037736546248197556,-143.09217834472656
882,0.8828828930854797,82.51534271240234,-0.00028296763775870204,0.03736801818013191,-142.03314208984375
883,0.8838838934898376,82.58535766601562,-0.0002833781763911247,0.03746610879898071,-142.42076110839844
884,0.8848848938941956,82.65543365478516,-0.00028406461933627725,0.03744612634181976,-142.1438446044922
885,0.8858858942985535,82.72557067871094,-0.0002854101767297834,0.03767784684896469,-142.61952209472656
886,0.8868868947029114,82.7957534790039,-0.00028748062322847545,0.03832809999585152,-144.57696533203125
887,0.8878878951072693,82.86600494384766,-0.0002870001189876348,0.03843839094042778,-145.15792846679688
888,0.8888888955116272,82.93631744384766,-0.00028499827021732926,0.03879844397306442,-147.26010131835938
889,0.8898898959159851,83.00669860839844,-0.00028345687314867973,0.039245206862688065,-149.61485290527344
890,0.890890896320343,83.0771255493164,-0.0002804347313940525,0.03830580413341522,-146.9612274169922
891,0.8918918967247009,83.14761352539062,-0.00027891737408936024,0.03731817379593849,-143.8065643310547
892,0.8928928971290588,83.21817016601562,-0.0002786781988106668,0.03738036006689072,-144.1918182373047
893,0.8938938975334167,83.28878021240234,-0.00027836370281875134,0.03733077645301819,-144.12051391601562
894,0.8948948979377747,83.35945129394531,-0.00027760170632973313,0.0361710861325264,-139.95208740234375
895,0.8958958983421326,83.43018341064453,-0.0002771338913589716,0.0360383503139019,-139.43777465820312
896,0.8968968987464905,83.5009765625,-0.0002768274280242622,0.036238644272089005,-140.1056671142578
897,0.8978978991508484,83.57182312011719,-0.0002759508788585663,0.035351984202861786,-137.04266357421875
898,0.8988988995552063,83.64273071289062,-0.0002755763125605881,0.03596578538417816,-139.65463256835938
899,0.8998998999595642,83.71370697021484,-0.00027498725103214383,0.03581959009170532,-139.48834228515625
900,0.9009009003639221,83.78473663330078,-0.0002751594001892954,0.036390066146850586,-141.7912139892578
901,0.90190190076828,83.85582733154297,-0.0002737665199674666,0.035173702985048294,-137.68295288085938
902,0.9029029011726379,83.9269790649414,-0.0002729735570028424,0.034774694591760635,-136.6136932373047
903,0.9039039015769958,83.99818420410156,-0.00027234177105128765,0.03516773879528046,-138.42515563964844
904,0.9049049019813538,84.06946563720703,-0.0002718406030908227,0.03569018468260765,-140.64837646484375
905,0.9059059023857117,84.14079284667969,-0.00027115049306303263,0.03549691662192345,-140.16165161132812
906,0.9069069027900696,84.21219635009766,-0.00027080735890194774,0.03567855432629585,-140.9568634033203
907,0.9079079031944275,84.28364562988281,-0.0002705391380004585,0.03558218851685524,-140.62075805664062
908,0.9089089035987854,84.35516357421875,-0.00027040200075134635,0.03486739099025726,-137.93392944335938
909,0.9099099040031433,84.42674255371094,-0.0002702545316424221,0.03495236486196518,-138.2474365234375
910,0.9109109044075012,84.49837493896484,-0.0002694928552955389,0.03504901006817818,-139.0113525390625
911,0.9119119048118591,84.57007598876953,-0.0002688941895030439,0.03457394987344742,-137.73489379882812
912,0.912912905216217,84.64183044433594,-0.00026847643312066793,0.0344439297914505,-137.79556274414062
913,0.913913905620575,84.71365356445312,-0.00026838676421903074,0.03434130549430847,-137.81689453125
914,0.9149149060249329,84.78553009033203,-0.0002690485562197864,0.0329727940261364,-133.04356384277344
915,0.9159159064292908,84.85746765136719,-0.00026903225807473063,0.03273289278149605,-132.43731689453125
916,0.9169169068336487,84.92947387695312,-0.00026899209478870034,0.032183628529310226,-130.6382598876953
917,0.9179179072380066,85.00153350830078,-0.0002684597857296467,0.03225627914071083,-131.10772705078125
918,0.9189189076423645,85.07366180419922,-0.00026771952980197966,0.033135950565338135,-134.71188354492188
919,0.9199199080467224,85.1458511352539,-0.00026690130471251905,0.032977595925331116,-134.6487579345703
920,0.9209209084510803,85.21809387207031,-0.00026571459602564573,0.03271951526403427,-134.34156799316406
921,0.9219219088554382,85.29039764404297,-0.00026464834809303284,0.03261447697877884,-134.59371948242188
922,0.9229229092597961,85.3627700805664,-0.0002632700197864324,0.03213052824139595,-133.42428588867188
923,0.923923909664154,85.43519592285156,-0.0002624935586936772,0.03226852044463158,-134.52798461914062
924,0.924924910068512,85.50769805908203,-0.0002615592966321856,0.03231648728251457,-135.3035430908203
925,0.9259259104728699,85.58024597167969,-0.00026153348153457046,0.03275943174958229,-137.39404296875
926,0.9269269108772278,85.6528549194336,-0.00026248639915138483,0.03370489552617073,-141.13185119628906
927,0.9279279112815857,85.72554779052734,-0.0002620878512971103,0.03321477770805359,-139.14187622070312
928,0.9289289116859436,85.79827880859375,-0.0002625339839141816,0.03331447392702103,-139.35403442382812
929,0.9299299120903015,85.87108612060547,-0.00026270007947459817,0.03331856429576874,-139.24478149414062
930,0.9309309124946594,85.9439468383789,-0.00026404461823403835,0.034899938851594925,-145.38999938964844
931,0.9319319128990173,86.01686096191406,-0.0002634183911141008,0.03386808559298515,-141.83030700683594
932,0.9329329133033752,86.08985137939453,-0.00026184588205069304,0.03272691369056702,-137.9039764404297
933,0.9339339137077332,86.16289520263672,-0.00026298128068447113,0.03387359157204628,-142.57518005371094
934,0.9349349141120911,86.23600769042969,-0.00026299949968233705,0.034237686544656754,-144.1773223876953
935,0.935935914516449,86.3091812133789,-0.0002625226916279644,0.034445635974407196,-145.25425720214844
936,0.9369369149208069,86.38240814208984,-0.0002626215573400259,0.03520709648728371,-148.2350311279297
937,0.9379379153251648,86.45570373535156,-0.00026311189867556095,0.036493830382823944,-153.01466369628906
938,0.9389389157295227,86.52906799316406,-0.0002624214976094663,0.03588608652353287,-150.58905029296875
939,0.9399399161338806,86.60248565673828,-0.000261319539276883,0.03441602736711502,-145.14085388183594
940,0.9409409165382385,86.67597198486328,-0.0002611307427287102,0.034091196954250336,-144.04025268554688
941,0.9419419169425964,86.74951171875,-0.0002612880780361593,0.03450098633766174,-145.82403564453125
942,0.9429429173469543,86.82312774658203,-0.00026125283329747617,0.03533761575818062,-149.29637145996094
943,0.9439439177513123,86.89679718017578,-0.00025995844043791294,0.033258501440286636,-141.7635498046875
944,0.9449449181556702,86.97053527832031,-0.0002586152695585042,0.03241540864109993,-138.88406372070312
945,0.9459459185600281,87.04431915283203,-0.00025810347869992256,0.03236623853445053,-139.07394409179688
946,0.946946918964386,87.11817932128906,-0.0002568155759945512,0.031725894659757614,-136.86886596679688
947,0.9479479193687439,87.19210052490234,-0.0002572222729213536,0.03230870142579079,-139.35223388671875
948,0.9489489793777466,87.2660903930664,-0.000256797531619668,0.03225663676857948,-139.2196044921875
949,0.9499499797821045,87.34013366699219,-0.00025590392760932446,0.031929221004247665,-138.00836181640625
950,0.9509509801864624,87.41423797607422,-0.0002535453822929412,0.030898932367563248,-134.1829833984375
951,0.9519519805908203,87.48841094970703,-0.0002530598430894315,0.031282491981983185,-136.01181030273438
952,0.9529529809951782,87.56263732910156,-0.00025359075516462326,0.032672781497240067,-141.86448669433594
953,0.9539539813995361,87.6369400024414,-0.0002520359412301332,0.032411228865385056,-141.35935974121094
954,0.954954981803894,87.71129608154297,-0.00025122350780293345,0.03274190053343773,-143.30299377441406
955,0.955955982208252,87.78572845458984,-0.00024948245845735073,0.032395072281360626,-142.47579956054688
956,0.9569569826126099,87.86021423339844,-0.0002481589908711612,0.03229251131415367,-142.5157470703125
957,0.9579579830169678,87.93476104736328,-0.00024899933487176895,0.03325182944536209,-146.658447265625
958,0.9589589834213257,88.0093765258789,-0.0002507492317818105,0.03484205901622772,-153.20175170898438
959,0.9599599838256836,88.08405303955078,-0.00025037393788807094,0.03503325209021568,-154.16390991210938
960,0.9609609842300415,88.1587905883789,-0.00025032483972609043,0.03532467409968376,-155.65403747558594
961,0.9619619846343994,88.23359680175781,-0.00025180118973366916,0.036380279809236526,-160.17636108398438
962,0.9629629850387573,88.30846405029297,-0.000250456650974229,0.03524141013622284,-155.89642333984375
963,0.9639639854431152,88.38339233398438,-0.0002516115491744131,0.0356474369764328,-157.7699737548828
964,0.9649649858474731,88.45838165283203,-0.0002531044592615217,0.03623102977871895,-160.385498046875
965,0.965965986251831,88.53343963623047,-0.0002548007178120315,0.037126943469047546,-164.3200225830078
966,0.966966986656189,88.60856628417969,-0.0002554229577071965,0.037243932485580444,-165.12889099121094
967,0.9679679870605469,88.68374633789062,-0.00025547301629558206,0.03694417327642441,-164.22776794433594
968,0.9689689874649048,88.75899505615234,-0.00025317506515420973,0.03545296937227249,-158.62522888183594
969,0.9699699878692627,88.83431243896484,-0.0002543051086831838,0.036015965044498444,-161.00572204589844
970,0.9709709882736206,88.90968322753906,-0.0002560561988502741,0.037134990096092224,-165.4291229248047
971,0.9719719886779785,88.98513793945312,-0.00025653879856690764,0.037532612681388855,-166.94927978515625
972,0.9729729890823364,89.06063842773438,-0.000257168838288635,0.03838860243558884,-170.29127502441406
973,0.9739739894866943,89.13619995117188,-0.0002563433663453907,0.038023222237825394,-168.9507293701172
974,0.9749749898910522,89.21183776855469,-0.0002539253910072148,0.03643050417304039,-162.80734252929688
975,0.9759759902954102,89.28753662109375,-0.0002543654991313815,0.037092793732881546,-165.62646484375
976,0.9769769906997681,89.36328887939453,-0.00025500397896394134,0.03789027780294418,-168.99887084960938
977,0.977977991104126,89.43911743164062,-0.0002570011420175433,0.03994998708367348,-177.34909057617188
978,0.9789789915084839,89.5150146484375,-0.00025711185298860073,0.0401095412671566,-178.25035095214844
979,0.9799799919128418,89.59095764160156,-0.00025763100711628795,0.04054350033402443,-180.22467041015625
980,0.9809809923171997,89.66697692871094,-0.0002577427076175809,0.04072368144989014,-181.34060668945312
981,0.9819819927215576,89.7430648803711,-0.00025749823544174433,0.04079858213663101,-182.0989990234375
982,0.9829829931259155,89.81920623779297,-0.0002568117342889309,0.040676526725292206,-182.19558715820312
983,0.9839839935302734,89.89541625976562,-0.0002540033601690084,0.03900035098195076,-176.1171417236328
984,0.9849849939346313,89.97168731689453,-0.00025499938055872917,0.04024292901158333,-181.34202575683594
985,0.9859859943389893,90.04803466796875,-0.0002547831099946052,0.040467582643032074,-182.40419006347656
986,0.9869869947433472,90.12445068359375,-0.0002537103137001395,0.040126409381628036,-181.09417724609375
987,0.9879879951477051,90.20091247558594,-0.00025435275165364146,0.04057713970541954,-182.8618927001953
988,0.988988995552063,90.27745819091797,-0.0002554234815761447,0.041028253734111786,-184.56068420410156
989,0.9899899959564209,90.35404968261719,-0.00025602724053896964,0.04140038788318634,-186.10903930664062
990,0.9909909963607788,90.43071746826172,-0.00025610055308789015,0.041765473783016205,-187.94544982910156
991,0.9919919967651367,90.5074462890625,-0.00025554903550073504,0.04195288568735123,-189.21229553222656
992,0.9929929971694946,90.58423614501953,-0.00025590701261535287,0.04249928519129753,-192.04307556152344
993,0.9939939975738525,90.6611099243164,-0.0002551256911829114,0.04270562529563904,-193.72474670410156
994,0.9949949979782104,90.73802947998047,-0.00025039075990207493,0.04113362357020378,-188.21536254882812
995,0.9959959983825684,90.81501770019531,-0.00024808343732729554,0.040089480578899384,-184.57720947265625
996,0.9969969987869263,90.89208221435547,-0.00024898553965613246,0.04066987708210945,-187.0130615234375
997,0.9979979991912842,90.96920013427734,-0.0002521402493584901,0.04155363515019417,-189.79489135742188
998,0.9989989995956421,91.04638671875,-0.00025910945259965956,0.04229099676012993,-190.90921020507812
999,1.0,91.12364959716797,-0.00027353575569577515,0.043115485459566116,-190.64523315429688
