index,timestep,Diffusion_Coeff,Divergence,score,pos
0,0.0,39.05299377441406,-0.008374178782105446,-0.09537456184625626,49.71397018432617
1,0.0010010009864345193,39.08612823486328,-0.008793968707323074,-0.08434224873781204,48.782135009765625
2,0.0020020019728690386,39.11929702758789,-0.008922195993363857,-0.0792049989104271,48.40435028076172
3,0.0030030030757188797,39.15248489379883,-0.009399653412401676,-0.050201449543237686,45.403907775878906
4,0.004004003945738077,39.185707092285156,-0.009164677932858467,-0.06552715599536896,47.196109771728516
5,0.005005004815757275,39.218955993652344,-0.009223307482898235,-0.06208166107535362,46.902801513671875
6,0.006006006151437759,39.25223159790039,-0.009255282580852509,-0.06025851145386696,46.75099563598633
7,0.007007007021456957,39.28553771972656,-0.009469875134527683,-0.04554236680269241,45.218048095703125
8,0.008008007891476154,39.31887435913086,-0.009432334452867508,-0.04682067781686783,45.40629959106445
9,0.009009009227156639,39.352237701416016,-0.009420366026461124,-0.04358357936143875,45.14591979980469
10,0.01001000963151455,39.38562774658203,-0.009345758706331253,-0.0431322418153286,45.19746780395508
11,0.011011010967195034,39.41904830932617,-0.009228034876286983,-0.044781073927879333,45.469940185546875
12,0.012012012302875519,39.452491760253906,-0.009168531745672226,-0.04169299080967903,45.199180603027344
13,0.013013012707233429,39.48596954345703,-0.009053712710738182,-0.04292324557900429,45.34423828125
14,0.014014014042913914,39.51947021484375,-0.009015476331114769,-0.03894180431962013,44.88066101074219
15,0.015015014447271824,39.55300521850586,-0.00877720583230257,-0.049963463097810745,46.08354568481445
16,0.01601601578295231,39.58656692504883,-0.008723130449652672,-0.04613666981458664,45.68453598022461
17,0.01701701618731022,39.620155334472656,-0.008532209321856499,-0.05106592923402786,46.319541931152344
18,0.018018018454313278,39.653770446777344,-0.00839932169765234,-0.05368569865822792,46.69758605957031
19,0.01901901885867119,39.68742370605469,-0.00847071036696434,-0.042673900723457336,45.47972106933594
20,0.0200200192630291,39.721092224121094,-0.008014854043722153,-0.06359469890594482,48.14052200317383
21,0.021021021530032158,39.754798889160156,-0.00809482391923666,-0.05271018296480179,46.909324645996094
22,0.022022021934390068,39.78852844238281,-0.007714753970503807,-0.068252794444561,48.99110412597656
23,0.023023022338747978,39.82229232788086,-0.007648047991096973,-0.06629273295402527,48.85834503173828
24,0.024024024605751038,39.8560791015625,-0.00740029476583004,-0.07448753714561462,50.05661392211914
25,0.025025025010108948,39.889896392822266,-0.0069930413737893105,-0.08945805579423904,52.27885055541992
26,0.026026025414466858,39.92374801635742,-0.007327736355364323,-0.06991765648126602,49.66995620727539
27,0.027027025818824768,39.95762252807617,-0.007305091712623835,-0.06884796917438507,49.61674118041992
28,0.028028028085827827,39.99152755737305,-0.007232434116303921,-0.07107793539762497,50.005863189697266
29,0.029029028490185738,40.02545928955078,-0.007081197574734688,-0.07642241567373276,50.82280349731445
30,0.030030028894543648,40.05942153930664,-0.006639949511736631,-0.09256132692098618,53.24391174316406
31,0.031031031161546707,40.093414306640625,-0.0064570605754852295,-0.09665723145008087,53.995750427246094
32,0.03203203156590462,40.1274299621582,-0.00654586311429739,-0.09220253676176071,53.449241638183594
33,0.03303303197026253,40.16147994995117,-0.006345344707369804,-0.09954620897769928,54.691062927246094
34,0.03403403237462044,40.195556640625,-0.006520516239106655,-0.09277684986591339,53.7220344543457
35,0.03503503277897835,40.22966384887695,-0.006732300855219364,-0.08336829394102097,52.38835525512695
36,0.036036036908626556,40.263797760009766,-0.006687178276479244,-0.08314701914787292,52.470611572265625
37,0.03703703731298447,40.29795837402344,-0.006738713011145592,-0.07861952483654022,51.89143371582031
38,0.03803803771734238,40.3321533203125,-0.0069510312750935555,-0.06532629579305649,50.032806396484375
39,0.03903903812170029,40.36637878417969,-0.006548577919602394,-0.0824790671467781,52.665225982666016
40,0.0400400385260582,40.40062713623047,-0.006763925775885582,-0.06846749782562256,50.666011810302734
41,0.04104103893041611,40.434906005859375,-0.006549506448209286,-0.07447539269924164,51.71040725708008
42,0.042042043060064316,40.469215393066406,-0.0065977927297353745,-0.06514759361743927,50.497562408447266
43,0.043043043464422226,40.50355529785156,-0.006526226177811623,-0.06349196285009384,50.42559051513672
44,0.044044043868780136,40.53792190551758,-0.006464274600148201,-0.06328583508729935,50.54796600341797
45,0.045045044273138046,40.572322845458984,-0.006428765133023262,-0.06322254985570908,50.644309997558594
46,0.046046044677495956,40.606746673583984,-0.0065352702513337135,-0.046945277601480484,48.22391891479492
47,0.04704704508185387,40.641197204589844,-0.006500867195427418,-0.046169959008693695,48.171348571777344
48,0.048048049211502075,40.67568588256836,-0.006409069523215294,-0.02897540107369423,45.578311920166016
49,0.049049049615859985,40.71019744873047,-0.006244435906410217,-0.02091185934841633,44.37141418457031
50,0.050050050020217896,40.7447395324707,-0.006030462682247162,-0.01419531088322401,43.33955764770508
51,0.051051050424575806,40.77931213378906,-0.006017889361828566,-0.018644332885742188,44.152103424072266
52,0.052052050828933716,40.81391143798828,-0.0057263243943452835,-0.011592450551688671,43.01514434814453
53,0.053053051233291626,40.84854507446289,-0.005412312224507332,-0.005116222891956568,41.886287689208984
54,0.054054051637649536,40.88320541381836,-0.005509573966264725,-0.011303017847239971,43.04273986816406
55,0.055055055767297745,40.91789627075195,-0.00494683301076293,0.001775614102371037,40.516143798828125
56,0.056056056171655655,40.952613830566406,-0.004870828706771135,0.0009992108680307865,40.60931396484375
57,0.057057056576013565,40.987361907958984,-0.005043272860348225,-0.006030199117958546,41.98106384277344
58,0.058058056980371475,41.02214431762695,-0.005113899242132902,-0.00996765773743391,42.73077392578125
59,0.059059057384729385,41.056949615478516,-0.00501698162406683,-0.00936388410627842,42.614952087402344
60,0.060060057789087296,41.0917854309082,-0.005087168421596289,-0.01412210799753666,43.572513580322266
61,0.061061061918735504,41.12665557861328,-0.004589713178575039,-0.0026590374764055014,41.2255859375
62,0.062062062323093414,41.16154479980469,-0.004811267368495464,-0.010637142695486546,42.9541015625
63,0.06306306272745132,41.19647216796875,-0.004615906160324812,-0.00611154967918992,42.04704284667969
64,0.06406406313180923,41.23143005371094,-0.00453255046159029,-0.005153766367584467,41.896156311035156
65,0.06506506353616714,41.266414642333984,-0.00452856021001935,-0.007211609277874231,42.37894058227539
66,0.06606606394052505,41.301429748535156,-0.004585335962474346,-0.011062119156122208,43.26137924194336
67,0.06706706434488297,41.33647537231445,-0.004373803734779358,-0.007631588261574507,42.52091598510742
68,0.06806806474924088,41.37154769897461,-0.004095978103578091,-0.0034557513426989317,41.494815826416016
69,0.06906906515359879,41.406654357910156,-0.003975769504904747,-0.003233398078009486,41.31073760986328
70,0.0700700655579567,41.44178771972656,-0.0039536068215966225,-0.006139013916254044,41.867149353027344
71,0.0710710734128952,41.476951599121094,-0.0038445021491497755,-0.006026366725564003,41.63492965698242
72,0.07207207381725311,41.512142181396484,-0.0038193720392882824,-0.007912298664450645,41.927974700927734
73,0.07307307422161102,41.547367095947266,-0.0035661361180245876,-0.0014669818338006735,39.9914665222168
74,0.07407407462596893,41.582618713378906,-0.003737048711627722,-0.008814002387225628,41.898616790771484
75,0.07507507503032684,41.61790466308594,-0.003716329112648964,-0.008403447456657887,41.76734161376953
76,0.07607607543468475,41.65321731567383,-0.0037622025702148676,-0.009438269771635532,42.088043212890625
77,0.07707707583904266,41.688560485839844,-0.0038328117225319147,-0.011322078295052052,42.66948699951172
78,0.07807807624340057,41.72393035888672,-0.0038115556817501783,-0.010328546166419983,42.531803131103516
79,0.07907907664775848,41.75933074951172,-0.0037541561760008335,-0.009351451881229877,42.35306167602539
80,0.0800800770521164,41.794769287109375,-0.003508002497255802,-0.00229294179007411,40.420345306396484
81,0.0810810774564743,41.830230712890625,-0.0037102652713656425,-0.011284537613391876,42.90883255004883
82,0.08208207786083221,41.865726470947266,-0.003464548382908106,-0.0041420953348279,40.89515686035156
83,0.08308307826519012,41.9012451171875,-0.003467294154688716,-0.005699234548956156,41.287044525146484
84,0.08408408612012863,41.93680191040039,-0.0034275013022124767,-0.005374493543058634,41.11302947998047
85,0.08508508652448654,41.97238540649414,-0.003792927134782076,-0.018505865707993507,44.68442916870117
86,0.08608608692884445,42.00799560546875,-0.003981027286499739,-0.025779439136385918,46.468475341796875
87,0.08708708733320236,42.043643951416016,-0.00398252671584487,-0.0268887709826231,46.6729850769043
88,0.08808808773756027,42.079315185546875,-0.0037944866344332695,-0.021457359194755554,45.224632263183594
89,0.08908908814191818,42.115020751953125,-0.003772759810090065,-0.023326318711042404,45.71943664550781
90,0.09009008854627609,42.1507568359375,-0.003719976171851158,-0.023982027545571327,45.93950653076172
91,0.091091088950634,42.186519622802734,-0.0036693087313324213,-0.024404432624578476,46.127845764160156
92,0.09209208935499191,42.22231674194336,-0.003673769999295473,-0.026870228350162506,46.92914581298828
93,0.09309308975934982,42.258140563964844,-0.0034574212040752172,-0.021060708910226822,45.44208526611328
94,0.09409409016370773,42.29399490356445,-0.0036354241892695427,-0.029447495937347412,47.96767044067383
95,0.09509509056806564,42.32988739013672,-0.0035032881423830986,-0.02568097412586212,47.068355560302734
96,0.09609609842300415,42.36580276489258,-0.0035146931186318398,-0.027033135294914246,47.559566497802734
97,0.09709709882736206,42.40175247192383,-0.0035862941294908524,-0.03076375648379326,48.66613006591797
98,0.09809809923171997,42.4377326965332,-0.0033462406136095524,-0.022129878401756287,46.17264938354492
99,0.09909909963607788,42.473731994628906,-0.0033010756596922874,-0.021916832774877548,46.076690673828125
100,0.10010010004043579,42.5097770690918,-0.00319432420656085,-0.019397662952542305,45.24711990356445
101,0.1011011004447937,42.545841217041016,-0.003304246114566922,-0.024712469428777695,46.82585906982422
102,0.10210210084915161,42.58195114135742,-0.0032754596322774887,-0.024349316954612732,46.667057037353516
103,0.10310310125350952,42.618080139160156,-0.003320402465760708,-0.026668207719922066,47.328094482421875
104,0.10410410165786743,42.65423583984375,-0.0032984106801450253,-0.026208195835351944,47.16341781616211
105,0.10510510206222534,42.6904296875,-0.003225338878110051,-0.023335132747888565,46.22002029418945
106,0.10610610246658325,42.726654052734375,-0.003215491771697998,-0.023274611681699753,46.15346145629883
107,0.10710710287094116,42.762908935546875,-0.0032917046919465065,-0.0274028480052948,47.37736129760742
108,0.10810810327529907,42.799190521240234,-0.0033394850324839354,-0.030977409332990646,48.453792572021484
109,0.10910911113023758,42.83551025390625,-0.0033536460250616074,-0.03290841728448868,49.064727783203125
110,0.11011011153459549,42.871856689453125,-0.0030995067209005356,-0.023002594709396362,46.05916213989258
111,0.1111111119389534,42.90822982788086,-0.003003989811986685,-0.020226899534463882,45.23415756225586
112,0.11211211234331131,42.94463348388672,-0.0029230453073978424,-0.018579982221126556,44.75412368774414
113,0.11311311274766922,42.9810791015625,-0.0027860149275511503,-0.015079572796821594,43.59135437011719
114,0.11411411315202713,43.017547607421875,-0.0027648122049868107,-0.016186535358428955,44.0413818359375
115,0.11511511355638504,43.054054260253906,-0.0025095073506236076,-0.009314730763435364,41.45399856567383
116,0.11611611396074295,43.090579986572266,-0.002326597459614277,-0.006011567544192076,39.98781204223633
117,0.11711711436510086,43.127140045166016,-0.002120740944519639,-0.0030887972097843885,38.559932708740234
118,0.11811811476945877,43.16373825073242,-0.0021899454295635223,-0.004381888546049595,39.08536148071289
119,0.11911911517381668,43.20035934448242,-0.0022653648629784584,-0.0056678662076592445,39.638206481933594
120,0.12012011557817459,43.23701477050781,-0.0023293790873140097,-0.006789202336221933,40.13846969604492
121,0.1211211159825325,43.27370834350586,-0.0022624870762228966,-0.005708876997232437,39.6391716003418
122,0.12212212383747101,43.3104248046875,-0.002167032565921545,-0.004423178732395172,38.99917221069336
123,0.12312312424182892,43.34716796875,-0.0020352296996861696,-0.0028463718481361866,38.209102630615234
124,0.12412412464618683,43.38395309448242,-0.002078124787658453,-0.0040548029355704784,38.74976348876953
125,0.12512512505054474,43.42076110839844,-0.0018853482324630022,-0.0023125028237700462,37.800655364990234
126,0.12612612545490265,43.45760726928711,-0.0017736703157424927,-0.0018091025995090604,37.44821548461914
127,0.12712712585926056,43.494476318359375,-0.0019124163081869483,-0.003805499291047454,38.53549575805664
128,0.12812812626361847,43.5313835144043,-0.001908474718220532,-0.004088132176548243,38.72114562988281
129,0.12912912666797638,43.56832504272461,-0.0014975706581026316,-0.0003150927950628102,36.556854248046875
130,0.1301301270723343,43.605289459228516,-0.0013035018928349018,0.0009736151550896466,35.72900390625
131,0.1311311274766922,43.64228820800781,-0.0010812270920723677,0.002085626358166337,34.82041931152344
132,0.1321321278810501,43.679317474365234,-0.001591379870660603,-0.0013987831771373749,37.307228088378906
133,0.13313312828540802,43.71638107299805,-0.0018138464074581861,-0.004154409747570753,38.74009323120117
134,0.13413412868976593,43.753475189208984,-0.0018785875290632248,-0.0055760652758181095,39.31458282470703
135,0.13513512909412384,43.79059600830078,-0.001665152725763619,-0.004526590462774038,38.3015022277832
136,0.13613612949848175,43.827762603759766,-0.0013658571988344193,-0.0031341593712568283,36.879005432128906
137,0.13713712990283966,43.86494445800781,-0.001049933722242713,-0.0019795179832726717,35.42986297607422
138,0.13813813030719757,43.902164459228516,-0.0008661343017593026,-0.0014931866899132729,34.607582092285156
139,0.13913913071155548,43.93941879272461,-0.0008997614495456219,-0.0018083289032801986,34.83810043334961
140,0.1401401311159134,43.9766960144043,-0.0011383973760530353,-0.003005174919962883,36.07299041748047
141,0.1411411464214325,44.014015197753906,-0.0009649635176174343,-0.0020179918501526117,35.24661636352539
142,0.1421421468257904,44.051361083984375,-0.0012062665773555636,-0.0033875356893986464,36.564613342285156
143,0.14314314723014832,44.08873748779297,-0.001001531258225441,-0.002527609933167696,35.690589904785156
144,0.14414414763450623,44.12614822387695,-0.0010293327504768968,-0.002882285974919796,35.98027801513672
145,0.14514514803886414,44.1635856628418,-0.0006661763181909919,-0.001495668082498014,34.240169525146484
146,0.14614614844322205,44.20106506347656,-0.0006388943875208497,-0.0017322690691798925,34.25948715209961
147,0.14714714884757996,44.238563537597656,-0.001030655694194138,-0.0038159911055117846,36.562339782714844
148,0.14814814925193787,44.27610778808594,-0.0007452531135641038,-0.0026801538188010454,35.140708923339844
149,0.14914914965629578,44.31366729736328,-0.0004411977715790272,-0.0017809518612921238,33.58028793334961
150,0.1501501500606537,44.35126876831055,-0.0006613584700971842,-0.00247251708060503,34.72206115722656
151,0.1511511504650116,44.38890075683594,-0.0007767865899950266,-0.0029515002388507128,35.230438232421875
152,0.1521521508693695,44.426570892333984,-0.0008495710208080709,-0.0032845481764525175,35.480228424072266
153,0.15315315127372742,44.464263916015625,-0.0007512940792366862,-0.002876501064747572,34.833282470703125
154,0.15415415167808533,44.50199508666992,-0.0011081011034548283,-0.004643424414098263,36.58646774291992
155,0.15515515208244324,44.53975296020508,-0.0006902993191033602,-0.0029281796887516975,34.330204010009766
156,0.15615615248680115,44.57754898071289,-0.0003724443376995623,-0.0024942883756011724,32.718658447265625
157,0.15715715289115906,44.6153678894043,-9.157260501524433e-05,-0.0026358754839748144,31.243013381958008
158,0.15815815329551697,44.653228759765625,-0.00011681378236971796,-0.00307593890465796,31.402273178100586
159,0.15915915369987488,44.69111251831055,-0.00010827551159309223,-0.0034040329046547413,31.415586471557617
160,0.1601601541042328,44.72903823852539,-0.00015301088569685817,-0.003737441962584853,31.7648983001709
161,0.1611611545085907,44.76698684692383,-0.0004208896425552666,-0.004302228335291147,33.484161376953125
162,0.1621621549129486,44.804969787597656,-0.0003490939852781594,-0.004090976435691118,33.11927795410156
163,0.16316315531730652,44.842987060546875,-0.0006079289596527815,-0.00461017107591033,34.66258239746094
164,0.16416415572166443,44.88103485107422,-0.000723282340914011,-0.005237005650997162,35.41761779785156
165,0.16516515612602234,44.91912078857422,-0.0006599203916266561,-0.005435721483081579,35.191532135009766
166,0.16616615653038025,44.95723342895508,-0.0007270665373653173,-0.006280445493757725,35.79667282104492
167,0.16716717183589935,44.99538040161133,-0.0005027366569265723,-0.005832678638398647,34.44768524169922
168,0.16816817224025726,45.03356170654297,-0.0005173208191990852,-0.0062600551173090935,34.60841369628906
169,0.16916917264461517,45.071773529052734,-0.00019332773808855563,-0.005612245295196772,32.25626754760742
170,0.17017017304897308,45.110015869140625,-0.00016035336011555046,-0.005595132242888212,31.89501190185547
171,0.171171173453331,45.14828872680664,-0.00016883117496035993,-0.005594274029135704,31.814857482910156
172,0.1721721738576889,45.18659973144531,-0.00013431909610517323,-0.0054640392772853374,31.431015014648438
173,0.17317317426204681,45.22494125366211,-7.019534677965567e-05,-0.005398209672421217,30.798044204711914
174,0.17417417466640472,45.2633171081543,0.00013742464943788946,-0.005580388940870762,28.870624542236328
175,0.17517517507076263,45.30172348022461,0.0002930308401118964,-0.006411873269826174,26.817380905151367
176,0.17617617547512054,45.34016036987305,0.0003504806663841009,-0.007372833322733641,25.20238494873047
177,0.17717717587947845,45.37863540649414,0.0003106670919805765,-0.007707258686423302,25.351015090942383
178,0.17817817628383636,45.41713333129883,0.00020440496155060828,-0.007471079938113689,27.2518310546875
179,0.17917917668819427,45.45567321777344,0.0002471323241479695,-0.007642326410859823,26.787904739379883
180,0.18018017709255219,45.49424362182617,0.0002883209381252527,-0.007613812107592821,26.5632266998291
181,0.1811811774969101,45.53284454345703,0.00033229129621759057,-0.007529658731073141,26.352027893066406
182,0.182182177901268,45.571475982666016,0.000416695314925164,-0.00775148207321763,25.310590744018555
183,0.18318317830562592,45.610145568847656,0.00034202280221506953,-0.007140244357287884,26.821609497070312
184,0.18418417870998383,45.64884567260742,8.761903154663742e-05,-0.006600009743124247,29.879549026489258
185,0.18518517911434174,45.68758010864258,0.00015978612645994872,-0.006957066711038351,28.77718734741211
186,0.18618617951869965,45.726348876953125,0.00015933552640490234,-0.007239769212901592,28.40604019165039
187,0.18718717992305756,45.76514434814453,8.71190131874755e-05,-0.007468628231436014,28.907665252685547
188,0.18818818032741547,45.803977966308594,-0.0001355391286779195,-0.007802358828485012,31.115983963012695
189,0.18918918073177338,45.84284210205078,-7.770319643896073e-05,-0.007950959727168083,30.240726470947266
190,0.1901901811361313,45.881744384765625,2.77806739177322e-05,-0.00815235823392868,28.795351028442383
191,0.1911911815404892,45.92066955566406,-8.902855915948749e-05,-0.008314534090459347,30.29907989501953
192,0.1921921968460083,45.95963668823242,0.00016934765153564513,-0.00845237635076046,27.283397674560547
193,0.1931931972503662,45.99863052368164,0.0001846654195105657,-0.008331677876412868,27.454113006591797
194,0.19419419765472412,46.037662506103516,0.0002898869861382991,-0.008474660106003284,26.40753746032715
195,0.19519519805908203,46.07672882080078,0.000363565341103822,-0.008653861470520496,25.55630111694336
196,0.19619619846343994,46.115821838378906,0.000318847072776407,-0.008349059149622917,26.185474395751953
197,0.19719719886779785,46.15495300292969,0.00010795106936711818,-0.007773947902023792,28.632274627685547
198,0.19819819927215576,46.194114685058594,9.325830615125597e-05,-0.007802248932421207,28.58917236328125
199,0.19919919967651367,46.23331069946289,0.00018911861116066575,-0.008121097460389137,27.05898094177246
200,0.20020020008087158,46.27254104614258,0.0003110237594228238,-0.00868894811719656,25.158077239990234
201,0.2012012004852295,46.31180191040039,0.00017659491277299821,-0.008435084484517574,26.649293899536133
202,0.2022022008895874,46.35110092163086,0.00018967146752402186,-0.00869778636842966,26.1415958404541
203,0.2032032012939453,46.39043045043945,0.000286974391201511,-0.009298370219767094,24.45198631286621
204,0.20420420169830322,46.42979049682617,0.00015711539890617132,-0.00902570877224207,26.45501708984375
205,0.20520520210266113,46.46918487548828,-8.8325105025433e-05,-0.008890831843018532,30.415613174438477
206,0.20620620250701904,46.50861740112305,4.8622634494677186e-05,-0.008737615309655666,28.729175567626953
207,0.20720720291137695,46.54807662963867,0.0001694700331427157,-0.00878281332552433,27.163990020751953
208,0.20820820331573486,46.58757400512695,0.00019614248594734818,-0.008762895129621029,26.9128360748291
209,0.20920920372009277,46.62710189819336,0.0002644229680299759,-0.009167216718196869,25.401472091674805
210,0.21021020412445068,46.666664123535156,0.0002685553627088666,-0.009416475892066956,24.891761779785156
211,0.2112112045288086,46.706260681152344,0.00017683987971395254,-0.009201792068779469,26.569921493530273
212,0.2122122049331665,46.74589157104492,-7.501358049921691e-05,-0.009166484698653221,30.575912475585938
213,0.21321320533752441,46.78555679321289,-8.269179670605808e-05,-0.00931541621685028,30.369617462158203
214,0.21421420574188232,46.825252532958984,-0.00010902821668423712,-0.009397960267961025,30.40715980529785
215,0.21521520614624023,46.864990234375,-7.050413842080161e-05,-0.009385505691170692,29.342103958129883
216,0.21621620655059814,46.90475082397461,-0.00024073793611023575,-0.00984482653439045,32.074195861816406
217,0.21721720695495605,46.94455337524414,-0.0002619074657559395,-0.009858502075076103,32.47062683105469
218,0.21821822226047516,46.98438262939453,-0.0002895556390285492,-0.009890974499285221,32.97093963623047
219,0.21921922266483307,47.024253845214844,-0.00036848540185019374,-0.01016330812126398,34.168190002441406
220,0.22022022306919098,47.064151763916016,-0.0005863439291715622,-0.011586375534534454,37.01628494262695
221,0.2212212234735489,47.104087829589844,-0.0004350261588115245,-0.01076827384531498,35.05973434448242
222,0.2222222238779068,47.14405059814453,-0.000526964315213263,-0.011531085707247257,36.265541076660156
223,0.2232232242822647,47.18405532836914,-0.0005901998374611139,-0.012181434780359268,37.15496063232422
224,0.22422422468662262,47.22409439086914,-0.0005047998856753111,-0.01171999704092741,36.12867736816406
225,0.22522522509098053,47.264163970947266,-0.0005622728494927287,-0.012275420129299164,36.983577728271484
226,0.22622622549533844,47.304264068603516,-0.0005547431064769626,-0.012325035408139229,36.974117279052734
227,0.22722722589969635,47.34440231323242,-0.0005715378792956471,-0.01253315806388855,37.312217712402344
228,0.22822822630405426,47.384578704833984,-0.0007048239931464195,-0.013737078756093979,39.26285934448242
229,0.22922922670841217,47.424781799316406,-0.0007572278846055269,-0.014225633814930916,40.07783508300781
230,0.23023022711277008,47.465023040771484,-0.000638764351606369,-0.013100041076540947,38.5439567565918
231,0.231231227517128,47.50529479980469,-0.0006022833986207843,-0.012893149629235268,38.112083435058594
232,0.2322322279214859,47.54560470581055,-0.0005635630805045366,-0.012717554345726967,37.600955963134766
233,0.2332332283258438,47.58594512939453,-0.0004699674900621176,-0.012080594897270203,36.11555862426758
234,0.23423422873020172,47.62632369995117,-0.0005349826533347368,-0.012837358750402927,37.344818115234375
235,0.23523522913455963,47.6667366027832,-0.0004811505204997957,-0.012565884739160538,36.54355239868164
236,0.23623622953891754,47.707176208496094,-0.0005451423348858953,-0.01328522153198719,37.80264663696289
237,0.23723722994327545,47.74766540527344,-0.0005633282125927508,-0.01347927376627922,38.213863372802734
238,0.23823823034763336,47.788177490234375,-0.0007137550273910165,-0.015041354112327099,40.73550796508789
239,0.23923923075199127,47.8287239074707,-0.000634558848105371,-0.01418135967105627,39.361995697021484
240,0.24024023115634918,47.86930847167969,-0.0006229819264262915,-0.014165475964546204,39.11054229736328
241,0.2412412315607071,47.9099235534668,-0.0006356546655297279,-0.014456607401371002,39.257896423339844
242,0.242242231965065,47.95058059692383,-0.0005736179300583899,-0.013947691768407822,38.10176086425781
243,0.2432432323694229,47.99126052856445,-0.0006583472713828087,-0.014982347376644611,39.52492904663086
244,0.24424424767494202,48.031982421875,-0.0006217103800736368,-0.014681442640721798,38.88114929199219
245,0.24524524807929993,48.07273864746094,-0.0005103229777887464,-0.013591366820037365,36.84273910522461
246,0.24624624848365784,48.113529205322266,-0.0005130835343152285,-0.013754753395915031,37.006900787353516
247,0.24724724888801575,48.154354095458984,-0.0005038742674514651,-0.013769568875432014,36.91724395751953
248,0.24824824929237366,48.19520950317383,-0.000513867533300072,-0.013919750228524208,37.215057373046875
249,0.24924924969673157,48.236106872558594,-0.000676187570206821,-0.01582181081175804,40.5348014831543
250,0.2502502501010895,48.277034759521484,-0.0006410000496543944,-0.015130620449781418,39.7025032043457
251,0.2512512505054474,48.317996978759766,-0.000707254046574235,-0.015707088634371758,40.722537994384766
252,0.2522522509098053,48.35899353027344,-0.0007577528012916446,-0.016367215663194656,41.59786605834961
253,0.2532532513141632,48.40003204345703,-0.0007092609303072095,-0.01599348522722721,40.87852478027344
254,0.2542542517185211,48.44109344482422,-0.0007930202409625053,-0.017470402643084526,42.62331008911133
255,0.25525525212287903,48.48219680786133,-0.0009310543537139893,-0.020022669807076454,45.42890167236328
256,0.25625625252723694,48.52333450317383,-0.0009917011484503746,-0.021445181220769882,46.841796875
257,0.25725725293159485,48.564510345458984,-0.001008864725008607,-0.021967589855194092,47.32381820678711
258,0.25825825333595276,48.605712890625,-0.0009260444203391671,-0.020687051117420197,45.94324493408203
259,0.25925925374031067,48.64695739746094,-0.0010457956232130527,-0.023481352254748344,48.74862289428711
260,0.2602602541446686,48.688236236572266,-0.0010601546382531524,-0.02401581034064293,49.29104995727539
261,0.2612612545490265,48.729549407958984,-0.0010187913430854678,-0.02309429459273815,48.476375579833984
262,0.2622622549533844,48.770896911621094,-0.0010860703187063336,-0.02466781809926033,50.08588409423828
263,0.2632632553577423,48.812278747558594,-0.0010993918403983116,-0.025138037279248238,50.64002990722656
264,0.2642642557621002,48.85369110107422,-0.0009303647093474865,-0.021367840468883514,47.08735275268555
265,0.26526525616645813,48.895145416259766,-0.0010517477057874203,-0.023965373635292053,49.854190826416016
266,0.26626625657081604,48.93663787841797,-0.0010760155273601413,-0.024621253833174706,50.58906555175781
267,0.26726725697517395,48.97815704345703,-0.0010290982900187373,-0.023664582520723343,49.75212097167969
268,0.26826825737953186,49.01971435546875,-0.0010393984848633409,-0.024187389761209488,50.321067810058594
269,0.26926925778388977,49.061309814453125,-0.0010261449497193098,-0.02423825114965439,50.40299606323242
270,0.2702702581882477,49.10293960571289,-0.0009663187665864825,-0.023160962387919426,49.24870681762695
271,0.2712712585926056,49.14460754394531,-0.0009770174510776997,-0.0238878782838583,49.84339141845703
272,0.2722722589969635,49.18630599975586,-0.0009612838039174676,-0.024025265127420425,49.77252197265625
273,0.2732732594013214,49.2280387878418,-0.0008614256512373686,-0.022193942219018936,47.50442123413086
274,0.2742742598056793,49.26980972290039,-0.0008868611184880137,-0.02321656420826912,48.4868278503418
275,0.27527526021003723,49.31161880493164,-0.0009604768711142242,-0.025423428043723106,50.800628662109375
276,0.27627626061439514,49.35345458984375,-0.001018512761220336,-0.027269136160612106,52.657649993896484
277,0.27727726101875305,49.39533233642578,-0.0010302007431164384,-0.027576208114624023,52.97581481933594
278,0.27827826142311096,49.4372444152832,-0.000994308851659298,-0.026531191542744637,52.01207733154297
279,0.27927926182746887,49.479190826416016,-0.001028994214721024,-0.027550047263503075,53.09633255004883
280,0.2802802622318268,49.52117156982422,-0.0010142226237803698,-0.02695249393582344,52.54800796508789
281,0.2812812626361847,49.56319046020508,-0.0010092657757923007,-0.026776153594255447,52.39537811279297
282,0.282282292842865,49.60525131225586,-0.0010301414877176285,-0.027673207223415375,53.29252243041992
283,0.2832832932472229,49.6473388671875,-0.001004065154120326,-0.02730870619416237,52.941619873046875
284,0.2842842936515808,49.6894645690918,-0.0010702237486839294,-0.029835736379027367,55.36928939819336
285,0.2852852940559387,49.73162841796875,-0.001122412970289588,-0.03235698863863945,57.716224670410156
286,0.28628629446029663,49.77382278442383,-0.001164236105978489,-0.034728001803159714,59.877716064453125
287,0.28728729486465454,49.81605911254883,-0.001191925024613738,-0.036356471478939056,61.349552154541016
288,0.28828829526901245,49.85832595825195,-0.0011832867749035358,-0.03605928272008896,61.21632766723633
289,0.28928929567337036,49.900630950927734,-0.0011506781447678804,-0.03458058834075928,60.11673355102539
290,0.29029029607772827,49.94297409057617,-0.001128792529925704,-0.0337592251598835,59.59067153930664
291,0.2912912964820862,49.985355377197266,-0.00106696633156389,-0.03126506134867668,57.49364471435547
292,0.2922922968864441,50.02776336669922,-0.0011293640127405524,-0.03460182249546051,60.63166427612305
293,0.293293297290802,50.07020950317383,-0.001152216806076467,-0.036166004836559296,62.04783630371094
294,0.2942942976951599,50.11269760131836,-0.0011641066521406174,-0.03688793256878853,62.65735626220703
295,0.2952952980995178,50.155216217041016,-0.0011553133372217417,-0.03612644597887993,61.967254638671875
296,0.29629629850387573,50.197776794433594,-0.001138044404797256,-0.035030797123909,61.0567626953125
297,0.29729729890823364,50.2403678894043,-0.0011424114927649498,-0.035194505006074905,61.212547302246094
298,0.29829829931259155,50.282997131347656,-0.0011738608591258526,-0.037716589868068695,63.43292999267578
299,0.29929929971694946,50.32566452026367,-0.0011922926642000675,-0.03963369131088257,65.12157440185547
300,0.3003003001213074,50.36836242675781,-0.00119487545453012,-0.04047142714262009,65.86088562011719
301,0.3013013005256653,50.41109848022461,-0.001158448401838541,-0.038372550159692764,64.12818145751953
302,0.3023023009300232,50.45387649536133,-0.001142845954746008,-0.03819561004638672,63.96786117553711
303,0.3033033013343811,50.49668502807617,-0.0011389856226742268,-0.03855321183800697,64.14606475830078
304,0.304304301738739,50.53953552246094,-0.0011331394780427217,-0.039041854441165924,64.52206420898438
305,0.3053053021430969,50.58241653442383,-0.0011061078403145075,-0.03704474866390228,62.65525436401367
306,0.30630630254745483,50.625335693359375,-0.0010883340146392584,-0.0354025699198246,61.06351852416992
307,0.30730730295181274,50.66829299926758,-0.0010861619375646114,-0.03486360237002373,60.583736419677734
308,0.30830830335617065,50.71128463745117,-0.0010845526121556759,-0.03443439304828644,60.3288459777832
309,0.30930930376052856,50.754310607910156,-0.0010904720984399319,-0.035016003996133804,61.188053131103516
310,0.3103103041648865,50.79737854003906,-0.0010824073106050491,-0.034835077822208405,61.39360809326172
311,0.3113113045692444,50.840476989746094,-0.0011132482904940844,-0.03770415112376213,64.39454650878906
312,0.3123123049736023,50.88361358642578,-0.0010920889908447862,-0.036966968327760696,64.11022186279297
313,0.3133133053779602,50.92679214477539,-0.0010674824006855488,-0.035507138818502426,63.030216217041016
314,0.3143143057823181,50.97000503540039,-0.0010422441409900784,-0.03385477513074875,61.65217590332031
315,0.315315306186676,51.01325225830078,-0.0010429626563563943,-0.03391311317682266,61.82046127319336
316,0.31631630659103394,51.056541442871094,-0.00105766742490232,-0.03466956317424774,62.57490921020508
317,0.31731730699539185,51.099857330322266,-0.001066840486600995,-0.03517290577292442,63.057037353515625
318,0.31831830739974976,51.14321517944336,-0.0010795691050589085,-0.036123745143413544,63.98998260498047
319,0.31931930780410767,51.186614990234375,-0.0010622786357998848,-0.035077448934316635,63.12129211425781
320,0.3203203082084656,51.23004913330078,-0.0010506723774597049,-0.03462578356266022,62.81219482421875
321,0.3213213086128235,51.27351379394531,-0.0009957896545529366,-0.03167888894677162,60.02065658569336
322,0.3223223090171814,51.317020416259766,-0.0009503633482381701,-0.029650259763002396,57.95005416870117
323,0.3233233094215393,51.36056137084961,-0.0009462878224439919,-0.029743382707238197,58.00862503051758
324,0.3243243098258972,51.40414047241211,-0.0009486309718340635,-0.030358342453837395,58.673439025878906
325,0.3253253102302551,51.44776153564453,-0.0009069361258298159,-0.029135407879948616,57.40352249145508
326,0.32632631063461304,51.49141311645508,-0.0008405453409068286,-0.027158843353390694,55.1754264831543
327,0.32732731103897095,51.53510284423828,-0.0008384627872146666,-0.027459004893898964,55.56122970581055
328,0.32832831144332886,51.578834533691406,-0.0008993186056613922,-0.029966995120048523,58.506988525390625
329,0.32932931184768677,51.622596740722656,-0.0009105228818953037,-0.03068072907626629,59.37834167480469
330,0.3303303122520447,51.66639709472656,-0.0009226315887644887,-0.03134530410170555,60.152584075927734
331,0.3313313126564026,51.71023941040039,-0.0009407124598510563,-0.03208335489034653,60.966773986816406
332,0.3323323130607605,51.754112243652344,-0.0009397750836797059,-0.03180069848895073,60.66584777832031
333,0.3333333432674408,51.79802703857422,-0.0009645873215049505,-0.03265176713466644,61.521240234375
334,0.3343343436717987,51.84197998046875,-0.0009550071554258466,-0.031964972615242004,60.78146743774414
335,0.3353353440761566,51.88597106933594,-0.0009313594782724977,-0.03113546594977379,59.973506927490234
336,0.3363363444805145,51.92999267578125,-0.0009628284024074674,-0.03296989947557449,61.942745208740234
337,0.33733734488487244,51.974056243896484,-0.0009222247172147036,-0.03125491365790367,60.1758918762207
338,0.33833834528923035,52.018157958984375,-0.0009193680016323924,-0.03143477067351341,60.37245178222656
339,0.33933934569358826,52.06229782104492,-0.0009269182337448001,-0.03228861093521118,61.26791000366211
340,0.34034034609794617,52.106468200683594,-0.0009282543323934078,-0.03273575380444527,61.727928161621094
341,0.3413413465023041,52.15068054199219,-0.0009234485332854092,-0.03279196098446846,61.80573654174805
342,0.342342346906662,52.19493103027344,-0.0009172370773740113,-0.032571692019701004,61.616703033447266
343,0.3433433473110199,52.23921585083008,-0.000924564606975764,-0.03303243964910507,62.21355056762695
344,0.3443443477153778,52.283546447753906,-0.0009381369454786181,-0.03413049504160881,63.51186752319336
345,0.3453453481197357,52.327911376953125,-0.000995851238258183,-0.03845573216676712,68.13146209716797
346,0.34634634852409363,52.372310638427734,-0.0009757009684108198,-0.03704513609409332,66.88182067871094
347,0.34734734892845154,52.416744232177734,-0.00098878750577569,-0.0379595048725605,67.92333984375
348,0.34834834933280945,52.46122360229492,-0.0009445608593523502,-0.03537609428167343,65.439697265625
349,0.34934934973716736,52.505733489990234,-0.0009147938108071685,-0.034039922058582306,64.12648010253906
350,0.35035035014152527,52.55028533935547,-0.0009586946689523757,-0.03739449009299278,67.73999786376953
351,0.3513513505458832,52.594879150390625,-0.000951858120970428,-0.0372966043651104,67.67411804199219
352,0.3523523509502411,52.639503479003906,-0.0009464501636102796,-0.03716764971613884,67.54187774658203
353,0.353353351354599,52.68416976928711,-0.0009464588365517557,-0.03721366077661514,67.52845764160156
354,0.3543543517589569,52.72887420654297,-0.0009595828014425933,-0.038386180996894836,68.71168518066406
355,0.3553553521633148,52.77360916137695,-0.0009392054635100067,-0.03666072338819504,66.82482147216797
356,0.35635635256767273,52.81839370727539,-0.0009383128490298986,-0.036784686148166656,66.96066284179688
357,0.35735735297203064,52.86320495605469,-0.0009810584597289562,-0.04061673954129219,70.95201110839844
358,0.35835835337638855,52.90806198120117,-0.0010108515853062272,-0.04372463747859001,74.13944244384766
359,0.35935935378074646,52.95295333862305,-0.000980140408501029,-0.0412256121635437,71.83303833007812
360,0.36036035418510437,52.99788284301758,-0.0009447787306271493,-0.03907936438918114,69.8847885131836
361,0.3613613545894623,53.0428581237793,-0.0009094037814065814,-0.03671703487634659,67.47081756591797
362,0.3623623549938202,53.087860107421875,-0.0009072303073480725,-0.036688823252916336,67.5426025390625
363,0.3633633553981781,53.13290786743164,-0.0009021137375384569,-0.036268848925828934,67.15573120117188
364,0.364364355802536,53.1779899597168,-0.0009061533492058516,-0.036959968507289886,68.10983276367188
365,0.3653653562068939,53.223114013671875,-0.0008916876977309585,-0.03673512861132622,68.16340637207031
366,0.36636635661125183,53.268272399902344,-0.00087225332390517,-0.03620804846286774,67.88600158691406
367,0.36736735701560974,53.31346893310547,-0.0008575937245041132,-0.03566677123308182,67.52214050292969
368,0.36836835741996765,53.358707427978516,-0.0008307215757668018,-0.03394347429275513,65.67066192626953
369,0.36936935782432556,53.40398025512695,-0.0008729900000616908,-0.03690158948302269,69.25260925292969
370,0.37037035822868347,53.44929885864258,-0.0008780829375609756,-0.037097614258527756,69.53345489501953
371,0.3713713586330414,53.49464797973633,-0.0009030724759213626,-0.03866777569055557,71.31788635253906
372,0.3723723590373993,53.5400390625,-0.0009107599616982043,-0.03892643004655838,71.64225006103516
373,0.3733733594417572,53.58546829223633,-0.0009375202935189009,-0.04083843156695366,73.68601989746094
374,0.3743743598461151,53.63093566894531,-0.000962731777690351,-0.04290054365992546,75.76671600341797
375,0.375375360250473,53.67644500732422,-0.0009697560453787446,-0.04388425126671791,76.77457427978516
376,0.37637636065483093,53.721988677978516,-0.0009828800102695823,-0.04616366699337959,79.27054595947266
377,0.37737736105918884,53.76757049560547,-0.0009788528550416231,-0.046043939888477325,79.2099380493164
378,0.37837836146354675,53.813194274902344,-0.0009544069180265069,-0.043476250022649765,76.56317138671875
379,0.37937936186790466,53.858856201171875,-0.0009457338019274175,-0.04307231679558754,76.28192901611328
380,0.3803803622722626,53.9045524597168,-0.0009645819081924856,-0.045796092599630356,79.28925323486328
381,0.3813813626766205,53.950294494628906,-0.0009546715882606804,-0.04574763402342796,79.53590393066406
382,0.3823823630809784,53.996070861816406,-0.0009492149692960083,-0.04592299461364746,79.95520782470703
383,0.3833833634853363,54.04188919067383,-0.0009446769254282117,-0.04601238667964935,80.30873107910156
384,0.3843843936920166,54.08774185180664,-0.000948944827541709,-0.0471898652613163,81.85051727294922
385,0.3853853940963745,54.133636474609375,-0.0009501529857516289,-0.047136060893535614,81.9554214477539
386,0.3863863945007324,54.1795654296875,-0.0009540490573272109,-0.04650358110666275,81.29170989990234
387,0.38738739490509033,54.22554016113281,-0.0009730695164762437,-0.048362214118242264,83.29048919677734
388,0.38838839530944824,54.271549224853516,-0.0009646337712183595,-0.04714395850896835,82.23912811279297
389,0.38938939571380615,54.317596435546875,-0.0009483512258157134,-0.04546019807457924,80.66490173339844
390,0.39039039611816406,54.363685607910156,-0.000945011037401855,-0.045224446803331375,80.44940185546875
391,0.391391396522522,54.40981674194336,-0.0009370225016027689,-0.04447251558303833,79.62608337402344
392,0.3923923969268799,54.45597839355469,-0.000925745174754411,-0.044181887060403824,79.37500762939453
393,0.3933933973312378,54.502193450927734,-0.0008806149126030505,-0.04154875501990318,76.78801727294922
394,0.3943943977355957,54.54843521118164,-0.0008590094512328506,-0.041474681347608566,77.00469970703125
395,0.3953953981399536,54.59471893310547,-0.0008418671786785126,-0.04177732393145561,77.66836547851562
396,0.3963963985443115,54.64104080200195,-0.0008200978627428412,-0.040981341153383255,76.87975311279297
397,0.39739739894866943,54.68740463256836,-0.0008204628829844296,-0.04208921641111374,78.34110260009766
398,0.39839839935302734,54.73381042480469,-0.000819026492536068,-0.04208837077021599,78.31236267089844
399,0.39939939975738525,54.780250549316406,-0.0008311960846185684,-0.04313385486602783,79.44265747070312
400,0.40040040016174316,54.82673263549805,-0.000835372309666127,-0.04309815913438797,79.26077270507812
401,0.4014014005661011,54.87324905395508,-0.0008320181514136493,-0.042976051568984985,79.2147216796875
402,0.402402400970459,54.91980743408203,-0.0008210097439587116,-0.04188879579305649,78.0461654663086
403,0.4034034013748169,54.96641540527344,-0.0008401902159675956,-0.04562200978398323,82.80191040039062
404,0.4044044017791748,55.01305389404297,-0.0008430695743300021,-0.046269021928310394,83.70884704589844
405,0.4054054021835327,55.059730529785156,-0.0008391789742745459,-0.0449189618229866,82.11164093017578
406,0.4064064025878906,55.106449127197266,-0.0008302748901769519,-0.04300917685031891,79.86997985839844
407,0.40740740299224854,55.1532096862793,-0.0008205564226955175,-0.041698481887578964,78.450927734375
408,0.40840840339660645,55.200008392333984,-0.0008065754664130509,-0.04019659012556076,76.82780456542969
409,0.40940940380096436,55.24684524536133,-0.0008109170594252646,-0.04104302451014519,78.05724334716797
410,0.41041040420532227,55.293724060058594,-0.0007980318041518331,-0.03921831026673317,75.81814575195312
411,0.4114114046096802,55.340641021728516,-0.0008000631351023912,-0.039400335401296616,76.06055450439453
412,0.4124124050140381,55.38759231567383,-0.0008041964611038566,-0.03960292786359787,76.2942886352539
413,0.413413405418396,55.43458938598633,-0.0008151278598234057,-0.04038526862859726,77.19342041015625
414,0.4144144058227539,55.481624603271484,-0.000812856073025614,-0.039759282022714615,76.36376953125
415,0.4154154062271118,55.52870178222656,-0.0008177870768122375,-0.03996020182967186,76.5767593383789
416,0.4164164066314697,55.5758171081543,-0.0008059310493990779,-0.03877932205796242,75.21488189697266
417,0.41741740703582764,55.62297439575195,-0.0007855990552343428,-0.037309251725673676,73.56983947753906
418,0.41841840744018555,55.67017364501953,-0.0007558624492958188,-0.03567706048488617,71.78619384765625
419,0.41941940784454346,55.71741485595703,-0.0007508540293201804,-0.0363626703619957,72.9158706665039
420,0.42042040824890137,55.764686584472656,-0.0007424341165460646,-0.03608141839504242,72.60658264160156
421,0.4214214086532593,55.81200408935547,-0.0007427468663081527,-0.036107808351516724,72.54556274414062
422,0.4224224090576172,55.85935592651367,-0.0007613782654516399,-0.03797729313373566,74.8316421508789
423,0.4234234094619751,55.90675735473633,-0.0007499324274249375,-0.03576960787177086,71.6153564453125
424,0.424424409866333,55.954193115234375,-0.0007666573510505259,-0.03754476085305214,73.83406829833984
425,0.4254254102706909,56.00166702270508,-0.0007396267610602081,-0.0356767401099205,71.5599594116211
426,0.42642641067504883,56.04918670654297,-0.0007209829054772854,-0.03514232113957405,71.11434173583984
427,0.42742741107940674,56.096744537353516,-0.0007043718360364437,-0.034560177475214005,70.60271453857422
428,0.42842841148376465,56.14434814453125,-0.0007096717599779367,-0.0359644740819931,72.76487731933594
429,0.42942941188812256,56.191978454589844,-0.0006842208094894886,-0.03297407925128937,68.5260009765625
430,0.43043041229248047,56.239662170410156,-0.0006939594750292599,-0.03367604687809944,69.53189849853516
431,0.4314314126968384,56.287384033203125,-0.0006917163846082985,-0.032902419567108154,68.4197006225586
432,0.4324324131011963,56.335140228271484,-0.0006927081267349422,-0.03340679034590721,69.3974380493164
433,0.4334334135055542,56.3829460144043,-0.0006984619540162385,-0.03472466021776199,71.60952758789062
434,0.4344344139099121,56.430782318115234,-0.0006906385533511639,-0.03413989394903183,70.99747467041016
435,0.43543541431427,56.478668212890625,-0.0007052823202684522,-0.03604104369878769,73.87796020507812
436,0.4364364445209503,56.526588439941406,-0.0007087537087500095,-0.036519382148981094,74.65373229980469
437,0.4374374449253082,56.574554443359375,-0.0007203605491667986,-0.03804510086774826,76.86156463623047
438,0.43843844532966614,56.62255859375,-0.0007138623623177409,-0.03705580532550812,75.52356719970703
439,0.43943944573402405,56.67060089111328,-0.0007290334324352443,-0.038787491619586945,77.93858337402344
440,0.44044044613838196,56.718685150146484,-0.0007274385425262153,-0.03845295310020447,77.53321075439453
441,0.44144144654273987,56.76681137084961,-0.0007225860608741641,-0.037942320108413696,76.87811279296875
442,0.4424424469470978,56.814979553222656,-0.0007146431016735733,-0.03765213489532471,76.5993881225586
443,0.4434434473514557,56.86318588256836,-0.0007197499508038163,-0.03901047632098198,78.5221176147461
444,0.4444444477558136,56.911434173583984,-0.0007067850674502552,-0.0374520942568779,76.31161499023438
445,0.4454454481601715,56.95972442626953,-0.0007012412534095347,-0.0371754914522171,76.00965881347656
446,0.4464464485645294,57.008056640625,-0.0007030431879684329,-0.03793499246239662,77.22779846191406
447,0.44744744896888733,57.056427001953125,-0.0007080135401338339,-0.03918159380555153,79.17072296142578
448,0.44844844937324524,57.10483932495117,-0.0006879034917801619,-0.0368165485560894,76.02621459960938
449,0.44944944977760315,57.153297424316406,-0.0006823292933404446,-0.03651190176606178,75.76969909667969
450,0.45045045018196106,57.20178985595703,-0.0006675240001641214,-0.03469165787100792,73.2926254272461
451,0.45145145058631897,57.25032424926758,-0.0006684393156319857,-0.034801699221134186,73.59101104736328
452,0.4524524509906769,57.29890060424805,-0.0006514201522804797,-0.03248031064867973,70.17860412597656
453,0.4534534513950348,57.3475227355957,-0.0006490296218544245,-0.031861573457717896,69.26898193359375
454,0.4544544517993927,57.396183013916016,-0.0006490318337455392,-0.03149343281984329,68.76081848144531
455,0.4554554522037506,57.444881439208984,-0.0006352161290124059,-0.02993728592991829,66.38702392578125
456,0.4564564526081085,57.49362564086914,-0.0006243695388548076,-0.029325559735298157,65.5639419555664
457,0.45745745301246643,57.54240417480469,-0.0005993458325974643,-0.028126059100031853,63.789005279541016
458,0.45845845341682434,57.59122848510742,-0.0005618248251266778,-0.026468411087989807,61.08600997924805
459,0.45945945382118225,57.640098571777344,-0.0005431021563708782,-0.025892453268170357,60.13831329345703
460,0.46046045422554016,57.68900680541992,-0.00053354975534603,-0.025588957592844963,59.582305908203125
461,0.46146145462989807,57.73795700073242,-0.0005061028059571981,-0.02434624172747135,57.223663330078125
462,0.462462455034256,57.786949157714844,-0.0004987164284102619,-0.02405036799609661,56.65196228027344
463,0.4634634554386139,57.83598327636719,-0.0005467461887747049,-0.026605281978845596,61.57931137084961
464,0.4644644558429718,57.88505554199219,-0.0005285482620820403,-0.025539495050907135,59.601585388183594
465,0.4654654562473297,57.934165954589844,-0.0005399829242378473,-0.026032578200101852,60.5496826171875
466,0.4664664566516876,57.98332977294922,-0.0005376345361582935,-0.026119496673345566,60.82389450073242
467,0.46746745705604553,58.03252410888672,-0.0005261441692709923,-0.025780435651540756,60.33082962036133
468,0.46846845746040344,58.08176803588867,-0.000505065661855042,-0.024874240159988403,58.695865631103516
469,0.46946945786476135,58.131046295166016,-0.0005243243067525327,-0.026083657518029213,61.141807556152344
470,0.47047045826911926,58.18037414550781,-0.0005185451009310782,-0.025812791660428047,60.66062545776367
471,0.4714714586734772,58.229740142822266,-0.0005000430974178016,-0.024725476279854774,58.493019104003906
472,0.4724724590778351,58.27914810180664,-0.0005103266448713839,-0.025138186290860176,59.22675704956055
473,0.473473459482193,58.32859802246094,-0.0005154123064130545,-0.025316838175058365,59.515445709228516
474,0.4744744598865509,58.37809371948242,-0.0005121301510371268,-0.025245100259780884,59.448856353759766
475,0.4754754602909088,58.42762756347656,-0.0005142464651726186,-0.025373129174113274,59.767818450927734
476,0.4764764606952667,58.47719955444336,-0.0005431458121165633,-0.027007410302758217,62.854549407958984
477,0.47747746109962463,58.52682113647461,-0.0005663080373778939,-0.028220057487487793,64.93573760986328
478,0.47847846150398254,58.57647705078125,-0.0005740223568864167,-0.028417615219950676,65.15852355957031
479,0.47947946190834045,58.626182556152344,-0.0005440672393888235,-0.026102693751454353,60.975955963134766
480,0.48048046231269836,58.675926208496094,-0.000534338119905442,-0.025638369843363762,60.24448776245117
481,0.4814814627170563,58.725711822509766,-0.0005365851102396846,-0.026073705404996872,61.24256896972656
482,0.4824824631214142,58.775543212890625,-0.0005347265396267176,-0.02630828134715557,61.87317657470703
483,0.4834834635257721,58.82541275024414,-0.0005179117433726788,-0.025449244305491447,60.38237762451172
484,0.48448446393013,58.875328063964844,-0.0005224213236942887,-0.025686759501695633,60.899715423583984
485,0.4854854643344879,58.92528533935547,-0.0005101727438159287,-0.024801453575491905,59.17924499511719
486,0.4864864647388458,58.97528076171875,-0.0005472181364893913,-0.027141094207763672,63.646156311035156
487,0.4874874949455261,59.025325775146484,-0.0005545781459659338,-0.02802608348429203,65.38065338134766
488,0.48848849534988403,59.07540512084961,-0.0005455619539134204,-0.027522141113877296,64.51496887207031
489,0.48948949575424194,59.12553024291992,-0.0005536540993489325,-0.028128359466791153,65.62811279296875
490,0.49049049615859985,59.17570114135742,-0.0005632070824503899,-0.029038159176707268,67.33441925048828
491,0.49149149656295776,59.22591781616211,-0.0005742254434153438,-0.03031764179468155,69.6717529296875
492,0.4924924969673157,59.27616500854492,-0.0005815696204081178,-0.031265873461961746,71.37276458740234
493,0.4934934973716736,59.32646560668945,-0.0005905777798034251,-0.03247211128473282,73.4957275390625
494,0.4944944977760315,59.376800537109375,-0.0005763842491433024,-0.030963601544499397,70.93937683105469
495,0.4954954981803894,59.427181243896484,-0.0005770954303443432,-0.030919982120394707,70.88130187988281
496,0.4964964985847473,59.47761154174805,-0.0005715624429285526,-0.030396683141589165,70.03875732421875
497,0.4974974989891052,59.528072357177734,-0.0005715277511626482,-0.030784334987401962,70.96749114990234
498,0.49849849939346313,59.57858657836914,-0.0005604442558251321,-0.030072681605815887,70.0147705078125
499,0.49949949979782104,59.62913513183594,-0.0005602854071184993,-0.030110236257314682,70.2416763305664
500,0.500500500202179,59.67972946166992,-0.0005438545485958457,-0.028718126937747,67.88101196289062
501,0.5015015006065369,59.73036575317383,-0.0005398031789809465,-0.028291776776313782,67.17102813720703
502,0.5025025010108948,59.78105163574219,-0.0005314513109624386,-0.027414554730057716,65.53665161132812
503,0.5035035014152527,59.83177947998047,-0.0005150405340828001,-0.026087002828717232,63.038360595703125
504,0.5045045018196106,59.88254165649414,-0.0005128509365022182,-0.02593335323035717,62.82121658325195
505,0.5055055022239685,59.93335723876953,-0.0005044364370405674,-0.02549014426767826,62.01365280151367
506,0.5065065026283264,59.98421096801758,-0.000492206250783056,-0.024815741926431656,60.73855972290039
507,0.5075075030326843,60.03510665893555,-0.0004842208290938288,-0.0244403425604105,60.04402542114258
508,0.5085085034370422,60.08604431152344,-0.00046060208114795387,-0.023116793483495712,57.239688873291016
509,0.5095095038414001,60.13703155517578,-0.0004733617533929646,-0.02403132990002632,59.1361083984375
510,0.5105105042457581,60.18806076049805,-0.00048067496391013265,-0.024440785869956017,59.91571807861328
511,0.511511504650116,60.2391242980957,-0.00048196077113971114,-0.024491099640727043,59.9703483581543
512,0.5125125050544739,60.29024124145508,-0.0005006954306736588,-0.025600668042898178,62.151649475097656
513,0.5135135054588318,60.341392517089844,-0.0004955384647473693,-0.02530711144208908,61.542144775390625
514,0.5145145058631897,60.39259719848633,-0.0004795085988007486,-0.024329939857125282,59.50082778930664
515,0.5155155062675476,60.44384002685547,-0.0004883951041847467,-0.024891702458262444,60.619789123535156
516,0.5165165066719055,60.495121002197266,-0.0004850553232245147,-0.024912983179092407,60.703121185302734
517,0.5175175070762634,60.54645538330078,-0.00045958271948620677,-0.023675164207816124,58.30147933959961
518,0.5185185074806213,60.59783172607422,-0.00044758166768588126,-0.02322557382285595,57.56903076171875
519,0.5195195078849792,60.64924621582031,-0.0004365154018159956,-0.022618984803557396,56.39155960083008
520,0.5205205082893372,60.700706481933594,-0.0004195531946606934,-0.021491670981049538,53.970054626464844
521,0.5215215086936951,60.75221252441406,-0.000420892087277025,-0.021713299676775932,54.68808364868164
522,0.522522509098053,60.80376434326172,-0.0004368368536233902,-0.022923318669199944,57.62638854980469
523,0.5235235095024109,60.85535430908203,-0.0004208593163639307,-0.021792611107230186,55.14358139038086
524,0.5245245099067688,60.90699005126953,-0.00043834230746142566,-0.023185743018984795,58.51926040649414
525,0.5255255103111267,60.95866775512695,-0.0004342876491136849,-0.02297043241560459,58.04719543457031
526,0.5265265107154846,61.01039123535156,-0.00043214778997935355,-0.022822348400950432,57.664207458496094
527,0.5275275111198425,61.06216049194336,-0.0004278298292774707,-0.022466197609901428,56.767608642578125
528,0.5285285115242004,61.11397171020508,-0.0004071540606673807,-0.020781688392162323,52.650386810302734
529,0.5295295119285583,61.165828704833984,-0.00043426593765616417,-0.02269989252090454,57.17598342895508
530,0.5305305123329163,61.21773147583008,-0.00043457213905639946,-0.022683585062623024,57.19734573364258
531,0.5315315127372742,61.26966857910156,-0.00043035170529037714,-0.02253146655857563,57.0157585144043
532,0.5325325131416321,61.3216552734375,-0.00043493922566995025,-0.02303268387913704,58.389549255371094
533,0.53353351354599,61.373695373535156,-0.0004424548533279449,-0.02366536296904087,60.008872985839844
534,0.5345345139503479,61.4257698059082,-0.000443733180873096,-0.023702261969447136,60.1719856262207
535,0.5355355143547058,61.47788619995117,-0.0004303217865526676,-0.02275186963379383,57.99171447753906
536,0.5365365147590637,61.530052185058594,-0.0004062670632265508,-0.020836642012000084,53.33473205566406
537,0.5375375151634216,61.5822639465332,-0.0003995655570179224,-0.02028621919453144,51.795555114746094
538,0.5385385155677795,61.63451385498047,-0.00040949659887701273,-0.02137315832078457,54.44073486328125
539,0.5395395755767822,61.68681716918945,-0.00041636102832853794,-0.022074546664953232,56.15764617919922
540,0.5405405759811401,61.73915481567383,-0.0004251398495398462,-0.02272638864815235,57.724491119384766
541,0.541541576385498,61.791542053222656,-0.0004182793782092631,-0.022143350914120674,56.4424934387207
542,0.542542576789856,61.843971252441406,-0.00042341422522440553,-0.02273043990135193,57.9863166809082
543,0.5435435771942139,61.89645004272461,-0.00042601244058459997,-0.023047594353556633,58.85260772705078
544,0.5445445775985718,61.94896697998047,-0.00042285583913326263,-0.022814705967903137,58.39637756347656
545,0.5455455780029297,62.001529693603516,-0.00042842162656597793,-0.023395128548145294,59.906005859375
546,0.5465465784072876,62.05413818359375,-0.0004129978478886187,-0.022171571850776672,57.08503341674805
547,0.5475475788116455,62.10679244995117,-0.0003966021758969873,-0.02103232778608799,54.346954345703125
548,0.5485485792160034,62.159488677978516,-0.0003927890211343765,-0.02098560892045498,54.24760818481445
549,0.5495495796203613,62.21223068237305,-0.00039321364602074027,-0.02122591994702816,54.84380340576172
550,0.5505505800247192,62.26502227783203,-0.0004038274346385151,-0.022349756211042404,57.617103576660156
551,0.5515515804290771,62.31785202026367,-0.0004111229791305959,-0.02323164790868759,59.74821472167969
552,0.5525525808334351,62.3707275390625,-0.0004134874907322228,-0.02373288944363594,60.99766540527344
553,0.553553581237793,62.42365264892578,-0.00041254202369600534,-0.024002939462661743,61.82762145996094
554,0.5545545816421509,62.476619720458984,-0.00041606585728004575,-0.0245942585170269,63.4359130859375
555,0.5555555820465088,62.52962875366211,-0.00042596098501235247,-0.025737877935171127,66.33760070800781
556,0.5565565824508667,62.58268737792969,-0.00042532102088443935,-0.02547881379723549,65.8489990234375
557,0.5575575828552246,62.63578796386719,-0.00042398498044349253,-0.02498321421444416,64.77665710449219
558,0.5585585832595825,62.688934326171875,-0.0004205372533760965,-0.02431333065032959,63.348968505859375
559,0.5595595836639404,62.74212646484375,-0.000418309704400599,-0.02375996671617031,62.186893463134766
560,0.5605605840682983,62.79536437988281,-0.0004322911845520139,-0.024462919682264328,63.874515533447266
561,0.5615615844726562,62.8486442565918,-0.00043232133612036705,-0.024131111800670624,63.18193435668945
562,0.5625625848770142,62.901973724365234,-0.00042386632412672043,-0.02336244285106659,61.49971008300781
563,0.5635635852813721,62.955345153808594,-0.00043405458563938737,-0.02437918819487095,64.04011535644531
564,0.56456458568573,63.008766174316406,-0.0004306896880734712,-0.02410270832479,63.48100280761719
565,0.5655655860900879,63.062225341796875,-0.00043341057607904077,-0.024353956803679466,64.07109069824219
566,0.5665665864944458,63.11573791503906,-0.0004223971045576036,-0.023525310680270195,62.20585632324219
567,0.5675675868988037,63.16929244995117,-0.0004094820178579539,-0.02262205444276333,60.17986297607422
568,0.5685685873031616,63.2228889465332,-0.0004076428012922406,-0.022853273898363113,60.82449722290039
569,0.5695695877075195,63.27653503417969,-0.0004271521174814552,-0.025076424703001976,66.07474517822266
570,0.5705705881118774,63.33022689819336,-0.0004261595895513892,-0.02515067160129547,66.02232360839844
571,0.5715715885162354,63.38396072387695,-0.00041611018241383135,-0.024012235924601555,63.01091766357422
572,0.5725725889205933,63.437744140625,-0.00040266805444844067,-0.02261480875313282,59.46699523925781
573,0.5735735893249512,63.4915657043457,-0.0004132023314014077,-0.023835062980651855,62.37788009643555
574,0.5745745897293091,63.545440673828125,-0.0004024331574328244,-0.02261815220117569,59.395225524902344
575,0.575575590133667,63.599361419677734,-0.00039765206747688353,-0.021987535059452057,57.92794418334961
576,0.5765765905380249,63.65332794189453,-0.0004017906612716615,-0.022582674399018288,59.70882797241211
577,0.5775775909423828,63.707332611083984,-0.0004058621125295758,-0.0231279656291008,61.359127044677734
578,0.5785785913467407,63.761390686035156,-0.00040275088394992054,-0.022736331447958946,60.639404296875
579,0.5795795917510986,63.815494537353516,-0.00040195969631895423,-0.022677013650536537,60.72764205932617
580,0.5805805921554565,63.8696403503418,-0.000395970419049263,-0.022073527798056602,59.4379768371582
581,0.5815815925598145,63.92383575439453,-0.0003780445549637079,-0.019919391721487045,53.97695541381836
582,0.5825825929641724,63.97807693481445,-0.0003711117315106094,-0.019413607195019722,52.68883514404297
583,0.5835835933685303,64.03236389160156,-0.00035501387901604176,-0.017617758363485336,47.671504974365234
584,0.5845845937728882,64.0866928100586,-0.00035561551339924335,-0.01801752671599388,48.601593017578125
585,0.5855855941772461,64.14107513427734,-0.00036196038126945496,-0.019012855365872383,51.14208221435547
586,0.586586594581604,64.19549560546875,-0.0003559887991286814,-0.018280822783708572,49.00637435913086
587,0.5875875949859619,64.24996948242188,-0.0003655888722278178,-0.0197161715477705,53.026954650878906
588,0.5885885953903198,64.30448150634766,-0.000364214472938329,-0.01966465450823307,52.99842834472656
589,0.5895895957946777,64.35903930664062,-0.00036756310146301985,-0.020277513191103935,54.89396667480469
590,0.5905905961990356,64.41365814208984,-0.0003655384643934667,-0.020077146589756012,54.605979919433594
591,0.5915915966033936,64.46830749511719,-0.0003679008805193007,-0.020302968099713326,55.466209411621094
592,0.5925925970077515,64.52301025390625,-0.00036396447103470564,-0.01988312602043152,54.600181579589844
593,0.5935935974121094,64.5777587890625,-0.0003640859213192016,-0.020299918949604034,56.02753448486328
594,0.5945945978164673,64.63255310058594,-0.0003605554811656475,-0.020040536299347878,55.51582336425781
595,0.5955955982208252,64.68739318847656,-0.00035499519435688853,-0.019136624410748482,53.11233139038086
596,0.5965965986251831,64.74227905273438,-0.00035296258283779025,-0.018603311851620674,51.747257232666016
597,0.597597599029541,64.7972183227539,-0.00035523262340575457,-0.018750300630927086,52.42564010620117
598,0.5985985994338989,64.8521957397461,-0.00035860080970451236,-0.01900365948677063,53.39555358886719
599,0.5995995998382568,64.9072265625,-0.0003599107440095395,-0.01891973428428173,53.25667190551758
600,0.6006006002426147,64.96229553222656,-0.0003570255939848721,-0.018408706411719322,51.757415771484375
601,0.6016016006469727,65.01741790771484,-0.00035544057027436793,-0.018210116773843765,50.96199035644531
602,0.6026026010513306,65.07258605957031,-0.00036197196459397674,-0.01923551596701145,53.485774993896484
603,0.6036036014556885,65.12779998779297,-0.00037391690420918167,-0.02099609375,58.06865692138672
604,0.6046046018600464,65.18305969238281,-0.0003675876068882644,-0.02046271599829197,56.574974060058594
605,0.6056056022644043,65.23836517333984,-0.0003658645728137344,-0.02052205055952072,56.88367462158203
606,0.6066066026687622,65.2937240600586,-0.00035688403295353055,-0.01950904168188572,54.259883880615234
607,0.6076076030731201,65.34912872314453,-0.00034512009005993605,-0.01797386258840561,50.042518615722656
608,0.608608603477478,65.40457916259766,-0.00034128138213418424,-0.017510754987597466,48.82619094848633
609,0.6096096038818359,65.46007537841797,-0.000346099172020331,-0.01813310943543911,50.746726989746094
610,0.6106106042861938,65.51561737060547,-0.00035934895277023315,-0.019725244492292404,55.42803955078125
611,0.6116116046905518,65.57120513916016,-0.00035689931246452034,-0.019639650359749794,55.480140686035156
612,0.6126126050949097,65.62684631347656,-0.0003490673843771219,-0.01903645135462284,54.04305648803711
613,0.6136136054992676,65.68252563476562,-0.000353722192812711,-0.01984732784330845,56.53375244140625
614,0.6146146059036255,65.7382583618164,-0.0003533765848260373,-0.02006189152598381,57.25804138183594
615,0.6156156063079834,65.79403686523438,-0.00035023372038267553,-0.019959161058068275,57.063865661621094
616,0.6166166067123413,65.84986877441406,-0.00033903325675055385,-0.0186639241874218,53.34994888305664
617,0.6176176071166992,65.9057388305664,-0.0003393981605768204,-0.018685869872570038,53.38026428222656
618,0.6186186075210571,65.96166229248047,-0.0003349374746903777,-0.018089741468429565,51.562103271484375
619,0.619619607925415,66.01763153076172,-0.0003345758013892919,-0.01800033636391163,51.22494888305664
620,0.620620608329773,66.07364654541016,-0.00033527371124364436,-0.01800156943500042,51.11653137207031
621,0.6216216087341309,66.12971496582031,-0.0003287132130935788,-0.016953028738498688,47.844696044921875
622,0.6226226091384888,66.18582916259766,-0.0003381440183147788,-0.01850081980228424,52.3420524597168
623,0.6236236095428467,66.24198150634766,-0.00034202513052150607,-0.019267050549387932,54.476043701171875
624,0.6246246099472046,66.29818725585938,-0.00033967479248531163,-0.019263897091150284,54.43776321411133
625,0.6256256103515625,66.35443878173828,-0.000345079432008788,-0.020582333207130432,58.40102005004883
626,0.6266266107559204,66.4107437133789,-0.00034685898572206497,-0.021235931664705276,60.39290237426758
627,0.6276276111602783,66.46709442138672,-0.0003454407269600779,-0.02122068963944912,60.47065353393555
628,0.6286286115646362,66.52349090576172,-0.00034755925298668444,-0.021496666595339775,61.32986068725586
629,0.6296296119689941,66.57994079589844,-0.00035066879354417324,-0.021975213661789894,62.777122497558594
630,0.630630612373352,66.63642883300781,-0.00034359117853455245,-0.020626727491617203,58.969173431396484
631,0.63163161277771,66.6929702758789,-0.00034762677387334406,-0.021081089973449707,60.3346061706543
632,0.6326326131820679,66.74955749511719,-0.00035379984183236957,-0.021964924409985542,62.97133255004883
633,0.6336336135864258,66.80619812011719,-0.00036098057171329856,-0.023046957328915596,66.1544189453125
634,0.6346346139907837,66.86288452148438,-0.0003601202042773366,-0.02274550125002861,65.40581512451172
635,0.6356356143951416,66.91961669921875,-0.00036889518378302455,-0.023636620491743088,67.87508392333984
636,0.6366366147994995,66.97640228271484,-0.00036828991142101586,-0.023205919191241264,66.77094268798828
637,0.6376376152038574,67.0332260131836,-0.00036790643935091794,-0.022895080968737602,66.02537536621094
638,0.6386386156082153,67.0901107788086,-0.00037255845381878316,-0.023323487490415573,67.29978942871094
639,0.6396396160125732,67.14703369140625,-0.0003761177067644894,-0.02377447299659252,68.63435363769531
640,0.6406406164169312,67.20401000976562,-0.0003730389289557934,-0.023536644876003265,68.14421844482422
641,0.6416416764259338,67.26103210449219,-0.00037780366255901754,-0.02440827153623104,70.74668884277344
642,0.6426426768302917,67.31810760498047,-0.00037959538167342544,-0.024827701970934868,72.1182861328125
643,0.6436436772346497,67.37522888183594,-0.0003818498516920954,-0.025362148880958557,73.89521026611328
644,0.6446446776390076,67.4323959350586,-0.00038162636337801814,-0.025609662756323814,74.93681335449219
645,0.6456456780433655,67.48960876464844,-0.0003754278877750039,-0.025034604594111443,73.79544830322266
646,0.6466466784477234,67.546875,-0.00037475250428542495,-0.025182127952575684,74.42631530761719
647,0.6476476788520813,67.60418701171875,-0.00037589934072457254,-0.02541792206466198,75.14295196533203
648,0.6486486792564392,67.66155242919922,-0.00037831917870789766,-0.0258922316133976,76.4969253540039
649,0.6496496796607971,67.71896362304688,-0.0003765339497476816,-0.025604641065001488,75.80265045166016
650,0.650650680065155,67.77642822265625,-0.00037222771788947284,-0.025358106940984726,75.3130874633789
651,0.6516516804695129,67.83393859863281,-0.0003734711208380759,-0.02589288167655468,76.798583984375
652,0.6526526808738708,67.89148712158203,-0.00035594566725194454,-0.023023393005132675,68.84870147705078
653,0.6536536812782288,67.9490966796875,-0.0003569286782294512,-0.02323225326836109,69.36675262451172
654,0.6546546816825867,68.00675201416016,-0.00036614693817682564,-0.02485906146466732,73.86554718017578
655,0.6556556820869446,68.064453125,-0.0003675422631204128,-0.025752156972885132,76.44635009765625
656,0.6566566824913025,68.1222152709961,-0.000368498673196882,-0.026224864646792412,77.80101013183594
657,0.6576576828956604,68.18000793457031,-0.0003681011439766735,-0.026060868054628372,77.36199188232422
658,0.6586586833000183,68.23786163330078,-0.00037190329749137163,-0.02648785524070263,78.46566772460938
659,0.6596596837043762,68.29576110839844,-0.00037469062954187393,-0.026469560340046883,78.34033203125
660,0.6606606841087341,68.35371398925781,-0.00038497080095112324,-0.027893345803022385,82.03323364257812
661,0.661661684513092,68.41171264648438,-0.0003884034522343427,-0.028096221387386322,82.59884643554688
662,0.66266268491745,68.46975708007812,-0.0003929495287593454,-0.028675345703959465,84.18228149414062
663,0.6636636853218079,68.5278549194336,-0.00039173231925815344,-0.02868005633354187,84.42936706542969
664,0.6646646857261658,68.58599853515625,-0.0003886244958266616,-0.028970787301659584,85.46082305908203
665,0.6656656861305237,68.64419555664062,-0.00038536646752618253,-0.029524000361561775,87.16986846923828
666,0.6666666865348816,68.70243835449219,-0.00037479138700291514,-0.02841876819729805,84.4395751953125
667,0.6676676869392395,68.76073455810547,-0.00036916285171173513,-0.028256453573703766,84.13162994384766
668,0.6686686873435974,68.81907653808594,-0.0003688213473651558,-0.029057590290904045,86.46101379394531
669,0.6696696877479553,68.87747192382812,-0.00036800396628677845,-0.029660319909453392,88.2737045288086
670,0.6706706881523132,68.9359130859375,-0.0003631583822425455,-0.028820987790822983,86.087158203125
671,0.6716716885566711,68.9944076538086,-0.0003666943230200559,-0.03005133382976055,89.61260986328125
672,0.672672688961029,69.05294799804688,-0.0003670119331218302,-0.030060766264796257,89.76332092285156
673,0.673673689365387,69.11154174804688,-0.00037379126297309995,-0.031079402193427086,92.50099182128906
674,0.6746746897697449,69.17018127441406,-0.00037925492506474257,-0.03144468739628792,93.44918823242188
675,0.6756756901741028,69.22887420654297,-0.00037495067226700485,-0.03009980544447899,90.11077117919922
676,0.6766766905784607,69.2876205444336,-0.00036535027902573347,-0.0279198307543993,84.62158203125
677,0.6776776909828186,69.34640502929688,-0.0003657894558273256,-0.02772589400410652,84.32351684570312
678,0.6786786913871765,69.4052505493164,-0.00036465656012296677,-0.027031036093831062,82.51657104492188
679,0.6796796917915344,69.4641342163086,-0.00036650142283178866,-0.027246767655014992,83.16194152832031
680,0.6806806921958923,69.52307891845703,-0.0003712729667313397,-0.028093358501791954,85.4394302368164
681,0.6816816926002502,69.58206939697266,-0.000369112502085045,-0.027648886665701866,84.3058853149414
682,0.6826826930046082,69.64111328125,-0.0003648344427347183,-0.02731397934257984,83.65182495117188
683,0.6836836934089661,69.7001953125,-0.00036509265191853046,-0.028282802551984787,86.55207824707031
684,0.684684693813324,69.75934600830078,-0.00036270427517592907,-0.02802230231463909,85.9267807006836
685,0.6856856942176819,69.81852722167969,-0.0003643317613750696,-0.02884642966091633,88.20286560058594
686,0.6866866946220398,69.87776947021484,-0.0003642458759713918,-0.0290532186627388,88.73359680175781
687,0.6876876950263977,69.93706512451172,-0.00036514969542622566,-0.029493005946278572,89.86758422851562
688,0.6886886954307556,69.99640655517578,-0.0003616158210206777,-0.028665849938988686,87.58604431152344
689,0.6896896958351135,70.05580139160156,-0.00036187595105729997,-0.029851535335183144,91.10658264160156
690,0.6906906962394714,70.11524200439453,-0.00035745708737522364,-0.029840189963579178,91.58548736572266
691,0.6916916966438293,70.17473602294922,-0.0003541524347383529,-0.02929491549730301,90.38709259033203
692,0.6926926970481873,70.23428344726562,-0.000355251511791721,-0.02905459515750408,89.69461059570312
693,0.6936936974525452,70.29387664794922,-0.0003584231890272349,-0.02870095707476139,88.45984649658203
694,0.6946946978569031,70.353515625,-0.0003644621465355158,-0.028565440326929092,87.59735870361328
695,0.695695698261261,70.41321563720703,-0.00037089030956849456,-0.029653381556272507,90.40177154541016
696,0.6966966986656189,70.47296142578125,-0.00036965226172469556,-0.030229076743125916,92.39707946777344
697,0.6976976990699768,70.53276062011719,-0.0003646031836979091,-0.029744425788521767,91.52256774902344
698,0.6986986994743347,70.59259796142578,-0.00035867904080078006,-0.028990495949983597,89.86279296875
699,0.6996996998786926,70.65249633789062,-0.000355830998159945,-0.029207434505224228,90.85562133789062
700,0.7007007002830505,70.71244812011719,-0.0003552039270289242,-0.030170923098921776,93.86261749267578
701,0.7017017006874084,70.77244567871094,-0.000351279741153121,-0.029743265360593796,92.86264038085938
702,0.7027027010917664,70.83250427246094,-0.00035310606472194195,-0.03079521842300892,95.84510803222656
703,0.7037037014961243,70.8926010131836,-0.00035091748577542603,-0.03009759820997715,93.78422546386719
704,0.7047047019004822,70.95275115966797,-0.0003513420233502984,-0.030925031751394272,96.26197052001953
705,0.7057057023048401,71.0129623413086,-0.0003485841443762183,-0.030681809410452843,95.80612182617188
706,0.706706702709198,71.07321166992188,-0.00034814985701814294,-0.030830522999167442,96.44855499267578
707,0.7077077031135559,71.1335220336914,-0.00034788946504704654,-0.03071380779147148,96.2996826171875
708,0.7087087035179138,71.19387817382812,-0.0003521188336890191,-0.0317336730659008,99.36495208740234
709,0.7097097039222717,71.25428771972656,-0.00035040383227169514,-0.030632320791482925,96.24861907958984
710,0.7107107043266296,71.31475067138672,-0.000358824385330081,-0.03220336511731148,100.4506607055664
711,0.7117117047309875,71.37525939941406,-0.00036122731398791075,-0.031895045191049576,99.29097747802734
712,0.7127127051353455,71.4358139038086,-0.00036129611544311047,-0.03207734227180481,99.93569946289062
713,0.7137137055397034,71.4964370727539,-0.00035934371408075094,-0.032471027225255966,101.5262222290039
714,0.7147147059440613,71.55709838867188,-0.00036037585232406855,-0.03344975784420967,104.55610656738281
715,0.7157157063484192,71.61781311035156,-0.0003578433534130454,-0.03298505023121834,103.35012817382812
716,0.7167167067527771,71.67858123779297,-0.000356731383362785,-0.03355415165424347,105.2159194946289
717,0.717717707157135,71.7394027709961,-0.0003512040711939335,-0.03193338215351105,100.71501922607422
718,0.7187187075614929,71.8002700805664,-0.00035149790346622467,-0.0316365547478199,99.60124206542969
719,0.7197197079658508,71.86119842529297,-0.00035283499164506793,-0.03170453757047653,99.38057708740234
720,0.7207207083702087,71.92217254638672,-0.0003524838830344379,-0.031702108681201935,99.14126586914062
721,0.7217217087745667,71.98320007324219,-0.0003503725165501237,-0.03182150796055794,99.56246185302734
722,0.7227227091789246,72.04427337646484,-0.0003487881040200591,-0.031465403735637665,98.55593872070312
723,0.7237237095832825,72.10540771484375,-0.000349744048435241,-0.03194539621472359,99.95945739746094
724,0.7247247099876404,72.16658782958984,-0.00034934247378259897,-0.03245662525296211,101.72991943359375
725,0.7257257103919983,72.22782135009766,-0.0003460634616203606,-0.03139356151223183,99.14712524414062
726,0.7267267107963562,72.28910827636719,-0.0003430228098295629,-0.03173903748393059,100.84580993652344
727,0.7277277112007141,72.3504409790039,-0.0003401898720767349,-0.03197045996785164,102.1524429321289
728,0.728728711605072,72.41183471679688,-0.00033467181492596865,-0.0307406447827816,99.06741333007812
729,0.7297297120094299,72.47327423095703,-0.0003316086367703974,-0.03057975508272648,99.07261657714844
730,0.7307307124137878,72.53477478027344,-0.0003306559519842267,-0.0305895134806633,99.35150146484375
731,0.7317317128181458,72.59632110595703,-0.0003303399425931275,-0.030558915808796883,99.3484878540039
732,0.7327327132225037,72.65791320800781,-0.00033085531322285533,-0.03082086890935898,100.2371826171875
733,0.7337337136268616,72.71956634521484,-0.00033208416425623,-0.031786732375621796,103.40278625488281
734,0.7347347140312195,72.78126525878906,-0.0003272898029536009,-0.030884062871336937,100.886474609375
735,0.7357357144355774,72.84302520751953,-0.00032367859967052937,-0.029853126034140587,97.8397445678711
736,0.7367367148399353,72.90483093261719,-0.0003218064084649086,-0.029431886970996857,96.67137908935547
737,0.7377377152442932,72.96669006347656,-0.000323355634463951,-0.02995677851140499,98.28871154785156
738,0.7387387156486511,73.02860260009766,-0.00032322556944563985,-0.02968418411910534,97.56635284423828
739,0.739739716053009,73.09056854248047,-0.0003226622939109802,-0.028894249349832535,95.24594116210938
740,0.7407407164573669,73.152587890625,-0.0003213545132894069,-0.028044290840625763,92.8768539428711
741,0.7417417168617249,73.21465301513672,-0.0003224753018002957,-0.028481021523475647,94.46617126464844
742,0.7427427172660828,73.27677917480469,-0.0003235407639294863,-0.02836720086634159,94.22093963623047
743,0.7437437772750854,73.33895874023438,-0.0003258722135797143,-0.02867950312793255,95.26551055908203
744,0.7447447776794434,73.40119171142578,-0.000326324428897351,-0.028271382674574852,94.06703186035156
745,0.7457457780838013,73.46347045898438,-0.0003264752449467778,-0.028232218697667122,94.094482421875
746,0.7467467784881592,73.52580261230469,-0.0003264977422077209,-0.02852293848991394,95.17042541503906
747,0.7477477788925171,73.58819580078125,-0.0003257253847550601,-0.029139328747987747,97.32508087158203
748,0.748748779296875,73.65062713623047,-0.0003232354065403342,-0.029149552807211876,97.62957763671875
749,0.7497497797012329,73.71311950683594,-0.00032160617411136627,-0.029349496588110924,98.35797119140625
750,0.7507507801055908,73.77567291259766,-0.0003230549627915025,-0.031217901036143303,104.07587432861328
751,0.7517517805099487,73.83826446533203,-0.0003231195732951164,-0.031399957835674286,104.35901641845703
752,0.7527527809143066,73.90092468261719,-0.00032459094654768705,-0.031283680349588394,103.49349975585938
753,0.7537537813186646,73.963623046875,-0.0003261539386585355,-0.03136403486132622,103.33525848388672
754,0.7547547817230225,74.02638244628906,-0.00032415048917755485,-0.029878217726945877,98.73760223388672
755,0.7557557821273804,74.08919525146484,-0.0003218296333216131,-0.02986712008714676,99.17201232910156
756,0.7567567825317383,74.15206146240234,-0.00032075509079732,-0.030268210917711258,100.87084197998047
757,0.7577577829360962,74.21498107910156,-0.0003185291134286672,-0.029935771599411964,100.30941772460938
758,0.7587587833404541,74.2779541015625,-0.0003179589402861893,-0.030169259756803513,101.42109680175781
759,0.759759783744812,74.34097290039062,-0.000319502258207649,-0.030668601393699646,103.15531921386719
760,0.7607607841491699,74.404052734375,-0.0003203045343980193,-0.03050427883863449,102.71511840820312
761,0.7617617845535278,74.4671859741211,-0.0003201515937689692,-0.030492253601551056,102.86443328857422
762,0.7627627849578857,74.53038024902344,-0.00031734368531033397,-0.030783744528889656,104.28010559082031
763,0.7637637853622437,74.59361267089844,-0.0003123497008346021,-0.030335959047079086,103.40003967285156
764,0.7647647857666016,74.65690612792969,-0.0003118138120044023,-0.03150227293372154,107.57803344726562
765,0.7657657861709595,74.72025299072266,-0.0003086412907578051,-0.030848683789372444,105.79681396484375
766,0.7667667865753174,74.78365325927734,-0.00030956033151596785,-0.03173968568444252,108.87796783447266
767,0.7677677869796753,74.84710693359375,-0.00030899653211236,-0.03228967264294624,110.90416717529297
768,0.7687687873840332,74.91061401367188,-0.0003059438313357532,-0.032191939651966095,110.98026275634766
769,0.7697697877883911,74.97418212890625,-0.0003051965613849461,-0.03252103924751282,112.23649597167969
770,0.770770788192749,75.03779602050781,-0.000302559114061296,-0.030622683465480804,105.89598846435547
771,0.7717717885971069,75.1014633178711,-0.00030420877737924457,-0.030893823131918907,106.47964477539062
772,0.7727727890014648,75.1651840209961,-0.0003048602375201881,-0.030142616480588913,103.6674575805664
773,0.7737737894058228,75.22896575927734,-0.0003058093716390431,-0.029116623103618622,99.88008880615234
774,0.7747747898101807,75.29280090332031,-0.0003052074462175369,-0.029749447479844093,102.01974487304688
775,0.7757757902145386,75.35668182373047,-0.0003024138859473169,-0.029807420447468758,102.53229522705078
776,0.7767767906188965,75.42062377929688,-0.000299332314170897,-0.029808320105075836,102.96451568603516
777,0.7777777910232544,75.484619140625,-0.000296630896627903,-0.02937045507133007,101.85958862304688
778,0.7787787914276123,75.54866790771484,-0.00029438809724524617,-0.02918463572859764,101.69691467285156
779,0.7797797918319702,75.6127700805664,-0.00029398954939097166,-0.029752621427178383,103.8594970703125
780,0.7807807922363281,75.67693328857422,-0.0002937550307251513,-0.02992834895849228,104.60598754882812
781,0.781781792640686,75.74114227294922,-0.0002953088842332363,-0.030756719410419464,107.53271484375
782,0.782782793045044,75.80540466308594,-0.00029682304011657834,-0.030830739066004753,107.81814575195312
783,0.7837837934494019,75.8697280883789,-0.0002993644156958908,-0.031115902587771416,108.73393249511719
784,0.7847847938537598,75.9341049194336,-0.0002986869076266885,-0.030109427869319916,105.48395538330078
785,0.7857857942581177,75.99853515625,-0.0002999260323122144,-0.030882757157087326,108.31005859375
786,0.7867867946624756,76.06301879882812,-0.000299059203825891,-0.03078731708228588,108.21260833740234
787,0.7877877950668335,76.1275634765625,-0.00029892739257775247,-0.030542854219675064,107.46229553222656
788,0.7887887954711914,76.19215393066406,-0.00030039099510759115,-0.030971135944128036,108.87422943115234
789,0.7897897958755493,76.25680541992188,-0.00029860774520784616,-0.02988845854997635,105.29602813720703
790,0.7907907962799072,76.3215103149414,-0.000299172883387655,-0.03054291009902954,107.70697784423828
791,0.7917917966842651,76.38626861572266,-0.0002974530216306448,-0.03074771910905838,108.90748596191406
792,0.792792797088623,76.45108032226562,-0.0002948832989204675,-0.03051064722239971,108.63609313964844
793,0.793793797492981,76.51595306396484,-0.00029467360582202673,-0.031217068433761597,111.48387145996094
794,0.7947947978973389,76.58087921142578,-0.0002955547533929348,-0.03198252618312836,114.44164276123047
795,0.7957957983016968,76.64585876464844,-0.00029186345636844635,-0.030647071078419685,110.15251159667969
796,0.7967967987060547,76.71089172363281,-0.00029133062344044447,-0.030267704278230667,108.9823226928711
797,0.7977977991104126,76.7759780883789,-0.0002927935274783522,-0.030845388770103455,111.03071594238281
798,0.7987987995147705,76.84112548828125,-0.00029062340036034584,-0.030308658257126808,109.46436309814453
799,0.7997997999191284,76.90632629394531,-0.000290666677756235,-0.030834468081593513,111.53822326660156
800,0.8008008003234863,76.97157287597656,-0.0002878386585507542,-0.029266972094774246,106.30902099609375
801,0.8018018007278442,77.03689575195312,-0.00028767218464054167,-0.028958139941096306,105.30709075927734
802,0.8028028011322021,77.10225677490234,-0.00028800044674426317,-0.027803678065538406,101.22460174560547
803,0.8038038015365601,77.16767883300781,-0.000288815179374069,-0.02752704918384552,100.14000701904297
804,0.804804801940918,77.233154296875,-0.00028929399559274316,-0.026637399569153786,96.91944885253906
805,0.8058058023452759,77.29869079589844,-0.0002896905061788857,-0.02680238150060177,97.32218170166016
806,0.8068068027496338,77.36427307128906,-0.0002901260741055012,-0.027155769988894463,98.4006118774414
807,0.8078078031539917,77.42991638183594,-0.00029020168585702777,-0.027710096910595894,100.31464385986328
808,0.8088088035583496,77.49562072753906,-0.0002890750183723867,-0.027745313942432404,100.63693237304688
809,0.8098098039627075,77.56137084960938,-0.0002885009744204581,-0.028805531561374664,104.70169067382812
810,0.8108108043670654,77.62718963623047,-0.00028810047660954297,-0.02956881932914257,107.83242797851562
811,0.8118118047714233,77.69306182861328,-0.0002880225074477494,-0.030064621940255165,109.97093200683594
812,0.8128128051757812,77.75897979736328,-0.0002866244176402688,-0.029559792950749397,108.51042938232422
813,0.8138138055801392,77.82495880126953,-0.0002849459124263376,-0.028537744656205177,105.12849426269531
814,0.8148148059844971,77.8909912109375,-0.00028504797955974936,-0.028521353378891945,105.1151123046875
815,0.815815806388855,77.95708465576172,-0.00028619804652407765,-0.029351575300097466,107.9461898803711
816,0.8168168067932129,78.02323150634766,-0.0002852059551514685,-0.02939450554549694,108.14513397216797
817,0.8178178071975708,78.08943176269531,-0.00028332427609711885,-0.02889677882194519,106.56179809570312
818,0.8188188076019287,78.15569305419922,-0.00028179166838526726,-0.028981786221265793,107.14409637451172
819,0.8198198080062866,78.22200775146484,-0.00028202502289786935,-0.030542459338903427,113.05532836914062
820,0.8208208084106445,78.28837585449219,-0.00028019704041071236,-0.030207926407456398,112.1238784790039
821,0.8218218088150024,78.35481262207031,-0.00027739646611735225,-0.028464170172810555,106.1396484375
822,0.8228228092193604,78.4212875366211,-0.00027581205358728766,-0.02875046618282795,107.44712829589844
823,0.8238238096237183,78.48783874511719,-0.0002744464436545968,-0.028951004147529602,108.44430541992188
824,0.8248248100280762,78.55442810058594,-0.0002736776659730822,-0.029157571494579315,109.38594055175781
825,0.8258258104324341,78.62108612060547,-0.00027365563437342644,-0.030338801443576813,113.87922668457031
826,0.826826810836792,78.68779754638672,-0.00027318327920511365,-0.02932973951101303,110.26775360107422
827,0.8278278112411499,78.75455474853516,-0.00027377926744520664,-0.02841144986450672,106.88824462890625
828,0.8288288116455078,78.82138061523438,-0.0002738495240919292,-0.02754828706383705,104.01742553710938
829,0.8298298120498657,78.88825988769531,-0.0002744236553553492,-0.026439683511853218,100.34642028808594
830,0.8308308124542236,78.9552001953125,-0.00027453427901491523,-0.025429431349039078,96.98233032226562
831,0.8318318128585815,79.02220153808594,-0.0002743751974776387,-0.025031203404068947,95.84512329101562
832,0.8328328132629395,79.08924865722656,-0.000274329271633178,-0.025227857753634453,96.92552947998047
833,0.8338338136672974,79.15635681152344,-0.00027340149972587824,-0.024430161342024803,94.3514404296875
834,0.8348348140716553,79.22352600097656,-0.00027373197372071445,-0.025234831497073174,97.5849838256836
835,0.8358358144760132,79.29074096679688,-0.0002733395667746663,-0.025303643196821213,98.17195892333984
836,0.8368368148803711,79.35801696777344,-0.0002733308938331902,-0.02579234540462494,100.08727264404297
837,0.837837815284729,79.42535400390625,-0.0002733810106292367,-0.025461586192250252,98.78755950927734
838,0.8388388156890869,79.49275207519531,-0.00027247797697782516,-0.025291040539741516,98.10415649414062
839,0.8398398160934448,79.56019592285156,-0.00027118250727653503,-0.025778749957680702,99.91868591308594
840,0.8408408164978027,79.62770080566406,-0.0002696341834962368,-0.026086220517754555,101.1788558959961
841,0.8418418169021606,79.69527435302734,-0.0002678944729268551,-0.02571464516222477,99.95912170410156
842,0.8428428173065186,79.76288604736328,-0.0002669770910870284,-0.02643360197544098,102.7962875366211
843,0.8438438177108765,79.83056640625,-0.0002661819162312895,-0.026723114773631096,104.02678680419922
844,0.8448448181152344,79.89830780029297,-0.0002659237652551383,-0.027100063860416412,105.54823303222656
845,0.8458458185195923,79.96610260009766,-0.00026607559993863106,-0.026841798797249794,104.67382049560547
846,0.846846878528595,80.0339584350586,-0.00026623180019669235,-0.027696870267391205,107.94152069091797
847,0.8478478789329529,80.10186004638672,-0.0002664450148586184,-0.027175096794962883,106.17171478271484
848,0.8488488793373108,80.16983032226562,-0.00026553028146736324,-0.028034089133143425,109.60279846191406
849,0.8498498797416687,80.23786163330078,-0.0002643236657604575,-0.02842133678495884,111.35057067871094
850,0.8508508801460266,80.30593872070312,-0.0002639337908476591,-0.027656331658363342,108.8105697631836
851,0.8518518805503845,80.37407684326172,-0.00026332688867114484,-0.027546042576432228,108.68000793457031
852,0.8528528809547424,80.44227600097656,-0.0002633495023474097,-0.027109820395708084,107.24825286865234
853,0.8538538813591003,80.51052856445312,-0.00026290869573131204,-0.02605077438056469,103.28324127197266
854,0.8548548817634583,80.57884216308594,-0.00026225525652989745,-0.026723157614469528,105.86119079589844
855,0.8558558821678162,80.647216796875,-0.00026160533889196813,-0.02687431313097477,106.39091491699219
856,0.8568568825721741,80.71565246582031,-0.0002610705851111561,-0.027127763256430626,107.29486083984375
857,0.857857882976532,80.78413391113281,-0.00026058609364554286,-0.02749059535562992,108.6667251586914
858,0.8588588833808899,80.8526840209961,-0.0002605351619422436,-0.026675846427679062,105.64874267578125
859,0.8598598837852478,80.92127990722656,-0.00025998911587521434,-0.027456268668174744,108.90309143066406
860,0.8608608841896057,80.98995208740234,-0.0002599206054583192,-0.025966374203562737,103.45035552978516
861,0.8618618845939636,81.05866241455078,-0.00026052354951389134,-0.02646888978779316,105.60051727294922
862,0.8628628849983215,81.12744903564453,-0.0002611672389321029,-0.02643735520541668,105.65983581542969
863,0.8638638854026794,81.19628143310547,-0.00026188831543549895,-0.02653304487466812,106.03923034667969
864,0.8648648858070374,81.26518249511719,-0.00026238145073875785,-0.026306018233299255,105.0672607421875
865,0.8658658862113953,81.3341293334961,-0.00026271637761965394,-0.02632664330303669,105.00298309326172
866,0.8668668866157532,81.40314483642578,-0.00026231128140352666,-0.02734573371708393,108.73966979980469
867,0.8678678870201111,81.47222137451172,-0.00026268698275089264,-0.026975415647029877,107.3738784790039
868,0.868868887424469,81.54134368896484,-0.00026218159473501146,-0.02838880755007267,112.88288879394531
869,0.8698698878288269,81.61053466796875,-0.00026367336977273226,-0.027907302603125572,111.26339721679688
870,0.8708708882331848,81.6797866821289,-0.00026531805633567274,-0.02831023558974266,113.11565399169922
871,0.8718718886375427,81.74909210205078,-0.00026659283321350813,-0.028407642617821693,113.91389465332031
872,0.8728728890419006,81.81845092773438,-0.00026718637673184276,-0.029033849015831947,116.60148620605469
873,0.8738738894462585,81.88787078857422,-0.00026716984575614333,-0.030798805877566338,123.57723999023438
874,0.8748748898506165,81.95735931396484,-0.00026282615726813674,-0.030337760224938393,122.1495590209961
875,0.8758758902549744,82.02690887451172,-0.00025940538034774363,-0.03103945404291153,125.18095397949219
876,0.8768768906593323,82.09650421142578,-0.00025481334887444973,-0.030556902289390564,123.58661651611328
877,0.8778778910636902,82.1661605834961,-0.00025265864678658545,-0.03147483989596367,127.47968292236328
878,0.8788788914680481,82.23587799072266,-0.0002509020850993693,-0.031261540949344635,126.98128509521484
879,0.879879891872406,82.30565643310547,-0.0002505265292711556,-0.03088570199906826,125.84042358398438
880,0.8808808922767639,82.37548828125,-0.00025078136241063476,-0.03140190243721008,128.3025665283203
881,0.8818818926811218,82.44538116455078,-0.0002509134355932474,-0.031148811802268028,127.72576904296875
882,0.8828828930854797,82.51534271240234,-0.0002513597428333014,-0.03093627467751503,127.19976806640625
883,0.8838838934898376,82.58535766601562,-0.0002523411239963025,-0.03130645304918289,128.85482788085938
884,0.8848848938941956,82.65543365478516,-0.0002522969152778387,-0.03039729967713356,125.26444244384766
885,0.8858858942985535,82.72557067871094,-0.0002523756120353937,-0.030282583087682724,124.6943588256836
886,0.8868868947029114,82.7957534790039,-0.00025201664539054036,-0.030417852103710175,125.11380004882812
887,0.8878878951072693,82.86600494384766,-0.00025062603526748717,-0.03104296512901783,127.79829406738281
888,0.8888888955116272,82.93631744384766,-0.000248257361818105,-0.030155448243021965,124.77870178222656
889,0.8898898959159851,83.00669860839844,-0.00024662158102728426,-0.030464868992567062,126.50395965576172
890,0.890890896320343,83.0771255493164,-0.000245605711825192,-0.030590279027819633,127.44294738769531
891,0.8918918967247009,83.14761352539062,-0.0002448350132908672,-0.031100574880838394,129.726318359375
892,0.8928928971290588,83.21817016601562,-0.0002447148726787418,-0.03113354556262493,129.91839599609375
893,0.8938938975334167,83.28878021240234,-0.0002446665312163532,-0.03164348751306534,132.0382080078125
894,0.8948948979377747,83.35945129394531,-0.0002451772161293775,-0.03182511031627655,132.72964477539062
895,0.8958958983421326,83.43018341064453,-0.00024594925343990326,-0.03203469514846802,133.49118041992188
896,0.8968968987464905,83.5009765625,-0.00024706064141355455,-0.03225963935256004,134.26547241210938
897,0.8978978991508484,83.57182312011719,-0.00024822153500281274,-0.03261958807706833,135.724853515625
898,0.8988988995552063,83.64273071289062,-0.0002486596640665084,-0.032872721552848816,136.9887237548828
899,0.8998998999595642,83.71370697021484,-0.00024636538000777364,-0.03152273967862129,131.80511474609375
900,0.9009009003639221,83.78473663330078,-0.0002464568242430687,-0.031851690262556076,133.31382751464844
901,0.90190190076828,83.85582733154297,-0.0002464915160089731,-0.03224939852952957,135.15371704101562
902,0.9029029011726379,83.9269790649414,-0.0002461033873260021,-0.032456375658512115,136.28717041015625
903,0.9039039015769958,83.99818420410156,-0.0002455634530633688,-0.032545305788517,136.99533081054688
904,0.9049049019813538,84.06946563720703,-0.0002452980843372643,-0.03276553750038147,138.25938415527344
905,0.9059059023857117,84.14079284667969,-0.00024509988725185394,-0.03307601064443588,139.87977600097656
906,0.9069069027900696,84.21219635009766,-0.00024536001728847623,-0.0335821732878685,142.21875
907,0.9079079031944275,84.28364562988281,-0.00024451996432617307,-0.03353472054004669,142.27944946289062
908,0.9089089035987854,84.35516357421875,-0.0002436759532429278,-0.0334077887237072,141.91619873046875
909,0.9099099040031433,84.42674255371094,-0.00024367161677218974,-0.03358888253569603,142.76893615722656
910,0.9109109044075012,84.49837493896484,-0.00024389770987909287,-0.03407910093665123,145.13360595703125
911,0.9119119048118591,84.57007598876953,-0.00024224037770181894,-0.033879321068525314,144.69117736816406
912,0.912912905216217,84.64183044433594,-0.00024007199681364,-0.033258598297834396,142.53573608398438
913,0.913913905620575,84.71365356445312,-0.0002398940414423123,-0.03342096135020256,143.4790802001953
914,0.9149149060249329,84.78553009033203,-0.0002406457788310945,-0.03394892066717148,145.8851776123047
915,0.9159159064292908,84.85746765136719,-0.00024083993048407137,-0.03409356251358986,146.70913696289062
916,0.9169169068336487,84.92947387695312,-0.00024413532810285687,-0.03528469055891037,151.85739135742188
917,0.9179179072380066,85.00153350830078,-0.0002456992806401104,-0.03560629487037659,153.43014526367188
918,0.9189189076423645,85.07366180419922,-0.0002480599796399474,-0.03612286597490311,155.85777282714844
919,0.9199199080467224,85.1458511352539,-0.00024829633184708655,-0.03622697293758392,156.7730255126953
920,0.9209209084510803,85.21809387207031,-0.00024539040168747306,-0.03580772131681442,155.77964782714844
921,0.9219219088554382,85.29039764404297,-0.00024311451124958694,-0.03561360761523247,155.61917114257812
922,0.9229229092597961,85.3627700805664,-0.00024024498998187482,-0.03526797890663147,154.78665161132812
923,0.923923909664154,85.43519592285156,-0.00024335345369763672,-0.03680993616580963,161.66741943359375
924,0.924924910068512,85.50769805908203,-0.00024249979469459504,-0.03700911998748779,162.90884399414062
925,0.9259259104728699,85.58024597167969,-0.0002391135203652084,-0.03618859499692917,159.7213897705078
926,0.9269269108772278,85.6528549194336,-0.00024043132725637406,-0.03658275678753853,161.32586669921875
927,0.9279279112815857,85.72554779052734,-0.00024248528643511236,-0.03687555342912674,162.27845764160156
928,0.9289289116859436,85.79827880859375,-0.00024373646010644734,-0.0368259996175766,161.76490783691406
929,0.9299299120903015,85.87108612060547,-0.0002465296711307019,-0.03728358447551727,163.4752197265625
930,0.9309309124946594,85.9439468383789,-0.0002483603893779218,-0.03765397518873215,165.0359344482422
931,0.9319319128990173,86.01686096191406,-0.000247655319981277,-0.0375513918697834,164.9202880859375
932,0.9329329133033752,86.08985137939453,-0.00024487762129865587,-0.036953043192625046,162.8747100830078
933,0.9339339137077332,86.16289520263672,-0.0002447775914333761,-0.036974579095840454,163.28553771972656
934,0.9349349141120911,86.23600769042969,-0.00024939264403656125,-0.03805920481681824,167.9190673828125
935,0.935935914516449,86.3091812133789,-0.00025195060879923403,-0.038647063076496124,170.5193328857422
936,0.9369369149208069,86.38240814208984,-0.000255734717939049,-0.03943898156285286,173.6753692626953
937,0.9379379153251648,86.45570373535156,-0.0002533810620661825,-0.03851611539721489,169.85418701171875
938,0.9389389157295227,86.52906799316406,-0.0002553339290898293,-0.03876543045043945,170.64210510253906
939,0.9399399161338806,86.60248565673828,-0.000256495492067188,-0.03915025293827057,172.32386779785156
940,0.9409409165382385,86.67597198486328,-0.00025786811602301896,-0.039618559181690216,174.28268432617188
941,0.9419419169425964,86.74951171875,-0.000250140146818012,-0.03784215822815895,167.54391479492188
942,0.9429429173469543,86.82312774658203,-0.0002476849185768515,-0.03767159953713417,167.29554748535156
943,0.9439439177513123,86.89679718017578,-0.0002465557190589607,-0.03796527162194252,169.10330200195312
944,0.9449449181556702,86.97053527832031,-0.00024151988327503204,-0.03726215660572052,166.7429656982422
945,0.9459459185600281,87.04431915283203,-0.00024329894222319126,-0.038041338324546814,170.3698272705078
946,0.946946918964386,87.11817932128906,-0.00024057523114606738,-0.037606921046972275,168.8492889404297
947,0.9479479193687439,87.19210052490234,-0.00024155295977834612,-0.03795136883854866,170.5260009765625
948,0.9489489793777466,87.2660903930664,-0.00024960984592325985,-0.03973632678389549,177.90879821777344
949,0.9499499797821045,87.34013366699219,-0.0002461334806866944,-0.038760267198085785,174.02749633789062
950,0.9509509801864624,87.41423797607422,-0.00024626654339954257,-0.03872736915946007,174.1205596923828
951,0.9519519805908203,87.48841094970703,-0.0002484795404598117,-0.03937438130378723,177.15560913085938
952,0.9529529809951782,87.56263732910156,-0.00024339536321349442,-0.03846057131886482,173.91384887695312
953,0.9539539813995361,87.6369400024414,-0.00023611364304088056,-0.03708498179912567,168.7761688232422
954,0.954954981803894,87.71129608154297,-0.00023210255312733352,-0.036444567143917084,166.7066650390625
955,0.955955982208252,87.78572845458984,-0.0002314180601388216,-0.03669562190771103,168.41734313964844
956,0.9569569826126099,87.86021423339844,-0.00023264146875590086,-0.03743991628289223,172.212646484375
957,0.9579579830169678,87.93476104736328,-0.0002316822501597926,-0.03734371438622475,172.2261199951172
958,0.9589589834213257,88.0093765258789,-0.00023535579384770244,-0.038304466754198074,176.6549530029297
959,0.9599599838256836,88.08405303955078,-0.00023596257960889488,-0.03832903131842613,177.05616760253906
960,0.9609609842300415,88.1587905883789,-0.00023537268862128258,-0.038081567734479904,176.33177185058594
961,0.9619619846343994,88.23359680175781,-0.00023101794067770243,-0.036789096891880035,171.0240936279297
962,0.9629629850387573,88.30846405029297,-0.0002281099441461265,-0.03557984158396721,165.89791870117188
963,0.9639639854431152,88.38339233398438,-0.00022866424114909023,-0.03563004732131958,166.32403564453125
964,0.9649649858474731,88.45838165283203,-0.00023042451357468963,-0.03609832748770714,168.63900756835938
965,0.965965986251831,88.53343963623047,-0.00023125756706576794,-0.03644570708274841,170.54678344726562
966,0.966966986656189,88.60856628417969,-0.00023219612194225192,-0.03696815297007561,173.1848907470703
967,0.9679679870605469,88.68374633789062,-0.0002276622981298715,-0.03585168719291687,168.60025024414062
968,0.9689689874649048,88.75899505615234,-0.00022813930991105735,-0.0363510437309742,171.03558349609375
969,0.9699699878692627,88.83431243896484,-0.0002268790267407894,-0.03608020022511482,169.99008178710938
970,0.9709709882736206,88.90968322753906,-0.00022801660816185176,-0.03668815642595291,172.71246337890625
971,0.9719719886779785,88.98513793945312,-0.00022735036327503622,-0.036487877368927,171.7703094482422
972,0.9729729890823364,89.06063842773438,-0.00023001561930868775,-0.03738824650645256,175.7202606201172
973,0.9739739894866943,89.13619995117188,-0.00022815351258032024,-0.036758147180080414,173.0485382080078
974,0.9749749898910522,89.21183776855469,-0.00022575292678084224,-0.03561781346797943,168.123291015625
975,0.9759759902954102,89.28753662109375,-0.0002268163370899856,-0.03601784631609917,170.0915069580078
976,0.9769769906997681,89.36328887939453,-0.00022562786762136966,-0.03568831458687782,168.89663696289062
977,0.977977991104126,89.43911743164062,-0.00022648254525847733,-0.03630397096276283,171.8800506591797
978,0.9789789915084839,89.5150146484375,-0.00022505296510644257,-0.03595510497689247,170.50894165039062
979,0.9799799919128418,89.59095764160156,-0.00022422036272473633,-0.0357772521674633,169.82652282714844
980,0.9809809923171997,89.66697692871094,-0.0002223968767793849,-0.034508008509874344,164.3399658203125
981,0.9819819927215576,89.7430648803711,-0.00022236838412936777,-0.035052213817834854,167.0631866455078
982,0.9829829931259155,89.81920623779297,-0.00022163319226820022,-0.0340033583343029,162.70985412597656
983,0.9839839935302734,89.89541625976562,-0.00022139123757369816,-0.034010112285614014,163.10067749023438
984,0.9849849939346313,89.97168731689453,-0.0002211698447354138,-0.03360981494188309,161.62547302246094
985,0.9859859943389893,90.04803466796875,-0.0002210087259300053,-0.03332386910915375,160.57139587402344
986,0.9869869947433472,90.12445068359375,-0.000220942180021666,-0.03261515870690346,157.49929809570312
987,0.9879879951477051,90.20091247558594,-0.0002207190846092999,-0.033153045922517776,160.0388641357422
988,0.988988995552063,90.27745819091797,-0.00022063474170863628,-0.032709747552871704,158.0569610595703
989,0.9899899959564209,90.35404968261719,-0.00022062251809984446,-0.03182139992713928,154.16725158691406
990,0.9909909963607788,90.43071746826172,-0.00022045799414627254,-0.03213706240057945,155.95883178710938
991,0.9919919967651367,90.5074462890625,-0.00022017446462996304,-0.03279440104961395,159.43142700195312
992,0.9929929971694946,90.58423614501953,-0.0002199839655077085,-0.03271115571260452,159.69081115722656
993,0.9939939975738525,90.6611099243164,-0.00021984128397889435,-0.031832415610551834,156.5252685546875
994,0.9949949979782104,90.73802947998047,-0.0002173657703679055,-0.030054165050387383,149.1437225341797
995,0.9959959983825684,90.81501770019531,-0.00021864642621949315,-0.031067771837115288,154.39483642578125
996,0.9969969987869263,90.89208221435547,-0.00021892663789913058,-0.031483057886362076,156.54498291015625
997,0.9979979991912842,90.96920013427734,-0.0002187247882829979,-0.030891945585608482,153.36392211914062
998,0.9989989995956421,91.04638671875,-0.000218289002077654,-0.032284364104270935,158.4543914794922
999,1.0,91.12364959716797,-0.00022041157353669405,-0.03186284750699997,154.31044006347656
