index,timestep,Diffusion_Coeff,Divergence,score,pos
0,0.0,39.05299377441406,-0.012775097973644733,-0.06369628757238388,-25.279104232788086
1,0.0010010009864345193,39.08612823486328,-0.012947212904691696,-0.06975003331899643,-25.103979110717773
2,0.0020020019728690386,39.11929702758789,-0.012777370400726795,-0.07420571148395538,-24.87403106689453
3,0.0030030030757188797,39.15248489379883,-0.01295597106218338,-0.07298894971609116,-25.01443862915039
4,0.004004003945738077,39.185707092285156,-0.014680478721857071,-0.022820377722382545,-28.538047790527344
5,0.005005004815757275,39.218955993652344,-0.014604102820158005,-0.010451632551848888,-29.348102569580078
6,0.006006006151437759,39.25223159790039,-0.014182643964886665,0.013595116324722767,-30.971046447753906
7,0.007007007021456957,39.28553771972656,-0.014118540100753307,0.016366351395845413,-31.12593650817871
8,0.008008007891476154,39.31887435913086,-0.01353972963988781,0.04060870409011841,-32.87395095825195
9,0.009009009227156639,39.352237701416016,-0.014270160347223282,0.0033951043151319027,-30.24852752685547
10,0.01001000963151455,39.38562774658203,-0.014109975658357143,0.006053820718079805,-30.489484786987305
11,0.011011010967195034,39.41904830932617,-0.013462472707033157,0.030617689713835716,-32.330535888671875
12,0.012012012302875519,39.452491760253906,-0.01364663802087307,0.012719077989459038,-31.06831169128418
13,0.013013012707233429,39.48596954345703,-0.013607650995254517,0.001173445605672896,-30.262176513671875
14,0.014014014042913914,39.51947021484375,-0.012990202754735947,0.027260536327958107,-32.248966217041016
15,0.015015014447271824,39.55300521850586,-0.012838376685976982,0.022032875567674637,-31.86574935913086
16,0.01601601578295231,39.58656692504883,-0.012641379609704018,-0.00417115306481719,-29.863073348999023
17,0.01701701618731022,39.620155334472656,-0.01185012049973011,-0.024210741743445396,-28.21943473815918
18,0.018018018454313278,39.653770446777344,-0.01191041897982359,-0.0009452684316784143,-30.164417266845703
19,0.01901901885867119,39.68742370605469,-0.011678188107907772,0.010055623017251492,-31.13540267944336
20,0.0200200192630291,39.721092224121094,-0.011377420276403427,0.025902647525072098,-32.56540298461914
21,0.021021021530032158,39.754798889160156,-0.011026142165064812,0.04099506884813309,-33.9747200012207
22,0.022022021934390068,39.78852844238281,-0.0107112443074584,0.050926171243190765,-34.96103286743164
23,0.023023022338747978,39.82229232788086,-0.01032809354364872,0.06445014476776123,-36.33856964111328
24,0.024024024605751038,39.8560791015625,-0.009716616943478584,0.09069209545850754,-39.07194900512695
25,0.025025025010108948,39.889896392822266,-0.009736880660057068,0.08035965263843536,-38.156700134277344
26,0.026026025414466858,39.92374801635742,-0.009553393349051476,0.08229715377092361,-38.50486373901367
27,0.027027025818824768,39.95762252807617,-0.009580936282873154,0.07171806693077087,-37.54441452026367
28,0.028028028085827827,39.99152755737305,-0.009383894503116608,0.07832128554582596,-38.377098083496094
29,0.029029028490185738,40.02545928955078,-0.009214889258146286,0.0832882672548294,-39.037837982177734
30,0.030030028894543648,40.05942153930664,-0.009194254875183105,0.07789937406778336,-38.54136276245117
31,0.031031031161546707,40.093414306640625,-0.009018712677061558,0.08488446474075317,-39.41679763793945
32,0.03203203156590462,40.1274299621582,-0.009112037718296051,0.06696916371583939,-37.57359313964844
33,0.03303303197026253,40.16147994995117,-0.008918168023228645,0.08690383285284042,-39.89047622680664
34,0.03403403237462044,40.195556640625,-0.008984073996543884,0.07932102680206299,-39.14051818847656
35,0.03503503277897835,40.22966384887695,-0.00879041850566864,0.09286539256572723,-40.781734466552734
36,0.036036036908626556,40.263797760009766,-0.008767757564783096,0.08729076385498047,-40.33192443847656
37,0.03703703731298447,40.29795837402344,-0.008869022130966187,0.067059226334095,-38.18949890136719
38,0.03803803771734238,40.3321533203125,-0.00882883369922638,0.053303949534893036,-36.74301528930664
39,0.03903903812170029,40.36637878417969,-0.008645348250865936,0.03551703691482544,-34.77191162109375
40,0.0400400385260582,40.40062713623047,-0.008279433473944664,0.02184317447245121,-33.17441177368164
41,0.04104103893041611,40.434906005859375,-0.007220881059765816,-0.0011840348597615957,-30.14717674255371
42,0.042042043060064316,40.469215393066406,-0.006367080844938755,-0.008608490228652954,-28.875614166259766
43,0.043043043464422226,40.50355529785156,-0.004891657270491123,-0.019373781979084015,-26.763633728027344
44,0.044044043868780136,40.53792190551758,-0.0035108239389955997,-0.026382869109511375,-24.873186111450195
45,0.045045044273138046,40.572322845458984,-0.003231074195355177,-0.027201728895306587,-24.51291847229004
46,0.046046044677495956,40.606746673583984,-0.003200425300747156,-0.026809316128492355,-24.52301597595215
47,0.04704704508185387,40.641197204589844,-0.002335556782782078,-0.030286243185400963,-23.17549705505371
48,0.048048049211502075,40.67568588256836,-0.0016658769454807043,-0.031787436455488205,-22.236669540405273
49,0.049049049615859985,40.71019744873047,-0.0014708295930176973,-0.03123234212398529,-22.08759880065918
50,0.050050050020217896,40.7447395324707,-0.0021745816338807344,-0.027854016050696373,-23.339609146118164
51,0.051051050424575806,40.77931213378906,-0.001434017438441515,-0.027791598811745644,-22.452651977539062
52,0.052052050828933716,40.81391143798828,-0.0020568077452480793,-0.02409445308148861,-23.70619010925293
53,0.053053051233291626,40.84854507446289,-0.0023058042861521244,-0.021443786099553108,-24.371702194213867
54,0.054054051637649536,40.88320541381836,-0.0018158105667680502,-0.02159593254327774,-23.748947143554688
55,0.055055055767297745,40.91789627075195,-0.0027969186194241047,-0.01601172238588333,-25.664264678955078
56,0.056056056171655655,40.952613830566406,-0.0023614424280822277,-0.016519958153367043,-25.09579086303711
57,0.057057056576013565,40.987361907958984,-0.0019300527637824416,-0.01708206720650196,-24.43472671508789
58,0.058058056980371475,41.02214431762695,-0.0011908048763871193,-0.01844963990151882,-23.0673828125
59,0.059059057384729385,41.056949615478516,-0.0014244935009628534,-0.01698843203485012,-23.539249420166016
60,0.060060057789087296,41.0917854309082,-0.0005479047540575266,-0.01793832518160343,-21.60712242126465
61,0.061061061918735504,41.12665557861328,-0.0005439765518531203,-0.017154349014163017,-21.404067993164062
62,0.062062062323093414,41.16154479980469,-6.288362055784091e-05,-0.017008455470204353,-20.13785743713379
63,0.06306306272745132,41.19647216796875,0.0011538929538801312,-0.015514626167714596,-17.655275344848633
64,0.06406406313180923,41.23143005371094,0.0001511980954091996,-0.016254069283604622,-19.29808807373047
65,0.06506506353616714,41.266414642333984,0.0010442869970574975,-0.014566930942237377,-17.39859390258789
66,0.06606606394052505,41.301429748535156,0.001093428349122405,-0.013725873082876205,-17.20477867126465
67,0.06706706434488297,41.33647537231445,0.00047197009553201497,-0.01374905277043581,-18.373844146728516
68,0.06806806474924088,41.37154769897461,0.0004792812978848815,-0.012556823901832104,-18.309980392456055
69,0.06906906515359879,41.406654357910156,0.0007178985397331417,-0.011312393471598625,-17.75111961364746
70,0.0700700655579567,41.44178771972656,0.001980187138542533,-0.007179076783359051,-15.256866455078125
71,0.0710710734128952,41.476951599121094,0.002718090545386076,-0.0008097183308564126,-12.861446380615234
72,0.07207207381725311,41.512142181396484,0.002467906102538109,-0.0024325919803231955,-13.56169319152832
73,0.07307307422161102,41.547367095947266,0.0020347577519714832,-0.004681927151978016,-14.681528091430664
74,0.07407407462596893,41.582618713378906,0.002070335205644369,-0.003993443679064512,-14.463443756103516
75,0.07507507503032684,41.61790466308594,0.0013162125833332539,-0.007055031135678291,-16.339563369750977
76,0.07607607543468475,41.65321731567383,0.0016658685635775328,-0.005925935227423906,-15.607823371887207
77,0.07707707583904266,41.688560485839844,0.001764332177117467,-0.005618666298687458,-15.453182220458984
78,0.07807807624340057,41.72393035888672,0.002219954039901495,-0.0034394513349980116,-14.373723030090332
79,0.07907907664775848,41.75933074951172,0.002455269219353795,0.000629157351795584,-12.659762382507324
80,0.0800800770521164,41.794769287109375,0.0017525326693430543,0.004322465974837542,-10.868313789367676
81,0.0810810774564743,41.830230712890625,0.001739372150041163,0.003573390655219555,-11.011117935180664
82,0.08208207786083221,41.865726470947266,0.0003019654250238091,0.005053763743489981,-9.041650772094727
83,0.08308307826519012,41.9012451171875,-0.00022964166419114918,0.004346448928117752,-8.368366241455078
84,0.08408408612012863,41.93680191040039,0.0003858243580907583,0.003719520755112171,-9.251291275024414
85,0.08508508652448654,41.97238540649414,0.0010933707235381007,0.002612481825053692,-10.338835716247559
86,0.08608608692884445,42.00799560546875,0.0017939195968210697,-0.00026931590400636196,-12.101181030273438
87,0.08708708733320236,42.043643951416016,0.0008186702616512775,0.0022452641278505325,-9.938557624816895
88,0.08808808773756027,42.079315185546875,0.0006545407231897116,0.0018028876511380076,-9.722067832946777
89,0.08908908814191818,42.115020751953125,0.0011770868441089988,-0.00022509178961627185,-11.160078048706055
90,0.09009008854627609,42.1507568359375,0.0004215217777527869,0.000713005312718451,-9.351753234863281
91,0.091091088950634,42.186519622802734,0.00014359867782332003,0.0005031265318393707,-8.685114860534668
92,0.09209208935499191,42.22231674194336,0.0005262756021693349,-0.0003243243554607034,-9.579757690429688
93,0.09309308975934982,42.258140563964844,-5.64481524634175e-05,-0.000553762773051858,-8.14920425415039
94,0.09409409016370773,42.29399490356445,0.0005034053465351462,-0.0014589611673727632,-9.903606414794922
95,0.09509509056806564,42.32988739013672,0.00029386006644926965,-0.001526765525341034,-9.337264060974121
96,0.09609609842300415,42.36580276489258,0.0005629312945529819,-0.002327835885807872,-10.776435852050781
97,0.09709709882736206,42.40175247192383,0.0006048825453035533,-0.002818026812747121,-11.56986141204834
98,0.09809809923171997,42.4377326965332,0.0004543910617940128,-0.002490557264536619,-10.888700485229492
99,0.09909909963607788,42.473731994628906,0.0004799270536750555,-0.003120043082162738,-11.96434211730957
100,0.10010010004043579,42.5097770690918,0.00041711158701218665,-0.0038791922852396965,-13.541511535644531
101,0.1011011004447937,42.545841217041016,-0.00019601509848143905,-0.004419304896146059,-17.575254440307617
102,0.10210210084915161,42.58195114135742,0.0001193704956676811,-0.004423872102051973,-15.746312141418457
103,0.10310310125350952,42.618080139160156,0.00013293074152898043,-0.004368463531136513,-15.577030181884766
104,0.10410410165786743,42.65423583984375,5.138834239915013e-05,-0.0043941400945186615,-15.981940269470215
105,0.10510510206222534,42.6904296875,-8.769542910158634e-05,-0.004357173107564449,-16.784751892089844
106,0.10610610246658325,42.726654052734375,-0.0003013636451214552,-0.004051775671541691,-18.052602767944336
107,0.10710710287094116,42.762908935546875,-0.00033474789233878255,-0.0038805166259407997,-18.200292587280273
108,0.10810810327529907,42.799190521240234,-0.00020229187794029713,-0.004014777019619942,-17.216543197631836
109,0.10910911113023758,42.83551025390625,-0.00018936095875687897,-0.003967619966715574,-16.99266242980957
110,0.11011011153459549,42.871856689453125,2.6932322725770064e-05,-0.004070120397955179,-14.521078109741211
111,0.1111111119389534,42.90822982788086,2.096434764098376e-05,-0.004045445006340742,-14.500448226928711
112,0.11211211234331131,42.94463348388672,-0.00010448589455336332,-0.003947549033910036,-15.750944137573242
113,0.11311311274766922,42.9810791015625,-0.0002987205807585269,-0.003595951711758971,-17.007572174072266
114,0.11411411315202713,43.017547607421875,-0.00010782085155369714,-0.003868078114464879,-15.204635620117188
115,0.11511511355638504,43.054054260253906,-0.0005717349704355001,-0.002625380177050829,-18.439260482788086
116,0.11611611396074295,43.090579986572266,-0.000714807421900332,-0.0017872336320579052,-19.44881820678711
117,0.11711711436510086,43.127140045166016,-0.0005882536643184721,-0.0024120588786900043,-18.260974884033203
118,0.11811811476945877,43.16373825073242,-0.00032544630812481046,-0.0034118604380637407,-15.934184074401855
119,0.11911911517381668,43.20035934448242,-0.00024007417960092425,-0.003650362603366375,-15.084749221801758
120,0.12012011557817459,43.23701477050781,-0.00025969604030251503,-0.003597025293856859,-15.320760726928711
121,0.1211211159825325,43.27370834350586,-0.0004267606418579817,-0.0030296954791992903,-16.776975631713867
122,0.12212212383747101,43.3104248046875,-0.00042637294973246753,-0.002956557320430875,-16.6915283203125
123,0.12312312424182892,43.34716796875,-0.0003395538660697639,-0.0032713711261749268,-15.601731300354004
124,0.12412412464618683,43.38395309448242,-0.0003758750972338021,-0.0030874654185026884,-15.808094024658203
125,0.12512512505054474,43.42076110839844,-0.000327192188706249,-0.0035925330594182014,-14.088799476623535
126,0.12612612545490265,43.45760726928711,-0.0003699778753798455,-0.004013052210211754,-12.812246322631836
127,0.12712712585926056,43.494476318359375,-0.0005126887117512524,-0.005182692315429449,-10.246039390563965
128,0.12812812626361847,43.5313835144043,-0.0004912689328193665,-0.00498880073428154,-10.751955032348633
129,0.12912912666797638,43.56832504272461,-0.0005050305044278502,-0.005175910424441099,-10.452951431274414
130,0.1301301270723343,43.605289459228516,-0.0005176348495297134,-0.005408282391726971,-10.031124114990234
131,0.1311311274766922,43.64228820800781,-0.0006491300300695002,-0.007040306460112333,-7.227972030639648
132,0.1321321278810501,43.679317474365234,-0.0004431485431268811,-0.004797385539859533,-11.331196784973145
133,0.13313312828540802,43.71638107299805,-0.0004383109335321933,-0.004665439482778311,-11.665374755859375
134,0.13413412868976593,43.753475189208984,-0.0005265134386718273,-0.005460470449179411,-10.055845260620117
135,0.13513512909412384,43.79059600830078,-0.0005030309548601508,-0.004942943807691336,-11.033321380615234
136,0.13613612949848175,43.827762603759766,-0.0004910679999738932,-0.004497168119996786,-11.819706916809082
137,0.13713712990283966,43.86494445800781,-0.0005099619156681001,-0.004590472672134638,-11.509478569030762
138,0.13813813030719757,43.902164459228516,-0.000554518133867532,-0.00519306818023324,-10.281434059143066
139,0.13913913071155548,43.93941879272461,-0.0005945358425378799,-0.005863731261342764,-9.027680397033691
140,0.1401401311159134,43.9766960144043,-0.0006145996740087867,-0.00634742621332407,-8.159933090209961
141,0.1411411464214325,44.014015197753906,-0.0005916544469073415,-0.006004049442708492,-8.625329971313477
142,0.1421421468257904,44.051361083984375,-0.0005894580390304327,-0.006013310048729181,-8.467723846435547
143,0.14314314723014832,44.08873748779297,-0.0005357770714908838,-0.005113497842103243,-9.95257568359375
144,0.14414414763450623,44.12614822387695,-0.0004966736305505037,-0.0043462347239255905,-11.331094741821289
145,0.14514514803886414,44.1635856628418,-0.0004987676511518657,-0.0037895997520536184,-12.340271949768066
146,0.14614614844322205,44.20106506347656,-0.00050815858412534,-0.0038723398465663195,-12.043137550354004
147,0.14714714884757996,44.238563537597656,-0.0005189260700717568,-0.0038110932800918818,-12.097413063049316
148,0.14814814925193787,44.27610778808594,-0.0005488978931680322,-0.004753632005304098,-10.395779609680176
149,0.14914914965629578,44.31366729736328,-0.000532379955984652,-0.004258349537849426,-11.523542404174805
150,0.1501501500606537,44.35126876831055,-0.0005794236203655601,-0.0032545931171625853,-13.576488494873047
151,0.1511511504650116,44.38890075683594,-0.0005984051385894418,-0.0032116451766341925,-13.86689567565918
152,0.1521521508693695,44.426570892333984,-0.0005925303557887673,-0.0034994641318917274,-13.582907676696777
153,0.15315315127372742,44.464263916015625,-0.0006964233471080661,-0.002305783564224839,-15.566454887390137
154,0.15415415167808533,44.50199508666992,-0.000866518123075366,-0.00016934386803768575,-18.32298469543457
155,0.15515515208244324,44.53975296020508,-0.0008467505685985088,-0.0004368895315565169,-17.88595199584961
156,0.15615615248680115,44.57754898071289,-0.0008304957882501185,-0.0005989759811200202,-17.462451934814453
157,0.15715715289115906,44.6153678894043,-0.0008361908840015531,-0.0003969550598412752,-17.408124923706055
158,0.15815815329551697,44.653228759765625,-0.0008252626284956932,-0.0004106597334612161,-17.109010696411133
159,0.15915915369987488,44.69111251831055,-0.0008489206084050238,4.820116373593919e-05,-17.44271469116211
160,0.1601601541042328,44.72903823852539,-0.0008799483766779304,0.0006100180326029658,-17.923004150390625
161,0.1611611545085907,44.76698684692383,-0.0007419913308694959,-0.0012118458980694413,-15.61821174621582
162,0.1621621549129486,44.804969787597656,-0.0008044036803767085,-0.00039110303623601794,-16.684972763061523
163,0.16316315531730652,44.842987060546875,-0.000606925692409277,-0.0032154410146176815,-12.659258842468262
164,0.16416415572166443,44.88103485107422,-0.0006693664472550154,-0.0021066186018288136,-14.482068061828613
165,0.16516515612602234,44.91912078857422,-0.0006153085269033909,-0.0032037426717579365,-12.741661071777344
166,0.16616615653038025,44.95723342895508,-0.0006400948041118681,-0.002888316288590431,-13.14931869506836
167,0.16716717183589935,44.99538040161133,-0.0006271502352319658,-0.004219504538923502,-10.93691635131836
168,0.16816817224025726,45.03356170654297,-0.000648579269181937,-0.0032025014515966177,-12.535320281982422
169,0.16916917264461517,45.071773529052734,-0.0007239633705466986,-0.002030811971053481,-14.333876609802246
170,0.17017017304897308,45.110015869140625,-0.0008728062966838479,1.5702944438089617e-06,-17.016843795776367
171,0.171171173453331,45.14828872680664,-0.0008051309850998223,-0.001285951933823526,-15.65243148803711
172,0.1721721738576889,45.18659973144531,-0.0007288572378456593,-0.002611072501167655,-14.146553993225098
173,0.17317317426204681,45.22494125366211,-0.0007172543555498123,-0.002984109800308943,-13.824464797973633
174,0.17417417466640472,45.2633171081543,-0.0008581338915973902,-0.0010895145824179053,-16.3394775390625
175,0.17517517507076263,45.30172348022461,-0.0008764015510678291,-0.0009660565992817283,-16.45406150817871
176,0.17617617547512054,45.34016036987305,-0.0008769336855039,-0.0010247108293697238,-16.228960037231445
177,0.17717717587947845,45.37863540649414,-0.0008916687220335007,-0.0007392560364678502,-16.333908081054688
178,0.17817817628383636,45.41713333129883,-0.0008946742746047676,-0.0006039496511220932,-16.323951721191406
179,0.17917917668819427,45.45567321777344,-0.0008776459726504982,-0.0008903112029656768,-15.96218204498291
180,0.18018017709255219,45.49424362182617,-0.0009059965377673507,-0.00019759376300498843,-16.738239288330078
181,0.1811811774969101,45.53284454345703,-0.0007687227334827185,-0.0025573375169187784,-13.912874221801758
182,0.182182177901268,45.571475982666016,-0.0006959601305425167,-0.0034301639534533024,-12.653526306152344
183,0.18318317830562592,45.610145568847656,-0.0006438993150368333,-0.004113602917641401,-11.473668098449707
184,0.18418417870998383,45.64884567260742,-0.0006340952822938561,-0.004330407362431288,-10.939945220947266
185,0.18518517911434174,45.68758010864258,-0.0006455135880969465,-0.004087538458406925,-11.090662002563477
186,0.18618617951869965,45.726348876953125,-0.000642772763967514,-0.004504028707742691,-10.185091018676758
187,0.18718717992305756,45.76514434814453,-0.0006543343188241124,-0.004409039858728647,-10.035114288330078
188,0.18818818032741547,45.803977966308594,-0.0006658140337094665,-0.004188430495560169,-10.056446075439453
189,0.18918918073177338,45.84284210205078,-0.0006853361846879125,-0.003290075808763504,-11.105552673339844
190,0.1901901811361313,45.881744384765625,-0.0006819371483288705,-0.004641713108867407,-8.888147354125977
191,0.1911911815404892,45.92066955566406,-0.0007165794959291816,-0.002391316695138812,-12.062102317810059
192,0.1921921968460083,45.95963668823242,-0.0007394514977931976,-0.0018127234652638435,-12.908160209655762
193,0.1931931972503662,45.99863052368164,-0.0007258197292685509,-0.0020104222930967808,-12.771635055541992
194,0.19419419765472412,46.037662506103516,-0.0008358060149475932,0.0001458383776480332,-15.717655181884766
195,0.19519519805908203,46.07672882080078,-0.0008760571363382041,0.0009502890752628446,-16.85976791381836
196,0.19619619846343994,46.115821838378906,-0.0008793743327260017,0.0010091466829180717,-17.091787338256836
197,0.19719719886779785,46.15495300292969,-0.000815343577414751,-0.0001976845524040982,-15.788745880126953
198,0.19819819927215576,46.194114685058594,-0.0008094054646790028,-0.0003629760176409036,-15.65969181060791
199,0.19919919967651367,46.23331069946289,-0.0008547711186110973,0.0003856164403259754,-16.537721633911133
200,0.20020020008087158,46.27254104614258,-0.0008740702760405838,0.0007380380993708968,-16.946176528930664
201,0.2012012004852295,46.31180191040039,-0.001003260724246502,0.004312186501920223,-20.69132423400879
202,0.2022022008895874,46.35110092163086,-0.0010881046764552593,0.007389688398689032,-23.56867027282715
203,0.2032032012939453,46.39043045043945,-0.001081256428733468,0.007594741880893707,-23.74488639831543
204,0.20420420169830322,46.42979049682617,-0.001078772358596325,0.007915107533335686,-24.042606353759766
205,0.20520520210266113,46.46918487548828,-0.0010700365528464317,0.007714454084634781,-23.90668487548828
206,0.20620620250701904,46.50861740112305,-0.00103998021222651,0.006456851959228516,-22.80208969116211
207,0.20720720291137695,46.54807662963867,-0.0010301291476935148,0.00594659149646759,-22.394777297973633
208,0.20820820331573486,46.58757400512695,-0.0010638859821483493,0.007180344313383102,-23.570541381835938
209,0.20920920372009277,46.62710189819336,-0.0010736825643107295,0.007630966138094664,-23.843830108642578
210,0.21021020412445068,46.666664123535156,-0.0010101385414600372,0.00513917813077569,-21.232769012451172
211,0.2112112045288086,46.706260681152344,-0.0010006027296185493,0.004783695098012686,-20.609237670898438
212,0.2122122049331665,46.74589157104492,-0.0010410111863166094,0.006870346609503031,-22.345863342285156
213,0.21321320533752441,46.78555679321289,-0.0010579200461506844,0.00803286861628294,-23.16704750061035
214,0.21421420574188232,46.825252532958984,-0.001012379303574562,0.005801164545118809,-20.79680061340332
215,0.21521520614624023,46.864990234375,-0.0010024681687355042,0.0056315138936042786,-20.521522521972656
216,0.21621620655059814,46.90475082397461,-0.0009909318760037422,0.005109098739922047,-20.0175724029541
217,0.21721720695495605,46.94455337524414,-0.0009467170457355678,0.0024040346033871174,-17.366825103759766
218,0.21821822226047516,46.98438262939453,-0.0009439301793463528,0.0022836585994809866,-17.408878326416016
219,0.21921922266483307,47.024253845214844,-0.0009582060156390071,0.003020832547917962,-18.382116317749023
220,0.22022022306919098,47.064151763916016,-0.0009546918445266783,0.0030159440357238054,-18.43462371826172
221,0.2212212234735489,47.104087829589844,-0.0009700951632112265,0.0039211539551615715,-19.344409942626953
222,0.2222222238779068,47.14405059814453,-0.0009272763854824007,0.001901271753013134,-17.14764404296875
223,0.2232232242822647,47.18405532836914,-0.0009030267829075456,0.0010838279267773032,-16.189653396606445
224,0.22422422468662262,47.22409439086914,-0.0009333525667898357,0.0024525646585971117,-17.635337829589844
225,0.22522522509098053,47.264163970947266,-0.0008872590260580182,0.0009506257483735681,-15.943387985229492
226,0.22622622549533844,47.304264068603516,-0.0008420979720540345,-0.00016388919902965426,-14.615598678588867
227,0.22722722589969635,47.34440231323242,-0.0007727125193923712,-0.0016033833380788565,-12.78962516784668
228,0.22822822630405426,47.384578704833984,-0.0007779569714330137,-0.0014175157994031906,-12.972955703735352
229,0.22922922670841217,47.424781799316406,-0.000836554856505245,3.815162017417606e-06,-14.686944961547852
230,0.23023022711277008,47.465023040771484,-0.0008153917733579874,-0.00040436635026708245,-14.116570472717285
231,0.231231227517128,47.50529479980469,-0.0007260495913214982,-0.002198557835072279,-11.695610046386719
232,0.2322322279214859,47.54560470581055,-0.0008460785029456019,0.00031763160950504243,-14.765161514282227
233,0.2332332283258438,47.58594512939453,-0.0008913282654248178,0.0019496119348332286,-16.53086280822754
234,0.23423422873020172,47.62632369995117,-0.0008842458482831717,0.0014676062855869532,-15.89104175567627
235,0.23523522913455963,47.6667366027832,-0.000901103368960321,0.0022667383309453726,-16.668909072875977
236,0.23623622953891754,47.707176208496094,-0.0009118040325120091,0.0029643040616065264,-17.333232879638672
237,0.23723722994327545,47.74766540527344,-0.0009081863681785762,0.0025477386079728603,-16.84133529663086
238,0.23823823034763336,47.788177490234375,-0.000896297104191035,0.0016999366926029325,-15.910661697387695
239,0.23923923075199127,47.8287239074707,-0.000898107944522053,0.0018697326304391026,-16.109006881713867
240,0.24024023115634918,47.86930847167969,-0.0008249522652477026,-0.0008298554457724094,-12.980430603027344
241,0.2412412315607071,47.9099235534668,-0.000838359585031867,-0.0001849912659963593,-13.715710639953613
242,0.242242231965065,47.95058059692383,-0.0007903247606009245,-0.0012471481459215283,-12.36701774597168
243,0.2432432323694229,47.99126052856445,-0.0007450840785168111,-0.0020627928897738457,-11.23055362701416
244,0.24424424767494202,48.031982421875,-0.0007000687764957547,-0.0028005000203847885,-10.131531715393066
245,0.24524524807929993,48.07273864746094,-0.0006049165385775268,-0.0043986523523926735,-7.576532363891602
246,0.24624624848365784,48.113529205322266,-0.0005762397777289152,-0.00526156323030591,-5.962417125701904
247,0.24724724888801575,48.154354095458984,-0.0005700329784303904,-0.006042609456926584,-4.496389389038086
248,0.24824824929237366,48.19520950317383,-0.0005364303360693157,-0.007074060849845409,-2.6567909717559814
249,0.24924924969673157,48.236106872558594,-0.0005314802983775735,-0.007199476007372141,-2.511054277420044
250,0.2502502501010895,48.277034759521484,-0.0005481643602252007,-0.007070139050483704,-2.9734134674072266
251,0.2512512505054474,48.317996978759766,-0.0005666434881277382,-0.0068272738717496395,-3.5809268951416016
252,0.2522522509098053,48.35899353027344,-0.0005331020220182836,-0.0074548362754285336,-2.396449089050293
253,0.2532532513141632,48.40003204345703,-0.0005451077013276517,-0.0068449461832642555,-3.260033369064331
254,0.2542542517185211,48.44109344482422,-0.0005423772963695228,-0.006300538778305054,-3.9695465564727783
255,0.25525525212287903,48.48219680786133,-0.0005209816736169159,-0.006187394727021456,-3.922720193862915
256,0.25625625252723694,48.52333450317383,-0.00048123238957487047,-0.00659492751583457,-2.8875365257263184
257,0.25725725293159485,48.564510345458984,-0.0004676276003010571,-0.006541143171489239,-2.83149790763855
258,0.25825825333595276,48.605712890625,-0.0004380741738714278,-0.006848840042948723,-1.913974404335022
259,0.25925925374031067,48.64695739746094,-0.000406975916121155,-0.007225606590509415,-0.7767786979675293
260,0.2602602541446686,48.688236236572266,-0.00045468079042620957,-0.0063611846417188644,-2.6600587368011475
261,0.2612612545490265,48.729549407958984,-0.00041258297278545797,-0.007182530127465725,-0.7660613656044006
262,0.2622622549533844,48.770896911621094,-0.00037659192457795143,-0.007771363947540522,0.6307950615882874
263,0.2632632553577423,48.812278747558594,-0.0004132834728807211,-0.007283950690180063,-0.6168336272239685
264,0.2642642557621002,48.85369110107422,-0.00044013658771291375,-0.006889838259667158,-1.5538032054901123
265,0.26526525616645813,48.895145416259766,-0.0004265207680873573,-0.0071327234618365765,-0.9733275175094604
266,0.26626625657081604,48.93663787841797,-0.0004456850583665073,-0.006862033158540726,-1.5615112781524658
267,0.26726725697517395,48.97815704345703,-0.0004054964811075479,-0.007495527155697346,0.07549414038658142
268,0.26826825737953186,49.01971435546875,-0.00041351461550220847,-0.007253104820847511,-0.3290445804595947
269,0.26926925778388977,49.061309814453125,-0.00041513011092320085,-0.00698075070977211,-0.697986364364624
270,0.2702702581882477,49.10293960571289,-0.0003672789316624403,-0.00750963157042861,1.0010639429092407
271,0.2712712585926056,49.14460754394531,-0.0003415113897062838,-0.007703689858317375,1.9195696115493774
272,0.2722722589969635,49.18630599975586,-0.0003053565160371363,-0.008099647238850594,3.5691440105438232
273,0.2732732594013214,49.2280387878418,-0.0002808550198096782,-0.008397448807954788,5.00673246383667
274,0.2742742598056793,49.26980972290039,-0.0002797292254399508,-0.008375141769647598,5.26388692855835
275,0.27527526021003723,49.31161880493164,-0.0002555418759584427,-0.008746512234210968,6.902225971221924
276,0.27627626061439514,49.35345458984375,-0.0002324562956346199,-0.009073993191123009,8.428985595703125
277,0.27727726101875305,49.39533233642578,-0.0002078688848996535,-0.009392613545060158,9.949629783630371
278,0.27827826142311096,49.4372444152832,-0.00019607087597250938,-0.00953430961817503,10.691488265991211
279,0.27927926182746887,49.479190826416016,-0.00020613669767044485,-0.009387333877384663,9.964986801147461
280,0.2802802622318268,49.52117156982422,-0.00018607545644044876,-0.009735366329550743,11.570507049560547
281,0.2812812626361847,49.56319046020508,-0.00017637609562370926,-0.009974151849746704,12.596288681030273
282,0.282282292842865,49.60525131225586,-0.000177880865521729,-0.010122931562364101,13.177253723144531
283,0.2832832932472229,49.6473388671875,-0.00019034648721572012,-0.010041773319244385,12.562405586242676
284,0.2842842936515808,49.6894645690918,-0.00020125124137848616,-0.009972047992050648,12.142605781555176
285,0.2852852940559387,49.73162841796875,-0.00019890173280145973,-0.010182741098105907,13.292203903198242
286,0.28628629446029663,49.77382278442383,-0.00019125809194520116,-0.010544323362410069,15.350484848022461
287,0.28728729486465454,49.81605911254883,-0.0002079643600154668,-0.009891665540635586,12.374984741210938
288,0.28828829526901245,49.85832595825195,-0.00021415067021735013,-0.009607524611055851,11.227113723754883
289,0.28928929567337036,49.900630950927734,-0.00021335738711059093,-0.009495368227362633,10.852375984191895
290,0.29029029607772827,49.94297409057617,-0.00020478515943977982,-0.00956048909574747,11.351617813110352
291,0.2912912964820862,49.985355377197266,-0.00020255004346836358,-0.0095701664686203,11.62367057800293
292,0.2922922968864441,50.02776336669922,-0.00018686105613596737,-0.009953347966074944,13.800334930419922
293,0.293293297290802,50.07020950317383,-0.0001950729638338089,-0.009693896397948265,12.572282791137695
294,0.2942942976951599,50.11269760131836,-0.00018485526379663497,-0.010081419721245766,14.78195858001709
295,0.2952952980995178,50.155216217041016,-0.0001939046778716147,-0.009550726041197777,12.165027618408203
296,0.29629629850387573,50.197776794433594,-0.0001896973408292979,-0.01027100719511509,16.183452606201172
297,0.29729729890823364,50.2403678894043,-0.0001888354599941522,-0.0101395882666111,15.693615913391113
298,0.29829829931259155,50.282997131347656,-0.0001889959821710363,-0.010074449703097343,15.423931121826172
299,0.29929929971694946,50.32566452026367,-0.00019120093202218413,-0.010235652327537537,16.317800521850586
300,0.3003003001213074,50.36836242675781,-0.00020188653434161097,-0.010621091350913048,18.208566665649414
301,0.3013013005256653,50.41109848022461,-0.0002009296731557697,-0.01042417623102665,17.122486114501953
302,0.3023023009300232,50.45387649536133,-0.00021116291463840753,-0.010213327594101429,16.027162551879883
303,0.3033033013343811,50.49668502807617,-0.0002169002837035805,-0.01024687197059393,16.206315994262695
304,0.304304301738739,50.53953552246094,-0.00021061190636828542,-0.010600801557302475,17.860002517700195
305,0.3053053021430969,50.58241653442383,-0.00019789658836089075,-0.011000805534422398,19.886600494384766
306,0.30630630254745483,50.625335693359375,-0.00022046390222385526,-0.010145231150090694,15.766952514648438
307,0.30730730295181274,50.66829299926758,-0.00024319131625816226,-0.00948028638958931,12.883016586303711
308,0.30830830335617065,50.71128463745117,-0.0002187117061112076,-0.009878456592559814,14.654000282287598
309,0.30930930376052856,50.754310607910156,-0.00020972694619558752,-0.009953736327588558,15.182458877563477
310,0.3103103041648865,50.79737854003906,-0.00025269691832363605,-0.008829155005514622,10.470770835876465
311,0.3113113045692444,50.840476989746094,-0.00021981148165650666,-0.009519576095044613,13.543678283691406
312,0.3123123049736023,50.88361358642578,-0.00021137201110832393,-0.009671078994870186,14.368130683898926
313,0.3133133053779602,50.92679214477539,-0.00020869055879302323,-0.009592883288860321,14.057025909423828
314,0.3143143057823181,50.97000503540039,-0.00022091378923505545,-0.009148278273642063,11.982922554016113
315,0.315315306186676,51.01325225830078,-0.00022019445896148682,-0.009073011577129364,11.568511009216309
316,0.31631630659103394,51.056541442871094,-0.00022037295275367796,-0.009004732593894005,11.110403060913086
317,0.31731730699539185,51.099857330322266,-0.00021147579536773264,-0.009156427346169949,11.61299991607666
318,0.31831830739974976,51.14321517944336,-0.00019993931346107274,-0.00937642715871334,12.42996883392334
319,0.31931930780410767,51.186614990234375,-0.0001967719872482121,-0.009426097385585308,12.398946762084961
320,0.3203203082084656,51.23004913330078,-0.0001676568208495155,-0.010144191794097424,16.1723690032959
321,0.3213213086128235,51.27351379394531,-0.00017013505566865206,-0.009922872297465801,14.630474090576172
322,0.3223223090171814,51.317020416259766,-0.00016367023636121303,-0.010133733041584492,15.710306167602539
323,0.3233233094215393,51.36056137084961,-0.00017357479373458773,-0.01059214398264885,18.230243682861328
324,0.3243243098258972,51.40414047241211,-0.00018002744764089584,-0.010082202963531017,15.087013244628906
325,0.3253253102302551,51.44776153564453,-0.00019208698358852416,-0.00999192800372839,14.566729545593262
326,0.32632631063461304,51.49141311645508,-0.0002067377499770373,-0.009639997966587543,12.933112144470215
327,0.32732731103897095,51.53510284423828,-0.0002128424239344895,-0.00968299712985754,13.380779266357422
328,0.32832831144332886,51.578834533691406,-0.0002151077496819198,-0.01005267072468996,15.385231018066406
329,0.32932931184768677,51.622596740722656,-0.00022121059009805322,-0.010178562253713608,16.246809005737305
330,0.3303303122520447,51.66639709472656,-0.00022243332932703197,-0.009949715808033943,15.576106071472168
331,0.3313313126564026,51.71023941040039,-0.00022403927869163454,-0.010104901157319546,16.670101165771484
332,0.3323323130607605,51.754112243652344,-0.00021851244673598558,-0.009857416152954102,15.891846656799316
333,0.3333333432674408,51.79802703857422,-0.0002259293250972405,-0.010191690176725388,17.769933700561523
334,0.3343343436717987,51.84197998046875,-0.0002277247840538621,-0.0101900240406394,18.00627899169922
335,0.3353353440761566,51.88597106933594,-0.00023298541782423854,-0.010163464583456516,17.875347137451172
336,0.3363363444805145,51.92999267578125,-0.00023069576127454638,-0.009841898456215858,16.475954055786133
337,0.33733734488487244,51.974056243896484,-0.00023962240084074438,-0.008905717171728611,12.597758293151855
338,0.33833834528923035,52.018157958984375,-0.00024807435693219304,-0.008972409181296825,13.111177444458008
339,0.33933934569358826,52.06229782104492,-0.00025480956537649035,-0.009430214762687683,15.076043128967285
340,0.34034034609794617,52.106468200683594,-0.000260460888966918,-0.009419768117368221,15.129439353942871
341,0.3413413465023041,52.15068054199219,-0.0002664960047695786,-0.00914839468896389,14.17313289642334
342,0.342342346906662,52.19493103027344,-0.0002683508791960776,-0.00920549500733614,14.441280364990234
343,0.3433433473110199,52.23921585083008,-0.0002690609253477305,-0.009010299108922482,13.744770050048828
344,0.3443443477153778,52.283546447753906,-0.0002690728288143873,-0.00907890684902668,13.962360382080078
345,0.3453453481197357,52.327911376953125,-0.0002669081441126764,-0.009073689579963684,13.893993377685547
346,0.34634634852409363,52.372310638427734,-0.0002647477085702121,-0.008735878393054008,12.594834327697754
347,0.34734734892845154,52.416744232177734,-0.00026403384981676936,-0.008344982750713825,11.074142456054688
348,0.34834834933280945,52.46122360229492,-0.00026428900309838355,-0.008535036817193031,11.887731552124023
349,0.34934934973716736,52.505733489990234,-0.0002694760332815349,-0.008588862605392933,12.219184875488281
350,0.35035035014152527,52.55028533935547,-0.00028005026979371905,-0.007953464053571224,10.097519874572754
351,0.3513513505458832,52.594879150390625,-0.0002845226554200053,-0.007869860157370567,10.043025016784668
352,0.3523523509502411,52.639503479003906,-0.00028434026171453297,-0.008391236886382103,12.120682716369629
353,0.353353351354599,52.68416976928711,-0.0002859052619896829,-0.008043608628213406,11.120748519897461
354,0.3543543517589569,52.72887420654297,-0.00028307957109063864,-0.00872899778187275,13.728824615478516
355,0.3553553521633148,52.77360916137695,-0.0002797712222672999,-0.008509017527103424,13.107992172241211
356,0.35635635256767273,52.81839370727539,-0.00028250363538973033,-0.0076212696731090546,9.951086044311523
357,0.35735735297203064,52.86320495605469,-0.0002769935526885092,-0.0079999640583992,11.201128005981445
358,0.35835835337638855,52.90806198120117,-0.00027900346321985126,-0.007768397219479084,10.257516860961914
359,0.35935935378074646,52.95295333862305,-0.000283784291241318,-0.007834376767277718,10.429705619812012
360,0.36036035418510437,52.99788284301758,-0.000292695767711848,-0.007647054269909859,9.801385879516602
361,0.3613613545894623,53.0428581237793,-0.0002979187702294439,-0.006869975011795759,7.265096664428711
362,0.3623623549938202,53.087860107421875,-0.00030108459759503603,-0.007146961521357298,8.346909523010254
363,0.3633633553981781,53.13290786743164,-0.0003025990445166826,-0.007149025332182646,8.509092330932617
364,0.364364355802536,53.1779899597168,-0.0003066617646254599,-0.007563932333141565,10.017156600952148
365,0.3653653562068939,53.223114013671875,-0.0003104887728113681,-0.007478712126612663,9.858457565307617
366,0.36636635661125183,53.268272399902344,-0.00031497946474701166,-0.007639398332685232,10.478939056396484
367,0.36736735701560974,53.31346893310547,-0.0003118877357337624,-0.007013480179011822,8.586897850036621
368,0.36836835741996765,53.358707427978516,-0.0003103874623775482,-0.0068313986994326115,8.068890571594238
369,0.36936935782432556,53.40398025512695,-0.0003089670790359378,-0.006274404935538769,6.279829978942871
370,0.37037035822868347,53.44929885864258,-0.0003087047371082008,-0.00708285765722394,8.863553047180176
371,0.3713713586330414,53.49464797973633,-0.0003074725391343236,-0.007041244301944971,8.643239974975586
372,0.3723723590373993,53.5400390625,-0.0003074840933550149,-0.007097751367837191,8.697949409484863
373,0.3733733594417572,53.58546829223633,-0.0003077603178098798,-0.007651308085769415,10.321359634399414
374,0.3743743598461151,53.63093566894531,-0.0003107168304268271,-0.008891027420759201,14.107433319091797
375,0.375375360250473,53.67644500732422,-0.0003135290171485394,-0.008865813724696636,13.839189529418945
376,0.37637636065483093,53.721988677978516,-0.0003172296565026045,-0.008113126270473003,11.348562240600586
377,0.37737736105918884,53.76757049560547,-0.0003229689027648419,-0.007076779380440712,8.073902130126953
378,0.37837836146354675,53.813194274902344,-0.00032292044488713145,-0.007223804481327534,8.47806167602539
379,0.37937936186790466,53.858856201171875,-0.0003183601365890354,-0.00781314354389906,10.294815063476562
380,0.3803803622722626,53.9045524597168,-0.0003144929651170969,-0.008079096674919128,11.153584480285645
381,0.3813813626766205,53.950294494628906,-0.0003121132613159716,-0.008067517541348934,11.223515510559082
382,0.3823823630809784,53.996070861816406,-0.00031058050808496773,-0.007623850833624601,9.884127616882324
383,0.3833833634853363,54.04188919067383,-0.0002998535055667162,-0.008038271218538284,11.33663558959961
384,0.3843843936920166,54.08774185180664,-0.0002962527214549482,-0.00794133823364973,11.125868797302246
385,0.3853853940963745,54.133636474609375,-0.0002867584116756916,-0.00808756984770298,11.643597602844238
386,0.3863863945007324,54.1795654296875,-0.0002702925994526595,-0.008497071452438831,13.076314926147461
387,0.38738739490509033,54.22554016113281,-0.0002620613668113947,-0.00818906631320715,11.880629539489746
388,0.38838839530944824,54.271549224853516,-0.00025384160107932985,-0.00865535531193018,13.629132270812988
389,0.38938939571380615,54.317596435546875,-0.00026023678947240114,-0.008450430817902088,12.7327299118042
390,0.39039039611816406,54.363685607910156,-0.00026806321693584323,-0.00822299625724554,11.711043357849121
391,0.391391396522522,54.40981674194336,-0.0002750735729932785,-0.008091180585324764,11.087942123413086
392,0.3923923969268799,54.45597839355469,-0.0002851125318557024,-0.008044080808758736,10.920854568481445
393,0.3933933973312378,54.502193450927734,-0.00030359000083990395,-0.0077792685478925705,10.247806549072266
394,0.3943943977355957,54.54843521118164,-0.00031457998557016253,-0.007880900986492634,10.844432830810547
395,0.3953953981399536,54.59471893310547,-0.00032719149021431804,-0.007188092451542616,9.000347137451172
396,0.3963963985443115,54.64104080200195,-0.00033196742879226804,-0.0070203994400799274,8.774110794067383
397,0.39739739894866943,54.68740463256836,-0.00033255841117352247,-0.005513626616448164,4.510628700256348
398,0.39839839935302734,54.73381042480469,-0.00033401005202904344,-0.0065615358762443066,7.825144290924072
399,0.39939939975738525,54.780250549316406,-0.00033623992931097746,-0.005764159373939037,5.526686668395996
400,0.40040040016174316,54.82673263549805,-0.0003312437911517918,-0.006202226970344782,6.820036888122559
401,0.4014014005661011,54.87324905395508,-0.00031787174521014094,-0.007223738823086023,10.02105712890625
402,0.402402400970459,54.91980743408203,-0.00031379517167806625,-0.007263404782861471,10.230096817016602
403,0.4034034013748169,54.96641540527344,-0.00031882349867373705,-0.00662221247330308,8.369174003601074
404,0.4044044017791748,55.01305389404297,-0.00031964623485691845,-0.006411735899746418,7.81422233581543
405,0.4054054021835327,55.059730529785156,-0.0003165844827890396,-0.006458624731749296,7.987861156463623
406,0.4064064025878906,55.106449127197266,-0.00031551471329294145,-0.006428590975701809,7.922149181365967
407,0.40740740299224854,55.1532096862793,-0.00031703338027000427,-0.006274265702813864,7.484167575836182
408,0.40840840339660645,55.200008392333984,-0.0003201138461008668,-0.0059539563953876495,6.528830528259277
409,0.40940940380096436,55.24684524536133,-0.00032630254281684756,-0.00537646422162652,4.7330756187438965
410,0.41041040420532227,55.293724060058594,-0.00032446649856865406,-0.005588795989751816,5.273794174194336
411,0.4114114046096802,55.340641021728516,-0.00031865917844697833,-0.006169901229441166,6.984264373779297
412,0.4124124050140381,55.38759231567383,-0.00031697156373411417,-0.0062661608681082726,7.17489767074585
413,0.413413405418396,55.43458938598633,-0.0003078782756347209,-0.006657090038061142,8.317793846130371
414,0.4144144058227539,55.481624603271484,-0.00029617437394335866,-0.00709955021739006,9.70505142211914
415,0.4154154062271118,55.52870178222656,-0.00030195387080311775,-0.00663095572963357,8.085755348205566
416,0.4164164066314697,55.5758171081543,-0.0002873401972465217,-0.00704375421628356,9.532073020935059
417,0.41741740703582764,55.62297439575195,-0.0003054611152037978,-0.006420512683689594,7.583620071411133
418,0.41841840744018555,55.67017364501953,-0.0003194594755768776,-0.006097888108342886,6.871064186096191
419,0.41941940784454346,55.71741485595703,-0.0003016166156157851,-0.006833773571997881,9.457117080688477
420,0.42042040824890137,55.764686584472656,-0.00030340481316670775,-0.006870090961456299,9.631754875183105
421,0.4214214086532593,55.81200408935547,-0.0002986417093779892,-0.007363881915807724,11.249931335449219
422,0.4224224090576172,55.85935592651367,-0.00030707032419741154,-0.008235081098973751,14.126181602478027
423,0.4234234094619751,55.90675735473633,-0.00029208685737103224,-0.007613425143063068,12.057413101196289
424,0.424424409866333,55.954193115234375,-0.00028743932489305735,-0.007424362003803253,11.471611022949219
425,0.4254254102706909,56.00166702270508,-0.0002957734395749867,-0.0070016938261687756,10.192598342895508
426,0.42642641067504883,56.04918670654297,-0.0003130492987111211,-0.006947645451873541,10.276566505432129
427,0.42742741107940674,56.096744537353516,-0.00034018215956166387,-0.008137430995702744,14.10239315032959
428,0.42842841148376465,56.14434814453125,-0.0003443440655246377,-0.0074641648679971695,12.219207763671875
429,0.42942941188812256,56.191978454589844,-0.00035249642678536475,-0.00834896881133318,14.778799057006836
430,0.43043041229248047,56.239662170410156,-0.00034789592609740794,-0.007377752102911472,11.974425315856934
431,0.4314314126968384,56.287384033203125,-0.0003467723436187953,-0.007528411690145731,12.333932876586914
432,0.4324324131011963,56.335140228271484,-0.0003500404127407819,-0.007530533708631992,12.311912536621094
433,0.4334334135055542,56.3829460144043,-0.0003539019962772727,-0.00760542182251811,12.508387565612793
434,0.4344344139099121,56.430782318115234,-0.00035377879976294935,-0.008615974336862564,15.31527042388916
435,0.43543541431427,56.478668212890625,-0.00034696937655098736,-0.009366180747747421,17.43482780456543
436,0.4364364445209503,56.526588439941406,-0.0003334175271447748,-0.010536004789173603,20.890714645385742
437,0.4374374449253082,56.574554443359375,-0.000337109318934381,-0.009853927418589592,18.853046417236328
438,0.43843844532966614,56.62255859375,-0.00032922098762355745,-0.010436146520078182,20.607805252075195
439,0.43943944573402405,56.67060089111328,-0.0003206180117558688,-0.011316774412989616,23.350229263305664
440,0.44044044613838196,56.718685150146484,-0.00032114723580889404,-0.011057531461119652,22.56495475769043
441,0.44144144654273987,56.76681137084961,-0.00032574619399383664,-0.010566551238298416,21.040306091308594
442,0.4424424469470978,56.814979553222656,-0.00032561231637373567,-0.010915088467299938,22.04793930053711
443,0.4434434473514557,56.86318588256836,-0.00032623298466205597,-0.011130808852612972,22.648273468017578
444,0.4444444477558136,56.911434173583984,-0.0003248114953748882,-0.011758276261389256,24.590513229370117
445,0.4454454481601715,56.95972442626953,-0.0003260711091570556,-0.012014786712825298,25.453710556030273
446,0.4464464485645294,57.008056640625,-0.00032690996886231005,-0.011588260531425476,24.27789306640625
447,0.44744744896888733,57.056427001953125,-0.00033409972093068063,-0.010271068662405014,20.474225997924805
448,0.44844844937324524,57.10483932495117,-0.0003366762539371848,-0.010156847536563873,20.352880477905273
449,0.44944944977760315,57.153297424316406,-0.0003458100254647434,-0.0089652668684721,17.065719604492188
450,0.45045045018196106,57.20178985595703,-0.0003485624329186976,-0.008526477962732315,16.03011703491211
451,0.45145145058631897,57.25032424926758,-0.00034301605774089694,-0.006779245100915432,11.206775665283203
452,0.4524524509906769,57.29890060424805,-0.00035561822005547583,-0.005268172826617956,7.006978511810303
453,0.4534534513950348,57.3475227355957,-0.0003581107594072819,-0.005042289383709431,6.4513726234436035
454,0.4544544517993927,57.396183013916016,-0.00035707681672647595,-0.0050895255990326405,6.6362810134887695
455,0.4554554522037506,57.444881439208984,-0.0003546618390828371,-0.005311458371579647,7.311533451080322
456,0.4564564526081085,57.49362564086914,-0.00035881748772226274,-0.0054908269084990025,7.921752452850342
457,0.45745745301246643,57.54240417480469,-0.00036937862751074135,-0.005477954633533955,8.002253532409668
458,0.45845845341682434,57.59122848510742,-0.000382276251912117,-0.004803108051419258,6.3021392822265625
459,0.45945945382118225,57.640098571777344,-0.00037652428727597,-0.006193867418915033,9.978316307067871
460,0.46046045422554016,57.68900680541992,-0.0003777334641199559,-0.005953132174909115,9.235519409179688
461,0.46146145462989807,57.73795700073242,-0.0003761941334232688,-0.006697351112961769,11.102089881896973
462,0.462462455034256,57.786949157714844,-0.0003705598646774888,-0.0075665805488824844,13.326972961425781
463,0.4634634554386139,57.83598327636719,-0.00036449130857363343,-0.008023879490792751,14.532480239868164
464,0.4644644558429718,57.88505554199219,-0.0003483534383121878,-0.00916470866650343,17.69974136352539
465,0.4654654562473297,57.934165954589844,-0.00034284975845366716,-0.009311840869486332,18.14024543762207
466,0.4664664566516876,57.98332977294922,-0.0003436744154896587,-0.009209065698087215,17.882911682128906
467,0.46746745705604553,58.03252410888672,-0.0003485904016997665,-0.008875141851603985,17.01002311706543
468,0.46846845746040344,58.08176803588867,-0.00033833118504844606,-0.010065269656479359,20.557876586914062
469,0.46946945786476135,58.131046295166016,-0.00034074834547936916,-0.01013197936117649,20.781858444213867
470,0.47047045826911926,58.18037414550781,-0.0003524667408782989,-0.009182221256196499,18.050369262695312
471,0.4714714586734772,58.229740142822266,-0.0003473142860457301,-0.009901247918605804,20.05934715270996
472,0.4724724590778351,58.27914810180664,-0.00035690897493623197,-0.008620317094027996,16.338481903076172
473,0.473473459482193,58.32859802246094,-0.0003522129845805466,-0.00926276482641697,18.081777572631836
474,0.4744744598865509,58.37809371948242,-0.00035451934672892094,-0.00916057825088501,17.810810089111328
475,0.4754754602909088,58.42762756347656,-0.00034742645220831037,-0.009882716462016106,19.928495407104492
476,0.4764764606952667,58.47719955444336,-0.00035141705302521586,-0.009200794622302055,18.05185317993164
477,0.47747746109962463,58.52682113647461,-0.00034195376792922616,-0.009575305506587029,19.2366886138916
478,0.47847846150398254,58.57647705078125,-0.00034057238372042775,-0.009156977757811546,18.168346405029297
479,0.47947946190834045,58.626182556152344,-0.0003336448862683028,-0.009386311285197735,19.064523696899414
480,0.48048046231269836,58.675926208496094,-0.00033381569664925337,-0.009399413131177425,19.31224822998047
481,0.4814814627170563,58.725711822509766,-0.0003410687204450369,-0.00878385454416275,17.613807678222656
482,0.4824824631214142,58.775543212890625,-0.0003456432605162263,-0.008613042533397675,17.222991943359375
483,0.4834834635257721,58.82541275024414,-0.00034275167854502797,-0.009184465743601322,18.98198890686035
484,0.48448446393013,58.875328063964844,-0.00035058229696005583,-0.00816376693546772,16.115386962890625
485,0.4854854643344879,58.92528533935547,-0.00035204709274694324,-0.007346039172261953,13.856650352478027
486,0.4864864647388458,58.97528076171875,-0.0003552264824975282,-0.007995957508683205,15.751119613647461
487,0.4874874949455261,59.025325775146484,-0.0003459008294157684,-0.009520666673779488,20.10989761352539
488,0.48848849534988403,59.07540512084961,-0.000351088703610003,-0.009369456209242344,19.688980102539062
489,0.48948949575424194,59.12553024291992,-0.0003503553452901542,-0.009547925554215908,20.231414794921875
490,0.49049049615859985,59.17570114135742,-0.0003402773290872574,-0.010190991684794426,22.124683380126953
491,0.49149149656295776,59.22591781616211,-0.0003352632629685104,-0.010561971925199032,23.209352493286133
492,0.4924924969673157,59.27616500854492,-0.0003436009865254164,-0.009913560934364796,21.276710510253906
493,0.4934934973716736,59.32646560668945,-0.0003433916426729411,-0.009779451414942741,20.847333908081055
494,0.4944944977760315,59.376800537109375,-0.000356077216565609,-0.008799099363386631,18.013708114624023
495,0.4954954981803894,59.427181243896484,-0.00034887000219896436,-0.00895340833812952,18.430997848510742
496,0.4964964985847473,59.47761154174805,-0.0003376509412191808,-0.009428166784346104,19.773174285888672
497,0.4974974989891052,59.528072357177734,-0.00033313065068796277,-0.009596215561032295,20.22394371032715
498,0.49849849939346313,59.57858657836914,-0.0003317209193482995,-0.00960640236735344,20.217906951904297
499,0.49949949979782104,59.62913513183594,-0.00032439883216284215,-0.010156026110053062,21.86844253540039
500,0.500500500202179,59.67972946166992,-0.00033789302688091993,-0.008965881541371346,18.263362884521484
501,0.5015015006065369,59.73036575317383,-0.00034270924516022205,-0.008458670228719711,16.78416633605957
502,0.5025025010108948,59.78105163574219,-0.00033275660825893283,-0.009120507165789604,18.778949737548828
503,0.5035035014152527,59.83177947998047,-0.00032616566750220954,-0.009504219517111778,20.054916381835938
504,0.5045045018196106,59.88254165649414,-0.00032078809454105794,-0.009982810355722904,21.69456672668457
505,0.5055055022239685,59.93335723876953,-0.0003214231401216239,-0.010040244087576866,22.004968643188477
506,0.5065065026283264,59.98421096801758,-0.00033343880204483867,-0.009122858755290508,19.3477783203125
507,0.5075075030326843,60.03510665893555,-0.00034396894625388086,-0.008304668590426445,17.07118797302246
508,0.5085085034370422,60.08604431152344,-0.0003384845331311226,-0.009140919893980026,19.598608016967773
509,0.5095095038414001,60.13703155517578,-0.0003282081161160022,-0.010158414021134377,22.672033309936523
510,0.5105105042457581,60.18806076049805,-0.0003256021300330758,-0.01071117166429758,24.38199806213379
511,0.511511504650116,60.2391242980957,-0.0003305032732896507,-0.010058071464300156,22.378768920898438
512,0.5125125050544739,60.29024124145508,-0.00032617730903439224,-0.010530157946050167,23.80238151550293
513,0.5135135054588318,60.341392517089844,-0.00032765677315182984,-0.01034007128328085,23.18305015563965
514,0.5145145058631897,60.39259719848633,-0.0003263961407355964,-0.010540774092078209,23.737865447998047
515,0.5155155062675476,60.44384002685547,-0.00032421009382233024,-0.01103994157165289,25.22940444946289
516,0.5165165066719055,60.495121002197266,-0.00032633484806865454,-0.01163465529680252,26.957340240478516
517,0.5175175070762634,60.54645538330078,-0.00033175572752952576,-0.012452677823603153,29.384321212768555
518,0.5185185074806213,60.59783172607422,-0.0003308616578578949,-0.012528534978628159,29.6379337310791
519,0.5195195078849792,60.64924621582031,-0.0003376966342329979,-0.013436445035040379,32.409027099609375
520,0.5205205082893372,60.700706481933594,-0.00033365527633577585,-0.0131722716614604,31.71420669555664
521,0.5215215086936951,60.75221252441406,-0.00033116075792349875,-0.013076815754175186,31.507638931274414
522,0.522522509098053,60.80376434326172,-0.0003367539029568434,-0.013797967694699764,33.724212646484375
523,0.5235235095024109,60.85535430908203,-0.00033241414348594844,-0.01342834159731865,32.71138381958008
524,0.5245245099067688,60.90699005126953,-0.00033541297307237983,-0.013860305771231651,34.0589485168457
525,0.5255255103111267,60.95866775512695,-0.00033888517646119,-0.014336693100631237,35.42538833618164
526,0.5265265107154846,61.01039123535156,-0.0003351524646859616,-0.013987568207085133,34.31785202026367
527,0.5275275111198425,61.06216049194336,-0.0003309657913632691,-0.013501998968422413,32.788055419921875
528,0.5285285115242004,61.11397171020508,-0.00033517900737933815,-0.014015143737196922,34.270931243896484
529,0.5295295119285583,61.165828704833984,-0.0003346470766700804,-0.013935171067714691,34.04811096191406
530,0.5305305123329163,61.21773147583008,-0.00033943314338102937,-0.014444812200963497,35.64406967163086
531,0.5315315127372742,61.26966857910156,-0.00034247670555487275,-0.014780883677303791,36.752159118652344
532,0.5325325131416321,61.3216552734375,-0.00034619669895619154,-0.015178738161921501,38.075138092041016
533,0.53353351354599,61.373695373535156,-0.00033638993045315146,-0.01406676322221756,34.980655670166016
534,0.5345345139503479,61.4257698059082,-0.0003303649427834898,-0.01324161421507597,32.627296447753906
535,0.5355355143547058,61.47788619995117,-0.00034264769055880606,-0.01452428475022316,36.446170806884766
536,0.5365365147590637,61.530052185058594,-0.00034117858740501106,-0.014111507683992386,35.20364761352539
537,0.5375375151634216,61.5822639465332,-0.0003410428762435913,-0.013779067434370518,34.09370040893555
538,0.5385385155677795,61.63451385498047,-0.000339522521244362,-0.01334439218044281,32.7442512512207
539,0.5395395755767822,61.68681716918945,-0.0003371464554220438,-0.012855462729930878,31.287485122680664
540,0.5405405759811401,61.73915481567383,-0.00033396639628335834,-0.012335714884102345,29.74982452392578
541,0.541541576385498,61.791542053222656,-0.00033407751470804214,-0.012839865870773792,31.305904388427734
542,0.542542576789856,61.843971252441406,-0.00033089020871557295,-0.012393346056342125,29.995162963867188
543,0.5435435771942139,61.89645004272461,-0.00032983647543005645,-0.011798692867159843,28.207015991210938
544,0.5445445775985718,61.94896697998047,-0.0003293207846581936,-0.012422710657119751,30.088539123535156
545,0.5455455780029297,62.001529693603516,-0.00033085019094869494,-0.01338625606149435,33.01636505126953
546,0.5465465784072876,62.05413818359375,-0.00032934604678303003,-0.01306982059031725,32.018802642822266
547,0.5475475788116455,62.10679244995117,-0.00033043112489394844,-0.01311427354812622,32.08955764770508
548,0.5485485792160034,62.159488677978516,-0.0003324592544231564,-0.012786554172635078,31.03080940246582
549,0.5495495796203613,62.21223068237305,-0.00033354636980220675,-0.01346510834991932,32.99761199951172
550,0.5505505800247192,62.26502227783203,-0.0003356829402036965,-0.014134199358522892,34.91473388671875
551,0.5515515804290771,62.31785202026367,-0.00033772370079532266,-0.013818149454891682,33.89234161376953
552,0.5525525808334351,62.3707275390625,-0.0003404530871193856,-0.013446997851133347,32.76766586303711
553,0.553553581237793,62.42365264892578,-0.0003412261139601469,-0.013820739462971687,33.94217300415039
554,0.5545545816421509,62.476619720458984,-0.00034091115230694413,-0.013844656758010387,34.12994384765625
555,0.5555555820465088,62.52962875366211,-0.0003422998997848481,-0.012578853406012058,30.574127197265625
556,0.5565565824508667,62.58268737792969,-0.0003402536385692656,-0.012140534818172455,29.43340492248535
557,0.5575575828552246,62.63578796386719,-0.0003357786044944078,-0.011958776973187923,29.032358169555664
558,0.5585585832595825,62.688934326171875,-0.00033410696778446436,-0.011035888455808163,26.434104919433594
559,0.5595595836639404,62.74212646484375,-0.00032463233219459653,-0.011667014099657536,28.520105361938477
560,0.5605605840682983,62.79536437988281,-0.0003184692468494177,-0.011747979559004307,28.934154510498047
561,0.5615615844726562,62.8486442565918,-0.00031485717045143247,-0.01145362202078104,28.161603927612305
562,0.5625625848770142,62.901973724365234,-0.0003170962445437908,-0.010452399030327797,25.077878952026367
563,0.5635635852813721,62.955345153808594,-0.0003133388527203351,-0.011524862609803677,28.5754451751709
564,0.56456458568573,63.008766174316406,-0.0003133713616989553,-0.011472336947917938,28.483898162841797
565,0.5655655860900879,63.062225341796875,-0.00031478836899623275,-0.011857337318360806,29.750473022460938
566,0.5665665864944458,63.11573791503906,-0.000318000849802047,-0.010940903797745705,26.933609008789062
567,0.5675675868988037,63.16929244995117,-0.0003229773719795048,-0.010462167672812939,25.584327697753906
568,0.5685685873031616,63.2228889465332,-0.0003246437991037965,-0.01079489290714264,26.67462158203125
569,0.5695695877075195,63.27653503417969,-0.0003243946994189173,-0.01191385556012392,30.077157974243164
570,0.5705705881118774,63.33022689819336,-0.00032917482894845307,-0.012991782277822495,33.21117401123047
571,0.5715715885162354,63.38396072387695,-0.00033866381272673607,-0.014411833137273788,37.292232513427734
572,0.5725725889205933,63.437744140625,-0.00034768672776408494,-0.015599149279296398,40.66361618041992
573,0.5735735893249512,63.4915657043457,-0.00034987268736585975,-0.01577700302004814,41.11328887939453
574,0.5745745897293091,63.545440673828125,-0.0003502356121316552,-0.015689516440033913,40.9010009765625
575,0.575575590133667,63.599361419677734,-0.0003424852038733661,-0.014511915855109692,37.65391540527344
576,0.5765765905380249,63.65332794189453,-0.00033998029539361596,-0.014284277334809303,37.256046295166016
577,0.5775775909423828,63.707332611083984,-0.00033490225905552506,-0.01377763319760561,36.04008483886719
578,0.5785785913467407,63.761390686035156,-0.0003229245194233954,-0.012617137283086777,32.76885223388672
579,0.5795795917510986,63.815494537353516,-0.00032076460774987936,-0.012533637695014477,32.70948791503906
580,0.5805805921554565,63.8696403503418,-0.0003235979238525033,-0.012950294651091099,34.127140045166016
581,0.5815815925598145,63.92383575439453,-0.00032063963590189815,-0.012757569551467896,33.54032516479492
582,0.5825825929641724,63.97807693481445,-0.0003161522326990962,-0.012127486988902092,31.48221778869629
583,0.5835835933685303,64.03236389160156,-0.0003181770443916321,-0.012004931457340717,30.939739227294922
584,0.5845845937728882,64.0866928100586,-0.0003243583196308464,-0.012872807681560516,33.41492462158203
585,0.5855855941772461,64.14107513427734,-0.00033103604800999165,-0.014078459702432156,36.84736251831055
586,0.586586594581604,64.19549560546875,-0.0003300358075648546,-0.013851985335350037,36.046024322509766
587,0.5875875949859619,64.24996948242188,-0.0003261117381043732,-0.012676030397415161,32.48929214477539
588,0.5885885953903198,64.30448150634766,-0.0003258885408286005,-0.012537699192762375,32.16381072998047
589,0.5895895957946777,64.35903930664062,-0.0003239739453420043,-0.011888537555932999,30.358064651489258
590,0.5905905961990356,64.41365814208984,-0.0003223196545150131,-0.011782098561525345,30.24074935913086
591,0.5915915966033936,64.46830749511719,-0.0003205680113751441,-0.012001687660813332,31.15382957458496
592,0.5925925970077515,64.52301025390625,-0.00031874291016720235,-0.011427551507949829,29.57513427734375
593,0.5935935974121094,64.5777587890625,-0.0003209191490896046,-0.012106643058359623,31.877120971679688
594,0.5945945978164673,64.63255310058594,-0.00032051256857812405,-0.011370917782187462,29.711137771606445
595,0.5955955982208252,64.68739318847656,-0.00031882862094789743,-0.011223504319787025,29.337133407592773
596,0.5965965986251831,64.74227905273438,-0.0003149161930195987,-0.011365088634192944,29.88843536376953
597,0.597597599029541,64.7972183227539,-0.00031276047229766846,-0.012139175087213516,32.59082794189453
598,0.5985985994338989,64.8521957397461,-0.0003060543676838279,-0.011513450182974339,30.8435115814209
599,0.5995995998382568,64.9072265625,-0.0003071606915909797,-0.011983628384768963,32.5429801940918
600,0.6006006002426147,64.96229553222656,-0.00030537156271748245,-0.011736799031496048,31.709348678588867
601,0.6016016006469727,65.01741790771484,-0.00031377747654914856,-0.012557577341794968,34.135337829589844
602,0.6026026010513306,65.07258605957031,-0.00031640654196962714,-0.012709025293588638,34.2889404296875
603,0.6036036014556885,65.12779998779297,-0.00032132863998413086,-0.01326258759945631,35.77469253540039
604,0.6046046018600464,65.18305969238281,-0.0003243585815653205,-0.013817439787089825,37.32851791381836
605,0.6056056022644043,65.23836517333984,-0.0003213936579413712,-0.013619564473628998,36.73747253417969
606,0.6066066026687622,65.2937240600586,-0.00032174887019209564,-0.013993615284562111,37.96449279785156
607,0.6076076030731201,65.34912872314453,-0.00032065907726064324,-0.014181177131831646,38.626590728759766
608,0.608608603477478,65.40457916259766,-0.00031961416243575513,-0.014316330663859844,39.140933990478516
609,0.6096096038818359,65.46007537841797,-0.00032316596480086446,-0.015086948871612549,41.629127502441406
610,0.6106106042861938,65.51561737060547,-0.00032259192084893584,-0.01519651710987091,42.10234451293945
611,0.6116116046905518,65.57120513916016,-0.00032067258143797517,-0.015118141658604145,42.08423614501953
612,0.6126126050949097,65.62684631347656,-0.00032535172067582607,-0.01609853096306324,45.315921783447266
613,0.6136136054992676,65.68252563476562,-0.0003224809479434043,-0.0158988106995821,44.81686782836914
614,0.6146146059036255,65.7382583618164,-0.00032213228405453265,-0.01595383509993553,45.050045013427734
615,0.6156156063079834,65.79403686523438,-0.000322966487146914,-0.01618228666484356,45.80791473388672
616,0.6166166067123413,65.84986877441406,-0.00032184322481043637,-0.015991684049367905,45.24874496459961
617,0.6176176071166992,65.9057388305664,-0.00032099010422825813,-0.01576334610581398,44.512367248535156
618,0.6186186075210571,65.96166229248047,-0.00031959766056388617,-0.015463181771337986,43.52408981323242
619,0.619619607925415,66.01763153076172,-0.0003171951393596828,-0.01487522479146719,41.61514663696289
620,0.620620608329773,66.07364654541016,-0.0003211796865798533,-0.0156390480697155,43.911170959472656
621,0.6216216087341309,66.12971496582031,-0.0003220004145987332,-0.015751171857118607,44.14955139160156
622,0.6226226091384888,66.18582916259766,-0.00032069504959508777,-0.015415703877806664,42.9575309753418
623,0.6236236095428467,66.24198150634766,-0.00032181345159187913,-0.015650492161512375,43.5489616394043
624,0.6246246099472046,66.29818725585938,-0.00032152218045666814,-0.015568220056593418,43.21989440917969
625,0.6256256103515625,66.35443878173828,-0.0003220021026208997,-0.015885228291153908,44.24647903442383
626,0.6266266107559204,66.4107437133789,-0.000322017353028059,-0.015911102294921875,44.36735153198242
627,0.6276276111602783,66.46709442138672,-0.0003266231797169894,-0.0176375824958086,49.78482437133789
628,0.6286286115646362,66.52349090576172,-0.0003261594974901527,-0.017383215948939323,49.085357666015625
629,0.6296296119689941,66.57994079589844,-0.000329457048792392,-0.018076827749609947,51.291847229003906
630,0.630630612373352,66.63642883300781,-0.0003310958272777498,-0.018262743949890137,51.956077575683594
631,0.63163161277771,66.6929702758789,-0.000332439347403124,-0.018332399427890778,52.243186950683594
632,0.6326326131820679,66.74955749511719,-0.000332120805978775,-0.018199771642684937,51.9739990234375
633,0.6336336135864258,66.80619812011719,-0.0003316893125884235,-0.01818602904677391,52.081520080566406
634,0.6346346139907837,66.86288452148438,-0.0003232378512620926,-0.016493098810315132,47.016117095947266
635,0.6356356143951416,66.91961669921875,-0.0003244517429266125,-0.016899803653359413,48.339473724365234
636,0.6366366147994995,66.97640228271484,-0.00032406754326075315,-0.016914742067456245,48.51177978515625
637,0.6376376152038574,67.0332260131836,-0.0003285711572971195,-0.017660610377788544,50.947200775146484
638,0.6386386156082153,67.0901107788086,-0.000330607988871634,-0.017974721267819405,52.04458999633789
639,0.6396396160125732,67.14703369140625,-0.0003355424269102514,-0.01872243545949459,54.411216735839844
640,0.6406406164169312,67.20401000976562,-0.00032773771090433,-0.017782408744096756,51.68674087524414
641,0.6416416764259338,67.26103210449219,-0.00031417302670888603,-0.016051122918725014,46.49199295043945
642,0.6426426768302917,67.31810760498047,-0.0003108123491983861,-0.015705201774835587,45.58557891845703
643,0.6436436772346497,67.37522888183594,-0.0003079212037846446,-0.01546570099890232,45.10394287109375
644,0.6446446776390076,67.4323959350586,-0.0003046531928703189,-0.015110786072909832,44.236351013183594
645,0.6456456780433655,67.48960876464844,-0.0003092261031270027,-0.015974031761288643,47.32179641723633
646,0.6466466784477234,67.546875,-0.0003119726025033742,-0.01639500819146633,48.86264419555664
647,0.6476476788520813,67.60418701171875,-0.00030917045660316944,-0.01592302694916725,47.43706130981445
648,0.6486486792564392,67.66155242919922,-0.00030997590511105955,-0.015942106023430824,47.59443283081055
649,0.6496496796607971,67.71896362304688,-0.0003043998731300235,-0.014975720085203648,44.51858901977539
650,0.650650680065155,67.77642822265625,-0.0003059605660382658,-0.015333909541368484,45.707027435302734
651,0.6516516804695129,67.83393859863281,-0.000304841116303578,-0.015233737416565418,45.30341339111328
652,0.6526526808738708,67.89148712158203,-0.0003022582386620343,-0.014669065363705158,43.28778839111328
653,0.6536536812782288,67.9490966796875,-0.00030085525941103697,-0.014133263379335403,41.37713623046875
654,0.6546546816825867,68.00675201416016,-0.0003018614952452481,-0.014895498752593994,43.82981872558594
655,0.6556556820869446,68.064453125,-0.00030149269150570035,-0.014652496203780174,42.94367980957031
656,0.6566566824913025,68.1222152709961,-0.00030235323356464505,-0.014093659818172455,41.038848876953125
657,0.6576576828956604,68.18000793457031,-0.0003027561178896576,-0.014060916379094124,40.9528923034668
658,0.6586586833000183,68.23786163330078,-0.00030222442001104355,-0.014207398518919945,41.52557373046875
659,0.6596596837043762,68.29576110839844,-0.00030264281667768955,-0.013544777408242226,39.49908447265625
660,0.6606606841087341,68.35371398925781,-0.0003024568723049015,-0.0144801689311862,42.84391784667969
661,0.661661684513092,68.41171264648438,-0.00030176283325999975,-0.013856389559805393,41.07912063598633
662,0.66266268491745,68.46975708007812,-0.00030205637449398637,-0.013752608560025692,41.01417922973633
663,0.6636636853218079,68.5278549194336,-0.0003010264481417835,-0.013195207342505455,39.35448455810547
664,0.6646646857261658,68.58599853515625,-0.00030362268444150686,-0.013794122263789177,41.384952545166016
665,0.6656656861305237,68.64419555664062,-0.0003063115873374045,-0.014417474158108234,43.360260009765625
666,0.6666666865348816,68.70243835449219,-0.0003060968592762947,-0.014377949759364128,43.05497360229492
667,0.6676676869392395,68.76073455810547,-0.0003063322219531983,-0.01471141166985035,43.949710845947266
668,0.6686686873435974,68.81907653808594,-0.00030526830232702196,-0.014713595621287823,43.853797912597656
669,0.6696696877479553,68.87747192382812,-0.0003077465225942433,-0.015890885144472122,47.63026809692383
670,0.6706706881523132,68.9359130859375,-0.00031257676891982555,-0.017208632081747055,51.867286682128906
671,0.6716716885566711,68.9944076538086,-0.00031339636188931763,-0.017529955133795738,52.975074768066406
672,0.672672688961029,69.05294799804688,-0.0003118564491160214,-0.017263032495975494,52.270328521728516
673,0.673673689365387,69.11154174804688,-0.0003144522197544575,-0.017564717680215836,53.40892791748047
674,0.6746746897697449,69.17018127441406,-0.00031280278926715255,-0.017029335722327232,51.938358306884766
675,0.6756756901741028,69.22887420654297,-0.00031643532565794885,-0.01752970926463604,53.87443542480469
676,0.6766766905784607,69.2876205444336,-0.0003113987040705979,-0.016683897003531456,51.54476547241211
677,0.6776776909828186,69.34640502929688,-0.000312207848764956,-0.016801591962575912,52.21363830566406
678,0.6786786913871765,69.4052505493164,-0.0003119584289379418,-0.016683297231793404,52.0159797668457
679,0.6796796917915344,69.4641342163086,-0.00032365816878154874,-0.0186654943972826,58.36174392700195
680,0.6806806921958923,69.52307891845703,-0.000322612322634086,-0.018314743414521217,57.33743667602539
681,0.6816816926002502,69.58206939697266,-0.0003167811082676053,-0.017172321677207947,53.84115219116211
682,0.6826826930046082,69.64111328125,-0.0003166001697536558,-0.01731231063604355,54.384029388427734
683,0.6836836934089661,69.7001953125,-0.00031433155527338386,-0.017192192375659943,54.048622131347656
684,0.684684693813324,69.75934600830078,-0.0003115214640274644,-0.016879642382264137,53.03126907348633
685,0.6856856942176819,69.81852722167969,-0.0003096498257946223,-0.016783038154244423,52.643951416015625
686,0.6866866946220398,69.87776947021484,-0.00031418699654750526,-0.017882056534290314,56.06467819213867
687,0.6876876950263977,69.93706512451172,-0.00031711047631688416,-0.018591061234474182,58.19580841064453
688,0.6886886954307556,69.99640655517578,-0.00031271815532818437,-0.018110137432813644,56.58063888549805
689,0.6896896958351135,70.05580139160156,-0.0003181158099323511,-0.019313734024763107,60.44758605957031
690,0.6906906962394714,70.11524200439453,-0.0003113971615675837,-0.018645144999027252,58.530086517333984
691,0.6916916966438293,70.17473602294922,-0.00031187842250801623,-0.018991582095623016,59.808719635009766
692,0.6926926970481873,70.23428344726562,-0.0003150477132294327,-0.019398147240281105,61.17821502685547
693,0.6936936974525452,70.29387664794922,-0.00031343408045358956,-0.01870030350983143,58.963008880615234
694,0.6946946978569031,70.353515625,-0.00031484628561884165,-0.0183009821921587,57.613807678222656
695,0.695695698261261,70.41321563720703,-0.0003096036962233484,-0.01697564497590065,53.457740783691406
696,0.6966966986656189,70.47296142578125,-0.0003098541928920895,-0.017112167552113533,54.13581848144531
697,0.6976976990699768,70.53276062011719,-0.00030954304384067655,-0.017226312309503555,54.65559768676758
698,0.6986986994743347,70.59259796142578,-0.0003070688107982278,-0.016903642565011978,53.73477554321289
699,0.6996996998786926,70.65249633789062,-0.0003074765554629266,-0.017284298315644264,55.10361099243164
700,0.7007007002830505,70.71244812011719,-0.00030517170671373606,-0.017018258571624756,54.2764892578125
701,0.7017017006874084,70.77244567871094,-0.0003087748773396015,-0.018254250288009644,58.280723571777344
702,0.7027027010917664,70.83250427246094,-0.00030633382266387343,-0.017748722806572914,56.544525146484375
703,0.7037037014961243,70.8926010131836,-0.00030556085403077304,-0.017469115555286407,55.52848815917969
704,0.7047047019004822,70.95275115966797,-0.00030510639771819115,-0.01724984683096409,54.80339813232422
705,0.7057057023048401,71.0129623413086,-0.0003067676443606615,-0.017659906297922134,56.222660064697266
706,0.706706702709198,71.07321166992188,-0.0003049152437597513,-0.017001956701278687,54.20186233520508
707,0.7077077031135559,71.1335220336914,-0.0003051095991395414,-0.016928011551499367,54.125614166259766
708,0.7087087035179138,71.19387817382812,-0.0003025677870027721,-0.01604323834180832,51.43856430053711
709,0.7097097039222717,71.25428771972656,-0.00030258242622949183,-0.015975993126630783,51.382747650146484
710,0.7107107043266296,71.31475067138672,-0.0003046515048481524,-0.016357194632291794,52.71421813964844
711,0.7117117047309875,71.37525939941406,-0.0003077941364608705,-0.016949879005551338,54.65290832519531
712,0.7127127051353455,71.4358139038086,-0.0003094459534622729,-0.01744231954216957,56.347129821777344
713,0.7137137055397034,71.4964370727539,-0.00030775860068388283,-0.017420990392565727,56.471717834472656
714,0.7147147059440613,71.55709838867188,-0.0003031836822628975,-0.01664300449192524,54.03850173950195
715,0.7157157063484192,71.61781311035156,-0.0003026511985808611,-0.016992338001728058,55.185203552246094
716,0.7167167067527771,71.67858123779297,-0.0003009421343449503,-0.01711553893983364,55.60210418701172
717,0.717717707157135,71.7394027709961,-0.00029793253634124994,-0.01673583872616291,54.28941345214844
718,0.7187187075614929,71.8002700805664,-0.0003008935018442571,-0.01758895255625248,56.98966598510742
719,0.7197197079658508,71.86119842529297,-0.00030539126601070166,-0.01856374554336071,59.924774169921875
720,0.7207207083702087,71.92217254638672,-0.0003044486220460385,-0.018351294100284576,58.977325439453125
721,0.7217217087745667,71.98320007324219,-0.0002988296328112483,-0.017123853787779808,54.780784606933594
722,0.7227227091789246,72.04427337646484,-0.00029970071045681834,-0.017351174727082253,55.4805793762207
723,0.7237237095832825,72.10540771484375,-0.0002988144406117499,-0.017156094312667847,54.87080764770508
724,0.7247247099876404,72.16658782958984,-0.00029664713656529784,-0.016809500753879547,53.855587005615234
725,0.7257257103919983,72.22782135009766,-0.0002935270022135228,-0.01622048206627369,52.079166412353516
726,0.7267267107963562,72.28910827636719,-0.0002945657470263541,-0.01701696775853634,55.06480026245117
727,0.7277277112007141,72.3504409790039,-0.000294163532089442,-0.017308957874774933,56.306236267089844
728,0.728728711605072,72.41183471679688,-0.0002938426623586565,-0.017521699890494347,57.28679656982422
729,0.7297297120094299,72.47327423095703,-0.00029701879248023033,-0.018595343455672264,61.17110824584961
730,0.7307307124137878,72.53477478027344,-0.00029445314430631697,-0.017780225723981857,58.56687927246094
731,0.7317317128181458,72.59632110595703,-0.00029721989994868636,-0.01851690001785755,61.096004486083984
732,0.7327327132225037,72.65791320800781,-0.00029863475356251,-0.019038494676351547,62.87942886352539
733,0.7337337136268616,72.71956634521484,-0.0002964940504170954,-0.018744155764579773,61.97261047363281
734,0.7347347140312195,72.78126525878906,-0.0002940491831395775,-0.018478140234947205,61.14152526855469
735,0.7357357144355774,72.84302520751953,-0.00029448303394019604,-0.01897864043712616,62.87745666503906
736,0.7367367148399353,72.90483093261719,-0.00029085660935379565,-0.018422715365886688,61.02006530761719
737,0.7377377152442932,72.96669006347656,-0.0002913082716986537,-0.018832188099622726,62.42045211791992
738,0.7387387156486511,73.02860260009766,-0.00029258549329824746,-0.01940690539777279,64.50580596923828
739,0.739739716053009,73.09056854248047,-0.00030317564960569143,-0.021837962791323662,72.83578491210938
740,0.7407407164573669,73.152587890625,-0.0003015193797182292,-0.021538661792874336,72.11422729492188
741,0.7417417168617249,73.21465301513672,-0.00030167101067490876,-0.021512631326913834,72.28781127929688
742,0.7427427172660828,73.27677917480469,-0.00029961206018924713,-0.020863404497504234,70.32078552246094
743,0.7437437772750854,73.33895874023438,-0.00029990181792527437,-0.020569775253534317,69.56183624267578
744,0.7447447776794434,73.40119171142578,-0.00030547817004844546,-0.02139141783118248,72.42082977294922
745,0.7457457780838013,73.46347045898438,-0.0003063103067688644,-0.02147487923502922,72.85967254638672
746,0.7467467784881592,73.52580261230469,-0.0003047770296689123,-0.021242260932922363,72.25526428222656
747,0.7477477788925171,73.58819580078125,-0.0003085954813286662,-0.022313764318823814,75.91322326660156
748,0.748748779296875,73.65062713623047,-0.0003080847964156419,-0.022566787898540497,76.88082885742188
749,0.7497497797012329,73.71311950683594,-0.00030853709904477,-0.02295631170272827,78.16242218017578
750,0.7507507801055908,73.77567291259766,-0.00031098147155717015,-0.023764055222272873,80.6353759765625
751,0.7517517805099487,73.83826446533203,-0.0003120542678516358,-0.023999448865652084,81.11308288574219
752,0.7527527809143066,73.90092468261719,-0.0003145658120047301,-0.0243705864995718,81.89688110351562
753,0.7537537813186646,73.963623046875,-0.0003119010361842811,-0.023237798362970352,77.97119140625
754,0.7547547817230225,74.02638244628906,-0.00031213252805173397,-0.023255808278918266,78.0147476196289
755,0.7557557821273804,74.08919525146484,-0.0003074047272093594,-0.022531356662511826,76.00762939453125
756,0.7567567825317383,74.15206146240234,-0.00030851876363158226,-0.023026173934340477,77.96646881103516
757,0.7577577829360962,74.21498107910156,-0.0003087429504375905,-0.02338874712586403,79.51081085205078
758,0.7587587833404541,74.2779541015625,-0.00030511594377458096,-0.022585762664675713,77.20258331298828
759,0.759759783744812,74.34097290039062,-0.0003059905138798058,-0.022752730175852776,77.92628479003906
760,0.7607607841491699,74.404052734375,-0.0003049202205147594,-0.022368870675563812,76.77351379394531
761,0.7617617845535278,74.4671859741211,-0.0003061131574213505,-0.022901974618434906,78.65794372558594
762,0.7627627849578857,74.53038024902344,-0.00030502857407554984,-0.023345202207565308,80.38458251953125
763,0.7637637853622437,74.59361267089844,-0.0002993227099068463,-0.022300541400909424,77.21587371826172
764,0.7647647857666016,74.65690612792969,-0.00029802462086081505,-0.022543996572494507,78.27220153808594
765,0.7657657861709595,74.72025299072266,-0.0002951630740426481,-0.022173481062054634,77.22364044189453
766,0.7667667865753174,74.78365325927734,-0.0002958630211651325,-0.022665148600935936,79.0337142944336
767,0.7677677869796753,74.84710693359375,-0.00029004536918364465,-0.021701471880078316,75.86270904541016
768,0.7687687873840332,74.91061401367188,-0.00028839794686064124,-0.021884571760892868,76.6308364868164
769,0.7697697877883911,74.97418212890625,-0.0002853225450962782,-0.021525852382183075,75.42009735107422
770,0.770770788192749,75.03779602050781,-0.00028853389085270464,-0.022159798070788383,77.55734252929688
771,0.7717717885971069,75.1014633178711,-0.000289804651401937,-0.022134097293019295,77.26042938232422
772,0.7727727890014648,75.1651840209961,-0.0002932824718300253,-0.022527357563376427,78.38243103027344
773,0.7737737894058228,75.22896575927734,-0.00029608714976347983,-0.022744856774806976,78.8186264038086
774,0.7747747898101807,75.29280090332031,-0.00029767033993266523,-0.023450791835784912,81.18513488769531
775,0.7757757902145386,75.35668182373047,-0.0002954781230073422,-0.023421555757522583,81.23323059082031
776,0.7767767906188965,75.42062377929688,-0.00029322755290195346,-0.02348124235868454,81.67326354980469
777,0.7777777910232544,75.484619140625,-0.0002910052426159382,-0.023326776921749115,81.36068725585938
778,0.7787787914276123,75.54866790771484,-0.0002878492814488709,-0.022748973220586777,79.68815612792969
779,0.7797797918319702,75.6127700805664,-0.000285873597022146,-0.022220510989427567,78.00910949707031
780,0.7807807922363281,75.67693328857422,-0.00028617214411497116,-0.022524379193782806,79.18352508544922
781,0.781781792640686,75.74114227294922,-0.0002844241098500788,-0.0216213446110487,76.1673355102539
782,0.782782793045044,75.80540466308594,-0.00028264516731724143,-0.02064989134669304,72.884033203125
783,0.7837837934494019,75.8697280883789,-0.0002848228032235056,-0.021097641438245773,74.60299682617188
784,0.7847847938537598,75.9341049194336,-0.0002821695525199175,-0.020024199038743973,71.02904510498047
785,0.7857857942581177,75.99853515625,-0.00027973466785624623,-0.01935998536646366,68.87938690185547
786,0.7867867946624756,76.06301879882812,-0.0002771749859675765,-0.01872667670249939,66.74751281738281
787,0.7877877950668335,76.1275634765625,-0.00027269573183730245,-0.017117919400334358,60.94455337524414
788,0.7887887954711914,76.19215393066406,-0.00027201740886084735,-0.017091965302824974,60.829837799072266
789,0.7897897958755493,76.25680541992188,-0.00027133472030982375,-0.017233477905392647,61.337947845458984
790,0.7907907962799072,76.3215103149414,-0.00026829756097868085,-0.01656418852508068,58.94515609741211
791,0.7917917966842651,76.38626861572266,-0.0002652168623171747,-0.016037464141845703,57.169586181640625
792,0.792792797088623,76.45108032226562,-0.00026376472669653594,-0.01622908189892769,58.132843017578125
793,0.793793797492981,76.51595306396484,-0.0002652974799275398,-0.017225487157702446,62.138832092285156
794,0.7947947978973389,76.58087921142578,-0.0002626247296575457,-0.016731882467865944,60.50869369506836
795,0.7957957983016968,76.64585876464844,-0.00026434147730469704,-0.01739347167313099,63.24896240234375
796,0.7967967987060547,76.71089172363281,-0.0002664576459210366,-0.01790064387023449,65.349853515625
797,0.7977977991104126,76.7759780883789,-0.0002649948582984507,-0.017338760197162628,63.386653900146484
798,0.7987987995147705,76.84112548828125,-0.00026401624199934304,-0.016922617331147194,62.033748626708984
799,0.7997997999191284,76.90632629394531,-0.000264178728684783,-0.016805091872811317,61.80704879760742
800,0.8008008003234863,76.97157287597656,-0.00026728567900136113,-0.017454734072089195,64.43614196777344
801,0.8018018007278442,77.03689575195312,-0.00026658549904823303,-0.016873732209205627,62.390159606933594
802,0.8028028011322021,77.10225677490234,-0.00027034161030314863,-0.017668604850769043,65.37970733642578
803,0.8038038015365601,77.16767883300781,-0.0002673347480595112,-0.016355885192751884,60.48612594604492
804,0.804804801940918,77.233154296875,-0.00026756132137961686,-0.016100862994790077,59.48576354980469
805,0.8058058023452759,77.29869079589844,-0.0002653850824572146,-0.01512699481099844,55.72873306274414
806,0.8068068027496338,77.36427307128906,-0.0002661612525116652,-0.015368337742984295,56.50542068481445
807,0.8078078031539917,77.42991638183594,-0.0002655181160662323,-0.015393958427011967,56.503135681152344
808,0.8088088035583496,77.49562072753906,-0.0002654253621585667,-0.01576630398631096,57.88821029663086
809,0.8098098039627075,77.56137084960938,-0.00026421883376315236,-0.015741122886538506,57.917903900146484
810,0.8108108043670654,77.62718963623047,-0.0002619838051032275,-0.015252174809575081,56.28136444091797
811,0.8118118047714233,77.69306182861328,-0.0002608670911286026,-0.015045526437461376,55.721595764160156
812,0.8128128051757812,77.75897979736328,-0.00026046301354654133,-0.015023968182504177,55.80665588378906
813,0.8138138055801392,77.82495880126953,-0.0002590716758277267,-0.01421790849417448,52.83647537231445
814,0.8148148059844971,77.8909912109375,-0.00026078743394464254,-0.014896961860358715,55.52297592163086
815,0.815815806388855,77.95708465576172,-0.0002630802628118545,-0.01575325056910515,58.77317428588867
816,0.8168168067932129,78.02323150634766,-0.0002628321817610413,-0.0154582429677248,57.641754150390625
817,0.8178178071975708,78.08943176269531,-0.00026295537827536464,-0.015456236898899078,57.73283386230469
818,0.8188188076019287,78.15569305419922,-0.000262489658780396,-0.015100013464689255,56.54024887084961
819,0.8198198080062866,78.22200775146484,-0.0002630599192343652,-0.015622468665242195,58.75513458251953
820,0.8208208084106445,78.28837585449219,-0.00026349042309448123,-0.016043707728385925,60.48505783081055
821,0.8218218088150024,78.35481262207031,-0.0002632089890539646,-0.01628107577562332,61.48076629638672
822,0.8228228092193604,78.4212875366211,-0.00026197556871920824,-0.016151634976267815,61.05531692504883
823,0.8238238096237183,78.48783874511719,-0.0002600297739263624,-0.015785979107022285,59.72649002075195
824,0.8248248100280762,78.55442810058594,-0.0002579617721494287,-0.015267068520188332,57.78757858276367
825,0.8258258104324341,78.62108612060547,-0.00025715178344398737,-0.015255086123943329,57.821693420410156
826,0.826826810836792,78.68779754638672,-0.00025860778987407684,-0.01610856130719185,61.16286087036133
827,0.8278278112411499,78.75455474853516,-0.00025587069103494287,-0.015275178477168083,57.91441345214844
828,0.8288288116455078,78.82138061523438,-0.00025494483998045325,-0.015569612383842468,59.224571228027344
829,0.8298298120498657,78.88825988769531,-0.00025141058722510934,-0.014825916849076748,56.54756164550781
830,0.8308308124542236,78.9552001953125,-0.0002497043751645833,-0.014830747619271278,56.78879165649414
831,0.8318318128585815,79.02220153808594,-0.0002497150271665305,-0.01557080913335085,59.947593688964844
832,0.8328328132629395,79.08924865722656,-0.00024852744536474347,-0.015806259587407112,61.11932373046875
833,0.8338338136672974,79.15635681152344,-0.00024955603294074535,-0.01652212254703045,64.23628997802734
834,0.8348348140716553,79.22352600097656,-0.00024723238311707973,-0.016153942793607712,62.980464935302734
835,0.8358358144760132,79.29074096679688,-0.00024284749815706164,-0.015092193149030209,58.945396423339844
836,0.8368368148803711,79.35801696777344,-0.00024066446349024773,-0.014461356215178967,56.51957321166992
837,0.837837815284729,79.42535400390625,-0.00024281826335936785,-0.014994542114436626,58.70088195800781
838,0.8388388156890869,79.49275207519531,-0.0002393080503679812,-0.013927197083830833,54.08070373535156
839,0.8398398160934448,79.56019592285156,-0.0002398956858087331,-0.014058077707886696,54.44964599609375
840,0.8408408164978027,79.62770080566406,-0.0002462217817083001,-0.016250092536211014,63.38655090332031
841,0.8418418169021606,79.69527435302734,-0.00024334962654393166,-0.01533109974116087,59.61406707763672
842,0.8428428173065186,79.76288604736328,-0.00024383689742535353,-0.015461263246834278,60.204654693603516
843,0.8438438177108765,79.83056640625,-0.000243995658820495,-0.015411270782351494,60.1003303527832
844,0.8448448181152344,79.89830780029297,-0.00024410239711869508,-0.015328620560467243,59.887939453125
845,0.8458458185195923,79.96610260009766,-0.0002460285904817283,-0.015947483479976654,62.539794921875
846,0.846846878528595,80.0339584350586,-0.000246746523771435,-0.01615721546113491,63.51526641845703
847,0.8478478789329529,80.10186004638672,-0.0002455440117046237,-0.01603318564593792,63.17951965332031
848,0.8488488793373108,80.16983032226562,-0.0002430198946967721,-0.015574675984680653,61.438114166259766
849,0.8498498797416687,80.23786163330078,-0.0002405664708930999,-0.015085539780557156,59.538917541503906
850,0.8508508801460266,80.30593872070312,-0.00023925173445604742,-0.014098113402724266,55.468955993652344
851,0.8518518805503845,80.37407684326172,-0.00024192294222302735,-0.01351703517138958,53.11476516723633
852,0.8528528809547424,80.44227600097656,-0.00024207992828451097,-0.014093304984271526,55.56918716430664
853,0.8538538813591003,80.51052856445312,-0.0002474212960805744,-0.013362153433263302,52.52323913574219
854,0.8548548817634583,80.57884216308594,-0.0002514524385333061,-0.013079183176159859,51.35832214355469
855,0.8558558821678162,80.647216796875,-0.0002518896944820881,-0.01336237695068121,52.45576095581055
856,0.8568568825721741,80.71565246582031,-0.0002549978089518845,-0.01287081092596054,50.52523422241211
857,0.857857882976532,80.78413391113281,-0.00025347521295771003,-0.013103672303259373,51.445556640625
858,0.8588588833808899,80.8526840209961,-0.0002513053477741778,-0.013323360122740269,52.35498809814453
859,0.8598598837852478,80.92127990722656,-0.00024980073794722557,-0.013214378617703915,51.98136901855469
860,0.8608608841896057,80.98995208740234,-0.00024934764951467514,-0.012736360542476177,50.14018630981445
861,0.8618618845939636,81.05866241455078,-0.0002469102037139237,-0.012865070253610611,50.717166900634766
862,0.8628628849983215,81.12744903564453,-0.00024379821843467653,-0.013327732682228088,52.68798065185547
863,0.8638638854026794,81.19628143310547,-0.0002464880235493183,-0.012440742924809456,49.08495330810547
864,0.8648648858070374,81.26518249511719,-0.0002464455319568515,-0.012196868658065796,48.052494049072266
865,0.8658658862113953,81.3341293334961,-0.00024660679628141224,-0.011756344698369503,46.27264404296875
866,0.8668668866157532,81.40314483642578,-0.00024594026035629213,-0.011519532650709152,45.374149322509766
867,0.8678678870201111,81.47222137451172,-0.00024195722653530538,-0.012507080100476742,49.604331970214844
868,0.868868887424469,81.54134368896484,-0.00024105451302602887,-0.01225885096937418,48.84051513671875
869,0.8698698878288269,81.61053466796875,-0.00024038895207922906,-0.011355544440448284,45.51677703857422
870,0.8708708882331848,81.6797866821289,-0.00023852875165175647,-0.011614644899964333,47.06144332885742
871,0.8718718886375427,81.74909210205078,-0.00023707063519395888,-0.011976974084973335,49.0540657043457
872,0.8728728890419006,81.81845092773438,-0.00023677345598116517,-0.011748642660677433,48.303565979003906
873,0.8738738894462585,81.88787078857422,-0.00023736373987048864,-0.01181480661034584,48.429222106933594
874,0.8748748898506165,81.95735931396484,-0.00023750498075969517,-0.012440972030162811,50.677398681640625
875,0.8758758902549744,82.02690887451172,-0.00023808424884919077,-0.01257514487951994,50.842342376708984
876,0.8768768906593323,82.09650421142578,-0.00023738722666166723,-0.013071412220597267,52.51380920410156
877,0.8778778910636902,82.1661605834961,-0.0002393504837527871,-0.01261224877089262,50.33930587768555
878,0.8788788914680481,82.23587799072266,-0.0002347806002944708,-0.013751919381320477,55.13572311401367
879,0.879879891872406,82.30565643310547,-0.00023304770002141595,-0.014105036854743958,56.904300689697266
880,0.8808808922767639,82.37548828125,-0.00023124762810766697,-0.014644545502960682,59.64205551147461
881,0.8818818926811218,82.44538116455078,-0.0002302717766724527,-0.014896590262651443,61.183616638183594
882,0.8828828930854797,82.51534271240234,-0.00023031691671349108,-0.014357366599142551,59.198387145996094
883,0.8838838934898376,82.58535766601562,-0.00023295165738090873,-0.013439632020890713,55.47527313232422
884,0.8848848938941956,82.65543365478516,-0.00023222094750963151,-0.014065024442970753,58.24848175048828
885,0.8858858942985535,82.72557067871094,-0.00023124524159356952,-0.014859582297503948,61.594356536865234
886,0.8868868947029114,82.7957534790039,-0.00023144675651565194,-0.014858726412057877,61.39763259887695
887,0.8878878951072693,82.86600494384766,-0.00023020713706500828,-0.015472184866666794,63.90503692626953
888,0.8888888955116272,82.93631744384766,-0.00022959451598580927,-0.01543779019266367,63.77313995361328
889,0.8898898959159851,83.00669860839844,-0.00022868055384606123,-0.015550323761999607,64.337158203125
890,0.890890896320343,83.0771255493164,-0.00022771349176764488,-0.016314266249537468,67.82180786132812
891,0.8918918967247009,83.14761352539062,-0.00022745954629499465,-0.016145993024110794,67.1256103515625
892,0.8928928971290588,83.21817016601562,-0.00022724908194504678,-0.01620394177734852,67.40963745117188
893,0.8938938975334167,83.28878021240234,-0.0002270585100632161,-0.01633615233004093,68.04520416259766
894,0.8948948979377747,83.35945129394531,-0.0002271386911161244,-0.016521913930773735,68.9547119140625
895,0.8958958983421326,83.43018341064453,-0.00022818846628069878,-0.017063086852431297,71.40091705322266
896,0.8968968987464905,83.5009765625,-0.00022935177548788488,-0.017181074246764183,72.00459289550781
897,0.8978978991508484,83.57182312011719,-0.0002305150992469862,-0.017144329845905304,72.00506591796875
898,0.8988988995552063,83.64273071289062,-0.0002312226570211351,-0.017125001177191734,72.15139770507812
899,0.8998998999595642,83.71370697021484,-0.00023107403831090778,-0.016775239259004593,70.7984390258789
900,0.9009009003639221,83.78473663330078,-0.00023166571918409318,-0.016905343160033226,71.43082427978516
901,0.90190190076828,83.85582733154297,-0.00023200514260679483,-0.016918113455176353,71.56854248046875
902,0.9029029011726379,83.9269790649414,-0.0002312217402504757,-0.016112124547362328,68.22631072998047
903,0.9039039015769958,83.99818420410156,-0.00023076764773577452,-0.016032932326197624,68.05168151855469
904,0.9049049019813538,84.06946563720703,-0.00022914393048267812,-0.015213250182569027,64.62374114990234
905,0.9059059023857117,84.14079284667969,-0.00022836611606180668,-0.015176239423453808,64.5090560913086
906,0.9069069027900696,84.21219635009766,-0.0002287179813720286,-0.014232167974114418,60.3495979309082
907,0.9079079031944275,84.28364562988281,-0.0002284003421664238,-0.014256379567086697,60.46532440185547
908,0.9089089035987854,84.35516357421875,-0.00022759102284908295,-0.014480581507086754,61.4340705871582
909,0.9099099040031433,84.42674255371094,-0.00022673259081784636,-0.014638998545706272,62.12603759765625
910,0.9109109044075012,84.49837493896484,-0.0002262294146930799,-0.014126486144959927,59.98762512207031
911,0.9119119048118591,84.57007598876953,-0.000224811868974939,-0.014448624104261398,61.5984992980957
912,0.912912905216217,84.64183044433594,-0.00022450581309385598,-0.013807201758027077,59.019832611083984
913,0.913913905620575,84.71365356445312,-0.0002235548890894279,-0.014133766293525696,60.697288513183594
914,0.9149149060249329,84.78553009033203,-0.00022307908511720598,-0.014026036486029625,60.40721130371094
915,0.9159159064292908,84.85746765136719,-0.00022227014414966106,-0.01409685704857111,60.91551971435547
916,0.9169169068336487,84.92947387695312,-0.00022165931295603514,-0.014226013794541359,61.70613098144531
917,0.9179179072380066,85.00153350830078,-0.00022126083786133677,-0.014345107600092888,62.504093170166016
918,0.9189189076423645,85.07366180419922,-0.0002210754028055817,-0.014696977101266384,64.40250396728516
919,0.9199199080467224,85.1458511352539,-0.00022073875879868865,-0.014707500115036964,64.78636169433594
920,0.9209209084510803,85.21809387207031,-0.00022051695850677788,-0.015135417692363262,67.02629852294922
921,0.9219219088554382,85.29039764404297,-0.0002204899792559445,-0.01566137932240963,69.6235122680664
922,0.9229229092597961,85.3627700805664,-0.00021879244013689458,-0.014563487842679024,64.75845336914062
923,0.923923909664154,85.43519592285156,-0.0002181020099669695,-0.01444685272872448,64.28093719482422
924,0.924924910068512,85.50769805908203,-0.00021712832676712424,-0.01399040874093771,62.23603439331055
925,0.9259259104728699,85.58024597167969,-0.0002164539764635265,-0.01345917396247387,59.84739303588867
926,0.9269269108772278,85.6528549194336,-0.00021604218636639416,-0.013154246844351292,58.466609954833984
927,0.9279279112815857,85.72554779052734,-0.00021561476751230657,-0.013177558779716492,58.63680648803711
928,0.9289289116859436,85.79827880859375,-0.00021647395624313504,-0.01422900427132845,63.59861755371094
929,0.9299299120903015,85.87108612060547,-0.00021602521883323789,-0.014028150588274002,62.71102523803711
930,0.9309309124946594,85.9439468383789,-0.00021645976812578738,-0.014560372568666935,65.25362396240234
931,0.9319319128990173,86.01686096191406,-0.00021553420810960233,-0.014504343271255493,65.13939666748047
932,0.9329329133033752,86.08985137939453,-0.00021347295842133462,-0.013795847073197365,61.99625778198242
933,0.9339339137077332,86.16289520263672,-0.00021371175535023212,-0.01461255457252264,65.9277114868164
934,0.9349349141120911,86.23600769042969,-0.0002120679710060358,-0.014174341224133968,63.93061828613281
935,0.935935914516449,86.3091812133789,-0.00021118228323757648,-0.014563286677002907,65.80274200439453
936,0.9369369149208069,86.38240814208984,-0.0002098934055538848,-0.013622120954096317,61.27638244628906
937,0.9379379153251648,86.45570373535156,-0.0002088441833620891,-0.013628119602799416,61.16511154174805
938,0.9389389157295227,86.52906799316406,-0.00020749005489051342,-0.013705098070204258,61.4196662902832
939,0.9399399161338806,86.60248565673828,-0.00020710435637738556,-0.013064349070191383,58.280738830566406
940,0.9409409165382385,86.67597198486328,-0.00020588087500073016,-0.013245094567537308,59.131080627441406
941,0.9419419169425964,86.74951171875,-0.00020635160035453737,-0.01261118147522211,56.09276580810547
942,0.9429429173469543,86.82312774658203,-0.00020645330369006842,-0.0125725157558918,55.92180252075195
943,0.9439439177513123,86.89679718017578,-0.0002080659760395065,-0.011721492744982243,51.84168243408203
944,0.9449449181556702,86.97053527832031,-0.00020707760995719582,-0.012787583284080029,57.023040771484375
945,0.9459459185600281,87.04431915283203,-0.0002082076098304242,-0.012029283680021763,53.48036575317383
946,0.946946918964386,87.11817932128906,-0.00020893158216495067,-0.01156407967209816,51.39274597167969
947,0.9479479193687439,87.19210052490234,-0.00020940239483024925,-0.011818508617579937,52.80418014526367
948,0.9489489793777466,87.2660903930664,-0.0002103405713569373,-0.011967315338551998,53.718318939208984
949,0.9499499797821045,87.34013366699219,-0.00021118493168614805,-0.011723509058356285,52.84790802001953
950,0.9509509801864624,87.41423797607422,-0.00021182210184633732,-0.011856287717819214,53.80997085571289
951,0.9519519805908203,87.48841094970703,-0.00021277964697219431,-0.01259054709225893,57.612850189208984
952,0.9529529809951782,87.56263732910156,-0.0002127460320480168,-0.01232055015861988,56.660499572753906
953,0.9539539813995361,87.6369400024414,-0.00021377624943852425,-0.013361978344619274,61.941566467285156
954,0.954954981803894,87.71129608154297,-0.00021360951359383762,-0.013157493434846401,61.37245559692383
955,0.955955982208252,87.78572845458984,-0.00021299978834576905,-0.012899434193968773,60.458168029785156
956,0.9569569826126099,87.86021423339844,-0.0002126595936715603,-0.013097024522721767,61.633121490478516
957,0.9579579830169678,87.93476104736328,-0.00020993247744627297,-0.0118417888879776,55.817874908447266
958,0.9589589834213257,88.0093765258789,-0.00021045577886980027,-0.012610310688614845,59.517112731933594
959,0.9599599838256836,88.08405303955078,-0.00021017227845732123,-0.013217191211879253,62.453495025634766
960,0.9609609842300415,88.1587905883789,-0.0002091247879434377,-0.012541440315544605,59.27482223510742
961,0.9619619846343994,88.23359680175781,-0.00020818239136133343,-0.011645244434475899,54.97358322143555
962,0.9629629850387573,88.30846405029297,-0.00020756838785018772,-0.011393968015909195,53.733760833740234
963,0.9639639854431152,88.38339233398438,-0.0002068500907626003,-0.01172917801886797,55.331172943115234
964,0.9649649858474731,88.45838165283203,-0.0002059990365523845,-0.012055677361786366,56.95652770996094
965,0.965965986251831,88.53343963623047,-0.00020530758774839342,-0.011768743395805359,55.64512252807617
966,0.966966986656189,88.60856628417969,-0.0002047654561465606,-0.011744542047381401,55.54241180419922
967,0.9679679870605469,88.68374633789062,-0.00020598848641384393,-0.010888790711760521,51.35940933227539
968,0.9689689874649048,88.75899505615234,-0.0002046312001766637,-0.011412345804274082,53.9196891784668
969,0.9699699878692627,88.83431243896484,-0.00020293708075769246,-0.01234470121562481,58.49184799194336
970,0.9709709882736206,88.90968322753906,-0.0002027495502261445,-0.012700682505965233,60.241355895996094
971,0.9719719886779785,88.98513793945312,-0.0002042051637545228,-0.012182952836155891,57.6771240234375
972,0.9729729890823364,89.06063842773438,-0.0002039691316895187,-0.012407275848090649,58.793636322021484
973,0.9739739894866943,89.13619995117188,-0.00020421537919901311,-0.012245426885783672,58.11662292480469
974,0.9749749898910522,89.21183776855469,-0.00020492836483754218,-0.011602322570979595,55.169189453125
975,0.9759759902954102,89.28753662109375,-0.00020479931845329702,-0.01127524022012949,53.733402252197266
976,0.9769769906997681,89.36328887939453,-0.00020462440443225205,-0.011330172419548035,54.066654205322266
977,0.977977991104126,89.43911743164062,-0.00020292472618166357,-0.012251448817551136,58.61552810668945
978,0.9789789915084839,89.5150146484375,-0.00020282078185118735,-0.012393128126859665,59.3104362487793
979,0.9799799919128418,89.59095764160156,-0.00020347602549009025,-0.012071645818650723,57.730831146240234
980,0.9809809923171997,89.66697692871094,-0.00020292794215492904,-0.013352125883102417,64.09945678710938
981,0.9819819927215576,89.7430648803711,-0.00020341287017799914,-0.01401389017701149,67.49108123779297
982,0.9829829931259155,89.81920623779297,-0.00020315995789133012,-0.013958267867565155,67.51112365722656
983,0.9839839935302734,89.89541625976562,-0.0002030289324466139,-0.01420528907328844,69.04724884033203
984,0.9849849939346313,89.97168731689453,-0.00020210945513099432,-0.013418051414191723,65.43010711669922
985,0.9859859943389893,90.04803466796875,-0.00020157828112132847,-0.012434358708560467,60.75847244262695
986,0.9869869947433472,90.12445068359375,-0.00020040455274283886,-0.012594908475875854,61.674129486083984
987,0.9879879951477051,90.20091247558594,-0.00019929022528231144,-0.012493125163018703,61.24745559692383
988,0.988988995552063,90.27745819091797,-0.00019847134535666555,-0.01185697689652443,58.12213897705078
989,0.9899899959564209,90.35404968261719,-0.00019773795793298632,-0.011912137269973755,58.48512268066406
990,0.9909909963607788,90.43071746826172,-0.0001973387406906113,-0.012086689472198486,59.51830291748047
991,0.9919919967651367,90.5074462890625,-0.00019738709670491517,-0.012265797704458237,60.6240234375
992,0.9929929971694946,90.58423614501953,-0.00019739574054256082,-0.011857777833938599,58.80582809448242
993,0.9939939975738525,90.6611099243164,-0.00019725185120478272,-0.011860238388180733,59.081993103027344
994,0.9949949979782104,90.73802947998047,-0.00019705877639353275,-0.012310435995459557,61.60005187988281
995,0.9959959983825684,90.81501770019531,-0.0001970315061043948,-0.011938205920159817,59.921180725097656
996,0.9969969987869263,90.89208221435547,-0.00019704175065271556,-0.012129217386245728,60.99339294433594
997,0.9979979991912842,90.96920013427734,-0.00019698863616213202,-0.012733099050819874,64.00149536132812
998,0.9989989995956421,91.04638671875,-0.00019756627443712205,-0.012399050407111645,62.17522430419922
999,1.0,91.12364959716797,-0.000198542169528082,-0.012303431518375874,61.52381896972656
