index,timestep,Diffusion_Coeff,Divergence,score,pos
0,0.0,39.05299377441406,-0.026888394728302956,0.04438512399792671,-2.3022255897521973
1,0.0010010009864345193,39.08612823486328,-0.02643408067524433,0.07809507101774216,-3.400010824203491
2,0.0020020019728690386,39.11929702758789,-0.024298354983329773,0.10166284441947937,-4.332246780395508
3,0.0030030030757188797,39.15248489379883,-0.01575358584523201,0.13471604883670807,-5.996726036071777
4,0.004004003945738077,39.185707092285156,-0.013125965371727943,0.13995440304279327,-6.380034923553467
5,0.005005004815757275,39.218955993652344,-0.00891890749335289,0.14526137709617615,-6.8646321296691895
6,0.006006006151437759,39.25223159790039,-0.022990116849541664,0.11019141972064972,-4.765194892883301
7,0.007007007021456957,39.28553771972656,-0.02546905353665352,0.09054306149482727,-3.923811912536621
8,0.008008007891476154,39.31887435913086,-0.026326943188905716,0.07607777416706085,-3.3219339847564697
9,0.009009009227156639,39.352237701416016,-0.018973499536514282,0.12246163934469223,-5.322725296020508
10,0.01001000963151455,39.38562774658203,-0.017059020698070526,0.12536577880382538,-5.562387943267822
11,0.011011010967195034,39.41904830932617,-0.008728785440325737,0.13679613173007965,-6.634105682373047
12,0.012012012302875519,39.452491760253906,0.0016635846113786101,0.1369287222623825,-7.870366096496582
13,0.013013012707233429,39.48596954345703,-0.007735034450888634,0.1283494085073471,-6.603072643280029
14,0.014014014042913914,39.51947021484375,0.0008134583476930857,0.12707845866680145,-7.801824569702148
15,0.015015014447271824,39.55300521850586,0.010055363178253174,0.1139182299375534,-9.160264015197754
16,0.01601601578295231,39.58656692504883,0.004438143223524094,0.11278580129146576,-8.429154396057129
17,0.01701701618731022,39.620155334472656,-0.0006526286015287042,0.1079883873462677,-7.545534133911133
18,0.018018018454313278,39.653770446777344,0.005113809835165739,0.1010168120265007,-8.68644905090332
19,0.01901901885867119,39.68742370605469,0.02268907055258751,0.05663445591926575,-11.679022789001465
20,0.0200200192630291,39.721092224121094,0.02676904946565628,0.020084738731384277,-13.144064903259277
21,0.021021021530032158,39.754798889160156,0.020065460354089737,0.05578526109457016,-11.652453422546387
22,0.022022021934390068,39.78852844238281,0.02183496206998825,0.042839981615543365,-12.228599548339844
23,0.023023022338747978,39.82229232788086,0.022466490045189857,0.03227067366242409,-12.668554306030273
24,0.024024024605751038,39.8560791015625,0.023714540526270866,-0.003468441544100642,-14.168741226196289
25,0.025025025010108948,39.889896392822266,0.01063741184771061,-0.06050829589366913,-17.349369049072266
26,0.026026025414466858,39.92374801635742,0.01193036139011383,-0.05309176445007324,-16.93339729309082
27,0.027027025818824768,39.95762252807617,0.013095656409859657,-0.04502216726541519,-16.456802368164062
28,0.028028028085827827,39.99152755737305,0.01728065125644207,-0.021621553227305412,-14.986421585083008
29,0.029029028490185738,40.02545928955078,0.017087556421756744,0.023379400372505188,-12.443521499633789
30,0.030030028894543648,40.05942153930664,0.017441436648368835,0.015428890474140644,-12.802276611328125
31,0.031031031161546707,40.093414306640625,0.015663636848330498,0.025947589427232742,-12.090250968933105
32,0.03203203156590462,40.1274299621582,0.015119800344109535,0.026165300980210304,-12.051794052124023
33,0.03303303197026253,40.16147994995117,0.014185162261128426,0.029199151322245598,-11.85704231262207
34,0.03403403237462044,40.195556640625,0.013638187199831009,0.030251961201429367,-11.794389724731445
35,0.03503503277897835,40.22966384887695,0.015802329406142235,0.010716777294874191,-13.114161491394043
36,0.036036036908626556,40.263797760009766,0.013043051585555077,0.027646375820040703,-11.950260162353516
37,0.03703703731298447,40.29795837402344,0.013812942430377007,0.019324926659464836,-12.531550407409668
38,0.03803803771734238,40.3321533203125,0.01213968824595213,0.0258952509611845,-11.96712589263916
39,0.03903903812170029,40.36637878417969,0.011655584909021854,0.02520652674138546,-11.922890663146973
40,0.0400400385260582,40.40062713623047,0.012051686644554138,0.019096460193395615,-12.324212074279785
41,0.04104103893041611,40.434906005859375,0.009424906224012375,0.028208106756210327,-11.308422088623047
42,0.042042043060064316,40.469215393066406,0.009882792830467224,0.021830979734659195,-11.74174976348877
43,0.043043043464422226,40.50355529785156,0.010820066556334496,0.007114010863006115,-13.025580406188965
44,0.044044043868780136,40.53792190551758,0.010384788736701012,0.0069037615321576595,-13.002249717712402
45,0.045045044273138046,40.572322845458984,0.010016659274697304,-0.002288677031174302,-13.893951416015625
46,0.046046044677495956,40.606746673583984,0.009579317644238472,0.01267773937433958,-12.38955307006836
47,0.04704704508185387,40.641197204589844,0.009726774878799915,-0.0011520477710291743,-13.801336288452148
48,0.048048049211502075,40.67568588256836,0.008724507875740528,-0.009986822493374348,-14.785540580749512
49,0.049049049615859985,40.71019744873047,0.004402119666337967,-0.026407640427350998,-17.372528076171875
50,0.050050050020217896,40.7447395324707,0.006201687268912792,-0.018956288695335388,-16.204931259155273
51,0.051051050424575806,40.77931213378906,0.003465257817879319,-0.02465474233031273,-17.796403884887695
52,0.052052050828933716,40.81391143798828,0.003863284131512046,-0.021380357444286346,-17.39792823791504
53,0.053053051233291626,40.84854507446289,0.004958433099091053,-0.015509674325585365,-16.393016815185547
54,0.054054051637649536,40.88320541381836,0.005931968800723553,-0.00828443095088005,-15.232486724853516
55,0.055055055767297745,40.91789627075195,0.0049063656479120255,-0.011348454281687737,-15.920400619506836
56,0.056056056171655655,40.952613830566406,0.004746649414300919,-0.010196755640208721,-15.790877342224121
57,0.057057056576013565,40.987361907958984,0.0051564425230026245,-0.006338571663945913,-15.046158790588379
58,0.058058056980371475,41.02214431762695,0.004909875337034464,-0.006571621168404818,-15.08147144317627
59,0.059059057384729385,41.056949615478516,0.002336870413273573,-0.015603074803948402,-17.5379581451416
60,0.060060057789087296,41.0917854309082,0.0016193876508623362,-0.016358498483896255,-18.037734985351562
61,0.061061061918735504,41.12665557861328,0.0009321558172814548,-0.016739623621106148,-18.60445785522461
62,0.062062062323093414,41.16154479980469,0.0008967763278633356,-0.016295555979013443,-18.3380126953125
63,0.06306306272745132,41.19647216796875,0.0005558677949011326,-0.016386812552809715,-18.68488311767578
64,0.06406406313180923,41.23143005371094,-0.00023654938559047878,-0.01621362194418907,-20.180524826049805
65,0.06506506353616714,41.266414642333984,0.0001462992513552308,-0.0155906081199646,-19.177169799804688
66,0.06606606394052505,41.301429748535156,-7.59464455768466e-06,-0.0148983895778656,-19.49393653869629
67,0.06706706434488297,41.33647537231445,0.0010359259322285652,-0.01290577556937933,-17.243057250976562
68,0.06806806474924088,41.37154769897461,0.0005630813539028168,-0.012458275072276592,-18.120820999145508
69,0.06906906515359879,41.406654357910156,0.0003844687598757446,-0.011734401807188988,-18.52105140686035
70,0.0700700655579567,41.44178771972656,0.00044643599539995193,-0.010837575420737267,-18.37196159362793
71,0.0710710734128952,41.476951599121094,0.00026123091811314225,-0.01030738279223442,-18.85110855102539
72,0.07207207381725311,41.512142181396484,0.0006775263464078307,-0.009303819388151169,-17.78075408935547
73,0.07307307422161102,41.547367095947266,0.0003142841742374003,-0.00936942920088768,-18.72529411315918
74,0.07407407462596893,41.582618713378906,0.0001675618113949895,-0.009215044789016247,-19.170673370361328
75,0.07507507503032684,41.61790466308594,-0.0004721637233160436,-0.008793141692876816,-21.208498001098633
76,0.07607607543468475,41.65321731567383,-0.0008566116448491812,-0.007968893274664879,-22.53858757019043
77,0.07707707583904266,41.688560485839844,-0.0012158281169831753,-0.006749402731657028,-23.73664093017578
78,0.07807807624340057,41.72393035888672,-0.001097011612728238,-0.007123104762285948,-23.393814086914062
79,0.07907907664775848,41.75933074951172,-0.0015673000598326325,-0.004978444427251816,-24.877965927124023
80,0.0800800770521164,41.794769287109375,-0.0013678554678335786,-0.005757680628448725,-24.27534294128418
81,0.0810810774564743,41.830230712890625,-0.0008357356418855488,-0.007593160029500723,-22.443010330200195
82,0.08208207786083221,41.865726470947266,-0.0006076170247979462,-0.008088960312306881,-21.566028594970703
83,0.08308307826519012,41.9012451171875,-0.0007576672942377627,-0.007578727789223194,-22.100765228271484
84,0.08408408612012863,41.93680191040039,-0.0007070191786624491,-0.007588654290884733,-21.86138343811035
85,0.08508508652448654,41.97238540649414,-0.00044247048208490014,-0.008051666431128979,-20.797273635864258
86,0.08608608692884445,42.00799560546875,-0.000229674915317446,-0.00814096536487341,-19.907047271728516
87,0.08708708733320236,42.043643951416016,-0.00019156371126882732,-0.007798687554895878,-19.651466369628906
88,0.08808808773756027,42.079315185546875,5.458129453472793e-05,-0.007393225096166134,-18.501867294311523
89,0.08908908814191818,42.115020751953125,5.5327065638266504e-05,-0.006866123527288437,-18.16165542602539
90,0.09009008854627609,42.1507568359375,-0.00030583463376387954,-0.006195282097905874,-19.34134292602539
91,0.091091088950634,42.186519622802734,-0.00014080244000069797,-0.006025811191648245,-18.25199317932129
92,0.09209208935499191,42.22231674194336,-0.0004774957778863609,-0.005165810231119394,-19.66939353942871
93,0.09309308975934982,42.258140563964844,-0.0005979558918625116,-0.00448985118418932,-20.172481536865234
94,0.09409409016370773,42.29399490356445,-0.0003068778896704316,-0.00506767351180315,-18.232990264892578
95,0.09509509056806564,42.32988739013672,-0.0002462143893353641,-0.005003841128200293,-17.77703857421875
96,0.09609609842300415,42.36580276489258,-0.0005690602702088654,-0.004097865894436836,-19.660831451416016
97,0.09709709882736206,42.40175247192383,-0.0005599743453785777,-0.004041445907205343,-19.616796493530273
98,0.09809809923171997,42.4377326965332,-0.0005619813455268741,-0.003943777177482843,-19.674753189086914
99,0.09909909963607788,42.473731994628906,-0.000653244205750525,-0.0034610198345035315,-20.26000213623047
100,0.10010010004043579,42.5097770690918,-0.0007387461955659091,-0.0029598893597722054,-20.80375862121582
101,0.1011011004447937,42.545841217041016,-0.000800571870058775,-0.002584944013506174,-21.20763397216797
102,0.10210210084915161,42.58195114135742,-0.0009147266973741353,-0.0019054078729823232,-21.930065155029297
103,0.10310310125350952,42.618080139160156,-0.0010137889767065644,-0.0012605092488229275,-22.545989990234375
104,0.10410410165786743,42.65423583984375,-0.0007354579283855855,-0.0027206791564822197,-20.797489166259766
105,0.10510510206222534,42.6904296875,-0.0007790373056195676,-0.0024601782206445932,-21.104604721069336
106,0.10610610246658325,42.726654052734375,-0.0009441400179639459,-0.0014645945047959685,-22.195297241210938
107,0.10710710287094116,42.762908935546875,-0.0010268593905493617,-0.0007975404732860625,-22.73237419128418
108,0.10810810327529907,42.799190521240234,-0.0012004729360342026,0.0005957578541710973,-23.846677780151367
109,0.10910911113023758,42.83551025390625,-0.0012381593696773052,0.0010615913197398186,-24.121532440185547
110,0.11011011153459549,42.871856689453125,-0.0009581054328009486,-0.0008138226112350821,-22.263418197631836
111,0.1111111119389534,42.90822982788086,-0.0008343006484210491,-0.0015190585982054472,-21.302047729492188
112,0.11211211234331131,42.94463348388672,-0.0008139642886817455,-0.0015461693983525038,-21.019271850585938
113,0.11311311274766922,42.9810791015625,-0.0007989411824382842,-0.0015419304836541414,-20.7244873046875
114,0.11411411315202713,43.017547607421875,-0.0008348010014742613,-0.001226035295985639,-20.80694007873535
115,0.11511511355638504,43.054054260253906,-0.0006679590442217886,-0.0021475087851285934,-19.209890365600586
116,0.11611611396074295,43.090579986572266,-0.000520850473549217,-0.0027821192052215338,-17.841182708740234
117,0.11711711436510086,43.127140045166016,-0.0005344335804693401,-0.0026655420660972595,-17.809457778930664
118,0.11811811476945877,43.16373825073242,-0.0005246126092970371,-0.0026856441982090473,-17.64630126953125
119,0.11911911517381668,43.20035934448242,-0.0006895361584611237,-0.0018077957211062312,-19.08456802368164
120,0.12012011557817459,43.23701477050781,-0.0008022382389754057,-0.001040857401676476,-20.146116256713867
121,0.1211211159825325,43.27370834350586,-0.001141777029260993,0.002067378954961896,-23.267623901367188
122,0.12212212383747101,43.3104248046875,-0.001278961542993784,0.0037010754458606243,-24.543537139892578
123,0.12312312424182892,43.34716796875,-0.0008133957162499428,-0.0005943808937445283,-20.300880432128906
124,0.12412412464618683,43.38395309448242,-0.0007635147194378078,-0.0008495606016367674,-19.78192138671875
125,0.12512512505054474,43.42076110839844,-0.0008498055394738913,-2.3073380361893214e-05,-20.57168960571289
126,0.12612612545490265,43.45760726928711,-0.0009559392929077148,0.0011188141070306301,-21.623994827270508
127,0.12712712585926056,43.494476318359375,-0.0010391671676188707,0.002102668397128582,-22.49597930908203
128,0.12812812626361847,43.5313835144043,-0.0011096748057752848,0.002980379853397608,-23.24134635925293
129,0.12912912666797638,43.56832504272461,-0.001116064377129078,0.0030875534284859896,-23.300859451293945
130,0.1301301270723343,43.605289459228516,-0.001232014037668705,0.004509339574724436,-24.506820678710938
131,0.1311311274766922,43.64228820800781,-0.001344349468126893,0.005934990011155605,-25.587162017822266
132,0.1321321278810501,43.679317474365234,-0.0013282950967550278,0.005822001025080681,-25.449275970458984
133,0.13313312828540802,43.71638107299805,-0.0015158818569034338,0.008344284258782864,-27.136608123779297
134,0.13413412868976593,43.753475189208984,-0.0015661008656024933,0.00914880819618702,-27.58222198486328
135,0.13513512909412384,43.79059600830078,-0.001770093571394682,0.012478339485824108,-29.432647705078125
136,0.13613612949848175,43.827762603759766,-0.002017880789935589,0.017108894884586334,-31.777536392211914
137,0.13713712990283966,43.86494445800781,-0.001926427474245429,0.01597399264574051,-31.13652229309082
138,0.13813813030719757,43.902164459228516,-0.0019702576100826263,0.01693045161664486,-31.600923538208008
139,0.13913913071155548,43.93941879272461,-0.001814983319491148,0.014274186454713345,-30.147762298583984
140,0.1401401311159134,43.9766960144043,-0.0017005004920065403,0.012395531870424747,-29.012401580810547
141,0.1411411464214325,44.014015197753906,-0.0019691854249686003,0.016987822949886322,-31.422189712524414
142,0.1421421468257904,44.051361083984375,-0.0019545042887330055,0.016901317983865738,-31.25834846496582
143,0.14314314723014832,44.08873748779297,-0.0019925697706639767,0.018175773322582245,-31.78548812866211
144,0.14414414763450623,44.12614822387695,-0.0020818118937313557,0.020572341978549957,-32.88644790649414
145,0.14514514803886414,44.1635856628418,-0.002247123047709465,0.025373462587594986,-35.08264923095703
146,0.14614614844322205,44.20106506347656,-0.0022890884429216385,0.027760963886976242,-36.187843322753906
147,0.14714714884757996,44.238563537597656,-0.002300379564985633,0.029282307252287865,-36.955020904541016
148,0.14814814925193787,44.27610778808594,-0.0021469425410032272,0.025216568261384964,-35.24196243286133
149,0.14914914965629578,44.31366729736328,-0.002027492504566908,0.022088129073381424,-33.85849380493164
150,0.1501501500606537,44.35126876831055,-0.0020398078486323357,0.02245468646287918,-34.14668273925781
151,0.1511511504650116,44.38890075683594,-0.0019680331461131573,0.020590484142303467,-33.3133430480957
152,0.1521521508693695,44.426570892333984,-0.0018818137468770146,0.0184992253780365,-32.30437469482422
153,0.15315315127372742,44.464263916015625,-0.0019917285535484552,0.021159814670681953,-33.7288818359375
154,0.15415415167808533,44.50199508666992,-0.002104836283251643,0.02433447167277336,-35.29770278930664
155,0.15515515208244324,44.53975296020508,-0.002277152147144079,0.03077830746769905,-38.242252349853516
156,0.15615615248680115,44.57754898071289,-0.0023637316189706326,0.03566586598753929,-40.35182571411133
157,0.15715715289115906,44.6153678894043,-0.002489329781383276,0.044498272240161896,-44.014488220214844
158,0.15815815329551697,44.653228759765625,-0.002508554607629776,0.04764914885163307,-45.316551208496094
159,0.15915915369987488,44.69111251831055,-0.002504466101527214,0.04890758544206619,-45.858726501464844
160,0.1601601541042328,44.72903823852539,-0.0024368353188037872,0.04560975357890129,-44.572418212890625
161,0.1611611545085907,44.76698684692383,-0.002421327168121934,0.04560714215040207,-44.620643615722656
162,0.1621621549129486,44.804969787597656,-0.002397760283201933,0.04430612921714783,-44.10008239746094
163,0.16316315531730652,44.842987060546875,-0.0024810240138322115,0.050118543207645416,-46.45494842529297
164,0.16416415572166443,44.88103485107422,-0.002409986685961485,0.04639095813035965,-45.04872512817383
165,0.16516515612602234,44.91912078857422,-0.0022722722496837378,0.03937719017267227,-42.1992073059082
166,0.16616615653038025,44.95723342895508,-0.0023151510395109653,0.04468353092670441,-44.65128707885742
167,0.16716717183589935,44.99538040161133,-0.002177225658670068,0.03720260411500931,-41.43467712402344
168,0.16816817224025726,45.03356170654297,-0.002039445098489523,0.03126072138547897,-38.700984954833984
169,0.16916917264461517,45.071773529052734,-0.0020132563076913357,0.03057580254971981,-38.431129455566406
170,0.17017017304897308,45.110015869140625,-0.001918350113555789,0.026715489104390144,-36.49739456176758
171,0.171171173453331,45.14828872680664,-0.0019232722697779536,0.02665749005973339,-36.47001647949219
172,0.1721721738576889,45.18659973144531,-0.0019599818624556065,0.027519023045897484,-36.89086151123047
173,0.17317317426204681,45.22494125366211,-0.002000311156734824,0.02875475212931633,-37.48659896850586
174,0.17417417466640472,45.2633171081543,-0.0019952519796788692,0.028489096090197563,-37.33068084716797
175,0.17517517507076263,45.30172348022461,-0.0020489427261054516,0.031788989901542664,-38.999122619628906
176,0.17617617547512054,45.34016036987305,-0.002040012739598751,0.03288736939430237,-39.623897552490234
177,0.17717717587947845,45.37863540649414,-0.0019303394947201014,0.028853535652160645,-37.649295806884766
178,0.17817817628383636,45.41713333129883,-0.0019542293157428503,0.030756479129195213,-38.680686950683594
179,0.17917917668819427,45.45567321777344,-0.0019393721595406532,0.030328446999192238,-38.5163688659668
180,0.18018017709255219,45.49424362182617,-0.0020597660914063454,0.036892861127853394,-41.84629821777344
181,0.1811811774969101,45.53284454345703,-0.001988891512155533,0.03284513205289841,-39.9171257019043
182,0.182182177901268,45.571475982666016,-0.002025772351771593,0.03504806011915207,-41.1506462097168
183,0.18318317830562592,45.610145568847656,-0.001958007225766778,0.03233882039785385,-40.0272331237793
184,0.18418417870998383,45.64884567260742,-0.0018731738673523068,0.029661737382411957,-38.83777618408203
185,0.18518517911434174,45.68758010864258,-0.0019211110193282366,0.033049777150154114,-40.76880645751953
186,0.18618617951869965,45.726348876953125,-0.0019091309513896704,0.033377762883901596,-40.98897171020508
187,0.18718717992305756,45.76514434814453,-0.001900037401355803,0.0338018573820591,-41.19671630859375
188,0.18818818032741547,45.803977966308594,-0.0018277253257110715,0.03096318431198597,-39.57005310058594
189,0.18918918073177338,45.84284210205078,-0.0018364978022873402,0.031729646027088165,-39.85689163208008
190,0.1901901811361313,45.881744384765625,-0.0016685391310602427,0.02544182725250721,-36.1556396484375
191,0.1911911815404892,45.92066955566406,-0.0017072884365916252,0.027066446840763092,-37.03497314453125
192,0.1921921968460083,45.95963668823242,-0.0016945130191743374,0.026693545281887054,-36.8167839050293
193,0.1931931972503662,45.99863052368164,-0.0017105963779613376,0.027365271002054214,-37.27203369140625
194,0.19419419765472412,46.037662506103516,-0.0016236924566328526,0.023831602185964584,-35.240882873535156
195,0.19519519805908203,46.07672882080078,-0.0016633763443678617,0.025274207815527916,-36.234779357910156
196,0.19619619846343994,46.115821838378906,-0.0016912096180021763,0.026324927806854248,-36.95936584472656
197,0.19719719886779785,46.15495300292969,-0.0016004557255655527,0.022489048540592194,-34.69898986816406
198,0.19819819927215576,46.194114685058594,-0.0015808520838618279,0.02168780378997326,-34.23097229003906
199,0.19919919967651367,46.23331069946289,-0.0015643918886780739,0.02138466015458107,-34.089664459228516
200,0.20020020008087158,46.27254104614258,-0.0015711721498519182,0.021986205130815506,-34.571651458740234
201,0.2012012004852295,46.31180191040039,-0.0015498606953769922,0.02170492894947529,-34.483009338378906
202,0.2022022008895874,46.35110092163086,-0.0015047942288219929,0.02075379528105259,-33.94509506225586
203,0.2032032012939453,46.39043045043945,-0.001495735952630639,0.02120884694159031,-34.397884368896484
204,0.20420420169830322,46.42979049682617,-0.0014023332623764873,0.01873975433409214,-32.835575103759766
205,0.20520520210266113,46.46918487548828,-0.0014182323357090354,0.01958055980503559,-33.53403091430664
206,0.20620620250701904,46.50861740112305,-0.0014561063144356012,0.020845741033554077,-34.486785888671875
207,0.20720720291137695,46.54807662963867,-0.0014912551268935204,0.021912075579166412,-35.247093200683594
208,0.20820820331573486,46.58757400512695,-0.001510609989054501,0.022627554833889008,-35.70743179321289
209,0.20920920372009277,46.62710189819336,-0.0015696869231760502,0.025313418358564377,-37.37135314941406
210,0.21021020412445068,46.666664123535156,-0.0016013947315514088,0.02722686342895031,-38.476951599121094
211,0.2112112045288086,46.706260681152344,-0.0016196647193282843,0.02874280884861946,-39.302669525146484
212,0.2122122049331665,46.74589157104492,-0.0015793561469763517,0.027741024270653725,-38.556026458740234
213,0.21321320533752441,46.78555679321289,-0.001607720972970128,0.029979126527905464,-39.868141174316406
214,0.21421420574188232,46.825252532958984,-0.0014664530754089355,0.02442871406674385,-36.19664764404297
215,0.21521520614624023,46.864990234375,-0.001490018330514431,0.02606893889605999,-37.37813186645508
216,0.21621620655059814,46.90475082397461,-0.0014833378372713923,0.026060711592435837,-37.481388092041016
217,0.21721720695495605,46.94455337524414,-0.0015042952727526426,0.02690284326672554,-38.16160202026367
218,0.21821822226047516,46.98438262939453,-0.0014418289065361023,0.024154724553227425,-36.4046745300293
219,0.21921922266483307,47.024253845214844,-0.0015670766588300467,0.029470989480614662,-40.03937911987305
220,0.22022022306919098,47.064151763916016,-0.0014281519688665867,0.023710522800683975,-36.30695343017578
221,0.2212212234735489,47.104087829589844,-0.0013219383545219898,0.019763009622693062,-33.44645690917969
222,0.2222222238779068,47.14405059814453,-0.0013214675709605217,0.020039677619934082,-33.61563491821289
223,0.2232232242822647,47.18405532836914,-0.001361020840704441,0.021989015862345695,-35.03582000732422
224,0.22422422468662262,47.22409439086914,-0.0014096101513132453,0.02446036972105503,-36.80548858642578
225,0.22522522509098053,47.264163970947266,-0.0013773541431874037,0.023007718846201897,-35.77385330200195
226,0.22622622549533844,47.304264068603516,-0.0013634300557896495,0.022425655275583267,-35.384098052978516
227,0.22722722589969635,47.34440231323242,-0.0013204830465838313,0.020536473020911217,-34.024532318115234
228,0.22822822630405426,47.384578704833984,-0.0012753576738759875,0.018676988780498505,-32.623043060302734
229,0.22922922670841217,47.424781799316406,-0.0013022636994719505,0.019907470792531967,-33.618282318115234
230,0.23023022711277008,47.465023040771484,-0.0013795823324471712,0.02353307604789734,-36.38570785522461
231,0.231231227517128,47.50529479980469,-0.0013471026904881,0.02257644571363926,-35.74052810668945
232,0.2322322279214859,47.54560470581055,-0.0012801585253328085,0.020398858934640884,-34.1364631652832
233,0.2332332283258438,47.58594512939453,-0.0013242848217487335,0.022764980792999268,-35.99701690673828
234,0.23423422873020172,47.62632369995117,-0.0013228829484432936,0.023218592628836632,-36.3795166015625
235,0.23523522913455963,47.6667366027832,-0.0013158879010006785,0.023463577032089233,-36.57985305786133
236,0.23623622953891754,47.707176208496094,-0.0012979047605767846,0.023120591416954994,-36.302818298339844
237,0.23723722994327545,47.74766540527344,-0.0012689268914982677,0.0220180694013834,-35.419891357421875
238,0.23823823034763336,47.788177490234375,-0.0012072816025465727,0.019396277144551277,-33.286277770996094
239,0.23923923075199127,47.8287239074707,-0.0012224430684000254,0.019976787269115448,-33.77485656738281
240,0.24024023115634918,47.86930847167969,-0.0012463969178497791,0.021134885028004646,-34.79370880126953
241,0.2412412315607071,47.9099235534668,-0.0012347593437880278,0.020995741710066795,-34.79395294189453
242,0.242242231965065,47.95058059692383,-0.0012241292279213667,0.020862242206931114,-34.79118347167969
243,0.2432432323694229,47.99126052856445,-0.0011860961094498634,0.019526999443769455,-33.72891616821289
244,0.24424424767494202,48.031982421875,-0.0012330214958637953,0.021587448194622993,-35.427181243896484
245,0.24524524807929993,48.07273864746094,-0.0013403019402176142,0.026600690558552742,-39.32279586791992
246,0.24624624848365784,48.113529205322266,-0.0013129111612215638,0.025759069249033928,-38.726402282714844
247,0.24724724888801575,48.154354095458984,-0.0012990436516702175,0.025598855689167976,-38.6572265625
248,0.24824824929237366,48.19520950317383,-0.0013153001200407743,0.026682758703827858,-39.543643951416016
249,0.24924924969673157,48.236106872558594,-0.001324614160694182,0.027282914146780968,-40.0726318359375
250,0.2502502501010895,48.277034759521484,-0.0012864372693002224,0.025142280384898186,-38.46308135986328
251,0.2512512505054474,48.317996978759766,-0.0013691784115508199,0.028933392837643623,-41.28181838989258
252,0.2522522509098053,48.35899353027344,-0.0013872854178771377,0.029835239052772522,-41.886600494384766
253,0.2532532513141632,48.40003204345703,-0.001420210232026875,0.032314933836460114,-43.66358184814453
254,0.2542542517185211,48.44109344482422,-0.0013866361696273088,0.030532358214259148,-42.439842224121094
255,0.25525525212287903,48.48219680786133,-0.0013742102310061455,0.0300032589584589,-42.13013458251953
256,0.25625625252723694,48.52333450317383,-0.0013468360994011164,0.02854951284825802,-41.17658233642578
257,0.25725725293159485,48.564510345458984,-0.001345004071481526,0.028581326827406883,-41.332969665527344
258,0.25825825333595276,48.605712890625,-0.0012740949168801308,0.02523411624133587,-38.93658447265625
259,0.25925925374031067,48.64695739746094,-0.0012302449904382229,0.02366373874247074,-37.79315948486328
260,0.2602602541446686,48.688236236572266,-0.0011995751410722733,0.022651247680187225,-37.00263595581055
261,0.2612612545490265,48.729549407958984,-0.0011072867782786489,0.01882183738052845,-33.6856575012207
262,0.2622622549533844,48.770896911621094,-0.0011009632144123316,0.0187147855758667,-33.60073471069336
263,0.2632632553577423,48.812278747558594,-0.001081746886484325,0.018100406974554062,-33.06520080566406
264,0.2642642557621002,48.85369110107422,-0.0011262840125709772,0.02019255980849266,-34.969383239746094
265,0.26526525616645813,48.895145416259766,-0.0011711723636835814,0.02234525792300701,-36.830814361572266
266,0.26626625657081604,48.93663787841797,-0.0011460332898423076,0.021347250789403915,-35.91869354248047
267,0.26726725697517395,48.97815704345703,-0.0011298758909106255,0.02097390592098236,-35.5313720703125
268,0.26826825737953186,49.01971435546875,-0.0011124666780233383,0.020572876557707787,-35.15033721923828
269,0.26926925778388977,49.061309814453125,-0.0011824569664895535,0.024533987045288086,-38.63292694091797
270,0.2702702581882477,49.10293960571289,-0.0010743339080363512,0.019935736432671547,-34.642845153808594
271,0.2712712585926056,49.14460754394531,-0.0010640241671353579,0.020024003461003304,-34.790340423583984
272,0.2722722589969635,49.18630599975586,-0.0010560506489127874,0.02014506421983242,-34.92266845703125
273,0.2732732594013214,49.2280387878418,-0.0010078882332891226,0.01803814247250557,-32.8446044921875
274,0.2742742598056793,49.26980972290039,-0.0009672130108810961,0.01589386910200119,-30.605037689208984
275,0.27527526021003723,49.31161880493164,-0.0009762366535142064,0.016140993684530258,-30.790321350097656
276,0.27627626061439514,49.35345458984375,-0.0010041892528533936,0.017242679372429848,-31.82904815673828
277,0.27727726101875305,49.39533233642578,-0.0010524546960368752,0.019404778257012367,-33.88943099975586
278,0.27827826142311096,49.4372444152832,-0.0010033531580120325,0.016863074153661728,-31.433759689331055
279,0.27927926182746887,49.479190826416016,-0.0009740954264998436,0.015466179698705673,-30.149648666381836
280,0.2802802622318268,49.52117156982422,-0.0009706371929496527,0.015242467634379864,-30.05844497680664
281,0.2812812626361847,49.56319046020508,-0.0009409613558091223,0.013492311351001263,-28.397478103637695
282,0.282282292842865,49.60525131225586,-0.0009049885557033122,0.01142269466072321,-26.320892333984375
283,0.2832832932472229,49.6473388671875,-0.0009191418066620827,0.012380237691104412,-27.505435943603516
284,0.2842842936515808,49.6894645690918,-0.0009062637109309435,0.011669110506772995,-26.80584144592285
285,0.2852852940559387,49.73162841796875,-0.0008834318723529577,0.010525031015276909,-25.572025299072266
286,0.28628629446029663,49.77382278442383,-0.0008681002072989941,0.009890514425933361,-24.854217529296875
287,0.28728729486465454,49.81605911254883,-0.000858919695019722,0.009543081745505333,-24.450546264648438
288,0.28828829526901245,49.85832595825195,-0.0008548613986931741,0.009450819343328476,-24.333534240722656
289,0.28928929567337036,49.900630950927734,-0.0008588845958001912,0.00994986854493618,-24.899036407470703
290,0.29029029607772827,49.94297409057617,-0.0008700953330844641,0.010998265817761421,-26.065927505493164
291,0.2912912964820862,49.985355377197266,-0.0008617882849648595,0.010775749571621418,-25.720705032348633
292,0.2922922968864441,50.02776336669922,-0.0008537201792933047,0.010633022524416447,-25.475444793701172
293,0.293293297290802,50.07020950317383,-0.0008497533854097128,0.010761498473584652,-25.567279815673828
294,0.2942942976951599,50.11269760131836,-0.0008422737591899931,0.01058837492018938,-25.33310890197754
295,0.2952952980995178,50.155216217041016,-0.0008205890189856291,0.00921870581805706,-23.69778060913086
296,0.29629629850387573,50.197776794433594,-0.0008033381891436875,0.008314559236168861,-22.625137329101562
297,0.29729729890823364,50.2403678894043,-0.0007790273521095514,0.006534354295581579,-20.39361000061035
298,0.29829829931259155,50.282997131347656,-0.0007704595918767154,0.006075279321521521,-19.771224975585938
299,0.29929929971694946,50.32566452026367,-0.0007600004901178181,0.005167099647223949,-18.52256202697754
300,0.3003003001213074,50.36836242675781,-0.0007431707344949245,0.0035489359870553017,-16.247161865234375
301,0.3013013005256653,50.41109848022461,-0.0007460199994966388,0.0037680536042898893,-16.397109985351562
302,0.3023023009300232,50.45387649536133,-0.0007227165624499321,0.0024383256677538157,-14.462303161621094
303,0.3033033013343811,50.49668502807617,-0.0007155368803068995,0.0022526567336171865,-14.121772766113281
304,0.304304301738739,50.53953552246094,-0.0006809438345953822,0.001115360646508634,-12.43654727935791
305,0.3053053021430969,50.58241653442383,-0.0006508835358545184,0.00026099217939190567,-11.144148826599121
306,0.30630630254745483,50.625335693359375,-0.0006689459551125765,0.0007380253518931568,-11.955645561218262
307,0.30730730295181274,50.66829299926758,-0.0006714541814289987,0.0007094862521626055,-12.048648834228516
308,0.30830830335617065,50.71128463745117,-0.0005593264941126108,-0.0020234195981174707,-7.746923923492432
309,0.30930930376052856,50.754310607910156,-0.0005989412893541157,-0.0011938434327021241,-9.193933486938477
310,0.3103103041648865,50.79737854003906,-0.0005914867506362498,-0.0012858652044087648,-8.955991744995117
311,0.3113113045692444,50.840476989746094,-0.0005893763736821711,-0.0012437619734555483,-8.883147239685059
312,0.3123123049736023,50.88361358642578,-0.000615915167145431,-0.0004862453497480601,-10.027423858642578
313,0.3133133053779602,50.92679214477539,-0.0006631802534684539,0.0009509344818070531,-12.259093284606934
314,0.3143143057823181,50.97000503540039,-0.000670995214022696,0.001305791549384594,-12.82699966430664
315,0.315315306186676,51.01325225830078,-0.0006777725648134947,0.0016028083628043532,-13.304232597351074
316,0.31631630659103394,51.056541442871094,-0.0006100551108829677,-0.0005837999051436782,-9.978069305419922
317,0.31731730699539185,51.099857330322266,-0.0006237602792680264,-0.0003558258176781237,-10.421677589416504
318,0.31831830739974976,51.14321517944336,-0.0006590962293557823,0.0005082163843326271,-11.844411849975586
319,0.31931930780410767,51.186614990234375,-0.0006494502304121852,-4.142793477512896e-05,-11.10902214050293
320,0.3203203082084656,51.23004913330078,-0.0006561173358932137,-3.4891534596681595e-05,-11.22195053100586
321,0.3213213086128235,51.27351379394531,-0.0006797033129259944,0.0005473323399201035,-12.245675086975098
322,0.3223223090171814,51.317020416259766,-0.0007098449859768152,0.0015800034161657095,-13.887051582336426
323,0.3233233094215393,51.36056137084961,-0.0006727636209689081,-4.5345888793235645e-05,-11.633764266967773
324,0.3243243098258972,51.40414047241211,-0.0006921504391357303,0.0008131344802677631,-12.894071578979492
325,0.3253253102302551,51.44776153564453,-0.0006657676422037184,4.852212441619486e-06,-11.667722702026367
326,0.32632631063461304,51.49141311645508,-0.000608298578299582,-0.0014837791677564383,-9.241162300109863
327,0.32732731103897095,51.53510284423828,-0.0006129698595032096,-0.0011801045620813966,-9.57844352722168
328,0.32832831144332886,51.578834533691406,-0.0006067223148420453,-0.0011714333668351173,-9.424126625061035
329,0.32932931184768677,51.622596740722656,-0.0005639912560582161,-0.002014460973441601,-7.792455673217773
330,0.3303303122520447,51.66639709472656,-0.0006284311530180275,-0.00018679245840758085,-10.673724174499512
331,0.3313313126564026,51.71023941040039,-0.0006243908428587019,-0.00015267739945556968,-10.598031997680664
332,0.3323323130607605,51.754112243652344,-0.0005827982095070183,-0.0011924493592232466,-8.781007766723633
333,0.3333333432674408,51.79802703857422,-0.0005740831838920712,-0.0013565683038905263,-8.447909355163574
334,0.3343343436717987,51.84197998046875,-0.000610613904427737,-0.00028246542206034064,-10.253608703613281
335,0.3353353440761566,51.88597106933594,-0.0006299529923126101,0.0004463577060960233,-11.390260696411133
336,0.3363363444805145,51.92999267578125,-0.0006317868246696889,0.000562694447580725,-11.562372207641602
337,0.33733734488487244,51.974056243896484,-0.0006559236207976937,0.0014779178891330957,-12.954313278198242
338,0.33833834528923035,52.018157958984375,-0.0006825223099440336,0.0026837100740522146,-14.744598388671875
339,0.33933934569358826,52.06229782104492,-0.0007088335696607828,0.004279837477952242,-17.046689987182617
340,0.34034034609794617,52.106468200683594,-0.0006934079574421048,0.003372460138052702,-15.808433532714844
341,0.3413413465023041,52.15068054199219,-0.0006806810852140188,0.0029042670503258705,-15.17831802368164
342,0.342342346906662,52.19493103027344,-0.0006828536279499531,0.003125905292108655,-15.542928695678711
343,0.3433433473110199,52.23921585083008,-0.0006583902868442237,0.0021768587175756693,-14.157012939453125
344,0.3443443477153778,52.283546447753906,-0.0006350044859573245,0.0014246206264942884,-13.000465393066406
345,0.3453453481197357,52.327911376953125,-0.0006865698378533125,0.003675681771710515,-16.403913497924805
346,0.34634634852409363,52.372310638427734,-0.0006726364954374731,0.0030930310022085905,-15.572494506835938
347,0.34734734892845154,52.416744232177734,-0.0006837862310931087,0.0038709999062120914,-16.718835830688477
348,0.34834834933280945,52.46122360229492,-0.0006707013817504048,0.0033644712530076504,-15.91731071472168
349,0.34934934973716736,52.505733489990234,-0.0006708320579491556,0.0035987093579024076,-16.181934356689453
350,0.35035035014152527,52.55028533935547,-0.0006848606863059103,0.0046531930565834045,-17.66756248474121
351,0.3513513505458832,52.594879150390625,-0.0006797208334319293,0.004464281722903252,-17.31989288330078
352,0.3523523509502411,52.639503479003906,-0.0006728358566761017,0.0041142916306853294,-16.73400115966797
353,0.353353351354599,52.68416976928711,-0.0006714890478178859,0.0039870403707027435,-16.489309310913086
354,0.3543543517589569,52.72887420654297,-0.0006736357463523746,0.004022663924843073,-16.520748138427734
355,0.3553553521633148,52.77360916137695,-0.0006837021792307496,0.004446728620678186,-17.14716911315918
356,0.35635635256767273,52.81839370727539,-0.0006813520449213684,0.004050090443342924,-16.641111373901367
357,0.35735735297203064,52.86320495605469,-0.0006488118669949472,0.002411068184301257,-14.3384370803833
358,0.35835835337638855,52.90806198120117,-0.0006384122534655035,0.001930541475303471,-13.773603439331055
359,0.35935935378074646,52.95295333862305,-0.0006603500805795193,0.0026745223440229893,-15.066252708435059
360,0.36036035418510437,52.99788284301758,-0.0006641632062382996,0.0029419513884931803,-15.566032409667969
361,0.3613613545894623,53.0428581237793,-0.0006691095186397433,0.003352118656039238,-16.23354148864746
362,0.3623623549938202,53.087860107421875,-0.000669364002533257,0.003667941316962242,-16.693784713745117
363,0.3633633553981781,53.13290786743164,-0.0006339085521176457,0.0025171313900500536,-14.878888130187988
364,0.364364355802536,53.1779899597168,-0.0006821075221523643,0.005054050590842962,-18.667436599731445
365,0.3653653562068939,53.223114013671875,-0.000685643870383501,0.0057178945280611515,-19.58039665222168
366,0.36636635661125183,53.268272399902344,-0.0006821216666139662,0.0059486133977770805,-19.85794448852539
367,0.36736735701560974,53.31346893310547,-0.0006726359715685248,0.005686677526682615,-19.38249969482422
368,0.36836835741996765,53.358707427978516,-0.000674367300234735,0.006152685731649399,-19.967016220092773
369,0.36936935782432556,53.40398025512695,-0.0006835315143689513,0.007145538926124573,-21.330175399780273
370,0.37037035822868347,53.44929885864258,-0.000680263270623982,0.007013631518930197,-21.02724838256836
371,0.3713713586330414,53.49464797973633,-0.0006871059304103255,0.0077668302692472935,-22.00094223022461
372,0.3723723590373993,53.5400390625,-0.0006608774419873953,0.005107933189719915,-17.93276023864746
373,0.3733733594417572,53.58546829223633,-0.0006546793738380075,0.004505608230829239,-16.89549446105957
374,0.3743743598461151,53.63093566894531,-0.0006642980733886361,0.005234613083302975,-17.912879943847656
375,0.375375360250473,53.67644500732422,-0.0006562373018823564,0.004485522862523794,-16.66238021850586
376,0.37637636065483093,53.721988677978516,-0.0006624470697715878,0.005539708770811558,-18.162324905395508
377,0.37737736105918884,53.76757049560547,-0.000655224546790123,0.005205539986491203,-17.601770401000977
378,0.37837836146354675,53.813194274902344,-0.0006554327555932105,0.0057241967879235744,-18.368799209594727
379,0.37937936186790466,53.858856201171875,-0.0006560109904967248,0.0064692446030676365,-19.484237670898438
380,0.3803803622722626,53.9045524597168,-0.000643555133137852,0.005488827358931303,-17.944961547851562
381,0.3813813626766205,53.950294494628906,-0.0006252762395888567,0.0036416833754628897,-14.947419166564941
382,0.3823823630809784,53.996070861816406,-0.0006177424220368266,0.003215641947463155,-14.188739776611328
383,0.3833833634853363,54.04188919067383,-0.0006015102844685316,0.0020638650748878717,-12.238154411315918
384,0.3843843936920166,54.08774185180664,-0.0006057642167434096,0.002240417990833521,-12.473325729370117
385,0.3853853940963745,54.133636474609375,-0.0006152399582788348,0.002700098091736436,-13.219353675842285
386,0.3863863945007324,54.1795654296875,-0.0006216465844772756,0.0027390525210648775,-13.335199356079102
387,0.38738739490509033,54.22554016113281,-0.0006281626410782337,0.0027929479256272316,-13.480722427368164
388,0.38838839530944824,54.271549224853516,-0.0005967137985862792,0.0006481253658421338,-10.089977264404297
389,0.38938939571380615,54.317596435546875,-0.0005927428719587624,0.0004951914306730032,-9.953768730163574
390,0.39039039611816406,54.363685607910156,-0.0006240182556211948,0.001986229093745351,-12.577618598937988
391,0.391391396522522,54.40981674194336,-0.0006163195357657969,0.0016000785399228334,-12.130247116088867
392,0.3923923969268799,54.45597839355469,-0.0006299272063188255,0.002715949434787035,-14.072576522827148
393,0.3933933973312378,54.502193450927734,-0.0006254361942410469,0.0028083024080842733,-14.301809310913086
394,0.3943943977355957,54.54843521118164,-0.0005963711882941425,0.0015209082048386335,-12.25561809539795
395,0.3953953981399536,54.59471893310547,-0.0006044181063771248,0.0023185228928923607,-13.579595565795898
396,0.3963963985443115,54.64104080200195,-0.0005456057842820883,0.00039613762055523694,-10.214146614074707
397,0.39739739894866943,54.68740463256836,-0.0005276394658721983,0.00016652118938509375,-9.665844917297363
398,0.39839839935302734,54.73381042480469,-0.000509438687004149,-8.352530130650848e-05,-9.043268203735352
399,0.39939939975738525,54.780250549316406,-0.00047184978029690683,-0.000824882066808641,-7.366518974304199
400,0.40040040016174316,54.82673263549805,-0.0004402284394018352,-0.0015494005056098104,-5.641419410705566
401,0.4014014005661011,54.87324905395508,-0.00042524340096861124,-0.0020145748276263475,-4.428717613220215
402,0.402402400970459,54.91980743408203,-0.00044341073953546584,-0.0014898973749950528,-5.567469596862793
403,0.4034034013748169,54.96641540527344,-0.0004567115393001586,-0.0010930361459031701,-6.371951103210449
404,0.4044044017791748,55.01305389404297,-0.00042259704787284136,-0.0021331137977540493,-4.013491630554199
405,0.4054054021835327,55.059730529785156,-0.0004551243910100311,-0.0012740058591589332,-6.032574653625488
406,0.4064064025878906,55.106449127197266,-0.0004592553013935685,-0.0012436398537829518,-6.118706703186035
407,0.40740740299224854,55.1532096862793,-0.000523343391250819,0.0005695581785403192,-9.778060913085938
408,0.40840840339660645,55.200008392333984,-0.0005322180222719908,0.0007805220084264874,-10.135515213012695
409,0.40940940380096436,55.24684524536133,-0.0005451342440210283,0.0011467880103737116,-10.791239738464355
410,0.41041040420532227,55.293724060058594,-0.0005721747875213623,0.0023561555426567793,-12.932003021240234
411,0.4114114046096802,55.340641021728516,-0.0005680514732375741,0.0021367096342146397,-12.510754585266113
412,0.4124124050140381,55.38759231567383,-0.0005581371951848269,0.0017698443261906505,-11.837361335754395
413,0.413413405418396,55.43458938598633,-0.000570319767575711,0.0028487127274274826,-13.738236427307129
414,0.4144144058227539,55.481624603271484,-0.0005566395120695233,0.0022623559925705194,-12.710434913635254
415,0.4154154062271118,55.52870178222656,-0.0005486859008669853,0.002042073057964444,-12.329383850097656
416,0.4164164066314697,55.5758171081543,-0.0005636209389194846,0.0031871148385107517,-14.354119300842285
417,0.41741740703582764,55.62297439575195,-0.000573173223529011,0.004300721921026707,-16.21010971069336
418,0.41841840744018555,55.67017364501953,-0.0005678326706402004,0.004184823948889971,-15.78761100769043
419,0.41941940784454346,55.71741485595703,-0.0005535036325454712,0.0031547551043331623,-13.773659706115723
420,0.42042040824890137,55.764686584472656,-0.0005314832087606192,0.001812106347642839,-11.207345008850098
421,0.4214214086532593,55.81200408935547,-0.0005220778402872384,0.0012203744845464826,-10.083148956298828
422,0.4224224090576172,55.85935592651367,-0.0005003169062547386,-2.204960946983192e-05,-7.694255352020264
423,0.4234234094619751,55.90675735473633,-0.0005048374878242612,-0.00011296072625555098,-7.621376037597656
424,0.424424409866333,55.954193115234375,-0.0004931616131216288,-0.000810052384622395,-6.243952751159668
425,0.4254254102706909,56.00166702270508,-0.0005093832151032984,-1.7315724107902497e-05,-7.602808475494385
426,0.42642641067504883,56.04918670654297,-0.0005102140712551773,0.00019489196711219847,-7.739397048950195
427,0.42742741107940674,56.096744537353516,-0.0005337772308848798,0.001387794385664165,-9.801430702209473
428,0.42842841148376465,56.14434814453125,-0.0005393471801653504,0.0016274580266326666,-10.175857543945312
429,0.42942941188812256,56.191978454589844,-0.0005562878213822842,0.0026198590639978647,-11.99903678894043
430,0.43043041229248047,56.239662170410156,-0.0005726706003770232,0.004680286627262831,-15.706550598144531
431,0.4314314126968384,56.287384033203125,-0.0005727309035137296,0.004841614048928022,-16.081531524658203
432,0.4324324131011963,56.335140228271484,-0.0005660825408995152,0.0043489085510373116,-15.290351867675781
433,0.4334334135055542,56.3829460144043,-0.000546823488548398,0.0026568358298391104,-12.293088912963867
434,0.4344344139099121,56.430782318115234,-0.0005068433238193393,0.0007437641615979373,-8.702337265014648
435,0.43543541431427,56.478668212890625,-0.00048768759006634355,0.00024291743466164917,-7.734930038452148
436,0.4364364445209503,56.526588439941406,-0.0004815610300283879,0.00025451957480981946,-7.826578140258789
437,0.4374374449253082,56.574554443359375,-0.0004953969037160277,0.0010444896761327982,-9.53331184387207
438,0.43843844532966614,56.62255859375,-0.00044516491470858455,-0.000774557061959058,-5.74138879776001
439,0.43943944573402405,56.67060089111328,-0.00044786202488467097,-0.0005422470858320594,-6.341121673583984
440,0.44044044613838196,56.718685150146484,-0.00044962717220187187,-0.00036388548323884606,-6.775008201599121
441,0.44144144654273987,56.76681137084961,-0.00045825709821656346,3.249344081268646e-05,-7.6774492263793945
442,0.4424424469470978,56.814979553222656,-0.0004840500478167087,0.0011185193434357643,-9.954622268676758
443,0.4434434473514557,56.86318588256836,-0.00045521219726651907,0.00011405672557884827,-7.790862083435059
444,0.4444444477558136,56.911434173583984,-0.0004429645778145641,-0.00020060701353941113,-7.04742956161499
445,0.4454454481601715,56.95972442626953,-0.0004213628126308322,-0.000891026807948947,-5.377847194671631
446,0.4464464485645294,57.008056640625,-0.0004161278484389186,-0.001016828347928822,-4.96547269821167
447,0.44744744896888733,57.056427001953125,-0.0004193305503576994,-0.0007758652791380882,-5.3752055168151855
448,0.44844844937324524,57.10483932495117,-0.0004144191334489733,-0.0010000338079407811,-4.599159240722656
449,0.44944944977760315,57.153297424316406,-0.0004256486427038908,-0.00026031830930151045,-6.140204429626465
450,0.45045045018196106,57.20178985595703,-0.00043509952956810594,0.0002785655960906297,-7.1772918701171875
451,0.45145145058631897,57.25032424926758,-0.0004487947153393179,0.0009362147538922727,-8.513216018676758
452,0.4524524509906769,57.29890060424805,-0.0004690283094532788,0.0018441247520968318,-10.333807945251465
453,0.4534534513950348,57.3475227355957,-0.000459956907434389,0.0013443996431306005,-9.139667510986328
454,0.4544544517993927,57.396183013916016,-0.00047818466555327177,0.002279516775161028,-11.045248031616211
455,0.4554554522037506,57.444881439208984,-0.000489350815769285,0.002996152499690652,-12.434171676635742
456,0.4564564526081085,57.49362564086914,-0.0004968008724972606,0.003839632496237755,-13.963199615478516
457,0.45745745301246643,57.54240417480469,-0.0004851912963204086,0.0030497019179165363,-12.150301933288574
458,0.45845845341682434,57.59122848510742,-0.00048454414354637265,0.002962593687698245,-11.843342781066895
459,0.45945945382118225,57.640098571777344,-0.00047712880768813193,0.002133407164365053,-10.089729309082031
460,0.46046045422554016,57.68900680541992,-0.0004891495336778462,0.0030990506056696177,-12.164146423339844
461,0.46146145462989807,57.73795700073242,-0.0004942981759086251,0.003994896076619625,-14.092256546020508
462,0.462462455034256,57.786949157714844,-0.0004942237865179777,0.004236952867358923,-14.71651554107666
463,0.4634634554386139,57.83598327636719,-0.000488468911498785,0.0035358585882931948,-13.384394645690918
464,0.4644644558429718,57.88505554199219,-0.0004928201087750494,0.0041204895824193954,-14.735703468322754
465,0.4654654562473297,57.934165954589844,-0.0004949516151100397,0.004188922233879566,-15.023918151855469
466,0.4664664566516876,57.98332977294922,-0.0005033253692090511,0.005136230029165745,-16.977771759033203
467,0.46746745705604553,58.03252410888672,-0.0005046682781539857,0.004907261114567518,-16.520132064819336
468,0.46846845746040344,58.08176803588867,-0.0005012961337342858,0.003818172262981534,-14.34206485748291
469,0.46946945786476135,58.131046295166016,-0.0005034911446273327,0.003341719275340438,-13.448375701904297
470,0.47047045826911926,58.18037414550781,-0.000495012616738677,0.0021297046914696693,-11.161154747009277
471,0.4714714586734772,58.229740142822266,-0.0005049534956924617,0.0023424969986081123,-11.780172348022461
472,0.4724724590778351,58.27914810180664,-0.0005256548174656928,0.0037034894339740276,-14.594136238098145
473,0.473473459482193,58.32859802246094,-0.0005258892197161913,0.0035254950635135174,-14.375385284423828
474,0.4744744598865509,58.37809371948242,-0.0005270731635391712,0.0040277475491166115,-15.372517585754395
475,0.4754754602909088,58.42762756347656,-0.0005209264345467091,0.003839651355519891,-15.036916732788086
476,0.4764764606952667,58.47719955444336,-0.0005105928285047412,0.003415444167330861,-14.229090690612793
477,0.47747746109962463,58.52682113647461,-0.0004942172672599554,0.0027401128318160772,-12.936936378479004
478,0.47847846150398254,58.57647705078125,-0.0004451879358384758,0.0008879787637852132,-9.015254974365234
479,0.47947946190834045,58.626182556152344,-0.00043912226101383567,0.0008935400983318686,-9.02328872680664
480,0.48048046231269836,58.675926208496094,-0.0004997308715246618,0.004306642804294825,-16.143404006958008
481,0.4814814627170563,58.725711822509766,-0.0005084143485873938,0.005377651657909155,-18.11208152770996
482,0.4824824631214142,58.775543212890625,-0.0004898686893284321,0.003912034910172224,-14.969114303588867
483,0.4834834635257721,58.82541275024414,-0.00046698778169229627,0.0022858241572976112,-11.384282112121582
484,0.48448446393013,58.875328063964844,-0.0004685870080720633,0.0023439296055585146,-11.356792449951172
485,0.4854854643344879,58.92528533935547,-0.0004677928809542209,0.0022348309867084026,-10.985345840454102
486,0.4864864647388458,58.97528076171875,-0.00046357285464182496,0.0020342087373137474,-10.373454093933105
487,0.4874874949455261,59.025325775146484,-0.0004696727264672518,0.0026360689662396908,-11.442900657653809
488,0.48848849534988403,59.07540512084961,-0.00047498923959210515,0.00342298555187881,-12.981240272521973
489,0.48948949575424194,59.12553024291992,-0.0004542095120996237,0.0016268043546006083,-9.06962776184082
490,0.49049049615859985,59.17570114135742,-0.0004465757810976356,0.001235381467267871,-8.200475692749023
491,0.49149149656295776,59.22591781616211,-0.0004140208475291729,-0.00029710010858252645,-4.6644721031188965
492,0.4924924969673157,59.27616500854492,-0.0004234037478454411,0.00036283014924265444,-6.317142486572266
493,0.4934934973716736,59.32646560668945,-0.00043793016811832786,0.0013671672204509377,-8.781198501586914
494,0.4944944977760315,59.376800537109375,-0.00043240332161076367,0.0011892528273165226,-8.54442024230957
495,0.4954954981803894,59.427181243896484,-0.00042625732021406293,0.0008266292861662805,-7.851522445678711
496,0.4964964985847473,59.47761154174805,-0.00046195779577828944,0.0028593295719474554,-12.528631210327148
497,0.4974974989891052,59.528072357177734,-0.0004549603909254074,0.002137128496542573,-10.965581893920898
498,0.49849849939346313,59.57858657836914,-0.0004806349752470851,0.004371928051114082,-15.71451473236084
499,0.49949949979782104,59.62913513183594,-0.00048783369129523635,0.00508860731497407,-17.16494369506836
500,0.500500500202179,59.67972946166992,-0.0004887781688012183,0.0046465652994811535,-16.186845779418945
501,0.5015015006065369,59.73036575317383,-0.0004917355254292488,0.0049111731350421906,-16.65803337097168
502,0.5025025010108948,59.78105163574219,-0.0005029274616390467,0.007934261113405228,-22.688289642333984
503,0.5035035014152527,59.83177947998047,-0.0005027541192248464,0.008248938247561455,-23.306346893310547
504,0.5045045018196106,59.88254165649414,-0.0004990732413716614,0.00794519018381834,-22.718324661254883
505,0.5055055022239685,59.93335723876953,-0.0004935023025609553,0.007087145932018757,-21.00189208984375
506,0.5065065026283264,59.98421096801758,-0.00048662794870324433,0.005273811519145966,-17.29714584350586
507,0.5075075030326843,60.03510665893555,-0.0004831959377042949,0.00501335458829999,-16.734827041625977
508,0.5085085034370422,60.08604431152344,-0.00048278001486323774,0.006184449419379234,-19.133028030395508
509,0.5095095038414001,60.13703155517578,-0.0004771890817210078,0.004775204695761204,-16.189546585083008
510,0.5105105042457581,60.18806076049805,-0.00048019044334068894,0.0056410785764455795,-18.00469970703125
511,0.511511504650116,60.2391242980957,-0.00048034018254838884,0.005728584248572588,-18.21019744873047
512,0.5125125050544739,60.29024124145508,-0.0004767270293086767,0.0047975946217775345,-16.30859375
513,0.5135135054588318,60.341392517089844,-0.0004788397054653615,0.005451599135994911,-17.70709800720215
514,0.5145145058631897,60.39259719848633,-0.00048331532161682844,0.006291930563747883,-19.496234893798828
515,0.5155155062675476,60.44384002685547,-0.0004867651150561869,0.006665895693004131,-20.31072998046875
516,0.5165165066719055,60.495121002197266,-0.000486250122776255,0.0065002478659152985,-19.938922882080078
517,0.5175175070762634,60.54645538330078,-0.00048577110283076763,0.006792217027395964,-20.497562408447266
518,0.5185185074806213,60.59783172607422,-0.0004888755502179265,0.007878830656409264,-22.741722106933594
519,0.5195195078849792,60.64924621582031,-0.0004847513046115637,0.007728589233011007,-22.49543571472168
520,0.5205205082893372,60.700706481933594,-0.0004757902352139354,0.006973626557737589,-20.98858642578125
521,0.5215215086936951,60.75221252441406,-0.0004743669996969402,0.007226341869682074,-21.592775344848633
522,0.522522509098053,60.80376434326172,-0.0004698440316133201,0.006860995199531317,-20.892608642578125
523,0.5235235095024109,60.85535430908203,-0.0004697548574768007,0.007251851726323366,-21.798587799072266
524,0.5245245099067688,60.90699005126953,-0.00046938820742070675,0.007656940724700689,-22.717266082763672
525,0.5255255103111267,60.95866775512695,-0.0004691227222792804,0.007858416996896267,-23.201805114746094
526,0.5265265107154846,61.01039123535156,-0.00046559347538277507,0.007221209816634655,-21.891765594482422
527,0.5275275111198425,61.06216049194336,-0.0004735007823910564,0.008415332064032555,-24.502338409423828
528,0.5285285115242004,61.11397171020508,-0.00047465687384828925,0.008312853053212166,-24.3425235748291
529,0.5295295119285583,61.165828704833984,-0.0004788548103533685,0.008755434304475784,-25.34319305419922
530,0.5305305123329163,61.21773147583008,-0.00048680792679078877,0.010137330740690231,-28.285539627075195
531,0.5315315127372742,61.26966857910156,-0.0004800506867468357,0.009086254052817822,-26.20376205444336
532,0.5325325131416321,61.3216552734375,-0.00047464168164879084,0.008477835915982723,-25.01234245300293
533,0.53353351354599,61.373695373535156,-0.0004896349273622036,0.011576478369534016,-31.484922409057617
534,0.5345345139503479,61.4257698059082,-0.0004881265922449529,0.011390367522835732,-31.120786666870117
535,0.5355355143547058,61.47788619995117,-0.0004888165276497602,0.011735144071280956,-31.743005752563477
536,0.5365365147590637,61.530052185058594,-0.0004842582275159657,0.010992148891091347,-30.124095916748047
537,0.5375375151634216,61.5822639465332,-0.00048104405868798494,0.010363969020545483,-28.698640823364258
538,0.5385385155677795,61.63451385498047,-0.00048313563456758857,0.011088671162724495,-30.20052719116211
539,0.5395395755767822,61.68681716918945,-0.00048594665713608265,0.011751758866012096,-31.625974655151367
540,0.5405405759811401,61.73915481567383,-0.0004890994750894606,0.012050165794789791,-32.27265930175781
541,0.541541576385498,61.791542053222656,-0.0004915640456601977,0.01236641313880682,-32.9636116027832
542,0.542542576789856,61.843971252441406,-0.0004945398541167378,0.013070051558315754,-34.48184585571289
543,0.5435435771942139,61.89645004272461,-0.0004908600822091103,0.012713389471173286,-33.79111862182617
544,0.5445445775985718,61.94896697998047,-0.00048534845700487494,0.011890140362083912,-32.097862243652344
545,0.5455455780029297,62.001529693603516,-0.0004923942033201456,0.013428699225187302,-35.225341796875
546,0.5465465784072876,62.05413818359375,-0.0005025496939197183,0.015065440908074379,-38.42705154418945
547,0.5475475788116455,62.10679244995117,-0.0004911530413664877,0.013725641183555126,-35.65165710449219
548,0.5485485792160034,62.159488677978516,-0.00048507898463867605,0.012906249612569809,-33.861183166503906
549,0.5495495796203613,62.21223068237305,-0.00048137729754671454,0.012205824255943298,-32.2606201171875
550,0.5505505800247192,62.26502227783203,-0.0004822760238312185,0.012565772980451584,-32.84539031982422
551,0.5515515804290771,62.31785202026367,-0.00048154659452848136,0.012693144381046295,-32.974918365478516
552,0.5525525808334351,62.3707275390625,-0.0004769664956256747,0.012311059050261974,-32.10664749145508
553,0.553553581237793,62.42365264892578,-0.00046613230369985104,0.011109057813882828,-29.578121185302734
554,0.5545545816421509,62.476619720458984,-0.0004563089460134506,0.010083108209073544,-27.442623138427734
555,0.5555555820465088,62.52962875366211,-0.0004586527356877923,0.011154190637171268,-29.955354690551758
556,0.5565565824508667,62.58268737792969,-0.00045478413812816143,0.010622527450323105,-28.997661590576172
557,0.5575575828552246,62.63578796386719,-0.0004493460291996598,0.009528075344860554,-26.798376083374023
558,0.5585585832595825,62.688934326171875,-0.00044891529250890017,0.009316368028521538,-26.586313247680664
559,0.5595595836639404,62.74212646484375,-0.00045845768181607127,0.01053422037512064,-29.543712615966797
560,0.5605605840682983,62.79536437988281,-0.00046000973088666797,0.010038996115326881,-28.683338165283203
561,0.5615615844726562,62.8486442565918,-0.00045897706877440214,0.009427504613995552,-27.501253128051758
562,0.5625625848770142,62.901973724365234,-0.00045967864571139216,0.009269332513213158,-27.205352783203125
563,0.5635635852813721,62.955345153808594,-0.0004418959142640233,0.006873822305351496,-21.825450897216797
564,0.56456458568573,63.008766174316406,-0.0004429768887348473,0.006769475992769003,-21.491153717041016
565,0.5655655860900879,63.062225341796875,-0.00044968328438699245,0.00746147008612752,-22.86834716796875
566,0.5665665864944458,63.11573791503906,-0.0004485744284465909,0.007289285771548748,-22.290433883666992
567,0.5675675868988037,63.16929244995117,-0.0004505958640947938,0.008160307072103024,-24.054784774780273
568,0.5685685873031616,63.2228889465332,-0.0004481901414692402,0.008434686809778214,-24.548418045043945
569,0.5695695877075195,63.27653503417969,-0.00044973293552175164,0.009340551681816578,-26.485923767089844
570,0.5705705881118774,63.33022689819336,-0.00044579501263797283,0.00887167640030384,-25.42736053466797
571,0.5715715885162354,63.38396072387695,-0.00044474127935245633,0.008963176980614662,-25.68658447265625
572,0.5725725889205933,63.437744140625,-0.000437854730989784,0.008191796019673347,-24.052156448364258
573,0.5735735893249512,63.4915657043457,-0.00044481546501629055,0.009911078959703445,-28.075843811035156
574,0.5745745897293091,63.545440673828125,-0.0004449804255273193,0.010344716720283031,-29.226028442382812
575,0.575575590133667,63.599361419677734,-0.0004397540760692209,0.009670642204582691,-27.862241744995117
576,0.5765765905380249,63.65332794189453,-0.0004387563676573336,0.010122501291334629,-29.03097152709961
577,0.5775775909423828,63.707332611083984,-0.0004291599034331739,0.008689775131642818,-25.84046745300293
578,0.5785785913467407,63.761390686035156,-0.0004287575138732791,0.00887601263821125,-26.37319564819336
579,0.5795795917510986,63.815494537353516,-0.00041681184666231275,0.007212418131530285,-22.50227928161621
580,0.5805805921554565,63.8696403503418,-0.00042359810322523117,0.008541300892829895,-25.647266387939453
581,0.5815815925598145,63.92383575439453,-0.0004235156811773777,0.00868929922580719,-25.925806045532227
582,0.5825825929641724,63.97807693481445,-0.0004178108647465706,0.008252669125795364,-24.80658531188965
583,0.5835835933685303,64.03236389160156,-0.00042695883894339204,0.010243562050163746,-29.464303970336914
584,0.5845845937728882,64.0866928100586,-0.00042289687553420663,0.009356490336358547,-27.337146759033203
585,0.5855855941772461,64.14107513427734,-0.0004245844320394099,0.009287289343774319,-27.177845001220703
586,0.586586594581604,64.19549560546875,-0.00041219170088879764,0.007523869164288044,-23.027084350585938
587,0.5875875949859619,64.24996948242188,-0.0004029056872241199,0.006600015331059694,-20.84654998779297
588,0.5885885953903198,64.30448150634766,-0.000400755787268281,0.0066269743256270885,-20.961414337158203
589,0.5895895957946777,64.35903930664062,-0.0004028842377010733,0.0072976378723979,-22.677196502685547
590,0.5905905961990356,64.41365814208984,-0.00040258796070702374,0.007410006131976843,-22.990581512451172
591,0.5915915966033936,64.46830749511719,-0.0004109994333703071,0.008550137281417847,-25.832223892211914
592,0.5925925970077515,64.52301025390625,-0.00041512929601594806,0.009273793548345566,-27.54550552368164
593,0.5935935974121094,64.5777587890625,-0.0004192633496131748,0.010549619793891907,-30.524324417114258
594,0.5945945978164673,64.63255310058594,-0.000417520001064986,0.010769069194793701,-30.99897003173828
595,0.5955955982208252,64.68739318847656,-0.00041532787145115435,0.010536874644458294,-30.40519905090332
596,0.5965965986251831,64.74227905273438,-0.0004190248146187514,0.011583922430872917,-32.93732452392578
597,0.597597599029541,64.7972183227539,-0.000418661191361025,0.01208821963518858,-34.34881591796875
598,0.5985985994338989,64.8521957397461,-0.0004103682585991919,0.010969453491270542,-31.910558700561523
599,0.5995995998382568,64.9072265625,-0.00041304779006168246,0.011472738347947598,-33.31038284301758
600,0.6006006002426147,64.96229553222656,-0.00041139934910461307,0.011219054460525513,-32.7480583190918
601,0.6016016006469727,65.01741790771484,-0.000413833768106997,0.011459320783615112,-33.28776168823242
602,0.6026026010513306,65.07258605957031,-0.00041110930033028126,0.010466152802109718,-30.755773544311523
603,0.6036036014556885,65.12779998779297,-0.0004101473023183644,0.009877529926598072,-29.247831344604492
604,0.6046046018600464,65.18305969238281,-0.0004107923014089465,0.009990498423576355,-29.49337387084961
605,0.6056056022644043,65.23836517333984,-0.0004078914935234934,0.009600229561328888,-28.58534812927246
606,0.6066066026687622,65.2937240600586,-0.0004068583366461098,0.009725921787321568,-28.968971252441406
607,0.6076076030731201,65.34912872314453,-0.0004072697483934462,0.009841114282608032,-29.322011947631836
608,0.608608603477478,65.40457916259766,-0.00040890550008043647,0.009953740052878857,-29.6644229888916
609,0.6096096038818359,65.46007537841797,-0.00040854891994968057,0.009523664601147175,-28.65690040588379
610,0.6106106042861938,65.51561737060547,-0.00040659570368006825,0.008984201587736607,-27.368555068969727
611,0.6116116046905518,65.57120513916016,-0.0003948400844819844,0.006841751281172037,-22.082700729370117
612,0.6126126050949097,65.62684631347656,-0.0003924770571757108,0.006447870749980211,-21.047428131103516
613,0.6136136054992676,65.68252563476562,-0.00039125795592553914,0.005913310684263706,-19.613019943237305
614,0.6146146059036255,65.7382583618164,-0.00039185883360914886,0.005550912581384182,-18.615737915039062
615,0.6156156063079834,65.79403686523438,-0.0003930291859433055,0.004855338484048843,-16.7746639251709
616,0.6166166067123413,65.84986877441406,-0.00039497765828855336,0.003053335938602686,-12.156102180480957
617,0.6176176071166992,65.9057388305664,-0.0003958934685215354,0.002955185016617179,-11.911097526550293
618,0.6186186075210571,65.96166229248047,-0.00039562705205753446,0.0031998029444366693,-12.523149490356445
619,0.619619607925415,66.01763153076172,-0.00039412558544427156,0.004202478099614382,-15.073652267456055
620,0.620620608329773,66.07364654541016,-0.00039294653106480837,0.005618666298687458,-18.72947883605957
621,0.6216216087341309,66.12971496582031,-0.00039338989881798625,0.005017754156142473,-17.27039337158203
622,0.6226226091384888,66.18582916259766,-0.0003937575384043157,0.003927153535187244,-14.535704612731934
623,0.6236236095428467,66.24198150634766,-0.00039448891766369343,0.004558715038001537,-16.1346378326416
624,0.6246246099472046,66.29818725585938,-0.0003937641449738294,0.003886007471010089,-14.390351295471191
625,0.6256256103515625,66.35443878173828,-0.0003935048880521208,0.004711248446255922,-16.435461044311523
626,0.6266266107559204,66.4107437133789,-0.00039353143074549735,0.0055199614726006985,-18.466655731201172
627,0.6276276111602783,66.46709442138672,-0.00039360509254038334,0.004805595148354769,-16.651399612426758
628,0.6286286115646362,66.52349090576172,-0.00039296754403039813,0.003781924955546856,-14.04929256439209
629,0.6296296119689941,66.57994079589844,-0.00039232641574926674,0.004595350474119186,-16.084495544433594
630,0.630630612373352,66.63642883300781,-0.0003893442917615175,0.004075460135936737,-14.714731216430664
631,0.63163161277771,66.6929702758789,-0.00038681383011862636,0.004601160064339638,-16.05842399597168
632,0.6326326131820679,66.74955749511719,-0.00038432521978393197,0.0048004621639847755,-16.597597122192383
633,0.6336336135864258,66.80619812011719,-0.00038316071731969714,0.0050844186916947365,-17.346012115478516
634,0.6346346139907837,66.86288452148438,-0.00038265855982899666,0.004693032242357731,-16.335586547851562
635,0.6356356143951416,66.91961669921875,-0.0003796128439716995,0.003219468519091606,-12.508419036865234
636,0.6366366147994995,66.97640228271484,-0.0003787385649047792,0.0029038952197879553,-11.74374771118164
637,0.6376376152038574,67.0332260131836,-0.00037111862911842763,0.0018871217034757137,-9.140892028808594
638,0.6386386156082153,67.0901107788086,-0.00037514499854296446,0.0022536239121109247,-10.286603927612305
639,0.6396396160125732,67.14703369140625,-0.0003680310328491032,0.0015333563787862659,-8.504331588745117
640,0.6406406164169312,67.20401000976562,-0.0003498358419165015,0.00020059326197952032,-4.905068874359131
641,0.6416416764259338,67.26103210449219,-0.0003414021630305797,-0.00032958414521999657,-3.4292259216308594
642,0.6426426768302917,67.31810760498047,-0.00033655212610028684,-0.0006109084351919591,-2.564767599105835
643,0.6436436772346497,67.37522888183594,-0.0003319733077660203,-0.0008181066368706524,-1.8074407577514648
644,0.6446446776390076,67.4323959350586,-0.000347302935551852,0.00026118065579794347,-4.792348861694336
645,0.6456456780433655,67.48960876464844,-0.00034783186856657267,0.0004739668220281601,-5.204388618469238
646,0.6466466784477234,67.546875,-0.0003518321900628507,0.0009723281837068498,-6.496634483337402
647,0.6476476788520813,67.60418701171875,-0.00035660230787470937,0.0016506435349583626,-8.360578536987305
648,0.6486486792564392,67.66155242919922,-0.00035995541838929057,0.0023433028254657984,-10.299895286560059
649,0.6496496796607971,67.71896362304688,-0.000338763085892424,0.0003533734125085175,-4.67695426940918
650,0.650650680065155,67.77642822265625,-0.00033184560015797615,-5.910807158215903e-05,-3.5107579231262207
651,0.6516516804695129,67.83393859863281,-0.0003189902054145932,-0.0008283074130304158,-1.3037995100021362
652,0.6526526808738708,67.89148712158203,-0.00030459705158136785,-0.0017196917906403542,1.345053791999817
653,0.6536536812782288,67.9490966796875,-0.0003027060301974416,-0.0017751599662005901,1.336939811706543
654,0.6546546816825867,68.00675201416016,-0.00030063511803746223,-0.001893349690362811,1.641431212425232
655,0.6556556820869446,68.064453125,-0.0002983658923767507,-0.002246755873784423,2.9135944843292236
656,0.6566566824913025,68.1222152709961,-0.0003096404834650457,-0.001421255525201559,0.29985713958740234
657,0.6576576828956604,68.18000793457031,-0.000319299113471061,-0.0008051795302890241,-1.516657829284668
658,0.6586586833000183,68.23786163330078,-0.0003352662024553865,0.0002356928598601371,-4.531883239746094
659,0.6596596837043762,68.29576110839844,-0.00034193997271358967,0.0007770282682031393,-5.950255870819092
660,0.6606606841087341,68.35371398925781,-0.0003250012523494661,-0.0003455926780588925,-2.391113758087158
661,0.661661684513092,68.41171264648438,-0.0003273935872130096,-8.422858627454843e-06,-3.19990611076355
662,0.66266268491745,68.46975708007812,-0.0003225501277484,-0.0002630337839946151,-2.246860980987549
663,0.6636636853218079,68.5278549194336,-0.00032738340087234974,0.0002206007338827476,-3.625818967819214
664,0.6646646857261658,68.58599853515625,-0.0003171639400534332,-0.0006459250580519438,-0.8914783000946045
665,0.6656656861305237,68.64419555664062,-0.00033294360036961734,0.0004467069811653346,-4.27279806137085
666,0.6666666865348816,68.70243835449219,-0.00034015841083601117,0.0007824063068255782,-5.332862854003906
667,0.6676676869392395,68.76073455810547,-0.0003471246163826436,0.0011496549705043435,-6.488854885101318
668,0.6686686873435974,68.81907653808594,-0.0003293947665952146,-0.00023568719916511327,-2.4985508918762207
669,0.6696696877479553,68.87747192382812,-0.0003189795825164765,-0.0009599974728189409,-0.3701409101486206
670,0.6706706881523132,68.9359130859375,-0.00032570053008385,-0.0005097895045764744,-1.8671610355377197
671,0.6716716885566711,68.9944076538086,-0.00032815191661939025,-0.0002799259382300079,-2.6542093753814697
672,0.672672688961029,69.05294799804688,-0.00033773586619645357,0.0005304697551764548,-5.20725154876709
673,0.673673689365387,69.11154174804688,-0.0003248463908676058,-0.0001415706647094339,-3.329853057861328
674,0.6746746897697449,69.17018127441406,-0.0003056971763726324,-0.0011570518836379051,-0.2097008228302002
675,0.6756756901741028,69.22887420654297,-0.00030622081249020994,-0.000870297837536782,-1.17073655128479
676,0.6766766905784607,69.2876205444336,-0.0003080133756157011,-0.0006355556542985141,-1.9028294086456299
677,0.6776776909828186,69.34640502929688,-0.0003112554259132594,-0.0004036627651657909,-2.6199119091033936
678,0.6786786913871765,69.4052505493164,-0.0002995234099216759,-0.001111526507884264,-0.2342367172241211
679,0.6796796917915344,69.4641342163086,-0.0002904455759562552,-0.0017389447893947363,2.013998031616211
680,0.6806806921958923,69.52307891845703,-0.00028721499256789684,-0.0021716419141739607,3.6316795349121094
681,0.6816816926002502,69.58206939697266,-0.0002907001762650907,-0.002039720769971609,3.2541470527648926
682,0.6826826930046082,69.64111328125,-0.0002997003321070224,-0.0013660382246598601,1.0601327419281006
683,0.6836836934089661,69.7001953125,-0.00030071206856518984,-0.001568108913488686,1.7977628707885742
684,0.684684693813324,69.75934600830078,-0.0002999895659741014,-0.0023515610955655575,4.40437126159668
685,0.6856856942176819,69.81852722167969,-0.0003033626708202064,-0.0025078714825212955,4.856279373168945
686,0.6866866946220398,69.87776947021484,-0.00030506367329508066,-0.0029245030600577593,6.146910667419434
687,0.6876876950263977,69.93706512451172,-0.0003059833834413439,-0.002619090722873807,5.09949254989624
688,0.6886886954307556,69.99640655517578,-0.000305302906781435,-0.002392888767644763,4.3238115310668945
689,0.6896896958351135,70.05580139160156,-0.0002999893913511187,-0.003341841511428356,7.528345584869385
690,0.6906906962394714,70.11524200439453,-0.00029634416569024324,-0.003276204224675894,7.475615978240967
691,0.6916916966438293,70.17473602294922,-0.0002932650677394122,-0.0032339259050786495,7.47326135635376
692,0.6926926970481873,70.23428344726562,-0.00029156089294701815,-0.0029702268075197935,6.670419692993164
693,0.6936936974525452,70.29387664794922,-0.00029509811429306865,-0.002081366954371333,3.680063486099243
694,0.6946946978569031,70.353515625,-0.00029798041214235127,-0.0018421020358800888,2.8477752208709717
695,0.695695698261261,70.41321563720703,-0.0003000568540301174,-0.001743278349749744,2.545379161834717
696,0.6966966986656189,70.47296142578125,-0.000299056526273489,-0.0019465092336758971,3.307401418685913
697,0.6976976990699768,70.53276062011719,-0.00029510160675272346,-0.002663547871634364,5.746467113494873
698,0.6986986994743347,70.59259796142578,-0.00030707073165103793,-0.0008975110831670463,-0.1701817512512207
699,0.6996996998786926,70.65249633789062,-0.0002984980819746852,-0.0017176938708871603,2.4409584999084473
700,0.7007007002830505,70.71244812011719,-0.00032111461041495204,0.00021162208577152342,-3.9189462661743164
701,0.7017017006874084,70.77244567871094,-0.00031181517988443375,-0.0006778464885428548,-1.2039350271224976
702,0.7027027010917664,70.83250427246094,-0.00031784686143510044,-0.00030052720103412867,-2.4935829639434814
703,0.7037037014961243,70.8926010131836,-0.00031661789398640394,-0.0003999566542916,-2.2385549545288086
704,0.7047047019004822,70.95275115966797,-0.0003222866216674447,9.405313176102936e-05,-3.7385735511779785
705,0.7057057023048401,71.0129623413086,-0.0003222125815227628,0.0003176582104060799,-4.323688983917236
706,0.706706702709198,71.07321166992188,-0.0003044877666980028,-0.0008708650711923838,-0.3823421597480774
707,0.7077077031135559,71.1335220336914,-0.0003035390982404351,-0.0006248396239243448,-1.0324150323867798
708,0.7087087035179138,71.19387817382812,-0.00029722743784077466,-0.0009494525147601962,0.17673611640930176
709,0.7097097039222717,71.25428771972656,-0.000292580749373883,-0.0012548398226499557,1.2732768058776855
710,0.7107107043266296,71.31475067138672,-0.0002850996097549796,-0.0030180674511939287,7.397192478179932
711,0.7117117047309875,71.37525939941406,-0.00028596812626346946,-0.003550746012479067,9.231878280639648
712,0.7127127051353455,71.4358139038086,-0.0002871831529773772,-0.0037354568485170603,9.902275085449219
713,0.7137137055397034,71.4964370727539,-0.00028888400993309915,-0.004022315610200167,10.985766410827637
714,0.7147147059440613,71.55709838867188,-0.00028914661379531026,-0.0038947768043726683,10.577341079711914
715,0.7157157063484192,71.61781311035156,-0.0002942763385362923,-0.004637204576283693,13.093379974365234
716,0.7167167067527771,71.67858123779297,-0.0003006121260114014,-0.005825662519782782,17.031492233276367
717,0.717717707157135,71.7394027709961,-0.00030178105225786567,-0.005962388124316931,17.37179946899414
718,0.7187187075614929,71.8002700805664,-0.0003003138699568808,-0.00509410398080945,14.351030349731445
719,0.7197197079658508,71.86119842529297,-0.00030250419513322413,-0.005669222678989172,16.084686279296875
720,0.7207207083702087,71.92217254638672,-0.00030338516808114946,-0.00667613884434104,19.27322006225586
721,0.7217217087745667,71.98320007324219,-0.00030242290813475847,-0.007106442004442215,20.648122787475586
722,0.7227227091789246,72.04427337646484,-0.000300214538583532,-0.006365449167788029,18.12952423095703
723,0.7237237095832825,72.10540771484375,-0.00029802907374687493,-0.007531536743044853,21.96449089050293
724,0.7247247099876404,72.16658782958984,-0.00029507611179724336,-0.007825834676623344,22.95833396911621
725,0.7257257103919983,72.22782135009766,-0.0002909212198574096,-0.00891440361738205,26.74420738220215
726,0.7267267107963562,72.28910827636719,-0.0002892629418056458,-0.008708838373422623,26.162601470947266
727,0.7277277112007141,72.3504409790039,-0.00028928753454238176,-0.00810673926025629,24.188796997070312
728,0.728728711605072,72.41183471679688,-0.00028848217334598303,-0.00800351519137621,23.906700134277344
729,0.7297297120094299,72.47327423095703,-0.0002853253099601716,-0.008721593767404556,26.482868194580078
730,0.7307307124137878,72.53477478027344,-0.000284677924355492,-0.008736166171729565,26.581314086914062
731,0.7317317128181458,72.59632110595703,-0.00028596920310519636,-0.008699951693415642,26.49002456665039
732,0.7327327132225037,72.65791320800781,-0.00029030171572230756,-0.008189096115529537,24.777198791503906
733,0.7337337136268616,72.71956634521484,-0.0002947063185274601,-0.0076021538116037846,22.941904067993164
734,0.7347347140312195,72.78126525878906,-0.0002956605749204755,-0.007802912499755621,23.83295440673828
735,0.7357357144355774,72.84302520751953,-0.00029697944410145283,-0.007421379443258047,22.74966049194336
736,0.7367367148399353,72.90483093261719,-0.00029686171910725534,-0.008020974695682526,25.000869750976562
737,0.7377377152442932,72.96669006347656,-0.00029267664649523795,-0.006547652650624514,20.16090202331543
738,0.7387387156486511,73.02860260009766,-0.00029131839983165264,-0.006727362982928753,20.893503189086914
739,0.739739716053009,73.09056854248047,-0.0002917062374763191,-0.007143475580960512,22.416358947753906
740,0.7407407164573669,73.152587890625,-0.0002815140469465405,-0.00563198234885931,17.27265739440918
741,0.7417417168617249,73.21465301513672,-0.0002806885167956352,-0.005542258266359568,17.060192108154297
742,0.7427427172660828,73.27677917480469,-0.0002789224963635206,-0.005120549350976944,15.61897087097168
743,0.7437437772750854,73.33895874023438,-0.00027790263993665576,-0.004780808463692665,14.45173168182373
744,0.7447447776794434,73.40119171142578,-0.0002830544544849545,-0.005568362306803465,17.27896499633789
745,0.7457457780838013,73.46347045898438,-0.0002831221790984273,-0.005537108983844519,17.20791244506836
746,0.7467467784881592,73.52580261230469,-0.00028174970066174865,-0.005244250409305096,16.206817626953125
747,0.7477477788925171,73.58819580078125,-0.0002788084966596216,-0.004636222496628761,14.04148006439209
748,0.748748779296875,73.65062713623047,-0.0002776786859612912,-0.004391326569020748,13.112804412841797
749,0.7497497797012329,73.71311950683594,-0.0002822634414769709,-0.005618834402412176,17.400869369506836
750,0.7507507801055908,73.77567291259766,-0.0002833794569596648,-0.005784840788692236,17.82072639465332
751,0.7517517805099487,73.83826446533203,-0.00028273521456867456,-0.005410406738519669,16.26919174194336
752,0.7527527809143066,73.90092468261719,-0.00028018277953378856,-0.004678096156567335,13.402143478393555
753,0.7537537813186646,73.963623046875,-0.0002840941306203604,-0.00557538541033864,16.34001350402832
754,0.7547547817230225,74.02638244628906,-0.0002841257373802364,-0.005803768988698721,17.014991760253906
755,0.7557557821273804,74.08919525146484,-0.0002837794891092926,-0.00603641988709569,17.87481117248535
756,0.7567567825317383,74.15206146240234,-0.0002789708087220788,-0.005079475697129965,14.556929588317871
757,0.7577577829360962,74.21498107910156,-0.00027719244826585054,-0.004779194016009569,13.599271774291992
758,0.7587587833404541,74.2779541015625,-0.0002761177020147443,-0.004422616679221392,12.43140983581543
759,0.759759783744812,74.34097290039062,-0.000277227780316025,-0.004911908879876137,14.310441017150879
760,0.7607607841491699,74.404052734375,-0.0002778388443402946,-0.005293905735015869,15.791422843933105
761,0.7617617845535278,74.4671859741211,-0.0002781354996841401,-0.005570289213210344,16.92168426513672
762,0.7627627849578857,74.53038024902344,-0.00027781937387771904,-0.005106632597744465,15.439618110656738
763,0.7637637853622437,74.59361267089844,-0.00027904444141313434,-0.0039544422179460526,11.45389461517334
764,0.7647647857666016,74.65690612792969,-0.000284800014924258,-0.00258642272092402,6.683977127075195
765,0.7657657861709595,74.72025299072266,-0.00028594129253178835,-0.0025295191444456577,6.515038967132568
766,0.7667667865753174,74.78365325927734,-0.0002843332476913929,-0.0030042659491300583,8.14831256866455
767,0.7677677869796753,74.84710693359375,-0.0002907126327045262,-0.0020638362038880587,4.812118053436279
768,0.7687687873840332,74.91061401367188,-0.00028878531884402037,-0.002528139390051365,6.361091613769531
769,0.7697697877883911,74.97418212890625,-0.000290397263597697,-0.002307599876075983,5.547390937805176
770,0.770770788192749,75.03779602050781,-0.00028138584457337856,-0.0036347515415400267,10.131692886352539
771,0.7717717885971069,75.1014633178711,-0.0002788772981148213,-0.004143162164837122,11.918953895568848
772,0.7727727890014648,75.1651840209961,-0.00028016563737764955,-0.004281408153474331,12.451513290405273
773,0.7737737894058228,75.22896575927734,-0.0002857378567568958,-0.003702544840052724,10.445253372192383
774,0.7747747898101807,75.29280090332031,-0.00028802669839933515,-0.003451801370829344,9.70099925994873
775,0.7757757902145386,75.35668182373047,-0.00028714380459859967,-0.003941757138818502,11.546256065368652
776,0.7767767906188965,75.42062377929688,-0.0002885752764996141,-0.003588506020605564,10.470582962036133
777,0.7777777910232544,75.484619140625,-0.00028744435985572636,-0.003940539434552193,11.86062240600586
778,0.7787787914276123,75.54866790771484,-0.00028814421966671944,-0.0030628598760813475,8.983695983886719
779,0.7797797918319702,75.6127700805664,-0.0002852944890037179,-0.0034828935749828815,10.550641059875488
780,0.7807807922363281,75.67693328857422,-0.0002837021602317691,-0.0030144695192575455,8.965559005737305
781,0.781781792640686,75.74114227294922,-0.00028105932869948447,-0.0025009221863001585,7.1773576736450195
782,0.782782793045044,75.80540466308594,-0.000278643739875406,-0.0017732210690155625,4.522757053375244
783,0.7837837934494019,75.8697280883789,-0.0002742141077760607,-0.0019212209153920412,4.940035820007324
784,0.7847847938537598,75.9341049194336,-0.00026827867259271443,-0.0024868962354958057,6.9318060874938965
785,0.7857857942581177,75.99853515625,-0.0002639964804984629,-0.0036420042160898447,11.25676155090332
786,0.7867867946624756,76.06301879882812,-0.0002624872140586376,-0.004037025384604931,12.74358081817627
787,0.7877877950668335,76.1275634765625,-0.0002626795321702957,-0.004441726021468639,14.237224578857422
788,0.7887887954711914,76.19215393066406,-0.0002650906390044838,-0.00512077659368515,16.731101989746094
789,0.7897897958755493,76.25680541992188,-0.00026846828404814005,-0.0059392619878053665,19.67466926574707
790,0.7907907962799072,76.3215103149414,-0.00026921607786789536,-0.006168586667627096,20.422969818115234
791,0.7917917966842651,76.38626861572266,-0.0002715999726206064,-0.007856379263103008,26.65032196044922
792,0.792792797088623,76.45108032226562,-0.0002708034007810056,-0.007891463115811348,26.815330505371094
793,0.793793797492981,76.51595306396484,-0.0002699837205000222,-0.008638281375169754,29.619871139526367
794,0.7947947978973389,76.58087921142578,-0.0002685989602468908,-0.00914163701236248,31.57535743713379
795,0.7957957983016968,76.64585876464844,-0.0002671733091119677,-0.009207445196807384,31.951818466186523
796,0.7967967987060547,76.71089172363281,-0.000265306094661355,-0.008928240276873112,31.037443161010742
797,0.7977977991104126,76.7759780883789,-0.00026195828104391694,-0.007945507764816284,27.443859100341797
798,0.7987987995147705,76.84112548828125,-0.00025972569710575044,-0.007979648187756538,27.7349796295166
799,0.7997997999191284,76.90632629394531,-0.00025826069759204984,-0.008075802586972713,28.277578353881836
800,0.8008008003234863,76.97157287597656,-0.00025692692724987864,-0.008090276271104813,28.46574592590332
801,0.8018018007278442,77.03689575195312,-0.00025563911185599864,-0.008298784494400024,29.36626434326172
802,0.8028028011322021,77.10225677490234,-0.00025450054090470076,-0.008577954955399036,30.476306915283203
803,0.8038038015365601,77.16767883300781,-0.00025220192037522793,-0.00759762991219759,26.568466186523438
804,0.804804801940918,77.233154296875,-0.00025143189122900367,-0.007815640419721603,27.372955322265625
805,0.8058058023452759,77.29869079589844,-0.00025162819656543434,-0.006969256792217493,23.915958404541016
806,0.8068068027496338,77.36427307128906,-0.0002519904519431293,-0.007794287987053394,27.084442138671875
807,0.8078078031539917,77.42991638183594,-0.0002532632788643241,-0.007982437498867512,27.739646911621094
808,0.8088088035583496,77.49562072753906,-0.00025443051708862185,-0.008443702012300491,29.52199363708496
809,0.8098098039627075,77.56137084960938,-0.0002553188242018223,-0.008068840019404888,28.115968704223633
810,0.8108108043670654,77.62718963623047,-0.00025655009085312486,-0.007412758190184832,25.695283889770508
811,0.8118118047714233,77.69306182861328,-0.0002567557676229626,-0.007008010055869818,24.286794662475586
812,0.8128128051757812,77.75897979736328,-0.0002546942560002208,-0.007722353097051382,27.230915069580078
813,0.8138138055801392,77.82495880126953,-0.0002541662543080747,-0.007919793017208576,28.20073699951172
814,0.8148148059844971,77.8909912109375,-0.00025396072305738926,-0.008026660420000553,28.770357131958008
815,0.815815806388855,77.95708465576172,-0.0002541303401812911,-0.007579782512038946,27.09966278076172
816,0.8168168067932129,78.02323150634766,-0.0002543038281146437,-0.006972476840019226,24.805944442749023
817,0.8178178071975708,78.08943176269531,-0.00025409722002223134,-0.0065760440193116665,23.38526725769043
818,0.8188188076019287,78.15569305419922,-0.00025318056577816606,-0.005740379448980093,20.25888442993164
819,0.8198198080062866,78.22200775146484,-0.0002517682150937617,-0.005166799295693636,18.168672561645508
820,0.8208208084106445,78.28837585449219,-0.0002498566755093634,-0.004228138830512762,14.529350280761719
821,0.8218218088150024,78.35481262207031,-0.00024985964410007,-0.004900754429399967,17.29300308227539
822,0.8228228092193604,78.4212875366211,-0.0002475217916071415,-0.003947260789573193,13.501083374023438
823,0.8238238096237183,78.48783874511719,-0.0002463327255100012,-0.0035388427786529064,11.867642402648926
824,0.8248248100280762,78.55442810058594,-0.00024545376072637737,-0.0032416831236332655,10.655269622802734
825,0.8258258104324341,78.62108612060547,-0.00024483719607815146,-0.003060707123950124,9.94771671295166
826,0.826826810836792,78.68779754638672,-0.00024362673866562545,-0.003258048091083765,10.783029556274414
827,0.8278278112411499,78.75455474853516,-0.0002432875771773979,-0.004082945641130209,14.177474021911621
828,0.8288288116455078,78.82138061523438,-0.00024435363593511283,-0.004597673658281565,16.325733184814453
829,0.8298298120498657,78.88825988769531,-0.00024496280821040273,-0.004912191536277533,17.65508460998535
830,0.8308308124542236,78.9552001953125,-0.00024713476886972785,-0.005395031999796629,19.657827377319336
831,0.8318318128585815,79.02220153808594,-0.0002462623524479568,-0.0050447117537260056,18.26798439025879
832,0.8328328132629395,79.08924865722656,-0.00024614162975922227,-0.004339464940130711,15.40791130065918
833,0.8338338136672974,79.15635681152344,-0.00024906950420700014,-0.0030791815370321274,10.332711219787598
834,0.8348348140716553,79.22352600097656,-0.0002509635523892939,-0.003339169779792428,11.400333404541016
835,0.8358358144760132,79.29074096679688,-0.0002524413575883955,-0.0038362289778888226,13.458209991455078
836,0.8368368148803711,79.35801696777344,-0.00025437475414946675,-0.003568482818081975,12.466801643371582
837,0.837837815284729,79.42535400390625,-0.00025668321177363396,-0.004432163666933775,15.839997291564941
838,0.8388388156890869,79.49275207519531,-0.000257290608715266,-0.004444541875272989,15.822534561157227
839,0.8398398160934448,79.56019592285156,-0.000257568754022941,-0.004866391886025667,17.40800666809082
840,0.8408408164978027,79.62770080566406,-0.00025735641247592866,-0.0051460289396345615,18.513458251953125
841,0.8418418169021606,79.69527435302734,-0.00025640992680564523,-0.0042907665483653545,15.257377624511719
842,0.8428428173065186,79.76288604736328,-0.0002531706995796412,-0.002760060830041766,9.358451843261719
843,0.8438438177108765,79.83056640625,-0.0002540067653171718,-0.0030930470675230026,10.787644386291504
844,0.8448448181152344,79.89830780029297,-0.0002531829522922635,-0.002852005185559392,9.959746360778809
845,0.8458458185195923,79.96610260009766,-0.00025352186639793217,-0.003026191610842943,10.726102828979492
846,0.846846878528595,80.0339584350586,-0.0002522061113268137,-0.002799623878672719,9.882523536682129
847,0.8478478789329529,80.10186004638672,-0.00025422644102945924,-0.0036573652178049088,13.295230865478516
848,0.8488488793373108,80.16983032226562,-0.00025503759388811886,-0.005118506494909525,19.053890228271484
849,0.8498498797416687,80.23786163330078,-0.00025169207947328687,-0.005479339975863695,20.544544219970703
850,0.8508508801460266,80.30593872070312,-0.0002456741640344262,-0.004459337331354618,16.468807220458984
851,0.8518518805503845,80.37407684326172,-0.0002426918945275247,-0.005537088494747877,20.912437438964844
852,0.8528528809547424,80.44227600097656,-0.00023825405514799058,-0.0053159999661147594,20.047945022583008
853,0.8538538813591003,80.51052856445312,-0.00023498991504311562,-0.004563494585454464,16.870359420776367
854,0.8548548817634583,80.57884216308594,-0.0002330206334590912,-0.0041702683083713055,15.189203262329102
855,0.8558558821678162,80.647216796875,-0.0002324386587133631,-0.003746597794815898,13.380069732666016
856,0.8568568825721741,80.71565246582031,-0.00022933959553483874,-0.004326606169342995,15.931169509887695
857,0.857857882976532,80.78413391113281,-0.000229751763981767,-0.005102065391838551,19.300289154052734
858,0.8588588833808899,80.8526840209961,-0.0002340446662856266,-0.003389418590813875,11.818833351135254
859,0.8598598837852478,80.92127990722656,-0.00023357031750492752,-0.003646540455520153,12.86572551727295
860,0.8608608841896057,80.98995208740234,-0.00024546857457607985,-0.002398987067863345,7.585582256317139
861,0.8618618845939636,81.05866241455078,-0.0002442474360577762,-0.0027287432458251715,8.891586303710938
862,0.8628628849983215,81.12744903564453,-0.00025163302780129015,-0.0017947996966540813,5.107691764831543
863,0.8638638854026794,81.19628143310547,-0.000247330084675923,-0.0023436304181814194,7.278519153594971
864,0.8648648858070374,81.26518249511719,-0.00024552535614930093,-0.002437163842841983,7.646854877471924
865,0.8658658862113953,81.3341293334961,-0.00024657411267980933,-0.0016791257075965405,4.623960494995117
866,0.8668668866157532,81.40314483642578,-0.0002448463928885758,-0.0010497201001271605,2.0977821350097656
867,0.8678678870201111,81.47222137451172,-0.00024019149714149535,-0.001343561103567481,3.355264186859131
868,0.868868887424469,81.54134368896484,-0.0002384648978477344,-0.0009181234054267406,1.6420375108718872
869,0.8698698878288269,81.61053466796875,-0.00023515167413279414,-0.000979728065431118,1.9862455129623413
870,0.8708708882331848,81.6797866821289,-0.0002324866654817015,-0.0009064130717888474,1.7687444686889648
871,0.8718718886375427,81.74909210205078,-0.00022808584617450833,-0.0013516213512048125,3.7929611206054688
872,0.8728728890419006,81.81845092773438,-0.00022562028607353568,-0.00159691262524575,4.921098709106445
873,0.8738738894462585,81.88787078857422,-0.00022780668223276734,-0.0009268824942409992,1.9533483982086182
874,0.8748748898506165,81.95735931396484,-0.00023137341486290097,-0.0005710322293452919,0.384273886680603
875,0.8758758902549744,82.02690887451172,-0.00023427975247614086,-0.0005894958740100265,0.45365965366363525
876,0.8768768906593323,82.09650421142578,-0.00023512380721513182,-0.0010466844541952014,2.357820987701416
877,0.8778778910636902,82.1661605834961,-0.0002352045412408188,-0.0015087235951796174,4.331470966339111
878,0.8788788914680481,82.23587799072266,-0.00024105295597109944,-0.00020108564058318734,-1.049963116645813
879,0.879879891872406,82.30565643310547,-0.0002405979612376541,-6.514356209663674e-05,-1.4780774116516113
880,0.8808808922767639,82.37548828125,-0.00024127715732902288,0.0008439240627922118,-5.165750503540039
881,0.8818818926811218,82.44538116455078,-0.00023863586829975247,0.0008104142616502941,-4.973304271697998
882,0.8828828930854797,82.51534271240234,-0.0002375827170908451,0.0007462468929588795,-4.67298698425293
883,0.8838838934898376,82.58535766601562,-0.00023659964790567756,0.000510565412696451,-3.660447597503662
884,0.8848848938941956,82.65543365478516,-0.00023508477897848934,-0.00042930361814796925,0.3436770439147949
885,0.8858858942985535,82.72557067871094,-0.00023499559029005468,-0.0014823158271610737,4.795742988586426
886,0.8868868947029114,82.7957534790039,-0.00023680464073549956,-0.0014451128663495183,4.540546894073486
887,0.8878878951072693,82.86600494384766,-0.0002374919131398201,-0.0021331768948584795,7.319944858551025
888,0.8888888955116272,82.93631744384766,-0.000238166656345129,-0.0023637046106159687,8.180216789245605
889,0.8898898959159851,83.00669860839844,-0.00023775100999046117,-0.0026738266460597515,9.383001327514648
890,0.890890896320343,83.0771255493164,-0.00023844213865231723,-0.0025370768271386623,8.755729675292969
891,0.8918918967247009,83.14761352539062,-0.00023968398454599082,-0.0022306570317596197,7.440309524536133
892,0.8928928971290588,83.21817016601562,-0.0002388084976701066,-0.0023666792549192905,7.979602813720703
893,0.8938938975334167,83.28878021240234,-0.00023343804059550166,-0.003717880928888917,13.707740783691406
894,0.8948948979377747,83.35945129394531,-0.00023378069454338402,-0.0035520284436643124,13.022917747497559
895,0.8958958983421326,83.43018341064453,-0.00023364675871562213,-0.0033834544010460377,12.330159187316895
896,0.8968968987464905,83.5009765625,-0.0002318577462574467,-0.0037301580887287855,13.905125617980957
897,0.8978978991508484,83.57182312011719,-0.00023110146867111325,-0.0036583878099918365,13.746020317077637
898,0.8988988995552063,83.64273071289062,-0.00022944912780076265,-0.0040235016494989395,15.529720306396484
899,0.8998998999595642,83.71370697021484,-0.00022827772772870958,-0.0048621539026498795,19.39276885986328
900,0.9009009003639221,83.78473663330078,-0.00022844586055725813,-0.004651495721191168,18.608570098876953
901,0.90190190076828,83.85582733154297,-0.00022857796284370124,-0.004257344640791416,16.98480796813965
902,0.9029029011726379,83.9269790649414,-0.00022842068574391305,-0.002433449262753129,9.10306167602539
903,0.9039039015769958,83.99818420410156,-0.00022871796682011336,-0.0027393721975386143,10.466793060302734
904,0.9049049019813538,84.06946563720703,-0.00022781007282901555,-0.001698221080005169,5.865138053894043
905,0.9059059023857117,84.14079284667969,-0.00022904842626303434,-0.0013279735576361418,4.180472373962402
906,0.9069069027900696,84.21219635009766,-0.00023084727581590414,-0.0009636161266826093,2.5672190189361572
907,0.9079079031944275,84.28364562988281,-0.00023334388970397413,-0.0011944876750931144,3.5607595443725586
908,0.9089089035987854,84.35516357421875,-0.00023054311168380082,-0.00010776671115309,-1.1002626419067383
909,0.9099099040031433,84.42674255371094,-0.00022631448518950492,0.0008310710545629263,-5.194143295288086
910,0.9109109044075012,84.49837493896484,-0.0002238102606497705,0.0009231672156602144,-5.599699974060059
911,0.9119119048118591,84.57007598876953,-0.00022088742116466165,0.0011871372116729617,-6.787283897399902
912,0.912912905216217,84.64183044433594,-0.00021985539933666587,0.0005695822183042765,-3.960355520248413
913,0.913913905620575,84.71365356445312,-0.00022080220514908433,0.00014483761333394796,-2.003664970397949
914,0.9149149060249329,84.78553009033203,-0.00021931901574134827,0.0005550427013076842,-3.850151538848877
915,0.9159159064292908,84.85746765136719,-0.00022370423539541662,-0.0003229469002690166,0.09012115001678467
916,0.9169169068336487,84.92947387695312,-0.00022326743055600673,-0.00017622910672798753,-0.6279702186584473
917,0.9179179072380066,85.00153350830078,-0.00022215121134649962,0.00029011417063884437,-2.8196349143981934
918,0.9189189076423645,85.07366180419922,-0.0002231511753052473,0.001037662848830223,-6.343147277832031
919,0.9199199080467224,85.1458511352539,-0.00022490957053378224,0.001406972878612578,-8.156277656555176
920,0.9209209084510803,85.21809387207031,-0.00022305143647827208,0.0011894971830770373,-7.33964729309082
921,0.9219219088554382,85.29039764404297,-0.00022338535927701741,0.0013921571662649512,-8.383530616760254
922,0.9229229092597961,85.3627700805664,-0.00022170414740685374,0.0013241844717413187,-8.130687713623047
923,0.923923909664154,85.43519592285156,-0.00021912381635047495,0.0010091409785673022,-6.710033893585205
924,0.924924910068512,85.50769805908203,-0.00021770500461570919,0.0007783242617733777,-5.593331813812256
925,0.9259259104728699,85.58024597167969,-0.00021726411068812013,0.0006636204780079424,-4.972384929656982
926,0.9269269108772278,85.6528549194336,-0.00021763186668977141,0.0008213017135858536,-5.600199222564697
927,0.9279279112815857,85.72554779052734,-0.00021831959020346403,0.0011062861885875463,-6.828849792480469
928,0.9289289116859436,85.79827880859375,-0.00021912371448706836,0.0012482365127652884,-7.4297990798950195
929,0.9299299120903015,85.87108612060547,-0.0002187072968808934,0.00047294871183112264,-3.845487117767334
930,0.9309309124946594,85.9439468383789,-0.00021924529573880136,0.0005532507202588022,-4.182551383972168
931,0.9319319128990173,86.01686096191406,-0.00021996768191456795,0.0008709406829439104,-5.598483085632324
932,0.9329329133033752,86.08985137939453,-0.00021972702234052122,0.0007134198094718158,-4.859188079833984
933,0.9339339137077332,86.16289520263672,-0.00022012164117768407,0.0010194963542744517,-6.205082893371582
934,0.9349349141120911,86.23600769042969,-0.00021913165983278304,0.0005929676699452102,-4.233747482299805
935,0.935935914516449,86.3091812133789,-0.00021826486045029014,0.0004154154157731682,-3.423524856567383
936,0.9369369149208069,86.38240814208984,-0.00022187929425854236,-0.0009939396986737847,2.9941234588623047
937,0.9379379153251648,86.45570373535156,-0.00022216702927835286,-0.00088307453552261,2.445037603378296
938,0.9389389157295227,86.52906799316406,-0.0002228809316875413,-0.0009575329022482038,2.7055678367614746
939,0.9399399161338806,86.60248565673828,-0.0002226856304332614,-0.000879927072674036,2.3047709465026855
940,0.9409409165382385,86.67597198486328,-0.00022269226610660553,-0.000816008192487061,1.9712467193603516
941,0.9419419169425964,86.74951171875,-0.00022000426542945206,-0.00010160128294955939,-1.2785401344299316
942,0.9429429173469543,86.82312774658203,-0.0002181268500862643,0.001067961216904223,-6.622072219848633
943,0.9439439177513123,86.89679718017578,-0.0002190863888245076,0.0006084841443225741,-4.509540557861328
944,0.9449449181556702,86.97053527832031,-0.00021843888680450618,0.0012015537358820438,-7.2612738609313965
945,0.9459459185600281,87.04431915283203,-0.00021874470985494554,0.001794093637727201,-10.059820175170898
946,0.946946918964386,87.11817932128906,-0.00021665352687705308,0.000899557548109442,-6.044551372528076
947,0.9479479193687439,87.19210052490234,-0.0002157776616513729,0.0007449317490682006,-5.41807746887207
948,0.9489489793777466,87.2660903930664,-0.00021503979223780334,0.0010677339741960168,-7.024913787841797
949,0.9499499797821045,87.34013366699219,-0.0002129928325302899,0.0003550492983777076,-3.772449493408203
950,0.9509509801864624,87.41423797607422,-0.00021309460862539709,-0.00043725818977691233,-0.09001342952251434
951,0.9519519805908203,87.48841094970703,-0.00021146275685168803,-0.00045834388583898544,0.04798579216003418
952,0.9529529809951782,87.56263732910156,-0.00021248645498417318,-0.0011721581686288118,3.504305362701416
953,0.9539539813995361,87.6369400024414,-0.00021083888714201748,-0.0010907732648774981,3.2676055431365967
954,0.954954981803894,87.71129608154297,-0.00020974708604626358,-0.0010718133999034762,3.333528995513916
955,0.955955982208252,87.78572845458984,-0.00020853255409747362,-0.0008862591348588467,2.552978038787842
956,0.9569569826126099,87.86021423339844,-0.00020738155581057072,-0.0006239243666641414,1.3888440132141113
957,0.9579579830169678,87.93476104736328,-0.00020584867161232978,6.728650419063342e-07,-1.5533723831176758
958,0.9589589834213257,88.0093765258789,-0.00020577872055582702,0.0012616005260497332,-7.64564847946167
959,0.9599599838256836,88.08405303955078,-0.00020457193022593856,0.0014562481082975864,-8.609821319580078
960,0.9609609842300415,88.1587905883789,-0.0002008869923884049,0.00034761163988150656,-3.186279773712158
961,0.9619619846343994,88.23359680175781,-0.00020168241462670267,-0.0005446444265544415,1.1710448265075684
962,0.9629629850387573,88.30846405029297,-0.00020327014499343932,-0.0012683137319982052,4.656821250915527
963,0.9639639854431152,88.38339233398438,-0.00020183082961011678,-0.0013548380229622126,5.0074849128723145
964,0.9649649858474731,88.45838165283203,-0.00020029526785947382,-0.0014472019392997026,5.39797306060791
965,0.965965986251831,88.53343963623047,-0.0001990293530980125,-0.0015338199445977807,5.751835823059082
966,0.966966986656189,88.60856628417969,-0.0001981073583010584,-0.002458009170368314,10.355182647705078
967,0.9679679870605469,88.68374633789062,-0.00019743593293242157,-0.001880067284218967,7.371893882751465
968,0.9689689874649048,88.75899505615234,-0.00019793628598563373,-0.001396375009790063,4.847448825836182
969,0.9699699878692627,88.83431243896484,-0.0001962327805813402,-0.0022489556577056646,9.073183059692383
970,0.9709709882736206,88.90968322753906,-0.00019624963169917464,-0.0023054874036461115,9.30232048034668
971,0.9719719886779785,88.98513793945312,-0.00019554607570171356,-0.00260874442756176,10.829334259033203
972,0.9729729890823364,89.06063842773438,-0.00019870165851898491,-0.0019303103908896446,7.423970699310303
973,0.9739739894866943,89.13619995117188,-0.0002019933599513024,-0.00108529650606215,3.301091194152832
974,0.9749749898910522,89.21183776855469,-0.0002016320504480973,-0.0012193960137665272,4.0954365730285645
975,0.9759759902954102,89.28753662109375,-0.00020337231399025768,-0.00012922707537654787,-1.19850492477417
976,0.9769769906997681,89.36328887939453,-0.00020344776567071676,-1.014107601804426e-05,-1.7697083950042725
977,0.977977991104126,89.43911743164062,-0.00020318817405495793,-0.0002010045136557892,-0.878296971321106
978,0.9789789915084839,89.5150146484375,-0.00020403621601872146,1.6101912478916347e-05,-2.0150136947631836
979,0.9799799919128418,89.59095764160156,-0.00020372538710944355,-0.0005446264403872192,0.6327128410339355
980,0.9809809923171997,89.66697692871094,-0.00020389107521623373,-0.0004022784996777773,-0.13671576976776123
981,0.9819819927215576,89.7430648803711,-0.00020377692999318242,-0.000678046781104058,1.2441010475158691
982,0.9829829931259155,89.81920623779297,-0.00020245938503649086,-0.000380288198357448,-0.12178069353103638
983,0.9839839935302734,89.89541625976562,-0.00020097338710911572,-0.0003072446270380169,-0.32761427760124207
984,0.9849849939346313,89.97168731689453,-0.00019948231056332588,-0.0003002887242473662,-0.19511374831199646
985,0.9859859943389893,90.04803466796875,-0.00019813497783616185,-0.0002863951667677611,-0.0809013843536377
986,0.9869869947433472,90.12445068359375,-0.00019523914670571685,0.00034874319680966437,-3.1893622875213623
987,0.9879879951477051,90.20091247558594,-0.00019480404444038868,0.00019603176042437553,-2.3414642810821533
988,0.988988995552063,90.27745819091797,-0.00019702597637660801,-0.00032741736504249275,0.36049216985702515
989,0.9899899959564209,90.35404968261719,-0.00019856492872349918,-0.0005218144506216049,1.3217748403549194
990,0.9909909963607788,90.43071746826172,-0.0001970466400962323,-0.0002997432602569461,0.1591864824295044
991,0.9919919967651367,90.5074462890625,-0.00019701203564181924,-0.0003256195050198585,0.26473188400268555
992,0.9929929971694946,90.58423614501953,-0.0002006452123168856,-0.0009442799491807818,3.318178653717041
993,0.9939939975738525,90.6611099243164,-0.00020323184435255826,-0.0018274884205311537,7.603082656860352
994,0.9949949979782104,90.73802947998047,-0.00020153580408077687,-0.0019821408204734325,8.318500518798828
995,0.9959959983825684,90.81501770019531,-0.00019949128909502178,-0.001852388959378004,7.652493000030518
996,0.9969969987869263,90.89208221435547,-0.00019778328714892268,-0.002480242168530822,10.793102264404297
997,0.9979979991912842,90.96920013427734,-0.00019379169680178165,-0.003201850922778249,14.460149765014648
998,0.9989989995956421,91.04638671875,-0.0001909404236357659,-0.00370329269208014,17.062515258789062
999,1.0,91.12364959716797,-0.0001911452563945204,-0.003894244320690632,18.049148559570312
