index,timestep,Diffusion_Coeff,Divergence,score,pos
0,0.0,39.05299377441406,-0.009299932047724724,-0.05393500253558159,45.034324645996094
1,0.0010010009864345193,39.08612823486328,-0.009647834114730358,-0.03407591953873634,43.34859085083008
2,0.0020020019728690386,39.11929702758789,-0.00966218113899231,-0.03125297650694847,43.25840759277344
3,0.0030030030757188797,39.15248489379883,-0.00957532785832882,-0.03686859458684921,43.998924255371094
4,0.004004003945738077,39.185707092285156,-0.009478077292442322,-0.04424796625971794,44.91444778442383
5,0.005005004815757275,39.218955993652344,-0.009495462290942669,-0.04322191700339317,44.88859939575195
6,0.006006006151437759,39.25223159790039,-0.0094223003834486,-0.049136292189359665,45.56020736694336
7,0.007007007021456957,39.28553771972656,-0.009487373754382133,-0.044255685061216354,45.08230209350586
8,0.008008007891476154,39.31887435913086,-0.009369423612952232,-0.0511583611369133,45.867698669433594
9,0.009009009227156639,39.352237701416016,-0.009145649150013924,-0.06173780560493469,47.10066604614258
10,0.01001000963151455,39.38562774658203,-0.008867083117365837,-0.0730198472738266,48.47575759887695
11,0.011011010967195034,39.41904830932617,-0.008663659915328026,-0.07861340045928955,49.24662399291992
12,0.012012012302875519,39.452491760253906,-0.00820845179259777,-0.09555525332689285,51.378822326660156
13,0.013013012707233429,39.48596954345703,-0.008399930782616138,-0.08106804639101028,49.707088470458984
14,0.014014014042913914,39.51947021484375,-0.008330754935741425,-0.07919050753116608,49.5098991394043
15,0.015015014447271824,39.55300521850586,-0.008296798914670944,-0.0759328305721283,49.12239074707031
16,0.01601601578295231,39.58656692504883,-0.008062460459768772,-0.08102384954690933,49.83283615112305
17,0.01701701618731022,39.620155334472656,-0.007990283891558647,-0.07876212894916534,49.66755294799805
18,0.018018018454313278,39.653770446777344,-0.007741343230009079,-0.08559305965900421,50.64485168457031
19,0.01901901885867119,39.68742370605469,-0.007886210456490517,-0.0752691850066185,49.45558166503906
20,0.0200200192630291,39.721092224121094,-0.0077764783054590225,-0.07538718730211258,49.63373947143555
21,0.021021021530032158,39.754798889160156,-0.007391456514596939,-0.08828315138816833,51.49477767944336
22,0.022022021934390068,39.78852844238281,-0.007822130806744099,-0.0625097006559372,48.251861572265625
23,0.023023022338747978,39.82229232788086,-0.007573775481432676,-0.07019849121570587,49.37150955200195
24,0.024024024605751038,39.8560791015625,-0.0071060433983802795,-0.08855495601892471,51.995826721191406
25,0.025025025010108948,39.889896392822266,-0.006867067888379097,-0.09516017138957977,53.10165786743164
26,0.026026025414466858,39.92374801635742,-0.006529034115374088,-0.10646618157625198,54.941890716552734
27,0.027027025818824768,39.95762252807617,-0.0065154265612363815,-0.10430967062711716,54.744056701660156
28,0.028028028085827827,39.99152755737305,-0.0064582498744130135,-0.10436678677797318,54.864749908447266
29,0.029029028490185738,40.02545928955078,-0.00631526717916131,-0.1072440966963768,55.421695709228516
30,0.030030028894543648,40.05942153930664,-0.0060233864933252335,-0.11500037461519241,56.788516998291016
31,0.031031031161546707,40.093414306640625,-0.005796223878860474,-0.11970245838165283,57.75893020629883
32,0.03203203156590462,40.1274299621582,-0.005929520819336176,-0.11420819908380508,56.977779388427734
33,0.03303303197026253,40.16147994995117,-0.005826104898005724,-0.11825311183929443,57.76597213745117
34,0.03403403237462044,40.195556640625,-0.005755114369094372,-0.12135141342878342,58.380401611328125
35,0.03503503277897835,40.22966384887695,-0.0057328203693032265,-0.12238789349794388,58.652793884277344
36,0.036036036908626556,40.263797760009766,-0.005509289912879467,-0.1303771734237671,60.22844696044922
37,0.03703703731298447,40.29795837402344,-0.005134702660143375,-0.144722580909729,63.07722473144531
38,0.03803803771734238,40.3321533203125,-0.005024745129048824,-0.14807462692260742,63.90790557861328
39,0.03903903812170029,40.36637878417969,-0.00510322954505682,-0.14246656000614166,63.00925064086914
40,0.0400400385260582,40.40062713623047,-0.005067944992333651,-0.14103800058364868,62.97021484375
41,0.04104103893041611,40.434906005859375,-0.004654844291508198,-0.15565593540668488,66.34211730957031
42,0.042042043060064316,40.469215393066406,-0.004582130815833807,-0.15544772148132324,66.78204345703125
43,0.043043043464422226,40.50355529785156,-0.004463139455765486,-0.15865948796272278,67.90462493896484
44,0.044044043868780136,40.53792190551758,-0.004696063231676817,-0.14545132219791412,65.31539154052734
45,0.045045044273138046,40.572322845458984,-0.004582716152071953,-0.15027949213981628,66.53218078613281
46,0.046046044677495956,40.606746673583984,-0.004468555096536875,-0.1551879346370697,67.80143737792969
47,0.04704704508185387,40.641197204589844,-0.004446571692824364,-0.15549468994140625,68.03032684326172
48,0.048048049211502075,40.67568588256836,-0.004455912858247757,-0.15406498312950134,67.86528015136719
49,0.049049049615859985,40.71019744873047,-0.004637237172573805,-0.14336220920085907,65.70503234863281
50,0.050050050020217896,40.7447395324707,-0.0046868156641721725,-0.13908155262470245,65.02623748779297
51,0.051051050424575806,40.77931213378906,-0.004457439295947552,-0.1481838822364807,67.41160583496094
52,0.052052050828933716,40.81391143798828,-0.00431062001734972,-0.15382608771324158,69.10394287109375
53,0.053053051233291626,40.84854507446289,-0.0041393619030714035,-0.1619405448436737,71.42414855957031
54,0.054054051637649536,40.88320541381836,-0.004323732573539019,-0.14796936511993408,68.47299194335938
55,0.055055055767297745,40.91789627075195,-0.004297119565308094,-0.14698123931884766,68.56636810302734
56,0.056056056171655655,40.952613830566406,-0.004283307585865259,-0.14540153741836548,68.47453308105469
57,0.057057056576013565,40.987361907958984,-0.004262737929821014,-0.1446704864501953,68.51885223388672
58,0.058058056980371475,41.02214431762695,-0.0043352521024644375,-0.13866738975048065,67.2923355102539
59,0.059059057384729385,41.056949615478516,-0.004384630359709263,-0.13409288227558136,66.47286987304688
60,0.060060057789087296,41.0917854309082,-0.004553262609988451,-0.12247978895902634,64.15409088134766
61,0.061061061918735504,41.12665557861328,-0.004731477703899145,-0.1100844293832779,61.810455322265625
62,0.062062062323093414,41.16154479980469,-0.004582761786878109,-0.11571776866912842,63.27544403076172
63,0.06306306272745132,41.19647216796875,-0.004612278193235397,-0.1124034970998764,62.76015853881836
64,0.06406406313180923,41.23143005371094,-0.004585913848131895,-0.11183774471282959,62.88703918457031
65,0.06506506353616714,41.266414642333984,-0.004823601804673672,-0.09614671021699905,59.81597137451172
66,0.06606606394052505,41.301429748535156,-0.004804891999810934,-0.09486188739538193,59.77720642089844
67,0.06706706434488297,41.33647537231445,-0.004941834602504969,-0.08331594616174698,57.66096115112305
68,0.06806806474924088,41.37154769897461,-0.00494280643761158,-0.07693672925233841,56.686058044433594
69,0.06906906515359879,41.406654357910156,-0.004866545554250479,-0.07645348459482193,56.79417419433594
70,0.0700700655579567,41.44178771972656,-0.004749105777591467,-0.07896999269723892,57.508243560791016
71,0.0710710734128952,41.476951599121094,-0.004631906747817993,-0.08197661489248276,58.30411148071289
72,0.07207207381725311,41.512142181396484,-0.004614545032382011,-0.077406145632267,57.41497039794922
73,0.07307307422161102,41.547367095947266,-0.004469035193324089,-0.08510486781597137,59.204010009765625
74,0.07407407462596893,41.582618713378906,-0.004458005540072918,-0.08308473974466324,58.81451416015625
75,0.07507507503032684,41.61790466308594,-0.004561861045658588,-0.07075530290603638,56.09749221801758
76,0.07607607543468475,41.65321731567383,-0.00459248386323452,-0.06829570233821869,55.555870056152344
77,0.07707707583904266,41.688560485839844,-0.004593401215970516,-0.07056206464767456,56.09129333496094
78,0.07807807624340057,41.72393035888672,-0.0046230582520365715,-0.06800717860460281,55.62411880493164
79,0.07907907664775848,41.75933074951172,-0.004549895413219929,-0.07481283694505692,57.27915573120117
80,0.0800800770521164,41.794769287109375,-0.004505743272602558,-0.07398004084825516,57.298221588134766
81,0.0810810774564743,41.830230712890625,-0.004494554363191128,-0.06514766812324524,55.55181121826172
82,0.08208207786083221,41.865726470947266,-0.004455260466784239,-0.05916118249297142,54.35027313232422
83,0.08308307826519012,41.9012451171875,-0.004409128334373236,-0.05672935023903847,53.88098907470703
84,0.08408408612012863,41.93680191040039,-0.004373442847281694,-0.0614459328353405,54.97930145263672
85,0.08508508652448654,41.97238540649414,-0.004368309397250414,-0.06003177911043167,54.61003112792969
86,0.08608608692884445,42.00799560546875,-0.004368441645056009,-0.05888671055436134,54.271060943603516
87,0.08708708733320236,42.043643951416016,-0.004345879890024662,-0.05368192493915558,53.03718566894531
88,0.08808808773756027,42.079315185546875,-0.004324090201407671,-0.0641089379787445,55.45589828491211
89,0.08908908814191818,42.115020751953125,-0.00427632499486208,-0.062249019742012024,55.17792510986328
90,0.09009008854627609,42.1507568359375,-0.004228089936077595,-0.057817332446575165,54.31189727783203
91,0.091091088950634,42.186519622802734,-0.004165403079241514,-0.053035229444503784,53.351097106933594
92,0.09209208935499191,42.22231674194336,-0.004135699477046728,-0.05583001673221588,54.25675582885742
93,0.09309308975934982,42.258140563964844,-0.00409119063988328,-0.056478992104530334,54.669403076171875
94,0.09409409016370773,42.29399490356445,-0.004024124704301357,-0.0534670427441597,54.1873664855957
95,0.09509509056806564,42.32988739013672,-0.004004204645752907,-0.05615620315074921,55.08130645751953
96,0.09609609842300415,42.36580276489258,-0.0039884853176772594,-0.05993884801864624,56.19607925415039
97,0.09709709882736206,42.40175247192383,-0.003952179569751024,-0.05821768939495087,55.87017059326172
98,0.09809809923171997,42.4377326965332,-0.003930680453777313,-0.06628590077161789,57.98439025878906
99,0.09909909963607788,42.473731994628906,-0.0038740811869502068,-0.06787852942943573,58.51848220825195
100,0.10010010004043579,42.5097770690918,-0.003822579514235258,-0.06193244084715843,57.07489776611328
101,0.1011011004447937,42.545841217041016,-0.003793163690716028,-0.06404438614845276,57.66716384887695
102,0.10210210084915161,42.58195114135742,-0.0037701192777603865,-0.060875385999679565,56.83892822265625
103,0.10310310125350952,42.618080139160156,-0.0037351336795836687,-0.054403770714998245,55.10184097290039
104,0.10410410165786743,42.65423583984375,-0.0037241652607917786,-0.054707273840904236,55.183223724365234
105,0.10510510206222534,42.6904296875,-0.003709231736138463,-0.05292658880352974,54.647335052490234
106,0.10610610246658325,42.726654052734375,-0.0036945617757737637,-0.052360497415065765,54.46846389770508
107,0.10710710287094116,42.762908935546875,-0.0036846583243459463,-0.0568339079618454,55.7025032043457
108,0.10810810327529907,42.799190521240234,-0.0036117881536483765,-0.04990589991211891,53.868587493896484
109,0.10910911113023758,42.83551025390625,-0.0035604285076260567,-0.04678644239902496,53.066619873046875
110,0.11011011153459549,42.871856689453125,-0.003588890889659524,-0.052978843450546265,54.90409851074219
111,0.1111111119389534,42.90822982788086,-0.003523695981130004,-0.04686817526817322,53.324554443359375
112,0.11211211234331131,42.94463348388672,-0.0035322413314133883,-0.05088673532009125,54.63975143432617
113,0.11311311274766922,42.9810791015625,-0.003463543951511383,-0.04791494458913803,54.00156784057617
114,0.11411411315202713,43.017547607421875,-0.003440095344558358,-0.04977530613541603,54.761558532714844
115,0.11511511355638504,43.054054260253906,-0.0034167668782174587,-0.05285293981432915,55.91686248779297
116,0.11611611396074295,43.090579986572266,-0.003427597228437662,-0.059583235532045364,58.01582336425781
117,0.11711711436510086,43.127140045166016,-0.0034312759526073933,-0.0685480609536171,60.71281433105469
118,0.11811811476945877,43.16373825073242,-0.0034073395654559135,-0.06587045639753342,59.949520111083984
119,0.11911911517381668,43.20035934448242,-0.0034205219708383083,-0.07421983033418655,62.350013732910156
120,0.12012011557817459,43.23701477050781,-0.003427795832976699,-0.0806095227599144,64.14439392089844
121,0.1211211159825325,43.27370834350586,-0.0034183852840214968,-0.08043891191482544,64.13243865966797
122,0.12212212383747101,43.3104248046875,-0.0033970552030950785,-0.08220626413822174,64.71189880371094
123,0.12312312424182892,43.34716796875,-0.0033839428797364235,-0.08140912652015686,64.55563354492188
124,0.12412412464618683,43.38395309448242,-0.0033726529218256474,-0.07525842636823654,62.89714813232422
125,0.12512512505054474,43.42076110839844,-0.0033430831972509623,-0.07003079354763031,61.56122589111328
126,0.12612612545490265,43.45760726928711,-0.0033142180182039738,-0.07109573483467102,62.1256103515625
127,0.12712712585926056,43.494476318359375,-0.003268941305577755,-0.062048934400081635,59.60873031616211
128,0.12812812626361847,43.5313835144043,-0.0032453718595206738,-0.060703981667757034,59.38162612915039
129,0.12912912666797638,43.56832504272461,-0.003180074505507946,-0.052693821489810944,57.032833099365234
130,0.1301301270723343,43.605289459228516,-0.003212569048628211,-0.056894659996032715,58.45927810668945
131,0.1311311274766922,43.64228820800781,-0.0031954876612871885,-0.05485399439930916,57.9053840637207
132,0.1321321278810501,43.679317474365234,-0.0031667128205299377,-0.05301281064748764,57.406558990478516
133,0.13313312828540802,43.71638107299805,-0.003179400460794568,-0.05782249569892883,58.98837661743164
134,0.13413412868976593,43.753475189208984,-0.0031228363513946533,-0.05429157614707947,57.90991973876953
135,0.13513512909412384,43.79059600830078,-0.0030601946637034416,-0.05663482844829559,58.896324157714844
136,0.13613612949848175,43.827762603759766,-0.002966388128697872,-0.054058585315942764,58.25265884399414
137,0.13713712990283966,43.86494445800781,-0.002911713905632496,-0.05370640382170677,58.28239822387695
138,0.13813813030719757,43.902164459228516,-0.0028826992493122816,-0.05323892831802368,58.19670486450195
139,0.13913913071155548,43.93941879272461,-0.002892256248742342,-0.05577140673995018,59.152679443359375
140,0.1401401311159134,43.9766960144043,-0.0028966323006898165,-0.05641396716237068,59.435203552246094
141,0.1411411464214325,44.014015197753906,-0.002861899323761463,-0.051843274384737015,57.899810791015625
142,0.1421421468257904,44.051361083984375,-0.0028786994516849518,-0.05368359386920929,58.64231491088867
143,0.14314314723014832,44.08873748779297,-0.0028183097019791603,-0.05023856461048126,57.64863204956055
144,0.14414414763450623,44.12614822387695,-0.002798671368509531,-0.0501897856593132,57.80814743041992
145,0.14514514803886414,44.1635856628418,-0.002752932021394372,-0.04829581081867218,57.32209777832031
146,0.14614614844322205,44.20106506347656,-0.0027487161569297314,-0.05063832551240921,58.4163932800293
147,0.14714714884757996,44.238563537597656,-0.0027392602059990168,-0.05272619426250458,59.40867614746094
148,0.14814814925193787,44.27610778808594,-0.0026645204052329063,-0.048046961426734924,57.83751678466797
149,0.14914914965629578,44.31366729736328,-0.002606533467769623,-0.04432512819766998,56.474212646484375
150,0.1501501500606537,44.35126876831055,-0.0025926311500370502,-0.043929509818553925,56.2916374206543
151,0.1511511504650116,44.38890075683594,-0.002661667997017503,-0.05152798816561699,59.10527038574219
152,0.1521521508693695,44.426570892333984,-0.0027034394443035126,-0.06547044962644577,64.18888854980469
153,0.15315315127372742,44.464263916015625,-0.002699740696698427,-0.06632649898529053,64.382568359375
154,0.15415415167808533,44.50199508666992,-0.002699684351682663,-0.06582476198673248,64.05570220947266
155,0.15515515208244324,44.53975296020508,-0.0026830066926777363,-0.06460033357143402,63.602081298828125
156,0.15615615248680115,44.57754898071289,-0.0026574686635285616,-0.06475656479597092,63.765594482421875
157,0.15715715289115906,44.6153678894043,-0.0026229298673570156,-0.07441612333059311,67.62279510498047
158,0.15815815329551697,44.653228759765625,-0.0026014919858425856,-0.07391153275966644,67.68008422851562
159,0.15915915369987488,44.69111251831055,-0.002589559881016612,-0.07101709395647049,66.81848907470703
160,0.1601601541042328,44.72903823852539,-0.0025764566380530596,-0.07001440972089767,66.66670227050781
161,0.1611611545085907,44.76698684692383,-0.0025719357654452324,-0.07307034730911255,67.99859619140625
162,0.1621621549129486,44.804969787597656,-0.0025785923935472965,-0.0703171044588089,66.9892807006836
163,0.16316315531730652,44.842987060546875,-0.0025920658372342587,-0.07327686995267868,68.10487365722656
164,0.16416415572166443,44.88103485107422,-0.0025697059463709593,-0.06531815230846405,65.22166442871094
165,0.16516515612602234,44.91912078857422,-0.0025381087325513363,-0.06437024474143982,65.1458740234375
166,0.16616615653038025,44.95723342895508,-0.0024998162407428026,-0.061656150966882706,64.3653335571289
167,0.16716717183589935,44.99538040161133,-0.002478860318660736,-0.06337527930736542,65.27389526367188
168,0.16816817224025726,45.03356170654297,-0.0024261288344860077,-0.05605949088931084,62.45737075805664
169,0.16916917264461517,45.071773529052734,-0.0023825361859053373,-0.05188058689236641,60.74943923950195
170,0.17017017304897308,45.110015869140625,-0.0023733600974082947,-0.05127418413758278,60.43502426147461
171,0.171171173453331,45.14828872680664,-0.0024177972227334976,-0.05720861256122589,62.82622528076172
172,0.1721721738576889,45.18659973144531,-0.0024225374218076468,-0.05657649040222168,62.44282531738281
173,0.17317317426204681,45.22494125366211,-0.00242769718170166,-0.05662501975893974,62.34870910644531
174,0.17417417466640472,45.2633171081543,-0.002434435999020934,-0.05836927145719528,63.005184173583984
175,0.17517517507076263,45.30172348022461,-0.0023850034922361374,-0.05351704731583595,61.11708450317383
176,0.17617617547512054,45.34016036987305,-0.0023197303526103497,-0.05001134052872658,59.85438537597656
177,0.17717717587947845,45.37863540649414,-0.002278505591675639,-0.04906195029616356,59.6622428894043
178,0.17817817628383636,45.41713333129883,-0.0022442718036472797,-0.04785187169909477,59.34028625488281
179,0.17917917668819427,45.45567321777344,-0.0022064431104809046,-0.045826517045497894,58.621681213378906
180,0.18018017709255219,45.49424362182617,-0.0022321026772260666,-0.047763511538505554,59.6253662109375
181,0.1811811774969101,45.53284454345703,-0.002178098075091839,-0.04338469356298447,57.739234924316406
182,0.182182177901268,45.571475982666016,-0.002152780769392848,-0.04125828295946121,56.83104705810547
183,0.18318317830562592,45.610145568847656,-0.0021427939645946026,-0.041021496057510376,56.780296325683594
184,0.18418417870998383,45.64884567260742,-0.002161332406103611,-0.04363240674138069,58.06383514404297
185,0.18518517911434174,45.68758010864258,-0.0021829381585121155,-0.04709383845329285,59.687843322753906
186,0.18618617951869965,45.726348876953125,-0.002142568351700902,-0.04551703855395317,58.95843505859375
187,0.18718717992305756,45.76514434814453,-0.0020575018133968115,-0.04142540693283081,57.03205108642578
188,0.18818818032741547,45.803977966308594,-0.002051091054454446,-0.042721834033727646,57.67674255371094
189,0.18918918073177338,45.84284210205078,-0.002031549345701933,-0.042805034667253494,57.759883880615234
190,0.1901901811361313,45.881744384765625,-0.0019039784092456102,-0.03636183962225914,54.599143981933594
191,0.1911911815404892,45.92066955566406,-0.0019021700136363506,-0.03722327575087547,55.181175231933594
192,0.1921921968460083,45.95963668823242,-0.0018667714903131127,-0.036012642085552216,54.69257354736328
193,0.1931931972503662,45.99863052368164,-0.0018344477284699678,-0.03446292504668236,53.98049545288086
194,0.19419419765472412,46.037662506103516,-0.0017476673237979412,-0.029969708994030952,51.57114028930664
195,0.19519519805908203,46.07672882080078,-0.0017399892676621675,-0.029539866372942924,51.418724060058594
196,0.19619619846343994,46.115821838378906,-0.0017158219125121832,-0.028243282809853554,50.71144485473633
197,0.19719719886779785,46.15495300292969,-0.0017690138192847371,-0.03048199787735939,52.01652145385742
198,0.19819819927215576,46.194114685058594,-0.0017764706863090396,-0.030556591227650642,52.07182693481445
199,0.19919919967651367,46.23331069946289,-0.0016804379411041737,-0.026493312790989876,49.73025131225586
200,0.20020020008087158,46.27254104614258,-0.0015794280916452408,-0.023283738642930984,47.749149322509766
201,0.2012012004852295,46.31180191040039,-0.0014773025177419186,-0.020901694893836975,46.16875457763672
202,0.2022022008895874,46.35110092163086,-0.001423884998075664,-0.020217370241880417,45.65365982055664
203,0.2032032012939453,46.39043045043945,-0.0012832570355385542,-0.018118390813469887,44.08513641357422
204,0.20420420169830322,46.42979049682617,-0.0013873554999008775,-0.020645901560783386,45.997005462646484
205,0.20520520210266113,46.46918487548828,-0.0013886606320738792,-0.02090083435177803,46.267215728759766
206,0.20620620250701904,46.50861740112305,-0.001459229737520218,-0.0227474644780159,47.63328552246094
207,0.20720720291137695,46.54807662963867,-0.001471237512305379,-0.022937210276722908,47.83736801147461
208,0.20820820331573486,46.58757400512695,-0.001340804505161941,-0.019268738105893135,45.323219299316406
209,0.20920920372009277,46.62710189819336,-0.0011570013593882322,-0.01597091369330883,42.750877380371094
210,0.21021020412445068,46.666664123535156,-0.0009729313896968961,-0.013824453577399254,40.72137451171875
211,0.2112112045288086,46.706260681152344,-0.0008505944861099124,-0.012920308858156204,39.60382843017578
212,0.2122122049331665,46.74589157104492,-0.00064227229449898,-0.011565782129764557,37.526580810546875
213,0.21321320533752441,46.78555679321289,-0.000463052507257089,-0.010681704618036747,35.5316276550293
214,0.21421420574188232,46.825252532958984,-0.0004353657423052937,-0.01065540499985218,35.12946701049805
215,0.21521520614624023,46.864990234375,-0.0004045492096338421,-0.010611818172037601,34.644012451171875
216,0.21621620655059814,46.90475082397461,-0.0003928703663405031,-0.010591058991849422,34.43881607055664
217,0.21721720695495605,46.94455337524414,-0.0004057168262079358,-0.010586291551589966,34.65801239013672
218,0.21821822226047516,46.98438262939453,-0.0003097485168837011,-0.009981626644730568,33.27348709106445
219,0.21921922266483307,47.024253845214844,-0.000287411967292428,-0.009789038449525833,33.02587890625
220,0.22022022306919098,47.064151763916016,-0.0002992908121086657,-0.00992222223430872,33.23481369018555
221,0.2212212234735489,47.104087829589844,-0.00028235220815986395,-0.010026250034570694,32.98567199707031
222,0.2222222238779068,47.14405059814453,-0.00026159966364502907,-0.010128783993422985,32.68626022338867
223,0.2232232242822647,47.18405532836914,-0.00022916776651982218,-0.010179185308516026,32.211814880371094
224,0.22422422468662262,47.22409439086914,-0.00018009352788794786,-0.010143986903131008,31.44934844970703
225,0.22522522509098053,47.264163970947266,-0.00024865346495062113,-0.010491139255464077,32.540645599365234
226,0.22622622549533844,47.304264068603516,-0.0003205469693057239,-0.010878901928663254,33.656551361083984
227,0.22722722589969635,47.34440231323242,-0.00020940162357874215,-0.01045159250497818,31.89961814880371
228,0.22822822630405426,47.384578704833984,-0.00015217346663121134,-0.010232359170913696,30.834110260009766
229,0.22922922670841217,47.424781799316406,-9.953899279935285e-05,-0.010009575635194778,29.7578182220459
230,0.23023022711277008,47.465023040771484,-2.9177061151131056e-05,-0.009847534820437431,28.073087692260742
231,0.231231227517128,47.50529479980469,-6.566791125806049e-05,-0.009890448302030563,28.62699317932129
232,0.2322322279214859,47.54560470581055,-1.9839089873130433e-05,-0.009898862801492214,27.2701473236084
233,0.2332332283258438,47.58594512939453,-4.022557914140634e-05,-0.009974125772714615,27.450355529785156
234,0.23423422873020172,47.62632369995117,3.1710118491901085e-05,-0.010082822293043137,25.211082458496094
235,0.23523522913455963,47.6667366027832,0.00011269545939285308,-0.010480597615242004,21.037302017211914
236,0.23623622953891754,47.707176208496094,9.213696466758847e-05,-0.010496126487851143,20.88064956665039
237,0.23723722994327545,47.74766540527344,6.87997744535096e-05,-0.010401897132396698,21.754365921020508
238,0.23823823034763336,47.788177490234375,3.915615161531605e-05,-0.010301305912435055,23.205137252807617
239,0.23923923075199127,47.8287239074707,-3.4835742553696036e-05,-0.010313182137906551,26.286945343017578
240,0.24024023115634918,47.86930847167969,2.5139403078355826e-05,-0.010373377241194248,22.936185836791992
241,0.2412412315607071,47.9099235534668,-4.1260158468503505e-05,-0.010476183146238327,25.825876235961914
242,0.242242231965065,47.95058059692383,-5.625909125228645e-06,-0.010506116785109043,23.50054931640625
243,0.2432432323694229,47.99126052856445,-7.806000212440267e-06,-0.01054372638463974,23.25777816772461
244,0.24424424767494202,48.031982421875,2.6584730221657082e-06,-0.01055443286895752,22.54368019104004
245,0.24524524807929993,48.07273864746094,-5.113847873872146e-05,-0.01060441043227911,25.261642456054688
246,0.24624624848365784,48.113529205322266,-2.347051486140117e-05,-0.01056240126490593,24.19952964782715
247,0.24724724888801575,48.154354095458984,4.792498657479882e-05,-0.010579723864793777,21.81967544555664
248,0.24824824929237366,48.19520950317383,1.3919549928687047e-05,-0.010494370944797993,23.352291107177734
249,0.24924924969673157,48.236106872558594,5.8398902183398604e-05,-0.010498924180865288,22.494537353515625
250,0.2502502501010895,48.277034759521484,0.0001289777719648555,-0.01066512055695057,20.958112716674805
251,0.2512512505054474,48.317996978759766,0.00017551725613884628,-0.011123170144855976,18.292755126953125
252,0.2522522509098053,48.35899353027344,0.0001430487318430096,-0.011343619786202908,16.605140686035156
253,0.2532532513141632,48.40003204345703,0.0001027182734105736,-0.011212212033569813,16.348873138427734
254,0.2542542517185211,48.44109344482422,3.317766822874546e-05,-0.011148583143949509,14.440765380859375
255,0.25525525212287903,48.48219680786133,2.5381154046044685e-05,-0.010933969169855118,16.16111946105957
256,0.25625625252723694,48.52333450317383,3.096022737736348e-06,-0.010831662453711033,17.051618576049805
257,0.25725725293159485,48.564510345458984,-2.2160165826790035e-05,-0.010751977562904358,16.27341079711914
258,0.25825825333595276,48.605712890625,-3.447962808422744e-05,-0.010729955509305,17.68010902404785
259,0.25925925374031067,48.64695739746094,-4.8114143282873556e-05,-0.010659999214112759,17.132770538330078
260,0.2602602541446686,48.688236236572266,-5.219969170866534e-05,-0.010682947933673859,18.69169044494629
261,0.2612612545490265,48.729549407958984,-7.37381778890267e-05,-0.010781747289001942,21.413692474365234
262,0.2622622549533844,48.770896911621094,-5.766899266745895e-05,-0.010702389292418957,20.759511947631836
263,0.2632632553577423,48.812278747558594,-4.916839679935947e-05,-0.010713165625929832,20.627317428588867
264,0.2642642557621002,48.85369110107422,-7.996360363904387e-05,-0.01086097676306963,23.14053726196289
265,0.26526525616645813,48.895145416259766,-5.908542516408488e-05,-0.010789730586111546,22.442523956298828
266,0.26626625657081604,48.93663787841797,-7.012823334662244e-05,-0.010852840729057789,23.45263671875
267,0.26726725697517395,48.97815704345703,-5.1177448767703027e-05,-0.010823884047567844,22.37409210205078
268,0.26826825737953186,49.01971435546875,-4.446882303454913e-05,-0.01082638744264841,21.487520217895508
269,0.26926925778388977,49.061309814453125,-5.96899408265017e-05,-0.010909412987530231,21.95865249633789
270,0.2702702581882477,49.10293960571289,-6.411528738681227e-05,-0.010855431668460369,19.992212295532227
271,0.2712712585926056,49.14460754394531,-8.966471068561077e-05,-0.011028408072888851,21.41664695739746
272,0.2722722589969635,49.18630599975586,-0.0001229348563356325,-0.011283609084784985,22.79553985595703
273,0.2732732594013214,49.2280387878418,-0.00015970898675732315,-0.011617406271398067,24.179550170898438
274,0.2742742598056793,49.26980972290039,-0.00017245380149688572,-0.011678370647132397,23.767871856689453
275,0.27527526021003723,49.31161880493164,-0.0001844230282586068,-0.011695523746311665,23.312397003173828
276,0.27627626061439514,49.35345458984375,-0.00018488327623344958,-0.011510107666254044,22.028894424438477
277,0.27727726101875305,49.39533233642578,-0.0001782673061825335,-0.011223250068724155,20.468250274658203
278,0.27827826142311096,49.4372444152832,-0.00017849350115284324,-0.011138253845274448,20.028337478637695
279,0.27927926182746887,49.479190826416016,-0.00017883167311083525,-0.01113127265125513,19.86878776550293
280,0.2802802622318268,49.52117156982422,-0.00018485788314137608,-0.01134651992470026,21.038291931152344
281,0.2812812626361847,49.56319046020508,-0.0001831005502026528,-0.011436820030212402,21.370532989501953
282,0.282282292842865,49.60525131225586,-0.0001794180425349623,-0.011427572928369045,20.901996612548828
283,0.2832832932472229,49.6473388671875,-0.00017097813542932272,-0.011016675271093845,18.0945987701416
284,0.2842842936515808,49.6894645690918,-0.00018198156612925231,-0.011393710970878601,19.915735244750977
285,0.2852852940559387,49.73162841796875,-0.00018235108291264623,-0.011031740345060825,17.81266212463379
286,0.28628629446029663,49.77382278442383,-0.00018738162179943174,-0.011179598979651928,18.737058639526367
287,0.28728729486465454,49.81605911254883,-0.00018453996744938195,-0.011007876135408878,18.20000648498535
288,0.28828829526901245,49.85832595825195,-0.00018904457101598382,-0.011413687840104103,20.831892013549805
289,0.28928929567337036,49.900630950927734,-0.00018459564307704568,-0.011310352012515068,20.701452255249023
290,0.29029029607772827,49.94297409057617,-0.00019293057266622782,-0.011435912922024727,21.669702529907227
291,0.2912912964820862,49.985355377197266,-0.00021350086899474263,-0.01172199472784996,23.13815689086914
292,0.2922922968864441,50.02776336669922,-0.00022617712966166437,-0.011809065006673336,23.460227966308594
293,0.293293297290802,50.07020950317383,-0.00021516738343052566,-0.011442617513239384,21.705825805664062
294,0.2942942976951599,50.11269760131836,-0.00024189938267227262,-0.011830245144665241,23.375478744506836
295,0.2952952980995178,50.155216217041016,-0.0002537739637773484,-0.011902770027518272,23.637699127197266
296,0.29629629850387573,50.197776794433594,-0.0002497223613318056,-0.011677395552396774,22.708911895751953
297,0.29729729890823364,50.2403678894043,-0.0002346417895751074,-0.011251718737185001,21.039457321166992
298,0.29829829931259155,50.282997131347656,-0.00025532505242154,-0.011657802388072014,22.7349796295166
299,0.29929929971694946,50.32566452026367,-0.00025702035054564476,-0.011750203557312489,23.211156845092773
300,0.3003003001213074,50.36836242675781,-0.00028565607499331236,-0.012646695598959923,26.602964401245117
301,0.3013013005256653,50.41109848022461,-0.0002658081357367337,-0.012373819947242737,25.736230850219727
302,0.3023023009300232,50.45387649536133,-0.0002359333448112011,-0.011934354901313782,24.043188095092773
303,0.3033033013343811,50.49668502807617,-0.0002468684106133878,-0.012492479756474495,26.590681076049805
304,0.304304301738739,50.53953552246094,-0.00024084883625619113,-0.012559337541460991,27.131519317626953
305,0.3053053021430969,50.58241653442383,-0.0002507379394955933,-0.012804844416677952,28.461633682250977
306,0.30630630254745483,50.625335693359375,-0.000250840384978801,-0.012817840091884136,28.849254608154297
307,0.30730730295181274,50.66829299926758,-0.0002293373690918088,-0.012477976270020008,27.773237228393555
308,0.30830830335617065,50.71128463745117,-0.00024752391618676484,-0.012677703984081745,28.803977966308594
309,0.30930930376052856,50.754310607910156,-0.00028303259750828147,-0.01309860311448574,30.395936965942383
310,0.3103103041648865,50.79737854003906,-0.000281548680504784,-0.01300702802836895,29.9492244720459
311,0.3113113045692444,50.840476989746094,-0.000270875811111182,-0.012727413326501846,28.782114028930664
312,0.3123123049736023,50.88361358642578,-0.0002813630271703005,-0.012806393206119537,28.85158920288086
313,0.3133133053779602,50.92679214477539,-0.0002894070348702371,-0.01285309437662363,28.94886589050293
314,0.3143143057823181,50.97000503540039,-0.0003326912992633879,-0.013748674653470516,31.819580078125
315,0.315315306186676,51.01325225830078,-0.0003088591038249433,-0.013118863105773926,29.79680633544922
316,0.31631630659103394,51.056541442871094,-0.0003041198360733688,-0.012981753796339035,29.407711029052734
317,0.31731730699539185,51.099857330322266,-0.0003164064255543053,-0.013313551433384418,30.5600528717041
318,0.31831830739974976,51.14321517944336,-0.00030449690530076623,-0.013095036149024963,29.901763916015625
319,0.31931930780410767,51.186614990234375,-0.0002714786387514323,-0.012479848228394985,27.793725967407227
320,0.3203203082084656,51.23004913330078,-0.00023046371643431485,-0.011790900491178036,24.98525619506836
321,0.3213213086128235,51.27351379394531,-0.00025309022748842835,-0.01222999207675457,26.688608169555664
322,0.3223223090171814,51.317020416259766,-0.00025169295258820057,-0.012211880646646023,26.43625831604004
323,0.3233233094215393,51.36056137084961,-0.00026018667267635465,-0.012385457754135132,26.7042179107666
324,0.3243243098258972,51.40414047241211,-0.00025733414804562926,-0.012317048385739326,25.901918411254883
325,0.3253253102302551,51.44776153564453,-0.0002547976328060031,-0.012187949381768703,24.915508270263672
326,0.32632631063461304,51.49141311645508,-0.00027421480626799166,-0.012592350132763386,26.129226684570312
327,0.32732731103897095,51.53510284423828,-0.0002536872634664178,-0.011854493990540504,23.13384246826172
328,0.32832831144332886,51.578834533691406,-0.0002473318309057504,-0.011461853049695492,21.58637237548828
329,0.32932931184768677,51.622596740722656,-0.00024378539819736034,-0.011152285151183605,20.46837615966797
330,0.3303303122520447,51.66639709472656,-0.00024928466882556677,-0.011131620034575462,20.646482467651367
331,0.3313313126564026,51.71023941040039,-0.00022774854733143002,-0.01027426216751337,17.420087814331055
332,0.3323323130607605,51.754112243652344,-0.00022171897580847144,-0.01001663040369749,16.615449905395508
333,0.3333333432674408,51.79802703857422,-0.00022072120918892324,-0.01003345474600792,17.061168670654297
334,0.3343343436717987,51.84197998046875,-0.0002545347670093179,-0.010845238342881203,20.729549407958984
335,0.3353353440761566,51.88597106933594,-0.00026310051907785237,-0.011006664484739304,21.28522491455078
336,0.3363363444805145,51.92999267578125,-0.00026765678194351494,-0.011133810505270958,21.707786560058594
337,0.33733734488487244,51.974056243896484,-0.0002791916485875845,-0.01147220004349947,22.9007511138916
338,0.33833834528923035,52.018157958984375,-0.00026441237423568964,-0.010848420672118664,20.592031478881836
339,0.33933934569358826,52.06229782104492,-0.00028243716224096715,-0.011577367782592773,23.209880828857422
340,0.34034034609794617,52.106468200683594,-0.0002770292339846492,-0.011342128738760948,22.381847381591797
341,0.3413413465023041,52.15068054199219,-0.00027252198196947575,-0.011066922917962074,21.38452911376953
342,0.342342346906662,52.19493103027344,-0.0002728397666942328,-0.010971742682158947,21.036361694335938
343,0.3433433473110199,52.23921585083008,-0.00027134991250932217,-0.010668295435607433,19.93614959716797
344,0.3443443477153778,52.283546447753906,-0.0002735084854066372,-0.010635653510689735,19.746055603027344
345,0.3453453481197357,52.327911376953125,-0.00027215268346481025,-0.010435273870825768,18.97920036315918
346,0.34634634852409363,52.372310638427734,-0.0002670761605259031,-0.010064415633678436,17.629348754882812
347,0.34734734892845154,52.416744232177734,-0.00025980922509916127,-0.00948263704776764,15.449045181274414
348,0.34834834933280945,52.46122360229492,-0.0002623127948027104,-0.009069865569472313,13.922286033630371
349,0.34934934973716736,52.505733489990234,-0.0002791078295558691,-0.010122896172106266,17.865489959716797
350,0.35035035014152527,52.55028533935547,-0.0002792624873109162,-0.009599157609045506,16.04693031311035
351,0.3513513505458832,52.594879150390625,-0.0002821419620886445,-0.009154985658824444,14.606274604797363
352,0.3523523509502411,52.639503479003906,-0.0002926465531345457,-0.009879698045551777,17.30736541748047
353,0.353353351354599,52.68416976928711,-0.0002948459004983306,-0.010065170004963875,18.147829055786133
354,0.3543543517589569,52.72887420654297,-0.0002931179478764534,-0.010121425613760948,18.58001136779785
355,0.3553553521633148,52.77360916137695,-0.00030409236205741763,-0.0112559599801898,22.618785858154297
356,0.35635635256767273,52.81839370727539,-0.0003015301190316677,-0.011243993416428566,22.684717178344727
357,0.35735735297203064,52.86320495605469,-0.00028926588129252195,-0.01046955306082964,20.054214477539062
358,0.35835835337638855,52.90806198120117,-0.00028535767341963947,-0.010053997859358788,18.46014404296875
359,0.35935935378074646,52.95295333862305,-0.00029702106257900596,-0.010511095635592937,19.746679306030273
360,0.36036035418510437,52.99788284301758,-0.0003026105696335435,-0.010037411004304886,17.86637306213379
361,0.3613613545894623,53.0428581237793,-0.0003094499697908759,-0.010138602927327156,18.070110321044922
362,0.3623623549938202,53.087860107421875,-0.00031487911473959684,-0.010818311013281345,20.262483596801758
363,0.3633633553981781,53.13290786743164,-0.00031537871109321713,-0.010630671866238117,19.760007858276367
364,0.364364355802536,53.1779899597168,-0.0003152374702040106,-0.009910309687256813,17.547109603881836
365,0.3653653562068939,53.223114013671875,-0.00031936762388795614,-0.01070721261203289,20.05513572692871
366,0.36636635661125183,53.268272399902344,-0.0003229261201340705,-0.010294846259057522,18.760435104370117
367,0.36736735701560974,53.31346893310547,-0.00032496993662789464,-0.009777226485311985,17.226037979125977
368,0.36836835741996765,53.358707427978516,-0.00032151868799701333,-0.008708203211426735,14.01065731048584
369,0.36936935782432556,53.40398025512695,-0.00032103320700116456,-0.008908619172871113,14.678760528564453
370,0.37037035822868347,53.44929885864258,-0.00031457404838874936,-0.008137406781315804,12.250299453735352
371,0.3713713586330414,53.49464797973633,-0.0003088205121457577,-0.007489543408155441,10.098536491394043
372,0.3723723590373993,53.5400390625,-0.0003076554858125746,-0.006913107354193926,8.097570419311523
373,0.3733733594417572,53.58546829223633,-0.00030971114756539464,-0.006719398777931929,7.296917915344238
374,0.3743743598461151,53.63093566894531,-0.00030972069362178445,-0.007099515292793512,8.310335159301758
375,0.375375360250473,53.67644500732422,-0.00031332153594121337,-0.0073253498412668705,8.913097381591797
376,0.37637636065483093,53.721988677978516,-0.0003300322568975389,-0.006138081196695566,5.195929050445557
377,0.37737736105918884,53.76757049560547,-0.0003300652315374464,-0.006390543654561043,5.969818592071533
378,0.37837836146354675,53.813194274902344,-0.00032138783717527986,-0.007433269638568163,9.128326416015625
379,0.37937936186790466,53.858856201171875,-0.00033582281321287155,-0.0063157835975289345,5.694119930267334
380,0.3803803622722626,53.9045524597168,-0.0003370186313986778,-0.006322480738162994,5.721210479736328
381,0.3813813626766205,53.950294494628906,-0.00034178339410573244,-0.006148521322757006,5.296973705291748
382,0.3823823630809784,53.996070861816406,-0.00031048464006744325,-0.00763136800378561,9.908332824707031
383,0.3833833634853363,54.04188919067383,-0.000311984185827896,-0.00722124520689249,8.65880012512207
384,0.3843843936920166,54.08774185180664,-0.0003026960766874254,-0.007501561660319567,9.656160354614258
385,0.3853853940963745,54.133636474609375,-0.0002871816395781934,-0.008050739765167236,11.51525592803955
386,0.3863863945007324,54.1795654296875,-0.00028184778057038784,-0.007688348647207022,10.134713172912598
387,0.38738739490509033,54.22554016113281,-0.0002827942662406713,-0.007351366803050041,8.790050506591797
388,0.38838839530944824,54.271549224853516,-0.0003126115771010518,-0.006536627188324928,5.941332817077637
389,0.38938939571380615,54.317596435546875,-0.0003385156742297113,-0.00589437922462821,3.973315715789795
390,0.39039039611816406,54.363685607910156,-0.00035299849696457386,-0.005474986974149942,2.677173614501953
391,0.391391396522522,54.40981674194336,-0.0003501827013678849,-0.005500038620084524,2.6721012592315674
392,0.3923923969268799,54.45597839355469,-0.0003498558944556862,-0.005361982621252537,2.3665316104888916
393,0.3933933973312378,54.502193450927734,-0.00032565221772529185,-0.006235145963728428,5.331361293792725
394,0.3943943977355957,54.54843521118164,-0.00033533983514644206,-0.005433768965303898,3.2874207496643066
395,0.3953953981399536,54.59471893310547,-0.00033184318454004824,-0.005551948212087154,4.026787281036377
396,0.3963963985443115,54.64104080200195,-0.0003309139283373952,-0.0056693037040531635,4.694111347198486
397,0.39739739894866943,54.68740463256836,-0.000332694937242195,-0.005448863375931978,4.315924644470215
398,0.39839839935302734,54.73381042480469,-0.0003339186660014093,-0.00643647275865078,7.45065975189209
399,0.39939939975738525,54.780250549316406,-0.00033195214928127825,-0.006728467997163534,8.41631031036377
400,0.40040040016174316,54.82673263549805,-0.0003292629844509065,-0.006386049557477236,7.376682281494141
401,0.4014014005661011,54.87324905395508,-0.00033005967270582914,-0.006142835132777691,6.673088550567627
402,0.402402400970459,54.91980743408203,-0.00033173547126352787,-0.005937724839895964,6.0998029708862305
403,0.4034034013748169,54.96641540527344,-0.0003216848708689213,-0.006406117230653763,7.694316864013672
404,0.4044044017791748,55.01305389404297,-0.0003143204958178103,-0.006999777164310217,9.67123794555664
405,0.4054054021835327,55.059730529785156,-0.00031109582050703466,-0.007389631122350693,10.961345672607422
406,0.4064064025878906,55.106449127197266,-0.0003111830446869135,-0.007090325001627207,10.036209106445312
407,0.40740740299224854,55.1532096862793,-0.0003124005161225796,-0.0070703537203371525,10.017011642456055
408,0.40840840339660645,55.200008392333984,-0.0003145222144667059,-0.006896243896335363,9.503361701965332
409,0.40940940380096436,55.24684524536133,-0.00031623701215721667,-0.006632072385400534,8.65538215637207
410,0.41041040420532227,55.293724060058594,-0.000314880016958341,-0.006763456854969263,8.959528923034668
411,0.4114114046096802,55.340641021728516,-0.0003181450301781297,-0.006216938141733408,7.131995677947998
412,0.4124124050140381,55.38759231567383,-0.00031160152866505086,-0.006648788694292307,8.392845153808594
413,0.413413405418396,55.43458938598633,-0.0003179231134708971,-0.0061889695934951305,6.820566177368164
414,0.4144144058227539,55.481624603271484,-0.00032902261591516435,-0.005849857348948717,5.6809258460998535
415,0.4154154062271118,55.52870178222656,-0.00034057116135954857,-0.005566966719925404,4.763131141662598
416,0.4164164066314697,55.5758171081543,-0.00036118790740147233,-0.005061568692326546,3.350393295288086
417,0.41741740703582764,55.62297439575195,-0.0003471084055490792,-0.005398266017436981,4.443389892578125
418,0.41841840744018555,55.67017364501953,-0.0003909792867489159,-0.004180050455033779,1.4678999185562134
419,0.41941940784454346,55.71741485595703,-0.00038801360642537475,-0.004250455182045698,1.8678584098815918
420,0.42042040824890137,55.764686584472656,-0.0003969515673816204,-0.003986751660704613,1.268002986907959
421,0.4214214086532593,55.81200408935547,-0.0003163508081343025,-0.0062172431498765945,7.480937957763672
422,0.4224224090576172,55.85935592651367,-0.0003810793277807534,-0.004441105294972658,2.2551469802856445
423,0.4234234094619751,55.90675735473633,-0.00035604063305072486,-0.004999781493097544,3.5996878147125244
424,0.424424409866333,55.954193115234375,-0.00036043403088115156,-0.004830174148082733,3.0885162353515625
425,0.4254254102706909,56.00166702270508,-0.00035103101981803775,-0.005012129433453083,3.8770861625671387
426,0.42642641067504883,56.04918670654297,-0.000332426541717723,-0.005544209852814674,5.8724684715271
427,0.42742741107940674,56.096744537353516,-0.0003394581435713917,-0.0054573779925704,6.062601089477539
428,0.42842841148376465,56.14434814453125,-0.00035086279967799783,-0.004839502274990082,4.534055233001709
429,0.42942941188812256,56.191978454589844,-0.00034958485048264265,-0.004766229074448347,4.406718730926514
430,0.43043041229248047,56.239662170410156,-0.0003426169278100133,-0.005224871914833784,5.69258975982666
431,0.4314314126968384,56.287384033203125,-0.00034112820867449045,-0.005386125296354294,6.067644119262695
432,0.4324324131011963,56.335140228271484,-0.0003525124047882855,-0.004520618822425604,3.6129469871520996
433,0.4334334135055542,56.3829460144043,-0.0003627559053711593,-0.004065415821969509,2.429417848587036
434,0.4344344139099121,56.430782318115234,-0.00037287629675120115,-0.003722808789461851,1.5429655313491821
435,0.43543541431427,56.478668212890625,-0.0003787594032473862,-0.00354975089430809,1.0984642505645752
436,0.4364364445209503,56.526588439941406,-0.0003837185795418918,-0.0033528346102684736,0.57810378074646
437,0.4374374449253082,56.574554443359375,-0.00036310404539108276,-0.004750285763293505,4.298083782196045
438,0.43843844532966614,56.62255859375,-0.0003611786523833871,-0.0050466931425035,5.087297439575195
439,0.43943944573402405,56.67060089111328,-0.0003612415457610041,-0.005047979764640331,5.0547099113464355
440,0.44044044613838196,56.718685150146484,-0.00036400489625521004,-0.004722778685390949,4.172748565673828
441,0.44144144654273987,56.76681137084961,-0.00035842694342136383,-0.0053891935385763645,6.062723159790039
442,0.4424424469470978,56.814979553222656,-0.0003591068962123245,-0.005666924640536308,6.9491987228393555
443,0.4434434473514557,56.86318588256836,-0.00036380215897224844,-0.004687489476054907,4.298794746398926
444,0.4444444477558136,56.911434173583984,-0.00036634920979849994,-0.004644652362912893,4.216952800750732
445,0.4454454481601715,56.95972442626953,-0.0003694742335937917,-0.004481350537389517,3.8386597633361816
446,0.4464464485645294,57.008056640625,-0.00036825184361077845,-0.004937076009809971,5.15300178527832
447,0.44744744896888733,57.056427001953125,-0.00036711987922899425,-0.005178735125809908,5.9119110107421875
448,0.44844844937324524,57.10483932495117,-0.0003589359112083912,-0.00584354717284441,7.923345565795898
449,0.44944944977760315,57.153297424316406,-0.0003532199189066887,-0.006165542174130678,9.02137565612793
450,0.45045045018196106,57.20178985595703,-0.0003532576374709606,-0.005908811930567026,8.51045036315918
451,0.45145145058631897,57.25032424926758,-0.00035810674307867885,-0.0052665420807898045,6.862161636352539
452,0.4524524509906769,57.29890060424805,-0.0003612470463849604,-0.004973067902028561,6.183542728424072
453,0.4534534513950348,57.3475227355957,-0.000351691764080897,-0.005381973925977945,7.408721446990967
454,0.4544544517993927,57.396183013916016,-0.000348829897120595,-0.005539364647120237,7.911379337310791
455,0.4554554522037506,57.444881439208984,-0.0003429008065722883,-0.006194702815264463,9.850199699401855
456,0.4564564526081085,57.49362564086914,-0.00035406555980443954,-0.005840843543410301,8.904031753540039
457,0.45745745301246643,57.54240417480469,-0.00036360303056426346,-0.00606784550473094,9.612818717956543
458,0.45845845341682434,57.59122848510742,-0.0003710853634402156,-0.006426180712878704,10.622037887573242
459,0.45945945382118225,57.640098571777344,-0.0003752829215954989,-0.006779992021620274,11.537623405456543
460,0.46046045422554016,57.68900680541992,-0.00037443317705765367,-0.007458558306097984,13.23581314086914
461,0.46146145462989807,57.73795700073242,-0.00037482636980712414,-0.0072189983911812305,12.491042137145996
462,0.462462455034256,57.786949157714844,-0.00037135789170861244,-0.0074006919749081135,12.87979507446289
463,0.4634634554386139,57.83598327636719,-0.00036461130366660655,-0.008006986230611801,14.486141204833984
464,0.4644644558429718,57.88505554199219,-0.00035627296892926097,-0.00840600486844778,15.547652244567871
465,0.4654654562473297,57.934165954589844,-0.00035594592918641865,-0.007548177614808083,13.112431526184082
466,0.4664664566516876,57.98332977294922,-0.000353696959791705,-0.00798287894576788,14.373351097106934
467,0.46746745705604553,58.03252410888672,-0.00035425834357738495,-0.008121039718389511,14.865833282470703
468,0.46846845746040344,58.08176803588867,-0.0003564974758774042,-0.008081823587417603,14.86263370513916
469,0.46946945786476135,58.131046295166016,-0.0003585175727494061,-0.008098718710243702,14.979331970214844
470,0.47047045826911926,58.18037414550781,-0.0003604388330131769,-0.00793551653623581,14.55909252166748
471,0.4714714586734772,58.229740142822266,-0.00036028074100613594,-0.008099853061139584,14.980269432067871
472,0.4724724590778351,58.27914810180664,-0.0003523057675920427,-0.009273898787796497,18.180912017822266
473,0.473473459482193,58.32859802246094,-0.00035513349575921893,-0.008871778845787048,16.976404190063477
474,0.4744744598865509,58.37809371948242,-0.0003557592863216996,-0.009005053900182247,17.372892379760742
475,0.4754754602909088,58.42762756347656,-0.00034884235356003046,-0.009738704189658165,19.51482582092285
476,0.4764764606952667,58.47719955444336,-0.0003520975005812943,-0.009133726358413696,17.861188888549805
477,0.47747746109962463,58.52682113647461,-0.0003360288974363357,-0.010172804817557335,20.999740600585938
478,0.47847846150398254,58.57647705078125,-0.0003303857520222664,-0.010309978388249874,21.608909606933594
479,0.47947946190834045,58.626182556152344,-0.000334155309246853,-0.00932496227324009,18.88079071044922
480,0.48048046231269836,58.675926208496094,-0.0003304838319309056,-0.009861269034445286,20.702985763549805
481,0.4814814627170563,58.725711822509766,-0.0003334005014039576,-0.009778366424143314,20.56293487548828
482,0.4824824631214142,58.775543212890625,-0.00034373183734714985,-0.008868720382452011,17.964717864990234
483,0.4834834635257721,58.82541275024414,-0.0003472902171779424,-0.008627627976238728,17.368349075317383
484,0.48448446393013,58.875328063964844,-0.00035170913906767964,-0.007886107079684734,15.324750900268555
485,0.4854854643344879,58.92528533935547,-0.00034972350113093853,-0.0063888696022331715,11.130016326904297
486,0.4864864647388458,58.97528076171875,-0.0003563424397725612,-0.007566924672573805,14.545655250549316
487,0.4874874949455261,59.025325775146484,-0.00035716695128940046,-0.008615837432444096,17.537214279174805
488,0.48848849534988403,59.07540512084961,-0.0003477084101177752,-0.009590466506779194,20.321529388427734
489,0.48948949575424194,59.12553024291992,-0.0003313564811833203,-0.011032892391085625,24.609642028808594
490,0.49049049615859985,59.17570114135742,-0.00033535202965140343,-0.010539937764406204,23.157974243164062
491,0.49149149656295776,59.22591781616211,-0.00033131631789729,-0.011007661931216717,24.54749870300293
492,0.4924924969673157,59.27616500854492,-0.0003324227291159332,-0.010768973268568516,23.812379837036133
493,0.4934934973716736,59.32646560668945,-0.0003295998612884432,-0.011599495075643063,26.30949592590332
494,0.4944944977760315,59.376800537109375,-0.00032950047170743346,-0.011792829260230064,26.91992950439453
495,0.4954954981803894,59.427181243896484,-0.00033192188129760325,-0.012176251970231533,28.137178421020508
496,0.4964964985847473,59.47761154174805,-0.00033327355049550533,-0.01239424105733633,28.812395095825195
497,0.4974974989891052,59.528072357177734,-0.0003382969880476594,-0.013035011477768421,30.723936080932617
498,0.49849849939346313,59.57858657836914,-0.0003412857186049223,-0.01354925986379385,32.26614761352539
499,0.49949949979782104,59.62913513183594,-0.0003313607594463974,-0.012894627638161182,30.348390579223633
500,0.500500500202179,59.67972946166992,-0.00034430227242410183,-0.014193161390721798,34.23230743408203
501,0.5015015006065369,59.73036575317383,-0.0003442212473601103,-0.014280080795288086,34.556888580322266
502,0.5025025010108948,59.78105163574219,-0.00034431484527885914,-0.014285372570157051,34.6738166809082
503,0.5035035014152527,59.83177947998047,-0.000346887216437608,-0.014435749500989914,35.250301361083984
504,0.5045045018196106,59.88254165649414,-0.00034154008608311415,-0.0138996047899127,33.82087707519531
505,0.5055055022239685,59.93335723876953,-0.00035563972778618336,-0.014963479712605476,36.941429138183594
506,0.5065065026283264,59.98421096801758,-0.0003492142423056066,-0.01430223137140274,35.14013671875
507,0.5075075030326843,60.03510665893555,-0.000348811037838459,-0.014180419966578484,34.850887298583984
508,0.5085085034370422,60.08604431152344,-0.0003424656460992992,-0.013527344912290573,32.92494583129883
509,0.5095095038414001,60.13703155517578,-0.0003583450452424586,-0.0148553978651762,36.6590690612793
510,0.5105105042457581,60.18806076049805,-0.00035995536018162966,-0.014885413460433483,36.70734405517578
511,0.511511504650116,60.2391242980957,-0.0003666921111289412,-0.015498273074626923,38.36296081542969
512,0.5125125050544739,60.29024124145508,-0.0003582466742955148,-0.014578835107386112,35.813209533691406
513,0.5135135054588318,60.341392517089844,-0.00035963565460406244,-0.014687128365039825,36.079681396484375
514,0.5145145058631897,60.39259719848633,-0.00037126155802980065,-0.015830587595701218,39.15053939819336
515,0.5155155062675476,60.44384002685547,-0.00036542752059176564,-0.01524412166327238,37.523983001708984
516,0.5165165066719055,60.495121002197266,-0.00036541130975820124,-0.015391834080219269,37.858089447021484
517,0.5175175070762634,60.54645538330078,-0.00037823052844032645,-0.01696407049894333,42.10600662231445
518,0.5185185074806213,60.59783172607422,-0.00037015374982729554,-0.016430702060461044,40.789405822753906
519,0.5195195078849792,60.64924621582031,-0.00036272741272114217,-0.015887202695012093,39.40944290161133
520,0.5205205082893372,60.700706481933594,-0.0003586653620004654,-0.015675824135541916,38.95219039916992
521,0.5215215086936951,60.75221252441406,-0.00035557616502046585,-0.015569648705422878,38.775787353515625
522,0.522522509098053,60.80376434326172,-0.00035043011303059757,-0.015181126073002815,37.750850677490234
523,0.5235235095024109,60.85535430908203,-0.00035333982668817043,-0.015582779422402382,38.999576568603516
524,0.5245245099067688,60.90699005126953,-0.00035079754889011383,-0.015460716560482979,38.72534942626953
525,0.5255255103111267,60.95866775512695,-0.00034892052644863725,-0.015396073460578918,38.50648498535156
526,0.5265265107154846,61.01039123535156,-0.00034785197931341827,-0.015366912819445133,38.358787536621094
527,0.5275275111198425,61.06216049194336,-0.0003482458705548197,-0.015443893149495125,38.512908935546875
528,0.5285285115242004,61.11397171020508,-0.000343136431183666,-0.014900424517691135,36.88182067871094
529,0.5295295119285583,61.165828704833984,-0.0003428686468396336,-0.014832627028226852,36.698062896728516
530,0.5305305123329163,61.21773147583008,-0.0003448617353569716,-0.015009867958724499,37.29571533203125
531,0.5315315127372742,61.26966857910156,-0.00034485990181565285,-0.015028810128569603,37.47358703613281
532,0.5325325131416321,61.3216552734375,-0.00034435553243383765,-0.014987180940806866,37.52033996582031
533,0.53353351354599,61.373695373535156,-0.0003508236550260335,-0.015616290271282196,39.4927864074707
534,0.5345345139503479,61.4257698059082,-0.00035151804331690073,-0.015603736974298954,39.56510925292969
535,0.5355355143547058,61.47788619995117,-0.0003538821474649012,-0.015772556886076927,40.031494140625
536,0.5365365147590637,61.530052185058594,-0.0003490606904961169,-0.015064691193401814,37.96603012084961
537,0.5375375151634216,61.5822639465332,-0.00036203747731633484,-0.016418445855379105,41.61187744140625
538,0.5385385155677795,61.63451385498047,-0.00036791260936297476,-0.017160635441541672,43.56655502319336
539,0.5395395755767822,61.68681716918945,-0.0003665643744170666,-0.01705690287053585,43.27937698364258
540,0.5405405759811401,61.73915481567383,-0.00036333667230792344,-0.016689961776137352,42.30951690673828
541,0.541541576385498,61.791542053222656,-0.0003623825032263994,-0.016665784642100334,42.3383674621582
542,0.542542576789856,61.843971252441406,-0.0003625091630965471,-0.01685231737792492,42.9481201171875
543,0.5435435771942139,61.89645004272461,-0.00036801115493290126,-0.017597027122974396,45.06386184692383
544,0.5445445775985718,61.94896697998047,-0.00035581307020038366,-0.0164988674223423,42.08470153808594
545,0.5455455780029297,62.001529693603516,-0.0003471910604275763,-0.01581512577831745,40.202110290527344
546,0.5465465784072876,62.05413818359375,-0.0003474122495390475,-0.01610388420522213,41.03343200683594
547,0.5475475788116455,62.10679244995117,-0.0003518951707519591,-0.01687769778072834,43.212162017822266
548,0.5485485792160034,62.159488677978516,-0.00034541659988462925,-0.016335103660821915,41.58744430541992
549,0.5495495796203613,62.21223068237305,-0.00034976270399056375,-0.01701299473643303,43.46139907836914
550,0.5505505800247192,62.26502227783203,-0.00034907477675005794,-0.01701006293296814,43.35602951049805
551,0.5515515804290771,62.31785202026367,-0.00034325855085626245,-0.016168342903256416,40.81856918334961
552,0.5525525808334351,62.3707275390625,-0.00034103175858035684,-0.015536398626863956,38.91539001464844
553,0.553553581237793,62.42365264892578,-0.0003404310846235603,-0.01449819840490818,35.930335998535156
554,0.5545545816421509,62.476619720458984,-0.00034020820748992264,-0.01444182638078928,35.88377380371094
555,0.5555555820465088,62.52962875366211,-0.0003388216136954725,-0.014540367759764194,36.34535598754883
556,0.5565565824508667,62.58268737792969,-0.000339086283929646,-0.015324302949011326,38.861270904541016
557,0.5575575828552246,62.63578796386719,-0.00034393047099001706,-0.016320087015628815,42.009193420410156
558,0.5585585832595825,62.688934326171875,-0.0003412947407923639,-0.01587313786149025,40.99167251586914
559,0.5595595836639404,62.74212646484375,-0.00034486682852730155,-0.016232838854193687,42.327117919921875
560,0.5605605840682983,62.79536437988281,-0.00035057845525443554,-0.016658082604408264,43.78147506713867
561,0.5615615844726562,62.8486442565918,-0.00034688529558479786,-0.0161410141736269,42.49285888671875
562,0.5625625848770142,62.901973724365234,-0.00034932023845613003,-0.01638285256922245,43.318397521972656
563,0.5635635852813721,62.955345153808594,-0.0003653346502687782,-0.018109120428562164,48.26605987548828
564,0.56456458568573,63.008766174316406,-0.00035780167672783136,-0.017346173524856567,46.23301696777344
565,0.5655655860900879,63.062225341796875,-0.0003598491312004626,-0.017544105648994446,46.791412353515625
566,0.5665665864944458,63.11573791503906,-0.00036101503064855933,-0.017692482098937035,47.24290084838867
567,0.5675675868988037,63.16929244995117,-0.0003721708490047604,-0.01896633207798004,50.80789566040039
568,0.5685685873031616,63.2228889465332,-0.00036295645986683667,-0.018168674781918526,48.631839752197266
569,0.5695695877075195,63.27653503417969,-0.00035912328166887164,-0.017753800377249718,47.35107421875
570,0.5705705881118774,63.33022689819336,-0.0003583381767384708,-0.0175508800894022,46.53548812866211
571,0.5715715885162354,63.38396072387695,-0.0003601893549785018,-0.017522873356938362,46.20719909667969
572,0.5725725889205933,63.437744140625,-0.0003536642179824412,-0.016460323706269264,43.11956024169922
573,0.5735735893249512,63.4915657043457,-0.0003514387644827366,-0.016005782410502434,41.76573181152344
574,0.5745745897293091,63.545440673828125,-0.00035230728099122643,-0.015986911952495575,41.74762725830078
575,0.575575590133667,63.599361419677734,-0.000352251750882715,-0.015860270708799362,41.53561019897461
576,0.5765765905380249,63.65332794189453,-0.00035714864498004317,-0.016572806984186172,43.820281982421875
577,0.5775775909423828,63.707332611083984,-0.00034991669235751033,-0.0156038673594594,41.37166976928711
578,0.5785785913467407,63.761390686035156,-0.00035299736191518605,-0.015975555405020714,42.69035339355469
579,0.5795795917510986,63.815494537353516,-0.0003522314364090562,-0.015919154509902,42.75074768066406
580,0.5805805921554565,63.8696403503418,-0.00035345874493941665,-0.016270024701952934,43.91350555419922
581,0.5815815925598145,63.92383575439453,-0.00034434290137141943,-0.015331381931900978,41.27465057373047
582,0.5825825929641724,63.97807693481445,-0.00034325075102970004,-0.015545044094324112,41.855709075927734
583,0.5835835933685303,64.03236389160156,-0.00034803617745637894,-0.016614815220236778,44.81825637817383
584,0.5845845937728882,64.0866928100586,-0.0003474244149401784,-0.016822999343276024,45.20299530029297
585,0.5855855941772461,64.14107513427734,-0.0003461119194980711,-0.016734471544623375,44.703025817871094
586,0.586586594581604,64.19549560546875,-0.00034153665183112025,-0.016103265807032585,42.75859069824219
587,0.5875875949859619,64.24996948242188,-0.0003465521731413901,-0.01695159450173378,45.25651168823242
588,0.5885885953903198,64.30448150634766,-0.00034285514266230166,-0.016390707343816757,43.726924896240234
589,0.5895895957946777,64.35903930664062,-0.0003412658697925508,-0.016146600246429443,43.217288970947266
590,0.5905905961990356,64.41365814208984,-0.0003376006498001516,-0.015551416203379631,41.70646667480469
591,0.5915915966033936,64.46830749511719,-0.00033382466062903404,-0.014871387742459774,39.941829681396484
592,0.5925925970077515,64.52301025390625,-0.0003329582104925066,-0.014867966994643211,40.173362731933594
593,0.5935935974121094,64.5777587890625,-0.0003326712758280337,-0.015094678848981857,41.0405158996582
594,0.5945945978164673,64.63255310058594,-0.0003323605633340776,-0.015251192264258862,41.6549072265625
595,0.5955955982208252,64.68739318847656,-0.00032819100306369364,-0.014474146999418736,39.4280891418457
596,0.5965965986251831,64.74227905273438,-0.00032533513149246573,-0.014022274874150753,38.21515655517578
597,0.597597599029541,64.7972183227539,-0.000328727881424129,-0.014658681116998196,40.45315170288086
598,0.5985985994338989,64.8521957397461,-0.0003262569662183523,-0.014232117682695389,39.46064376831055
599,0.5995995998382568,64.9072265625,-0.0003319064271636307,-0.014785015024244785,41.3029670715332
600,0.6006006002426147,64.96229553222656,-0.0003361977869644761,-0.015249532647430897,42.6429557800293
601,0.6016016006469727,65.01741790771484,-0.00033072620863094926,-0.014479565434157848,40.093902587890625
602,0.6026026010513306,65.07258605957031,-0.000324528431519866,-0.013643343932926655,37.20395278930664
603,0.6036036014556885,65.12779998779297,-0.00033044596784748137,-0.014498491771519184,39.56610870361328
604,0.6046046018600464,65.18305969238281,-0.00032813672441989183,-0.014387795701622963,39.07671356201172
605,0.6056056022644043,65.23836517333984,-0.00032460392685607076,-0.014142082072794437,38.355194091796875
606,0.6066066026687622,65.2937240600586,-0.00032057284261099994,-0.013782729394733906,37.30785369873047
607,0.6076076030731201,65.34912872314453,-0.0003157421597279608,-0.013211696408689022,35.57916259765625
608,0.608608603477478,65.40457916259766,-0.0003126758092548698,-0.012891843914985657,34.6320915222168
609,0.6096096038818359,65.46007537841797,-0.000310209346935153,-0.012462805025279522,33.321067810058594
610,0.6106106042861938,65.51561737060547,-0.0003118728054687381,-0.013216513209044933,35.851646423339844
611,0.6116116046905518,65.57120513916016,-0.00031169256544671953,-0.013367144390940666,36.5395393371582
612,0.6126126050949097,65.62684631347656,-0.00031072593992576003,-0.013159302994608879,36.041202545166016
613,0.6136136054992676,65.68252563476562,-0.0003105546929873526,-0.012255045585334301,33.23290252685547
614,0.6146146059036255,65.7382583618164,-0.00031198584474623203,-0.01202478539198637,32.57014465332031
615,0.6156156063079834,65.79403686523438,-0.0003125709481537342,-0.012394899502396584,33.817626953125
616,0.6166166067123413,65.84986877441406,-0.00031225671409629285,-0.01236200612038374,33.74013900756836
617,0.6176176071166992,65.9057388305664,-0.0003125299699604511,-0.013418915681540966,37.096622467041016
618,0.6186186075210571,65.96166229248047,-0.00031304225558415055,-0.013670675456523895,37.85105895996094
619,0.619619607925415,66.01763153076172,-0.00031238229712471366,-0.013408506289124489,36.95205307006836
620,0.620620608329773,66.07364654541016,-0.0003158013860229403,-0.014455839060246944,40.19459533691406
621,0.6216216087341309,66.12971496582031,-0.00031461892649531364,-0.013954835012555122,38.50022506713867
622,0.6226226091384888,66.18582916259766,-0.00031548039987683296,-0.013795273378491402,37.8581428527832
623,0.6236236095428467,66.24198150634766,-0.000319611222948879,-0.015016035176813602,41.570396423339844
624,0.6246246099472046,66.29818725585938,-0.00032182654831558466,-0.015673482790589333,43.5471305847168
625,0.6256256103515625,66.35443878173828,-0.0003207072732038796,-0.015100113116204739,41.802650451660156
626,0.6266266107559204,66.4107437133789,-0.00032333226408809423,-0.016529304906725883,46.283546447753906
627,0.6276276111602783,66.46709442138672,-0.00032279445440508425,-0.016349773854017258,45.81621170043945
628,0.6286286115646362,66.52349090576172,-0.0003226437547709793,-0.016029037535190582,44.90781021118164
629,0.6296296119689941,66.57994079589844,-0.0003256295749451965,-0.017075348645448685,48.233375549316406
630,0.630630612373352,66.63642883300781,-0.0003277466748841107,-0.017481684684753418,49.584720611572266
631,0.63163161277771,66.6929702758789,-0.0003344516735523939,-0.01873696781694889,53.456520080566406
632,0.6326326131820679,66.74955749511719,-0.00033380353124812245,-0.018535809591412544,52.983253479003906
633,0.6336336135864258,66.80619812011719,-0.0003361182170920074,-0.019030913710594177,54.612091064453125
634,0.6346346139907837,66.86288452148438,-0.0003472231328487396,-0.020834460854530334,60.00043869018555
635,0.6356356143951416,66.91961669921875,-0.0003505321219563484,-0.02112896926701069,60.900299072265625
636,0.6366366147994995,66.97640228271484,-0.00034446248901076615,-0.020064670592546463,57.94791793823242
637,0.6376376152038574,67.0332260131836,-0.00034464578493498266,-0.01994340494275093,57.73344421386719
638,0.6386386156082153,67.0901107788086,-0.0003447856870479882,-0.019886178895831108,57.70729064941406
639,0.6396396160125732,67.14703369140625,-0.00035301593015901744,-0.020947398617863655,60.876983642578125
640,0.6406406164169312,67.20401000976562,-0.00035576068330556154,-0.021378803998231888,62.2218017578125
641,0.6416416764259338,67.26103210449219,-0.00034869942464865744,-0.020641900599002838,60.37705993652344
642,0.6426426768302917,67.31810760498047,-0.0003468089271336794,-0.020480837672948837,60.15217590332031
643,0.6436436772346497,67.37522888183594,-0.00034273864002898335,-0.02005801908671856,59.2639045715332
644,0.6446446776390076,67.4323959350586,-0.00034702359698712826,-0.0207265205681324,61.54240036010742
645,0.6456456780433655,67.48960876464844,-0.00034621404483914375,-0.020779451355338097,62.009315490722656
646,0.6466466784477234,67.546875,-0.00033333065221086144,-0.019160263240337372,57.43925094604492
647,0.6476476788520813,67.60418701171875,-0.0003310673055239022,-0.018834423273801804,56.540977478027344
648,0.6486486792564392,67.66155242919922,-0.00033142766915261745,-0.0188530832529068,56.67885971069336
649,0.6496496796607971,67.71896362304688,-0.00033323827665299177,-0.019095731899142265,57.47193145751953
650,0.650650680065155,67.77642822265625,-0.00032365217339247465,-0.017991185188293457,54.16035842895508
651,0.6516516804695129,67.83393859863281,-0.0003236453339923173,-0.01819007843732834,54.73200988769531
652,0.6526526808738708,67.89148712158203,-0.00032222201116383076,-0.018145350739359856,54.469810485839844
653,0.6536536812782288,67.9490966796875,-0.00032247917260974646,-0.018323136493563652,54.925689697265625
654,0.6546546816825867,68.00675201416016,-0.00032127235317602754,-0.018321380019187927,54.881072998046875
655,0.6556556820869446,68.064453125,-0.00032227480551227927,-0.018806839361786842,56.375640869140625
656,0.6566566824913025,68.1222152709961,-0.0003287705476395786,-0.019872328266501427,59.64638900756836
657,0.6576576828956604,68.18000793457031,-0.0003213690361008048,-0.0188992191106081,56.67107391357422
658,0.6586586833000183,68.23786163330078,-0.00032756634755060077,-0.019508374854922295,58.591251373291016
659,0.6596596837043762,68.29576110839844,-0.00032591097988188267,-0.018949471414089203,56.9574089050293
660,0.6606606841087341,68.35371398925781,-0.00033409419120289385,-0.019611425697803497,59.092979431152344
661,0.661661684513092,68.41171264648438,-0.00033489573979750276,-0.019391817972064018,58.61274719238281
662,0.66266268491745,68.46975708007812,-0.0003430220822338015,-0.020352521911263466,61.62957000732422
663,0.6636636853218079,68.5278549194336,-0.0003490435774438083,-0.021342206746339798,64.66179656982422
664,0.6646646857261658,68.58599853515625,-0.00034208461875095963,-0.020609553903341293,62.62138748168945
665,0.6656656861305237,68.64419555664062,-0.0003461445157881826,-0.021798361092805862,66.07292175292969
666,0.6666666865348816,68.70243835449219,-0.00034099360345862806,-0.02140062116086483,64.84452056884766
667,0.6676676869392395,68.76073455810547,-0.000332964671542868,-0.020316854119300842,61.54207229614258
668,0.6686686873435974,68.81907653808594,-0.0003340351104270667,-0.020905695855617523,63.29920959472656
669,0.6696696877479553,68.87747192382812,-0.00032623103470541537,-0.019674601033329964,59.582420349121094
670,0.6706706881523132,68.9359130859375,-0.0003336106310598552,-0.021354258060455322,64.69987487792969
671,0.6716716885566711,68.9944076538086,-0.0003310901520308107,-0.020965803414583206,63.63805389404297
672,0.672672688961029,69.05294799804688,-0.00033243527286686003,-0.021188778802752495,64.45719146728516
673,0.673673689365387,69.11154174804688,-0.00032789542456157506,-0.020029542967677116,61.08354949951172
674,0.6746746897697449,69.17018127441406,-0.0003364437725394964,-0.02135370299220085,65.25730895996094
675,0.6756756901741028,69.22887420654297,-0.00034089240944013,-0.022088639438152313,67.73880767822266
676,0.6766766905784607,69.2876205444336,-0.0003458653809502721,-0.02319507859647274,71.3431396484375
677,0.6776776909828186,69.34640502929688,-0.00034429688821546733,-0.022708050906658173,70.20355987548828
678,0.6786786913871765,69.4052505493164,-0.000345401291269809,-0.022717101499438286,70.3763198852539
679,0.6796796917915344,69.4641342163086,-0.0003348814498167485,-0.02065655216574669,64.40909576416016
680,0.6806806921958923,69.52307891845703,-0.00033617462031543255,-0.020729510113596916,64.66979217529297
681,0.6816816926002502,69.58206939697266,-0.00033713626908138394,-0.02085280418395996,65.103759765625
682,0.6826826930046082,69.64111328125,-0.0003420304856263101,-0.02206338196992874,68.81925964355469
683,0.6836836934089661,69.7001953125,-0.0003396832325961441,-0.02200881764292717,68.78578186035156
684,0.684684693813324,69.75934600830078,-0.00034106281236745417,-0.02249177359044552,70.23894500732422
685,0.6856856942176819,69.81852722167969,-0.00034641739330254495,-0.023772520944476128,73.94042205810547
686,0.6866866946220398,69.87776947021484,-0.0003464704495854676,-0.02385381981730461,74.12013244628906
687,0.6876876950263977,69.93706512451172,-0.0003445070469751954,-0.02346193976700306,72.90303039550781
688,0.6886886954307556,69.99640655517578,-0.00034154835157096386,-0.022991221398115158,71.4909439086914
689,0.6896896958351135,70.05580139160156,-0.000344201922416687,-0.023973040282726288,74.49172973632812
690,0.6906906962394714,70.11524200439453,-0.0003395823878236115,-0.023617304861545563,73.78655242919922
691,0.6916916966438293,70.17473602294922,-0.0003370944759808481,-0.023452317342162132,73.54194641113281
692,0.6926926970481873,70.23428344726562,-0.0003412480582483113,-0.02420257404446602,75.79308319091797
693,0.6936936974525452,70.29387664794922,-0.0003427876508794725,-0.023926179856061935,74.87206268310547
694,0.6946946978569031,70.353515625,-0.000356765347532928,-0.026123881340026855,80.82994842529297
695,0.695695698261261,70.41321563720703,-0.00035949668381363153,-0.02605598419904709,80.56011199951172
696,0.6966966986656189,70.47296142578125,-0.0003550225810613483,-0.02555127628147602,79.50444793701172
697,0.6976976990699768,70.53276062011719,-0.00035350260441191494,-0.026073237881064415,81.30460357666016
698,0.6986986994743347,70.59259796142578,-0.00034889369271695614,-0.025781743228435516,80.7979736328125
699,0.6996996998786926,70.65249633789062,-0.00034046178916469216,-0.02431630529463291,76.82766723632812
700,0.7007007002830505,70.71244812011719,-0.000341057893820107,-0.025142712518572807,79.43258666992188
701,0.7017017006874084,70.77244567871094,-0.00033988189534284174,-0.02550317533314228,80.60060119628906
702,0.7027027010917664,70.83250427246094,-0.0003400825662538409,-0.02587602473795414,81.65540313720703
703,0.7037037014961243,70.8926010131836,-0.0003384705923963338,-0.025496400892734528,80.4407730102539
704,0.7047047019004822,70.95275115966797,-0.0003340456751175225,-0.024607088416814804,77.83350372314453
705,0.7057057023048401,71.0129623413086,-0.00033109294599853456,-0.02423693612217903,76.85173034667969
706,0.706706702709198,71.07321166992188,-0.0003268857835792005,-0.023309610784053802,74.18531036376953
707,0.7077077031135559,71.1335220336914,-0.00032546394504606724,-0.02303723618388176,73.51950073242188
708,0.7087087035179138,71.19387817382812,-0.00031917355954647064,-0.021146539598703384,67.86073303222656
709,0.7097097039222717,71.25428771972656,-0.0003161233034916222,-0.02004288323223591,64.52901458740234
710,0.7107107043266296,71.31475067138672,-0.00031696329824626446,-0.019882386550307274,64.055908203125
711,0.7117117047309875,71.37525939941406,-0.0003181621141266078,-0.019850876182317734,63.92269515991211
712,0.7127127051353455,71.4358139038086,-0.00031855731504037976,-0.020025048404932022,64.57360076904297
713,0.7137137055397034,71.4964370727539,-0.0003184161614626646,-0.02048451639711857,66.25938415527344
714,0.7147147059440613,71.55709838867188,-0.00031680066604167223,-0.0204181931912899,66.22073364257812
715,0.7157157063484192,71.61781311035156,-0.00031665130518376827,-0.020577583461999893,66.77082824707031
716,0.7167167067527771,71.67858123779297,-0.0003131111734546721,-0.020139817148447037,65.45750427246094
717,0.717717707157135,71.7394027709961,-0.00031160726211965084,-0.020024361088871956,65.087890625
718,0.7187187075614929,71.8002700805664,-0.00031113409204408526,-0.01986035704612732,64.41572570800781
719,0.7197197079658508,71.86119842529297,-0.00031725462758913636,-0.020947467535734177,67.58536529541016
720,0.7207207083702087,71.92217254638672,-0.00032058346550911665,-0.021613528952002525,69.42498779296875
721,0.7217217087745667,71.98320007324219,-0.00032636697869747877,-0.02308250404894352,73.88581085205078
722,0.7227227091789246,72.04427337646484,-0.00032069889130070806,-0.02202807553112507,70.5850601196289
723,0.7237237095832825,72.10540771484375,-0.0003226525732316077,-0.022476105019450188,72.03150939941406
724,0.7247247099876404,72.16658782958984,-0.00031634041806682944,-0.02146732620894909,69.08529663085938
725,0.7257257103919983,72.22782135009766,-0.0003140152548439801,-0.021347086876630783,69.0030517578125
726,0.7267267107963562,72.28910827636719,-0.00030914496164768934,-0.020817413926124573,67.67494201660156
727,0.7277277112007141,72.3504409790039,-0.00030974193941801786,-0.021388769149780273,69.83853912353516
728,0.728728711605072,72.41183471679688,-0.00031115958699956536,-0.02210637740790844,72.46256256103516
729,0.7297297120094299,72.47327423095703,-0.00030578699079342186,-0.021044429391622543,69.29879760742188
730,0.7307307124137878,72.53477478027344,-0.00030782370595261455,-0.02169109880924225,71.55590057373047
731,0.7317317128181458,72.59632110595703,-0.00031016659340821207,-0.022476673126220703,74.13492584228516
732,0.7327327132225037,72.65791320800781,-0.0003090319805778563,-0.02227333001792431,73.52537536621094
733,0.7337337136268616,72.71956634521484,-0.00030652974965050817,-0.021795501932501793,72.09068298339844
734,0.7347347140312195,72.78126525878906,-0.00030230305856093764,-0.020824601873755455,69.0097885131836
735,0.7357357144355774,72.84302520751953,-0.0002949631598312408,-0.019106656312942505,63.31182098388672
736,0.7367367148399353,72.90483093261719,-0.00029227964114397764,-0.018801411613821983,62.31890869140625
737,0.7377377152442932,72.96669006347656,-0.00028880691388621926,-0.018155690282583237,60.08797836303711
738,0.7387387156486511,73.02860260009766,-0.00028616233612410724,-0.017634792253375053,58.377620697021484
739,0.739739716053009,73.09056854248047,-0.0002842190151568502,-0.017090262845158577,56.614566802978516
740,0.7407407164573669,73.152587890625,-0.00028455042047426105,-0.017529791221022606,58.40177536010742
741,0.7417417168617249,73.21465301513672,-0.0002850641030818224,-0.017860928550362587,59.821048736572266
742,0.7427427172660828,73.27677917480469,-0.00028578354977071285,-0.017963891848921776,60.40541458129883
743,0.7437437772750854,73.33895874023438,-0.00028518118779174984,-0.01761912927031517,59.46693420410156
744,0.7447447776794434,73.40119171142578,-0.0002854352933354676,-0.01752096228301525,59.31360626220703
745,0.7457457780838013,73.46347045898438,-0.00028286187443882227,-0.016963668167591095,57.53437042236328
746,0.7467467784881592,73.52580261230469,-0.00027950722142122686,-0.016334813088178635,55.4287109375
747,0.7477477788925171,73.58819580078125,-0.00028316350653767586,-0.017397556453943253,59.306461334228516
748,0.748748779296875,73.65062713623047,-0.00027581502217799425,-0.016092369332909584,54.67253494262695
749,0.7497497797012329,73.71311950683594,-0.00027575160493142903,-0.01637834683060646,55.636802673339844
750,0.7507507801055908,73.77567291259766,-0.0002773923915810883,-0.016955027356743813,57.53300857543945
751,0.7517517805099487,73.83826446533203,-0.00027629226678982377,-0.01670718938112259,56.370635986328125
752,0.7527527809143066,73.90092468261719,-0.00027509566280059516,-0.016188733279705048,54.18232345581055
753,0.7537537813186646,73.963623046875,-0.0002751532010734081,-0.015953976660966873,53.09696578979492
754,0.7547547817230225,74.02638244628906,-0.0002790292492136359,-0.016895893961191177,56.50026321411133
755,0.7557557821273804,74.08919525146484,-0.000279248139122501,-0.017152374610304832,57.65816116333008
756,0.7567567825317383,74.15206146240234,-0.00028188282158225775,-0.01777036488056183,60.17454528808594
757,0.7577577829360962,74.21498107910156,-0.0002855689381249249,-0.01853165030479431,63.192527770996094
758,0.7587587833404541,74.2779541015625,-0.00028482021298259497,-0.01832852140069008,62.77863693237305
759,0.759759783744812,74.34097290039062,-0.0002863010740838945,-0.018380235880613327,63.17687225341797
760,0.7607607841491699,74.404052734375,-0.00028371758526191115,-0.017548728734254837,60.40743637084961
761,0.7617617845535278,74.4671859741211,-0.0002894890494644642,-0.018774833530187607,64.81820678710938
762,0.7627627849578857,74.53038024902344,-0.00029056984931230545,-0.019416559487581253,67.2144775390625
763,0.7637637853622437,74.59361267089844,-0.00028683338314294815,-0.01912767067551613,66.39991760253906
764,0.7647647857666016,74.65690612792969,-0.0002883286215364933,-0.02004065364599228,69.73978424072266
765,0.7657657861709595,74.72025299072266,-0.0002848345320671797,-0.019777672365307808,68.96701049804688
766,0.7667667865753174,74.78365325927734,-0.00028199460939504206,-0.01962711475789547,68.52853393554688
767,0.7677677869796753,74.84710693359375,-0.00027927718474529684,-0.019559649750590324,68.33931732177734
768,0.7687687873840332,74.91061401367188,-0.0002729429106693715,-0.018704552203416824,65.29192352294922
769,0.7697697877883911,74.97418212890625,-0.00026941607939079404,-0.017925530672073364,62.407344818115234
770,0.770770788192749,75.03779602050781,-0.0002691520203370601,-0.01757028140127659,61.03997039794922
771,0.7717717885971069,75.1014633178711,-0.00027044571470469236,-0.0173337459564209,60.064353942871094
772,0.7727727890014648,75.1651840209961,-0.0002723039942793548,-0.017149604856967926,59.31135940551758
773,0.7737737894058228,75.22896575927734,-0.0002789829159155488,-0.01844048872590065,63.84270095825195
774,0.7747747898101807,75.29280090332031,-0.0002810648293234408,-0.01883464865386486,65.24098205566406
775,0.7757757902145386,75.35668182373047,-0.0002807286218740046,-0.018897753208875656,65.53649139404297
776,0.7767767906188965,75.42062377929688,-0.00028021750040352345,-0.019015198573470116,66.0997543334961
777,0.7777777910232544,75.484619140625,-0.0002807161654345691,-0.01939365454018116,67.60287475585938
778,0.7787787914276123,75.54866790771484,-0.00027936065453104675,-0.01920698769390583,67.19611358642578
779,0.7797797918319702,75.6127700805664,-0.0002790451981127262,-0.019161628559231758,67.17658233642578
780,0.7807807922363281,75.67693328857422,-0.0002794111496768892,-0.019373301416635513,68.03720092773438
781,0.781781792640686,75.74114227294922,-0.00027864842559210956,-0.018875936046242714,66.412109375
782,0.782782793045044,75.80540466308594,-0.000279638305073604,-0.019352620467543602,68.269287109375
783,0.7837837934494019,75.8697280883789,-0.0002797396155074239,-0.01918882504105568,67.83971405029297
784,0.7847847938537598,75.9341049194336,-0.00028044485952705145,-0.01941983960568905,68.88060760498047
785,0.7857857942581177,75.99853515625,-0.0002808004501275718,-0.019721675664186478,70.16991424560547
786,0.7867867946624756,76.06301879882812,-0.00027979264268651605,-0.019625214859843254,69.97428894042969
787,0.7877877950668335,76.1275634765625,-0.00027988431975245476,-0.019805416464805603,70.68144989013672
788,0.7887887954711914,76.19215393066406,-0.000280290434602648,-0.02004137448966503,71.52214813232422
789,0.7897897958755493,76.25680541992188,-0.0002822568058036268,-0.02078557386994362,74.18566131591797
790,0.7907907962799072,76.3215103149414,-0.00027845834847539663,-0.019924312829971313,71.25328063964844
791,0.7917917966842651,76.38626861572266,-0.0002767565893009305,-0.01987544074654579,71.35890197753906
792,0.792792797088623,76.45108032226562,-0.00027718936325982213,-0.020369431003928185,73.45873260498047
793,0.793793797492981,76.51595306396484,-0.0002744754310697317,-0.019833609461784363,71.80361938476562
794,0.7947947978973389,76.58087921142578,-0.0002730520791374147,-0.019592581316828728,71.19322967529297
795,0.7957957983016968,76.64585876464844,-0.0002665011561475694,-0.017959116026759148,65.38014221191406
796,0.7967967987060547,76.71089172363281,-0.0002650109236128628,-0.01752956584095955,63.953407287597656
797,0.7977977991104126,76.7759780883789,-0.00026355223963037133,-0.01694975234568119,61.91462707519531
798,0.7987987995147705,76.84112548828125,-0.0002625890774652362,-0.016494812443852425,60.40892028808594
799,0.7997997999191284,76.90632629394531,-0.0002626341884024441,-0.016309194266796112,59.92431640625
800,0.8008008003234863,76.97157287597656,-0.00026433850871399045,-0.01653728261590004,60.98429489135742
801,0.8018018007278442,77.03689575195312,-0.00026482215616852045,-0.01629117876291275,60.19758605957031
802,0.8028028011322021,77.10225677490234,-0.00026718431035988033,-0.016662204638123512,61.63495635986328
803,0.8038038015365601,77.16767883300781,-0.00026573939248919487,-0.015816859900951385,58.463748931884766
804,0.804804801940918,77.233154296875,-0.000264184782281518,-0.01491805724799633,55.03643798828125
805,0.8058058023452759,77.29869079589844,-0.0002643656625878066,-0.014757958240807056,54.335472106933594
806,0.8068068027496338,77.36427307128906,-0.00026840268401429057,-0.016142135486006737,59.40058135986328
807,0.8078078031539917,77.42991638183594,-0.0002673681010492146,-0.016053542494773865,58.97872543334961
808,0.8088088035583496,77.49562072753906,-0.00026611913926899433,-0.016024712473154068,58.860511779785156
809,0.8098098039627075,77.56137084960938,-0.00026698620058596134,-0.016811897978186607,61.94956588745117
810,0.8108108043670654,77.62718963623047,-0.000264581321971491,-0.016300862655043602,60.2646484375
811,0.8118118047714233,77.69306182861328,-0.0002635848359204829,-0.01616884209215641,60.00559997558594
812,0.8128128051757812,77.75897979736328,-0.00026393792359158397,-0.016494877636432648,61.41704177856445
813,0.8138138055801392,77.82495880126953,-0.00026193165103904903,-0.015669047832489014,58.40827178955078
814,0.8148148059844971,77.8909912109375,-0.0002601312007755041,-0.014509494416415691,54.03532028198242
815,0.815815806388855,77.95708465576172,-0.0002604982000775635,-0.014138362370431423,52.60256576538086
816,0.8168168067932129,78.02323150634766,-0.0002604328328743577,-0.013252392411231995,49.20484161376953
817,0.8178178071975708,78.08943176269531,-0.00026032785535790026,-0.012238495983183384,45.42024612426758
818,0.8188188076019287,78.15569305419922,-0.00026049476582556963,-0.01218949630856514,45.40068817138672
819,0.8198198080062866,78.22200775146484,-0.00025980762438848615,-0.011633933521807194,43.47819519042969
820,0.8208208084106445,78.28837585449219,-0.00025915700825862586,-0.011252429336309433,42.10994338989258
821,0.8218218088150024,78.35481262207031,-0.0002588419010862708,-0.011719382368028164,43.94878005981445
822,0.8228228092193604,78.4212875366211,-0.0002582972520031035,-0.011309227906167507,42.35271453857422
823,0.8238238096237183,78.48783874511719,-0.00025781203294172883,-0.011692794039845467,43.842201232910156
824,0.8248248100280762,78.55442810058594,-0.0002567978226579726,-0.012068383395671844,45.311214447021484
825,0.8258258104324341,78.62108612060547,-0.0002566337352618575,-0.011839252896606922,44.458106994628906
826,0.826826810836792,78.68779754638672,-0.00025752800866030157,-0.011547605507075787,43.333221435546875
827,0.8278278112411499,78.75455474853516,-0.00026056484784930944,-0.010511315427720547,39.319393157958984
828,0.8288288116455078,78.82138061523438,-0.00025839940644800663,-0.011304043233394623,42.44989013671875
829,0.8298298120498657,78.88825988769531,-0.0002567016053944826,-0.01137467660009861,42.87242126464844
830,0.8308308124542236,78.9552001953125,-0.00025270195328630507,-0.012024556286633015,45.555076599121094
831,0.8318318128585815,79.02220153808594,-0.00025137176271528006,-0.011935729533433914,45.30110549926758
832,0.8328328132629395,79.08924865722656,-0.0002494274522177875,-0.011913015507161617,45.311763763427734
833,0.8338338136672974,79.15635681152344,-0.000246684649027884,-0.012035530991852283,45.91645431518555
834,0.8348348140716553,79.22352600097656,-0.00024458859115839005,-0.011872220784425735,45.356597900390625
835,0.8358358144760132,79.29074096679688,-0.00024100247537717223,-0.012071169912815094,46.37488555908203
836,0.8368368148803711,79.35801696777344,-0.0002387805434409529,-0.01200005691498518,46.20564270019531
837,0.837837815284729,79.42535400390625,-0.00023922121908981353,-0.01135905459523201,43.48110580444336
838,0.8388388156890869,79.49275207519531,-0.00023959227837622166,-0.011521147564053535,43.989681243896484
839,0.8398398160934448,79.56019592285156,-0.00024011879577301443,-0.011812856420874596,45.06260681152344
840,0.8408408164978027,79.62770080566406,-0.00024210417177528143,-0.011557446792721748,43.96330642700195
841,0.8418418169021606,79.69527435302734,-0.00024198743631131947,-0.011965787038207054,45.66259002685547
842,0.8428428173065186,79.76288604736328,-0.0002428362495265901,-0.011718401685357094,44.70905303955078
843,0.8438438177108765,79.83056640625,-0.00024342566030099988,-0.011415693908929825,43.56448745727539
844,0.8448448181152344,79.89830780029297,-0.00024130812380462885,-0.01202517282217741,46.196258544921875
845,0.8458458185195923,79.96610260009766,-0.00024180412583518773,-0.011548706330358982,44.32136917114258
846,0.846846878528595,80.0339584350586,-0.00024258911435026675,-0.011087412014603615,42.50123596191406
847,0.8478478789329529,80.10186004638672,-0.0002419928350718692,-0.011209576390683651,43.1185417175293
848,0.8488488793373108,80.16983032226562,-0.00024029079941101372,-0.01195965800434351,46.35123825073242
849,0.8498498797416687,80.23786163330078,-0.000239739689277485,-0.012709476985037327,49.60518264770508
850,0.8508508801460266,80.30593872070312,-0.00024046916223596781,-0.01325566042214632,51.95490264892578
851,0.8518518805503845,80.37407684326172,-0.00024175885482691228,-0.013573210686445236,53.34703826904297
852,0.8528528809547424,80.44227600097656,-0.0002437097136862576,-0.013616315089166164,53.605194091796875
853,0.8538538813591003,80.51052856445312,-0.0002516169915907085,-0.012381657026708126,48.594791412353516
854,0.8548548817634583,80.57884216308594,-0.00025328114861622453,-0.012661398388445377,49.702999114990234
855,0.8558558821678162,80.647216796875,-0.00025756139075383544,-0.011769908480346203,46.21526336669922
856,0.8568568825721741,80.71565246582031,-0.0002584898902568966,-0.011651142500340939,45.78063201904297
857,0.857857882976532,80.78413391113281,-0.0002545872703194618,-0.0128517160192132,50.453739166259766
858,0.8588588833808899,80.8526840209961,-0.00025315984385088086,-0.012907860800623894,50.707763671875
859,0.8598598837852478,80.92127990722656,-0.00025268495664931834,-0.01254386454820633,49.31288528442383
860,0.8608608841896057,80.98995208740234,-0.0002489148173481226,-0.012837856076657772,50.54758071899414
861,0.8618618845939636,81.05866241455078,-0.00024510661023668945,-0.013289368711411953,52.44190979003906
862,0.8628628849983215,81.12744903564453,-0.00023785098164808005,-0.01544084120541811,61.484046936035156
863,0.8638638854026794,81.19628143310547,-0.00023710379900876433,-0.016080323606729507,64.2262954711914
864,0.8648648858070374,81.26518249511719,-0.00023799680639058352,-0.016920985653996468,67.74383544921875
865,0.8658658862113953,81.3341293334961,-0.000240976398345083,-0.017820172011852264,71.49999237060547
866,0.8668668866157532,81.40314483642578,-0.000245963892666623,-0.01891513355076313,76.00647735595703
867,0.8678678870201111,81.47222137451172,-0.00025059047038666904,-0.019902303814888,80.0960693359375
868,0.868868887424469,81.54134368896484,-0.00024919502902776003,-0.0190621055662632,76.9086685180664
869,0.8698698878288269,81.61053466796875,-0.000254698796197772,-0.0203840509057045,82.51264190673828
870,0.8708708882331848,81.6797866821289,-0.00025707995519042015,-0.020813602954149246,84.64568328857422
871,0.8718718886375427,81.74909210205078,-0.0002546973410062492,-0.01990692876279354,81.62361907958984
872,0.8728728890419006,81.81845092773438,-0.0002530121128074825,-0.0196036659181118,80.74819946289062
873,0.8738738894462585,81.88787078857422,-0.00024695927277207375,-0.01857285015285015,76.65036010742188
874,0.8748748898506165,81.95735931396484,-0.00024231080897152424,-0.017970222979784012,73.93048095703125
875,0.8758758902549744,82.02690887451172,-0.0002385938714724034,-0.017319418489933014,70.90028381347656
876,0.8768768906593323,82.09650421142578,-0.00023565736773889512,-0.01658637635409832,67.452880859375
877,0.8778778910636902,82.1661605834961,-0.00023454045003745705,-0.016653787344694138,67.54087829589844
878,0.8788788914680481,82.23587799072266,-0.00023574777878820896,-0.017821289598941803,72.557861328125
879,0.879879891872406,82.30565643310547,-0.0002338420890737325,-0.0170291718095541,69.4828872680664
880,0.8808808922767639,82.37548828125,-0.00023764517391100526,-0.018873874098062515,77.76331329345703
881,0.8818818926811218,82.44538116455078,-0.00023723908816464245,-0.018844230100512505,78.13459777832031
882,0.8828828930854797,82.51534271240234,-0.0002380276855546981,-0.01928994059562683,80.40935516357422
883,0.8838838934898376,82.58535766601562,-0.00023823858646210283,-0.019485080614686012,81.4901351928711
884,0.8848848938941956,82.65543365478516,-0.00023527655866928399,-0.018497804179787636,77.382568359375
885,0.8858858942985535,82.72557067871094,-0.00023258672445081174,-0.01747489906847477,72.91304016113281
886,0.8868868947029114,82.7957534790039,-0.00023205121397040784,-0.017479196190834045,72.75133514404297
887,0.8878878951072693,82.86600494384766,-0.00023131107445806265,-0.017658056691288948,73.40283203125
888,0.8888888955116272,82.93631744384766,-0.0002296517341164872,-0.017377248033881187,72.23748016357422
889,0.8898898959159851,83.00669860839844,-0.00022891259868629277,-0.017379155382514,72.34418487548828
890,0.890890896320343,83.0771255493164,-0.00022771116346120834,-0.016249200329184532,67.53607177734375
891,0.8918918967247009,83.14761352539062,-0.00022746005561202765,-0.01618385501205921,67.29206085205078
892,0.8928928971290588,83.21817016601562,-0.0002273036661790684,-0.01636255346238613,68.1075210571289
893,0.8938938975334167,83.28878021240234,-0.00022728409385308623,-0.016641462221741676,69.38920593261719
894,0.8948948979377747,83.35945129394531,-0.00022737265680916607,-0.016728749498724937,69.86487579345703
895,0.8958958983421326,83.43018341064453,-0.00022708690084982663,-0.016306964680552483,68.078857421875
896,0.8968968987464905,83.5009765625,-0.00022697949316352606,-0.015675446018576622,65.40213775634766
897,0.8978978991508484,83.57182312011719,-0.00022955829626880586,-0.01666995696723461,69.94286346435547
898,0.8988988995552063,83.64273071289062,-0.0002313869772478938,-0.01720740646123886,72.50765991210938
899,0.8998998999595642,83.71370697021484,-0.00023112306371331215,-0.016801612451672554,70.91256713867188
900,0.9009009003639221,83.78473663330078,-0.00023229472571983933,-0.017266077920794487,72.98583984375
901,0.90190190076828,83.85582733154297,-0.0002320201601833105,-0.01692776195704937,71.6101303100586
902,0.9029029011726379,83.9269790649414,-0.0002318128535989672,-0.016557589173316956,70.15044403076172
903,0.9039039015769958,83.99818420410156,-0.00023210904328152537,-0.017147496342658997,72.86785888671875
904,0.9049049019813538,84.06946563720703,-0.00023109433823265135,-0.017405252903699875,74.15594482421875
905,0.9059059023857117,84.14079284667969,-0.00022866195649839938,-0.01644044928252697,70.04335021972656
906,0.9069069027900696,84.21219635009766,-0.00022763104061596096,-0.016734296455979347,71.33091735839844
907,0.9079079031944275,84.28364562988281,-0.00022660751710645854,-0.017041103914380074,72.72517395019531
908,0.9089089035987854,84.35516357421875,-0.00022570652072317898,-0.01737191528081894,74.2120132446289
909,0.9099099040031433,84.42674255371094,-0.00022495916346088052,-0.017186716198921204,73.42039489746094
910,0.9109109044075012,84.49837493896484,-0.0002241430920548737,-0.016488458961248398,70.48408508300781
911,0.9119119048118591,84.57007598876953,-0.0002235330466646701,-0.016017787158489227,68.60076141357422
912,0.912912905216217,84.64183044433594,-0.0002230796671938151,-0.015691615641117096,67.44336700439453
913,0.913913905620575,84.71365356445312,-0.0002235051797470078,-0.01679627038538456,72.62989807128906
914,0.9149149060249329,84.78553009033203,-0.00022323886514641345,-0.01609196700155735,69.67369842529297
915,0.9159159064292908,84.85746765136719,-0.00022307886683847755,-0.01597920060157776,69.37569427490234
916,0.9169169068336487,84.92947387695312,-0.00022257809177972376,-0.015660332515835762,68.16654205322266
917,0.9179179072380066,85.00153350830078,-0.00022254171199165285,-0.015760336071252823,68.88465881347656
918,0.9189189076423645,85.07366180419922,-0.0002209554659202695,-0.014536237344145775,63.67522048950195
919,0.9199199080467224,85.1458511352539,-0.00022080636699683964,-0.014780235476791859,65.1158218383789
920,0.9209209084510803,85.21809387207031,-0.00021995173301547766,-0.014533127658069134,64.29135131835938
921,0.9219219088554382,85.29039764404297,-0.00021978927543386817,-0.014986534602940083,66.55778503417969
922,0.9229229092597961,85.3627700805664,-0.0002191829844377935,-0.015131186693906784,67.35093688964844
923,0.923923909664154,85.43519592285156,-0.00021813352941535413,-0.01450817659497261,64.56208801269531
924,0.924924910068512,85.50769805908203,-0.00021801461116410792,-0.015557986684143543,69.44267272949219
925,0.9259259104728699,85.58024597167969,-0.00021705044491682202,-0.014943796209990978,66.69918060302734
926,0.9269269108772278,85.6528549194336,-0.00021685962565243244,-0.014960823580622673,66.81838989257812
927,0.9279279112815857,85.72554779052734,-0.0002166370686609298,-0.01456265989691019,65.04822540283203
928,0.9289289116859436,85.79827880859375,-0.00021657021716237068,-0.01429692655801773,63.91231155395508
929,0.9299299120903015,85.87108612060547,-0.0002152274246327579,-0.013454536907374859,60.05063247680664
930,0.9309309124946594,85.9439468383789,-0.00021705024119000882,-0.014891685917973518,66.78215026855469
931,0.9319319128990173,86.01686096191406,-0.000217354332562536,-0.015472696162760258,69.6135482788086
932,0.9329329133033752,86.08985137939453,-0.00021726910199504346,-0.015896793454885483,71.75736236572266
933,0.9339339137077332,86.16289520263672,-0.00021616538288071752,-0.01587611623108387,71.80799102783203
934,0.9349349141120911,86.23600769042969,-0.00021485952311195433,-0.01587590202689171,71.90853881835938
935,0.935935914516449,86.3091812133789,-0.00021253850718494505,-0.01550584938377142,70.25320434570312
936,0.9369369149208069,86.38240814208984,-0.00020988035248592496,-0.014670904725790024,66.27674865722656
937,0.9379379153251648,86.45570373535156,-0.00020918092923238873,-0.013394937850534916,60.049434661865234
938,0.9389389157295227,86.52906799316406,-0.00020733870042022318,-0.013862808234989643,62.1800537109375
939,0.9399399161338806,86.60248565673828,-0.00020600002608262002,-0.013997720554471016,62.80207824707031
940,0.9409409165382385,86.67597198486328,-0.00020541147387120873,-0.013851877301931381,62.0822639465332
941,0.9419419169425964,86.74951171875,-0.00020528570166788995,-0.014090464450418949,63.28684997558594
942,0.9429429173469543,86.82312774658203,-0.00020544187282212079,-0.014538169838488102,65.47687530517578
943,0.9439439177513123,86.89679718017578,-0.00020560334087349474,-0.014720010571181774,66.36984252929688
944,0.9449449181556702,86.97053527832031,-0.00020597581169568002,-0.014734361320734024,66.45048522949219
945,0.9459459185600281,87.04431915283203,-0.00020633867825381458,-0.015899240970611572,72.15686798095703
946,0.946946918964386,87.11817932128906,-0.00020716128346975893,-0.01588287390768528,72.1448745727539
947,0.9479479193687439,87.19210052490234,-0.00020810187561437488,-0.016144003719091415,73.50422668457031
948,0.9489489793777466,87.2660903930664,-0.00020922580733895302,-0.016077522188425064,73.27622985839844
949,0.9499499797821045,87.34013366699219,-0.00021041394211351871,-0.01631326973438263,74.57447052001953
950,0.9509509801864624,87.41423797607422,-0.00021146883955225348,-0.016397589817643166,75.22244262695312
951,0.9519519805908203,87.48841094970703,-0.0002123681188095361,-0.01592555269598961,73.28040313720703
952,0.9529529809951782,87.56263732910156,-0.00021341670071706176,-0.01496703177690506,69.06097412109375
953,0.9539539813995361,87.6369400024414,-0.0002140746364602819,-0.014597275294363499,67.71347045898438
954,0.954954981803894,87.71129608154297,-0.0002142995217582211,-0.014303131960332394,66.72443389892578
955,0.955955982208252,87.78572845458984,-0.00021406266023404896,-0.01426046434789896,66.82730102539062
956,0.9569569826126099,87.86021423339844,-0.00021335389465093613,-0.014612190425395966,68.73951721191406
957,0.9579579830169678,87.93476104736328,-0.00021247821860015392,-0.014331243000924587,67.57970428466797
958,0.9589589834213257,88.0093765258789,-0.00021036682301200926,-0.015476725995540619,73.10369110107422
959,0.9599599838256836,88.08405303955078,-0.0002089837216772139,-0.015369261614978313,72.70902252197266
960,0.9609609842300415,88.1587905883789,-0.00020697509171441197,-0.01587018370628357,75.23582458496094
961,0.9619619846343994,88.23359680175781,-0.000205234216991812,-0.016290951520204544,77.37948608398438
962,0.9629629850387573,88.30846405029297,-0.00020409976423252374,-0.01671668514609337,79.54476165771484
963,0.9639639854431152,88.38339233398438,-0.00020345952361822128,-0.01637418568134308,77.94271087646484
964,0.9649649858474731,88.45838165283203,-0.0002032750635407865,-0.01725044474005699,82.39156341552734
965,0.965965986251831,88.53343963623047,-0.00020314421271905303,-0.017479483038187027,83.70409393310547
966,0.966966986656189,88.60856628417969,-0.00020450781448744237,-0.01840907149016857,88.36234283447266
967,0.9679679870605469,88.68374633789062,-0.0002034679928328842,-0.0177029836922884,84.93275451660156
968,0.9689689874649048,88.75899505615234,-0.000202678405912593,-0.016849901527166367,80.79066467285156
969,0.9699699878692627,88.83431243896484,-0.0002031097246799618,-0.01714283972978592,82.25144958496094
970,0.9709709882736206,88.90968322753906,-0.000204374038730748,-0.017817767336964607,85.53881072998047
971,0.9719719886779785,88.98513793945312,-0.00020389676501508802,-0.017062129452824593,81.77263641357422
972,0.9729729890823364,89.06063842773438,-0.00020350940758362412,-0.01637200638651848,78.36846923828125
973,0.9739739894866943,89.13619995117188,-0.00020474859047681093,-0.016905885189771652,81.07207489013672
974,0.9749749898910522,89.21183776855469,-0.00020555213268380612,-0.01694325916469097,81.42833709716797
975,0.9759759902954102,89.28753662109375,-0.00020622301963157952,-0.017184916883707047,82.76826477050781
976,0.9769769906997681,89.36328887939453,-0.00020641596347559243,-0.0173807330429554,83.77996063232422
977,0.977977991104126,89.43911743164062,-0.00020620785653591156,-0.017394226044416428,83.87382507324219
978,0.9789789915084839,89.5150146484375,-0.00020589193445630372,-0.017006875947117805,81.96725463867188
979,0.9799799919128418,89.59095764160156,-0.00020636775298044086,-0.01747126132249832,84.18123626708984
980,0.9809809923171997,89.66697692871094,-0.00020591416978277266,-0.016978837549686432,81.83834075927734
981,0.9819819927215576,89.7430648803711,-0.00020512800256256014,-0.016201913356781006,78.2005386352539
982,0.9829829931259155,89.81920623779297,-0.0002046439185505733,-0.016065193340182304,77.84337615966797
983,0.9839839935302734,89.89541625976562,-0.0002048243477474898,-0.016857679933309555,82.05188751220703
984,0.9849849939346313,89.97168731689453,-0.00020487263100221753,-0.017246704548597336,84.25408935546875
985,0.9859859943389893,90.04803466796875,-0.00020411110017448664,-0.01649358682334423,80.8193588256836
986,0.9869869947433472,90.12445068359375,-0.0002032074989983812,-0.015872446820139885,77.9459457397461
987,0.9879879951477051,90.20091247558594,-0.00020296708680689335,-0.016009632498025894,78.76509094238281
988,0.988988995552063,90.27745819091797,-0.00020204181782901287,-0.015560075640678406,76.6722412109375
989,0.9899899959564209,90.35404968261719,-0.00020233626128174365,-0.016128217801451683,79.62529754638672
990,0.9909909963607788,90.43071746826172,-0.00020323783974163234,-0.017265189439058304,85.4817123413086
991,0.9919919967651367,90.5074462890625,-0.00020151141507085413,-0.017125524580478668,85.09892272949219
992,0.9929929971694946,90.58423614501953,-0.0001987598225241527,-0.016581593081355095,82.74005889892578
993,0.9939939975738525,90.6611099243164,-0.00019738631090149283,-0.0170889999717474,85.70490264892578
994,0.9949949979782104,90.73802947998047,-0.00019555131439119577,-0.017157766968011856,86.40240478515625
995,0.9959959983825684,90.81501770019531,-0.00019489973783493042,-0.01768427900969982,89.40350341796875
996,0.9969969987869263,90.89208221435547,-0.00019446181249804795,-0.017931677401065826,90.83943939208984
997,0.9979979991912842,90.96920013427734,-0.00019666874140966684,-0.018476761877536774,93.51156616210938
998,0.9989989995956421,91.04638671875,-0.00020140825654380023,-0.01886109821498394,95.00535583496094
999,1.0,91.12364959716797,-0.00020769851107615978,-0.01880452409386635,93.85832214355469
