index,timestep,Diffusion_Coeff,Divergence,score,pos
0,0.0,39.05299377441406,-0.002553985919803381,0.1281365007162094,24.129018783569336
1,0.0010010009864345193,39.08612823486328,-0.004461160860955715,0.1282206028699875,25.182716369628906
2,0.0020020019728690386,39.11929702758789,-0.003999423235654831,0.13084544241428375,24.863981246948242
3,0.0030030030757188797,39.15248489379883,-0.0055856164544820786,0.12611649930477142,26.002988815307617
4,0.004004003945738077,39.185707092285156,-0.004901428706943989,0.12939774990081787,25.504423141479492
5,0.005005004815757275,39.218955993652344,-0.0067658862099051476,0.11803025007247925,27.513324737548828
6,0.006006006151437759,39.25223159790039,-0.005438797641545534,0.12740202248096466,26.064016342163086
7,0.007007007021456957,39.28553771972656,-0.005997172556817532,0.12425970286130905,26.65917205810547
8,0.008008007891476154,39.31887435913086,-0.006771949119865894,0.11846325546503067,27.594526290893555
9,0.009009009227156639,39.352237701416016,-0.006850419566035271,0.11845698952674866,27.616344451904297
10,0.01001000963151455,39.38562774658203,-0.005286571104079485,0.1286456435918808,25.984851837158203
11,0.011011010967195034,39.41904830932617,-0.005737496539950371,0.1267133355140686,26.309019088745117
12,0.012012012302875519,39.452491760253906,-0.007194973528385162,0.11687246710062027,27.708261489868164
13,0.013013012707233429,39.48596954345703,-0.007942885160446167,0.10712367296218872,28.81393814086914
14,0.014014014042913914,39.51947021484375,-0.008047126233577728,0.10320096462965012,29.046348571777344
15,0.015015014447271824,39.55300521850586,-0.007558874320238829,0.10646411776542664,28.289228439331055
16,0.01601601578295231,39.58656692504883,-0.007009369786828756,0.10803654789924622,27.7111759185791
17,0.01701701618731022,39.620155334472656,-0.007389957085251808,0.09913646429777145,28.595230102539062
18,0.018018018454313278,39.653770446777344,-0.007269940339028835,0.09784968942403793,28.56584930419922
19,0.01901901885867119,39.68742370605469,-0.007780422922223806,0.08542907238006592,30.075000762939453
20,0.0200200192630291,39.721092224121094,-0.007380666211247444,0.09522519260644913,28.683412551879883
21,0.021021021530032158,39.754798889160156,-0.007561297621577978,0.09251415729522705,28.940139770507812
22,0.022022021934390068,39.78852844238281,-0.007505376823246479,0.09364330768585205,28.678165435791016
23,0.023023022338747978,39.82229232788086,-0.007587777450680733,0.09152499586343765,28.82403564453125
24,0.024024024605751038,39.8560791015625,-0.007800770923495293,0.07909221947193146,30.288545608520508
25,0.025025025010108948,39.889896392822266,-0.007442937232553959,0.08833330869674683,28.9019775390625
26,0.026026025414466858,39.92374801635742,-0.006768167484551668,0.09163525700569153,28.180767059326172
27,0.027027025818824768,39.95762252807617,-0.0032274113036692142,0.10015517473220825,26.073171615600586
28,0.028028028085827827,39.99152755737305,-0.002696703188121319,0.09720824658870697,25.942556381225586
29,0.029029028490185738,40.02545928955078,-0.00425686314702034,0.08963038772344589,27.039827346801758
30,0.030030028894543648,40.05942153930664,-0.004451390355825424,0.0838058665394783,27.631271362304688
31,0.031031031161546707,40.093414306640625,-0.0031143908854573965,0.08426105231046677,26.71544647216797
32,0.03203203156590462,40.1274299621582,-0.00017772828869055957,0.08635182678699493,25.014081954956055
33,0.03303303197026253,40.16147994995117,-0.004009696654975414,0.08065008372068405,27.661788940429688
34,0.03403403237462044,40.195556640625,-0.0020640138536691666,0.08633893728256226,26.108055114746094
35,0.03503503277897835,40.22966384887695,-0.004084139131009579,0.08239325881004333,27.570199966430664
36,0.036036036908626556,40.263797760009766,-0.0029326537624001503,0.08566472679376602,26.68785285949707
37,0.03703703731298447,40.29795837402344,-0.0031647440046072006,0.08474420011043549,26.87114906311035
38,0.03803803771734238,40.3321533203125,-0.004451480694115162,0.07975000143051147,27.92171287536621
39,0.03903903812170029,40.36637878417969,-0.004306045360863209,0.0778939500451088,27.949392318725586
40,0.0400400385260582,40.40062713623047,-0.0006245328695513308,0.08119044452905655,25.744468688964844
41,0.04104103893041611,40.434906005859375,-5.0061833462677896e-05,0.077725850045681,25.535207748413086
42,0.042042043060064316,40.469215393066406,-0.0011309987166896462,0.0735926702618599,26.175586700439453
43,0.043043043464422226,40.50355529785156,-0.0025370202492922544,0.06859192252159119,27.29302406311035
44,0.044044043868780136,40.53792190551758,-0.003649751888588071,0.06253840029239655,28.653108596801758
45,0.045045044273138046,40.572322845458984,0.001914047752507031,0.06663177162408829,24.9655818939209
46,0.046046044677495956,40.606746673583984,-0.0008344723610207438,0.06619816273450851,26.402576446533203
47,0.04704704508185387,40.641197204589844,0.0004466390237212181,0.0656023919582367,25.746814727783203
48,0.048048049211502075,40.67568588256836,0.004997732117772102,0.060204315930604935,23.997634887695312
49,0.049049049615859985,40.71019744873047,-0.0006386052700690925,0.06368010491132736,26.52695655822754
50,0.050050050020217896,40.7447395324707,-0.002535392064601183,0.05976976454257965,28.156055450439453
51,0.051051050424575806,40.77931213378906,-0.0024385005235671997,0.057992059737443924,28.27370262145996
52,0.052052050828933716,40.81391143798828,-0.002321146195754409,0.056320879608392715,28.363285064697266
53,0.053053051233291626,40.84854507446289,-0.003065912052989006,0.052121587097644806,29.401546478271484
54,0.054054051637649536,40.88320541381836,-0.0007115008775144815,0.05462096258997917,27.37775421142578
55,0.055055055767297745,40.91789627075195,-0.0001307719066971913,0.05281039699912071,27.06940460205078
56,0.056056056171655655,40.952613830566406,-0.002360522048547864,0.04843674972653389,29.12535285949707
57,0.057057056576013565,40.987361907958984,-0.000488527410198003,0.04956837743520737,27.4393310546875
58,0.058058056980371475,41.02214431762695,0.00237871496938169,0.046689148992300034,25.56403350830078
59,0.059059057384729385,41.056949615478516,-0.002768426202237606,0.04301479831337929,30.021780014038086
60,0.060060057789087296,41.0917854309082,-0.0011432282626628876,0.04591630771756172,28.175947189331055
61,0.061061061918735504,41.12665557861328,0.00018539380107540637,0.04559754207730293,27.151355743408203
62,0.062062062323093414,41.16154479980469,-0.0026853966992348433,0.041024234145879745,30.15602684020996
63,0.06306306272745132,41.19647216796875,-0.001466840854845941,0.04395749792456627,28.740602493286133
64,0.06406406313180923,41.23143005371094,0.0026802674401551485,0.04222031310200691,25.926109313964844
65,0.06506506353616714,41.266414642333984,0.0007798284641467035,0.042954958975315094,27.160383224487305
66,0.06606606394052505,41.301429748535156,-0.0007486811373382807,0.04143727943301201,28.512086868286133
67,0.06706706434488297,41.33647537231445,-0.0021215241868048906,0.037002839148044586,30.351116180419922
68,0.06806806474924088,41.37154769897461,-0.0010242840507999063,0.036320362240076065,29.34616470336914
69,0.06906906515359879,41.406654357910156,-0.0013718151021748781,0.033468347042798996,30.0166072845459
70,0.0700700655579567,41.44178771972656,-0.0017098351381719112,0.030401254072785378,30.718414306640625
71,0.0710710734128952,41.476951599121094,-0.001169919385574758,0.029425939545035362,30.12537956237793
72,0.07207207381725311,41.512142181396484,-0.00023326744849327952,0.02862645871937275,29.049396514892578
73,0.07307307422161102,41.547367095947266,-0.001061765244230628,0.026586752384901047,30.167552947998047
74,0.07407407462596893,41.582618713378906,-0.0012197655159980059,0.025482185184955597,30.470699310302734
75,0.07507507503032684,41.61790466308594,-0.0012393861543387175,0.02515534870326519,30.554471969604492
76,0.07607607543468475,41.65321731567383,-0.0018685467075556517,0.02370218001306057,31.577129364013672
77,0.07707707583904266,41.688560485839844,-0.002548221265897155,0.0203801728785038,33.14600372314453
78,0.07807807624340057,41.72393035888672,-0.002730721142143011,0.018664704635739326,33.90146255493164
79,0.07907907664775848,41.75933074951172,-0.002540284302085638,0.019331004470586777,33.603416442871094
80,0.0800800770521164,41.794769287109375,-0.0027277502231299877,0.016826391220092773,34.44100570678711
81,0.0810810774564743,41.830230712890625,-0.0017704960191622376,0.021627891808748245,32.16596984863281
82,0.08208207786083221,41.865726470947266,-0.00038108305307105184,0.023477688431739807,30.13492202758789
83,0.08308307826519012,41.9012451171875,-0.0008813765598461032,0.022690298035740852,30.82683563232422
84,0.08408408612012863,41.93680191040039,-0.0014907658332958817,0.02131342701613903,31.719514846801758
85,0.08508508652448654,41.97238540649414,-0.0008474176866002381,0.02236846275627613,30.685945510864258
86,0.08608608692884445,42.00799560546875,-0.0005636838031932712,0.022525878623127937,30.20734214782715
87,0.08708708733320236,42.043643951416016,0.0002723822835832834,0.022352498024702072,29.042278289794922
88,0.08808808773756027,42.079315185546875,-4.453824658412486e-05,0.021795932203531265,29.304752349853516
89,0.08908908814191818,42.115020751953125,0.0005396846681833267,0.02057611010968685,28.482933044433594
90,0.09009008854627609,42.1507568359375,0.0007423798670060933,0.019339624792337418,28.101316452026367
91,0.091091088950634,42.186519622802734,-0.0001184375723823905,0.018742596730589867,29.252286911010742
92,0.09209208935499191,42.22231674194336,0.0001861973578343168,0.01787920854985714,28.788360595703125
93,0.09309308975934982,42.258140563964844,-1.2274154869373888e-05,0.017249638214707375,29.21982192993164
94,0.09409409016370773,42.29399490356445,-0.0003649670397862792,0.01659306325018406,30.01464080810547
95,0.09509509056806564,42.32988739013672,-0.0004848175449296832,0.01614176109433174,30.414352416992188
96,0.09609609842300415,42.36580276489258,-0.0004366500361356884,0.01595812663435936,30.465356826782227
97,0.09709709882736206,42.40175247192383,-0.000923981424421072,0.015075194649398327,31.570466995239258
98,0.09809809923171997,42.4377326965332,-0.0014214715920388699,0.013466986827552319,32.805904388427734
99,0.09909909963607788,42.473731994628906,-0.0015124226920306683,0.012609957717359066,33.11236572265625
100,0.10010010004043579,42.5097770690918,-0.001452028751373291,0.012259155511856079,33.018592834472656
101,0.1011011004447937,42.545841217041016,-0.0012278435751795769,0.012563826516270638,32.49846649169922
102,0.10210210084915161,42.58195114135742,-0.001497638993896544,0.011319651268422604,33.179107666015625
103,0.10310310125350952,42.618080139160156,-0.00011756445746868849,0.013570914976298809,30.338024139404297
104,0.10410410165786743,42.65423583984375,-0.0015006524045020342,0.011010702699422836,33.14891052246094
105,0.10510510206222534,42.6904296875,-0.0019506120588630438,0.0086332643404603,34.46946334838867
106,0.10610610246658325,42.726654052734375,-0.002024150686338544,0.008031720295548439,34.69156265258789
107,0.10710710287094116,42.762908935546875,-0.002197848167270422,0.005966806318610907,35.51008224487305
108,0.10810810327529907,42.799190521240234,-0.0015243610832840204,0.010175684466958046,33.08154296875
109,0.10910911113023758,42.83551025390625,-0.0020969300530850887,0.005800123326480389,35.30107116699219
110,0.11011011153459549,42.871856689453125,-0.0019107519183307886,0.006824508309364319,34.685543060302734
111,0.1111111119389534,42.90822982788086,-0.0013642744161188602,0.009307079017162323,33.04812240600586
112,0.11211211234331131,42.94463348388672,-0.001392805716022849,0.008275068365037441,33.43048858642578
113,0.11311311274766922,42.9810791015625,-0.0011216809507459402,0.008215300738811493,32.93950271606445
114,0.11411411315202713,43.017547607421875,-0.0011323736980557442,0.007042200770229101,33.3251953125
115,0.11511511355638504,43.054054260253906,-0.000893814314622432,0.006706861779093742,32.86939239501953
116,0.11611611396074295,43.090579986572266,-0.0011114021763205528,0.005237758159637451,33.7608642578125
117,0.11711711436510086,43.127140045166016,-0.0011739085894078016,0.004542084876447916,34.05217361450195
118,0.11811811476945877,43.16373825073242,-0.001321045565418899,0.003679821500554681,34.611785888671875
119,0.11911911517381668,43.20035934448242,-0.0016535638133063912,0.001645310316234827,35.96562957763672
120,0.12012011557817459,43.23701477050781,-0.001608548453077674,0.0021193218417465687,35.715919494628906
121,0.1211211159825325,43.27370834350586,-0.0014433807227760553,0.0030152355320751667,35.05381393432617
122,0.12212212383747101,43.3104248046875,-0.0013522184453904629,0.003260787110775709,34.73702621459961
123,0.12312312424182892,43.34716796875,-0.0016508122207596898,0.0010553330648690462,36.10431671142578
124,0.12412412464618683,43.38395309448242,-0.0017313705757260323,-0.00010257922986056656,36.68555450439453
125,0.12512512505054474,43.42076110839844,-0.0020025228150188923,-0.0037599375937134027,38.54477310180664
126,0.12612612545490265,43.45760726928711,-0.001735382596962154,-0.00143998337443918,37.23784637451172
127,0.12712712585926056,43.494476318359375,-0.0018773447955027223,-0.0033787102438509464,38.31027603149414
128,0.12812812626361847,43.5313835144043,-0.0014238734729588032,0.0003522406332194805,36.07915115356445
129,0.12912912666797638,43.56832504272461,-0.001728514558635652,-0.002275582170113921,37.770023345947266
130,0.1301301270723343,43.605289459228516,-0.0015770264435559511,-0.0009201035718433559,37.04106140136719
131,0.1311311274766922,43.64228820800781,-0.0014819836942479014,-0.0002555384417064488,36.64025115966797
132,0.1321321278810501,43.679317474365234,-0.001786037813872099,-0.0032823181245476007,38.42100143432617
133,0.13313312828540802,43.71638107299805,-0.0013501998037099838,-9.727125870995224e-05,36.194557189941406
134,0.13413412868976593,43.753475189208984,-0.0012022325536236167,0.0002983225276693702,35.5609245300293
135,0.13513512909412384,43.79059600830078,-0.0004372366238385439,0.001912085572257638,32.372745513916016
136,0.13613612949848175,43.827762603759766,-0.0007960722432471812,-0.00010895911691477522,34.10021209716797
137,0.13713712990283966,43.86494445800781,-0.0005441775429062545,-7.351470412686467e-05,33.04621887207031
138,0.13813813030719757,43.902164459228516,-0.0004501067160163075,-0.00020626973127946258,32.654502868652344
139,0.13913913071155548,43.93941879272461,-0.00013096616021357477,6.597080209758133e-05,31.205108642578125
140,0.1401401311159134,43.9766960144043,-0.00028326213941909373,-6.752988701919094e-05,31.972496032714844
141,0.1411411464214325,44.014015197753906,-0.0002757332695182413,2.4283246602863073e-05,31.96133804321289
142,0.1421421468257904,44.051361083984375,2.9607306714751758e-05,0.00022325984900817275,30.46017837524414
143,0.14314314723014832,44.08873748779297,0.00024134994600899518,-0.00016528484411537647,29.346948623657227
144,0.14414414763450623,44.12614822387695,0.0002113626105710864,-0.0002837909269146621,29.464149475097656
145,0.14514514803886414,44.1635856628418,0.00040595635073259473,-0.0007921421783976257,28.333126068115234
146,0.14614614844322205,44.20106506347656,0.00027606304502114654,-0.0008504704455845058,29.020288467407227
147,0.14714714884757996,44.238563537597656,-0.0001952428137883544,-0.0010241549462080002,31.989601135253906
148,0.14814814925193787,44.27610778808594,-0.00039174017729237676,-0.0016008238308131695,33.240264892578125
149,0.14914914965629578,44.31366729736328,-0.0002336242760065943,-0.001405733753927052,32.46645736694336
150,0.1501501500606537,44.35126876831055,0.00038407096872106194,-0.0017605576431378722,29.085437774658203
151,0.1511511504650116,44.38890075683594,0.00030174333369359374,-0.001664299750700593,29.61571502685547
152,0.1521521508693695,44.426570892333984,0.00014725109213031828,-0.0015140465693548322,30.404335021972656
153,0.15315315127372742,44.464263916015625,0.0003261168603785336,-0.0017435557674616575,29.351499557495117
154,0.15415415167808533,44.50199508666992,0.00032938423100858927,-0.001745695830322802,29.22698974609375
155,0.15515515208244324,44.53975296020508,0.0004003397189080715,-0.0021545228082686663,28.737892150878906
156,0.15615615248680115,44.57754898071289,0.00023905753914732486,-0.0022898672614246607,29.512134552001953
157,0.15715715289115906,44.6153678894043,0.0005147155025042593,-0.0033759844955056906,27.819381713867188
158,0.15815815329551697,44.653228759765625,0.00015021939179860055,-0.0031027267687022686,29.868385314941406
159,0.15915915369987488,44.69111251831055,0.0002773104642983526,-0.003605959704145789,29.072446823120117
160,0.1601601541042328,44.72903823852539,0.0003880414296872914,-0.00415815319865942,28.290199279785156
161,0.1611611545085907,44.76698684692383,0.0002626337227411568,-0.00399314658716321,29.125051498413086
162,0.1621621549129486,44.804969787597656,0.0006798324175179005,-0.0053409128449857235,26.169734954833984
163,0.16316315531730652,44.842987060546875,0.0009820751147344708,-0.007169211283326149,23.730571746826172
164,0.16416415572166443,44.88103485107422,0.0010590048041194677,-0.009447569958865643,21.534486770629883
165,0.16516515612602234,44.91912078857422,0.0009853472001850605,-0.010159996338188648,20.837820053100586
166,0.16616615653038025,44.95723342895508,0.0009079923620447516,-0.010423817671835423,20.524999618530273
167,0.16716717183589935,44.99538040161133,0.0008534926455467939,-0.010111965239048004,20.862592697143555
168,0.16816817224025726,45.03356170654297,0.0007791370153427124,-0.010834017768502235,19.975292205810547
169,0.16916917264461517,45.071773529052734,0.0007435283623635769,-0.01019570417702198,20.688581466674805
170,0.17017017304897308,45.110015869140625,0.000703240919392556,-0.010377186350524426,20.194284439086914
171,0.171171173453331,45.14828872680664,0.0006731230532750487,-0.009056459181010723,21.782882690429688
172,0.1721721738576889,45.18659973144531,0.0006483987672254443,-0.008631527423858643,22.109575271606445
173,0.17317317426204681,45.22494125366211,0.0006406190223060548,-0.009492277167737484,20.471359252929688
174,0.17417417466640472,45.2633171081543,0.0006033956888131797,-0.009735038504004478,19.81021499633789
175,0.17517517507076263,45.30172348022461,0.0005331832217052579,-0.010056420229375362,19.09502410888672
176,0.17617617547512054,45.34016036987305,0.0004727736522909254,-0.009252811782062054,20.81325340270996
177,0.17717717587947845,45.37863540649414,0.0004223976284265518,-0.00933102611452341,21.085845947265625
178,0.17817817628383636,45.41713333129883,0.00033215261646546423,-0.008201719261705875,24.58584213256836
179,0.17917917668819427,45.45567321777344,0.0003903332108166069,-0.00902282539755106,22.631187438964844
180,0.18018017709255219,45.49424362182617,0.0004120602388866246,-0.00886925682425499,23.074983596801758
181,0.1811811774969101,45.53284454345703,0.00046300090616568923,-0.009189379401504993,22.31549835205078
182,0.182182177901268,45.571475982666016,0.00048580655129626393,-0.010929848998785019,18.830177307128906
183,0.18318317830562592,45.610145568847656,0.0004770586674567312,-0.011462078429758549,17.93964195251465
184,0.18418417870998383,45.64884567260742,0.0004429147520568222,-0.011926542036235332,17.089038848876953
185,0.18518517911434174,45.68758010864258,0.00035989441676065326,-0.012620102614164352,15.477169036865234
186,0.18618617951869965,45.726348876953125,0.0003675294283311814,-0.012604236602783203,15.619248390197754
187,0.18718717992305756,45.76514434814453,0.00034272222546860576,-0.01278468407690525,15.262948036193848
188,0.18818818032741547,45.803977966308594,0.00021482013107743114,-0.013419841416180134,13.229843139648438
189,0.18918918073177338,45.84284210205078,0.00032523239497095346,-0.012999767437577248,15.010374069213867
190,0.1901901811361313,45.881744384765625,0.0004182431730441749,-0.012347770854830742,16.954425811767578
191,0.1911911815404892,45.92066955566406,0.0004783564363606274,-0.011550439521670341,19.0655460357666
192,0.1921921968460083,45.95963668823242,0.0004047053516842425,-0.012530953623354435,17.163936614990234
193,0.1931931972503662,45.99863052368164,0.0004616358783096075,-0.01206346694380045,18.499067306518555
194,0.19419419765472412,46.037662506103516,0.0004896948812529445,-0.011816135607659817,19.120323181152344
195,0.19519519805908203,46.07672882080078,0.0005250687245279551,-0.011313611641526222,20.078235626220703
196,0.19619619846343994,46.115821838378906,0.0005238888552412391,-0.011693899519741535,19.305696487426758
197,0.19719719886779785,46.15495300292969,0.0005499986000359058,-0.010145163163542747,22.043153762817383
198,0.19819819927215576,46.194114685058594,0.0005620374577119946,-0.010252952575683594,21.697755813598633
199,0.19919919967651367,46.23331069946289,0.0005684278439730406,-0.011430642567574978,19.508209228515625
200,0.20020020008087158,46.27254104614258,0.00038010632852092385,-0.009014146402478218,24.217634201049805
201,0.2012012004852295,46.31180191040039,0.00042874267091974616,-0.009521515108644962,23.08184051513672
202,0.2022022008895874,46.35110092163086,0.0004602332483045757,-0.010086052119731903,21.95121955871582
203,0.2032032012939453,46.39043045043945,0.0004576487699523568,-0.01057589054107666,21.10564613342285
204,0.20420420169830322,46.42979049682617,0.0004373472183942795,-0.010996914468705654,20.345735549926758
205,0.20520520210266113,46.46918487548828,0.0003881028387695551,-0.010380136780440807,21.979106903076172
206,0.20620620250701904,46.50861740112305,0.0003313884371891618,-0.009747915901243687,23.70347023010254
207,0.20720720291137695,46.54807662963867,0.00030282122315838933,-0.009377908892929554,24.67926597595215
208,0.20820820331573486,46.58757400512695,0.00030628463719040155,-0.009312705136835575,24.748973846435547
209,0.20920920372009277,46.62710189819336,0.00015152725973166525,-0.00871252827346325,27.559965133666992
210,0.21021020412445068,46.666664123535156,0.00025709759211167693,-0.009340237826108932,25.181774139404297
211,0.2112112045288086,46.706260681152344,0.00028281298000365496,-0.009832453913986683,23.87532615661621
212,0.2122122049331665,46.74589157104492,0.0002474708016961813,-0.009810227900743484,24.322410583496094
213,0.21321320533752441,46.78555679321289,0.00019937672186642885,-0.009681523777544498,24.991870880126953
214,0.21421420574188232,46.825252532958984,9.942826727638021e-05,-0.009393210522830486,26.64118003845215
215,0.21521520614624023,46.864990234375,9.164915536530316e-05,-0.009422014467418194,26.296201705932617
216,0.21621620655059814,46.90475082397461,0.0001568534498801455,-0.009589011780917645,24.804718017578125
217,0.21721720695495605,46.94455337524414,5.005294588045217e-05,-0.009305077604949474,27.02117156982422
218,0.21821822226047516,46.98438262939453,0.00018011746578849852,-0.009527796879410744,24.80207061767578
219,0.21921922266483307,47.024253845214844,0.0002911181654781103,-0.010072321631014347,22.560659408569336
220,0.22022022306919098,47.064151763916016,0.0003003916353918612,-0.01046416163444519,21.476484298706055
221,0.2212212234735489,47.104087829589844,0.00023425552353728563,-0.010146296583116055,22.92051887512207
222,0.2222222238779068,47.14405059814453,9.611378482077271e-05,-0.009695860557258129,26.26004409790039
223,0.2232232242822647,47.18405532836914,7.232686039060354e-05,-0.009805499576032162,26.446590423583984
224,0.22422422468662262,47.22409439086914,3.573460708139464e-05,-0.009867130778729916,27.141754150390625
225,0.22522522509098053,47.264163970947266,3.418481719563715e-05,-0.009965255856513977,26.951921463012695
226,0.22622622549533844,47.304264068603516,1.277753290196415e-05,-0.01001137588173151,27.387832641601562
227,0.22722722589969635,47.34440231323242,-5.9800848248414695e-05,-0.010075964964926243,29.041919708251953
228,0.22822822630405426,47.384578704833984,-0.00013730654609389603,-0.010191719979047775,30.553295135498047
229,0.22922922670841217,47.424781799316406,-0.00010340895096305758,-0.010017541237175465,29.836313247680664
230,0.23023022711277008,47.465023040771484,-0.00015642779180780053,-0.010090256109833717,30.742238998413086
231,0.231231227517128,47.50529479980469,-0.00024278249475173652,-0.010431155562400818,32.194610595703125
232,0.2322322279214859,47.54560470581055,-0.0002098191762343049,-0.010359792970120907,31.39388084411621
233,0.2332332283258438,47.58594512939453,-0.0002088737383019179,-0.010433351621031761,31.20506477355957
234,0.23423422873020172,47.62632369995117,-0.00013852967822458595,-0.010301129892468452,29.5856990814209
235,0.23523522913455963,47.6667366027832,-0.00012880688882432878,-0.01040272880345583,29.236452102661133
236,0.23623622953891754,47.707176208496094,-6.039848813088611e-05,-0.010318693704903126,27.30281639099121
237,0.23723722994327545,47.74766540527344,-0.00015381071716547012,-0.010610230267047882,29.91407585144043
238,0.23823823034763336,47.788177490234375,-0.00014919982641004026,-0.010593248531222343,29.883508682250977
239,0.23923923075199127,47.8287239074707,-0.00019589673320297152,-0.010831388644874096,31.0290584564209
240,0.24024023115634918,47.86930847167969,-0.0001616228837519884,-0.010761459358036518,30.047760009765625
241,0.2412412315607071,47.9099235534668,-0.0002252017438877374,-0.011172650381922722,31.430465698242188
242,0.242242231965065,47.95058059692383,-0.00026148982578888535,-0.011472556740045547,32.082298278808594
243,0.2432432323694229,47.99126052856445,-0.0002957529795821756,-0.011740898713469505,32.63676834106445
244,0.24424424767494202,48.031982421875,-0.00017091250629164279,-0.011044738814234734,29.331323623657227
245,0.24524524807929993,48.07273864746094,-0.0002176433481508866,-0.011257917620241642,30.31769371032715
246,0.24624624848365784,48.113529205322266,-0.00028754398226737976,-0.011688410304486752,31.799604415893555
247,0.24724724888801575,48.154354095458984,-0.0003784616128541529,-0.012446328066289425,33.90816116333008
248,0.24824824929237366,48.19520950317383,-0.0005090637132525444,-0.01386359240859747,37.10525894165039
249,0.24924924969673157,48.236106872558594,-0.0005128884222358465,-0.01383030042052269,37.16912078857422
250,0.2502502501010895,48.277034759521484,-0.00041393510764464736,-0.012526343576610088,34.7191276550293
251,0.2512512505054474,48.317996978759766,-0.0005079909460619092,-0.013336500152945518,36.802276611328125
252,0.2522522509098053,48.35899353027344,-0.0006938368896953762,-0.015522937290370464,40.434364318847656
253,0.2532532513141632,48.40003204345703,-0.0006647238042205572,-0.015408704988658428,40.027191162109375
254,0.2542542517185211,48.44109344482422,-0.000644449726678431,-0.015408729203045368,39.751766204833984
255,0.25525525212287903,48.48219680786133,-0.0005501009291037917,-0.014474323950707912,37.90334701538086
256,0.25625625252723694,48.52333450317383,-0.00044646079186350107,-0.013555936515331268,35.75163650512695
257,0.25725725293159485,48.564510345458984,-0.00045265935477800667,-0.01383876334875822,36.07271957397461
258,0.25825825333595276,48.605712890625,-0.0004699576529674232,-0.014293670654296875,36.66081237792969
259,0.25925925374031067,48.64695739746094,-0.0003944672062061727,-0.013635651208460331,34.72633743286133
260,0.2602602541446686,48.688236236572266,-0.00038905287510715425,-0.013657691888511181,34.557621002197266
261,0.2612612545490265,48.729549407958984,-0.0003992491401731968,-0.013787394389510155,34.90605926513672
262,0.2622622549533844,48.770896911621094,-0.0004347881185822189,-0.014208704233169556,36.07115173339844
263,0.2632632553577423,48.812278747558594,-0.0004748702922370285,-0.014699050225317478,37.26362228393555
264,0.2642642557621002,48.85369110107422,-0.0005080418777652085,-0.015054098330438137,38.20423889160156
265,0.26526525616645813,48.895145416259766,-0.0004681750724557787,-0.0144649064168334,37.18994903564453
266,0.26626625657081604,48.93663787841797,-0.0005010613822378218,-0.014793943613767624,38.071407318115234
267,0.26726725697517395,48.97815704345703,-0.0004262386355549097,-0.013819510117173195,35.99383544921875
268,0.26826825737953186,49.01971435546875,-0.00038059704820625484,-0.013307927176356316,34.70465850830078
269,0.26926925778388977,49.061309814453125,-0.0003797163371928036,-0.013399751856923103,34.74979782104492
270,0.2702702581882477,49.10293960571289,-0.00040093460120260715,-0.013822006061673164,35.38626480102539
271,0.2712712585926056,49.14460754394531,-0.0003954679414164275,-0.013970301486551762,35.158172607421875
272,0.2722722589969635,49.18630599975586,-0.00038366782246157527,-0.014072486199438572,34.640995025634766
273,0.2732732594013214,49.2280387878418,-0.0004222156712785363,-0.01485439483076334,35.83766555786133
274,0.2742742598056793,49.26980972290039,-0.00037977664032951,-0.014459359459578991,34.190494537353516
275,0.27527526021003723,49.31161880493164,-0.0003563821373973042,-0.014267072081565857,33.04603958129883
276,0.27627626061439514,49.35345458984375,-0.00035862316144630313,-0.01443790178745985,33.04429626464844
277,0.27727726101875305,49.39533233642578,-0.00036513706436380744,-0.014663026668131351,33.44065856933594
278,0.27827826142311096,49.4372444152832,-0.0003336063236929476,-0.01405978575348854,31.624963760375977
279,0.27927926182746887,49.479190826416016,-0.000382063357392326,-0.015197115018963814,34.803218841552734
280,0.2802802622318268,49.52117156982422,-0.0003328728780616075,-0.01416700892150402,32.069419860839844
281,0.2812812626361847,49.56319046020508,-0.0003774604410864413,-0.015110869891941547,34.826332092285156
282,0.282282292842865,49.60525131225586,-0.00032524115522392094,-0.014132498763501644,31.884977340698242
283,0.2832832932472229,49.6473388671875,-0.0003557064919732511,-0.014835864305496216,33.68357849121094
284,0.2842842936515808,49.6894645690918,-0.0003238918725401163,-0.014263746328651905,31.735361099243164
285,0.2852852940559387,49.73162841796875,-0.00034795640385709703,-0.014771937392652035,33.049530029296875
286,0.28628629446029663,49.77382278442383,-0.00035060866503044963,-0.01480584591627121,33.081809997558594
287,0.28728729486465454,49.81605911254883,-0.00036325358087196946,-0.014953876845538616,33.70172119140625
288,0.28828829526901245,49.85832595825195,-0.00034898793091997504,-0.014532958157360554,32.84658432006836
289,0.28928929567337036,49.900630950927734,-0.0003730290336534381,-0.01492246426641941,34.180877685546875
290,0.29029029607772827,49.94297409057617,-0.0003697840729728341,-0.01484902948141098,34.10445785522461
291,0.2912912964820862,49.985355377197266,-0.00035319681046530604,-0.014554670080542564,33.230316162109375
292,0.2922922968864441,50.02776336669922,-0.00033542790333740413,-0.014206343330442905,32.016090393066406
293,0.293293297290802,50.07020950317383,-0.00034077081363648176,-0.014409907162189484,32.40342712402344
294,0.2942942976951599,50.11269760131836,-0.000347303255693987,-0.01465647853910923,32.9491081237793
295,0.2952952980995178,50.155216217041016,-0.0003346721059642732,-0.014339962974190712,31.870346069335938
296,0.29629629850387573,50.197776794433594,-0.00031605164986103773,-0.013672848232090473,29.698131561279297
297,0.29729729890823364,50.2403678894043,-0.0003068186924792826,-0.013221094384789467,28.233352661132812
298,0.29829829931259155,50.282997131347656,-0.00030269025592133403,-0.013005808927118778,27.538585662841797
299,0.29929929971694946,50.32566452026367,-0.000292985700070858,-0.01269354484975338,26.632341384887695
300,0.3003003001213074,50.36836242675781,-0.00025083086802624166,-0.0117765748873353,23.363327026367188
301,0.3013013005256653,50.41109848022461,-0.00024085685436148196,-0.01177333015948534,23.36475372314453
302,0.3023023009300232,50.45387649536133,-0.00023777238675393164,-0.011981958523392677,24.244173049926758
303,0.3033033013343811,50.49668502807617,-0.00022297579562291503,-0.011912628076970577,24.114795684814453
304,0.304304301738739,50.53953552246094,-0.00021424857550300658,-0.011955984868109226,24.46680450439453
305,0.3053053021430969,50.58241653442383,-0.00022156978957355022,-0.012291845865547657,26.28177261352539
306,0.30630630254745483,50.625335693359375,-0.00022884841018822044,-0.0124844741076231,27.457286834716797
307,0.30730730295181274,50.66829299926758,-0.00024454202502965927,-0.012695527635514736,28.69200897216797
308,0.30830830335617065,50.71128463745117,-0.00027674672310240567,-0.013075178489089012,30.322345733642578
309,0.30930930376052856,50.754310607910156,-0.00023594844969920814,-0.012408984825015068,27.728530883789062
310,0.3103103041648865,50.79737854003906,-0.00023139233235269785,-0.01219965796917677,26.787574768066406
311,0.3113113045692444,50.840476989746094,-0.0002544356102589518,-0.012441194616258144,27.69202995300293
312,0.3123123049736023,50.88361358642578,-0.0002615444245748222,-0.012429952621459961,27.464378356933594
313,0.3133133053779602,50.92679214477539,-0.00030369911110028625,-0.013154048472642899,29.9637393951416
314,0.3143143057823181,50.97000503540039,-0.0002992945956066251,-0.01296178624033928,29.329418182373047
315,0.315315306186676,51.01325225830078,-0.00029156426899135113,-0.012719173915684223,28.46565055847168
316,0.31631630659103394,51.056541442871094,-0.00026781571796163917,-0.01220430713146925,26.691158294677734
317,0.31731730699539185,51.099857330322266,-0.0002827057323884219,-0.012547428719699383,28.00417709350586
318,0.31831830739974976,51.14321517944336,-0.0003105083014816046,-0.013235177844762802,30.35749626159668
319,0.31931930780410767,51.186614990234375,-0.00029073446057736874,-0.012872941792011261,29.1919002532959
320,0.3203203082084656,51.23004913330078,-0.0002841630484908819,-0.012794210575520992,28.88399887084961
321,0.3213213086128235,51.27351379394531,-0.00028580930666066706,-0.012884244322776794,29.11604881286621
322,0.3223223090171814,51.317020416259766,-0.0002875298960134387,-0.012954473495483398,29.189542770385742
323,0.3233233094215393,51.36056137084961,-0.0002950296038761735,-0.013185771182179451,29.586254119873047
324,0.3243243098258972,51.40414047241211,-0.00033564362092874944,-0.014346570707857609,32.7617073059082
325,0.3253253102302551,51.44776153564453,-0.00031518907053396106,-0.013853193260729313,30.759864807128906
326,0.32632631063461304,51.49141311645508,-0.000314037490170449,-0.01380916777998209,30.26740264892578
327,0.32732731103897095,51.53510284423828,-0.0003181020147167146,-0.0138944610953331,30.270870208740234
328,0.32832831144332886,51.578834533691406,-0.00032078681397251785,-0.013899446465075016,30.168127059936523
329,0.32932931184768677,51.622596740722656,-0.00030706817051395774,-0.013264148496091366,28.136762619018555
330,0.3303303122520447,51.66639709472656,-0.00033001782139763236,-0.013995264656841755,30.513532638549805
331,0.3313313126564026,51.71023941040039,-0.0003464947803877294,-0.014479539357125759,32.064903259277344
332,0.3323323130607605,51.754112243652344,-0.00036316068144515157,-0.015032133087515831,33.7226676940918
333,0.3333333432674408,51.79802703857422,-0.00036666361847892404,-0.01506370771676302,33.974483489990234
334,0.3343343436717987,51.84197998046875,-0.0003677651402540505,-0.015046481974422932,34.0459098815918
335,0.3353353440761566,51.88597106933594,-0.0003796539967879653,-0.015540466643869877,35.33804702758789
336,0.3363363444805145,51.92999267578125,-0.0003916015848517418,-0.015949949622154236,36.410980224609375
337,0.33733734488487244,51.974056243896484,-0.0003907530917786062,-0.015925142914056778,36.34852981567383
338,0.33833834528923035,52.018157958984375,-0.00040648726280778646,-0.01635737344622612,37.46067810058594
339,0.33933934569358826,52.06229782104492,-0.0004660372214857489,-0.017777157947421074,40.719200134277344
340,0.34034034609794617,52.106468200683594,-0.0005006644641980529,-0.018460538238286972,42.16351318359375
341,0.3413413465023041,52.15068054199219,-0.0004584647249430418,-0.01744581013917923,40.08872604370117
342,0.342342346906662,52.19493103027344,-0.0004503317177295685,-0.0172781553119421,39.73123550415039
343,0.3433433473110199,52.23921585083008,-0.00044473569141700864,-0.017228739336133003,39.61113357543945
344,0.3443443477153778,52.283546447753906,-0.00042364036198705435,-0.01683727651834488,38.606204986572266
345,0.3453453481197357,52.327911376953125,-0.00042671634582802653,-0.017011554911732674,38.922035217285156
346,0.34634634852409363,52.372310638427734,-0.0004158465890213847,-0.01680002361536026,38.37265396118164
347,0.34734734892845154,52.416744232177734,-0.0004431803827174008,-0.017614619806408882,40.20136642456055
348,0.34834834933280945,52.46122360229492,-0.00046064192429184914,-0.018204187974333763,41.39515686035156
349,0.34934934973716736,52.505733489990234,-0.00039129701326601207,-0.016272174194455147,36.68081283569336
350,0.35035035014152527,52.55028533935547,-0.00037824513856321573,-0.015822788700461388,35.44646072387695
351,0.3513513505458832,52.594879150390625,-0.00037286366568878293,-0.015613279305398464,34.85778045654297
352,0.3523523509502411,52.639503479003906,-0.0003872052184306085,-0.016113651916384697,36.227500915527344
353,0.353353351354599,52.68416976928711,-0.00037529709516093135,-0.015623826533555984,35.15670394897461
354,0.3543543517589569,52.72887420654297,-0.0003865515172947198,-0.015916038304567337,36.217769622802734
355,0.3553553521633148,52.77360916137695,-0.0004131258756387979,-0.01655459962785244,38.069847106933594
356,0.35635635256767273,52.81839370727539,-0.0004984934930689633,-0.018525928258895874,42.51742172241211
357,0.35735735297203064,52.86320495605469,-0.00043888628715649247,-0.017100462689995766,39.4741096496582
358,0.35835835337638855,52.90806198120117,-0.0004752806562464684,-0.018049221485853195,41.41254425048828
359,0.35935935378074646,52.95295333862305,-0.00048248827806673944,-0.01845766231417656,41.97578048706055
360,0.36036035418510437,52.99788284301758,-0.0004554155748337507,-0.018018504604697227,40.68370819091797
361,0.3613613545894623,53.0428581237793,-0.0004751118831336498,-0.01870289072394371,41.971588134765625
362,0.3623623549938202,53.087860107421875,-0.00046904972987249494,-0.01858646236360073,41.7153205871582
363,0.3633633553981781,53.13290786743164,-0.00045714195584878325,-0.01825607568025589,41.058982849121094
364,0.364364355802536,53.1779899597168,-0.0004337831342127174,-0.017575206235051155,39.589534759521484
365,0.3653653562068939,53.223114013671875,-0.0004200200201012194,-0.017215006053447723,38.71666717529297
366,0.36636635661125183,53.268272399902344,-0.00044152268674224615,-0.01802101731300354,40.52323532104492
367,0.36736735701560974,53.31346893310547,-0.00041933186003006995,-0.017365435138344765,39.00801086425781
368,0.36836835741996765,53.358707427978516,-0.0004190858453512192,-0.017415393143892288,39.1996955871582
369,0.36936935782432556,53.40398025512695,-0.0004137802170589566,-0.017262659966945648,38.872711181640625
370,0.37037035822868347,53.44929885864258,-0.00041534355841577053,-0.017364149913191795,39.15203857421875
371,0.3713713586330414,53.49464797973633,-0.00040608347626402974,-0.01705397665500641,38.472023010253906
372,0.3723723590373993,53.5400390625,-0.0004087241250090301,-0.017229026183485985,38.94879150390625
373,0.3733733594417572,53.58546829223633,-0.00041867076652124524,-0.01768103428184986,40.03508758544922
374,0.3743743598461151,53.63093566894531,-0.0004137331561651081,-0.017568212002515793,39.683475494384766
375,0.375375360250473,53.67644500732422,-0.00043149609700776637,-0.018316693603992462,41.29020309448242
376,0.37637636065483093,53.721988677978516,-0.0004489331040531397,-0.01905697211623192,42.834720611572266
377,0.37737736105918884,53.76757049560547,-0.0004553998005576432,-0.01932847499847412,43.414337158203125
378,0.37837836146354675,53.813194274902344,-0.000494310341309756,-0.020591937005519867,46.114112854003906
379,0.37937936186790466,53.858856201171875,-0.00046392332296818495,-0.019598882645368576,44.15294647216797
380,0.3803803622722626,53.9045524597168,-0.0005108944606035948,-0.02101302705705166,47.211151123046875
381,0.3813813626766205,53.950294494628906,-0.0005286912200972438,-0.021503765136003494,48.335044860839844
382,0.3823823630809784,53.996070861816406,-0.0004958342178724706,-0.020421624183654785,46.450096130371094
383,0.3833833634853363,54.04188919067383,-0.0004958101199008524,-0.020325928926467896,46.524967193603516
384,0.3843843936920166,54.08774185180664,-0.00047681809519417584,-0.019701002165675163,45.50739288330078
385,0.3853853940963745,54.133636474609375,-0.0004886467941105366,-0.019975189119577408,46.357322692871094
386,0.3863863945007324,54.1795654296875,-0.0005199038423597813,-0.02074635587632656,48.20709228515625
387,0.38738739490509033,54.22554016113281,-0.0005006782012060285,-0.02010524459183216,47.2607421875
388,0.38838839530944824,54.271549224853516,-0.00048610829981043935,-0.019649799913167953,46.51958465576172
389,0.38938939571380615,54.317596435546875,-0.0005227511865086854,-0.020692497491836548,48.62371826171875
390,0.39039039611816406,54.363685607910156,-0.0005315594025887549,-0.020923364907503128,49.027225494384766
391,0.391391396522522,54.40981674194336,-0.0005706236697733402,-0.022145980969071388,51.121280670166016
392,0.3923923969268799,54.45597839355469,-0.0005769441486336291,-0.022516870871186256,51.51944351196289
393,0.3933933973312378,54.502193450927734,-0.0006161219207569957,-0.02434285171329975,54.2908821105957
394,0.3943943977355957,54.54843521118164,-0.0006029772339388728,-0.024333979934453964,54.03501510620117
395,0.3953953981399536,54.59471893310547,-0.0005959939444437623,-0.024553939700126648,54.188411712646484
396,0.3963963985443115,54.64104080200195,-0.0005893345223739743,-0.024634256958961487,54.13734436035156
397,0.39739739894866943,54.68740463256836,-0.0006112951668910682,-0.02580493688583374,55.9757080078125
398,0.39839839935302734,54.73381042480469,-0.0005817213095724583,-0.024551520124077797,53.8351936340332
399,0.39939939975738525,54.780250549316406,-0.0006080092280171812,-0.02552439086139202,55.46007537841797
400,0.40040040016174316,54.82673263549805,-0.0006415103562176228,-0.026761548593640327,57.48209762573242
401,0.4014014005661011,54.87324905395508,-0.0006564059876836836,-0.02741828002035618,58.604976654052734
402,0.402402400970459,54.91980743408203,-0.0006682721432298422,-0.028029296547174454,59.64922332763672
403,0.4034034013748169,54.96641540527344,-0.0006652813171967864,-0.028009826317429543,59.77378845214844
404,0.4044044017791748,55.01305389404297,-0.0006459933938458562,-0.0270273145288229,58.40573501586914
405,0.4054054021835327,55.059730529785156,-0.0006531940307468176,-0.02721555158495903,58.82516860961914
406,0.4064064025878906,55.106449127197266,-0.0006794437067583203,-0.02844390645623207,60.80144119262695
407,0.40740740299224854,55.1532096862793,-0.0006762067787349224,-0.028282009065151215,60.72393035888672
408,0.40840840339660645,55.200008392333984,-0.0006760069518350065,-0.028398286551237106,61.068424224853516
409,0.40940940380096436,55.24684524536133,-0.0006896963459439576,-0.02935735136270523,62.6031608581543
410,0.41041040420532227,55.293724060058594,-0.0006770550389774144,-0.028584973886609077,61.52370834350586
411,0.4114114046096802,55.340641021728516,-0.0006920892046764493,-0.02947978861629963,62.84429931640625
412,0.4124124050140381,55.38759231567383,-0.0006756664952263236,-0.02844393067061901,61.3399658203125
413,0.413413405418396,55.43458938598633,-0.0006277744541876018,-0.025984616950154305,57.579437255859375
414,0.4144144058227539,55.481624603271484,-0.0006550905527547002,-0.027124473825097084,59.360050201416016
415,0.4154154062271118,55.52870178222656,-0.0006523661431856453,-0.02682488225400448,58.949119567871094
416,0.4164164066314697,55.5758171081543,-0.0006741269025951624,-0.02791697159409523,60.66801071166992
417,0.41741740703582764,55.62297439575195,-0.0006706826388835907,-0.027984563261270523,60.86012649536133
418,0.41841840744018555,55.67017364501953,-0.0006395812379196286,-0.026944594457745552,59.38286590576172
419,0.41941940784454346,55.71741485595703,-0.000613354321103543,-0.026097185909748077,58.06206130981445
420,0.42042040824890137,55.764686584472656,-0.0005699966568499804,-0.024421384558081627,55.17827224731445
421,0.4214214086532593,55.81200408935547,-0.0005507374880835414,-0.02362806349992752,53.677669525146484
422,0.4224224090576172,55.85935592651367,-0.0005797544727101922,-0.024673832580447197,55.409568786621094
423,0.4234234094619751,55.90675735473633,-0.0005535847740247846,-0.023427221924066544,53.09461975097656
424,0.424424409866333,55.954193115234375,-0.000571391312405467,-0.024004993960261345,54.06113052368164
425,0.4254254102706909,56.00166702270508,-0.0005923899589106441,-0.025153381749987602,56.00461196899414
426,0.42642641067504883,56.04918670654297,-0.0005565271712839603,-0.02408190444111824,54.12736892700195
427,0.42742741107940674,56.096744537353516,-0.0005936403176747262,-0.026170585304498672,57.815547943115234
428,0.42842841148376465,56.14434814453125,-0.0006282452959567308,-0.028374023735523224,61.49382781982422
429,0.42942941188812256,56.191978454589844,-0.0006386558525264263,-0.029099486768245697,62.68050003051758
430,0.43043041229248047,56.239662170410156,-0.0006455613765865564,-0.029377756640315056,63.12896728515625
431,0.4314314126968384,56.287384033203125,-0.0006692892638966441,-0.030841756612062454,65.39300537109375
432,0.4324324131011963,56.335140228271484,-0.0006562157068401575,-0.03010474517941475,64.50782012939453
433,0.4334334135055542,56.3829460144043,-0.0006813688087277114,-0.032838694751262665,68.87657165527344
434,0.4344344139099121,56.430782318115234,-0.0007045482052490115,-0.03580661863088608,73.38644409179688
435,0.43543541431427,56.478668212890625,-0.0007027001120150089,-0.035717349499464035,73.41815948486328
436,0.4364364445209503,56.526588439941406,-0.0007013118593022227,-0.03557712212204933,73.31726837158203
437,0.4374374449253082,56.574554443359375,-0.0006972247501835227,-0.035068873316049576,72.6630630493164
438,0.43843844532966614,56.62255859375,-0.0006961844046600163,-0.03481002524495125,72.33854675292969
439,0.43943944573402405,56.67060089111328,-0.0007109534926712513,-0.036392997950315475,74.61294555664062
440,0.44044044613838196,56.718685150146484,-0.0007227826863527298,-0.03782833367586136,76.67179870605469
441,0.44144144654273987,56.76681137084961,-0.0007037284085527062,-0.035464704036712646,73.4043197631836
442,0.4424424469470978,56.814979553222656,-0.0007013460854068398,-0.035856910049915314,74.06388854980469
443,0.4434434473514557,56.86318588256836,-0.0007064244709908962,-0.03711167350411415,75.8593521118164
444,0.4444444477558136,56.911434173583984,-0.0006947142537683249,-0.03575214743614197,73.88585662841797
445,0.4454454481601715,56.95972442626953,-0.0006943594780750573,-0.0361851342022419,74.59042358398438
446,0.4464464485645294,57.008056640625,-0.0007039032643660903,-0.038063984364271164,77.41116333007812
447,0.44744744896888733,57.056427001953125,-0.0007080354262143373,-0.03918492794036865,79.17543029785156
448,0.44844844937324524,57.10483932495117,-0.000701712619047612,-0.03899379074573517,79.1598129272461
449,0.44944944977760315,57.153297424316406,-0.0006999423494562507,-0.03936938941478729,79.90411376953125
450,0.45045045018196106,57.20178985595703,-0.0006948848022148013,-0.03913559019565582,79.81392669677734
451,0.45145145058631897,57.25032424926758,-0.0006899874424561858,-0.03833378106355667,78.78955841064453
452,0.4524524509906769,57.29890060424805,-0.0006932902033440769,-0.03893064707517624,79.75411224365234
453,0.4534534513950348,57.3475227355957,-0.000690111774019897,-0.03778868168592453,78.10248565673828
454,0.4544544517993927,57.396183013916016,-0.0007003515493124723,-0.038932524621486664,79.75395202636719
455,0.4554554522037506,57.444881439208984,-0.0007079718634486198,-0.039689939469099045,80.82223510742188
456,0.4564564526081085,57.49362564086914,-0.0006987764500081539,-0.03855514898896217,79.42135620117188
457,0.45745745301246643,57.54240417480469,-0.0006988878594711423,-0.03988134115934372,81.68755340576172
458,0.45845845341682434,57.59122848510742,-0.0006802335847169161,-0.038222651928663254,79.69119262695312
459,0.45945945382118225,57.640098571777344,-0.0006722527323290706,-0.038131073117256165,79.88758087158203
460,0.46046045422554016,57.68900680541992,-0.000675085699185729,-0.03904447332024574,81.3553695678711
461,0.46146145462989807,57.73795700073242,-0.0006756519433110952,-0.03962815925478935,82.36322021484375
462,0.462462455034256,57.786949157714844,-0.0006840202258899808,-0.041254688054323196,84.8091812133789
463,0.4634634554386139,57.83598327636719,-0.0006804757285863161,-0.04090509191155434,84.37776184082031
464,0.4644644558429718,57.88505554199219,-0.0006881729932501912,-0.04190567135810852,85.74024963378906
465,0.4654654562473297,57.934165954589844,-0.0006860116263851523,-0.04121951386332512,84.69120788574219
466,0.4664664566516876,57.98332977294922,-0.0006703708786517382,-0.03924131393432617,82.06111907958984
467,0.46746745705604553,58.03252410888672,-0.0006562307244166732,-0.03778465464711189,80.21184539794922
468,0.46846845746040344,58.08176803588867,-0.0006450952496379614,-0.03684873878955841,79.07955169677734
469,0.46946945786476135,58.131046295166016,-0.0006431590300053358,-0.03731321170926094,80.02819061279297
470,0.47047045826911926,58.18037414550781,-0.0006401275750249624,-0.03716626390814781,79.90217590332031
471,0.4714714586734772,58.229740142822266,-0.0006397729157470167,-0.03715367987751961,79.85033416748047
472,0.4724724590778351,58.27914810180664,-0.0006408827030099928,-0.03694755211472511,79.35580444335938
473,0.473473459482193,58.32859802246094,-0.0006438652635551989,-0.0373828299343586,79.9321517944336
474,0.4744744598865509,58.37809371948242,-0.0006341973203234375,-0.03660375252366066,78.9171371459961
475,0.4754754602909088,58.42762756347656,-0.000630601542070508,-0.03648627921938896,78.84886169433594
476,0.4764764606952667,58.47719955444336,-0.0006359874387271702,-0.03748840093612671,80.3774185180664
477,0.47747746109962463,58.52682113647461,-0.000635262462310493,-0.03648443892598152,78.56645965576172
478,0.47847846150398254,58.57647705078125,-0.0006509097875095904,-0.03892696648836136,82.12832641601562
479,0.47947946190834045,58.626182556152344,-0.0006561325863003731,-0.03932997211813927,82.56417846679688
480,0.48048046231269836,58.675926208496094,-0.0006496945861726999,-0.03898027166724205,82.2771987915039
481,0.4814814627170563,58.725711822509766,-0.0006433457019738853,-0.03941383212804794,83.36929321289062
482,0.4824824631214142,58.775543212890625,-0.0006393417716026306,-0.040371961891651154,85.29734802246094
483,0.4834834635257721,58.82541275024414,-0.0006367440801113844,-0.04048125445842743,85.7261734008789
484,0.48448446393013,58.875328063964844,-0.0006403567967936397,-0.040993448346853256,86.53424072265625
485,0.4854854643344879,58.92528533935547,-0.000649259309284389,-0.04203839227557182,87.9600830078125
486,0.4864864647388458,58.97528076171875,-0.0006492804968729615,-0.04190633445978165,87.80203247070312
487,0.4874874949455261,59.025325775146484,-0.0006479269941337407,-0.04282590001821518,89.5208740234375
488,0.48848849534988403,59.07540512084961,-0.0006479760631918907,-0.04323113337159157,90.24542999267578
489,0.48948949575424194,59.12553024291992,-0.0006521648028865457,-0.04446934908628464,92.15035247802734
490,0.49049049615859985,59.17570114135742,-0.0006567354430444539,-0.0462607741355896,95.04637145996094
491,0.49149149656295776,59.22591781616211,-0.000645417720079422,-0.044268351048231125,92.21090698242188
492,0.4924924969673157,59.27616500854492,-0.0006377085810527205,-0.042405590415000916,89.44009399414062
493,0.4934934973716736,59.32646560668945,-0.0006366470479406416,-0.042799100279808044,90.18531799316406
494,0.4944944977760315,59.376800537109375,-0.0006411475478671491,-0.04443855583667755,92.79589080810547
495,0.4954954981803894,59.427181243896484,-0.0006437697447836399,-0.04507921636104584,93.7955322265625
496,0.4964964985847473,59.47761154174805,-0.0006389144109562039,-0.04404908046126366,92.29964447021484
497,0.4974974989891052,59.528072357177734,-0.0006281307432800531,-0.04227041080594063,89.90966796875
498,0.49849849939346313,59.57858657836914,-0.0006226464174687862,-0.042182378470897675,90.22516632080078
499,0.49949949979782104,59.62913513183594,-0.0006198815535753965,-0.04170123487710953,89.64910125732422
500,0.500500500202179,59.67972946166992,-0.0006228717975318432,-0.04356570541858673,92.86412811279297
501,0.5015015006065369,59.73036575317383,-0.000618107384070754,-0.04168462008237839,89.88748931884766
502,0.5025025010108948,59.78105163574219,-0.0006190723506733775,-0.041213203221559525,89.02808380126953
503,0.5035035014152527,59.83177947998047,-0.0006190120475366712,-0.0405094213783741,87.83903503417969
504,0.5045045018196106,59.88254165649414,-0.000617793295532465,-0.04042281210422516,87.80647277832031
505,0.5055055022239685,59.93335723876953,-0.0006136298179626465,-0.03959594666957855,86.61348724365234
506,0.5065065026283264,59.98421096801758,-0.0006054865079931915,-0.03749369457364082,83.33562469482422
507,0.5075075030326843,60.03510665893555,-0.0006025058683007956,-0.03732477128505707,83.24149322509766
508,0.5085085034370422,60.08604431152344,-0.0006000258726999164,-0.03775268793106079,84.1353759765625
509,0.5095095038414001,60.13703155517578,-0.0006012962548993528,-0.0388403981924057,85.9769287109375
510,0.5105105042457581,60.18806076049805,-0.0006082318723201752,-0.0415361113846302,90.28741455078125
511,0.511511504650116,60.2391242980957,-0.0006103392224758863,-0.04263095185160637,92.007568359375
512,0.5125125050544739,60.29024124145508,-0.0006139386678114533,-0.04347456991672516,93.18656158447266
513,0.5135135054588318,60.341392517089844,-0.0006126316729933023,-0.04351066052913666,93.26437377929688
514,0.5145145058631897,60.39259719848633,-0.0006154061411507428,-0.04502458497881889,95.73716735839844
515,0.5155155062675476,60.44384002685547,-0.0006148637039586902,-0.04473072290420532,95.18145751953125
516,0.5165165066719055,60.495121002197266,-0.0006172734429128468,-0.04673881083726883,98.7046127319336
517,0.5175175070762634,60.54645538330078,-0.0006072085816413164,-0.045714374631643295,97.74708557128906
518,0.5185185074806213,60.59783172607422,-0.0006058493163436651,-0.04707632213830948,100.69261169433594
519,0.5195195078849792,60.64924621582031,-0.0006050157244317234,-0.04733876883983612,101.52525329589844
520,0.5205205082893372,60.700706481933594,-0.0005992271471768618,-0.04592593386769295,99.58650207519531
521,0.5215215086936951,60.75221252441406,-0.0005970856291241944,-0.04492528364062309,98.15819549560547
522,0.522522509098053,60.80376434326172,-0.0005978463450446725,-0.04440604895353317,97.33135986328125
523,0.5235235095024109,60.85535430908203,-0.0005960203125141561,-0.04367896541953087,96.31370544433594
524,0.5245245099067688,60.90699005126953,-0.0005912251072004437,-0.04273098334670067,95.0273666381836
525,0.5255255103111267,60.95866775512695,-0.0005937680834904313,-0.04451926425099373,98.22460174560547
526,0.5265265107154846,61.01039123535156,-0.0005921703996136785,-0.044198255985975266,97.69119262695312
527,0.5275275111198425,61.06216049194336,-0.000592340191360563,-0.044170014560222626,97.54936981201172
528,0.5285285115242004,61.11397171020508,-0.0005950755439698696,-0.0445982962846756,98.06600952148438
529,0.5295295119285583,61.165828704833984,-0.0005989115452393889,-0.04505869001150131,98.58056640625
530,0.5305305123329163,61.21773147583008,-0.0006119959289208055,-0.0486479215323925,104.52583312988281
531,0.5315315127372742,61.26966857910156,-0.0006078478181734681,-0.04863474518060684,104.96932983398438
532,0.5325325131416321,61.3216552734375,-0.0006109855603426695,-0.0502571165561676,108.14009094238281
533,0.53353351354599,61.373695373535156,-0.0006070759845897555,-0.049873676151037216,107.84362030029297
534,0.5345345139503479,61.4257698059082,-0.0005985039751976728,-0.04758678749203682,104.052490234375
535,0.5355355143547058,61.47788619995117,-0.0005910125328227878,-0.04584851115942001,101.2111587524414
536,0.5365365147590637,61.530052185058594,-0.0005879022064618766,-0.0448935367166996,99.53426361083984
537,0.5375375151634216,61.5822639465332,-0.0005875927163287997,-0.04532155022025108,100.22311401367188
538,0.5385385155677795,61.63451385498047,-0.0005824629915878177,-0.0453513003885746,100.66864013671875
539,0.5395395755767822,61.68681716918945,-0.000579969841055572,-0.04541116952896118,101.02140808105469
540,0.5405405759811401,61.73915481567383,-0.0005869646556675434,-0.04706534743309021,103.78056335449219
541,0.541541576385498,61.791542053222656,-0.0005805944092571735,-0.04527270793914795,100.86134338378906
542,0.542542576789856,61.843971252441406,-0.000575617712456733,-0.04455086588859558,100.01653289794922
543,0.5435435771942139,61.89645004272461,-0.0005707550444640219,-0.04341307282447815,98.31201171875
544,0.5445445775985718,61.94896697998047,-0.000573237775824964,-0.0449131578207016,101.12267303466797
545,0.5455455780029297,62.001529693603516,-0.0005724025540985167,-0.04566871002316475,102.81004333496094
546,0.5465465784072876,62.05413818359375,-0.0005655730492435396,-0.04447999596595764,101.03553009033203
547,0.5475475788116455,62.10679244995117,-0.0005617326823994517,-0.0454506054520607,103.35179138183594
548,0.5485485792160034,62.159488677978516,-0.0005480542313307524,-0.04229646176099777,98.17606353759766
549,0.5495495796203613,62.21223068237305,-0.0005444171838462353,-0.04218104109168053,98.23749542236328
550,0.5505505800247192,62.26502227783203,-0.0005402755923569202,-0.04169294610619545,97.55732727050781
551,0.5515515804290771,62.31785202026367,-0.0005366575787775218,-0.0416145920753479,97.66791534423828
552,0.5525525808334351,62.3707275390625,-0.0005293607246130705,-0.04046905040740967,95.89325714111328
553,0.553553581237793,62.42365264892578,-0.0005181357846595347,-0.03885684534907341,93.3887710571289
554,0.5545545816421509,62.476619720458984,-0.0005113877123221755,-0.03801862150430679,92.1535873413086
555,0.5555555820465088,62.52962875366211,-0.0005078676622360945,-0.03735969960689545,91.08891296386719
556,0.5565565824508667,62.58268737792969,-0.0005168647039681673,-0.03874102234840393,93.75178527832031
557,0.5575575828552246,62.63578796386719,-0.0005203277105465531,-0.038349248468875885,92.7934341430664
558,0.5585585832595825,62.688934326171875,-0.0005241044564172626,-0.03808990865945816,92.1687240600586
559,0.5595595836639404,62.74212646484375,-0.0005322928773239255,-0.03908206522464752,93.88113403320312
560,0.5605605840682983,62.79536437988281,-0.0005390181904658675,-0.039041902869939804,93.32953643798828
561,0.5615615844726562,62.8486442565918,-0.0005459404783323407,-0.04065094143152237,96.08880615234375
562,0.5625625848770142,62.901973724365234,-0.0005469897296279669,-0.041711702942848206,98.12049102783203
563,0.5635635852813721,62.955345153808594,-0.0005435398779809475,-0.04221532121300697,99.4533920288086
564,0.56456458568573,63.008766174316406,-0.0005397678469307721,-0.04148101434111595,98.26315307617188
565,0.5655655860900879,63.062225341796875,-0.0005368841229937971,-0.04111630097031593,97.67591094970703
566,0.5665665864944458,63.11573791503906,-0.0005332361324690282,-0.04164918512105942,98.98297119140625
567,0.5675675868988037,63.16929244995117,-0.0005270635010674596,-0.04130846634507179,98.889892578125
568,0.5685685873031616,63.2228889465332,-0.0005183059838600457,-0.039824213832616806,96.66587829589844
569,0.5695695877075195,63.27653503417969,-0.0005157169071026146,-0.040098778903484344,97.40181732177734
570,0.5705705881118774,63.33022689819336,-0.0005131799844093621,-0.03924960270524025,95.64987182617188
571,0.5715715885162354,63.38396072387695,-0.0005182116874493659,-0.04079168289899826,98.29066467285156
572,0.5725725889205933,63.437744140625,-0.0005137082771398127,-0.03919799625873566,95.18042755126953
573,0.5735735893249512,63.4915657043457,-0.0005100506823509932,-0.038515347987413406,93.88533020019531
574,0.5745745897293091,63.545440673828125,-0.0005016152281314135,-0.03673463314771652,90.41804504394531
575,0.575575590133667,63.599361419677734,-0.0004964114632457495,-0.035755597054958344,88.55615997314453
576,0.5765765905380249,63.65332794189453,-0.0004916557227261364,-0.03533133864402771,88.1092300415039
577,0.5775775909423828,63.707332611083984,-0.0004799684975296259,-0.03357423096895218,84.85590362548828
578,0.5785785913467407,63.761390686035156,-0.00047744481707923114,-0.033226605504751205,84.38214874267578
579,0.5795795917510986,63.815494537353516,-0.00047120527597144246,-0.03225615248084068,82.5910415649414
580,0.5805805921554565,63.8696403503418,-0.00046723432024009526,-0.03170230612158775,81.67697143554688
581,0.5815815925598145,63.92383575439453,-0.0004764628829434514,-0.03323206678032875,85.05802917480469
582,0.5825825929641724,63.97807693481445,-0.00046310690231621265,-0.031765781342983246,82.2889175415039
583,0.5835835933685303,64.03236389160156,-0.00045675470028072596,-0.031483471393585205,81.91954803466797
584,0.5845845937728882,64.0866928100586,-0.0004550371377263218,-0.03147902339696884,81.88268280029297
585,0.5855855941772461,64.14107513427734,-0.00046297465451061726,-0.032501641660928726,83.86234283447266
586,0.586586594581604,64.19549560546875,-0.0004606433503795415,-0.03211274370551109,82.95976257324219
587,0.5875875949859619,64.24996948242188,-0.00046142091741785407,-0.0323595367372036,83.61921691894531
588,0.5885885953903198,64.30448150634766,-0.0004600095562636852,-0.03236646577715874,83.8538818359375
589,0.5895895957946777,64.35903930664062,-0.00045436539221554995,-0.03172946721315384,82.78076171875
590,0.5905905961990356,64.41365814208984,-0.0004587628645822406,-0.032384879887104034,84.50182342529297
591,0.5915915966033936,64.46830749511719,-0.0004595408099703491,-0.03207208588719368,83.93771362304688
592,0.5925925970077515,64.52301025390625,-0.00044707872439175844,-0.030451178550720215,80.719482421875
593,0.5935935974121094,64.5777587890625,-0.0004424744111020118,-0.030668266117572784,81.77165222167969
594,0.5945945978164673,64.63255310058594,-0.0004330958763603121,-0.029853813350200653,80.28744506835938
595,0.5955955982208252,64.68739318847656,-0.00043168902629986405,-0.029464609920978546,79.45497131347656
596,0.5965965986251831,64.74227905273438,-0.0004400447360239923,-0.030162043869495392,81.0179672241211
597,0.597597599029541,64.7972183227539,-0.0004433409485500306,-0.030235618352890015,81.2876968383789
598,0.5985985994338989,64.8521957397461,-0.00044140423415228724,-0.029358604922890663,79.35999298095703
599,0.5995995998382568,64.9072265625,-0.0004428502870723605,-0.02893424779176712,78.28801727294922
600,0.6006006002426147,64.96229553222656,-0.0004387354711070657,-0.028257139027118683,76.63809204101562
601,0.6016016006469727,65.01741790771484,-0.00044514413457363844,-0.02929820865392685,78.81128692626953
602,0.6026026010513306,65.07258605957031,-0.0004491385770961642,-0.029896270483732224,79.85087585449219
603,0.6036036014556885,65.12779998779297,-0.00045013660565018654,-0.030228786170482635,80.4740219116211
604,0.6046046018600464,65.18305969238281,-0.00044793629785999656,-0.03045530617237091,81.10942840576172
605,0.6056056022644043,65.23836517333984,-0.00043852318776771426,-0.02962469682097435,79.54898071289062
606,0.6066066026687622,65.2937240600586,-0.0004327415081206709,-0.029169319197535515,78.80339050292969
607,0.6076076030731201,65.34912872314453,-0.0004320890875533223,-0.028973711654543877,78.49767303466797
608,0.608608603477478,65.40457916259766,-0.00043441803427413106,-0.028793521225452423,78.0753402709961
609,0.6096096038818359,65.46007537841797,-0.0004264750168658793,-0.027261968702077866,74.4831771850586
610,0.6106106042861938,65.51561737060547,-0.00043126929085701704,-0.02759060449898243,75.35621643066406
611,0.6116116046905518,65.57120513916016,-0.0004309257783461362,-0.027832472696900368,76.30311584472656
612,0.6126126050949097,65.62684631347656,-0.00043361925054341555,-0.028742823749780655,78.85372161865234
613,0.6136136054992676,65.68252563476562,-0.0004320315201766789,-0.029185470193624496,80.26107788085938
614,0.6146146059036255,65.7382583618164,-0.0004250599886290729,-0.028792178258299828,79.64785766601562
615,0.6156156063079834,65.79403686523438,-0.00041862518992275,-0.028491167351603508,79.2271728515625
616,0.6166166067123413,65.84986877441406,-0.00041580566903576255,-0.02843259461224079,79.24581909179688
617,0.6176176071166992,65.9057388305664,-0.00042497352114878595,-0.02997865341603756,82.90514373779297
618,0.6186186075210571,65.96166229248047,-0.0004201842821203172,-0.029450982809066772,81.70065307617188
619,0.619619607925415,66.01763153076172,-0.00042196884169243276,-0.029851816594600677,82.61485290527344
620,0.620620608329773,66.07364654541016,-0.0004276876279618591,-0.030611619353294373,84.2178955078125
621,0.6216216087341309,66.12971496582031,-0.0004211816703900695,-0.029561344534158707,81.64263153076172
622,0.6226226091384888,66.18582916259766,-0.00041982639231719077,-0.02966899611055851,81.85607147216797
623,0.6236236095428467,66.24198150634766,-0.00041959882946684957,-0.030325690284371376,83.50946807861328
624,0.6246246099472046,66.29818725585938,-0.0004083025560248643,-0.02956395596265793,81.97706604003906
625,0.6256256103515625,66.35443878173828,-0.0003942857729271054,-0.028391338884830475,79.50206756591797
626,0.6266266107559204,66.4107437133789,-0.00039286547689698637,-0.029056696221232414,81.50208282470703
627,0.6276276111602783,66.46709442138672,-0.00039160740561783314,-0.029368236660957336,82.5422134399414
628,0.6286286115646362,66.52349090576172,-0.0003925404162146151,-0.02943727932870388,82.75785827636719
629,0.6296296119689941,66.57994079589844,-0.0003909027436748147,-0.029019854962825775,81.75689697265625
630,0.630630612373352,66.63642883300781,-0.0003898782015312463,-0.02842634730041027,80.23979187011719
631,0.63163161277771,66.6929702758789,-0.0003870103391818702,-0.027351604774594307,77.41387939453125
632,0.6326326131820679,66.74955749511719,-0.0003938153968192637,-0.02823725901544094,79.74569702148438
633,0.6336336135864258,66.80619812011719,-0.00039500376442447305,-0.028331076726317406,80.12451171875
634,0.6346346139907837,66.86288452148438,-0.00039541005389764905,-0.02798297628760338,79.2629623413086
635,0.6356356143951416,66.91961669921875,-0.0004007446113973856,-0.0281972698867321,79.71669006347656
636,0.6366366147994995,66.97640228271484,-0.0003884119796566665,-0.025807589292526245,73.64695739746094
637,0.6376376152038574,67.0332260131836,-0.0004007439420092851,-0.027134589850902557,77.05033111572266
638,0.6386386156082153,67.0901107788086,-0.0004072304000146687,-0.02791512943804264,79.06364440917969
639,0.6396396160125732,67.14703369140625,-0.00040202413219958544,-0.027197979390621185,77.42857360839844
640,0.6406406164169312,67.20401000976562,-0.00039837893564254045,-0.026937484741210938,76.95744323730469
641,0.6416416764259338,67.26103210449219,-0.00038147898158058524,-0.024908944964408875,72.06549072265625
642,0.6426426768302917,67.31810760498047,-0.00036982615711167455,-0.02347709611058235,68.51404571533203
643,0.6436436772346497,67.37522888183594,-0.0003714855993166566,-0.023859869688749313,69.90711975097656
644,0.6446446776390076,67.4323959350586,-0.00036684732185676694,-0.023416785523295403,69.07789611816406
645,0.6456456780433655,67.48960876464844,-0.00037213164614513516,-0.024519918486475945,72.41848754882812
646,0.6466466784477234,67.546875,-0.0003673944156616926,-0.024004371836781502,71.25247192382812
647,0.6476476788520813,67.60418701171875,-0.00036596349673345685,-0.023824483156204224,70.84727478027344
648,0.6486486792564392,67.66155242919922,-0.00035943390685133636,-0.022878285497426987,68.32677459716797
649,0.6496496796607971,67.71896362304688,-0.00036960089346393943,-0.024488046765327454,72.80966186523438
650,0.650650680065155,67.77642822265625,-0.0003682086244225502,-0.024683600291609764,73.49117279052734
651,0.6516516804695129,67.83393859863281,-0.0003747985465452075,-0.026128211989998817,77.42758178710938
652,0.6526526808738708,67.89148712158203,-0.0003765152650885284,-0.026552380993962288,78.48111724853516
653,0.6536536812782288,67.9490966796875,-0.00037969060940667987,-0.02723025344312191,80.21549224853516
654,0.6546546816825867,68.00675201416016,-0.00038771185791119933,-0.02901873178780079,84.89530181884766
655,0.6556556820869446,68.064453125,-0.000383692909963429,-0.02920365147292614,85.63217163085938
656,0.6566566824913025,68.1222152709961,-0.0003806674503721297,-0.028959970921278,85.10102081298828
657,0.6576576828956604,68.18000793457031,-0.00038140054675750434,-0.029065202921628952,85.37608337402344
658,0.6586586833000183,68.23786163330078,-0.0003901968593709171,-0.03076324053108692,89.67938232421875
659,0.6596596837043762,68.29576110839844,-0.0003972843987867236,-0.031754020601511,92.01760864257812
660,0.6606606841087341,68.35371398925781,-0.00040177820483222604,-0.031859561800956726,92.10981750488281
661,0.661661684513092,68.41171264648438,-0.0004064222739543766,-0.03229823708534241,93.16494750976562
662,0.66266268491745,68.46975708007812,-0.0004091316368430853,-0.03248026594519615,93.66419982910156
663,0.6636636853218079,68.5278549194336,-0.0004083307576365769,-0.0325460247695446,94.0882339477539
664,0.6646646857261658,68.58599853515625,-0.00039982731686905026,-0.03149871528148651,91.87234497070312
665,0.6656656861305237,68.64419555664062,-0.0003929179802071303,-0.031196746975183487,91.46847534179688
666,0.6666666865348816,68.70243835449219,-0.0003879592986777425,-0.03135174512863159,92.1317138671875
667,0.6676676869392395,68.76073455810547,-0.00038547749863937497,-0.03199099004268646,94.03526306152344
668,0.6686686873435974,68.81907653808594,-0.0003829514607787132,-0.032320164144039154,95.14657592773438
669,0.6696696877479553,68.87747192382812,-0.0003736091312021017,-0.03102945163846016,91.96653747558594
670,0.6706706881523132,68.9359130859375,-0.00036905554588884115,-0.030383190140128136,90.35497283935547
671,0.6716716885566711,68.9944076538086,-0.0003623733064159751,-0.02886570245027542,86.35981750488281
672,0.672672688961029,69.05294799804688,-0.000363469822332263,-0.029100889340043068,87.13506317138672
673,0.673673689365387,69.11154174804688,-0.00036754756001755595,-0.029568631201982498,88.42432403564453
674,0.6746746897697449,69.17018127441406,-0.0003715594357345253,-0.029721243306994438,88.85716247558594
675,0.6756756901741028,69.22887420654297,-0.00037125422386452556,-0.029244879260659218,87.81925964355469
676,0.6766766905784607,69.2876205444336,-0.0003744929563254118,-0.030139833688735962,90.62447357177734
677,0.6776776909828186,69.34640502929688,-0.00037842709571123123,-0.03076038882136345,92.48199462890625
678,0.6786786913871765,69.4052505493164,-0.00038242083974182606,-0.03127085044980049,93.87442779541016
679,0.6796796917915344,69.4641342163086,-0.0003832245129160583,-0.031211521476507187,93.74432373046875
680,0.6806806921958923,69.52307891845703,-0.0003798783291131258,-0.030127236619591713,90.85558319091797
681,0.6816816926002502,69.58206939697266,-0.0003770217881537974,-0.02958068437874317,89.48462677001953
682,0.6826826930046082,69.64111328125,-0.000371805508621037,-0.02913716807961464,88.602294921875
683,0.6836836934089661,69.7001953125,-0.00037047764635644853,-0.029749654233455658,90.54083251953125
684,0.684684693813324,69.75934600830078,-0.0003743611159734428,-0.031203415244817734,94.56331634521484
685,0.6856856942176819,69.81852722167969,-0.0003736491780728102,-0.031448591500520706,95.25774383544922
686,0.6866866946220398,69.87776947021484,-0.0003692999016493559,-0.0305761881172657,92.8864517211914
687,0.6876876950263977,69.93706512451172,-0.00036932481452822685,-0.03079214319586754,93.40546417236328
688,0.6886886954307556,69.99640655517578,-0.0003636760520748794,-0.029394373297691345,89.594970703125
689,0.6896896958351135,70.05580139160156,-0.000364693405572325,-0.030917199328541756,94.04009246826172
690,0.6906906962394714,70.11524200439453,-0.0003602844662964344,-0.031055714935064316,94.97272491455078
691,0.6916916966438293,70.17473602294922,-0.00035748083610087633,-0.03087340109050274,94.82353210449219
692,0.6926926970481873,70.23428344726562,-0.00035959482192993164,-0.0310756117105484,95.3491439819336
693,0.6936936974525452,70.29387664794922,-0.0003639698843471706,-0.03109167516231537,95.07831573486328
694,0.6946946978569031,70.353515625,-0.00037147977855056524,-0.0313178151845932,95.07600402832031
695,0.695695698261261,70.41321563720703,-0.0003715750062838197,-0.02991083450615406,91.09526824951172
696,0.6966966986656189,70.47296142578125,-0.0003695683553814888,-0.030197232961654663,92.31092071533203
697,0.6976976990699768,70.53276062011719,-0.0003688185825012624,-0.03128863871097565,95.73365783691406
698,0.6986986994743347,70.59259796142578,-0.0003679047804325819,-0.03227538242936134,98.90693664550781
699,0.6996996998786926,70.65249633789062,-0.00036194873973727226,-0.031454380601644516,97.11719512939453
700,0.7007007002830505,70.71244812011719,-0.00035627660690806806,-0.030577734112739563,95.00618743896484
701,0.7017017006874084,70.77244567871094,-0.0003538981545716524,-0.030754655599594116,95.731201171875
702,0.7027027010917664,70.83250427246094,-0.00035307276993989944,-0.03078295849263668,95.8104019165039
703,0.7037037014961243,70.8926010131836,-0.0003519532037898898,-0.030477013438940048,94.86384582519531
704,0.7047047019004822,70.95275115966797,-0.0003479102160781622,-0.02969464845955372,92.74251556396484
705,0.7057057023048401,71.0129623413086,-0.0003467798524070531,-0.030042549595236778,93.96744537353516
706,0.706706702709198,71.07321166992188,-0.0003459818835835904,-0.03008490428328514,94.30012512207031
707,0.7077077031135559,71.1335220336914,-0.00034862032043747604,-0.03095127083361149,96.98155975341797
708,0.7087087035179138,71.19387817382812,-0.0003534689894877374,-0.03214108943939209,100.51979064941406
709,0.7097097039222717,71.25428771972656,-0.0003594551235437393,-0.03340933099389076,104.07553100585938
710,0.7107107043266296,71.31475067138672,-0.00035998551174998283,-0.032558590173721313,101.43903350830078
711,0.7117117047309875,71.37525939941406,-0.00036463740980252624,-0.032949790358543396,102.1972427368164
712,0.7127127051353455,71.4358139038086,-0.0003639484057202935,-0.03290894627571106,102.22905731201172
713,0.7137137055397034,71.4964370727539,-0.0003576985909603536,-0.03193199634552002,100.0227279663086
714,0.7147147059440613,71.55709838867188,-0.0003560892364475876,-0.03200671076774597,100.52761840820312
715,0.7157157063484192,71.61781311035156,-0.00035384390503168106,-0.031529057770967484,99.25823211669922
716,0.7167167067527771,71.67858123779297,-0.0003520670288708061,-0.03177997097373009,100.20927429199219
717,0.717717707157135,71.7394027709961,-0.00034810660872608423,-0.030607396736741066,96.92254638671875
718,0.7187187075614929,71.8002700805664,-0.0003487379872240126,-0.030361369252204895,95.95895385742188
719,0.7197197079658508,71.86119842529297,-0.00034852203680202365,-0.0296121034771204,93.41349029541016
720,0.7207207083702087,71.92217254638672,-0.000347457971656695,-0.029185127466917038,91.94924926757812
721,0.7217217087745667,71.98320007324219,-0.00034396801493130624,-0.028533414006233215,90.091796875
722,0.7227227091789246,72.04427337646484,-0.0003437181585468352,-0.028729384765028954,90.65496826171875
723,0.7237237095832825,72.10540771484375,-0.00034415541449561715,-0.028634220361709595,90.41948699951172
724,0.7247247099876404,72.16658782958984,-0.00034178371424786747,-0.027947742491960526,88.6952896118164
725,0.7257257103919983,72.22782135009766,-0.00033949114731512964,-0.02779833786189556,88.66646575927734
726,0.7267267107963562,72.28910827636719,-0.00033442722633481026,-0.027286281809210777,87.71009826660156
727,0.7277277112007141,72.3504409790039,-0.00032716599525883794,-0.025874536484479904,83.90300750732422
728,0.728728711605072,72.41183471679688,-0.0003240441146772355,-0.025768404826521873,83.97859191894531
729,0.7297297120094299,72.47327423095703,-0.0003200257197022438,-0.025197438895702362,82.55809783935547
730,0.7307307124137878,72.53477478027344,-0.0003193808952346444,-0.025450371205806732,83.53179931640625
731,0.7317317128181458,72.59632110595703,-0.0003189281851518899,-0.02560787834227085,84.08272552490234
732,0.7327327132225037,72.65791320800781,-0.00031744298757985234,-0.025286687538027763,83.14018249511719
733,0.7337337136268616,72.71956634521484,-0.00031113819568417966,-0.023325443267822266,77.04412078857422
734,0.7347347140312195,72.78126525878906,-0.00030692684231325984,-0.022230511531233788,73.6249008178711
735,0.7357357144355774,72.84302520751953,-0.0003027142374776304,-0.021220186725258827,70.38391876220703
736,0.7367367148399353,72.90483093261719,-0.0003021743905264884,-0.021360184997320175,70.9284439086914
737,0.7377377152442932,72.96669006347656,-0.0003000076685566455,-0.02094891481101513,69.5816650390625
738,0.7387387156486511,73.02860260009766,-0.0003005747275892645,-0.021237077191472054,70.67793273925781
739,0.739739716053009,73.09056854248047,-0.0003050475206691772,-0.02225511334836483,74.20747375488281
740,0.7407407164573669,73.152587890625,-0.00030564668122678995,-0.02243514358997345,75.06710052490234
741,0.7417417168617249,73.21465301513672,-0.0002958668628707528,-0.020322339609265327,68.30374908447266
742,0.7427427172660828,73.27677917480469,-0.00028991425642743707,-0.018899502232670784,63.656349182128906
743,0.7437437772750854,73.33895874023438,-0.00028614196344278753,-0.017835484817624092,60.224327087402344
744,0.7447447776794434,73.40119171142578,-0.000289516756311059,-0.01834292709827423,62.173194885253906
745,0.7457457780838013,73.46347045898438,-0.00029052497120574117,-0.018480844795703888,62.82854461669922
746,0.7467467784881592,73.52580261230469,-0.0002894739736802876,-0.018373489379882812,62.601749420166016
747,0.7477477788925171,73.58819580078125,-0.00028589379508048296,-0.01792149990797043,61.14799499511719
748,0.748748779296875,73.65062713623047,-0.0002861108514480293,-0.01827067695558071,62.43622970581055
749,0.7497497797012329,73.71311950683594,-0.00028724438743665814,-0.01870132051408291,63.89964294433594
750,0.7507507801055908,73.77567291259766,-0.00028976969770155847,-0.019299015402793884,65.80591583251953
751,0.7517517805099487,73.83826446533203,-0.0002835208142641932,-0.018173441290855408,61.612247467041016
752,0.7527527809143066,73.90092468261719,-0.000283074623439461,-0.017941193655133247,60.468727111816406
753,0.7537537813186646,73.963623046875,-0.00029002470546402037,-0.019043492153286934,64.0594711303711
754,0.7547547817230225,74.02638244628906,-0.00029338395688682795,-0.019594071432948112,65.939208984375
755,0.7557557821273804,74.08919525146484,-0.00029269891092553735,-0.01971578598022461,66.63046264648438
756,0.7567567825317383,74.15206146240234,-0.0002848012954927981,-0.01834935136139393,62.218074798583984
757,0.7577577829360962,74.21498107910156,-0.00028840286540798843,-0.019087255001068115,65.12858581542969
758,0.7587587833404541,74.2779541015625,-0.0002856594801414758,-0.01850181259214878,63.386173248291016
759,0.759759783744812,74.34097290039062,-0.0002850961172953248,-0.018123770132660866,62.2791862487793
760,0.7607607841491699,74.404052734375,-0.0002855885250028223,-0.017962435260415077,61.86082458496094
761,0.7617617845535278,74.4671859741211,-0.0002803637180477381,-0.01672312617301941,57.61568069458008
762,0.7627627849578857,74.53038024902344,-0.0002807181444950402,-0.01720796711742878,59.481815338134766
763,0.7637637853622437,74.59361267089844,-0.00027888311888091266,-0.017348650842905045,60.10977554321289
764,0.7647647857666016,74.65690612792969,-0.0002736658207140863,-0.016691939905285835,57.81184005737305
765,0.7657657861709595,74.72025299072266,-0.0002722234930843115,-0.01691747084259987,58.68523406982422
766,0.7667667865753174,74.78365325927734,-0.00027291575679555535,-0.0176625344902277,61.442726135253906
767,0.7677677869796753,74.84710693359375,-0.0002731160493567586,-0.018243011087179184,63.57038497924805
768,0.7687687873840332,74.91061401367188,-0.0002708188840188086,-0.018151314929127693,63.25682830810547
769,0.7697697877883911,74.97418212890625,-0.00027371570467948914,-0.019116081297397614,66.79376220703125
770,0.770770788192749,75.03779602050781,-0.0002748949045781046,-0.01926538534462452,67.2779312133789
771,0.7717717885971069,75.1014633178711,-0.00027424085419625044,-0.018592214211821556,64.68766021728516
772,0.7727727890014648,75.1651840209961,-0.0002728343242779374,-0.017350412905216217,60.04808807373047
773,0.7737737894058228,75.22896575927734,-0.0002759929629974067,-0.01754940301179886,60.63103103637695
774,0.7747747898101807,75.29280090332031,-0.0002767013502307236,-0.017493506893515587,60.43096923828125
775,0.7757757902145386,75.35668182373047,-0.0002774428576231003,-0.017800766974687576,61.60540771484375
776,0.7767767906188965,75.42062377929688,-0.00027633761055767536,-0.017543606460094452,60.810760498046875
777,0.7777777910232544,75.484619140625,-0.000274033984169364,-0.01651158556342125,57.20803451538086
778,0.7787787914276123,75.54866790771484,-0.00027255009626969695,-0.01580408774316311,54.85725402832031
779,0.7797797918319702,75.6127700805664,-0.0002742645738180727,-0.016648976132273674,58.091732025146484
780,0.7807807922363281,75.67693328857422,-0.00027320196386426687,-0.015481933020055294,53.93877410888672
781,0.781781792640686,75.74114227294922,-0.0002733274595811963,-0.014523462392389774,50.60649490356445
782,0.782782793045044,75.80540466308594,-0.0002740022318903357,-0.013653050176799297,47.569549560546875
783,0.7837837934494019,75.8697280883789,-0.0002742919896263629,-0.013383601792156696,46.74028778076172
784,0.7847847938537598,75.9341049194336,-0.0002731446293182671,-0.014319129288196564,50.35112380981445
785,0.7857857942581177,75.99853515625,-0.00027234930894337595,-0.01456032507121563,51.400062561035156
786,0.7867867946624756,76.06301879882812,-0.00027170602697879076,-0.01441383920609951,50.95535659790039
787,0.7877877950668335,76.1275634765625,-0.0002711719716899097,-0.014136500656604767,49.94998550415039
788,0.7887887954711914,76.19215393066406,-0.0002704150683712214,-0.013972201384603977,49.290287017822266
789,0.7897897958755493,76.25680541992188,-0.00026836342294700444,-0.01522072497755289,53.8697624206543
790,0.7907907962799072,76.3215103149414,-0.00026645383331924677,-0.015340183861553669,54.36492156982422
791,0.7917917966842651,76.38626861572266,-0.00026422739028930664,-0.013969258405268192,49.3419075012207
792,0.792792797088623,76.45108032226562,-0.00026295261341147125,-0.013260923326015472,46.813865661621094
793,0.793793797492981,76.51595306396484,-0.00026183429872617126,-0.012874821200966835,45.48371124267578
794,0.7947947978973389,76.58087921142578,-0.0002605222398415208,-0.012826870195567608,45.459022521972656
795,0.7957957983016968,76.64585876464844,-0.0002598980790935457,-0.01276377122849226,45.397884368896484
796,0.7967967987060547,76.71089172363281,-0.0002601695014163852,-0.012506203725934029,44.59484100341797
797,0.7977977991104126,76.7759780883789,-0.0002599767758511007,-0.012570428662002087,45.0301513671875
798,0.7987987995147705,76.84112548828125,-0.0002599548897705972,-0.012499972246587276,45.0110969543457
799,0.7997997999191284,76.90632629394531,-0.00025899350293911994,-0.01322268694639206,48.04419708251953
800,0.8008008003234863,76.97157287597656,-0.0002589500218164176,-0.01323782093822956,48.33024978637695
801,0.8018018007278442,77.03689575195312,-0.0002595747646410018,-0.013814046047627926,50.73594665527344
802,0.8028028011322021,77.10225677490234,-0.0002603138273116201,-0.013887164182960987,51.099571228027344
803,0.8038038015365601,77.16767883300781,-0.00025981265935115516,-0.013307882472872734,48.90655517578125
804,0.804804801940918,77.233154296875,-0.00025883852504193783,-0.012585056945681572,46.10978317260742
805,0.8058058023452759,77.29869079589844,-0.0002569809730630368,-0.01159372366964817,42.188018798828125
806,0.8068068027496338,77.36427307128906,-0.0002573298697825521,-0.011756494641304016,42.693058013916016
807,0.8078078031539917,77.42991638183594,-0.0002592048258520663,-0.012800903059542179,46.61366271972656
808,0.8088088035583496,77.49562072753906,-0.00025947258109226823,-0.013271311298012733,48.376373291015625
809,0.8098098039627075,77.56137084960938,-0.00025784168974496424,-0.012865635566413403,46.893638610839844
810,0.8108108043670654,77.62718963623047,-0.00025845965137705207,-0.013687701895833015,50.26801300048828
811,0.8118118047714233,77.69306182861328,-0.0002589264768175781,-0.014175798743963242,52.37491989135742
812,0.8128128051757812,77.75897979736328,-0.00025775551330298185,-0.013693931512534618,50.672454833984375
813,0.8138138055801392,77.82495880126953,-0.0002590337535366416,-0.014195759780704975,52.750980377197266
814,0.8148148059844971,77.8909912109375,-0.00025881908368319273,-0.013578896410763264,50.448402404785156
815,0.815815806388855,77.95708465576172,-0.0002599753497634083,-0.013692639768123627,50.88976287841797
816,0.8168168067932129,78.02323150634766,-0.0002616379060782492,-0.014596004970371723,54.35338592529297
817,0.8178178071975708,78.08943176269531,-0.0002608812355902046,-0.013405269011855125,49.8975830078125
818,0.8188188076019287,78.15569305419922,-0.0002609417715575546,-0.013231576420366764,49.39762496948242
819,0.8198198080062866,78.22200775146484,-0.0002604984329082072,-0.012949241325259209,48.53347396850586
820,0.8208208084106445,78.28837585449219,-0.00026040832744911313,-0.013686365447938442,51.47908020019531
821,0.8218218088150024,78.35481262207031,-0.00025993731105700135,-0.014219711534678936,53.59620666503906
822,0.8228228092193604,78.4212875366211,-0.00025882141198962927,-0.014350714161992073,54.1363410949707
823,0.8238238096237183,78.48783874511719,-0.0002576497208792716,-0.014442936517298222,54.53597640991211
824,0.8248248100280762,78.55442810058594,-0.00025700865080580115,-0.014760810881853104,55.821292877197266
825,0.8258258104324341,78.62108612060547,-0.00025507272221148014,-0.013930166140198708,52.645111083984375
826,0.826826810836792,78.68779754638672,-0.0002546083414927125,-0.014027311466634274,53.04158020019531
827,0.8278278112411499,78.75455474853516,-0.00025423418264836073,-0.014172915369272232,53.590232849121094
828,0.8288288116455078,78.82138061523438,-0.0002529763150960207,-0.01454661414027214,55.194541931152344
829,0.8298298120498657,78.88825988769531,-0.0002506184100639075,-0.013985217548906803,53.196754455566406
830,0.8308308124542236,78.9552001953125,-0.00024902165750972927,-0.013464771211147308,51.303218841552734
831,0.8318318128585815,79.02220153808594,-0.00024710752768442035,-0.01349568273872137,51.569339752197266
832,0.8328328132629395,79.08924865722656,-0.000244922615820542,-0.014201118610799313,54.6041259765625
833,0.8338338136672974,79.15635681152344,-0.00024326841230504215,-0.014375879429280758,55.510074615478516
834,0.8348348140716553,79.22352600097656,-0.00024128730001393706,-0.01394140999764204,53.90053176879883
835,0.8358358144760132,79.29074096679688,-0.00023939118545968086,-0.01336787547916174,51.78031921386719
836,0.8368368148803711,79.35801696777344,-0.0002385295956628397,-0.013587539084255695,52.87083435058594
837,0.837837815284729,79.42535400390625,-0.00024032805231399834,-0.014299613423645496,55.82369613647461
838,0.8388388156890869,79.49275207519531,-0.00024191217380575836,-0.01482731755822897,57.82304382324219
839,0.8398398160934448,79.56019592285156,-0.00024222004867624491,-0.014970580115914345,58.23635482788086
840,0.8408408164978027,79.62770080566406,-0.00024495460093021393,-0.015857601538300514,61.78836441040039
841,0.8418418169021606,79.69527435302734,-0.0002436716458760202,-0.015453509986400604,60.11676025390625
842,0.8428428173065186,79.76288604736328,-0.00024107264471240342,-0.014119754545390606,54.668033599853516
843,0.8438438177108765,79.83056640625,-0.00024231852148659527,-0.014744188636541367,57.3565559387207
844,0.8448448181152344,79.89830780029297,-0.00024504808243364096,-0.015639811754226685,61.160335540771484
845,0.8458458185195923,79.96610260009766,-0.0002419804804958403,-0.014644313603639603,57.19704818725586
846,0.846846878528595,80.0339584350586,-0.00024124093761201948,-0.014508931897580624,56.756011962890625
847,0.8478478789329529,80.10186004638672,-0.00024230190319940448,-0.015133834443986416,59.491981506347656
848,0.8488488793373108,80.16983032226562,-0.0002407380670774728,-0.01486674603074789,58.510826110839844
849,0.8498498797416687,80.23786163330078,-0.0002409634180366993,-0.01523343101143837,60.15317916870117
850,0.8508508801460266,80.30593872070312,-0.00023919512750580907,-0.014460950158536434,56.985836029052734
851,0.8518518805503845,80.37407684326172,-0.00024023320293053985,-0.014242676086723804,56.12578201293945
852,0.8528528809547424,80.44227600097656,-0.00024005406885407865,-0.015069639310240746,59.62208938598633
853,0.8538538813591003,80.51052856445312,-0.00024003804719541222,-0.016185548156499863,64.16905212402344
854,0.8548548817634583,80.57884216308594,-0.00024050830688793212,-0.016090990975499153,63.6600227355957
855,0.8558558821678162,80.647216796875,-0.0002411411696812138,-0.01650875248014927,65.29470825195312
856,0.8568568825721741,80.71565246582031,-0.00024300412042066455,-0.015724947676062584,62.01823425292969
857,0.857857882976532,80.78413391113281,-0.00024339508672710508,-0.015701565891504288,61.93275833129883
858,0.8588588833808899,80.8526840209961,-0.00024304953694809228,-0.01571614295244217,62.06383514404297
859,0.8598598837852478,80.92127990722656,-0.00024180977197829634,-0.016813337802886963,66.7361068725586
860,0.8608608841896057,80.98995208740234,-0.00024088520149234682,-0.01704403944313526,67.8934555053711
861,0.8618618845939636,81.05866241455078,-0.00023871017037890851,-0.015836864709854126,63.01247024536133
862,0.8628628849983215,81.12744903564453,-0.00023773190332576632,-0.01643010415136814,65.646728515625
863,0.8638638854026794,81.19628143310547,-0.00023774371948093176,-0.016896121203899384,67.66354370117188
864,0.8648648858070374,81.26518249511719,-0.00023876603518147022,-0.017365042120218277,69.60678100585938
865,0.8658658862113953,81.3341293334961,-0.0002430718159303069,-0.01855889894068241,74.55269622802734
866,0.8668668866157532,81.40314483642578,-0.00024242645304184407,-0.017728345468640327,71.14517974853516
867,0.8678678870201111,81.47222137451172,-0.00024225463857874274,-0.017080748453736305,68.63391876220703
868,0.868868887424469,81.54134368896484,-0.00024314745678566396,-0.016844313591718674,67.89373016357422
869,0.8698698878288269,81.61053466796875,-0.00024482683511450887,-0.01701418124139309,69.01189422607422
870,0.8708708882331848,81.6797866821289,-0.0002473565109539777,-0.01768677867949009,72.24694061279297
871,0.8718718886375427,81.74909210205078,-0.00024904709425754845,-0.018188659101724625,74.80125427246094
872,0.8728728890419006,81.81845092773438,-0.00024648685939610004,-0.017669565975666046,73.00252532958984
873,0.8738738894462585,81.88787078857422,-0.0002436184586258605,-0.017516229301691055,72.34213256835938
874,0.8748748898506165,81.95735931396484,-0.00024141586618497968,-0.017643559724092484,72.57984924316406
875,0.8758758902549744,82.02690887451172,-0.00024087729980237782,-0.01830555498600006,75.01435089111328
876,0.8768768906593323,82.09650421142578,-0.0002400029479758814,-0.018817061558365822,76.839599609375
877,0.8778778910636902,82.1661605834961,-0.0002393719769315794,-0.019154828041791916,78.10368347167969
878,0.8788788914680481,82.23587799072266,-0.00023884710390120745,-0.019297219812870026,78.77790832519531
879,0.879879891872406,82.30565643310547,-0.00023856766347307712,-0.01926899328827858,78.96756744384766
880,0.8808808922767639,82.37548828125,-0.00024001568090170622,-0.019921375438570976,82.14910125732422
881,0.8818818926811218,82.44538116455078,-0.000241695815930143,-0.02066972479224205,85.75702667236328
882,0.8828828930854797,82.51534271240234,-0.0002395176124991849,-0.019842274487018585,82.72256469726562
883,0.8838838934898376,82.58535766601562,-0.00023909544688649476,-0.01978229358792305,82.73544311523438
884,0.8848848938941956,82.65543365478516,-0.00023776608577463776,-0.0193675234913826,81.0599365234375
885,0.8858858942985535,82.72557067871094,-0.00023640843573957682,-0.018943369388580322,79.17776489257812
886,0.8868868947029114,82.7957534790039,-0.00023556847008876503,-0.018845291808247566,78.59659576416016
887,0.8878878951072693,82.86600494384766,-0.000233610175200738,-0.01864316500723362,77.64161682128906
888,0.8888888955116272,82.93631744384766,-0.00023221387527883053,-0.018724143505096436,78.07255554199219
889,0.8898898959159851,83.00669860839844,-0.00023029508884064853,-0.018254397436976433,76.15686798095703
890,0.890890896320343,83.0771255493164,-0.00023066537687554955,-0.0187884159386158,78.63383483886719
891,0.8918918967247009,83.14761352539062,-0.00023016224440652877,-0.01866416074335575,78.14781188964844
892,0.8928928971290588,83.21817016601562,-0.0002300823834957555,-0.018645763397216797,78.10113525390625
893,0.8938938975334167,83.28878021240234,-0.0002294435544172302,-0.018261827528476715,76.48786163330078
894,0.8948948979377747,83.35945129394531,-0.0002288352116011083,-0.017721788957715034,74.21906280517578
895,0.8958958983421326,83.43018341064453,-0.00022950531274545938,-0.017795128747820854,74.59992980957031
896,0.8968968987464905,83.5009765625,-0.00023031356977298856,-0.017658935859799385,74.08379364013672
897,0.8978978991508484,83.57182312011719,-0.0002304991940036416,-0.01713661290705204,71.97158813476562
898,0.8988988995552063,83.64273071289062,-0.00023017532657831907,-0.016593368723988533,69.84691619873047
899,0.8998998999595642,83.71370697021484,-0.00022952868312131613,-0.015901030972599983,67.0022201538086
900,0.9009009003639221,83.78473663330078,-0.00022944348165765405,-0.015517414547502995,65.4095458984375
901,0.90190190076828,83.85582733154297,-0.00022994959726929665,-0.01546828169375658,65.29022216796875
902,0.9029029011726379,83.9269790649414,-0.00022979483765084296,-0.014585978351533413,61.6024284362793
903,0.9039039015769958,83.99818420410156,-0.00022987317061051726,-0.014976218342781067,63.462730407714844
904,0.9049049019813538,84.06946563720703,-0.00022921701020095497,-0.015392040833830833,65.40387725830078
905,0.9059059023857117,84.14079284667969,-0.00022843413171358407,-0.015960142016410828,67.94169616699219
906,0.9069069027900696,84.21219635009766,-0.00022753341181669384,-0.016202062368392944,68.99212646484375
907,0.9079079031944275,84.28364562988281,-0.00022696368978358805,-0.015647094696760178,66.57540893554688
908,0.9089089035987854,84.35516357421875,-0.00022626161808148026,-0.015712402760982513,66.86333465576172
909,0.9099099040031433,84.42674255371094,-0.00022612267639487982,-0.015188011340796947,64.5507583618164
910,0.9109109044075012,84.49837493896484,-0.0002246641379315406,-0.015621894039213657,66.62178039550781
911,0.9119119048118591,84.57007598876953,-0.00022342005104292184,-0.01655309647321701,70.99634552001953
912,0.912912905216217,84.64183044433594,-0.00022306304890662432,-0.016513356938958168,71.1279296875
913,0.913913905620575,84.71365356445312,-0.0002239165478385985,-0.0171449426561594,74.18854522705078
914,0.9149149060249329,84.78553009033203,-0.00022481297492049634,-0.01732206903398037,75.16690826416016
915,0.9159159064292908,84.85746765136719,-0.000224671937758103,-0.01707814261317253,74.2859115600586
916,0.9169169068336487,84.92947387695312,-0.0002234408020740375,-0.016315126791596413,71.10303497314453
917,0.9179179072380066,85.00153350830078,-0.00022292608628049493,-0.01603260263800621,70.10706329345703
918,0.9189189076423645,85.07366180419922,-0.00022345420438796282,-0.016538728028535843,72.69453430175781
919,0.9199199080467224,85.1458511352539,-0.00022354826796799898,-0.016754789277911186,74.0086669921875
920,0.9209209084510803,85.21809387207031,-0.00022129864373710006,-0.01578235626220703,69.95502471923828
921,0.9219219088554382,85.29039764404297,-0.0002198211441282183,-0.015021233819425106,66.71564483642578
922,0.9229229092597961,85.3627700805664,-0.00021955968986731023,-0.015572896227240562,69.36450958251953
923,0.923923909664154,85.43519592285156,-0.0002194125554524362,-0.01623445563018322,72.45514678955078
924,0.924924910068512,85.50769805908203,-0.0002185394405387342,-0.016190938651561737,72.342529296875
925,0.9259259104728699,85.58024597167969,-0.0002174604160245508,-0.015501324087381363,69.26548767089844
926,0.9269269108772278,85.6528549194336,-0.0002169040235457942,-0.015013528987765312,67.06140899658203
927,0.9279279112815857,85.72554779052734,-0.0002168274368159473,-0.01473854947835207,65.85978698730469
928,0.9289289116859436,85.79827880859375,-0.00021740590455010533,-0.014863650314509869,66.52413177490234
929,0.9299299120903015,85.87108612060547,-0.0002194592379964888,-0.0161273293197155,72.35244750976562
930,0.9309309124946594,85.9439468383789,-0.00022172066383063793,-0.01747748628258705,78.56910705566406
931,0.9319319128990173,86.01686096191406,-0.00022378124413080513,-0.018747711554169655,84.46319580078125
932,0.9329329133033752,86.08985137939453,-0.00022278414689935744,-0.018510589376091957,83.63749694824219
933,0.9339339137077332,86.16289520263672,-0.00022345341858454049,-0.019152775406837463,86.71299743652344
934,0.9349349141120911,86.23600769042969,-0.0002222502080257982,-0.019016083329916,86.27799987792969
935,0.935935914516449,86.3091812133789,-0.00021915757679380476,-0.01827373169362545,83.08707427978516
936,0.9369369149208069,86.38240814208984,-0.00021521488088183105,-0.0173619594424963,78.96360778808594
937,0.9379379153251648,86.45570373535156,-0.00021283511887304485,-0.017102962359786034,77.73587036132812
938,0.9389389157295227,86.52906799316406,-0.00021295584156177938,-0.017604369670152664,80.08908081054688
939,0.9399399161338806,86.60248565673828,-0.00020918919472023845,-0.016770407557487488,76.20283508300781
940,0.9409409165382385,86.67597198486328,-0.00020729625248350203,-0.01620362140238285,73.50389862060547
941,0.9419419169425964,86.74951171875,-0.000207825331017375,-0.016540274024009705,75.17321014404297
942,0.9429429173469543,86.82312774658203,-0.00020712973491754383,-0.016421061009168625,74.61642456054688
943,0.9439439177513123,86.89679718017578,-0.00020643466268666089,-0.016388488933444023,74.47648620605469
944,0.9449449181556702,86.97053527832031,-0.00020784125081263483,-0.017517337575554848,79.94391632080078
945,0.9459459185600281,87.04431915283203,-0.00020732395933009684,-0.01717277243733406,78.31902313232422
946,0.946946918964386,87.11817932128906,-0.00020811593276448548,-0.01725696586072445,78.768310546875
947,0.9479479193687439,87.19210052490234,-0.00020904725533910096,-0.01739734224975109,79.51741027832031
948,0.9489489793777466,87.2660903930664,-0.0002097553515341133,-0.017235850915312767,78.80853271484375
949,0.9499499797821045,87.34013366699219,-0.00021041461150161922,-0.016321368515491486,74.61296081542969
950,0.9509509801864624,87.41423797607422,-0.00021148929954506457,-0.016486233100295067,75.6416015625
951,0.9519519805908203,87.48841094970703,-0.00021238296176306903,-0.016334906220436096,75.20799255371094
952,0.9529529809951782,87.56263732910156,-0.00021356860816013068,-0.017044812440872192,78.80216979980469
953,0.9539539813995361,87.6369400024414,-0.00021415823721326888,-0.017136646434664726,79.58438110351562
954,0.954954981803894,87.71129608154297,-0.00021397482487373054,-0.01670421101152897,77.93978118896484
955,0.955955982208252,87.78572845458984,-0.00021386491425801069,-0.01771102100610733,82.97431182861328
956,0.9569569826126099,87.86021423339844,-0.00021252373699098825,-0.01716643199324608,80.74335479736328
957,0.9579579830169678,87.93476104736328,-0.00021118517906870693,-0.016895771026611328,79.68999481201172
958,0.9589589834213257,88.0093765258789,-0.00020964175928384066,-0.01674758642911911,79.15763854980469
959,0.9599599838256836,88.08405303955078,-0.00020859480719082057,-0.01575593836605549,74.5610580444336
960,0.9609609842300415,88.1587905883789,-0.000208090859814547,-0.014926212839782238,70.68692016601562
961,0.9619619846343994,88.23359680175781,-0.00020791124552488327,-0.013863551430404186,65.6268310546875
962,0.9629629850387573,88.30846405029297,-0.00020743018831126392,-0.012752828188240528,60.2825927734375
963,0.9639639854431152,88.38339233398438,-0.00020658751600421965,-0.01267568301409483,59.9100227355957
964,0.9649649858474731,88.45838165283203,-0.0002057399251498282,-0.012634947896003723,59.770347595214844
965,0.965965986251831,88.53343963623047,-0.00020442366076167673,-0.013241512700915337,62.835113525390625
966,0.966966986656189,88.60856628417969,-0.00020337695605121553,-0.013533140532672405,64.3105239868164
967,0.9679679870605469,88.68374633789062,-0.00020270771346986294,-0.013533888384699821,64.3271484375
968,0.9689689874649048,88.75899505615234,-0.00020235066767781973,-0.012971745803952217,61.58988571166992
969,0.9699699878692627,88.83431243896484,-0.0002017337828874588,-0.013400409370660782,63.71183776855469
970,0.9709709882736206,88.90968322753906,-0.00020224224135745317,-0.013050922192633152,61.971065521240234
971,0.9719719886779785,88.98513793945312,-0.0002021979307755828,-0.013305041007697582,63.20267105102539
972,0.9729729890823364,89.06063842773438,-0.00020387821132317185,-0.012447189539670944,58.98936080932617
973,0.9739739894866943,89.13619995117188,-0.0002038213424384594,-0.01242226641625166,58.98341369628906
974,0.9749749898910522,89.21183776855469,-0.0002048604073934257,-0.011630955152213573,55.30893325805664
975,0.9759759902954102,89.28753662109375,-0.00020379213674459606,-0.011745957657694817,56.037574768066406
976,0.9769769906997681,89.36328887939453,-0.00020353446598164737,-0.011874493211507797,56.73396301269531
977,0.977977991104126,89.43911743164062,-0.00020257373398635536,-0.012514276430010796,59.91188430786133
978,0.9789789915084839,89.5150146484375,-0.0002026400761678815,-0.012554082088172436,60.10438537597656
979,0.9799799919128418,89.59095764160156,-0.00020266590581741184,-0.013042077422142029,62.51201629638672
980,0.9809809923171997,89.66697692871094,-0.00020320841576904058,-0.0138626080006361,66.6135482788086
981,0.9819819927215576,89.7430648803711,-0.00020312369451858103,-0.012913187965750694,62.073570251464844
982,0.9829829931259155,89.81920623779297,-0.00020297820447012782,-0.012837713584303856,61.99053192138672
983,0.9839839935302734,89.89541625976562,-0.0002032597258221358,-0.012095875106751919,58.64677810668945
984,0.9849849939346313,89.97168731689453,-0.00020347133977338672,-0.01151245553046465,56.02084732055664
985,0.9859859943389893,90.04803466796875,-0.00020214958931319416,-0.011894182302057743,58.08222961425781
986,0.9869869947433472,90.12445068359375,-0.00020049017621204257,-0.01242617703974247,60.83234405517578
987,0.9879879951477051,90.20091247558594,-0.00019927433459088206,-0.012630670331418514,61.937660217285156
988,0.988988995552063,90.27745819091797,-0.0001984898408409208,-0.012851115316152573,63.13329315185547
989,0.9899899959564209,90.35404968261719,-0.0001977768260985613,-0.01253692526370287,61.644996643066406
990,0.9909909963607788,90.43071746826172,-0.00019738529226742685,-0.011823123320937157,58.182830810546875
991,0.9919919967651367,90.5074462890625,-0.00019750744104385376,-0.011603794991970062,57.27109146118164
992,0.9929929971694946,90.58423614501953,-0.00019730074563995004,-0.012435685843229294,61.73413848876953
993,0.9939939975738525,90.6611099243164,-0.00019715636153705418,-0.012294149957597256,61.282230377197266
994,0.9949949979782104,90.73802947998047,-0.0001971390302060172,-0.011836938560009003,59.197872161865234
995,0.9959959983825684,90.81501770019531,-0.0001969814475160092,-0.012260101735591888,61.55506896972656
996,0.9969969987869263,90.89208221435547,-0.0001968219585251063,-0.012661388143897057,63.69541549682617
997,0.9979979991912842,90.96920013427734,-0.00019710946071427315,-0.012539621442556381,63.01963806152344
998,0.9989989995956421,91.04638671875,-0.00019747870101127774,-0.01262509636580944,63.31961441040039
999,1.0,91.12364959716797,-0.00019843508198391646,-0.013419043272733688,67.14329528808594
