index,timestep,Diffusion_Coeff,Divergence,score,pos
0,0.0,39.05299377441406,-0.013810142874717712,0.02114892192184925,-31.380544662475586
1,0.0010010009864345193,39.08612823486328,-0.014425424858927727,-0.0065801916643977165,-29.573360443115234
2,0.0020020019728690386,39.11929702758789,-0.014584709890186787,-0.03011832758784294,-28.035978317260742
3,0.0030030030757188797,39.15248489379883,-0.014493729919195175,-0.005457220133394003,-29.756847381591797
4,0.004004003945738077,39.185707092285156,-0.014402749016880989,-0.046092379838228226,-26.943866729736328
5,0.005005004815757275,39.218955993652344,-0.013874267227947712,-0.059684060513973236,-25.951152801513672
6,0.006006006151437759,39.25223159790039,-0.014589911326766014,-0.0363757461309433,-27.53252601623535
7,0.007007007021456957,39.28553771972656,-0.014303802512586117,-0.04733196645975113,-26.72762107849121
8,0.008008007891476154,39.31887435913086,-0.01431439071893692,-0.044680338352918625,-26.893468856811523
9,0.009009009227156639,39.352237701416016,-0.01380101963877678,-0.05584290623664856,-26.11884117126465
10,0.01001000963151455,39.38562774658203,-0.013467099517583847,-0.05900223180651665,-25.8981876373291
11,0.011011010967195034,39.41904830932617,-0.013681376352906227,-0.048733167350292206,-26.643436431884766
12,0.012012012302875519,39.452491760253906,-0.013262186199426651,-0.050893329083919525,-26.452369689941406
13,0.013013012707233429,39.48596954345703,-0.013270866125822067,-0.04197337478399277,-27.089481353759766
14,0.014014014042913914,39.51947021484375,-0.013061176985502243,-0.03564312309026718,-27.506494522094727
15,0.015015014447271824,39.55300521850586,-0.012482781894505024,-0.03821631520986557,-27.20291519165039
16,0.01601601578295231,39.58656692504883,-0.010385900735855103,-0.05997052043676376,-25.17205810546875
17,0.01701701618731022,39.620155334472656,-0.010497385635972023,-0.04973623529076576,-25.953378677368164
18,0.018018018454313278,39.653770446777344,-0.008701739832758904,-0.06259247660636902,-24.450380325317383
19,0.01901901885867119,39.68742370605469,-0.008718876168131828,-0.058149468153715134,-24.794265747070312
20,0.0200200192630291,39.721092224121094,-0.007672611624002457,-0.06363538652658463,-23.957300186157227
21,0.021021021530032158,39.754798889160156,-0.008067205548286438,-0.05731586366891861,-24.589330673217773
22,0.022022021934390068,39.78852844238281,-0.0076048048213124275,-0.05840471759438515,-24.280933380126953
23,0.023023022338747978,39.82229232788086,-0.006480783689767122,-0.06400946527719498,-23.25809669494629
24,0.024024024605751038,39.8560791015625,-0.006196784321218729,-0.06285513192415237,-23.171245574951172
25,0.025025025010108948,39.889896392822266,-0.007526702247560024,-0.04733426868915558,-25.091447830200195
26,0.026026025414466858,39.92374801635742,-0.006931710056960583,-0.04708724096417427,-24.81743049621582
27,0.027027025818824768,39.95762252807617,-0.0057027689181268215,-0.05120496451854706,-23.764535903930664
28,0.028028028085827827,39.99152755737305,-0.005731899291276932,-0.045427363365888596,-24.31146812438965
29,0.029029028490185738,40.02545928955078,-0.007095759734511375,-0.028075816109776497,-26.666507720947266
30,0.030030028894543648,40.05942153930664,-0.0060915257781744,-0.032539818435907364,-25.726003646850586
31,0.031031031161546707,40.093414306640625,-0.005485805682837963,-0.03339950740337372,-25.286075592041016
32,0.03203203156590462,40.1274299621582,-0.006373910699039698,-0.024923792108893394,-26.697471618652344
33,0.03303303197026253,40.16147994995117,-0.006212623789906502,-0.02693285048007965,-26.505382537841797
34,0.03403403237462044,40.195556640625,-0.005952153354883194,-0.030079232528805733,-26.13819694519043
35,0.03503503277897835,40.22966384887695,-0.006783978082239628,-0.023146746680140495,-27.347299575805664
36,0.036036036908626556,40.263797760009766,-0.006370534189045429,-0.026586204767227173,-26.89323616027832
37,0.03703703731298447,40.29795837402344,-0.006872190162539482,-0.020515484735369682,-27.8323974609375
38,0.03803803771734238,40.3321533203125,-0.00609016977250576,-0.026362890377640724,-26.882949829101562
39,0.03903903812170029,40.36637878417969,-0.00598819088190794,-0.024590464308857918,-27.01331329345703
40,0.0400400385260582,40.40062713623047,-0.0037589732091873884,-0.0368986614048481,-24.12929916381836
41,0.04104103893041611,40.434906005859375,-0.003147715236991644,-0.03640420362353325,-23.529020309448242
42,0.042042043060064316,40.469215393066406,-0.003327686106786132,-0.03183098882436752,-24.126949310302734
43,0.043043043464422226,40.50355529785156,-0.003130990080535412,-0.03010210022330284,-24.0825138092041
44,0.044044043868780136,40.53792190551758,-0.003088260069489479,-0.028591077774763107,-24.203720092773438
45,0.045045044273138046,40.572322845458984,-0.004592743702232838,-0.01904272846877575,-26.601787567138672
46,0.046046044677495956,40.606746673583984,-0.004655473865568638,-0.018027087673544884,-26.762025833129883
47,0.04704704508185387,40.641197204589844,-0.004272798076272011,-0.02023334614932537,-26.230392456054688
48,0.048048049211502075,40.67568588256836,-0.0053840624168515205,-0.011123302392661572,-28.080854415893555
49,0.049049049615859985,40.71019744873047,-0.005381244234740734,-0.009966895915567875,-28.257503509521484
50,0.050050050020217896,40.7447395324707,-0.00556315528228879,-0.006404221523553133,-28.851346969604492
51,0.051051050424575806,40.77931213378906,-0.00481058657169342,-0.010817917995154858,-27.88589859008789
52,0.052052050828933716,40.81391143798828,-0.004534041974693537,-0.010783474892377853,-27.751049041748047
53,0.053053051233291626,40.84854507446289,-0.005139640532433987,-0.003265566658228636,-29.206409454345703
54,0.054054051637649536,40.88320541381836,-0.004801648668944836,-0.004560426343232393,-28.87133026123047
55,0.055055055767297745,40.91789627075195,-0.00418434850871563,-0.00769957946613431,-28.04108238220215
56,0.056056056171655655,40.952613830566406,-0.003854350885376334,-0.008435200899839401,-27.697132110595703
57,0.057057056576013565,40.987361907958984,-0.004239375237375498,-0.004158497788012028,-28.61679458618164
58,0.058058056980371475,41.02214431762695,-0.004061725456267595,-0.004457986913621426,-28.432472229003906
59,0.059059057384729385,41.056949615478516,-0.0038236279506236315,-0.005131736397743225,-28.09029769897461
60,0.060060057789087296,41.0917854309082,-0.004449853673577309,0.0017275430727750063,-29.533611297607422
61,0.061061061918735504,41.12665557861328,-0.004407751839607954,0.0027926811017096043,-29.541603088378906
62,0.062062062323093414,41.16154479980469,-0.0028402144089341164,-0.00843418762087822,-26.230144500732422
63,0.06306306272745132,41.19647216796875,-0.002480232622474432,-0.009865653701126575,-25.455121994018555
64,0.06406406313180923,41.23143005371094,-0.003180810483172536,-0.005298765376210213,-26.840246200561523
65,0.06506506353616714,41.266414642333984,-0.0022993450984358788,-0.009391245432198048,-25.095407485961914
66,0.06606606394052505,41.301429748535156,-0.0015991261461749673,-0.01159542053937912,-23.634477615356445
67,0.06706706434488297,41.33647537231445,-0.002201535739004612,-0.007967178709805012,-25.1793212890625
68,0.06806806474924088,41.37154769897461,-0.0018286712002009153,-0.008342294953763485,-24.5408992767334
69,0.06906906515359879,41.406654357910156,-0.0013453227002173662,-0.009291615337133408,-23.44965934753418
70,0.0700700655579567,41.44178771972656,-0.00139637291431427,-0.008206741884350777,-23.71698760986328
71,0.0710710734128952,41.476951599121094,-0.0010001888731494546,-0.008839622139930725,-22.669357299804688
72,0.07207207381725311,41.512142181396484,-0.0009497323771938682,-0.00845531839877367,-22.568344116210938
73,0.07307307422161102,41.547367095947266,-0.001204699743539095,-0.007201970089226961,-23.4383602142334
74,0.07407407462596893,41.582618713378906,-0.00128569221124053,-0.00661602895706892,-23.77220916748047
75,0.07507507503032684,41.61790466308594,-0.0010637394152581692,-0.007302336860448122,-23.155113220214844
76,0.07607607543468475,41.65321731567383,-0.0003026069898623973,-0.009039712138473988,-20.693483352661133
77,0.07707707583904266,41.688560485839844,-2.086049789795652e-06,-0.009190615266561508,-19.747848510742188
78,0.07807807624340057,41.72393035888672,-0.00039545443723909557,-0.008916563354432583,-20.982585906982422
79,0.07907907664775848,41.75933074951172,-0.0010884758085012436,-0.006972989533096552,-23.36992835998535
80,0.0800800770521164,41.794769287109375,-0.0013115089386701584,-0.005996581166982651,-24.09700584411621
81,0.0810810774564743,41.830230712890625,-0.001102776499465108,-0.006674392148852348,-23.39226531982422
82,0.08208207786083221,41.865726470947266,-0.0008566704345867038,-0.0074078976176679134,-22.496681213378906
83,0.08308307826519012,41.9012451171875,-0.0005856677889823914,-0.008017328567802906,-21.447723388671875
84,0.08408408612012863,41.93680191040039,-0.0017031600000336766,-0.0035190654452890158,-25.300006866455078
85,0.08508508652448654,41.97238540649414,-0.002070325193926692,-0.001265437575057149,-26.41637420654297
86,0.08608608692884445,42.00799560546875,-0.0023148846812546253,0.0006431793444789946,-27.201892852783203
87,0.08708708733320236,42.043643951416016,-0.0018491805531084538,-0.0016759466379880905,-25.93140411376953
88,0.08808808773756027,42.079315185546875,-0.001156913465820253,-0.004516824148595333,-23.641529083251953
89,0.08908908814191818,42.115020751953125,-0.0009721375536173582,-0.00463069137185812,-22.85442543029785
90,0.09009008854627609,42.1507568359375,-0.0004374147974886,-0.005948811303824186,-20.00316619873047
91,0.091091088950634,42.186519622802734,-0.000437790818978101,-0.005588201805949211,-19.737741470336914
92,0.09209208935499191,42.22231674194336,-0.0006336966762319207,-0.004639524035155773,-20.615787506103516
93,0.09309308975934982,42.258140563964844,-0.0006065791822038591,-0.004456846974790096,-20.22728157043457
94,0.09409409016370773,42.29399490356445,-0.0003204474342055619,-0.005044184159487486,-18.30787467956543
95,0.09509509056806564,42.32988739013672,-0.00014266360085457563,-0.005107494071125984,-17.245594024658203
96,0.09609609842300415,42.36580276489258,-0.0001447007234673947,-0.004992916248738766,-17.216114044189453
97,0.09709709882736206,42.40175247192383,-0.00038037431659176946,-0.0045571657828986645,-18.52302360534668
98,0.09809809923171997,42.4377326965332,-0.000606170273385942,-0.0037821622099727392,-19.95143699645996
99,0.09909909963607788,42.473731994628906,-0.0005294925067573786,-0.0039151995442807674,-19.492326736450195
100,0.10010010004043579,42.5097770690918,-0.00048310591955669224,-0.003929104655981064,-19.21937370300293
101,0.1011011004447937,42.545841217041016,-0.0008871107129380107,-0.0021345249842852354,-21.741487503051758
102,0.10210210084915161,42.58195114135742,-0.0006187373073771596,-0.00332201411947608,-20.080766677856445
103,0.10310310125350952,42.618080139160156,-0.0005284538492560387,-0.003590961452573538,-19.5161075592041
104,0.10410410165786743,42.65423583984375,-0.0007449688855558634,-0.002675652503967285,-20.858318328857422
105,0.10510510206222534,42.6904296875,-0.0006112775881774724,-0.0032155620865523815,-20.017906188964844
106,0.10610610246658325,42.726654052734375,-0.0007390229147858918,-0.0025796941481530666,-20.86923599243164
107,0.10710710287094116,42.762908935546875,-0.00035568737075664103,-0.0038339830935001373,-18.3350887298584
108,0.10810810327529907,42.799190521240234,-0.0005277442978695035,-0.003217000048607588,-19.406734466552734
109,0.10910911113023758,42.83551025390625,-0.00030774367041885853,-0.003758456092327833,-17.836406707763672
110,0.11011011153459549,42.871856689453125,-0.000284561887383461,-0.0037566584069281816,-17.529518127441406
111,0.1111111119389534,42.90822982788086,-0.000375299365259707,-0.003516606753692031,-18.009204864501953
112,0.11211211234331131,42.94463348388672,-7.296213152585551e-05,-0.003973481711000204,-15.457866668701172
113,0.11311311274766922,42.9810791015625,-6.205737736308947e-05,-0.003931569866836071,-15.078306198120117
114,0.11411411315202713,43.017547607421875,-8.679089660290629e-05,-0.0038871841970831156,-15.008071899414062
115,0.11511511355638504,43.054054260253906,-7.596297655254602e-05,-0.003890041261911392,-14.387136459350586
116,0.11611611396074295,43.090579986572266,-0.00019794947002083063,-0.00372186372987926,-15.203241348266602
117,0.11711711436510086,43.127140045166016,-9.212535223923624e-05,-0.003939270973205566,-13.300830841064453
118,0.11811811476945877,43.16373825073242,-0.00011677961447276175,-0.004117435310035944,-11.697515487670898
119,0.11911911517381668,43.20035934448242,-0.00016191443137358874,-0.004244739655405283,-10.930245399475098
120,0.12012011557817459,43.23701477050781,-0.000299718783935532,-0.004624505527317524,-9.34250545501709
121,0.1211211159825325,43.27370834350586,-0.000489624566398561,-0.005434276070445776,-7.884828090667725
122,0.12212212383747101,43.3104248046875,-0.0005661628674715757,-0.0059103150852024555,-7.60331916809082
123,0.12312312424182892,43.34716796875,-0.0007020343327894807,-0.0069624981842935085,-6.387901306152344
124,0.12412412464618683,43.38395309448242,-0.0008544037118554115,-0.008543766103684902,-4.6401448249816895
125,0.12512512505054474,43.42076110839844,-0.0009853256633505225,-0.010736437514424324,-2.4148716926574707
126,0.12612612545490265,43.45760726928711,-0.0010113886091858149,-0.0123552605509758,-0.8420834541320801
127,0.12712712585926056,43.494476318359375,-0.00095650355797261,-0.0113392798230052,-1.884402871131897
128,0.12812812626361847,43.5313835144043,-0.0009447111515328288,-0.011500542983412743,-1.7291996479034424
129,0.12912912666797638,43.56832504272461,-0.0009195805760100484,-0.011072708293795586,-2.171581506729126
130,0.1301301270723343,43.605289459228516,-0.0009170981356874108,-0.011044865474104881,-2.157505989074707
131,0.1311311274766922,43.64228820800781,-0.0009630083804950118,-0.012260643765330315,-0.826492428779602
132,0.1321321278810501,43.679317474365234,-0.0009797271341085434,-0.013292479328811169,0.26296019554138184
133,0.13313312828540802,43.71638107299805,-0.0009293355979025364,-0.015520076267421246,2.635033130645752
134,0.13413412868976593,43.753475189208984,-0.0009288163273595273,-0.014680428430438042,1.812089204788208
135,0.13513512909412384,43.79059600830078,-0.0008828809950500727,-0.013252818956971169,0.46494901180267334
136,0.13613612949848175,43.827762603759766,-0.0008057543309405446,-0.01430116780102253,1.9786063432693481
137,0.13713712990283966,43.86494445800781,-0.0007945048855617642,-0.013206944800913334,0.898595929145813
138,0.13813813030719757,43.902164459228516,-0.0007697129622101784,-0.013406280428171158,1.3662335872650146
139,0.13913913071155548,43.93941879272461,-0.0007788978982716799,-0.011918495409190655,-0.38242417573928833
140,0.1401401311159134,43.9766960144043,-0.0007802143227308989,-0.012088482268154621,-0.07620520889759064
141,0.1411411464214325,44.014015197753906,-0.0007886618259362876,-0.011968493461608887,-0.1402679681777954
142,0.1421421468257904,44.051361083984375,-0.000800311507191509,-0.012725865468382835,0.921617865562439
143,0.14314314723014832,44.08873748779297,-0.0007850670954212546,-0.013702846132218838,2.2282803058624268
144,0.14414414763450623,44.12614822387695,-0.0008047028677538037,-0.012152165174484253,0.3574216961860657
145,0.14514514803886414,44.1635856628418,-0.0007987871067598462,-0.012411853298544884,0.7464739084243774
146,0.14614614844322205,44.20106506347656,-0.0007767019560560584,-0.011536853387951851,-0.2896641194820404
147,0.14714714884757996,44.238563537597656,-0.0007517312769778073,-0.01134808361530304,-0.4869037866592407
148,0.14814814925193787,44.27610778808594,-0.0007240474806167185,-0.011804145760834217,0.13675999641418457
149,0.14914914965629578,44.31366729736328,-0.00070480554131791,-0.01067692693322897,-1.5092761516571045
150,0.1501501500606537,44.35126876831055,-0.0006732451147399843,-0.012106914073228836,0.40193986892700195
151,0.1511511504650116,44.38890075683594,-0.0006472925888374448,-0.012509064748883247,0.7927364706993103
152,0.1521521508693695,44.426570892333984,-0.0006470340886153281,-0.012353244237601757,0.31076323986053467
153,0.15315315127372742,44.464263916015625,-0.0006556783337146044,-0.012185947969555855,-0.17661607265472412
154,0.15415415167808533,44.50199508666992,-0.0006116140284575522,-0.013345879502594471,1.4334348440170288
155,0.15515515208244324,44.53975296020508,-0.0006575847510248423,-0.012582379393279552,0.14824295043945312
156,0.15615615248680115,44.57754898071289,-0.0006923418841324747,-0.011623994447290897,-1.2392840385437012
157,0.15715715289115906,44.6153678894043,-0.000712387845851481,-0.009998533874750137,-3.4071221351623535
158,0.15815815329551697,44.653228759765625,-0.0007118420326150954,-0.01098887249827385,-1.8280284404754639
159,0.15915915369987488,44.69111251831055,-0.000708047125954181,-0.008476445451378822,-5.125635147094727
160,0.1601601541042328,44.72903823852539,-0.0006878678104840219,-0.006045731715857983,-8.379033088684082
161,0.1611611545085907,44.76698684692383,-0.0006781262927688658,-0.006103856954723597,-8.160990715026855
162,0.1621621549129486,44.804969787597656,-0.0006518797017633915,-0.005280913319438696,-9.31596851348877
163,0.16316315531730652,44.842987060546875,-0.0006087921210564673,-0.004137606825679541,-11.133563041687012
164,0.16416415572166443,44.88103485107422,-0.0006269371369853616,-0.0050167301669716835,-9.769356727600098
165,0.16516515612602234,44.91912078857422,-0.0006406751926988363,-0.005574613809585571,-8.899563789367676
166,0.16616615653038025,44.95723342895508,-0.0006478146533481777,-0.005683724768459797,-8.693078994750977
167,0.16716717183589935,44.99538040161133,-0.0006498041329905391,-0.005450367461889982,-9.006829261779785
168,0.16816817224025726,45.03356170654297,-0.0006506720092147589,-0.005171666387468576,-9.461472511291504
169,0.16916917264461517,45.071773529052734,-0.0006466502090916038,-0.0037035238929092884,-11.863884925842285
170,0.17017017304897308,45.110015869140625,-0.0006580199697054923,-0.0035842175129801035,-12.249765396118164
171,0.171171173453331,45.14828872680664,-0.0006711400346830487,-0.0034701840486377478,-12.665475845336914
172,0.1721721738576889,45.18659973144531,-0.0007397470762953162,-0.0024466868489980698,-14.370431900024414
173,0.17317317426204681,45.22494125366211,-0.0007720377761870623,-0.002173492917791009,-14.914090156555176
174,0.17417417466640472,45.2633171081543,-0.0008998668636195362,-0.00039100024150684476,-17.133995056152344
175,0.17517517507076263,45.30172348022461,-0.0009510983363725245,0.0004371634277049452,-17.988628387451172
176,0.17617617547512054,45.34016036987305,-0.0008845843840390444,-0.000886466063093394,-16.38591957092285
177,0.17717717587947845,45.37863540649414,-0.0009569036774337292,0.0006546686054207385,-17.841039657592773
178,0.17817817628383636,45.41713333129883,-0.0009965024655684829,0.0018064845353364944,-18.86947250366211
179,0.17917917668819427,45.45567321777344,-0.0009756150539033115,0.0013660592958331108,-18.393535614013672
180,0.18018017709255219,45.49424362182617,-0.0008775161113590002,-0.0007957994239404798,-16.067522048950195
181,0.1811811774969101,45.53284454345703,-0.0008793186862021685,-0.0006135149160400033,-16.268213272094727
182,0.182182177901268,45.571475982666016,-0.0008890278404578567,-0.0001766113709891215,-16.74993133544922
183,0.18318317830562592,45.610145568847656,-0.0009558469755575061,0.0017116323579102755,-18.73928451538086
184,0.18418417870998383,45.64884567260742,-0.0008309935801662505,-0.0008813501335680485,-15.712969779968262
185,0.18518517911434174,45.68758010864258,-0.000854617333970964,-0.0002860977256204933,-16.222379684448242
186,0.18618617951869965,45.726348876953125,-0.0008786298567429185,0.0003595459565985948,-16.733198165893555
187,0.18718717992305756,45.76514434814453,-0.0008445879211649299,-0.00020793796284124255,-15.791818618774414
188,0.18818818032741547,45.803977966308594,-0.0007865586085245013,-0.0011529186740517616,-14.326656341552734
189,0.18918918073177338,45.84284210205078,-0.000737199850846082,-0.001978012965992093,-12.958810806274414
190,0.1901901811361313,45.881744384765625,-0.0007733881939202547,-0.0012542300391942263,-13.677695274353027
191,0.1911911815404892,45.92066955566406,-0.0007413078565150499,-0.0018234854796901345,-12.841621398925781
192,0.1921921968460083,45.95963668823242,-0.0007233043434098363,-0.002175979781895876,-12.41135311126709
193,0.1931931972503662,45.99863052368164,-0.0008220702293328941,-0.00014579965500161052,-15.18790340423584
194,0.19419419765472412,46.037662506103516,-0.0008607481140643358,0.000634371826890856,-16.29352569580078
195,0.19519519805908203,46.07672882080078,-0.0008320987690240145,9.45437714108266e-05,-15.858077049255371
196,0.19619619846343994,46.115821838378906,-0.0008260471513494849,-6.7217115429230034e-06,-15.90092945098877
197,0.19719719886779785,46.15495300292969,-0.0007223563734441996,-0.0017421675147488713,-13.777098655700684
198,0.19819819927215576,46.194114685058594,-0.0007484974339604378,-0.0013332079397514462,-14.413846969604492
199,0.19919919967651367,46.23331069946289,-0.0008052056655287743,-0.0004763248434755951,-15.499611854553223
200,0.20020020008087158,46.27254104614258,-0.0006621420616284013,-0.003138554049655795,-11.834723472595215
201,0.2012012004852295,46.31180191040039,-0.0006528006633743644,-0.004055235534906387,-10.426746368408203
202,0.2022022008895874,46.35110092163086,-0.0006585005903616548,-0.004205070436000824,-10.151298522949219
203,0.2032032012939453,46.39043045043945,-0.0006649275892414153,-0.005364025942981243,-8.386835098266602
204,0.20420420169830322,46.42979049682617,-0.0006690096342936158,-0.005448049865663052,-8.270081520080566
205,0.20520520210266113,46.46918487548828,-0.0006666529807262123,-0.006405504420399666,-6.897673606872559
206,0.20620620250701904,46.50861740112305,-0.0006656346376985312,-0.006411977577954531,-6.980964183807373
207,0.20720720291137695,46.54807662963867,-0.0006634303135797381,-0.006361563224345446,-7.117249965667725
208,0.20820820331573486,46.58757400512695,-0.0006596850580535829,-0.006400803104043007,-7.038209915161133
209,0.20920920372009277,46.62710189819336,-0.0006559354369528592,-0.005475116893649101,-8.313520431518555
210,0.21021020412445068,46.666664123535156,-0.0006493697874248028,-0.006015680264681578,-7.3082427978515625
211,0.2112112045288086,46.706260681152344,-0.0006685332627967,-0.004152755718678236,-9.93248176574707
212,0.2122122049331665,46.74589157104492,-0.0006685188272967935,-0.0042363665997982025,-9.54914379119873
213,0.21321320533752441,46.78555679321289,-0.000660067074932158,-0.004802419804036617,-8.46406364440918
214,0.21421420574188232,46.825252532958984,-0.0006754618370905519,-0.004123343620449305,-9.320450782775879
215,0.21521520614624023,46.864990234375,-0.0006675006588920951,-0.0044814529828727245,-8.656315803527832
216,0.21621620655059814,46.90475082397461,-0.0007781944586895406,-0.0018275510519742966,-12.388792991638184
217,0.21721720695495605,46.94455337524414,-0.0008532089996151626,-0.0004306404443923384,-14.237147331237793
218,0.21821822226047516,46.98438262939453,-0.0007898247567936778,-0.0016065059462562203,-12.972806930541992
219,0.21921922266483307,47.024253845214844,-0.0006682318635284901,-0.004120559431612492,-9.6582670211792
220,0.22022022306919098,47.064151763916016,-0.0006366921588778496,-0.005774554330855608,-7.146800518035889
221,0.2212212234735489,47.104087829589844,-0.0006285668350756168,-0.005534077994525433,-7.488093852996826
222,0.2222222238779068,47.14405059814453,-0.0006148897809907794,-0.005525191314518452,-7.448990821838379
223,0.2232232242822647,47.18405532836914,-0.0005685101496055722,-0.006490327883511782,-5.70490026473999
224,0.22422422468662262,47.22409439086914,-0.0005935144145041704,-0.005410092417150736,-7.426026344299316
225,0.22522522509098053,47.264163970947266,-0.0006321370601654053,-0.004400583915412426,-8.944159507751465
226,0.22622622549533844,47.304264068603516,-0.0007097925408743322,-0.002867418806999922,-11.141731262207031
227,0.22722722589969635,47.34440231323242,-0.0007439665496349335,-0.002152102068066597,-12.066117286682129
228,0.22822822630405426,47.384578704833984,-0.0006983577040955424,-0.0028860049787908792,-10.984055519104004
229,0.22922922670841217,47.424781799316406,-0.0006912284879945219,-0.002913744654506445,-10.878928184509277
230,0.23023022711277008,47.465023040771484,-0.0007855981821194291,-0.0010530163999646902,-13.306487083435059
231,0.231231227517128,47.50529479980469,-0.0008227948565036058,-0.00023891852470114827,-14.221785545349121
232,0.2322322279214859,47.54560470581055,-0.0008209010702557862,-0.00035243103047832847,-13.961533546447754
233,0.2332332283258438,47.58594512939453,-0.0008864329429343343,0.0017087083542719483,-16.259851455688477
234,0.23423422873020172,47.62632369995117,-0.0009159537730738521,0.0034662699326872826,-18.108478546142578
235,0.23523522913455963,47.6667366027832,-0.0009073030669242144,0.0027058778796344995,-17.154542922973633
236,0.23623622953891754,47.707176208496094,-0.00093436473980546,0.005121883470565081,-19.669815063476562
237,0.23723722994327545,47.74766540527344,-0.0009615247254259884,0.007498602848500013,-22.138059616088867
238,0.23823823034763336,47.788177490234375,-0.0009566415101289749,0.0069672949612140656,-21.58624839782715
239,0.23923923075199127,47.8287239074707,-0.0009670783183537424,0.007836905308067799,-22.502113342285156
240,0.24024023115634918,47.86930847167969,-0.0009614969603717327,0.007742238696664572,-22.432905197143555
241,0.2412412315607071,47.9099235534668,-0.0009260966908186674,0.0050832126289606094,-19.631723403930664
242,0.242242231965065,47.95058059692383,-0.0009462119778618217,0.007524572778493166,-22.259611129760742
243,0.2432432323694229,47.99126052856445,-0.0009325759019702673,0.006759661249816418,-21.42903709411621
244,0.24424424767494202,48.031982421875,-0.000901479332242161,0.003917647525668144,-18.27658462524414
245,0.24524524807929993,48.07273864746094,-0.0009028102504089475,0.004137915093451738,-18.461198806762695
246,0.24624624848365784,48.113529205322266,-0.0009068032377399504,0.004913073964416981,-19.232440948486328
247,0.24724724888801575,48.154354095458984,-0.0008754165610298514,0.0024995619896799326,-16.43958854675293
248,0.24824824929237366,48.19520950317383,-0.0008857914945110679,0.0034708986058831215,-17.50848960876465
249,0.24924924969673157,48.236106872558594,-0.0008584949537180364,0.001935899956151843,-15.80441951751709
250,0.2502502501010895,48.277034759521484,-0.000805540126748383,0.00028614705661311746,-13.991317749023438
251,0.2512512505054474,48.317996978759766,-0.0006848484044894576,-0.0026597664691507816,-10.167556762695312
252,0.2522522509098053,48.35899353027344,-0.0006726773572154343,-0.002935354597866535,-9.786043167114258
253,0.2532532513141632,48.40003204345703,-0.000662720063701272,-0.0030188329983502626,-9.581693649291992
254,0.2542542517185211,48.44109344482422,-0.0006899114232510328,-0.002237575361505151,-10.645854949951172
255,0.25525525212287903,48.48219680786133,-0.0006674372125416994,-0.002573315752670169,-10.0770263671875
256,0.25625625252723694,48.52333450317383,-0.0006118169985711575,-0.003537388052791357,-8.51588249206543
257,0.25725725293159485,48.564510345458984,-0.000649399938993156,-0.002644886961206794,-9.907678604125977
258,0.25825825333595276,48.605712890625,-0.00071695790393278,-0.0011947802267968655,-11.956360816955566
259,0.25925925374031067,48.64695739746094,-0.0006709478329867125,-0.002005837857723236,-10.663839340209961
260,0.2602602541446686,48.688236236572266,-0.0006223657401278615,-0.0029055923223495483,-9.15006160736084
261,0.2612612545490265,48.729549407958984,-0.0005953435902483761,-0.003455010475590825,-8.189935684204102
262,0.2622622549533844,48.770896911621094,-0.0005464073619805276,-0.004558112472295761,-6.277383327484131
263,0.2632632553577423,48.812278747558594,-0.0005864534759894013,-0.0036729243583977222,-7.8220319747924805
264,0.2642642557621002,48.85369110107422,-0.0005425539566203952,-0.00472448393702507,-5.944502830505371
265,0.26526525616645813,48.895145416259766,-0.0005677356966771185,-0.004141423851251602,-6.959230899810791
266,0.26626625657081604,48.93663787841797,-0.0005301269702613354,-0.0050805616192519665,-5.203225135803223
267,0.26726725697517395,48.97815704345703,-0.0005359769565984607,-0.004881469067186117,-5.454730033874512
268,0.26826825737953186,49.01971435546875,-0.0005040031392127275,-0.00547823728993535,-4.194000244140625
269,0.26926925778388977,49.061309814453125,-0.0005133175291121006,-0.0051029217429459095,-4.7520751953125
270,0.2702702581882477,49.10293960571289,-0.0005054029170423746,-0.005075749475508928,-4.610954284667969
271,0.2712712585926056,49.14460754394531,-0.00047854616423137486,-0.005398502107709646,-3.7463414669036865
272,0.2722722589969635,49.18630599975586,-0.0005726204253733158,-0.0037349991034716368,-6.691670894622803
273,0.2732732594013214,49.2280387878418,-0.0005644600605592132,-0.0037536926101893187,-6.435927391052246
274,0.2742742598056793,49.26980972290039,-0.0005668107187375426,-0.003600104944780469,-6.522963523864746
275,0.27527526021003723,49.31161880493164,-0.0005209777737036347,-0.004276272840797901,-5.117887496948242
276,0.27627626061439514,49.35345458984375,-0.0006059040897525847,-0.002749434905126691,-7.7217116355896
277,0.27727726101875305,49.39533233642578,-0.0006848479388281703,-0.001098431646823883,-10.274837493896484
278,0.27827826142311096,49.4372444152832,-0.0006978384917601943,-0.0007867619278840721,-10.769868850708008
279,0.27927926182746887,49.479190826416016,-0.0005587844643741846,-0.00356350583024323,-6.451352119445801
280,0.2802802622318268,49.52117156982422,-0.0004966820706613362,-0.004630891140550375,-4.603908538818359
281,0.2812812626361847,49.56319046020508,-0.00042082162690348923,-0.00588990980759263,-2.0477020740509033
282,0.282282292842865,49.60525131225586,-0.00041037259506992996,-0.006028527393937111,-1.7434669733047485
283,0.2832832932472229,49.6473388671875,-0.00043931277468800545,-0.005481220781803131,-2.9734253883361816
284,0.2842842936515808,49.6894645690918,-0.0004196717345621437,-0.005750789772719145,-2.2288894653320312
285,0.2852852940559387,49.73162841796875,-0.0004020656633656472,-0.005987000651657581,-1.450561761856079
286,0.28628629446029663,49.77382278442383,-0.0004621773259714246,-0.004800299182534218,-3.9955193996429443
287,0.28728729486465454,49.81605911254883,-0.00041241577127948403,-0.005671300925314426,-1.8745529651641846
288,0.28828829526901245,49.85832595825195,-0.000397678988520056,-0.005942901596426964,-1.1456377506256104
289,0.28928929567337036,49.900630950927734,-0.0004562870890367776,-0.004816162399947643,-3.766819477081299
290,0.29029029607772827,49.94297409057617,-0.00043510785326361656,-0.005204306449741125,-2.8680877685546875
291,0.2912912964820862,49.985355377197266,-0.00048007353325374424,-0.004345904570072889,-4.6583571434021
292,0.2922922968864441,50.02776336669922,-0.0004718363634310663,-0.004506970755755901,-4.226489067077637
293,0.293293297290802,50.07020950317383,-0.0004314863763283938,-0.005258594173938036,-2.4870173931121826
294,0.2942942976951599,50.11269760131836,-0.00046275678323581815,-0.004733734764158726,-3.58586049079895
295,0.2952952980995178,50.155216217041016,-0.0004916490288451314,-0.004242813214659691,-4.525873184204102
296,0.29629629850387573,50.197776794433594,-0.0006023397436365485,-0.002062383107841015,-8.407793045043945
297,0.29729729890823364,50.2403678894043,-0.0005689158570021391,-0.0026847245171666145,-7.250088691711426
298,0.29829829931259155,50.282997131347656,-0.0005145585746504366,-0.003714499529451132,-5.251374244689941
299,0.29929929971694946,50.32566452026367,-0.0005716813029721379,-0.002533203922212124,-7.335029125213623
300,0.3003003001213074,50.36836242675781,-0.0005412404425442219,-0.003059964394196868,-6.226169586181641
301,0.3013013005256653,50.41109848022461,-0.0005117878317832947,-0.003482603235170245,-5.208288192749023
302,0.3023023009300232,50.45387649536133,-0.00043730312609113753,-0.004675243049860001,-2.404343843460083
303,0.3033033013343811,50.49668502807617,-0.0004379026941023767,-0.0044632526114583015,-2.6346678733825684
304,0.304304301738739,50.53953552246094,-0.00041380105540156364,-0.004796645138412714,-1.6357795000076294
305,0.3053053021430969,50.58241653442383,-0.0004174551577307284,-0.004671099595725536,-1.8707143068313599
306,0.30630630254745483,50.625335693359375,-0.0003999881155323237,-0.005055551882833242,-1.0351409912109375
307,0.30730730295181274,50.66829299926758,-0.00034472427796572447,-0.006428312044590712,2.489717721939087
308,0.30830830335617065,50.71128463745117,-0.0003277320065535605,-0.0068656401708722115,3.6344075202941895
309,0.30930930376052856,50.754310607910156,-0.0002807050768751651,-0.008184055797755718,7.954058647155762
310,0.3103103041648865,50.79737854003906,-0.00027228466933593154,-0.008330193348228931,8.569694519042969
311,0.3113113045692444,50.840476989746094,-0.0003088314551860094,-0.007367653772234917,5.3355302810668945
312,0.3123123049736023,50.88361358642578,-0.000309743860270828,-0.007377064786851406,5.427565574645996
313,0.3133133053779602,50.92679214477539,-0.00032393180299550295,-0.007094529457390308,4.475417613983154
314,0.3143143057823181,50.97000503540039,-0.0003461693413555622,-0.0066789137199521065,3.13070011138916
315,0.315315306186676,51.01325225830078,-0.0003602172073442489,-0.006454390473663807,2.3855862617492676
316,0.31631630659103394,51.056541442871094,-0.0003190368297509849,-0.007281443569809198,4.650870323181152
317,0.31731730699539185,51.099857330322266,-0.000300078303553164,-0.007652474567294121,5.670210838317871
318,0.31831830739974976,51.14321517944336,-0.0002550414646975696,-0.008445287123322487,8.305854797363281
319,0.31931930780410767,51.186614990234375,-0.0002442054683342576,-0.00863779615610838,8.801432609558105
320,0.3203203082084656,51.23004913330078,-0.00021300620574038476,-0.009125257842242718,10.67527961730957
321,0.3213213086128235,51.27351379394531,-0.00025007003569044173,-0.00851905345916748,7.742217063903809
322,0.3223223090171814,51.317020416259766,-0.00022674401407130063,-0.008831820450723171,8.764906883239746
323,0.3233233094215393,51.36056137084961,-0.00022083864314481616,-0.008919237181544304,9.065133094787598
324,0.3243243098258972,51.40414047241211,-0.00021711716544814408,-0.00906189065426588,9.829365730285645
325,0.3253253102302551,51.44776153564453,-0.0002042436390183866,-0.009493643417954445,12.0386381149292
326,0.32632631063461304,51.49141311645508,-0.0002250296383863315,-0.00910295732319355,10.434683799743652
327,0.32732731103897095,51.53510284423828,-0.00021735164045821875,-0.009473009966313839,12.40384578704834
328,0.32832831144332886,51.578834533691406,-0.0002165882906410843,-0.009704306721687317,13.76814079284668
329,0.32932931184768677,51.622596740722656,-0.00021992284746374935,-0.010010780766606331,15.485828399658203
330,0.3303303122520447,51.66639709472656,-0.00022223494306672364,-0.009637948125600815,14.171830177307129
331,0.3313313126564026,51.71023941040039,-0.0002194267144659534,-0.009523475542664528,14.033914566040039
332,0.3323323130607605,51.754112243652344,-0.00021646189270541072,-0.009296083822846413,13.295259475708008
333,0.3333333432674408,51.79802703857422,-0.00021044365712441504,-0.009286493994295597,13.557550430297852
334,0.3343343436717987,51.84197998046875,-0.00020972246420569718,-0.009221730753779411,13.503113746643066
335,0.3353353440761566,51.88597106933594,-0.00021957079297862947,-0.009114895947277546,13.1640625
336,0.3363363444805145,51.92999267578125,-0.00023359243641607463,-0.008746763691306114,11.682121276855469
337,0.33733734488487244,51.974056243896484,-0.00023766847152728587,-0.00907618086785078,13.312260627746582
338,0.33833834528923035,52.018157958984375,-0.0002457688970025629,-0.009403207339346409,14.858196258544922
339,0.33933934569358826,52.06229782104492,-0.00025632395409047604,-0.009083753451704979,13.719559669494629
340,0.34034034609794617,52.106468200683594,-0.00026237210840918124,-0.009063850156962872,13.767290115356445
341,0.3413413465023041,52.15068054199219,-0.00027304209652356803,-0.00847771018743515,11.68435287475586
342,0.342342346906662,52.19493103027344,-0.00027796532958745956,-0.008223673328757286,10.839963912963867
343,0.3433433473110199,52.23921585083008,-0.0002744103840086609,-0.008423380553722382,11.583176612854004
344,0.3443443477153778,52.283546447753906,-0.0002763034717645496,-0.008251482620835304,10.922755241394043
345,0.3453453481197357,52.327911376953125,-0.0002856581995729357,-0.007488118950277567,8.113656044006348
346,0.34634634852409363,52.372310638427734,-0.0002751083520706743,-0.007910710759460926,9.52989387512207
347,0.34734734892845154,52.416744232177734,-0.00026663357857614756,-0.008168363943696022,10.408390045166016
348,0.34834834933280945,52.46122360229492,-0.00027013200451619923,-0.008064527064561844,10.124845504760742
349,0.34934934973716736,52.505733489990234,-0.0002897669328376651,-0.007244158536195755,7.371338844299316
350,0.35035035014152527,52.55028533935547,-0.00029758334858343005,-0.006972373928874731,6.688784122467041
351,0.3513513505458832,52.594879150390625,-0.0003043303149752319,-0.006686616688966751,6.005531311035156
352,0.3523523509502411,52.639503479003906,-0.00031468793167732656,-0.006192430388182402,4.66534423828125
353,0.353353351354599,52.68416976928711,-0.0003098141751252115,-0.00632512429729104,5.299577236175537
354,0.3543543517589569,52.72887420654297,-0.00028784951427951455,-0.007563299033790827,9.62795639038086
355,0.3553553521633148,52.77360916137695,-0.000292796001303941,-0.006979419384151697,7.725918769836426
356,0.35635635256767273,52.81839370727539,-0.00028760675922967494,-0.007192562334239483,8.44635009765625
357,0.35735735297203064,52.86320495605469,-0.0002818582288455218,-0.007447785697877407,9.223276138305664
358,0.35835835337638855,52.90806198120117,-0.00028413193649612367,-0.0072116367518901825,8.278594970703125
359,0.35935935378074646,52.95295333862305,-0.0002862760447897017,-0.007307332009077072,8.579538345336914
360,0.36036035418510437,52.99788284301758,-0.00029469782020896673,-0.006754481233656406,6.757944107055664
361,0.3613613545894623,53.0428581237793,-0.0003004494938068092,-0.006188519764691591,4.984602928161621
362,0.3623623549938202,53.087860107421875,-0.0003013130044564605,-0.006302502006292343,5.539125919342041
363,0.3633633553981781,53.13290786743164,-0.000302931759506464,-0.006163995712995529,5.248869895935059
364,0.364364355802536,53.1779899597168,-0.00030359296943061054,-0.006561261601746082,6.727109432220459
365,0.3653653562068939,53.223114013671875,-0.0003066447388846427,-0.00654622633010149,6.833563804626465
366,0.36636635661125183,53.268272399902344,-0.00031161122024059296,-0.007109376601874828,8.787029266357422
367,0.36736735701560974,53.31346893310547,-0.00031167693668976426,-0.005613486282527447,4.07211446762085
368,0.36836835741996765,53.358707427978516,-0.0003095635329373181,-0.006568736396729946,7.221408843994141
369,0.36936935782432556,53.40398025512695,-0.0003119082539342344,-0.007393456995487213,9.893217086791992
370,0.37037035822868347,53.44929885864258,-0.00030911731300875545,-0.007190202362835407,9.211050987243652
371,0.3713713586330414,53.49464797973633,-0.00030884609441272914,-0.006293096579611301,6.211784839630127
372,0.3723723590373993,53.5400390625,-0.00031358591513708234,-0.006011676974594593,5.188116073608398
373,0.3733733594417572,53.58546829223633,-0.0003081217873841524,-0.007061906158924103,8.406007766723633
374,0.3743743598461151,53.63093566894531,-0.0003099465393461287,-0.007055329624563456,8.16772174835205
375,0.375375360250473,53.67644500732422,-0.00031713556381873786,-0.006723249331116676,7.001349449157715
376,0.37637636065483093,53.721988677978516,-0.00031893610139377415,-0.00728193111717701,8.732889175415039
377,0.37737736105918884,53.76757049560547,-0.0003207756672054529,-0.007450413424521685,9.235034942626953
378,0.37837836146354675,53.813194274902344,-0.00031939634936861694,-0.007813542149960995,10.315516471862793
379,0.37937936186790466,53.858856201171875,-0.0003179769264534116,-0.007882228121161461,10.511944770812988
380,0.3803803622722626,53.9045524597168,-0.00031283788848668337,-0.00848016794770956,12.432578086853027
381,0.3813813626766205,53.950294494628906,-0.00030929208151064813,-0.008925871923565865,13.989638328552246
382,0.3823823630809784,53.996070861816406,-0.0003032187814824283,-0.009077019058167934,14.645313262939453
383,0.3833833634853363,54.04188919067383,-0.0002969249617308378,-0.009220808744430542,15.315407752990723
384,0.3843843936920166,54.08774185180664,-0.00029780209297314286,-0.010248227044939995,18.98724365234375
385,0.3853853940963745,54.133636474609375,-0.0002873730263672769,-0.009812929667532444,17.714000701904297
386,0.3863863945007324,54.1795654296875,-0.0002852955076377839,-0.010477443225681782,20.29694175720215
387,0.38738739490509033,54.22554016113281,-0.00027958391001448035,-0.010560949333012104,20.877044677734375
388,0.38838839530944824,54.271549224853516,-0.0002703083446249366,-0.010341423563659191,20.155508041381836
389,0.38938939571380615,54.317596435546875,-0.0002750437706708908,-0.010744486004114151,21.5069522857666
390,0.39039039611816406,54.363685607910156,-0.0002844782720785588,-0.011527475900948048,24.142120361328125
391,0.391391396522522,54.40981674194336,-0.00027494231471791863,-0.0110805444419384,22.335533142089844
392,0.3923923969268799,54.45597839355469,-0.00028510208358056843,-0.011713095009326935,24.283288955688477
393,0.3933933973312378,54.502193450927734,-0.00029823704971931875,-0.0123630715534091,26.081066131591797
394,0.3943943977355957,54.54843521118164,-0.00029841132345609367,-0.011690053157508373,23.477903366088867
395,0.3953953981399536,54.59471893310547,-0.0003205919056199491,-0.01305544376373291,27.62189483642578
396,0.3963963985443115,54.64104080200195,-0.0003395898384042084,-0.01389682199805975,29.931535720825195
397,0.39739739894866943,54.68740463256836,-0.0003379079862497747,-0.013298970647156239,28.05093765258789
398,0.39839839935302734,54.73381042480469,-0.0003527362132444978,-0.014068893156945705,30.302566528320312
399,0.39939939975738525,54.780250549316406,-0.00034996139584109187,-0.01353425718843937,28.85357666015625
400,0.40040040016174316,54.82673263549805,-0.0003652660525403917,-0.01453208364546299,31.80295181274414
401,0.4014014005661011,54.87324905395508,-0.0003638459602370858,-0.01424673106521368,31.151107788085938
402,0.402402400970459,54.91980743408203,-0.00037962026544846594,-0.015427634119987488,34.45686721801758
403,0.4034034013748169,54.96641540527344,-0.00037508358946070075,-0.015016861259937286,33.47623062133789
404,0.4044044017791748,55.01305389404297,-0.00035760237369686365,-0.013651752844452858,29.88958168029785
405,0.4054054021835327,55.059730529785156,-0.000346705608535558,-0.012928873300552368,28.00882911682129
406,0.4064064025878906,55.106449127197266,-0.00036297974293120205,-0.014456056989729404,32.4692497253418
407,0.40740740299224854,55.1532096862793,-0.00036453158827498555,-0.01474775467067957,33.397300720214844
408,0.40840840339660645,55.200008392333984,-0.0003653770254459232,-0.014949526637792587,34.041133880615234
409,0.40940940380096436,55.24684524536133,-0.00036446197191253304,-0.015008890070021152,34.23984909057617
410,0.41041040420532227,55.293724060058594,-0.0003751966287381947,-0.015719249844551086,36.20773696899414
411,0.4114114046096802,55.340641021728516,-0.00037753983633592725,-0.015820108354091644,36.49669647216797
412,0.4124124050140381,55.38759231567383,-0.0003853953385259956,-0.01618625596165657,37.51945495605469
413,0.413413405418396,55.43458938598633,-0.00037071091355755925,-0.015198552049696445,34.98506164550781
414,0.4144144058227539,55.481624603271484,-0.00038920994848012924,-0.01627194881439209,37.869590759277344
415,0.4154154062271118,55.52870178222656,-0.0003982582129538059,-0.01675904355943203,39.24322509765625
416,0.4164164066314697,55.5758171081543,-0.000406492268666625,-0.01721171848475933,40.437278747558594
417,0.41741740703582764,55.62297439575195,-0.0003999114269390702,-0.01687096618115902,39.57219696044922
418,0.41841840744018555,55.67017364501953,-0.00039952044608071446,-0.016900882124900818,39.50933074951172
419,0.41941940784454346,55.71741485595703,-0.00040678278310224414,-0.017410915344953537,40.6261100769043
420,0.42042040824890137,55.764686584472656,-0.0004084365791641176,-0.01755637861788273,40.85323715209961
421,0.4214214086532593,55.81200408935547,-0.0004169924068264663,-0.018067248165607452,42.01460647583008
422,0.4224224090576172,55.85935592651367,-0.00043378991540521383,-0.018913323059678078,43.921058654785156
423,0.4234234094619751,55.90675735473633,-0.00043635506881400943,-0.018948495388031006,43.96916198730469
424,0.424424409866333,55.954193115234375,-0.00044978910591453314,-0.01946498081088066,45.11473846435547
425,0.4254254102706909,56.00166702270508,-0.0004377176519483328,-0.019014710560441017,43.97504806518555
426,0.42642641067504883,56.04918670654297,-0.00043032621033489704,-0.01876452937722206,43.24311828613281
427,0.42742741107940674,56.096744537353516,-0.00042434834176674485,-0.018551120534539223,42.66592788696289
428,0.42842841148376465,56.14434814453125,-0.000443301338236779,-0.019575269892811775,45.0227165222168
429,0.42942941188812256,56.191978454589844,-0.0004388683591969311,-0.019350362941622734,44.560630798339844
430,0.43043041229248047,56.239662170410156,-0.000433846318628639,-0.019058991223573685,43.9955940246582
431,0.4314314126968384,56.287384033203125,-0.00040613565943203866,-0.01765577122569084,40.80923843383789
432,0.4324324131011963,56.335140228271484,-0.0004045128298457712,-0.017693346366286278,40.99784469604492
433,0.4334334135055542,56.3829460144043,-0.0003995957085862756,-0.017571041360497475,40.77755355834961
434,0.4344344139099121,56.430782318115234,-0.00038752402178943157,-0.01700368896126747,39.4412956237793
435,0.43543541431427,56.478668212890625,-0.0003693373000714928,-0.01599118486046791,36.88943099975586
436,0.4364364445209503,56.526588439941406,-0.00036137813003733754,-0.015529992990195751,35.749725341796875
437,0.4374374449253082,56.574554443359375,-0.0003563067002687603,-0.015266721136868,35.120849609375
438,0.43843844532966614,56.62255859375,-0.0003541359328664839,-0.015190533362329006,35.00254440307617
439,0.43943944573402405,56.67060089111328,-0.00034993659937754273,-0.015004611574113369,34.57806396484375
440,0.44044044613838196,56.718685150146484,-0.0003544440260156989,-0.015338696539402008,35.59492492675781
441,0.44144144654273987,56.76681137084961,-0.0003583227517083287,-0.015591421164572239,36.30115509033203
442,0.4424424469470978,56.814979553222656,-0.0003459381696302444,-0.014849954284727573,34.07197952270508
443,0.4434434473514557,56.86318588256836,-0.0003332850174047053,-0.013779601082205772,30.78670310974121
444,0.4444444477558136,56.911434173583984,-0.0003404405724722892,-0.014159987680613995,31.87639808654785
445,0.4454454481601715,56.95972442626953,-0.0003458878200035542,-0.014411939308047295,32.642425537109375
446,0.4464464485645294,57.008056640625,-0.0003542343620210886,-0.014897003769874573,34.12018585205078
447,0.44744744896888733,57.056427001953125,-0.000371981761418283,-0.016003478318452835,37.2797966003418
448,0.44844844937324524,57.10483932495117,-0.0003747037844732404,-0.016112031415104866,37.65562438964844
449,0.44944944977760315,57.153297424316406,-0.00035998306702822447,-0.014805012382566929,34.14537811279297
450,0.45045045018196106,57.20178985595703,-0.0003626653051469475,-0.01488735806196928,34.47633743286133
451,0.45145145058631897,57.25032424926758,-0.0003626836696639657,-0.014745132997632027,34.2260856628418
452,0.4524524509906769,57.29890060424805,-0.0003645046381279826,-0.014858333393931389,34.63935852050781
453,0.4534534513950348,57.3475227355957,-0.0003586499369703233,-0.014270052313804626,33.11934280395508
454,0.4544544517993927,57.396183013916016,-0.0003495963173918426,-0.013425694778561592,30.8409423828125
455,0.4554554522037506,57.444881439208984,-0.0003413173835724592,-0.01266375184059143,28.687747955322266
456,0.4564564526081085,57.49362564086914,-0.00035053459578193724,-0.013895579613745213,32.22805404663086
457,0.45745745301246643,57.54240417480469,-0.000346255925251171,-0.013684438541531563,31.50328826904297
458,0.45845845341682434,57.59122848510742,-0.00034377252450212836,-0.013627058826386929,31.19779396057129
459,0.45945945382118225,57.640098571777344,-0.0003479993320070207,-0.014213532209396362,32.77748107910156
460,0.46046045422554016,57.68900680541992,-0.0003416245453990996,-0.013650428503751755,31.056737899780273
461,0.46146145462989807,57.73795700073242,-0.00035062554525211453,-0.014586996287107468,33.728370666503906
462,0.462462455034256,57.786949157714844,-0.0003512944676913321,-0.014597996138036251,33.76717758178711
463,0.4634634554386139,57.83598327636719,-0.0003443890600465238,-0.013893026858568192,31.772991180419922
464,0.4644644558429718,57.88505554199219,-0.0003527580411173403,-0.014520667493343353,33.638126373291016
465,0.4654654562473297,57.934165954589844,-0.0003489360387902707,-0.014124702662229538,32.58294677734375
466,0.4664664566516876,57.98332977294922,-0.00035880529321730137,-0.014949848875403404,34.954322814941406
467,0.46746745705604553,58.03252410888672,-0.0003695706545840949,-0.015945618972182274,37.727439880371094
468,0.46846845746040344,58.08176803588867,-0.00036115117836743593,-0.015330883674323559,36.067508697509766
469,0.46946945786476135,58.131046295166016,-0.00035120794200338423,-0.014566945843398571,33.903564453125
470,0.47047045826911926,58.18037414550781,-0.000350990827428177,-0.014694138430058956,34.216896057128906
471,0.4714714586734772,58.229740142822266,-0.0003478567232377827,-0.014483672566711903,33.533172607421875
472,0.4724724590778351,58.27914810180664,-0.000350060174241662,-0.01487584039568901,34.593666076660156
473,0.473473459482193,58.32859802246094,-0.00034569567651487887,-0.014479711651802063,33.41156768798828
474,0.4744744598865509,58.37809371948242,-0.00034417910501360893,-0.014393555000424385,33.172760009765625
475,0.4754754602909088,58.42762756347656,-0.000339638558216393,-0.013821437023580074,31.597877502441406
476,0.4764764606952667,58.47719955444336,-0.00033381470711901784,-0.012847492471337318,28.85979652404785
477,0.47747746109962463,58.52682113647461,-0.0003311027539893985,-0.012405858375132084,27.748157501220703
478,0.47847846150398254,58.57647705078125,-0.00034611477167345583,-0.013905307278037071,32.41069030761719
479,0.47947946190834045,58.626182556152344,-0.0003597514587454498,-0.014774641953408718,35.07558822631836
480,0.48048046231269836,58.675926208496094,-0.00036630372051149607,-0.01519042532891035,36.34981155395508
481,0.4814814627170563,58.725711822509766,-0.0003627119294833392,-0.014866678044199944,35.522151947021484
482,0.4824824631214142,58.775543212890625,-0.00035607011523097754,-0.014253899455070496,33.848876953125
483,0.4834834635257721,58.82541275024414,-0.0003609122068155557,-0.014725874178111553,35.222171783447266
484,0.48448446393013,58.875328063964844,-0.0003647830162663013,-0.01508013904094696,36.27052307128906
485,0.4854854643344879,58.92528533935547,-0.00036441569682210684,-0.014960112981498241,36.011051177978516
486,0.4864864647388458,58.97528076171875,-0.00035169851616956294,-0.013725261203944683,32.57838821411133
487,0.4874874949455261,59.025325775146484,-0.0003568605170585215,-0.014284154400229454,34.12430191040039
488,0.48848849534988403,59.07540512084961,-0.0003442930174060166,-0.013156572356820107,30.91550064086914
489,0.48948949575424194,59.12553024291992,-0.00035652657970786095,-0.014214391820132732,33.975765228271484
490,0.49049049615859985,59.17570114135742,-0.00033865723526105285,-0.012726463377475739,29.735610961914062
491,0.49149149656295776,59.22591781616211,-0.0003389246412552893,-0.012731374241411686,29.7303409576416
492,0.4924924969673157,59.27616500854492,-0.00034383777529001236,-0.013129149563610554,30.879547119140625
493,0.4934934973716736,59.32646560668945,-0.0003357379464432597,-0.01243554800748825,28.826297760009766
494,0.4944944977760315,59.376800537109375,-0.00034310558112338185,-0.013108685612678528,30.840259552001953
495,0.4954954981803894,59.427181243896484,-0.00034492448321543634,-0.01328348834067583,31.411155700683594
496,0.4964964985847473,59.47761154174805,-0.00034827308263629675,-0.013641421683132648,32.47356414794922
497,0.4974974989891052,59.528072357177734,-0.00033999886363744736,-0.013177539221942425,31.14418601989746
498,0.49849849939346313,59.57858657836914,-0.00034658436197787523,-0.013996659778058529,33.56699752807617
499,0.49949949979782104,59.62913513183594,-0.00034851953387260437,-0.014365842565894127,34.678375244140625
500,0.500500500202179,59.67972946166992,-0.0003344957367517054,-0.013355087488889694,31.76265525817871
501,0.5015015006065369,59.73036575317383,-0.0003303220437373966,-0.01309167966246605,31.032018661499023
502,0.5025025010108948,59.78105163574219,-0.0003340919502079487,-0.01344564650207758,32.197998046875
503,0.5035035014152527,59.83177947998047,-0.00033480554702691734,-0.013462532311677933,32.39488220214844
504,0.5045045018196106,59.88254165649414,-0.0003392682410776615,-0.013716595247387886,33.28325653076172
505,0.5055055022239685,59.93335723876953,-0.0003347931196913123,-0.013225184753537178,31.90636444091797
506,0.5065065026283264,59.98421096801758,-0.0003395069797988981,-0.013485007919371128,32.767066955566406
507,0.5075075030326843,60.03510665893555,-0.00033499341225251555,-0.01300999615341425,31.427642822265625
508,0.5085085034370422,60.08604431152344,-0.0003238985955249518,-0.011645922437310219,27.262117385864258
509,0.5095095038414001,60.13703155517578,-0.00033010795596055686,-0.012210611253976822,28.9697265625
510,0.5105105042457581,60.18806076049805,-0.0003284556732978672,-0.01184250321239233,27.85228729248047
511,0.511511504650116,60.2391242980957,-0.00033112961682491004,-0.012117095291614532,28.668880462646484
512,0.5125125050544739,60.29024124145508,-0.00033602528856135905,-0.01260850578546524,30.138816833496094
513,0.5135135054588318,60.341392517089844,-0.0003306122962385416,-0.01212280336767435,28.646974563598633
514,0.5145145058631897,60.39259719848633,-0.00032501015812158585,-0.01082840096205473,24.621196746826172
515,0.5155155062675476,60.44384002685547,-0.000325069937389344,-0.010700906626880169,24.18465805053711
516,0.5165165066719055,60.495121002197266,-0.00032545230351388454,-0.011426745913922787,26.319303512573242
517,0.5175175070762634,60.54645538330078,-0.0003312412591185421,-0.012393529526889324,29.20589828491211
518,0.5185185074806213,60.59783172607422,-0.00032690868829376996,-0.011909662745893002,27.75507926940918
519,0.5195195078849792,60.64924621582031,-0.0003262154059484601,-0.01195451244711876,27.9344425201416
520,0.5205205082893372,60.700706481933594,-0.0003247796557843685,-0.011587618850171566,26.883047103881836
521,0.5215215086936951,60.75221252441406,-0.0003245964180678129,-0.011262040585279465,25.941043853759766
522,0.522522509098053,60.80376434326172,-0.00032397013274021447,-0.01127546839416027,26.023517608642578
523,0.5235235095024109,60.85535430908203,-0.0003352985659148544,-0.009970716200768948,22.121042251586914
524,0.5245245099067688,60.90699005126953,-0.0003324509016238153,-0.010147729888558388,22.69208335876465
525,0.5255255103111267,60.95866775512695,-0.00032739844755269587,-0.010672872886061668,24.23997688293457
526,0.5265265107154846,61.01039123535156,-0.00032604081206955016,-0.010886422358453274,24.820127487182617
527,0.5275275111198425,61.06216049194336,-0.00032499711960554123,-0.011069637723267078,25.311233520507812
528,0.5285285115242004,61.11397171020508,-0.0003281916433479637,-0.010576789267361164,23.743791580200195
529,0.5295295119285583,61.165828704833984,-0.00032239966094493866,-0.011799842119216919,27.521011352539062
530,0.5305305123329163,61.21773147583008,-0.00032223042217083275,-0.01190855447202921,27.94194221496582
531,0.5315315127372742,61.26966857910156,-0.00032240041764453053,-0.01124956551939249,26.020610809326172
532,0.5325325131416321,61.3216552734375,-0.0003222515224479139,-0.011218499392271042,26.090862274169922
533,0.53353351354599,61.373695373535156,-0.00032187075703404844,-0.011644497513771057,27.586849212646484
534,0.5345345139503479,61.4257698059082,-0.00032152910716831684,-0.011449879966676235,27.112028121948242
535,0.5355355143547058,61.47788619995117,-0.00032402988290414214,-0.011601361446082592,27.632923126220703
536,0.5365365147590637,61.530052185058594,-0.00032679078867658973,-0.011793914251029491,28.243566513061523
537,0.5375375151634216,61.5822639465332,-0.00033046488533727825,-0.011773030273616314,28.104454040527344
538,0.5385385155677795,61.63451385498047,-0.0003336537629365921,-0.011946500279009342,28.58565330505371
539,0.5395395755767822,61.68681716918945,-0.00033411235199309886,-0.011425301432609558,27.01786994934082
540,0.5405405759811401,61.73915481567383,-0.0003345849399920553,-0.010840528644621372,25.263900756835938
541,0.541541576385498,61.791542053222656,-0.0003360140835866332,-0.010412910021841526,24.00613021850586
542,0.542542576789856,61.843971252441406,-0.0003440887376200408,-0.009637921117246151,21.74407958984375
543,0.5435435771942139,61.89645004272461,-0.0003548982786014676,-0.008850932121276855,19.516807556152344
544,0.5445445775985718,61.94896697998047,-0.0003417414554860443,-0.010025880299508572,22.887985229492188
545,0.5455455780029297,62.001529693603516,-0.0003468231006991118,-0.009676799178123474,21.883834838867188
546,0.5465465784072876,62.05413818359375,-0.00035611700150184333,-0.009022193029522896,20.015541076660156
547,0.5475475788116455,62.10679244995117,-0.00034241960383951664,-0.010481256991624832,24.20655059814453
548,0.5485485792160034,62.159488677978516,-0.00034088926622644067,-0.01099022664129734,25.6795711517334
549,0.5495495796203613,62.21223068237305,-0.0003399300039745867,-0.011438327841460705,26.959228515625
550,0.5505505800247192,62.26502227783203,-0.00034438102738931775,-0.011170292273163795,26.14616584777832
551,0.5515515804290771,62.31785202026367,-0.00035037603811360896,-0.01077365130186081,24.996631622314453
552,0.5525525808334351,62.3707275390625,-0.00034536150633357465,-0.01206531748175621,28.734516143798828
553,0.553553581237793,62.42365264892578,-0.00034678587689995766,-0.012191219255328178,29.19968032836914
554,0.5545545816421509,62.476619720458984,-0.0003483908949419856,-0.011819932609796524,28.24447250366211
555,0.5555555820465088,62.52962875366211,-0.000353537208866328,-0.01064660307019949,25.009693145751953
556,0.5565565824508667,62.58268737792969,-0.00034823338501155376,-0.010800708085298538,25.536602020263672
557,0.5575575828552246,62.63578796386719,-0.00034547591349110007,-0.010454031638801098,24.60601806640625
558,0.5585585832595825,62.688934326171875,-0.00034477203735150397,-0.009863589890301228,22.975717544555664
559,0.5595595836639404,62.74212646484375,-0.0003401516005396843,-0.009660315699875355,22.45119285583496
560,0.5605605840682983,62.79536437988281,-0.0003242821549065411,-0.010413011536002159,24.767728805541992
561,0.5615615844726562,62.8486442565918,-0.0003268433501943946,-0.009695583023130894,22.650955200195312
562,0.5625625848770142,62.901973724365234,-0.00033642782364040613,-0.00885169580578804,20.16388702392578
563,0.5635635852813721,62.955345153808594,-0.000331863178871572,-0.009219447150826454,21.364896774291992
564,0.56456458568573,63.008766174316406,-0.0003238498466089368,-0.009848491288721561,23.361909866333008
565,0.5655655860900879,63.062225341796875,-0.00032529322197660804,-0.009830028750002384,23.36819839477539
566,0.5665665864944458,63.11573791503906,-0.0003283509286120534,-0.009733570739626884,23.188697814941406
567,0.5675675868988037,63.16929244995117,-0.00032532098703086376,-0.010188300162553787,24.739349365234375
568,0.5685685873031616,63.2228889465332,-0.0003336535592097789,-0.009755476377904415,23.51205825805664
569,0.5695695877075195,63.27653503417969,-0.0003289414453320205,-0.010539202950894833,25.857759475708008
570,0.5705705881118774,63.33022689819336,-0.0003308028099127114,-0.01053018681704998,25.69933319091797
571,0.5715715885162354,63.38396072387695,-0.0003418767882976681,-0.009359126910567284,22.060977935791016
572,0.5725725889205933,63.437744140625,-0.0003327100712340325,-0.010119879618287086,24.23908233642578
573,0.5735735893249512,63.4915657043457,-0.00032767289667390287,-0.010814187116920948,26.305217742919922
574,0.5745745897293091,63.545440673828125,-0.000325341330608353,-0.010775962844491005,26.210233688354492
575,0.575575590133667,63.599361419677734,-0.0003219708742108196,-0.01080746203660965,26.42023468017578
576,0.5765765905380249,63.65332794189453,-0.0003183946246281266,-0.01070814486593008,26.30465316772461
577,0.5775775909423828,63.707332611083984,-0.0003148313844576478,-0.01111622154712677,27.8123836517334
578,0.5785785913467407,63.761390686035156,-0.00031360166030935943,-0.01151847280561924,29.312936782836914
579,0.5795795917510986,63.815494537353516,-0.0003106699441559613,-0.011344125494360924,28.9357967376709
580,0.5805805921554565,63.8696403503418,-0.00030918954871594906,-0.011252052150666714,28.743864059448242
581,0.5815815925598145,63.92383575439453,-0.0003089040401391685,-0.010855473577976227,27.466455459594727
582,0.5825825929641724,63.97807693481445,-0.0003132535784970969,-0.011556361801922321,29.666629791259766
583,0.5835835933685303,64.03236389160156,-0.000317657133564353,-0.010668526403605938,26.724899291992188
584,0.5845845937728882,64.0866928100586,-0.0003209589049220085,-0.011111093685030937,27.93918800354004
585,0.5855855941772461,64.14107513427734,-0.0003235681215301156,-0.01168215274810791,29.506650924682617
586,0.586586594581604,64.19549560546875,-0.00032492756145074964,-0.0113487858325243,28.37558937072754
587,0.5875875949859619,64.24996948242188,-0.00033094084938056767,-0.010005980730056763,24.304258346557617
588,0.5885885953903198,64.30448150634766,-0.0003265603445470333,-0.010704461485147476,26.52762794494629
589,0.5895895957946777,64.35903930664062,-0.00032379099866375327,-0.011426521465182304,28.931316375732422
590,0.5905905961990356,64.41365814208984,-0.0003223768144380301,-0.011825671419501305,30.37592124938965
591,0.5915915966033936,64.46830749511719,-0.0003206350957043469,-0.01202639564871788,31.230897903442383
592,0.5925925970077515,64.52301025390625,-0.00031892472179606557,-0.011583549901843071,30.064424514770508
593,0.5935935974121094,64.5777587890625,-0.0003201194922439754,-0.011412085965275764,29.70939826965332
594,0.5945945978164673,64.63255310058594,-0.00032072572503238916,-0.011088094674050808,28.828968048095703
595,0.5955955982208252,64.68739318847656,-0.00031885202042758465,-0.011188581585884094,29.227603912353516
596,0.5965965986251831,64.74227905273438,-0.00031517690513283014,-0.011591696180403233,30.60775375366211
597,0.597597599029541,64.7972183227539,-0.0003095917636528611,-0.01107989251613617,29.182165145874023
598,0.5985985994338989,64.8521957397461,-0.00030497476109303534,-0.010617387481033802,27.90575408935547
599,0.5995995998382568,64.9072265625,-0.00030235573649406433,-0.010457341559231281,27.508466720581055
600,0.6006006002426147,64.96229553222656,-0.0003014685062225908,-0.010629529133439064,28.049089431762695
601,0.6016016006469727,65.01741790771484,-0.0003032322274520993,-0.010386857204139233,27.03886604309082
602,0.6026026010513306,65.07258605957031,-0.00030461075948551297,-0.011008416302502155,28.794588088989258
603,0.6036036014556885,65.12779998779297,-0.00030630140099674463,-0.010853533633053303,28.062044143676758
604,0.6046046018600464,65.18305969238281,-0.00030848485766910017,-0.010775118134915829,27.659345626831055
605,0.6056056022644043,65.23836517333984,-0.0003098367596976459,-0.010774037800729275,27.671144485473633
606,0.6066066026687622,65.2937240600586,-0.00031540109193883836,-0.009851410053670406,24.773441314697266
607,0.6076076030731201,65.34912872314453,-0.00032671750523149967,-0.008717626333236694,21.295085906982422
608,0.608608603477478,65.40457916259766,-0.00031673209741711617,-0.00979479681700468,24.686683654785156
609,0.6096096038818359,65.46007537841797,-0.0003220073995180428,-0.009223850443959236,22.949377059936523
610,0.6106106042861938,65.51561737060547,-0.00032591907074674964,-0.00887102447450161,21.960697174072266
611,0.6116116046905518,65.57120513916016,-0.0003289383603259921,-0.008541815914213657,21.156034469604492
612,0.6126126050949097,65.62684631347656,-0.0003231312148272991,-0.009207818657159805,23.40497398376465
613,0.6136136054992676,65.68252563476562,-0.0003272458561696112,-0.008830790407955647,22.408117294311523
614,0.6146146059036255,65.7382583618164,-0.00032946013379842043,-0.008524026721715927,21.586421966552734
615,0.6156156063079834,65.79403686523438,-0.00033074873499572277,-0.008196189999580383,20.672443389892578
616,0.6166166067123413,65.84986877441406,-0.0003261146484874189,-0.00885837059468031,22.69391632080078
617,0.6176176071166992,65.9057388305664,-0.00032658406416885555,-0.008691256865859032,22.115257263183594
618,0.6186186075210571,65.96166229248047,-0.0003284565464127809,-0.00849008560180664,21.455230712890625
619,0.619619607925415,66.01763153076172,-0.00033253582660108805,-0.007960457354784012,19.794944763183594
620,0.620620608329773,66.07364654541016,-0.00033798711956478655,-0.006515466142445803,15.43111801147461
621,0.6216216087341309,66.12971496582031,-0.00032919656950980425,-0.00467158667743206,9.92609977722168
622,0.6226226091384888,66.18582916259766,-0.0003306858125142753,-0.004907789174467325,10.66348648071289
623,0.6236236095428467,66.24198150634766,-0.0003338692185934633,-0.005455097183585167,12.362407684326172
624,0.6246246099472046,66.29818725585938,-0.0003248798893764615,-0.004650658927857876,10.027560234069824
625,0.6256256103515625,66.35443878173828,-0.00032460439251735806,-0.0049180095084011555,10.973480224609375
626,0.6266266107559204,66.4107437133789,-0.00032666028710082173,-0.005486160516738892,12.809972763061523
627,0.6276276111602783,66.46709442138672,-0.00031803789897821844,-0.00465736398473382,10.329267501831055
628,0.6286286115646362,66.52349090576172,-0.0003300660755485296,-0.0062218583188951015,15.222679138183594
629,0.6296296119689941,66.57994079589844,-0.0003288423758931458,-0.006018920335918665,14.680096626281738
630,0.630630612373352,66.63642883300781,-0.00032777240267023444,-0.005698731634765863,13.76196575164795
631,0.63163161277771,66.6929702758789,-0.00032906257547438145,-0.00553198391571641,13.258063316345215
632,0.6326326131820679,66.74955749511719,-0.00032538356026634574,-0.004689495079219341,10.668023109436035
633,0.6336336135864258,66.80619812011719,-0.0003223148232791573,-0.0037908004596829414,7.8875226974487305
634,0.6346346139907837,66.86288452148438,-0.00032472627935931087,-0.0038027875125408173,7.8646721839904785
635,0.6356356143951416,66.91961669921875,-0.00032525870483368635,-0.0033260625787079334,6.296247482299805
636,0.6366366147994995,66.97640228271484,-0.0003261609235778451,-0.0028456372674554586,4.735035419464111
637,0.6376376152038574,67.0332260131836,-0.0003307542356196791,-0.004153989255428314,8.60931396484375
638,0.6386386156082153,67.0901107788086,-0.0003320527612231672,-0.00460708187893033,9.857227325439453
639,0.6396396160125732,67.14703369140625,-0.0003237678902223706,-0.0033949341159313917,6.076225280761719
640,0.6406406164169312,67.20401000976562,-0.00031977315666154027,-0.003006041282787919,4.812098503112793
641,0.6416416764259338,67.26103210449219,-0.00031977257458493114,-0.0020889865700155497,1.9158339500427246
642,0.6426426768302917,67.31810760498047,-0.00031486281659454107,-0.0033269934356212616,5.890727996826172
643,0.6436436772346497,67.37522888183594,-0.0003128808457404375,-0.003054745029658079,5.198111534118652
644,0.6446446776390076,67.4323959350586,-0.00031214318005368114,-0.002989008091390133,5.208846569061279
645,0.6456456780433655,67.48960876464844,-0.00031764403684064746,-0.0043420493602752686,9.748653411865234
646,0.6466466784477234,67.546875,-0.0003180872881785035,-0.00443020137026906,10.205169677734375
647,0.6476476788520813,67.60418701171875,-0.00031057538581080735,-0.0030964163597673178,6.075087070465088
648,0.6486486792564392,67.66155242919922,-0.00031027785735204816,-0.0022240171674638987,3.335663080215454
649,0.6496496796607971,67.71896362304688,-0.0003152178833261132,-0.0013626354048028588,0.5776693820953369
650,0.650650680065155,67.77642822265625,-0.00030318618519231677,-0.0025339825078845024,4.34852409362793
651,0.6516516804695129,67.83393859863281,-0.00029878615168854594,-0.0028589870780706406,5.325694561004639
652,0.6526526808738708,67.89148712158203,-0.0002953925868496299,-0.0032250003423541784,6.393706321716309
653,0.6536536812782288,67.9490966796875,-0.0002937512472271919,-0.0027777920477092266,4.708118915557861
654,0.6546546816825867,68.00675201416016,-0.00029285947675816715,-0.002800195710733533,4.704395294189453
655,0.6556556820869446,68.064453125,-0.00029399277991615236,-0.0031021577306091785,5.807309627532959
656,0.6566566824913025,68.1222152709961,-0.00029755139257758856,-0.0038352622650563717,8.35460090637207
657,0.6576576828956604,68.18000793457031,-0.0002998981799464673,-0.00392079958692193,8.737228393554688
658,0.6586586833000183,68.23786163330078,-0.0003010455402545631,-0.0026188879273831844,4.524627685546875
659,0.6596596837043762,68.29576110839844,-0.00030179310124367476,-0.0029307198710739613,5.729696273803711
660,0.6606606841087341,68.35371398925781,-0.00030403907294385135,-0.0025235384237021208,4.581575393676758
661,0.661661684513092,68.41171264648438,-0.0003051391104236245,-0.0026990175247192383,5.3913726806640625
662,0.66266268491745,68.46975708007812,-0.0003059610608033836,-0.002960075391456485,6.434491157531738
663,0.6636636853218079,68.5278549194336,-0.0003043987962882966,-0.002459603827446699,4.932718276977539
664,0.6646646857261658,68.58599853515625,-0.000309141498291865,-0.0013800511369481683,1.454317569732666
665,0.6656656861305237,68.64419555664062,-0.00030290510039776564,-0.0026071222964674234,5.440671443939209
666,0.6666666865348816,68.70243835449219,-0.0003029750660061836,-0.002891751006245613,6.271514415740967
667,0.6676676869392395,68.76073455810547,-0.00030448450706899166,-0.003418050240725279,7.869038105010986
668,0.6686686873435974,68.81907653808594,-0.0003057800349779427,-0.0020747084636241198,3.3188557624816895
669,0.6696696877479553,68.87747192382812,-0.00031107472022995353,-0.001558524090796709,1.5307888984680176
670,0.6706706881523132,68.9359130859375,-0.0003198605845682323,-0.0008937955135479569,-0.6773702502250671
671,0.6716716885566711,68.9944076538086,-0.0003228351997677237,-0.0006242991075851023,-1.596172571182251
672,0.672672688961029,69.05294799804688,-0.0003072310646530241,-0.0015633647562935948,1.2966771125793457
673,0.673673689365387,69.11154174804688,-0.00032414839370176196,-0.00018634142179507762,-3.1918835639953613
674,0.6746746897697449,69.17018127441406,-0.00034079086617566645,0.0012238643830642104,-7.570055961608887
675,0.6756756901741028,69.22887420654297,-0.00034454124397598207,0.0018919523572549224,-9.629376411437988
676,0.6766766905784607,69.2876205444336,-0.00034507561940699816,0.0021600157488137484,-10.42081356048584
677,0.6776776909828186,69.34640502929688,-0.000338234705850482,0.001484957174398005,-8.422661781311035
678,0.6786786913871765,69.4052505493164,-0.00033314962638542056,0.0010616711806505919,-7.096479892730713
679,0.6796796917915344,69.4641342163086,-0.0003342208219692111,0.001203898573294282,-7.4112958908081055
680,0.6806806921958923,69.52307891845703,-0.00033063709270209074,0.0009938504081219435,-6.657083511352539
681,0.6816816926002502,69.58206939697266,-0.00032457365887239575,0.000636077078524977,-5.476690292358398
682,0.6826826930046082,69.64111328125,-0.00030588460504077375,-0.0008134791860356927,-0.7652227878570557
683,0.6836836934089661,69.7001953125,-0.00030601746402680874,-0.0009848439367488027,-0.12551864981651306
684,0.684684693813324,69.75934600830078,-0.000307717127725482,-0.0011247864458709955,0.3598630428314209
685,0.6856856942176819,69.81852722167969,-0.0003047287173103541,-0.0021391999907791615,3.6435117721557617
686,0.6866866946220398,69.87776947021484,-0.0003076526627410203,-0.0021176866721361876,3.5111308097839355
687,0.6876876950263977,69.93706512451172,-0.00031462579499930143,-0.0012764357961714268,0.762540340423584
688,0.6886886954307556,69.99640655517578,-0.00031281920382753015,-0.0013924128143116832,1.0820198059082031
689,0.6896896958351135,70.05580139160156,-0.0003237107885070145,-0.00031577484332956374,-2.2983715534210205
690,0.6906906962394714,70.11524200439453,-0.0003325810539536178,0.0005337832844816148,-4.841980934143066
691,0.6916916966438293,70.17473602294922,-0.00032065564300864935,-0.00014672655379399657,-2.7206122875213623
692,0.6926926970481873,70.23428344726562,-0.00033167266519740224,0.0007464404334314167,-5.4278974533081055
693,0.6936936974525452,70.29387664794922,-0.00034551945282146335,0.0021725445985794067,-9.618069648742676
694,0.6946946978569031,70.353515625,-0.0003422695444896817,0.0019413045374676585,-8.976971626281738
695,0.695695698261261,70.41321563720703,-0.000339199643349275,0.0019894300494343042,-9.129499435424805
696,0.6966966986656189,70.47296142578125,-0.0003346854937262833,0.0019236544612795115,-8.909953117370605
697,0.6976976990699768,70.53276062011719,-0.00033479323610663414,0.0024770740419626236,-10.581730842590332
698,0.6986986994743347,70.59259796142578,-0.0003342466370668262,0.0024717876221984625,-10.623071670532227
699,0.6996996998786926,70.65249633789062,-0.000335468677803874,0.0024184840731322765,-10.53097915649414
700,0.7007007002830505,70.71244812011719,-0.00033621740294620395,0.0019893073476850986,-9.313886642456055
701,0.7017017006874084,70.77244567871094,-0.00034161400981247425,0.0027539904695004225,-11.606976509094238
702,0.7027027010917664,70.83250427246094,-0.0003438616404309869,0.002870830474421382,-11.989307403564453
703,0.7037037014961243,70.8926010131836,-0.0003434312529861927,0.002443931298330426,-10.793462753295898
704,0.7047047019004822,70.95275115966797,-0.0003388270561117679,0.0018089571967720985,-8.912795066833496
705,0.7057057023048401,71.0129623413086,-0.00033087446354329586,0.0011754153529182076,-6.948936939239502
706,0.706706702709198,71.07321166992188,-0.0003270187589805573,0.0012383777648210526,-7.051424026489258
707,0.7077077031135559,71.1335220336914,-0.00031287717865779996,0.0002498385147191584,-3.8703465461730957
708,0.7087087035179138,71.19387817382812,-0.0003111087717115879,0.0004943112144246697,-4.571096420288086
709,0.7097097039222717,71.25428771972656,-0.0003094390267506242,0.0006603572983294725,-5.095316410064697
710,0.7107107043266296,71.31475067138672,-0.0003096812288276851,0.0008908070158213377,-5.889651775360107
711,0.7117117047309875,71.37525939941406,-0.00031477794982492924,0.0015529372030869126,-8.067635536193848
712,0.7127127051353455,71.4358139038086,-0.00031082925852388144,0.0011809365823864937,-6.856348037719727
713,0.7137137055397034,71.4964370727539,-0.0003178682818543166,0.0021308460272848606,-9.77243709564209
714,0.7147147059440613,71.55709838867188,-0.0003225695400033146,0.0029452533926814795,-12.200528144836426
715,0.7157157063484192,71.61781311035156,-0.0003221583319827914,0.0024764174595475197,-10.619497299194336
716,0.7167167067527771,71.67858123779297,-0.00032296168501488864,0.0026595003437250853,-11.08162784576416
717,0.717717707157135,71.7394027709961,-0.0003245523548685014,0.003790896153077483,-14.543126106262207
718,0.7187187075614929,71.8002700805664,-0.0003260939265601337,0.003855194663628936,-14.770051956176758
719,0.7197197079658508,71.86119842529297,-0.0003290754393674433,0.00301729585044086,-12.292832374572754
720,0.7207207083702087,71.92217254638672,-0.0003322204283904284,0.0030819152016192675,-12.57964038848877
721,0.7217217087745667,71.98320007324219,-0.0003330314648337662,0.00285392627120018,-11.96541976928711
722,0.7227227091789246,72.04427337646484,-0.0003256803029216826,0.001175931771285832,-6.957474708557129
723,0.7237237095832825,72.10540771484375,-0.0003259304794482887,0.0009954959386959672,-6.500327110290527
724,0.7247247099876404,72.16658782958984,-0.0003193347074557096,0.0002458785311318934,-4.248831272125244
725,0.7257257103919983,72.22782135009766,-0.0003330804465804249,0.0020246009808033705,-9.687164306640625
726,0.7267267107963562,72.28910827636719,-0.00032729466329328716,0.0012954935664311051,-7.440570831298828
727,0.7277277112007141,72.3504409790039,-0.00032463466050103307,0.0011473293416202068,-6.893488883972168
728,0.728728711605072,72.41183471679688,-0.0003229525755159557,0.0011885996209457517,-6.906946182250977
729,0.7297297120094299,72.47327423095703,-0.0003214330063201487,0.0015037563862279058,-7.774032115936279
730,0.7307307124137878,72.53477478027344,-0.00031926046358421445,0.0020366765093058348,-9.352700233459473
731,0.7317317128181458,72.59632110595703,-0.0003169017727486789,0.0010453722206875682,-6.191210746765137
732,0.7327327132225037,72.65791320800781,-0.00031641870737075806,0.001681576599366963,-8.174175262451172
733,0.7337337136268616,72.71956634521484,-0.0003160967316944152,0.0021082560997456312,-9.467103958129883
734,0.7347347140312195,72.78126525878906,-0.0003168415278196335,0.0019579255022108555,-8.938394546508789
735,0.7357357144355774,72.84302520751953,-0.00031548255356028676,0.0013037312310189009,-6.833436965942383
736,0.7367367148399353,72.90483093261719,-0.0003094064013566822,0.0005031803157180548,-4.26813268661499
737,0.7377377152442932,72.96669006347656,-0.0003090297686867416,0.000414439185988158,-4.0401506423950195
738,0.7387387156486511,73.02860260009766,-0.0003104356292169541,0.0005521704442799091,-4.584147930145264
739,0.739739716053009,73.09056854248047,-0.0003093827690463513,0.000515999156050384,-4.574619293212891
740,0.7407407164573669,73.152587890625,-0.00029911688761785626,-8.12314247014001e-05,-2.6374638080596924
741,0.7417417168617249,73.21465301513672,-0.0002865871647372842,-0.0008482278208248317,0.019475460052490234
742,0.7427427172660828,73.27677917480469,-0.0002960666024591774,4.7257777623599395e-05,-3.006990909576416
743,0.7437437772750854,73.33895874023438,-0.0003002716402988881,0.0005728405667468905,-4.744464874267578
744,0.7447447776794434,73.40119171142578,-0.0003061097813770175,0.0013123736716806889,-7.1524457931518555
745,0.7457457780838013,73.46347045898438,-0.0003017338749486953,0.0010451466077938676,-6.225042343139648
746,0.7467467784881592,73.52580261230469,-0.0003073747211601585,0.0018625465454533696,-8.847789764404297
747,0.7477477788925171,73.58819580078125,-0.00030663202051073313,0.0018161478219553828,-8.637299537658691
748,0.748748779296875,73.65062713623047,-0.00031035926076583564,0.002852608682587743,-11.987625122070312
749,0.7497497797012329,73.71311950683594,-0.00030985649209469557,0.0027641511987894773,-11.733983993530273
750,0.7507507801055908,73.77567291259766,-0.0003106482035946101,0.0029081718530505896,-12.254974365234375
751,0.7517517805099487,73.83826446533203,-0.00031172376475296915,0.003517353907227516,-14.299176216125488
752,0.7527527809143066,73.90092468261719,-0.00031377069535665214,0.003525377018377185,-14.45380973815918
753,0.7537537813186646,73.963623046875,-0.0003157684113830328,0.0030641055200248957,-13.134760856628418
754,0.7547547817230225,74.02638244628906,-0.0003156948951072991,0.0033475428353995085,-14.149221420288086
755,0.7557557821273804,74.08919525146484,-0.0003143067006021738,0.0029133299831300974,-12.849326133728027
756,0.7567567825317383,74.15206146240234,-0.0003117893938906491,0.0022341422736644745,-10.722071647644043
757,0.7577577829360962,74.21498107910156,-0.0003087781951762736,0.0019614282064139843,-9.824141502380371
758,0.7587587833404541,74.2779541015625,-0.00030717503977939487,0.002267328556627035,-10.75349235534668
759,0.759759783744812,74.34097290039062,-0.00030022222199477255,0.0008198943687602878,-5.8915557861328125
760,0.7607607841491699,74.404052734375,-0.00029962684493511915,0.0008127630571834743,-5.736164093017578
761,0.7617617845535278,74.4671859741211,-0.00030140794115141034,0.0016831370303407311,-8.460169792175293
762,0.7627627849578857,74.53038024902344,-0.000299632316455245,0.0026341192424297333,-11.417875289916992
763,0.7637637853622437,74.59361267089844,-0.0002966347383335233,0.003196431091055274,-13.159706115722656
764,0.7647647857666016,74.65690612792969,-0.0002957083925139159,0.002770710736513138,-11.64102554321289
765,0.7657657861709595,74.72025299072266,-0.0002940648118965328,0.003885185346007347,-15.39062786102295
766,0.7667667865753174,74.78365325927734,-0.0002942266291938722,0.003956856206059456,-15.622201919555664
767,0.7677677869796753,74.84710693359375,-0.00029357330640777946,0.005229922477155924,-19.98799705505371
768,0.7687687873840332,74.91061401367188,-0.0002926657907664776,0.0047250064089894295,-18.328819274902344
769,0.7697697877883911,74.97418212890625,-0.0002922184066846967,0.0050125508569180965,-19.38458824157715
770,0.770770788192749,75.03779602050781,-0.00029268208891153336,0.005466748028993607,-21.023914337158203
771,0.7717717885971069,75.1014633178711,-0.0002930272021330893,0.005372399929910898,-20.7539119720459
772,0.7727727890014648,75.1651840209961,-0.0002954493393190205,0.00616703974083066,-23.477087020874023
773,0.7737737894058228,75.22896575927734,-0.0002956573443952948,0.005666366312652826,-21.75422477722168
774,0.7747747898101807,75.29280090332031,-0.0002923785359598696,0.004372090101242065,-17.3337345123291
775,0.7757757902145386,75.35668182373047,-0.0002936023520305753,0.0051477388478815556,-19.938201904296875
776,0.7767767906188965,75.42062377929688,-0.00029285153141245246,0.005224776454269886,-20.121925354003906
777,0.7777777910232544,75.484619140625,-0.0002903592539951205,0.004740108270198107,-18.327329635620117
778,0.7787787914276123,75.54866790771484,-0.0002897807862609625,0.004762361291795969,-18.275985717773438
779,0.7797797918319702,75.6127700805664,-0.0002900561667047441,0.0046735662035644054,-17.848936080932617
780,0.7807807922363281,75.67693328857422,-0.00029186694882810116,0.005283860024064779,-19.83029556274414
781,0.781781792640686,75.74114227294922,-0.00029324687784537673,0.005406379234045744,-20.191831588745117
782,0.782782793045044,75.80540466308594,-0.0002952188078779727,0.00517931766808033,-19.42951202392578
783,0.7837837934494019,75.8697280883789,-0.0002974857925437391,0.0051417904905974865,-19.37092399597168
784,0.7847847938537598,75.9341049194336,-0.00029793346766382456,0.0056754969991743565,-21.302913665771484
785,0.7857857942581177,75.99853515625,-0.00029897468630224466,0.005643395707011223,-21.31640625
786,0.7867867946624756,76.06301879882812,-0.00030042510479688644,0.005281920079141855,-20.211593627929688
787,0.7877877950668335,76.1275634765625,-0.0003022988385055214,0.004415963776409626,-17.429698944091797
788,0.7887887954711914,76.19215393066406,-0.00030190031975507736,0.0045978170819580555,-18.11258316040039
789,0.7897897958755493,76.25680541992188,-0.00030110348598100245,0.004897961858659983,-19.17691993713379
790,0.7907907962799072,76.3215103149414,-0.0003008338389918208,0.006444553378969431,-24.417757034301758
791,0.7917917966842651,76.38626861572266,-0.00030037848046049476,0.006918351165950298,-26.10871696472168
792,0.792792797088623,76.45108032226562,-0.0002993069647345692,0.0069597018882632256,-26.340848922729492
793,0.793793797492981,76.51595306396484,-0.00029988010646775365,0.007748575881123543,-29.021350860595703
794,0.7947947978973389,76.58087921142578,-0.0002967809559777379,0.0063882386311888695,-24.50918960571289
795,0.7957957983016968,76.64585876464844,-0.00029607562464661896,0.005913879722356796,-22.93524932861328
796,0.7967967987060547,76.71089172363281,-0.0002961974241770804,0.005879094824194908,-22.8549861907959
797,0.7977977991104126,76.7759780883789,-0.0002960355195682496,0.005844305735081434,-22.78247833251953
798,0.7987987995147705,76.84112548828125,-0.0002945748274214566,0.005627757403999567,-22.11638832092285
799,0.7997997999191284,76.90632629394531,-0.00029469293076545,0.007558880839496851,-28.797889709472656
800,0.8008008003234863,76.97157287597656,-0.0002927150344476104,0.007268548011779785,-27.972366333007812
801,0.8018018007278442,77.03689575195312,-0.0002938740362878889,0.009094051085412502,-34.39441680908203
802,0.8028028011322021,77.10225677490234,-0.00029292565886862576,0.008383512496948242,-32.17230987548828
803,0.8038038015365601,77.16767883300781,-0.0002943126601167023,0.009082652628421783,-34.7594108581543
804,0.804804801940918,77.233154296875,-0.0002931762137450278,0.007814312353730202,-30.623790740966797
805,0.8058058023452759,77.29869079589844,-0.00029359798645600677,0.007515848148614168,-29.725343704223633
806,0.8068068027496338,77.36427307128906,-0.000291503471089527,0.006658558268100023,-26.859651565551758
807,0.8078078031539917,77.42991638183594,-0.0002860600652638823,0.005605290178209543,-23.213537216186523
808,0.8088088035583496,77.49562072753906,-0.0002837225329130888,0.005504623055458069,-22.785274505615234
809,0.8098098039627075,77.56137084960938,-0.0002783812815323472,0.004850995261222124,-20.358829498291016
810,0.8108108043670654,77.62718963623047,-0.00027671459247358143,0.005102999042719603,-21.145397186279297
811,0.8118118047714233,77.69306182861328,-0.00027337067876942456,0.004480848554521799,-18.768510818481445
812,0.8128128051757812,77.75897979736328,-0.00027193460846319795,0.0036754426546394825,-15.726143836975098
813,0.8138138055801392,77.82495880126953,-0.0002728347899392247,0.003487978596240282,-14.962233543395996
814,0.8148148059844971,77.8909912109375,-0.00027367350412532687,0.0029267522040754557,-12.861926078796387
815,0.815815806388855,77.95708465576172,-0.0002728019608184695,0.0018509785877540708,-8.921818733215332
816,0.8168168067932129,78.02323150634766,-0.0002723345241975039,0.001228292821906507,-6.673762321472168
817,0.8178178071975708,78.08943176269531,-0.0002764459350146353,0.001642318326048553,-8.186513900756836
818,0.8188188076019287,78.15569305419922,-0.00027823331765830517,0.0017488630255684257,-8.51409912109375
819,0.8198198080062866,78.22200775146484,-0.00027135724667459726,0.0006143575883470476,-4.314387321472168
820,0.8208208084106445,78.28837585449219,-0.0002649056841619313,-0.0003988872922491282,-0.4876124858856201
821,0.8218218088150024,78.35481262207031,-0.00026098982198163867,-0.001005561905913055,1.8402907848358154
822,0.8228228092193604,78.4212875366211,-0.00025951938005164266,-0.0011995164677500725,2.5843210220336914
823,0.8238238096237183,78.48783874511719,-0.0002599178405944258,-0.0010824194177985191,2.106152057647705
824,0.8248248100280762,78.55442810058594,-0.00026434060418978333,-0.0005277215968817472,-0.06128835678100586
825,0.8258258104324341,78.62108612060547,-0.0002546799660194665,-0.0014627708587795496,3.530789613723755
826,0.826826810836792,78.68779754638672,-0.00025796101544983685,-0.00099382980260998,1.7040979862213135
827,0.8278278112411499,78.75455474853516,-0.00025208230363205075,-0.0016540206270292401,4.292289733886719
828,0.8288288116455078,78.82138061523438,-0.00025239656679332256,-0.0015573631972074509,3.9421310424804688
829,0.8298298120498657,78.88825988769531,-0.0002543746377341449,-0.0010490556014701724,1.944124698638916
830,0.8308308124542236,78.9552001953125,-0.0002515760716050863,-0.0012934990227222443,2.9491257667541504
831,0.8318318128585815,79.02220153808594,-0.00024572419351898134,-0.0028205481357872486,9.180156707763672
832,0.8328328132629395,79.08924865722656,-0.0002464022545609623,-0.003444583620876074,11.771761894226074
833,0.8338338136672974,79.15635681152344,-0.000248494790866971,-0.003532144008204341,12.15353012084961
834,0.8348348140716553,79.22352600097656,-0.00025159423239529133,-0.002679727040231228,8.776032447814941
835,0.8358358144760132,79.29074096679688,-0.00025277637178078294,-0.0028351552318781614,9.495506286621094
836,0.8368368148803711,79.35801696777344,-0.00025374535471200943,-0.0026737931184470654,8.945879936218262
837,0.837837815284729,79.42535400390625,-0.00025456410367041826,-0.0027699731290340424,9.342283248901367
838,0.8388388156890869,79.49275207519531,-0.0002555275277700275,-0.003255787305533886,11.188260078430176
839,0.8398398160934448,79.56019592285156,-0.0002549065975472331,-0.0030713158193975687,10.408293724060059
840,0.8408408164978027,79.62770080566406,-0.00025292934151366353,-0.0024688050616532564,8.034439086914062
841,0.8418418169021606,79.69527435302734,-0.00025392245152033865,-0.0030384112615138292,10.350706100463867
842,0.8428428173065186,79.76288604736328,-0.0002539998386055231,-0.003083806252107024,10.63511848449707
843,0.8438438177108765,79.83056640625,-0.0002544016169849783,-0.003226058790460229,11.310891151428223
844,0.8448448181152344,79.89830780029297,-0.0002543110749684274,-0.003168302122503519,11.2062349319458
845,0.8458458185195923,79.96610260009766,-0.00025477903545834124,-0.003354504005983472,12.017875671386719
846,0.846846878528595,80.0339584350586,-0.0002554790407884866,-0.0036151064559817314,13.094535827636719
847,0.8478478789329529,80.10186004638672,-0.0002541295252740383,-0.0036278385668992996,13.179068565368652
848,0.8488488793373108,80.16983032226562,-0.00025284485309384763,-0.004078355617821217,14.958569526672363
849,0.8498498797416687,80.23786163330078,-0.00024924473837018013,-0.004031383898109198,14.761762619018555
850,0.8508508801460266,80.30593872070312,-0.00024578566080890596,-0.003539605066180229,12.724587440490723
851,0.8518518805503845,80.37407684326172,-0.0002428340376354754,-0.003540270496159792,12.660003662109375
852,0.8528528809547424,80.44227600097656,-0.0002410301094641909,-0.0032263414468616247,11.292463302612305
853,0.8538538813591003,80.51052856445312,-0.00023711805988568813,-0.0036342269740998745,12.929874420166016
854,0.8548548817634583,80.57884216308594,-0.00023326725931838155,-0.004068896174430847,14.75439739227295
855,0.8558558821678162,80.647216796875,-0.0002327101246919483,-0.003682686947286129,13.105268478393555
856,0.8568568825721741,80.71565246582031,-0.0002327410620637238,-0.0034125098027288914,11.968514442443848
857,0.857857882976532,80.78413391113281,-0.00022948358673602343,-0.00404631532728672,14.689801216125488
858,0.8588588833808899,80.8526840209961,-0.00023322220658883452,-0.0035035237669944763,12.307233810424805
859,0.8598598837852478,80.92127990722656,-0.0002366307016927749,-0.003251443151384592,11.184852600097656
860,0.8608608841896057,80.98995208740234,-0.00023041856184136122,-0.004486449994146824,16.398178100585938
861,0.8618618845939636,81.05866241455078,-0.00023283598420675844,-0.004190308507531881,15.03032398223877
862,0.8628628849983215,81.12744903564453,-0.00023246668570209295,-0.004396594595164061,15.871013641357422
863,0.8638638854026794,81.19628143310547,-0.00023172225337475538,-0.004808316007256508,17.61232566833496
864,0.8648648858070374,81.26518249511719,-0.0002355871838517487,-0.004030143842101097,14.272907257080078
865,0.8658658862113953,81.3341293334961,-0.00023540145775768906,-0.004181377124041319,15.01115894317627
866,0.8668668866157532,81.40314483642578,-0.00023679138394072652,-0.003542087273672223,12.446897506713867
867,0.8678678870201111,81.47222137451172,-0.00023568356118630618,-0.0033673972357064486,11.870996475219727
868,0.868868887424469,81.54134368896484,-0.00023471568420063704,-0.0025289328768849373,8.459944725036621
869,0.8698698878288269,81.61053466796875,-0.00023228081408888102,-0.002228945028036833,7.337557792663574
870,0.8708708882331848,81.6797866821289,-0.00023058410442899913,-0.0015594610013067722,4.590296745300293
871,0.8718718886375427,81.74909210205078,-0.00023012259043753147,-0.0007184778805822134,1.0283472537994385
872,0.8728728890419006,81.81845092773438,-0.00022858734882902354,-0.0006465867045335472,0.7330255508422852
873,0.8738738894462585,81.88787078857422,-0.0002269922842970118,-0.0011576461838558316,2.968190908432007
874,0.8748748898506165,81.95735931396484,-0.00022762299340683967,-0.001565198297612369,4.7193074226379395
875,0.8758758902549744,82.02690887451172,-0.0002279165491927415,-0.00265576527453959,9.419454574584961
876,0.8768768906593323,82.09650421142578,-0.00022934898152016103,-0.0030608021188527346,11.053451538085938
877,0.8778778910636902,82.1661605834961,-0.00023056496866047382,-0.003336220281198621,12.197065353393555
878,0.8788788914680481,82.23587799072266,-0.00023168684856500477,-0.003485517343506217,12.902669906616211
879,0.879879891872406,82.30565643310547,-0.00023247479111887515,-0.0036282672081142664,13.645513534545898
880,0.8808808922767639,82.37548828125,-0.00023276057618204504,-0.003428667550906539,12.922381401062012
881,0.8818818926811218,82.44538116455078,-0.00023341894848272204,-0.00283102341927588,10.475682258605957
882,0.8828828930854797,82.51534271240234,-0.00023311088443733752,-0.002615903737023473,9.626779556274414
883,0.8838838934898376,82.58535766601562,-0.00023228221107274294,-0.0027028489857912064,10.05174446105957
884,0.8848848938941956,82.65543365478516,-0.00023115139629226178,-0.003247468965128064,12.418530464172363
885,0.8858858942985535,82.72557067871094,-0.00023180909920483828,-0.0032598599791526794,12.404829025268555
886,0.8868868947029114,82.7957534790039,-0.0002324253146070987,-0.003504639957100153,13.306346893310547
887,0.8878878951072693,82.86600494384766,-0.00023519183741882443,-0.0029827107209712267,10.913246154785156
888,0.8888888955116272,82.93631744384766,-0.00023663989850319922,-0.002841637935489416,10.193120956420898
889,0.8898898959159851,83.00669860839844,-0.00023892661556601524,-0.0023319791071116924,7.948824882507324
890,0.890890896320343,83.0771255493164,-0.00023735308786854148,-0.002806534990668297,9.888335227966309
891,0.8918918967247009,83.14761352539062,-0.00023615689133293927,-0.0031408900395035744,11.263713836669922
892,0.8928928971290588,83.21817016601562,-0.00023281158064492047,-0.0038527061697095633,14.2750244140625
893,0.8938938975334167,83.28878021240234,-0.0002340181526960805,-0.00357877928763628,13.112598419189453
894,0.8948948979377747,83.35945129394531,-0.00023370326380245388,-0.0035735860001295805,13.115144729614258
895,0.8958958983421326,83.43018341064453,-0.00023427032283507288,-0.003148231888189912,11.324795722961426
896,0.8968968987464905,83.5009765625,-0.0002338808699278161,-0.0024774642661213875,8.533134460449219
897,0.8978978991508484,83.57182312011719,-0.00023015917395241559,-0.0015311224851757288,4.566194534301758
898,0.8988988995552063,83.64273071289062,-0.00022920653282199055,-0.0018589053070172668,6.130183696746826
899,0.8998998999595642,83.71370697021484,-0.0002213842235505581,5.6268203479703516e-05,-2.2689547538757324
900,0.9009009003639221,83.78473663330078,-0.00022149212600197643,-0.0005871356115676463,0.7214653491973877
901,0.90190190076828,83.85582733154297,-0.00022389527293853462,-0.0012430953793227673,3.75943660736084
902,0.9029029011726379,83.9269790649414,-0.00022034648281987756,-0.00033584199263714254,-0.23482465744018555
903,0.9039039015769958,83.99818420410156,-0.00022570019064005464,-0.0013810328673571348,4.499753952026367
904,0.9049049019813538,84.06946563720703,-0.0002266024675918743,-0.001269100233912468,3.976691961288452
905,0.9059059023857117,84.14079284667969,-0.0002298605249961838,-0.0017869198927655816,6.180234432220459
906,0.9069069027900696,84.21219635009766,-0.00023097239318303764,-0.001012602704577148,2.7793631553649902
907,0.9079079031944275,84.28364562988281,-0.00023402032093144953,-0.0016461411723867059,5.493043899536133
908,0.9089089035987854,84.35516357421875,-0.00023418621276505291,-0.0010650906478986144,3.0183205604553223
909,0.9099099040031433,84.42674255371094,-0.00023096881341189146,-0.0003752576594706625,0.08872354030609131
910,0.9109109044075012,84.49837493896484,-0.00023085948487278074,-0.0007035681046545506,1.5717933177947998
911,0.9119119048118591,84.57007598876953,-0.00023211209918372333,-0.0013513769954442978,4.464962959289551
912,0.912912905216217,84.64183044433594,-0.00022715302475262433,-0.0007097102934494615,1.7711482048034668
913,0.913913905620575,84.71365356445312,-0.00022778625134378672,-0.0009997086599469185,3.1002204418182373
914,0.9149149060249329,84.78553009033203,-0.00022591461311094463,-0.000719727308023721,1.8839354515075684
915,0.9159159064292908,84.85746765136719,-0.00022853180416859686,-0.0012889329809695482,4.360384464263916
916,0.9169169068336487,84.92947387695312,-0.00022949257981963456,-0.0019389502704143524,7.142798900604248
917,0.9179179072380066,85.00153350830078,-0.0002260100591229275,-0.003322340315207839,13.167259216308594
918,0.9189189076423645,85.07366180419922,-0.0002229705423815176,-0.0035530112218111753,14.185768127441406
919,0.9199199080467224,85.1458511352539,-0.00022053321299608797,-0.003516168799251318,14.065091133117676
920,0.9209209084510803,85.21809387207031,-0.00021849028416909277,-0.0035822559148073196,14.415628433227539
921,0.9219219088554382,85.29039764404297,-0.00021814032515976578,-0.0030916789546608925,12.16123104095459
922,0.9229229092597961,85.3627700805664,-0.0002182678581448272,-0.0029333862476050854,11.429697036743164
923,0.923923909664154,85.43519592285156,-0.0002188054786529392,-0.0028163481038063765,10.879796981811523
924,0.924924910068512,85.50769805908203,-0.00021978234872221947,-0.0022874476853758097,8.485502243041992
925,0.9259259104728699,85.58024597167969,-0.00022066236124373972,-0.002273089252412319,8.471364974975586
926,0.9269269108772278,85.6528549194336,-0.00022053488646633923,-0.003180784173309803,12.604240417480469
927,0.9279279112815857,85.72554779052734,-0.0002212370454799384,-0.003233766881749034,12.847749710083008
928,0.9289289116859436,85.79827880859375,-0.00022150602308101952,-0.003394912462681532,13.568402290344238
929,0.9299299120903015,85.87108612060547,-0.00022233743220567703,-0.0033316612243652344,13.291340827941895
930,0.9309309124946594,85.9439468383789,-0.00022257558885030448,-0.003299867734313011,13.163844108581543
931,0.9319319128990173,86.01686096191406,-0.00022183923283591866,-0.003395035397261381,13.638190269470215
932,0.9329329133033752,86.08985137939453,-0.0002204536140197888,-0.0035576631780713797,14.423068046569824
933,0.9339339137077332,86.16289520263672,-0.00021903146989643574,-0.00378497620113194,15.510956764221191
934,0.9349349141120911,86.23600769042969,-0.00022099772468209267,-0.003360292874276638,13.597082138061523
935,0.935935914516449,86.3091812133789,-0.0002210890525020659,-0.0034213881008327007,13.868328094482422
936,0.9369369149208069,86.38240814208984,-0.00022324609744828194,-0.0030832698103040457,12.319984436035156
937,0.9379379153251648,86.45570373535156,-0.00022459558385889977,-0.002918803598731756,11.50318717956543
938,0.9389389157295227,86.52906799316406,-0.0002257716259919107,-0.0018958859145641327,6.884818077087402
939,0.9399399161338806,86.60248565673828,-0.00022327879560180008,-0.001028556958772242,2.9713213443756104
940,0.9409409165382385,86.67597198486328,-0.0002233631385024637,-0.0009900899603962898,2.751777172088623
941,0.9419419169425964,86.74951171875,-0.00022365876066032797,-0.001112978789024055,3.280876636505127
942,0.9429429173469543,86.82312774658203,-0.0002257035084767267,-0.002108442597091198,7.688814163208008
943,0.9439439177513123,86.89679718017578,-0.000225623429287225,-0.0024379361420869827,9.136970520019531
944,0.9449449181556702,86.97053527832031,-0.00022571625595446676,-0.0021427848841995,7.808590888977051
945,0.9459459185600281,87.04431915283203,-0.00022477077436633408,-0.0025627841241657734,9.656190872192383
946,0.946946918964386,87.11817932128906,-0.00022407827782444656,-0.0025178042706102133,9.450772285461426
947,0.9479479193687439,87.19210052490234,-0.00022199464729055762,-0.0030903660226613283,12.012907028198242
948,0.9489489793777466,87.2660903930664,-0.00022167469433043152,-0.0028233458288013935,10.800674438476562
949,0.9499499797821045,87.34013366699219,-0.00021780634415335953,-0.0035748218651860952,14.269272804260254
950,0.9509509801864624,87.41423797607422,-0.00021249843121040612,-0.004277556203305721,17.64781951904297
951,0.9519519805908203,87.48841094970703,-0.00021375645883381367,-0.0035541770048439503,14.441203117370605
952,0.9529529809951782,87.56263732910156,-0.0002099939010804519,-0.003965056035667658,16.594593048095703
953,0.9539539813995361,87.6369400024414,-0.00020662364840973169,-0.004442607518285513,19.155670166015625
954,0.954954981803894,87.71129608154297,-0.00020833230519201607,-0.0035300294402986765,15.013811111450195
955,0.955955982208252,87.78572845458984,-0.00020710132957901806,-0.0035720553714782,15.386849403381348
956,0.9569569826126099,87.86021423339844,-0.00020946624863427132,-0.002369773108512163,9.74804401397705
957,0.9579579830169678,87.93476104736328,-0.00020956166554242373,-0.0024498840793967247,10.22060775756836
958,0.9589589834213257,88.0093765258789,-0.0002099777921102941,-0.002726999344304204,11.601510047912598
959,0.9599599838256836,88.08405303955078,-0.00021033418306615204,-0.0026512998156249523,11.302879333496094
960,0.9609609842300415,88.1587905883789,-0.00020755990408360958,-0.0013930833665654063,5.352326393127441
961,0.9619619846343994,88.23359680175781,-0.000202075025299564,-0.0006245364784263074,1.5667879581451416
962,0.9629629850387573,88.30846405029297,-0.0002011728793149814,-0.0008463998674415052,2.5705785751342773
963,0.9639639854431152,88.38339233398438,-0.00019783427705988288,-0.00046642014058306813,0.5621678233146667
964,0.9649649858474731,88.45838165283203,-0.0001974520564544946,-0.0006196699687279761,1.23782217502594
965,0.965965986251831,88.53343963623047,-0.0001975679479073733,-0.0008542926516383886,2.3257875442504883
966,0.966966986656189,88.60856628417969,-0.0001971999299712479,-0.0005793405580334365,0.8659079074859619
967,0.9679679870605469,88.68374633789062,-0.00019777777197305113,-0.0010893844300881028,3.3713581562042236
968,0.9689689874649048,88.75899505615234,-0.00019907717069145292,-0.000693874666467309,1.3083550930023193
969,0.9699699878692627,88.83431243896484,-0.00020262044563423842,-3.07888985844329e-05,-2.0543079376220703
970,0.9709709882736206,88.90968322753906,-0.00020413543097674847,-8.640973828732967e-05,-1.7860260009765625
971,0.9719719886779785,88.98513793945312,-0.00020701692847069353,0.00039551715599372983,-4.108138561248779
972,0.9729729890823364,89.06063842773438,-0.00020721540204249322,0.00041530453017912805,-4.136688709259033
973,0.9739739894866943,89.13619995117188,-0.00020528619643300772,-4.279107815818861e-05,-1.8189053535461426
974,0.9749749898910522,89.21183776855469,-0.00020768697140738368,0.0009624629747122526,-6.576972007751465
975,0.9759759902954102,89.28753662109375,-0.00020486782887019217,0.0004749545769300312,-4.158953666687012
976,0.9769769906997681,89.36328887939453,-0.0002035773213719949,4.91670252813492e-05,-2.0611300468444824
977,0.977977991104126,89.43911743164062,-0.00020351255079731345,-1.5277757484000176e-05,-1.7916569709777832
978,0.9789789915084839,89.5150146484375,-0.00020325432706158608,-0.000828981981612742,2.1370978355407715
979,0.9799799919128418,89.59095764160156,-0.00020370401034597307,-0.000640284561086446,1.1022837162017822
980,0.9809809923171997,89.66697692871094,-0.00020418319036252797,-7.681567694817204e-06,-2.070972442626953
981,0.9819819927215576,89.7430648803711,-0.0002037167432717979,6.255962944123894e-05,-2.3928298950195312
982,0.9829829931259155,89.81920623779297,-0.00020417064661160111,-0.0014497718075290322,5.13907527923584
983,0.9839839935302734,89.89541625976562,-0.00020169730123598129,-0.0006415641400963068,1.3330578804016113
984,0.9849849939346313,89.97168731689453,-0.000198598179849796,0.00028558014309965074,-3.1402416229248047
985,0.9859859943389893,90.04803466796875,-0.00019825148046948016,-0.00032033168827183545,0.0903276801109314
986,0.9869869947433472,90.12445068359375,-0.00019805663032457232,-0.000485479598864913,1.0583873987197876
987,0.9879879951477051,90.20091247558594,-0.00019829865777865052,-0.000548174197319895,1.4485857486724854
988,0.988988995552063,90.27745819091797,-0.00019363898900337517,0.00048454885836690664,-3.802459955215454
989,0.9899899959564209,90.35404968261719,-0.00019319323473609984,0.0011265266221016645,-7.147426128387451
990,0.9909909963607788,90.43071746826172,-0.0001924950920511037,0.0010566005948930979,-6.836225986480713
991,0.9919919967651367,90.5074462890625,-0.00019548060663510114,-9.147812670562416e-05,-0.9284529685974121
992,0.9929929971694946,90.58423614501953,-0.0001923942327266559,0.0003557441814336926,-3.307272434234619
993,0.9939939975738525,90.6611099243164,-0.0001900323695736006,0.0006330521428026259,-4.915379047393799
994,0.9949949979782104,90.73802947998047,-0.0001886662357719615,0.0006361672421917319,-5.089371681213379
995,0.9959959983825684,90.81501770019531,-0.00018849081243388355,0.000251001154538244,-3.1671953201293945
996,0.9969969987869263,90.89208221435547,-0.00019103981321677566,-0.00042250609840266407,0.2909841537475586
997,0.9979979991912842,90.96920013427734,-0.00018708562129177153,0.00035043954267166555,-3.9093809127807617
998,0.9989989995956421,91.04638671875,-0.00018759394879452884,0.0001343194453511387,-2.854917049407959
999,1.0,91.12364959716797,-0.00019000883912667632,0.0009981004986912012,-7.521260738372803
