index,timestep,Diffusion_Coeff,Divergence,score,pos
0,0.0,39.05299377441406,-0.02555757761001587,-0.05089893937110901,1.2934108972549438
1,0.0010010009864345193,39.08612823486328,-0.025488419458270073,-0.0847686305642128,2.646230697631836
2,0.0020020019728690386,39.11929702758789,-0.024846980348229408,-0.1211419627070427,4.0370049476623535
3,0.0030030030757188797,39.15248489379883,-0.02521389164030552,-0.09971364587545395,3.1242003440856934
4,0.004004003945738077,39.185707092285156,-0.025448154658079147,-0.08753136545419693,2.609516143798828
5,0.005005004815757275,39.218955993652344,-0.025834068655967712,-0.06687209755182266,1.818637490272522
6,0.006006006151437759,39.25223159790039,-0.025442184880375862,-0.07858854532241821,2.327906608581543
7,0.007007007021456957,39.28553771972656,-0.026115667074918747,-0.04491718113422394,1.0950562953948975
8,0.008008007891476154,39.31887435913086,-0.026156047359108925,-0.03429272770881653,0.7736988067626953
9,0.009009009227156639,39.352237701416016,-0.02609575167298317,-0.021207889541983604,0.3356180191040039
10,0.01001000963151455,39.38562774658203,-0.02460092306137085,-0.059770286083221436,1.9388738870620728
11,0.011011010967195034,39.41904830932617,-0.024071624502539635,-0.05806771293282509,1.9888627529144287
12,0.012012012302875519,39.452491760253906,-0.025115881115198135,0.023178203031420708,-1.2174618244171143
13,0.013013012707233429,39.48596954345703,-0.02428269200026989,0.041974958032369614,-1.989642858505249
14,0.014014014042913914,39.51947021484375,-0.023754099383950233,0.009385705925524235,-0.6447153687477112
15,0.015015014447271824,39.55300521850586,-0.023018434643745422,0.0256486926227808,-1.3419185876846313
16,0.01601601578295231,39.58656692504883,-0.021008731797337532,0.051059164106845856,-2.5286619663238525
17,0.01701701618731022,39.620155334472656,-0.021382339298725128,0.019188644364476204,-1.0723764896392822
18,0.018018018454313278,39.653770446777344,-0.02089677006006241,0.0123489024117589,-0.7511853575706482
19,0.01901901885867119,39.68742370605469,-0.02022678777575493,0.012174973264336586,-0.7415158748626709
20,0.0200200192630291,39.721092224121094,-0.016910817474126816,0.04726351052522659,-2.6719441413879395
21,0.021021021530032158,39.754798889160156,-0.0160160344094038,0.045866336673498154,-2.712556838989258
22,0.022022021934390068,39.78852844238281,-0.013842929154634476,0.05416303873062134,-3.412741184234619
23,0.023023022338747978,39.82229232788086,-0.013713601976633072,0.047655604779720306,-3.104450225830078
24,0.024024024605751038,39.8560791015625,-0.00962757971137762,0.06411370635032654,-4.71269416809082
25,0.025025025010108948,39.889896392822266,-0.011978759430348873,0.045737870037555695,-3.300309419631958
26,0.026026025414466858,39.92374801635742,-0.012290870770812035,0.036415234208106995,-2.715402126312256
27,0.027027025818824768,39.95762252807617,-0.010317256674170494,0.04514143243432045,-3.657538890838623
28,0.028028028085827827,39.99152755737305,-0.01219931710511446,0.025660589337348938,-2.0636496543884277
29,0.029029028490185738,40.02545928955078,-0.009250587783753872,0.0443342849612236,-3.9030966758728027
30,0.030030028894543648,40.05942153930664,-0.00967499427497387,0.03996395319700241,-3.5453081130981445
31,0.031031031161546707,40.093414306640625,-0.010945898480713367,0.028189441189169884,-2.5134196281433105
32,0.03203203156590462,40.1274299621582,-0.00888722762465477,0.03993158042430878,-3.7958524227142334
33,0.03303303197026253,40.16147994995117,-0.0074859485030174255,0.0450829453766346,-4.522514343261719
34,0.03403403237462044,40.195556640625,-0.00882282666862011,0.03785927966237068,-3.724994659423828
35,0.03503503277897835,40.22966384887695,-0.006457291077822447,0.04657721891999245,-4.9860053062438965
36,0.036036036908626556,40.263797760009766,-0.006672459654510021,0.04351836070418358,-4.804436683654785
37,0.03703703731298447,40.29795837402344,-0.008467262610793114,0.032676130533218384,-3.5795021057128906
38,0.03803803771734238,40.3321533203125,-0.010214796289801598,0.013386775739490986,-1.6354023218154907
39,0.03903903812170029,40.36637878417969,-0.01066435407847166,-0.00010798726725624874,-0.38065481185913086
40,0.0400400385260582,40.40062713623047,-0.01053369976580143,-0.00510404771193862,0.0680137425661087
41,0.04104103893041611,40.434906005859375,-0.010079978033900261,-0.004025439266115427,-0.06538581848144531
42,0.042042043060064316,40.469215393066406,-0.010105645284056664,-0.025264402851462364,2.023115873336792
43,0.043043043464422226,40.50355529785156,-0.00952797383069992,-0.014738128520548344,0.9620025753974915
44,0.044044043868780136,40.53792190551758,-0.009047595784068108,-0.0071097612380981445,0.11577779054641724
45,0.045045044273138046,40.572322845458984,-0.00853639841079712,0.0010144622065126896,-0.8425590991973877
46,0.046046044677495956,40.606746673583984,-0.008427735418081284,0.00028417835710570216,-0.792442798614502
47,0.04704704508185387,40.641197204589844,-0.00867292657494545,-0.008844471536576748,0.2497638463973999
48,0.048048049211502075,40.67568588256836,-0.008753495290875435,-0.020562732592225075,1.5854430198669434
49,0.049049049615859985,40.71019744873047,-0.008292414247989655,-0.006519159767776728,-0.0739145278930664
50,0.050050050020217896,40.7447395324707,-0.008280541747808456,-0.01738532818853855,1.2025178670883179
51,0.051051050424575806,40.77931213378906,-0.007843760773539543,-0.023201586678624153,1.929399847984314
52,0.052052050828933716,40.81391143798828,-0.007163232192397118,-0.005664209835231304,-0.438800185918808
53,0.053053051233291626,40.84854507446289,-0.006818513385951519,-0.006090965587645769,-0.5050438046455383
54,0.054054051637649536,40.88320541381836,-0.006699548102915287,-0.012592220678925514,0.36443328857421875
55,0.055055055767297745,40.91789627075195,-0.006467640865594149,-0.016071809455752373,0.8016786575317383
56,0.056056056171655655,40.952613830566406,-0.006259305402636528,-0.020295551046729088,1.4164172410964966
57,0.057057056576013565,40.987361907958984,-0.006034545600414276,-0.011543689295649529,-0.030327320098876953
58,0.058058056980371475,41.02214431762695,-0.005345439538359642,0.0006245665717869997,-2.1672844886779785
59,0.059059057384729385,41.056949615478516,-0.005535665433853865,-0.004467925056815147,-1.2527133226394653
60,0.060060057789087296,41.0917854309082,-0.005384381394833326,-0.004761861637234688,-1.15553879737854
61,0.061061061918735504,41.12665557861328,-0.0054626911878585815,-0.010145486332476139,-0.04118669033050537
62,0.062062062323093414,41.16154479980469,-0.0051739756017923355,-0.006292078644037247,-0.5991156101226807
63,0.06306306272745132,41.19647216796875,-0.005512926261872053,-0.02088659256696701,2.264287233352661
64,0.06406406313180923,41.23143005371094,-0.005381402093917131,-0.015843667089939117,1.4596459865570068
65,0.06506506353616714,41.266414642333984,-0.0050696879625320435,-0.010495880618691444,0.44346484541893005
66,0.06606606394052505,41.301429748535156,-0.004749402403831482,-0.007211744785308838,-0.29746946692466736
67,0.06706706434488297,41.33647537231445,-0.004689555149525404,-0.009898034855723381,0.1342487335205078
68,0.06806806474924088,41.37154769897461,-0.004373732954263687,-0.009468222968280315,-0.15628445148468018
69,0.06906906515359879,41.406654357910156,-0.004047871101647615,-0.008291271515190601,-0.6673330068588257
70,0.0700700655579567,41.44178771972656,-0.004001729190349579,-0.01407937053591013,0.5453176498413086
71,0.0710710734128952,41.476951599121094,-0.003783097257837653,-0.014561761170625687,0.5352432727813721
72,0.07207207381725311,41.512142181396484,-0.003602712182328105,-0.022428255528211594,2.635956048965454
73,0.07307307422161102,41.547367095947266,-0.003423395100980997,-0.021953746676445007,2.6057536602020264
74,0.07407407462596893,41.582618713378906,-0.003311858745291829,-0.02132643200457096,2.5283148288726807
75,0.07507507503032684,41.61790466308594,-0.003313070861622691,-0.017903432250022888,1.5578155517578125
76,0.07607607543468475,41.65321731567383,-0.003344243159517646,-0.015549714677035809,0.9150474071502686
77,0.07707707583904266,41.688560485839844,-0.003372910898178816,-0.01945660635828972,2.1199731826782227
78,0.07807807624340057,41.72393035888672,-0.0033772545866668224,-0.02224583551287651,2.973331928253174
79,0.07907907664775848,41.75933074951172,-0.0034180949442088604,-0.016257269307971,1.248757243156433
80,0.0800800770521164,41.794769287109375,-0.003323866054415703,-0.014023675583302975,0.5638071894645691
81,0.0810810774564743,41.830230712890625,-0.003234336618334055,-0.015200577676296234,0.8291443586349487
82,0.08208207786083221,41.865726470947266,-0.0031535136513412,-0.016654621809720993,1.1853325366973877
83,0.08308307826519012,41.9012451171875,-0.003055937122553587,-0.013196689076721668,-0.06894594430923462
84,0.08408408612012863,41.93680191040039,-0.0029470559675246477,-0.010782260447740555,-0.9972742199897766
85,0.08508508652448654,41.97238540649414,-0.002990586217492819,-0.01394489873200655,0.018642961978912354
86,0.08608608692884445,42.00799560546875,-0.002916143974289298,-0.010886536911129951,-0.9953834414482117
87,0.08708708733320236,42.043643951416016,-0.002794907195493579,-0.009473763406276703,-1.5332729816436768
88,0.08808808773756027,42.079315185546875,-0.0028463820926845074,-0.013177345506846905,-0.24934935569763184
89,0.08908908814191818,42.115020751953125,-0.0027831329498440027,-0.014765593223273754,0.33129245042800903
90,0.09009008854627609,42.1507568359375,-0.002739168470725417,-0.01667102985084057,1.1070775985717773
91,0.091091088950634,42.186519622802734,-0.0026895576156675816,-0.019249215722084045,2.1776223182678223
92,0.09209208935499191,42.22231674194336,-0.0025955538731068373,-0.021169137209653854,3.0489444732666016
93,0.09309308975934982,42.258140563964844,-0.0025620320811867714,-0.01912705786526203,2.390066146850586
94,0.09409409016370773,42.29399490356445,-0.002472904045134783,-0.01955607533454895,2.680495023727417
95,0.09509509056806564,42.32988739013672,-0.0024059019051492214,-0.015240028500556946,1.0204839706420898
96,0.09609609842300415,42.36580276489258,-0.0021831197664141655,-0.011058596894145012,-0.7823622226715088
97,0.09709709882736206,42.40175247192383,-0.0018158524762839079,-0.007492504548281431,-2.643048048019409
98,0.09809809923171997,42.4377326965332,-0.0017400513170287013,-0.007368320599198341,-2.905198812484741
99,0.09909909963607788,42.473731994628906,-0.00154410139657557,-0.006679731421172619,-3.632235050201416
100,0.10010010004043579,42.5097770690918,-0.001632041297852993,-0.00804562121629715,-3.0674571990966797
101,0.1011011004447937,42.545841217041016,-0.0016416951548308134,-0.008585483767092228,-2.919603109359741
102,0.10210210084915161,42.58195114135742,-0.0016017700545489788,-0.008557634428143501,-3.0674004554748535
103,0.10310310125350952,42.618080139160156,-0.001736287958920002,-0.010388171300292015,-2.04994535446167
104,0.10410410165786743,42.65423583984375,-0.0018701290246099234,-0.014055629260838032,-0.08291339874267578
105,0.10510510206222534,42.6904296875,-0.0018035420216619968,-0.012285983189940453,-1.1746231317520142
106,0.10610610246658325,42.726654052734375,-0.0016638592351227999,-0.01044752262532711,-2.4025020599365234
107,0.10710710287094116,42.762908935546875,-0.0017790459096431732,-0.014378098770976067,-0.4034566879272461
108,0.10810810327529907,42.799190521240234,-0.0017200876027345657,-0.015738913789391518,0.20560890436172485
109,0.10910911113023758,42.83551025390625,-0.0016591829480603337,-0.01729574427008629,1.081019639968872
110,0.11011011153459549,42.871856689453125,-0.0014823849778622389,-0.020648403093218803,3.2810356616973877
111,0.1111111119389534,42.90822982788086,-0.0012947507202625275,-0.022841863334178925,5.0103230476379395
112,0.11211211234331131,42.94463348388672,-0.0013406153302639723,-0.022135643288493156,4.781344890594482
113,0.11311311274766922,42.9810791015625,-0.001422882080078125,-0.02086077444255352,4.263421535491943
114,0.11411411315202713,43.017547607421875,-0.0013620713725686073,-0.021175898611545563,4.958350658416748
115,0.11511511355638504,43.054054260253906,-0.0011955718509852886,-0.02202090248465538,6.2594380378723145
116,0.11611611396074295,43.090579986572266,-0.0013273392105475068,-0.01980593055486679,4.951617240905762
117,0.11711711436510086,43.127140045166016,-0.0013539274223148823,-0.018145587295293808,4.0616774559021
118,0.11811811476945877,43.16373825073242,-0.0012580889742821455,-0.018933741375803947,4.891720771789551
119,0.11911911517381668,43.20035934448242,-0.0011849955189973116,-0.01957537606358528,5.5167012214660645
120,0.12012011557817459,43.23701477050781,-0.0008131085196509957,-0.02220533974468708,8.11413288116455
121,0.1211211159825325,43.27370834350586,-0.000688756990712136,-0.022097749635577202,8.445316314697266
122,0.12212212383747101,43.3104248046875,-0.0006696829805150628,-0.021473702043294907,8.10948371887207
123,0.12312312424182892,43.34716796875,-0.0007617588271386921,-0.020358463749289513,6.981531620025635
124,0.12412412464618683,43.38395309448242,-0.0007475428283214569,-0.019782662391662598,6.613394260406494
125,0.12512512505054474,43.42076110839844,-0.0007716340478509665,-0.018967488780617714,5.943671703338623
126,0.12612612545490265,43.45760726928711,-0.000836667139083147,-0.017795341089367867,4.76909875869751
127,0.12712712585926056,43.494476318359375,-0.0008783634984865785,-0.01681266538798809,3.7928624153137207
128,0.12812812626361847,43.5313835144043,-0.0009357571834698319,-0.0153739545494318,2.2904927730560303
129,0.12912912666797638,43.56832504272461,-0.0008746094536036253,-0.016479168087244034,3.5594561100006104
130,0.1301301270723343,43.605289459228516,-0.0009331349283456802,-0.015548893250524998,2.5503406524658203
131,0.1311311274766922,43.64228820800781,-0.0008893297635950148,-0.01663971319794655,3.74519419670105
132,0.1321321278810501,43.679317474365234,-0.0009805418085306883,-0.013992022722959518,0.9761104583740234
133,0.13313312828540802,43.71638107299805,-0.000964369741268456,-0.013704918324947357,0.7293455600738525
134,0.13413412868976593,43.753475189208984,-0.0009106131037697196,-0.011748716235160828,-1.328165054321289
135,0.13513512909412384,43.79059600830078,-0.0008222692413255572,-0.010474786162376404,-2.75302791595459
136,0.13613612949848175,43.827762603759766,-0.0008016282226890326,-0.010677787475287914,-2.4151220321655273
137,0.13713712990283966,43.86494445800781,-0.0007562459795735776,-0.009899768978357315,-3.288280963897705
138,0.13813813030719757,43.902164459228516,-0.0007728165946900845,-0.01088417787104845,-1.862018346786499
139,0.13913913071155548,43.93941879272461,-0.0007701993454247713,-0.013017915189266205,1.0333435535430908
140,0.1401401311159134,43.9766960144043,-0.000763402902521193,-0.01069673616439104,-1.8734006881713867
141,0.1411411464214325,44.014015197753906,-0.000723977864254266,-0.009279422461986542,-3.6640841960906982
142,0.1421421468257904,44.051361083984375,-0.0007351564709097147,-0.009490514174103737,-3.2269439697265625
143,0.14314314723014832,44.08873748779297,-0.0007069939747452736,-0.008749771863222122,-4.167936325073242
144,0.14414414763450623,44.12614822387695,-0.0007573212496936321,-0.01003754511475563,-2.332221031188965
145,0.14514514803886414,44.1635856628418,-0.0007300676661543548,-0.009353205561637878,-3.2062273025512695
146,0.14614614844322205,44.20106506347656,-0.0007561662350781262,-0.010433216579258442,-1.727168083190918
147,0.14714714884757996,44.238563537597656,-0.0007463691290467978,-0.010835228487849236,-1.1713080406188965
148,0.14814814925193787,44.27610778808594,-0.0007236936362460256,-0.010730850510299206,-1.3431310653686523
149,0.14914914965629578,44.31366729736328,-0.0007029802072793245,-0.010242022573947906,-2.127009868621826
150,0.1501501500606537,44.35126876831055,-0.0006879940629005432,-0.009356589056551456,-3.597909688949585
151,0.1511511504650116,44.38890075683594,-0.0006840762216597795,-0.010680538602173328,-1.9356271028518677
152,0.1521521508693695,44.426570892333984,-0.0006807349855080247,-0.010802730917930603,-2.0134739875793457
153,0.15315315127372742,44.464263916015625,-0.0006730279419571161,-0.011528253555297852,-1.1656345129013062
154,0.15415415167808533,44.50199508666992,-0.0006943151820451021,-0.010547347366809845,-2.7735509872436523
155,0.15515515208244324,44.53975296020508,-0.0006979249883443117,-0.01083328202366829,-2.4157230854034424
156,0.15615615248680115,44.57754898071289,-0.000707367667928338,-0.010096692480146885,-3.414712905883789
157,0.15715715289115906,44.6153678894043,-0.0007117222994565964,-0.01033029705286026,-2.9412357807159424
158,0.15815815329551697,44.653228759765625,-0.0007090640719980001,-0.011242041364312172,-1.4717251062393188
159,0.15915915369987488,44.69111251831055,-0.0006977663142606616,-0.011796314269304276,-0.44977104663848877
160,0.1601601541042328,44.72903823852539,-0.0006766769802197814,-0.012152467854321003,0.3781315088272095
161,0.1611611545085907,44.76698684692383,-0.0006889490177854896,-0.011046139523386955,-0.9504786729812622
162,0.1621621549129486,44.804969787597656,-0.0006825769669376314,-0.010378142818808556,-1.712899923324585
163,0.16316315531730652,44.842987060546875,-0.0006792467320337892,-0.010144844651222229,-1.938571572303772
164,0.16416415572166443,44.88103485107422,-0.0006746132858097553,-0.01023063063621521,-1.7923715114593506
165,0.16516515612602234,44.91912078857422,-0.0006612759316340089,-0.011214799247682095,-0.27826666831970215
166,0.16616615653038025,44.95723342895508,-0.0006274697952903807,-0.011908646672964096,0.9013103246688843
167,0.16716717183589935,44.99538040161133,-0.0005470492178574204,-0.012953105382621288,2.8011395931243896
168,0.16816817224025726,45.03356170654297,-0.00040327172609977424,-0.013905112631618977,4.945794582366943
169,0.16916917264461517,45.071773529052734,-0.00037371236248873174,-0.013848017901182175,4.94449520111084
170,0.17017017304897308,45.110015869140625,-0.0003402071015443653,-0.01383515540510416,4.958487033843994
171,0.171171173453331,45.14828872680664,-0.0003213651943951845,-0.013728940859436989,4.735584735870361
172,0.1721721738576889,45.18659973144531,-0.00019582465756684542,-0.014049421064555645,6.125838756561279
173,0.17317317426204681,45.22494125366211,-0.00024120829766616225,-0.013739576563239098,5.1320624351501465
174,0.17417417466640472,45.2633171081543,-0.00025994947645813227,-0.01340384129434824,4.496860504150391
175,0.17517517507076263,45.30172348022461,-0.00028222904074937105,-0.012878951616585255,3.7006521224975586
176,0.17617617547512054,45.34016036987305,-0.00029058923246338964,-0.012402373366057873,3.2303855419158936
177,0.17717717587947845,45.37863540649414,-0.00039864395512267947,-0.01130007766187191,0.8435160517692566
178,0.17817817628383636,45.41713333129883,-0.0003987265517935157,-0.011131169274449348,0.83748459815979
179,0.17917917668819427,45.45567321777344,-0.0004024255904369056,-0.011127008125185966,0.8876543045043945
180,0.18018017709255219,45.49424362182617,-0.0004823405761271715,-0.010323570109903812,-1.003029227256775
181,0.1811811774969101,45.53284454345703,-0.0004435412120074034,-0.011120771057903767,0.6360790729522705
182,0.182182177901268,45.571475982666016,-0.000449709827080369,-0.011324196122586727,1.017117977142334
183,0.18318317830562592,45.610145568847656,-0.0003654175088740885,-0.012353142723441124,3.5012052059173584
184,0.18418417870998383,45.64884567260742,-0.00042120253783650696,-0.01190173625946045,2.3655998706817627
185,0.18518517911434174,45.68758010864258,-0.0005040633259341121,-0.010865898802876472,0.17761659622192383
186,0.18618617951869965,45.726348876953125,-0.00039200729224830866,-0.01232382096350193,3.4497873783111572
187,0.18718717992305756,45.76514434814453,-0.00039321472286246717,-0.012386205606162548,3.6552176475524902
188,0.18818818032741547,45.803977966308594,-0.0004252466023899615,-0.012208851054310799,3.2859208583831787
189,0.18918918073177338,45.84284210205078,-0.00039724542875774205,-0.012532901018857956,4.1516923904418945
190,0.1901901811361313,45.881744384765625,-0.000269574171397835,-0.013286647386848927,6.484132766723633
191,0.1911911815404892,45.92066955566406,-6.80283410474658e-05,-0.013851635158061981,9.486221313476562
192,0.1921921968460083,45.95963668823242,-2.7738806238630787e-05,-0.013955789618194103,10.077914237976074
193,0.1931931972503662,45.99863052368164,8.066932423389517e-06,-0.01406396646052599,10.612664222717285
194,0.19419419765472412,46.037662506103516,6.0267633671173826e-05,-0.014087576419115067,11.427812576293945
195,0.19519519805908203,46.07672882080078,4.268542033969425e-05,-0.014118697494268417,11.202927589416504
196,0.19619619846343994,46.115821838378906,0.00025546789402142167,-0.013667559251189232,14.42855453491211
197,0.19719719886779785,46.15495300292969,7.585293496958911e-05,-0.014103640802204609,12.005334854125977
198,0.19819819927215576,46.194114685058594,0.00022237381199374795,-0.013813583180308342,14.030465126037598
199,0.19919919967651367,46.23331069946289,7.852135604480281e-05,-0.014031614176928997,12.2794189453125
200,0.20020020008087158,46.27254104614258,3.842165460810065e-05,-0.014019270427525043,11.757615089416504
201,0.2012012004852295,46.31180191040039,-2.3021570086712018e-05,-0.013974066823720932,10.886382102966309
202,0.2022022008895874,46.35110092163086,-1.3739921996602789e-05,-0.013899130746722221,10.87513542175293
203,0.2032032012939453,46.39043045043945,-0.00021967610518913716,-0.013420305214822292,7.406203269958496
204,0.20420420169830322,46.42979049682617,-0.00026911438908427954,-0.013109608553349972,6.186030387878418
205,0.20520520210266113,46.46918487548828,-8.937968959799036e-05,-0.013603576458990574,8.881293296813965
206,0.20620620250701904,46.50861740112305,-0.0002382085076533258,-0.013175508938729763,6.1973371505737305
207,0.20720720291137695,46.54807662963867,-0.00020954447973053902,-0.013253227807581425,6.525887489318848
208,0.20820820331573486,46.58757400512695,-0.00013198568194638938,-0.013387071900069714,7.70133113861084
209,0.20920920372009277,46.62710189819336,-4.628184251487255e-05,-0.013320370577275753,9.107704162597656
210,0.21021020412445068,46.666664123535156,-0.00012201759091112763,-0.01304807048290968,7.937875747680664
211,0.2112112045288086,46.706260681152344,-7.249462942127138e-05,-0.012991814874112606,9.00489330291748
212,0.2122122049331665,46.74589157104492,2.3495376808568835e-05,-0.012926983647048473,11.051864624023438
213,0.21321320533752441,46.78555679321289,-3.0277331461547874e-05,-0.012835314497351646,10.189985275268555
214,0.21421420574188232,46.825252532958984,4.473352964851074e-05,-0.012772896327078342,11.627801895141602
215,0.21521520614624023,46.864990234375,4.1526251152390614e-05,-0.012742348946630955,11.594626426696777
216,0.21621620655059814,46.90475082397461,-2.23683709918987e-05,-0.012778829783201218,10.51982307434082
217,0.21721720695495605,46.94455337524414,0.00015523693582508713,-0.012642748653888702,13.55126953125
218,0.21821822226047516,46.98438262939453,-2.5727857064339332e-05,-0.012893696315586567,10.408628463745117
219,0.21921922266483307,47.024253845214844,3.908988583134487e-05,-0.012890221551060677,11.502876281738281
220,0.22022022306919098,47.064151763916016,5.096082531963475e-05,-0.01272822916507721,11.766097068786621
221,0.2212212234735489,47.104087829589844,1.0821147952810861e-05,-0.012509285472333431,10.985639572143555
222,0.2222222238779068,47.14405059814453,8.747426909394562e-05,-0.012119639664888382,13.00986099243164
223,0.2232232242822647,47.18405532836914,7.517058111261576e-05,-0.011858448386192322,13.164691925048828
224,0.22422422468662262,47.22409439086914,5.046706792199984e-05,-0.011713945306837559,12.876920700073242
225,0.22522522509098053,47.264163970947266,5.4597825510427356e-05,-0.011563032865524292,13.479872703552246
226,0.22622622549533844,47.304264068603516,2.7526684789336286e-05,-0.011531571857631207,12.847426414489746
227,0.22722722589969635,47.34440231323242,-2.4839366233209148e-05,-0.011519684456288815,11.30176830291748
228,0.22822822630405426,47.384578704833984,1.2355564649624284e-05,-0.011572364717721939,12.300865173339844
229,0.22922922670841217,47.424781799316406,-2.94083401968237e-05,-0.011677064001560211,10.948938369750977
230,0.23023022711277008,47.465023040771484,-1.2537865586637054e-05,-0.011788159608840942,11.259382247924805
231,0.231231227517128,47.50529479980469,-2.922267231042497e-05,-0.011818134225904942,10.804337501525879
232,0.2322322279214859,47.54560470581055,-9.038658754434437e-05,-0.01171211525797844,9.426115036010742
233,0.2332332283258438,47.58594512939453,1.9165949197486043e-05,-0.011725536547601223,11.86278247833252
234,0.23423422873020172,47.62632369995117,-8.313216676469892e-05,-0.011493191123008728,9.398984909057617
235,0.23523522913455963,47.6667366027832,-2.118702104780823e-05,-0.011379665695130825,10.955336570739746
236,0.23623622953891754,47.707176208496094,-1.589329622220248e-05,-0.01120139192789793,11.27005386352539
237,0.23723722994327545,47.74766540527344,3.4287961170775816e-05,-0.011046369560062885,13.373817443847656
238,0.23823823034763336,47.788177490234375,3.5900930015486665e-06,-0.010968909598886967,12.252527236938477
239,0.23923923075199127,47.8287239074707,-7.045331585686654e-06,-0.010878409259021282,12.069602012634277
240,0.24024023115634918,47.86930847167969,-2.4218739781645127e-05,-0.010786549188196659,11.738953590393066
241,0.2412412315607071,47.9099235534668,-2.8483904316090047e-05,-0.010714646428823471,12.049711227416992
242,0.242242231965065,47.95058059692383,-9.692057210486382e-05,-0.01048963237553835,9.616786003112793
243,0.2432432323694229,47.99126052856445,-0.0001195536315208301,-0.010400323197245598,8.938413619995117
244,0.24424424767494202,48.031982421875,-4.635642108041793e-05,-0.010701123625040054,11.673141479492188
245,0.24524524807929993,48.07273864746094,-9.415880413143896e-07,-0.01089488435536623,13.126256942749023
246,0.24624624848365784,48.113529205322266,-2.028649214480538e-05,-0.01107847224920988,11.863225936889648
247,0.24724724888801575,48.154354095458984,-2.4814227799652144e-05,-0.011279279366135597,11.56473159790039
248,0.24824824929237366,48.19520950317383,3.36921657435596e-05,-0.011445708572864532,13.02604866027832
249,0.24924924969673157,48.236106872558594,-1.4542360077030025e-05,-0.011592775583267212,11.820045471191406
250,0.2502502501010895,48.277034759521484,2.8253212803974748e-05,-0.011734922416508198,12.703582763671875
251,0.2512512505054474,48.317996978759766,-4.4999862438999116e-05,-0.011805246584117413,11.012558937072754
252,0.2522522509098053,48.35899353027344,-1.3596307326224633e-05,-0.011718414723873138,11.672054290771484
253,0.2532532513141632,48.40003204345703,-0.0001295159599976614,-0.011243843473494053,9.048420906066895
254,0.2542542517185211,48.44109344482422,-8.23759037302807e-05,-0.011069023050367832,10.405757904052734
255,0.25525525212287903,48.48219680786133,-8.28499614726752e-05,-0.01082628034055233,10.825701713562012
256,0.25625625252723694,48.52333450317383,-5.939722541370429e-05,-0.010729262605309486,12.403131484985352
257,0.25725725293159485,48.564510345458984,-6.944063352420926e-05,-0.010594015009701252,12.543220520019531
258,0.25825825333595276,48.605712890625,-4.0464510675519705e-05,-0.010673015378415585,16.136001586914062
259,0.25925925374031067,48.64695739746094,-4.8275273002218455e-05,-0.01073360349982977,18.67918586730957
260,0.2602602541446686,48.688236236572266,-5.029947351431474e-05,-0.010646640323102474,17.981430053710938
261,0.2612612545490265,48.729549407958984,-4.468081169761717e-05,-0.010589530691504478,17.980785369873047
262,0.2622622549533844,48.770896911621094,-3.687589196488261e-05,-0.01051274873316288,16.083396911621094
263,0.2632632553577423,48.812278747558594,-3.5925928386859596e-05,-0.010542456991970539,15.712213516235352
264,0.2642642557621002,48.85369110107422,-3.0479943234240636e-05,-0.010582908987998962,15.881115913391113
265,0.26526525616645813,48.895145416259766,-2.3478449293179438e-05,-0.010614934377372265,16.350704193115234
266,0.26626625657081604,48.93663787841797,-1.9536109903128818e-05,-0.010649999603629112,16.80375862121582
267,0.26726725697517395,48.97815704345703,-4.9039274017559364e-05,-0.010581379756331444,14.498616218566895
268,0.26826825737953186,49.01971435546875,-6.7488981585484e-05,-0.01052490808069706,13.881497383117676
269,0.26926925778388977,49.061309814453125,-7.905914389993995e-05,-0.010489881969988346,14.106793403625488
270,0.2702702581882477,49.10293960571289,-7.590404129587114e-05,-0.010593255050480366,16.03537368774414
271,0.2712712585926056,49.14460754394531,-9.942515316652134e-05,-0.01050957478582859,15.412140846252441
272,0.2722722589969635,49.18630599975586,-0.00012798994430340827,-0.01035008579492569,14.33968734741211
273,0.2732732594013214,49.2280387878418,-0.0001561366079840809,-0.01013906393200159,13.131043434143066
274,0.2742742598056793,49.26980972290039,-0.00017907365690916777,-0.009915713220834732,12.061127662658691
275,0.27527526021003723,49.31161880493164,-0.00017791701247915626,-0.009997104294598103,12.746545791625977
276,0.27627626061439514,49.35345458984375,-0.00016233268252108246,-0.010446364991366863,15.617849349975586
277,0.27727726101875305,49.39533233642578,-0.00016502002836205065,-0.010316812433302402,15.00928020477295
278,0.27827826142311096,49.4372444152832,-0.00016846589278429747,-0.010143531486392021,14.06671142578125
279,0.27927926182746887,49.479190826416016,-0.00017477171786595136,-0.01003535371273756,13.397205352783203
280,0.2802802622318268,49.52117156982422,-0.00016789909568615258,-0.010184726677834988,14.123601913452148
281,0.2812812626361847,49.56319046020508,-0.00016011898696888238,-0.010581977665424347,16.2551326751709
282,0.282282292842865,49.60525131225586,-0.0001645110605750233,-0.010891776531934738,17.755800247192383
283,0.2832832932472229,49.6473388671875,-0.00017459971422795206,-0.011235588230192661,19.363502502441406
284,0.2842842936515808,49.6894645690918,-0.00018403312424197793,-0.011467757634818554,20.320402145385742
285,0.2852852940559387,49.73162841796875,-0.0001828885724535212,-0.010863165371119976,16.88889503479004
286,0.28628629446029663,49.77382278442383,-0.00019006343791261315,-0.011354568414390087,19.66486358642578
287,0.28728729486465454,49.81605911254883,-0.00019021189655177295,-0.011365221813321114,20.113189697265625
288,0.28828829526901245,49.85832595825195,-0.00018220666970591992,-0.011166802607476711,19.49976348876953
289,0.28928929567337036,49.900630950927734,-0.00018153814016841352,-0.011219572275876999,20.205453872680664
290,0.29029029607772827,49.94297409057617,-0.0001823879429139197,-0.011180280707776546,20.305370330810547
291,0.2912912964820862,49.985355377197266,-0.00018211740825790912,-0.010997382923960686,19.439172744750977
292,0.2922922968864441,50.02776336669922,-0.00018013124645221978,-0.01055314764380455,17.102264404296875
293,0.293293297290802,50.07020950317383,-0.0001836329320212826,-0.010475430637598038,16.76677703857422
294,0.2942942976951599,50.11269760131836,-0.0001844747457653284,-0.010273296386003494,15.822166442871094
295,0.2952952980995178,50.155216217041016,-0.00018535510753281415,-0.009925979189574718,14.152151107788086
296,0.29629629850387573,50.197776794433594,-0.00018756711506284773,-0.009804395027458668,13.69240951538086
297,0.29729729890823364,50.2403678894043,-0.0002038727980107069,-0.009207351133227348,10.814102172851562
298,0.29829829931259155,50.282997131347656,-0.0002211193786934018,-0.008887174539268017,9.408309936523438
299,0.29929929971694946,50.32566452026367,-0.0002171179512515664,-0.008992457762360573,9.96511173248291
300,0.3003003001213074,50.36836242675781,-0.00022019192692823708,-0.009087394922971725,10.54281997680664
301,0.3013013005256653,50.41109848022461,-0.00025852303951978683,-0.008511860854923725,8.420275688171387
302,0.3023023009300232,50.45387649536133,-0.000276553793810308,-0.008315821178257465,8.09324836730957
303,0.3033033013343811,50.49668502807617,-0.00027195271104574203,-0.008657386526465416,9.65146541595459
304,0.304304301738739,50.53953552246094,-0.00028047891100868583,-0.008616351522505283,9.708667755126953
305,0.3053053021430969,50.58241653442383,-0.00029065844137221575,-0.008346266113221645,8.834299087524414
306,0.30630630254745483,50.625335693359375,-0.0002867442381102592,-0.008439626544713974,9.054900169372559
307,0.30730730295181274,50.66829299926758,-0.0002759082126431167,-0.008636693470180035,9.636119842529297
308,0.30830830335617065,50.71128463745117,-0.0002817036001943052,-0.008295225910842419,8.335592269897461
309,0.30930930376052856,50.754310607910156,-0.00028630695305764675,-0.008023337461054325,7.3871564865112305
310,0.3103103041648865,50.79737854003906,-0.00027300085639581084,-0.008311424404382706,8.500849723815918
311,0.3113113045692444,50.840476989746094,-0.0002706584637053311,-0.00830723624676466,8.582380294799805
312,0.3123123049736023,50.88361358642578,-0.00024922448210418224,-0.00876020360738039,10.394126892089844
313,0.3133133053779602,50.92679214477539,-0.00026847608387470245,-0.008266633376479149,8.442405700683594
314,0.3143143057823181,50.97000503540039,-0.00024963082978501916,-0.008574195206165314,9.537592887878418
315,0.315315306186676,51.01325225830078,-0.00025888753589242697,-0.008355400525033474,8.562576293945312
316,0.31631630659103394,51.056541442871094,-0.00023374355805572122,-0.008766265586018562,10.059625625610352
317,0.31731730699539185,51.099857330322266,-0.000233440674492158,-0.008775794878602028,9.899507522583008
318,0.31831830739974976,51.14321517944336,-0.0002214314299635589,-0.008997821249067783,10.629561424255371
319,0.31931930780410767,51.186614990234375,-0.0002383904211455956,-0.008731067180633545,9.187993049621582
320,0.3203203082084656,51.23004913330078,-0.00019656754739116877,-0.009402087889611721,12.028614044189453
321,0.3213213086128235,51.27351379394531,-0.00018047462799586356,-0.00966163445264101,13.136878967285156
322,0.3223223090171814,51.317020416259766,-0.0001808633969631046,-0.009591805748641491,12.52962875366211
323,0.3233233094215393,51.36056137084961,-0.0002114421222358942,-0.009070830419659615,9.766695976257324
324,0.3243243098258972,51.40414047241211,-0.00023886004055384547,-0.008682421408593655,8.162639617919922
325,0.3253253102302551,51.44776153564453,-0.00026667196652852,-0.008236759342253208,6.6221022605896
326,0.32632631063461304,51.49141311645508,-0.00026067739236168563,-0.008361306972801685,7.367931365966797
327,0.32732731103897095,51.53510284423828,-0.00026740203611552715,-0.008240033872425556,7.247621536254883
328,0.32832831144332886,51.578834533691406,-0.00025574624305590987,-0.008470474742352962,8.452056884765625
329,0.32932931184768677,51.622596740722656,-0.0002522335562389344,-0.008542606607079506,9.09592056274414
330,0.3303303122520447,51.66639709472656,-0.0002546738542150706,-0.008427899330854416,9.007173538208008
331,0.3313313126564026,51.71023941040039,-0.00027262867661193013,-0.007924932055175304,7.341134548187256
332,0.3323323130607605,51.754112243652344,-0.0002698242024052888,-0.007884672842919827,7.340905666351318
333,0.3333333432674408,51.79802703857422,-0.0002634815464261919,-0.007892509922385216,7.4975266456604
334,0.3343343436717987,51.84197998046875,-0.0002681147016119212,-0.007732719648629427,7.064213752746582
335,0.3353353440761566,51.88597106933594,-0.0002873860648833215,-0.007364654913544655,6.038480758666992
336,0.3363363444805145,51.92999267578125,-0.0002602155436761677,-0.007947495207190514,8.425130844116211
337,0.33733734488487244,51.974056243896484,-0.00025836104759946465,-0.008105319924652576,9.366375923156738
338,0.33833834528923035,52.018157958984375,-0.0002605363551992923,-0.008229384198784828,10.179510116577148
339,0.33933934569358826,52.06229782104492,-0.0002627381181810051,-0.008504281751811504,11.483429908752441
340,0.34034034609794617,52.106468200683594,-0.0002712739515118301,-0.008273699320852757,10.800374984741211
341,0.3413413465023041,52.15068054199219,-0.0002669233363121748,-0.009090723469853401,13.956896781921387
342,0.342342346906662,52.19493103027344,-0.0002778356720227748,-0.008234006352722645,10.877145767211914
343,0.3433433473110199,52.23921585083008,-0.00029100937535986304,-0.0072582196444272995,7.452043533325195
344,0.3443443477153778,52.283546447753906,-0.0002763367956504226,-0.008248676545917988,10.91259765625
345,0.3453453481197357,52.327911376953125,-0.0002702984493225813,-0.008575466461479664,12.037566184997559
346,0.34634634852409363,52.372310638427734,-0.00026592749054543674,-0.008595370687544346,12.0652494430542
347,0.34734734892845154,52.416744232177734,-0.0002612025127746165,-0.008593831211328506,12.02202033996582
348,0.34834834933280945,52.46122360229492,-0.0002727510582190007,-0.007912959903478622,9.56640338897705
349,0.34934934973716736,52.505733489990234,-0.0002688285894691944,-0.008782933466136456,12.9403657913208
350,0.35035035014152527,52.55028533935547,-0.00027778904768638313,-0.008170710876584053,10.87656307220459
351,0.3513513505458832,52.594879150390625,-0.000281996006378904,-0.008187447674572468,11.164649963378906
352,0.3523523509502411,52.639503479003906,-0.000299253617413342,-0.006909685675054789,7.005306720733643
353,0.353353351354599,52.68416976928711,-0.0002876182843465358,-0.007774066179990768,10.180573463439941
354,0.3543543517589569,52.72887420654297,-0.00028547970578074455,-0.007830164395272732,10.55909538269043
355,0.3553553521633148,52.77360916137695,-0.00028731580823659897,-0.007359858602285385,9.038084983825684
356,0.35635635256767273,52.81839370727539,-0.00029102942789904773,-0.006962499115616083,7.6510419845581055
357,0.35735735297203064,52.86320495605469,-0.0003015295078512281,-0.006251756101846695,5.107338905334473
358,0.35835835337638855,52.90806198120117,-0.0003116512089036405,-0.00568527914583683,3.121262788772583
359,0.35935935378074646,52.95295333862305,-0.00029185289167799056,-0.006690116133540869,6.442371368408203
360,0.36036035418510437,52.99788284301758,-0.0002935025840997696,-0.007037003990262747,7.718749523162842
361,0.3613613545894623,53.0428581237793,-0.00029791431734338403,-0.0068757315166294575,7.284414768218994
362,0.3623623549938202,53.087860107421875,-0.0003027899656444788,-0.006031550467014313,4.641863822937012
363,0.3633633553981781,53.13290786743164,-0.0003042485914193094,-0.005948996637016535,4.5405683517456055
364,0.364364355802536,53.1779899597168,-0.00030578626319766045,-0.005876024253666401,4.47492790222168
365,0.3653653562068939,53.223114013671875,-0.0003109793469775468,-0.005495867226272821,3.419422149658203
366,0.36636635661125183,53.268272399902344,-0.0003121166373603046,-0.005487389396876097,3.5485446453094482
367,0.36736735701560974,53.31346893310547,-0.00030923361191526055,-0.006297023501247168,6.277619361877441
368,0.36836835741996765,53.358707427978516,-0.0003099711611866951,-0.006005740258842707,5.402238368988037
369,0.36936935782432556,53.40398025512695,-0.0003088887024205178,-0.006315560080111027,6.413051605224609
370,0.37037035822868347,53.44929885864258,-0.00031103281071409583,-0.005884265992790461,4.9796366691589355
371,0.3713713586330414,53.49464797973633,-0.00031801595469005406,-0.0054874112829566,3.6346688270568848
372,0.3723723590373993,53.5400390625,-0.00032383977668359876,-0.0053924149833619595,3.2420873641967773
373,0.3733733594417572,53.58546829223633,-0.0003155316226184368,-0.006128308363258839,5.403985977172852
374,0.3743743598461151,53.63093566894531,-0.00034007607609964907,-0.0051889182068407536,2.3566479682922363
375,0.375375360250473,53.67644500732422,-0.00038936780765652657,-0.003940461669117212,-1.0862799882888794
376,0.37637636065483093,53.721988677978516,-0.00037647082353942096,-0.004360536113381386,0.11123490333557129
377,0.37737736105918884,53.76757049560547,-0.00034566072281450033,-0.005528398789465427,3.412604570388794
378,0.37837836146354675,53.813194274902344,-0.0003478864091448486,-0.005597103387117386,3.596222162246704
379,0.37937936186790466,53.858856201171875,-0.00034355424577370286,-0.0059236204251646996,4.53921365737915
380,0.3803803622722626,53.9045524597168,-0.0003455295809544623,-0.0059365867637097836,4.590079307556152
381,0.3813813626766205,53.950294494628906,-0.00034705494181253016,-0.005936353467404842,4.680893421173096
382,0.3823823630809784,53.996070861816406,-0.0003320696414448321,-0.006509739905595779,6.403080463409424
383,0.3833833634853363,54.04188919067383,-0.00031602365197613835,-0.0070342859253287315,8.063322067260742
384,0.3843843936920166,54.08774185180664,-0.000311371375573799,-0.007082443684339523,8.290143966674805
385,0.3853853940963745,54.133636474609375,-0.0002937199315056205,-0.007623470388352871,10.042879104614258
386,0.3863863945007324,54.1795654296875,-0.0002778724010568112,-0.007882504723966122,10.82863712310791
387,0.38738739490509033,54.22554016113281,-0.0002645897911861539,-0.008041299879550934,11.319377899169922
388,0.38838839530944824,54.271549224853516,-0.0002620077575556934,-0.008043753914535046,11.250755310058594
389,0.38938939571380615,54.317596435546875,-0.0002748372498899698,-0.0077098398469388485,9.955257415771484
390,0.39039039611816406,54.363685607910156,-0.00026616640388965607,-0.00833363737910986,12.125277519226074
391,0.391391396522522,54.40981674194336,-0.0002624072367325425,-0.009045600891113281,14.653818130493164
392,0.3923923969268799,54.45597839355469,-0.00026923423865810037,-0.009989221580326557,18.023069381713867
393,0.3933933973312378,54.502193450927734,-0.0002832581812981516,-0.010180550627410412,18.501604080200195
394,0.3943943977355957,54.54843521118164,-0.00029568144236691296,-0.010700390674173832,20.13953399658203
395,0.3953953981399536,54.59471893310547,-0.00030770988087169826,-0.011401258409023285,22.329809188842773
396,0.3963963985443115,54.64104080200195,-0.00031693067285232246,-0.011275362223386765,21.862560272216797
397,0.39739739894866943,54.68740463256836,-0.0003246721171308309,-0.010694721713662148,20.112056732177734
398,0.39839839935302734,54.73381042480469,-0.0003279140219092369,-0.011142504401504993,21.621936798095703
399,0.39939939975738525,54.780250549316406,-0.00032998263486661017,-0.01111757755279541,21.7028865814209
400,0.40040040016174316,54.82673263549805,-0.0003360946720931679,-0.011970038525760174,24.475507736206055
401,0.4014014005661011,54.87324905395508,-0.00033550505759194493,-0.011689567007124424,23.81942367553711
402,0.402402400970459,54.91980743408203,-0.0003307026927359402,-0.010984255000948906,21.85903549194336
403,0.4034034013748169,54.96641540527344,-0.0003273806069046259,-0.01022021472454071,19.677173614501953
404,0.4044044017791748,55.01305389404297,-0.00032619902049191296,-0.010054628364741802,19.28803062438965
405,0.4054054021835327,55.059730529785156,-0.00032432182342745364,-0.010149668902158737,19.684696197509766
406,0.4064064025878906,55.106449127197266,-0.0003211709263268858,-0.009948087856173515,19.13043785095215
407,0.40740740299224854,55.1532096862793,-0.00031704327557235956,-0.009214756079018116,16.858213424682617
408,0.40840840339660645,55.200008392333984,-0.00031895877327769995,-0.009710323065519333,18.4213809967041
409,0.40940940380096436,55.24684524536133,-0.0003176935715600848,-0.008981671184301376,16.090200424194336
410,0.41041040420532227,55.293724060058594,-0.00031535152811557055,-0.009026474319398403,16.163375854492188
411,0.4114114046096802,55.340641021728516,-0.00031282269628718495,-0.009219327941536903,16.74799919128418
412,0.4124124050140381,55.38759231567383,-0.0003051519743166864,-0.008413562551140785,14.157774925231934
413,0.413413405418396,55.43458938598633,-0.0002977686526719481,-0.008389398455619812,14.105728149414062
414,0.4144144058227539,55.481624603271484,-0.0002901101834140718,-0.00798324029892683,12.73338508605957
415,0.4154154062271118,55.52870178222656,-0.0002859963569790125,-0.00848031509667635,14.530211448669434
416,0.4164164066314697,55.5758171081543,-0.000292503391392529,-0.009086565114557743,16.75592613220215
417,0.41741740703582764,55.62297439575195,-0.0003002688172273338,-0.009345686063170433,17.753253936767578
418,0.41841840744018555,55.67017364501953,-0.0002914652577601373,-0.008135680109262466,13.758005142211914
419,0.41941940784454346,55.71741485595703,-0.0003037047281395644,-0.008379146456718445,14.637946128845215
420,0.42042040824890137,55.764686584472656,-0.00031402826425619423,-0.008773921057581902,15.89142894744873
421,0.4214214086532593,55.81200408935547,-0.00031037957523949444,-0.008420915342867374,14.735575675964355
422,0.4224224090576172,55.85935592651367,-0.00031652842881157994,-0.008786535821855068,15.894241333007812
423,0.4234234094619751,55.90675735473633,-0.00032674300018697977,-0.009705336764454842,18.78398323059082
424,0.424424409866333,55.954193115234375,-0.00033091410296037793,-0.010111470706760883,20.089080810546875
425,0.4254254102706909,56.00166702270508,-0.0003373315848875791,-0.010805674828588963,22.087682723999023
426,0.42642641067504883,56.04918670654297,-0.00034048367524519563,-0.010483884252607822,20.99652099609375
427,0.42742741107940674,56.096744537353516,-0.00034570368006825447,-0.011735147796571255,24.541183471679688
428,0.42842841148376465,56.14434814453125,-0.0003479369333945215,-0.012213397771120071,25.857667922973633
429,0.42942941188812256,56.191978454589844,-0.0003469765651971102,-0.01222632173448801,25.879173278808594
430,0.43043041229248047,56.239662170410156,-0.0003436447004787624,-0.011902665719389915,24.954830169677734
431,0.4314314126968384,56.287384033203125,-0.0003404881863389164,-0.011189082637429237,22.891698837280273
432,0.4324324131011963,56.335140228271484,-0.00034076644806191325,-0.010745878331363201,21.5379638671875
433,0.4334334135055542,56.3829460144043,-0.00034458423033356667,-0.01011873409152031,19.6541805267334
434,0.4344344139099121,56.430782318115234,-0.00034215376945212483,-0.010196241550147533,19.8483829498291
435,0.43543541431427,56.478668212890625,-0.0003431255172472447,-0.009798184037208557,18.686716079711914
436,0.4364364445209503,56.526588439941406,-0.00034249131567776203,-0.009573246352374554,18.04145622253418
437,0.4374374449253082,56.574554443359375,-0.00034740095725283027,-0.008608276024460793,15.217987060546875
438,0.43843844532966614,56.62255859375,-0.0003413369704503566,-0.009178601205348969,16.857620239257812
439,0.43943944573402405,56.67060089111328,-0.00033876425004564226,-0.009228336624801159,16.99966049194336
440,0.44044044613838196,56.718685150146484,-0.0003447515773586929,-0.00840537529438734,14.601203918457031
441,0.44144144654273987,56.76681137084961,-0.0003334774519316852,-0.009809327311813831,18.74234390258789
442,0.4424424469470978,56.814979553222656,-0.0003328473540022969,-0.010193174704909325,19.85405921936035
443,0.4434434473514557,56.86318588256836,-0.00032870820723474026,-0.01082601584494114,21.717390060424805
444,0.4444444477558136,56.911434173583984,-0.000328776310198009,-0.010937084443867207,22.074541091918945
445,0.4454454481601715,56.95972442626953,-0.0003268143627792597,-0.011430990882217884,23.664161682128906
446,0.4464464485645294,57.008056640625,-0.00033100455766543746,-0.010683223605155945,21.522991180419922
447,0.44744744896888733,57.056427001953125,-0.0003378660185262561,-0.009785945527255535,19.03023338317871
448,0.44844844937324524,57.10483932495117,-0.00033537892159074545,-0.010356242768466473,20.9462833404541
449,0.44944944977760315,57.153297424316406,-0.00033806165447458625,-0.01035604439675808,21.129840850830078
450,0.45045045018196106,57.20178985595703,-0.00034453620901331306,-0.009699949994683266,19.41069793701172
451,0.45145145058631897,57.25032424926758,-0.0003407705225981772,-0.010579036548733711,22.188758850097656
452,0.4524524509906769,57.29890060424805,-0.00034996523754671216,-0.009199081920087337,18.339492797851562
453,0.4534534513950348,57.3475227355957,-0.0003492790274322033,-0.008183712139725685,15.551566123962402
454,0.4544544517993927,57.396183013916016,-0.0003508449299260974,-0.008896760642528534,17.652658462524414
455,0.4554554522037506,57.444881439208984,-0.00034929285175167024,-0.008199714124202728,15.680608749389648
456,0.4564564526081085,57.49362564086914,-0.0003501592727843672,-0.007523291278630495,13.714241027832031
457,0.45745745301246643,57.54240417480469,-0.00035948213189840317,-0.007792905904352665,14.398096084594727
458,0.45845845341682434,57.59122848510742,-0.00036902385181747377,-0.007192021235823631,12.691978454589844
459,0.45945945382118225,57.640098571777344,-0.0003758461680263281,-0.006503792945295572,10.802201271057129
460,0.46046045422554016,57.68900680541992,-0.00037754682125523686,-0.006047804839909077,9.48621654510498
461,0.46146145462989807,57.73795700073242,-0.0003771120391320437,-0.006216113455593586,9.824435234069824
462,0.462462455034256,57.786949157714844,-0.0003893731045536697,-0.004083922598510981,4.1109938621521
463,0.4634634554386139,57.83598327636719,-0.00038084626430645585,-0.0049735177308321,6.325976371765137
464,0.4644644558429718,57.88505554199219,-0.00039064185693860054,-0.004099774174392223,3.8848161697387695
465,0.4654654562473297,57.934165954589844,-0.0003961126785725355,-0.0036600669845938683,2.6054463386535645
466,0.4664664566516876,57.98332977294922,-0.00040753878420218825,-0.0025994267780333757,-0.06034386157989502
467,0.46746745705604553,58.03252410888672,-0.00040685635758563876,-0.0021874133963137865,-1.0686469078063965
468,0.46846845746040344,58.08176803588867,-0.0003882634628098458,-0.0029979641549289227,0.9691080451011658
469,0.46946945786476135,58.131046295166016,-0.0003781226114369929,-0.0030317604541778564,0.996894359588623
470,0.47047045826911926,58.18037414550781,-0.0003554557333700359,-0.004128466825932264,3.8913443088531494
471,0.4714714586734772,58.229740142822266,-0.0003485525376163423,-0.0038940932136029005,3.0720467567443848
472,0.4724724590778351,58.27914810180664,-0.00034610374132171273,-0.0036171639803797007,2.053032875061035
473,0.473473459482193,58.32859802246094,-0.00034116607275791466,-0.0037659062072634697,2.356116771697998
474,0.4744744598865509,58.37809371948242,-0.00033730201539583504,-0.004111765418201685,3.446791887283325
475,0.4754754602909088,58.42762756347656,-0.0003396435349714011,-0.00452099833637476,4.792699337005615
476,0.4764764606952667,58.47719955444336,-0.00034481147304177284,-0.0039992243982851505,3.4028074741363525
477,0.47747746109962463,58.52682113647461,-0.00035423750523477793,-0.0035337265580892563,2.1750543117523193
478,0.47847846150398254,58.57647705078125,-0.00036448653554543853,-0.003157769562676549,1.204775094985962
479,0.47947946190834045,58.626182556152344,-0.00037484170752577484,-0.00254622264765203,-0.44408273696899414
480,0.48048046231269836,58.675926208496094,-0.0003854464739561081,-0.001675896462984383,-2.6037042140960693
481,0.4814814627170563,58.725711822509766,-0.0004028725961688906,-0.0005785437533631921,-5.199262619018555
482,0.4824824631214142,58.775543212890625,-0.00039144413312897086,-0.001208023983053863,-3.395372152328491
483,0.4834834635257721,58.82541275024414,-0.0003863525344058871,-0.001600564573891461,-2.232710838317871
484,0.48448446393013,58.875328063964844,-0.0003880811855196953,-0.0016727261245250702,-1.9460967779159546
485,0.4854854643344879,58.92528533935547,-0.0004012576537206769,-0.0011657689465209842,-3.156036853790283
486,0.4864864647388458,58.97528076171875,-0.0003789055917877704,-0.0026313585694879293,0.7681219577789307
487,0.4874874949455261,59.025325775146484,-0.00038095470517873764,-0.0024330660235136747,0.4931068420410156
488,0.48848849534988403,59.07540512084961,-0.0003907500358764082,-0.0017921329708769917,-1.0242316722869873
489,0.48948949575424194,59.12553024291992,-0.0003762493724934757,-0.002485583769157529,0.8440000414848328
490,0.49049049615859985,59.17570114135742,-0.0003780233091674745,-0.0021926541812717915,0.11293917894363403
491,0.49149149656295776,59.22591781616211,-0.00038185290759429336,-0.0018687078263610601,-0.7124385833740234
492,0.4924924969673157,59.27616500854492,-0.00036909233313053846,-0.002531887963414192,1.0134577751159668
493,0.4934934973716736,59.32646560668945,-0.00037267510197125375,-0.0023290319368243217,0.3792308568954468
494,0.4944944977760315,59.376800537109375,-0.00038112959009595215,-0.0017862613312900066,-1.2043476104736328
495,0.4954954981803894,59.427181243896484,-0.00036701903445646167,-0.0029162096325308084,1.6507220268249512
496,0.4964964985847473,59.47761154174805,-0.0003703148104250431,-0.0027993074618279934,1.1583091020584106
497,0.4974974989891052,59.528072357177734,-0.0003774136712308973,-0.002382938051596284,-0.03250527381896973
498,0.49849849939346313,59.57858657836914,-0.00036399191594682634,-0.0035462917294353247,3.0438737869262695
499,0.49949949979782104,59.62913513183594,-0.000357350567355752,-0.004327611997723579,5.113272190093994
500,0.500500500202179,59.67972946166992,-0.0003560168552212417,-0.004229970276355743,4.792797565460205
501,0.5015015006065369,59.73036575317383,-0.000358806544682011,-0.0037256646901369095,3.337963581085205
502,0.5025025010108948,59.78105163574219,-0.00035496713826432824,-0.0042341179214417934,4.719749927520752
503,0.5035035014152527,59.83177947998047,-0.0003595425805542618,-0.0037760494742542505,3.428542137145996
504,0.5045045018196106,59.88254165649414,-0.0003515425487421453,-0.0042314184829592705,4.770061492919922
505,0.5055055022239685,59.93335723876953,-0.0003600826021283865,-0.003477895399555564,2.7613816261291504
506,0.5065065026283264,59.98421096801758,-0.0003557817544788122,-0.0035832426510751247,3.1839182376861572
507,0.5075075030326843,60.03510665893555,-0.00035345653304830194,-0.0035930548328906298,3.371715784072876
508,0.5085085034370422,60.08604431152344,-0.0003706291026901454,-0.002503553871065378,0.5783207416534424
509,0.5095095038414001,60.13703155517578,-0.0003605765232350677,-0.003024894976988435,2.108935832977295
510,0.5105105042457581,60.18806076049805,-0.0003677912172861397,-0.0025397634599357843,0.7946691513061523
511,0.511511504650116,60.2391242980957,-0.00038820967893116176,-0.0013435971923172474,-2.33004093170166
512,0.5125125050544739,60.29024124145508,-0.00039917987305670977,-0.0007242256542667747,-3.9212446212768555
513,0.5135135054588318,60.341392517089844,-0.0003876737901009619,-0.0011321137426421046,-2.847231388092041
514,0.5145145058631897,60.39259719848633,-0.00038716045673936605,-0.0009707051794975996,-3.228989839553833
515,0.5155155062675476,60.44384002685547,-0.00038108372245915234,-0.001149851712398231,-2.761409282684326
516,0.5165165066719055,60.495121002197266,-0.0003701717942021787,-0.001644925563596189,-1.3373634815216064
517,0.5175175070762634,60.54645538330078,-0.00035990914329886436,-0.002464211778715253,1.0464375019073486
518,0.5185185074806213,60.59783172607422,-0.00036691571585834026,-0.0018504727631807327,-0.5235154032707214
519,0.5195195078849792,60.64924621582031,-0.00036776287015527487,-0.0017669806256890297,-0.6392995119094849
520,0.5205205082893372,60.700706481933594,-0.0003738744999282062,-0.0012399397091940045,-1.9529778957366943
521,0.5215215086936951,60.75221252441406,-0.00038834699080325663,-0.00019089215493295342,-4.664296627044678
522,0.522522509098053,60.80376434326172,-0.00039349208236671984,0.00016581654199399054,-5.589892387390137
523,0.5235235095024109,60.85535430908203,-0.0003792167117353529,-0.0008701073820702732,-2.921133279800415
524,0.5245245099067688,60.90699005126953,-0.00037761422572657466,-0.0010534211760386825,-2.4649605751037598
525,0.5255255103111267,60.95866775512695,-0.00037172637530602515,-0.0016139356885105371,-1.023026704788208
526,0.5265265107154846,61.01039123535156,-0.0003777649544645101,-0.001115176361054182,-2.4389431476593018
527,0.5275275111198425,61.06216049194336,-0.00038819911424070597,-0.00038281973684206605,-4.440314292907715
528,0.5285285115242004,61.11397171020508,-0.0003675059706438333,-0.0019308411283418536,-0.428635835647583
529,0.5295295119285583,61.165828704833984,-0.00037769105983898044,-0.0010615710634738207,-2.8600614070892334
530,0.5305305123329163,61.21773147583008,-0.00037646101554855704,-0.0010572609025985003,-2.9368927478790283
531,0.5315315127372742,61.26966857910156,-0.0003673199098557234,-0.0015674522146582603,-1.5759702920913696
532,0.5325325131416321,61.3216552734375,-0.00035175203811377287,-0.0028241497930139303,1.955278754234314
533,0.53353351354599,61.373695373535156,-0.0003475636476650834,-0.00342088402248919,3.7239389419555664
534,0.5345345139503479,61.4257698059082,-0.00035275513073429465,-0.0025515814777463675,1.2833894491195679
535,0.5355355143547058,61.47788619995117,-0.0003576180897653103,-0.0020134085789322853,-0.1092749685049057
536,0.5365365147590637,61.530052185058594,-0.0003601954667828977,-0.0018822640413418412,-0.3190138339996338
537,0.5375375151634216,61.5822639465332,-0.0003524704952724278,-0.0026349567342549562,1.9355738162994385
538,0.5385385155677795,61.63451385498047,-0.00035875264438800514,-0.0018234100425615907,-0.25231024622917175
539,0.5395395755767822,61.68681716918945,-0.00035881728399544954,-0.0017253152327612042,-0.5246868133544922
540,0.5405405759811401,61.73915481567383,-0.00036418618401512504,-0.0013489515986293554,-1.6223063468933105
541,0.541541576385498,61.791542053222656,-0.0003660487418528646,-0.0011918230447918177,-2.0895020961761475
542,0.542542576789856,61.843971252441406,-0.0003763380809687078,-0.000572308199480176,-3.766458034515381
543,0.5435435771942139,61.89645004272461,-0.0003643483214545995,-0.0011958448449149728,-2.056617498397827
544,0.5445445775985718,61.94896697998047,-0.00035908023710362613,-0.0014831264270469546,-1.2387690544128418
545,0.5455455780029297,62.001529693603516,-0.00033864169381558895,-0.0032261277083307505,3.792100429534912
546,0.5465465784072876,62.05413818359375,-0.0003368507605046034,-0.0036001212429255247,4.84819221496582
547,0.5475475788116455,62.10679244995117,-0.00033751147566363215,-0.0029418605845421553,2.8640799522399902
548,0.5485485792160034,62.159488677978516,-0.0003360590781085193,-0.0037051369436085224,5.130092620849609
549,0.5495495796203613,62.21223068237305,-0.00033799733500927687,-0.0038048713468015194,5.431910991668701
550,0.5505505800247192,62.26502227783203,-0.00034577384940348566,-0.004600352142006159,7.831209659576416
551,0.5515515804290771,62.31785202026367,-0.00034952088026329875,-0.004656297154724598,8.096907615661621
552,0.5525525808334351,62.3707275390625,-0.00035733223194256425,-0.005190523341298103,9.749161720275879
553,0.553553581237793,62.42365264892578,-0.0003689709701575339,-0.006292302627116442,12.96722412109375
554,0.5545545816421509,62.476619720458984,-0.0003621914074756205,-0.005212875548750162,10.156623840332031
555,0.5555555820465088,62.52962875366211,-0.00035842586657963693,-0.0045654247514903545,8.457483291625977
556,0.5565565824508667,62.58268737792969,-0.00037003742181696,-0.005782074760645628,11.830475807189941
557,0.5575575828552246,62.63578796386719,-0.0003604537632782012,-0.004698819015175104,8.833662986755371
558,0.5585585832595825,62.688934326171875,-0.00036047352477908134,-0.00480459351092577,9.066287994384766
559,0.5595595836639404,62.74212646484375,-0.0003615149762481451,-0.0052151065319776535,10.102895736694336
560,0.5605605840682983,62.79536437988281,-0.0003597601316869259,-0.005499731749296188,10.717329025268555
561,0.5615615844726562,62.8486442565918,-0.000359516532626003,-0.006523139774799347,13.492729187011719
562,0.5625625848770142,62.901973724365234,-0.0003533315903041512,-0.005537840537726879,10.73476791381836
563,0.5635635852813721,62.955345153808594,-0.00035619118716567755,-0.0064558605663478374,13.415337562561035
564,0.56456458568573,63.008766174316406,-0.0003443826863076538,-0.004918651655316353,9.113664627075195
565,0.5655655860900879,63.062225341796875,-0.00033473758958280087,-0.004040536470711231,6.619908332824707
566,0.5665665864944458,63.11573791503906,-0.00033896579407155514,-0.004468060098588467,8.060125350952148
567,0.5675675868988037,63.16929244995117,-0.00033429026370868087,-0.004041970241814852,6.996516704559326
568,0.5685685873031616,63.2228889465332,-0.00033985060872510076,-0.004414165858179331,8.299653053283691
569,0.5695695877075195,63.27653503417969,-0.00034585679532028735,-0.004670676309615374,9.126941680908203
570,0.5705705881118774,63.33022689819336,-0.00033928072662092745,-0.003695364575833082,6.26224946975708
571,0.5715715885162354,63.38396072387695,-0.0003490016970317811,-0.004209868609905243,7.692379474639893
572,0.5725725889205933,63.437744140625,-0.0003596112073864788,-0.0050208596512675285,9.917163848876953
573,0.5735735893249512,63.4915657043457,-0.000362790422514081,-0.005352834239602089,10.76921272277832
574,0.5745745897293091,63.545440673828125,-0.00036255267332307994,-0.00698897335678339,15.160423278808594
575,0.575575590133667,63.599361419677734,-0.0003560453187674284,-0.007281247526407242,15.94749927520752
576,0.5765765905380249,63.65332794189453,-0.0003518430457916111,-0.0071251001209020615,15.554895401000977
577,0.5775775909423828,63.707332611083984,-0.0003424245514906943,-0.007692089769989252,17.259862899780273
578,0.5785785913467407,63.761390686035156,-0.0003346980083733797,-0.008033283986151218,18.357221603393555
579,0.5795795917510986,63.815494537353516,-0.00033108913339674473,-0.008143747225403786,18.79681396484375
580,0.5805805921554565,63.8696403503418,-0.00032274535624310374,-0.008830975741147995,20.99266242980957
581,0.5815815925598145,63.92383575439453,-0.0003288246225565672,-0.008451193571090698,19.864336013793945
582,0.5825825929641724,63.97807693481445,-0.00033686187816783786,-0.008032945916056633,18.666624069213867
583,0.5835835933685303,64.03236389160156,-0.00033654607250355184,-0.008476882241666317,19.995946884155273
584,0.5845845937728882,64.0866928100586,-0.00033811357570812106,-0.008748191408813,20.72812271118164
585,0.5855855941772461,64.14107513427734,-0.0003424323513172567,-0.0086622079834342,20.355356216430664
586,0.586586594581604,64.19549560546875,-0.0003559950564522296,-0.007050138432532549,15.689665794372559
587,0.5875875949859619,64.24996948242188,-0.0003515411226544529,-0.007690746802836657,17.518159866333008
588,0.5885885953903198,64.30448150634766,-0.000349742011167109,-0.007661032024770975,17.50290870666504
589,0.5895895957946777,64.35903930664062,-0.0003458830760791898,-0.007746725343167782,17.863006591796875
590,0.5905905961990356,64.41365814208984,-0.000343624094966799,-0.007532211486250162,17.356876373291016
591,0.5915915966033936,64.46830749511719,-0.00033785708365030587,-0.007858878932893276,18.414058685302734
592,0.5925925970077515,64.52301025390625,-0.00033274939050897956,-0.008314485661685467,19.94911766052246
593,0.5935935974121094,64.5777587890625,-0.00032935565104708076,-0.008959490805864334,22.122438430786133
594,0.5945945978164673,64.63255310058594,-0.00033213262213394046,-0.008569208905100822,21.08622169494629
595,0.5955955982208252,64.68739318847656,-0.00033372771576978266,-0.008169381879270077,19.93096923828125
596,0.5965965986251831,64.74227905273438,-0.00033209327375516295,-0.008127006702125072,19.79932975769043
597,0.597597599029541,64.7972183227539,-0.0003317923692520708,-0.007862810976803303,19.064180374145508
598,0.5985985994338989,64.8521957397461,-0.0003295387141406536,-0.00802222266793251,19.67200469970703
599,0.5995995998382568,64.9072265625,-0.0003270207962486893,-0.008306260220706463,20.629650115966797
600,0.6006006002426147,64.96229553222656,-0.0003363019786775112,-0.007575711701065302,18.40152931213379
601,0.6016016006469727,65.01741790771484,-0.000339456251822412,-0.00713083241134882,16.890811920166016
602,0.6026026010513306,65.07258605957031,-0.00034071062691509724,-0.006848626304417849,15.80037784576416
603,0.6036036014556885,65.12779998779297,-0.00033999269362539053,-0.005968043580651283,13.035514831542969
604,0.6046046018600464,65.18305969238281,-0.00034137797774747014,-0.006483540404587984,14.445083618164062
605,0.6056056022644043,65.23836517333984,-0.00034048137604258955,-0.006809805985540152,15.446348190307617
606,0.6066066026687622,65.2937240600586,-0.000340395316015929,-0.006468016654253006,14.519036293029785
607,0.6076076030731201,65.34912872314453,-0.00034036452416330576,-0.006049369927495718,13.363601684570312
608,0.608608603477478,65.40457916259766,-0.00034134607994928956,-0.00656576594337821,14.930909156799316
609,0.6096096038818359,65.46007537841797,-0.00033828814048320055,-0.005282249301671982,11.22464370727539
610,0.6106106042861938,65.51561737060547,-0.0003360616974532604,-0.00494737271219492,10.338496208190918
611,0.6116116046905518,65.57120513916016,-0.00033590319799259305,-0.00515969842672348,11.136870384216309
612,0.6126126050949097,65.62684631347656,-0.00033648364478722215,-0.005582483485341072,12.56956672668457
613,0.6136136054992676,65.68252563476562,-0.00033759878715500236,-0.006499395705759525,15.432836532592773
614,0.6146146059036255,65.7382583618164,-0.0003326271253172308,-0.005726052448153496,13.212102890014648
615,0.6156156063079834,65.79403686523438,-0.00033364963019266725,-0.007437858730554581,18.390878677368164
616,0.6166166067123413,65.84986877441406,-0.0003319366951473057,-0.00626959977671504,14.877453804016113
617,0.6176176071166992,65.9057388305664,-0.00032939217635430396,-0.005642831791192293,12.915284156799316
618,0.6186186075210571,65.96166229248047,-0.00032850453862920403,-0.005318798124790192,11.910436630249023
619,0.619619607925415,66.01763153076172,-0.00033384779817424715,-0.005867410451173782,13.547079086303711
620,0.620620608329773,66.07364654541016,-0.00033696606988087296,-0.006059971172362566,14.081785202026367
621,0.6216216087341309,66.12971496582031,-0.000330120325088501,-0.004784869961440563,10.269737243652344
622,0.6226226091384888,66.18582916259766,-0.0003266006533522159,-0.004425789229571819,9.196820259094238
623,0.6236236095428467,66.24198150634766,-0.00032075701165013015,-0.003825778840109706,7.38071346282959
624,0.6246246099472046,66.29818725585938,-0.00031865466735325754,-0.0037812215741723776,7.323345184326172
625,0.6256256103515625,66.35443878173828,-0.00031583764939568937,-0.0033676831517368555,6.1177873611450195
626,0.6266266107559204,66.4107437133789,-0.0003143422363791615,-0.003160337917506695,5.510261058807373
627,0.6276276111602783,66.46709442138672,-0.00031287717865779996,-0.003660893766209483,7.1662068367004395
628,0.6286286115646362,66.52349090576172,-0.00031196681084111333,-0.0037180858198553324,7.401068210601807
629,0.6296296119689941,66.57994079589844,-0.0003121349145658314,-0.003724575974047184,7.50213623046875
630,0.630630612373352,66.63642883300781,-0.0003201459185220301,-0.004777662456035614,10.918888092041016
631,0.63163161277771,66.6929702758789,-0.00032465829281136394,-0.0049759382382035255,11.557015419006348
632,0.6326326131820679,66.74955749511719,-0.0003294114430900663,-0.005235221702605486,12.334851264953613
633,0.6336336135864258,66.80619812011719,-0.00032824784284457564,-0.0047609549947083,10.871776580810547
634,0.6346346139907837,66.86288452148438,-0.0003323584096506238,-0.005092622712254524,11.792501449584961
635,0.6356356143951416,66.91961669921875,-0.000328567111864686,-0.004109533037990332,8.694324493408203
636,0.6366366147994995,66.97640228271484,-0.0003370931663084775,-0.005447241943329573,12.59990119934082
637,0.6376376152038574,67.0332260131836,-0.00033759354846552014,-0.006309977266937494,15.037626266479492
638,0.6386386156082153,67.0901107788086,-0.0003326385631226003,-0.00717237638309598,17.517127990722656
639,0.6396396160125732,67.14703369140625,-0.0003341680276207626,-0.005824709311127663,13.452966690063477
640,0.6406406164169312,67.20401000976562,-0.00033000309485942125,-0.005275519099086523,11.812566757202148
641,0.6416416764259338,67.26103210449219,-0.000321337633067742,-0.00428124750033021,8.807719230651855
642,0.6426426768302917,67.31810760498047,-0.0003198031336069107,-0.004380696918815374,9.215079307556152
643,0.6436436772346497,67.37522888183594,-0.0003179864143021405,-0.004303586203604937,9.16555404663086
644,0.6446446776390076,67.4323959350586,-0.0003236144548282027,-0.005228244233876467,12.278883934020996
645,0.6456456780433655,67.48960876464844,-0.00032236770493909717,-0.005038388539105654,11.924554824829102
646,0.6466466784477234,67.546875,-0.00031630106968805194,-0.00417315261438489,9.394762992858887
647,0.6476476788520813,67.60418701171875,-0.00031394470715895295,-0.003888203063979745,8.613325119018555
648,0.6486486792564392,67.66155242919922,-0.0003088392550125718,-0.0031256082002073526,6.253556728363037
649,0.6496496796607971,67.71896362304688,-0.0003065887722186744,-0.003278279211372137,6.789857864379883
650,0.650650680065155,67.77642822265625,-0.0003042905009351671,-0.0035888217389583588,7.830456733703613
651,0.6516516804695129,67.83393859863281,-0.0003008434141520411,-0.003727056784555316,8.226274490356445
652,0.6526526808738708,67.89148712158203,-0.000308657850837335,-0.0050142677500844,12.346403121948242
653,0.6536536812782288,67.9490966796875,-0.00030824262648820877,-0.005202006082981825,12.848196029663086
654,0.6546546816825867,68.00675201416016,-0.0002990078355651349,-0.004457866307348013,10.342719078063965
655,0.6556556820869446,68.064453125,-0.00029966712463647127,-0.004441368393599987,10.335540771484375
656,0.6566566824913025,68.1222152709961,-0.0003030540538020432,-0.004670525901019573,11.13857364654541
657,0.6576576828956604,68.18000793457031,-0.0003032519016414881,-0.004467920400202274,10.552133560180664
658,0.6586586833000183,68.23786163330078,-0.0003000065335072577,-0.003075995249673724,6.046352386474609
659,0.6596596837043762,68.29576110839844,-0.0003043494070880115,-0.0038868526462465525,8.889824867248535
660,0.6606606841087341,68.35371398925781,-0.000305599212879315,-0.0036008923780173063,8.124198913574219
661,0.661661684513092,68.41171264648438,-0.0003168056719005108,-0.004735822323709726,11.97176456451416
662,0.66266268491745,68.46975708007812,-0.0003226185799576342,-0.0053454674780368805,14.042489051818848
663,0.6636636853218079,68.5278549194336,-0.00032625513267703354,-0.006344755180180073,17.2733154296875
664,0.6646646857261658,68.58599853515625,-0.0003246163250878453,-0.007238364312797785,20.124208450317383
665,0.6656656861305237,68.64419555664062,-0.0003229788853786886,-0.007649098988622427,21.394136428833008
666,0.6666666865348816,68.70243835449219,-0.00032504682894796133,-0.007075680419802666,19.533660888671875
667,0.6676676869392395,68.76073455810547,-0.00032269145594909787,-0.005924622528254986,15.864119529724121
668,0.6686686873435974,68.81907653808594,-0.00032309285597875714,-0.006194945890456438,16.596546173095703
669,0.6696696877479553,68.87747192382812,-0.00032112974440678954,-0.005954802501946688,15.7587251663208
670,0.6706706881523132,68.9359130859375,-0.00032087520230561495,-0.006078140810132027,16.08323097229004
671,0.6716716885566711,68.9944076538086,-0.00031228415900841355,-0.005047713406383991,12.82061767578125
672,0.672672688961029,69.05294799804688,-0.0003131664707325399,-0.005402829963713884,13.97032356262207
673,0.673673689365387,69.11154174804688,-0.0003053202526643872,-0.004779976326972246,11.976577758789062
674,0.6746746897697449,69.17018127441406,-0.0003016662085428834,-0.004697369411587715,11.762226104736328
675,0.6756756901741028,69.22887420654297,-0.00029814077424816787,-0.0046522412449121475,11.743217468261719
676,0.6766766905784607,69.2876205444336,-0.0003016451664734632,-0.005375356879085302,14.339583396911621
677,0.6776776909828186,69.34640502929688,-0.0002952156064566225,-0.005029474850744009,13.326702117919922
678,0.6786786913871765,69.4052505493164,-0.00029505271231755614,-0.005119869951158762,13.745038032531738
679,0.6796796917915344,69.4641342163086,-0.0002909880713559687,-0.0046826754696667194,12.360967636108398
680,0.6806806921958923,69.52307891845703,-0.00029386114329099655,-0.004795583430677652,12.79920482635498
681,0.6816816926002502,69.58206939697266,-0.00029093981720507145,-0.004154863301664591,10.600057601928711
682,0.6826826930046082,69.64111328125,-0.00029597425600513816,-0.004437133204191923,11.542612075805664
683,0.6836836934089661,69.7001953125,-0.0002959518460556865,-0.0037281354889273643,9.092442512512207
684,0.684684693813324,69.75934600830078,-0.00030389425228349864,-0.004774856846779585,12.474185943603516
685,0.6856856942176819,69.81852722167969,-0.00030800356762483716,-0.0054734149016439915,14.597293853759766
686,0.6866866946220398,69.87776947021484,-0.00030932080699130893,-0.006401000544428825,17.458988189697266
687,0.6876876950263977,69.93706512451172,-0.00030952636734582484,-0.005465787369757891,14.386422157287598
688,0.6886886954307556,69.99640655517578,-0.00030659729964099824,-0.004836672451347113,12.35628604888916
689,0.6896896958351135,70.05580139160156,-0.00030791148310527205,-0.0060205538757145405,16.354490280151367
690,0.6906906962394714,70.11524200439453,-0.0003059149894397706,-0.006138092838227749,17.003082275390625
691,0.6916916966438293,70.17473602294922,-0.0002999203570652753,-0.005261530168354511,14.330791473388672
692,0.6926926970481873,70.23428344726562,-0.0003032087115570903,-0.006189373787492514,17.554290771484375
693,0.6936936974525452,70.29387664794922,-0.00030512988450936973,-0.006951398216187954,20.122005462646484
694,0.6946946978569031,70.353515625,-0.0003041959134861827,-0.007697958033531904,22.519399642944336
695,0.695695698261261,70.41321563720703,-0.0003023890021722764,-0.007200120482593775,20.889760971069336
696,0.6966966986656189,70.47296142578125,-0.0002999346179421991,-0.007212834432721138,21.053098678588867
697,0.6976976990699768,70.53276062011719,-0.0002963265869766474,-0.005347701255232096,14.872007369995117
698,0.6986986994743347,70.59259796142578,-0.00029512165929190814,-0.00581706315279007,16.518590927124023
699,0.6996996998786926,70.65249633789062,-0.00029131831252016127,-0.005512072704732418,15.503660202026367
700,0.7007007002830505,70.71244812011719,-0.00028696510707959533,-0.004897533915936947,13.331465721130371
701,0.7017017006874084,70.77244567871094,-0.00028434270643629134,-0.0036689620465040207,8.941625595092773
702,0.7027027010917664,70.83250427246094,-0.0002853531623259187,-0.004853092133998871,13.008988380432129
703,0.7037037014961243,70.8926010131836,-0.00028490310069173574,-0.004402546677738428,11.358868598937988
704,0.7047047019004822,70.95275115966797,-0.0002859389060176909,-0.004281258210539818,10.966348648071289
705,0.7057057023048401,71.0129623413086,-0.00028649758314713836,-0.0037297869566828012,9.187862396240234
706,0.706706702709198,71.07321166992188,-0.00028726219898089767,-0.003846818348392844,9.801324844360352
707,0.7077077031135559,71.1335220336914,-0.00028689895407296717,-0.0031502072233706713,7.590104579925537
708,0.7087087035179138,71.19387817382812,-0.00028623081743717194,-0.0031236896757036448,7.67509651184082
709,0.7097097039222717,71.25428771972656,-0.00028931748238392174,-0.004328013397753239,11.964560508728027
710,0.7107107043266296,71.31475067138672,-0.0002897990052588284,-0.004424208775162697,12.299240112304688
711,0.7117117047309875,71.37525939941406,-0.0002908167371060699,-0.004562092013657093,12.74154281616211
712,0.7127127051353455,71.4358139038086,-0.00028909213142469525,-0.004153965041041374,11.354949951171875
713,0.7137137055397034,71.4964370727539,-0.00028976198518648744,-0.004203647840768099,11.612525939941406
714,0.7147147059440613,71.55709838867188,-0.0002941722050309181,-0.004919742234051228,14.09253215789795
715,0.7157157063484192,71.61781311035156,-0.0002948307082988322,-0.004749708343297243,13.47532844543457
716,0.7167167067527771,71.67858123779297,-0.0002962229773402214,-0.004594773054122925,12.910412788391113
717,0.717717707157135,71.7394027709961,-0.00030190276447683573,-0.006380102597177029,18.755449295043945
718,0.7187187075614929,71.8002700805664,-0.000302528846077621,-0.006179403513669968,17.948123931884766
719,0.7197197079658508,71.86119842529297,-0.00030262881773523986,-0.00572334136813879,16.263551712036133
720,0.7207207083702087,71.92217254638672,-0.00029991084011271596,-0.005096664652228355,14.047920227050781
721,0.7217217087745667,71.98320007324219,-0.0002979832934215665,-0.005044660996645689,13.80107307434082
722,0.7227227091789246,72.04427337646484,-0.0002938630059361458,-0.00444728834554553,11.678398132324219
723,0.7237237095832825,72.10540771484375,-0.0002918934915214777,-0.004428593907505274,11.479879379272461
724,0.7247247099876404,72.16658782958984,-0.00028990162536501884,-0.004007274750620127,9.933420181274414
725,0.7257257103919983,72.22782135009766,-0.0002895815996453166,-0.004773224703967571,12.557914733886719
726,0.7267267107963562,72.28910827636719,-0.0002886576112359762,-0.00436140364035964,11.175097465515137
727,0.7277277112007141,72.3504409790039,-0.00029052962781861424,-0.003548918291926384,8.450678825378418
728,0.728728711605072,72.41183471679688,-0.000290716125164181,-0.003899917472153902,9.746488571166992
729,0.7297297120094299,72.47327423095703,-0.00029289445956237614,-0.003625215031206608,8.907510757446289
730,0.7307307124137878,72.53477478027344,-0.00029326253570616245,-0.0039641372859478,10.165877342224121
731,0.7317317128181458,72.59632110595703,-0.00029356349841691554,-0.004008424002677202,10.43437671661377
732,0.7327327132225037,72.65791320800781,-0.0002937252284027636,-0.003255631076171994,7.9985270500183105
733,0.7337337136268616,72.71956634521484,-0.00029177742544561625,-0.0033202567137777805,8.407405853271484
734,0.7347347140312195,72.78126525878906,-0.0002896562800742686,-0.003829746972769499,10.340641021728516
735,0.7357357144355774,72.84302520751953,-0.00028956515598110855,-0.004638870246708393,13.297159194946289
736,0.7367367148399353,72.90483093261719,-0.00028804558678530157,-0.005027202423661947,14.80954647064209
737,0.7377377152442932,72.96669006347656,-0.0002843006222974509,-0.004934755619615316,14.571880340576172
738,0.7387387156486511,73.02860260009766,-0.0002800198271870613,-0.004735917318612337,13.922325134277344
739,0.739739716053009,73.09056854248047,-0.0002738262410275638,-0.0036781823728233576,10.116827011108398
740,0.7407407164573669,73.152587890625,-0.00027795182541012764,-0.005075296852737665,15.282404899597168
741,0.7417417168617249,73.21465301513672,-0.0002773175365291536,-0.0050073182210326195,15.142704963684082
742,0.7427427172660828,73.27677917480469,-0.0002735046437010169,-0.004087341949343681,11.875904083251953
743,0.7437437772750854,73.33895874023438,-0.00027508725179359317,-0.004236144013702869,12.481545448303223
744,0.7447447776794434,73.40119171142578,-0.0002748875704128295,-0.003905840218067169,11.315435409545898
745,0.7457457780838013,73.46347045898438,-0.0002777726040221751,-0.004421410150825977,13.229388236999512
746,0.7467467784881592,73.52580261230469,-0.0002767065307125449,-0.00407149875536561,12.005363464355469
747,0.7477477788925171,73.58819580078125,-0.0002769894781522453,-0.00412564305588603,12.203954696655273
748,0.748748779296875,73.65062713623047,-0.0002779006608761847,-0.004463206976652145,13.371562957763672
749,0.7497497797012329,73.71311950683594,-0.00027916504768654704,-0.004822520073503256,14.563689231872559
750,0.7507507801055908,73.77567291259766,-0.0002778491470962763,-0.0042213574051856995,12.243654251098633
751,0.7517517805099487,73.83826446533203,-0.00028001522878184915,-0.0047121369279921055,13.787124633789062
752,0.7527527809143066,73.90092468261719,-0.00028191806632094085,-0.00511627783998847,14.961363792419434
753,0.7537537813186646,73.963623046875,-0.0002835033228620887,-0.0054420772939920425,15.870285987854004
754,0.7547547817230225,74.02638244628906,-0.00027875747764483094,-0.004389820154756308,11.988161087036133
755,0.7557557821273804,74.08919525146484,-0.000280987995211035,-0.005307262297719717,15.292820930480957
756,0.7567567825317383,74.15206146240234,-0.0002824719122145325,-0.006065812893211842,18.07035255432129
757,0.7577577829360962,74.21498107910156,-0.0002825607662089169,-0.006595814134925604,20.087881088256836
758,0.7587587833404541,74.2779541015625,-0.00028161564841866493,-0.0068776835687458515,21.231456756591797
759,0.759759783744812,74.34097290039062,-0.0002799215435516089,-0.006378805264830589,19.574913024902344
760,0.7607607841491699,74.404052734375,-0.000278586579952389,-0.005819311365485191,17.679885864257812
761,0.7617617845535278,74.4671859741211,-0.0002779834030661732,-0.00540950009599328,16.34343147277832
762,0.7627627849578857,74.53038024902344,-0.00027808817685581744,-0.005605216603726149,17.233484268188477
763,0.7637637853622437,74.59361267089844,-0.0002774154127109796,-0.0054586222395300865,16.866758346557617
764,0.7647647857666016,74.65690612792969,-0.00027614840655587614,-0.005734164733439684,17.960128784179688
765,0.7657657861709595,74.72025299072266,-0.0002742143697105348,-0.005713164806365967,17.93712043762207
766,0.7667667865753174,74.78365325927734,-0.00027213519206270576,-0.00629618251696229,20.078859329223633
767,0.7677677869796753,74.84710693359375,-0.0002698681491892785,-0.005627816077321768,17.570650100708008
768,0.7687687873840332,74.91061401367188,-0.0002677061711438,-0.0061536673456430435,19.496843338012695
769,0.7697697877883911,74.97418212890625,-0.00026760692708194256,-0.005810843780636787,18.16150665283203
770,0.770770788192749,75.03779602050781,-0.00026846741093322635,-0.00578135484829545,17.97332763671875
771,0.7717717885971069,75.1014633178711,-0.0002707804669626057,-0.00585985416546464,18.184709548950195
772,0.7727727890014648,75.1651840209961,-0.00027447903994470835,-0.005748715717345476,17.752517700195312
773,0.7737737894058228,75.22896575927734,-0.000279015745036304,-0.00546086672693491,16.681259155273438
774,0.7747747898101807,75.29280090332031,-0.0002809014404192567,-0.006080839317291975,18.96685028076172
775,0.7757757902145386,75.35668182373047,-0.0002841466630343348,-0.0049425167962908745,15.050676345825195
776,0.7767767906188965,75.42062377929688,-0.0002853251644410193,-0.004711875692009926,14.38583755493164
777,0.7777777910232544,75.484619140625,-0.0002865901042241603,-0.004243574105203152,12.916435241699219
778,0.7787787914276123,75.54866790771484,-0.00028453877894207835,-0.004491834435611963,13.973241806030273
779,0.7797797918319702,75.6127700805664,-0.00028450912213884294,-0.003814995987340808,11.716301918029785
780,0.7807807922363281,75.67693328857422,-0.0002826785494107753,-0.003515750402584672,10.735624313354492
781,0.781781792640686,75.74114227294922,-0.00027948274509981275,-0.0034907131921499968,10.70886516571045
782,0.782782793045044,75.80540466308594,-0.00027530803345143795,-0.004229017999023199,13.400511741638184
783,0.7837837934494019,75.8697280883789,-0.0002723605139181018,-0.002776490058749914,8.070965766906738
784,0.7847847938537598,75.9341049194336,-0.000267429044470191,-0.0033490422647446394,10.152254104614258
785,0.7857857942581177,75.99853515625,-0.0002646512584760785,-0.004085404332727194,12.934432029724121
786,0.7867867946624756,76.06301879882812,-0.00026312118279747665,-0.004288192372769117,13.69933032989502
787,0.7877877950668335,76.1275634765625,-0.0002667889348231256,-0.005620923358947039,18.691823959350586
788,0.7887887954711914,76.19215393066406,-0.00027139781741425395,-0.007394338957965374,25.193796157836914
789,0.7897897958755493,76.25680541992188,-0.0002714621659833938,-0.007218311540782452,24.40993309020996
790,0.7907907962799072,76.3215103149414,-0.0002710618718992919,-0.007034403271973133,23.627357482910156
791,0.7917917966842651,76.38626861572266,-0.0002704393700696528,-0.00695052882656455,23.308757781982422
792,0.792792797088623,76.45108032226562,-0.0002678477321751416,-0.006021401379257441,19.877479553222656
793,0.793793797492981,76.51595306396484,-0.00026799849001690745,-0.006764842197299004,22.662389755249023
794,0.7947947978973389,76.58087921142578,-0.000265733920969069,-0.006636536214500666,22.216753005981445
795,0.7957957983016968,76.64585876464844,-0.0002635314012877643,-0.00673254020512104,22.642227172851562
796,0.7967967987060547,76.71089172363281,-0.000262053101323545,-0.007082341704517603,24.043563842773438
797,0.7977977991104126,76.7759780883789,-0.00026045492268167436,-0.007304986007511616,24.99187469482422
798,0.7987987995147705,76.84112548828125,-0.00025909897522069514,-0.007716162130236626,26.71928596496582
799,0.7997997999191284,76.90632629394531,-0.0002600527659524232,-0.008957277983427048,31.678325653076172
800,0.8008008003234863,76.97157287597656,-0.0002574958198238164,-0.008390139788389206,29.631555557250977
801,0.8018018007278442,77.03689575195312,-0.0002558777341619134,-0.008456836454570293,29.984235763549805
802,0.8028028011322021,77.10225677490234,-0.0002551581710577011,-0.009098400361835957,32.51865768432617
803,0.8038038015365601,77.16767883300781,-0.00025479693431407213,-0.00993193220347166,35.78419876098633
804,0.804804801940918,77.233154296875,-0.00025271886261180043,-0.00925191305577755,33.07399368286133
805,0.8058058023452759,77.29869079589844,-0.00025200110394507647,-0.008942593820393085,31.762622833251953
806,0.8068068027496338,77.36427307128906,-0.0002529933990444988,-0.009471471421420574,33.733272552490234
807,0.8078078031539917,77.42991638183594,-0.0002532455255277455,-0.008731083944439888,30.69626808166504
808,0.8088088035583496,77.49562072753906,-0.00025438133161515,-0.009191540069878101,32.46199035644531
809,0.8098098039627075,77.56137084960938,-0.00025454972637817264,-0.009503294713795185,33.74600601196289
810,0.8108108043670654,77.62718963623047,-0.00025412399554625154,-0.0098572988063097,35.28673553466797
811,0.8118118047714233,77.69306182861328,-0.00025365830515511334,-0.00984214711934328,35.42313766479492
812,0.8128128051757812,77.75897979736328,-0.00025406296481378376,-0.010555016808211803,38.3936882019043
813,0.8138138055801392,77.82495880126953,-0.00025546501274220645,-0.011113555170595646,40.759151458740234
814,0.8148148059844971,77.8909912109375,-0.00025654296041466296,-0.01112357433885336,40.91802978515625
815,0.815815806388855,77.95708465576172,-0.0002583686728030443,-0.011746983975172043,43.38121795654297
816,0.8168168067932129,78.02323150634766,-0.000258705229498446,-0.010828821919858456,39.872596740722656
817,0.8178178071975708,78.08943176269531,-0.00025954796001315117,-0.011150923557579517,41.237083435058594
818,0.8188188076019287,78.15569305419922,-0.00025979423662647605,-0.011226020753383636,41.697696685791016
819,0.8198198080062866,78.22200775146484,-0.00025925016961991787,-0.011046462692320347,41.21476364135742
820,0.8208208084106445,78.28837585449219,-0.0002582725719548762,-0.010411594994366169,38.860374450683594
821,0.8218218088150024,78.35481262207031,-0.0002577317936811596,-0.009826580062508583,36.62464141845703
822,0.8228228092193604,78.4212875366211,-0.0002580830769147724,-0.00942525826394558,35.0595588684082
823,0.8238238096237183,78.48783874511719,-0.0002586353220976889,-0.008649799041450024,32.07512283325195
824,0.8248248100280762,78.55442810058594,-0.00025936844758689404,-0.008976604789495468,33.35165786743164
825,0.8258258104324341,78.62108612060547,-0.0002596592821646482,-0.008241048082709312,30.561704635620117
826,0.826826810836792,78.68779754638672,-0.00025924245710484684,-0.007525921333581209,27.854671478271484
827,0.8278278112411499,78.75455474853516,-0.0002575545513536781,-0.006972461007535458,25.740619659423828
828,0.8288288116455078,78.82138061523438,-0.000258652085904032,-0.007428430020809174,27.573244094848633
829,0.8298298120498657,78.88825988769531,-0.0002577041741460562,-0.007465830538421869,27.804798126220703
830,0.8308308124542236,78.9552001953125,-0.00025197883951477706,-0.006310966797173023,23.32843780517578
831,0.8318318128585815,79.02220153808594,-0.0002480073890183121,-0.0054663545452058315,19.974321365356445
832,0.8328328132629395,79.08924865722656,-0.00024964683689177036,-0.0056926533579826355,20.87424087524414
833,0.8338338136672974,79.15635681152344,-0.0002516888780519366,-0.006143307778984308,22.635082244873047
834,0.8348348140716553,79.22352600097656,-0.00025167621788568795,-0.005698984954506159,20.811904907226562
835,0.8358358144760132,79.29074096679688,-0.0002530285273678601,-0.005777232348918915,21.14446258544922
836,0.8368368148803711,79.35801696777344,-0.0002548997290432453,-0.005679135676473379,20.754209518432617
837,0.837837815284729,79.42535400390625,-0.00025688522146083415,-0.004861063323915005,17.51019859313965
838,0.8388388156890869,79.49275207519531,-0.00025772402295842767,-0.005146767944097519,18.549131393432617
839,0.8398398160934448,79.56019592285156,-0.00025734485825523734,-0.0046035535633563995,16.38712501525879
840,0.8408408164978027,79.62770080566406,-0.0002572934899944812,-0.005060539580881596,18.18123435974121
841,0.8418418169021606,79.69527435302734,-0.00025725062005221844,-0.0049145035445690155,17.685714721679688
842,0.8428428173065186,79.76288604736328,-0.0002582297893241048,-0.005753223784267902,21.03645896911621
843,0.8438438177108765,79.83056640625,-0.00025729858316481113,-0.004366503097116947,15.766877174377441
844,0.8448448181152344,79.89830780029297,-0.0002584813046269119,-0.004671453032642603,17.064220428466797
845,0.8458458185195923,79.96610260009766,-0.0002590984804555774,-0.004940310027450323,18.18304443359375
846,0.846846878528595,80.0339584350586,-0.00025960156926885247,-0.006062150001525879,22.563966751098633
847,0.8478478789329529,80.10186004638672,-0.00025824701879173517,-0.005438617430627346,20.237918853759766
848,0.8488488793373108,80.16983032226562,-0.0002551133802626282,-0.005161362700164318,19.22190284729004
849,0.8498498797416687,80.23786163330078,-0.00024985833442769945,-0.004458495415747166,16.473342895507812
850,0.8508508801460266,80.30593872070312,-0.0002461763797327876,-0.0049643749371171,18.522743225097656
851,0.8518518805503845,80.37407684326172,-0.00024169839161913842,-0.004943548236042261,18.461061477661133
852,0.8528528809547424,80.44227600097656,-0.0002380350197199732,-0.005180850625038147,19.480422973632812
853,0.8538538813591003,80.51052856445312,-0.00023493418120779097,-0.004768311977386475,17.742116928100586
854,0.8548548817634583,80.57884216308594,-0.0002324767701793462,-0.004742017947137356,17.64703369140625
855,0.8558558821678162,80.647216796875,-0.00023063291155267507,-0.004532760474830866,16.779264450073242
856,0.8568568825721741,80.71565246582031,-0.00022927993268240243,-0.004637308418750763,17.286415100097656
857,0.857857882976532,80.78413391113281,-0.0002313985605724156,-0.005457577761262655,20.84249496459961
858,0.8588588833808899,80.8526840209961,-0.00022963687661103904,-0.005094620864838362,19.22428321838379
859,0.8598598837852478,80.92127990722656,-0.00023114788928069174,-0.005495148245245218,20.886775970458984
860,0.8608608841896057,80.98995208740234,-0.0002320024068467319,-0.005721434485167265,21.757400512695312
861,0.8618618845939636,81.05866241455078,-0.000230910605750978,-0.0054020569659769535,20.273408889770508
862,0.8628628849983215,81.12744903564453,-0.0002350606519030407,-0.006638084538280964,25.53904914855957
863,0.8638638854026794,81.19628143310547,-0.00023704170598648489,-0.007035668008029461,27.17467498779297
864,0.8648648858070374,81.26518249511719,-0.00024093060346785933,-0.007623640354722738,29.569580078125
865,0.8658658862113953,81.3341293334961,-0.00023927251459099352,-0.006909101270139217,26.592775344848633
866,0.8668668866157532,81.40314483642578,-0.00024226885579992086,-0.007175028789788485,27.75889015197754
867,0.8678678870201111,81.47222137451172,-0.00024055465473793447,-0.006296262610703707,24.237810134887695
868,0.868868887424469,81.54134368896484,-0.00024267754633910954,-0.006678582634776831,25.962385177612305
869,0.8698698878288269,81.61053466796875,-0.00024274741008412093,-0.00722669530659914,28.474191665649414
870,0.8708708882331848,81.6797866821289,-0.0002411707682767883,-0.0075312708504498005,30.050325393676758
871,0.8718718886375427,81.74909210205078,-0.00023941532708704472,-0.0078234588727355,31.61473274230957
872,0.8728728890419006,81.81845092773438,-0.00023932868498377502,-0.00769885303452611,31.3087100982666
873,0.8738738894462585,81.88787078857422,-0.00024047578335739672,-0.00725530693307519,29.431777954101562
874,0.8748748898506165,81.95735931396484,-0.00024323110119439662,-0.007427106145769358,29.95709228515625
875,0.8758758902549744,82.02690887451172,-0.0002448532322887331,-0.007294675335288048,29.197938919067383
876,0.8768768906593323,82.09650421142578,-0.0002474574721418321,-0.007538560777902603,29.961885452270508
877,0.8778778910636902,82.1661605834961,-0.000247736374149099,-0.007262337952852249,28.731569290161133
878,0.8788788914680481,82.23587799072266,-0.0002499721013009548,-0.007830681279301643,31.02524757385254
879,0.879879891872406,82.30565643310547,-0.00024383049458265305,-0.006498723290860653,25.763065338134766
880,0.8808808922767639,82.37548828125,-0.00024223093350883573,-0.006498187780380249,25.920095443725586
881,0.8818818926811218,82.44538116455078,-0.00023864422109909356,-0.006122431717813015,24.521102905273438
882,0.8828828930854797,82.51534271240234,-0.00023888819850981236,-0.0070251887664198875,28.486417770385742
883,0.8838838934898376,82.58535766601562,-0.0002381943049840629,-0.007692021783441305,31.48472023010254
884,0.8848848938941956,82.65543365478516,-0.00023714186681900173,-0.007899527437984943,32.480987548828125
885,0.8858858942985535,82.72557067871094,-0.00023787692771293223,-0.008389455266296864,34.534271240234375
886,0.8868868947029114,82.7957534790039,-0.00023119745310395956,-0.0066436296328902245,26.936817169189453
887,0.8878878951072693,82.86600494384766,-0.00022935822198633105,-0.005390501115471125,21.309690475463867
888,0.8888888955116272,82.93631744384766,-0.0002313158183824271,-0.004236842039972544,16.157190322875977
889,0.8898898959159851,83.00669860839844,-0.0002309189731022343,-0.004289743956178427,16.28023910522461
890,0.890890896320343,83.0771255493164,-0.00022876299044582993,-0.004916527774184942,18.96066665649414
891,0.8918918967247009,83.14761352539062,-0.00023160415003076196,-0.004101394675672054,15.371345520019531
892,0.8928928971290588,83.21817016601562,-0.00022880584583617747,-0.0051895612850785255,20.077106475830078
893,0.8938938975334167,83.28878021240234,-0.0002322710060980171,-0.004003938753157854,14.93625545501709
894,0.8948948979377747,83.35945129394531,-0.00023049331502988935,-0.004519532900303602,17.192102432250977
895,0.8958958983421326,83.43018341064453,-0.0002306284150108695,-0.004354666918516159,16.51412582397461
896,0.8968968987464905,83.5009765625,-0.00023008399875834584,-0.004392838105559349,16.77456283569336
897,0.8978978991508484,83.57182312011719,-0.00022884493228048086,-0.005089051555842161,19.97405433654785
898,0.8988988995552063,83.64273071289062,-0.00022865828941576183,-0.004695754032582045,18.465402603149414
899,0.8998998999595642,83.71370697021484,-0.00022829935187473893,-0.004920979496091604,19.65045166015625
900,0.9009009003639221,83.78473663330078,-0.00022913211432751268,-0.005386370234191418,21.821992874145508
901,0.90190190076828,83.85582733154297,-0.00022876114235259593,-0.0051105087623000145,20.717670440673828
902,0.9029029011726379,83.9269790649414,-0.0002280358166899532,-0.004881495144218206,19.81492042541504
903,0.9039039015769958,83.99818420410156,-0.00022688379976898432,-0.004768501967191696,19.3731689453125
904,0.9049049019813538,84.06946563720703,-0.00022670693579129875,-0.0038910717703402042,15.476078987121582
905,0.9059059023857117,84.14079284667969,-0.00022442208137363195,-0.00458641117438674,18.46437644958496
906,0.9069069027900696,84.21219635009766,-0.00022309503401629627,-0.005034995265305042,20.369754791259766
907,0.9079079031944275,84.28364562988281,-0.0002232997358078137,-0.0047636800445616245,19.07174301147461
908,0.9089089035987854,84.35516357421875,-0.00022475022706203163,-0.0044586979784071445,17.653011322021484
909,0.9099099040031433,84.42674255371094,-0.00022442216868512332,-0.005760399159044027,23.460691452026367
910,0.9109109044075012,84.49837493896484,-0.0002258427266497165,-0.005889859516173601,24.122390747070312
911,0.9119119048118591,84.57007598876953,-0.00022813167015556246,-0.0062756408005952835,25.925928115844727
912,0.912912905216217,84.64183044433594,-0.00022804316540714353,-0.0060301306657493114,24.98663902282715
913,0.913913905620575,84.71365356445312,-0.00022683851420879364,-0.005250528920441866,21.656333923339844
914,0.9149149060249329,84.78553009033203,-0.00022684330178890377,-0.005308517720550299,21.962928771972656
915,0.9159159064292908,84.85746765136719,-0.0002260160690639168,-0.005045268218964338,20.808731079101562
916,0.9169169068336487,84.92947387695312,-0.00022517473553307354,-0.004347928799688816,17.714815139770508
917,0.9179179072380066,85.00153350830078,-0.0002232152910437435,-0.004717768169939518,19.387876510620117
918,0.9189189076423645,85.07366180419922,-0.00022106917458586395,-0.004667028784751892,19.207534790039062
919,0.9199199080467224,85.1458511352539,-0.0002191229141317308,-0.004932883195579052,20.517423629760742
920,0.9209209084510803,85.21809387207031,-0.00021780288079753518,-0.004106821957975626,16.820451736450195
921,0.9219219088554382,85.29039764404297,-0.0002164843026548624,-0.005182251334190369,21.794069290161133
922,0.9229229092597961,85.3627700805664,-0.00021615158766508102,-0.004665318876504898,19.403715133666992
923,0.923923909664154,85.43519592285156,-0.00021604598441626877,-0.004937263205647469,20.637346267700195
924,0.924924910068512,85.50769805908203,-0.00021656880562659353,-0.006120328791439533,26.102018356323242
925,0.9259259104728699,85.58024597167969,-0.00021654993179254234,-0.006228244863450527,26.638736724853516
926,0.9269269108772278,85.6528549194336,-0.00021595080033876002,-0.005662499461323023,24.023216247558594
927,0.9279279112815857,85.72554779052734,-0.00021640554768964648,-0.006070684175938368,25.890850067138672
928,0.9289289116859436,85.79827880859375,-0.00021694102906621993,-0.0069702970795333385,30.003633499145508
929,0.9299299120903015,85.87108612060547,-0.00021685936371795833,-0.006356697995215654,27.14855194091797
930,0.9309309124946594,85.9439468383789,-0.00021667996770702302,-0.0056730881333351135,24.00844383239746
931,0.9319319128990173,86.01686096191406,-0.00021628919057548046,-0.005892380606383085,25.088491439819336
932,0.9329329133033752,86.08985137939453,-0.0002154381654690951,-0.005906026344746351,25.246789932250977
933,0.9339339137077332,86.16289520263672,-0.00021441263379529119,-0.00556266400963068,23.739513397216797
934,0.9349349141120911,86.23600769042969,-0.00021409193868748844,-0.005144327413290739,21.815521240234375
935,0.935935914516449,86.3091812133789,-0.00021291326265782118,-0.005784176290035248,24.812610626220703
936,0.9369369149208069,86.38240814208984,-0.00021310249576345086,-0.006270129699259996,27.04709243774414
937,0.9379379153251648,86.45570373535156,-0.0002139774733223021,-0.0066873724572360516,28.880386352539062
938,0.9389389157295227,86.52906799316406,-0.00021508813370019197,-0.006628116127103567,28.46327018737793
939,0.9399399161338806,86.60248565673828,-0.00021601791377179325,-0.006149200722575188,26.129972457885742
940,0.9409409165382385,86.67597198486328,-0.00021862596622668207,-0.007227778900414705,30.973915100097656
941,0.9419419169425964,86.74951171875,-0.00021870566706638783,-0.006267979741096497,26.529844284057617
942,0.9429429173469543,86.82312774658203,-0.00021897490660194308,-0.0061814868822693825,26.10789680480957
943,0.9439439177513123,86.89679718017578,-0.00021882029250264168,-0.006238029338419437,26.365474700927734
944,0.9449449181556702,86.97053527832031,-0.00021887691400479525,-0.007104240357875824,30.334901809692383
945,0.9459459185600281,87.04431915283203,-0.0002177492278860882,-0.007554912939667702,32.44968795776367
946,0.946946918964386,87.11817932128906,-0.00021663263032678515,-0.007232654374092817,31.043079376220703
947,0.9479479193687439,87.19210052490234,-0.00021462059521581978,-0.006751600187271833,28.930042266845703
948,0.9489489793777466,87.2660903930664,-0.0002121538418577984,-0.006101125385612249,25.980566024780273
949,0.9499499797821045,87.34013366699219,-0.0002099484991049394,-0.005828101187944412,24.84424591064453
950,0.9509509801864624,87.41423797607422,-0.00020789261907339096,-0.0070461672730743885,30.912349700927734
951,0.9519519805908203,87.48841094970703,-0.00020660218433476985,-0.007031040266156197,31.15294647216797
952,0.9529529809951782,87.56263732910156,-0.00020576622046064585,-0.006737474352121353,30.026573181152344
953,0.9539539813995361,87.6369400024414,-0.00020470601157285273,-0.006061188410967588,27.04572296142578
954,0.954954981803894,87.71129608154297,-0.0002045225555775687,-0.006315272767096758,28.590579986572266
955,0.955955982208252,87.78572845458984,-0.0002036385121755302,-0.005543623119592667,25.017789840698242
956,0.9569569826126099,87.86021423339844,-0.0002037877420661971,-0.00626211054623127,28.685041427612305
957,0.9579579830169678,87.93476104736328,-0.0002037634258158505,-0.006316702347248793,29.011478424072266
958,0.9589589834213257,88.0093765258789,-0.00020368260447867215,-0.006313695572316647,29.0080623626709
959,0.9599599838256836,88.08405303955078,-0.00020351099374238402,-0.006824440788477659,31.572120666503906
960,0.9609609842300415,88.1587905883789,-0.0002040663966909051,-0.007027524057775736,32.641563415527344
961,0.9619619846343994,88.23359680175781,-0.00020579611009452492,-0.0076111359521746635,35.53101348876953
962,0.9629629850387573,88.30846405029297,-0.00020702525216620415,-0.007379645947366953,34.4161376953125
963,0.9639639854431152,88.38339233398438,-0.00020723574561998248,-0.006380358245223761,29.636539459228516
964,0.9649649858474731,88.45838165283203,-0.00020758513710461557,-0.006123239174485207,28.49245262145996
965,0.965965986251831,88.53343963623047,-0.0002055088698398322,-0.005547699518501759,25.785884857177734
966,0.966966986656189,88.60856628417969,-0.00020557719108182937,-0.005523605737835169,25.710607528686523
967,0.9679679870605469,88.68374633789062,-0.00020484664128161967,-0.005392573773860931,25.087474822998047
968,0.9689689874649048,88.75899505615234,-0.00020271001267246902,-0.0051503609865903854,23.904630661010742
969,0.9699699878692627,88.83431243896484,-0.00020379110355861485,-0.005473812576383352,25.47128677368164
970,0.9709709882736206,88.90968322753906,-0.00020414803293533623,-0.005696817301213741,26.553499221801758
971,0.9719719886779785,88.98513793945312,-0.0002026005822699517,-0.005545404274016619,25.799182891845703
972,0.9729729890823364,89.06063842773438,-0.00020664595649577677,-0.0064149778336286545,30.046537399291992
973,0.9739739894866943,89.13619995117188,-0.00020649301586672664,-0.0065529122948646545,30.75495719909668
974,0.9749749898910522,89.21183776855469,-0.0002070467744488269,-0.007130087818950415,33.62084197998047
975,0.9759759902954102,89.28753662109375,-0.00020674563711509109,-0.007735299412161112,36.61307907104492
976,0.9769769906997681,89.36328887939453,-0.0002052079071290791,-0.007014563772827387,33.13560104370117
977,0.977977991104126,89.43911743164062,-0.00020458761719055474,-0.007231813855469227,34.18216323852539
978,0.9789789915084839,89.5150146484375,-0.00020420308283064514,-0.00749262236058712,35.429344177246094
979,0.9799799919128418,89.59095764160156,-0.00020300839969422668,-0.007346664555370808,34.68781661987305
980,0.9809809923171997,89.66697692871094,-0.0001996988576138392,-0.006651085801422596,31.235715866088867
981,0.9819819927215576,89.7430648803711,-0.00019967184925917536,-0.007118240464478731,33.64697265625
982,0.9829829931259155,89.81920623779297,-0.0001981278182938695,-0.007120529189705849,33.85120391845703
983,0.9839839935302734,89.89541625976562,-0.00019364646868780255,-0.006136899348348379,29.031370162963867
984,0.9849849939346313,89.97168731689453,-0.0001921998627949506,-0.005115903448313475,23.887651443481445
985,0.9859859943389893,90.04803466796875,-0.00019515425083227456,-0.004484622273594141,20.763168334960938
986,0.9869869947433472,90.12445068359375,-0.0002018105733441189,-0.0035923097748309374,16.3377628326416
987,0.9879879951477051,90.20091247558594,-0.00020130154734943062,-0.003892209380865097,17.830698013305664
988,0.988988995552063,90.27745819091797,-0.00019835366401821375,-0.004497230052947998,20.832477569580078
989,0.9899899959564209,90.35404968261719,-0.00019443585188128054,-0.0055853272788226604,26.350692749023438
990,0.9909909963607788,90.43071746826172,-0.00019391295791137964,-0.005314592272043228,24.983718872070312
991,0.9919919967651367,90.5074462890625,-0.00019270363554824144,-0.005289548542350531,24.937732696533203
992,0.9929929971694946,90.58423614501953,-0.0001910808205138892,-0.006232540588825941,29.972339630126953
993,0.9939939975738525,90.6611099243164,-0.00018962474132422358,-0.006202493794262409,29.967832565307617
994,0.9949949979782104,90.73802947998047,-0.00018883439770434052,-0.006356165744364262,30.93762969970703
995,0.9959959983825684,90.81501770019531,-0.00018722086679190397,-0.005819156765937805,28.237316131591797
996,0.9969969987869263,90.89208221435547,-0.00018665906100068241,-0.005666491575539112,27.507667541503906
997,0.9979979991912842,90.96920013427734,-0.00018725097470451146,-0.005657098721712828,27.461633682250977
998,0.9989989995956421,91.04638671875,-0.00018814207578543574,-0.005192664451897144,24.94719123840332
999,1.0,91.12364959716797,-0.00019029116083402187,-0.005289060063660145,25.375629425048828
