index,timestep,Diffusion_Coeff,Divergence,score,pos
0,0.0,39.05299377441406,-0.026512421667575836,-0.009669214487075806,-0.2897930145263672
1,0.0010010009864345193,39.08612823486328,-0.026998246088624,-0.020268956199288368,0.18675655126571655
2,0.0020020019728690386,39.11929702758789,-0.02664509229362011,-0.04133816808462143,0.9316995143890381
3,0.0030030030757188797,39.15248489379883,-0.025068769231438637,-0.10647397488355637,3.3930959701538086
4,0.004004003945738077,39.185707092285156,-0.02601928636431694,-0.06361497193574905,1.6799707412719727
5,0.005005004815757275,39.218955993652344,-0.025569859892129898,-0.07774221152067184,2.2415823936462402
6,0.006006006151437759,39.25223159790039,-0.024389591068029404,-0.12578746676445007,4.223268508911133
7,0.007007007021456957,39.28553771972656,-0.023347198963165283,-0.15888112783432007,5.703897476196289
8,0.008008007891476154,39.31887435913086,-0.02243756502866745,-0.1738096922636032,6.490327835083008
9,0.009009009227156639,39.352237701416016,-0.02238323912024498,-0.16676554083824158,6.336162567138672
10,0.01001000963151455,39.38562774658203,-0.023490795865654945,-0.10489530116319656,3.8169124126434326
11,0.011011010967195034,39.41904830932617,-0.019587690010666847,-0.18697023391723633,7.780986785888672
12,0.012012012302875519,39.452491760253906,-0.015630483627319336,-0.20452240109443665,9.117952346801758
13,0.013013012707233429,39.48596954345703,-0.01881757564842701,-0.17259974777698517,7.606038570404053
14,0.014014014042913914,39.51947021484375,-0.016262896358966827,-0.1868111491203308,8.714309692382812
15,0.015015014447271824,39.55300521850586,-0.013497905805706978,-0.19209499657154083,9.446287155151367
16,0.01601601578295231,39.58656692504883,-0.0036490154452621937,-0.19949746131896973,11.034268379211426
17,0.01701701618731022,39.620155334472656,0.00013038970064371824,-0.19329865276813507,11.50643253326416
18,0.018018018454313278,39.653770446777344,0.0014500340912491083,-0.18822316825389862,11.705778121948242
19,0.01901901885867119,39.68742370605469,0.00994171667844057,-0.1784554272890091,12.700531005859375
20,0.0200200192630291,39.721092224121094,0.013036612421274185,-0.169330433011055,13.21546745300293
21,0.021021021530032158,39.754798889160156,0.0031646150164306164,-0.17257389426231384,12.306205749511719
22,0.022022021934390068,39.78852844238281,0.00017078602104447782,-0.16817820072174072,12.003756523132324
23,0.023023022338747978,39.82229232788086,0.018062474206089973,-0.14409185945987701,14.32941722869873
24,0.024024024605751038,39.8560791015625,0.018116848543286324,-0.1382542997598648,14.505853652954102
25,0.025025025010108948,39.889896392822266,0.01915559358894825,-0.12974977493286133,14.7908353805542
26,0.026026025414466858,39.92374801635742,0.019802656024694443,-0.1223239153623581,14.982902526855469
27,0.027027025818824768,39.95762252807617,0.009904153645038605,-0.13535769283771515,13.801156044006348
28,0.028028028085827827,39.99152755737305,0.00853385403752327,-0.13313739001750946,13.58377742767334
29,0.029029028490185738,40.02545928955078,0.0016798502765595913,-0.13552001118659973,12.334795951843262
30,0.030030028894543648,40.05942153930664,0.004573958460241556,-0.13107314705848694,12.82412052154541
31,0.031031031161546707,40.093414306640625,0.011463791131973267,-0.11955571919679642,13.870170593261719
32,0.03203203156590462,40.1274299621582,0.021695250645279884,-0.0948004350066185,15.293478012084961
33,0.03303303197026253,40.16147994995117,0.003996152430772781,-0.12490808218717575,12.817581176757812
34,0.03403403237462044,40.195556640625,-0.0020773527212440968,-0.12492986768484116,11.323840141296387
35,0.03503503277897835,40.22966384887695,-0.007447494193911552,-0.11266648024320602,9.185893058776855
36,0.036036036908626556,40.263797760009766,0.0018850850174203515,-0.1208413764834404,12.608839988708496
37,0.03703703731298447,40.29795837402344,-0.00199119676835835,-0.11789140105247498,11.486698150634766
38,0.03803803771734238,40.3321533203125,-0.0019657686352729797,-0.11494336277246475,11.502420425415039
39,0.03903903812170029,40.36637878417969,-0.0007521690567955375,-0.11205791682004929,11.928166389465332
40,0.0400400385260582,40.40062713623047,-0.004441616591066122,-0.10395114868879318,10.293703079223633
41,0.04104103893041611,40.434906005859375,-0.008426543325185776,-0.08183398097753525,7.5399627685546875
42,0.042042043060064316,40.469215393066406,-0.007158240303397179,-0.08252143114805222,8.143610954284668
43,0.043043043464422226,40.50355529785156,-0.0047996509820222855,-0.0876956582069397,9.58902359008789
44,0.044044043868780136,40.53792190551758,-0.007371718995273113,-0.07094252854585648,7.260007381439209
45,0.045045044273138046,40.572322845458984,-0.00688108429312706,-0.07204626500606537,7.575840950012207
46,0.046046044677495956,40.606746673583984,-0.0059819407761096954,-0.07551305741071701,8.294212341308594
47,0.04704704508185387,40.641197204589844,-0.004614570178091526,-0.08021782338619232,9.369670867919922
48,0.048048049211502075,40.67568588256836,-0.003773906035348773,-0.08167409151792526,9.96927261352539
49,0.049049049615859985,40.71019744873047,-0.002887415699660778,-0.08206449449062347,10.564311027526855
50,0.050050050020217896,40.7447395324707,-0.001470324583351612,-0.08199232816696167,11.471001625061035
51,0.051051050424575806,40.77931213378906,-0.0020717873703688383,-0.07778720557689667,11.073957443237305
52,0.052052050828933716,40.81391143798828,-0.0027551017701625824,-0.07311941683292389,10.466361045837402
53,0.053053051233291626,40.84854507446289,-0.0016884295037016273,-0.0722322165966034,11.277666091918945
54,0.054054051637649536,40.88320541381836,-0.0014269521925598383,-0.07023122906684875,11.431282997131348
55,0.055055055767297745,40.91789627075195,0.0020364385563880205,-0.06775803118944168,13.522065162658691
56,0.056056056171655655,40.952613830566406,0.0031344923190772533,-0.06470400840044022,14.013537406921387
57,0.057057056576013565,40.987361907958984,0.004045646637678146,-0.06210096925497055,14.381953239440918
58,0.058058056980371475,41.02214431762695,0.0064230142161250114,-0.05657406151294708,15.271180152893066
59,0.059059057384729385,41.056949615478516,0.011249544098973274,-0.0400787778198719,17.107887268066406
60,0.060060057789087296,41.0917854309082,0.00905576627701521,-0.04754102975130081,16.418970108032227
61,0.061061061918735504,41.12665557861328,0.010162441059947014,-0.042292989790439606,17.036836624145508
62,0.062062062323093414,41.16154479980469,0.011155301705002785,-0.036909595131874084,17.650785446166992
63,0.06306306272745132,41.19647216796875,0.006042519584298134,-0.05402261018753052,15.776762008666992
64,0.06406406313180923,41.23143005371094,0.004141953773796558,-0.05733048915863037,15.144989013671875
65,0.06506506353616714,41.266414642333984,0.009898502379655838,-0.039336197078228,17.61603546142578
66,0.06606606394052505,41.301429748535156,0.01197090558707714,-0.022373979911208153,19.11890983581543
67,0.06706706434488297,41.33647537231445,0.011123422533273697,-0.0247300174087286,18.884145736694336
68,0.06806806474924088,41.37154769897461,0.008277349174022675,-0.036777034401893616,17.52685546875
69,0.06906906515359879,41.406654357910156,0.010115562006831169,-0.008344834670424461,20.372051239013672
70,0.0700700655579567,41.44178771972656,0.007717589847743511,0.010077648796141148,22.50747299194336
71,0.0710710734128952,41.476951599121094,0.007223390508443117,0.008948082104325294,22.530065536499023
72,0.07207207381725311,41.512142181396484,0.0071785044856369495,0.00579986022785306,22.220821380615234
73,0.07307307422161102,41.547367095947266,0.007379315793514252,0.00018038571579381824,21.593303680419922
74,0.07407407462596893,41.582618713378906,0.007124803029000759,3.76860516553279e-05,21.68983268737793
75,0.07507507503032684,41.61790466308594,0.007464834954589605,-0.008950787596404552,20.52872085571289
76,0.07607607543468475,41.65321731567383,0.007018007338047028,0.0002558022679295391,21.83018684387207
77,0.07707707583904266,41.688560485839844,0.007233897224068642,-0.0023358447942882776,21.52088165283203
78,0.07807807624340057,41.72393035888672,0.007573026232421398,-0.014129281044006348,20.00705337524414
79,0.07907907664775848,41.75933074951172,0.007431882433593273,-0.014778664335608482,19.97417449951172
80,0.0800800770521164,41.794769287109375,0.007054198067635298,-0.01804342493414879,19.574893951416016
81,0.0810810774564743,41.830230712890625,0.006422081962227821,-0.02198565937578678,18.99947738647461
82,0.08208207786083221,41.865726470947266,0.006486710160970688,-0.017676977440714836,19.61721420288086
83,0.08308307826519012,41.9012451171875,0.006290559656918049,-0.016040213406085968,19.783039093017578
84,0.08408408612012863,41.93680191040039,0.005925102159380913,-0.01834961026906967,19.275989532470703
85,0.08508508652448654,41.97238540649414,0.00574825145304203,-0.018814174458384514,19.045124053955078
86,0.08608608692884445,42.00799560546875,0.00545892957597971,-0.02070263773202896,18.521724700927734
87,0.08708708733320236,42.043643951416016,0.005717577412724495,-0.01456773467361927,19.368690490722656
88,0.08808808773756027,42.079315185546875,0.005531931295990944,-0.014436732977628708,19.166305541992188
89,0.08908908814191818,42.115020751953125,0.00518963485956192,-0.016507266089320183,18.592985153198242
90,0.09009008854627609,42.1507568359375,0.0050954632461071014,-0.014487141743302345,18.816587448120117
91,0.091091088950634,42.186519622802734,0.00490722618997097,-0.005259938072413206,20.531667709350586
92,0.09209208935499191,42.22231674194336,0.004822476767003536,-0.008166524581611156,19.915611267089844
93,0.09309308975934982,42.258140563964844,0.0046422239392995834,-0.007702476345002651,20.088376998901367
94,0.09409409016370773,42.29399490356445,0.004521283321082592,-0.010665517300367355,19.566402435302734
95,0.09509509056806564,42.32988739013672,0.004177648574113846,-0.017484480515122414,18.14029312133789
96,0.09609609842300415,42.36580276489258,0.004242633003741503,-0.01497198361903429,18.875198364257812
97,0.09709709882736206,42.40175247192383,0.003312421031296253,-0.02382727712392807,16.72039794921875
98,0.09809809923171997,42.4377326965332,0.0029485332779586315,-0.02509327605366707,16.401994705200195
99,0.09909909963607788,42.473731994628906,0.001026128069497645,-0.030275842174887657,13.573562622070312
100,0.10010010004043579,42.5097770690918,0.0013420797185972333,-0.02873356081545353,14.288668632507324
101,0.1011011004447937,42.545841217041016,0.0014838320203125477,-0.027766704559326172,14.659131050109863
102,0.10210210084915161,42.58195114135742,0.001368903205730021,-0.02763681858778,14.493895530700684
103,0.10310310125350952,42.618080139160156,0.0006830455968156457,-0.028752559795975685,13.095184326171875
104,0.10410410165786743,42.65423583984375,0.001117516541853547,-0.02767012268304825,13.945343017578125
105,0.10510510206222534,42.6904296875,0.0011411115992814302,-0.02751218155026436,13.839800834655762
106,0.10610610246658325,42.726654052734375,0.0019457258749753237,-0.02476070076227188,15.375563621520996
107,0.10710710287094116,42.762908935546875,0.0009330392931587994,-0.02720114402472973,13.203474998474121
108,0.10810810327529907,42.799190521240234,0.0007089002174325287,-0.026976630091667175,12.637894630432129
109,0.10910911113023758,42.83551025390625,0.001841508550569415,-0.02314642444252968,15.358487129211426
110,0.11011011153459549,42.871856689453125,0.002147812396287918,-0.021394187584519386,16.218421936035156
111,0.1111111119389534,42.90822982788086,0.0020987195894122124,-0.02171129733324051,16.175216674804688
112,0.11211211234331131,42.94463348388672,0.0028540948405861855,-0.015563435852527618,18.749300003051758
113,0.11311311274766922,42.9810791015625,0.0028625777922570705,-0.014924678951501846,19.11343002319336
114,0.11411411315202713,43.017547607421875,0.002113271038979292,-0.020682547241449356,16.892728805541992
115,0.11511511355638504,43.054054260253906,0.002740604570135474,-0.01425677165389061,19.492029190063477
116,0.11611611396074295,43.090579986572266,0.002762718591839075,-0.012542907148599625,20.049638748168945
117,0.11711711436510086,43.127140045166016,0.0027800998650491238,-0.010250447317957878,20.844032287597656
118,0.11811811476945877,43.16373825073242,0.00269489036872983,-0.010656876489520073,20.659807205200195
119,0.11911911517381668,43.20035934448242,0.0026439728680998087,-0.011011525057256222,20.46531867980957
120,0.12012011557817459,43.23701477050781,0.002456468064337969,-0.013440570794045925,19.44013786315918
121,0.1211211159825325,43.27370834350586,0.0026779675390571356,-0.00743509316816926,21.705474853515625
122,0.12212212383747101,43.3104248046875,0.0025686323642730713,-0.00815066508948803,21.453895568847656
123,0.12312312424182892,43.34716796875,0.002505908254534006,-0.00718446122482419,21.823850631713867
124,0.12412412464618683,43.38395309448242,0.002399518620222807,-0.007959490641951561,21.49004364013672
125,0.12512512505054474,43.42076110839844,0.002220080466940999,-0.002662725979462266,23.77532196044922
126,0.12612612545490265,43.45760726928711,0.0022545773535966873,-0.006047327537089586,22.327526092529297
127,0.12712712585926056,43.494476318359375,0.002196263987571001,-0.006147077307105064,22.297086715698242
128,0.12812812626361847,43.5313835144043,0.002102963626384735,-0.008892528712749481,20.993637084960938
129,0.12912912666797638,43.56832504272461,0.002022432629019022,-0.010092887096107006,20.329421997070312
130,0.1301301270723343,43.605289459228516,0.0021300369407981634,-0.005612912587821484,22.369611740112305
131,0.1311311274766922,43.64228820800781,0.0021348781883716583,-0.005981018301099539,22.111337661743164
132,0.1321321278810501,43.679317474365234,0.002048864495009184,-0.004047451540827751,22.9727725982666
133,0.13313312828540802,43.71638107299805,0.00201439019292593,-0.004381960723549128,22.81814193725586
134,0.13413412868976593,43.753475189208984,0.001852810150012374,-0.003103309078142047,23.534435272216797
135,0.13513512909412384,43.79059600830078,0.0016401044558733702,-0.003035908564925194,23.981029510498047
136,0.13613612949848175,43.827762603759766,0.0017440414521843195,-0.006917220540344715,22.024023056030273
137,0.13713712990283966,43.86494445800781,0.0016444972716271877,-0.007096633315086365,22.099430084228516
138,0.13813813030719757,43.902164459228516,0.0015751842875033617,-0.006592479534447193,22.527685165405273
139,0.13913913071155548,43.93941879272461,0.0014696646248921752,-0.00538642005994916,23.41203498840332
140,0.1401401311159134,43.9766960144043,0.001493553165346384,-0.005647002719342709,23.26553726196289
141,0.1411411464214325,44.014015197753906,0.0015496911946684122,-0.006188964005559683,22.849943161010742
142,0.1421421468257904,44.051361083984375,0.001599930110387504,-0.009980096481740475,20.39969253540039
143,0.14314314723014832,44.08873748779297,0.0015584949869662523,-0.010470136068761349,20.03583526611328
144,0.14414414763450623,44.12614822387695,0.0015120801981538534,-0.006386407185345888,22.57418441772461
145,0.14514514803886414,44.1635856628418,0.001463303342461586,-0.00622095912694931,22.657716751098633
146,0.14614614844322205,44.20106506347656,0.0012740892125293612,-0.0050369612872600555,23.570138931274414
147,0.14714714884757996,44.238563537597656,0.001274953712709248,-0.00571434898301959,23.266246795654297
148,0.14814814925193787,44.27610778808594,0.0011467125732451677,-0.005208384245634079,24.005956649780273
149,0.14914914965629578,44.31366729736328,0.000993381254374981,-0.004287421237677336,25.150596618652344
150,0.1501501500606537,44.35126876831055,0.0011989420745521784,-0.00666524562984705,23.25229835510254
151,0.1511511504650116,44.38890075683594,0.001168766408227384,-0.009782972745597363,20.727622985839844
152,0.1521521508693695,44.426570892333984,0.0011374964378774166,-0.009799554944038391,20.63441276550293
153,0.15315315127372742,44.464263916015625,0.001142650842666626,-0.00948471762239933,20.820344924926758
154,0.15415415167808533,44.50199508666992,0.001088745892047882,-0.010634626261889935,19.742645263671875
155,0.15515515208244324,44.53975296020508,0.0011337207397446036,-0.009751448407769203,20.614215850830078
156,0.15615615248680115,44.57754898071289,0.001147052040323615,-0.008105456829071045,22.224939346313477
157,0.15715715289115906,44.6153678894043,0.000965640414506197,-0.005724272690713406,24.708757400512695
158,0.15815815329551697,44.653228759765625,0.0010792349930852652,-0.007673858664929867,23.100261688232422
159,0.15915915369987488,44.69111251831055,0.0010498040355741978,-0.011144636198878288,20.124780654907227
160,0.1601601541042328,44.72903823852539,0.0010338808642700315,-0.011316874995827675,20.063335418701172
161,0.1611611545085907,44.76698684692383,0.0010507506085559726,-0.010837056674063206,20.52577781677246
162,0.1621621549129486,44.804969787597656,0.0010738437995314598,-0.010160236619412899,21.07616424560547
163,0.16316315531730652,44.842987060546875,0.0010893482249230146,-0.01034850999712944,20.753068923950195
164,0.16416415572166443,44.88103485107422,0.0010244566947221756,-0.010975324548780918,20.07805633544922
165,0.16516515612602234,44.91912078857422,0.000989176332950592,-0.00970634538680315,21.297012329101562
166,0.16616615653038025,44.95723342895508,0.0009138199966400862,-0.009660126641392708,21.361555099487305
167,0.16716717183589935,44.99538040161133,0.0008137121330946684,-0.008610597811639309,22.64640235900879
168,0.16816817224025726,45.03356170654297,0.0007050198037177324,-0.008039645850658417,23.601423263549805
169,0.16916917264461517,45.071773529052734,0.0006810638587921858,-0.008246591314673424,23.373075485229492
170,0.17017017304897308,45.110015869140625,0.0007102643139660358,-0.009784827008843422,21.03101921081543
171,0.171171173453331,45.14828872680664,0.0006707286229357123,-0.010317826643586159,19.920244216918945
172,0.1721721738576889,45.18659973144531,0.0006289430893957615,-0.010820125229656696,18.760950088500977
173,0.17317317426204681,45.22494125366211,0.0006312918849289417,-0.010097061283886433,19.52198028564453
174,0.17417417466640472,45.2633171081543,0.0006065956549718976,-0.009275301359593868,20.569316864013672
175,0.17517517507076263,45.30172348022461,0.0005410402081906796,-0.009167692624032497,20.742053985595703
176,0.17617617547512054,45.34016036987305,0.0004551989841274917,-0.008594563230872154,22.226804733276367
177,0.17717717587947845,45.37863540649414,0.0004240430425852537,-0.009462561458349228,20.775100708007812
178,0.17817817628383636,45.41713333129883,0.0004016676393803209,-0.009614416398108006,20.839284896850586
179,0.17917917668819427,45.45567321777344,0.0003918138681910932,-0.010507646948099136,18.921043395996094
180,0.18018017709255219,45.49424362182617,0.00041374884312972426,-0.0106504550203681,18.889013290405273
181,0.1811811774969101,45.53284454345703,0.0004703607119154185,-0.00976700708270073,21.081134796142578
182,0.182182177901268,45.571475982666016,0.0005122759030200541,-0.00938272662460804,21.87766456604004
183,0.18318317830562592,45.610145568847656,0.000520029803737998,-0.008968674577772617,22.718626022338867
184,0.18418417870998383,45.64884567260742,0.0005350529681891203,-0.010170460678637028,20.596485137939453
185,0.18518517911434174,45.68758010864258,0.000515452993568033,-0.01087174005806446,19.365751266479492
186,0.18618617951869965,45.726348876953125,0.0004978099605068564,-0.011242520995438099,18.71204948425293
187,0.18718717992305756,45.76514434814453,0.0004917073529213667,-0.011294102296233177,18.75415802001953
188,0.18818818032741547,45.803977966308594,0.00047300546430051327,-0.01169463712722063,18.0587158203125
189,0.18918918073177338,45.84284210205078,0.000466981582576409,-0.011849266476929188,17.870580673217773
190,0.1901901811361313,45.881744384765625,0.00041559210512787104,-0.01237182505428791,16.896732330322266
191,0.1911911815404892,45.92066955566406,0.00044972036266699433,-0.012027600780129433,18.04001808166504
192,0.1921921968460083,45.95963668823242,0.00040954950964078307,-0.012487267144024372,17.271238327026367
193,0.1931931972503662,45.99863052368164,0.00018151856784243137,-0.01381102204322815,13.253499031066895
194,0.19419419765472412,46.037662506103516,0.0002694993163459003,-0.013544107787311077,14.695669174194336
195,0.19519519805908203,46.07672882080078,0.0001944356190506369,-0.013846350833773613,13.493263244628906
196,0.19619619846343994,46.115821838378906,0.00019168165454175323,-0.01387595385313034,13.496726989746094
197,0.19719719886779785,46.15495300292969,9.441668225917965e-05,-0.014081737957894802,12.26263427734375
198,0.19819819927215576,46.194114685058594,0.00016279879491776228,-0.013956235721707344,13.289544105529785
199,0.19919919967651367,46.23331069946289,0.00032193088554777205,-0.01344753336161375,15.204456329345703
200,0.20020020008087158,46.27254104614258,0.0003943548654206097,-0.013077273964881897,16.09636878967285
201,0.2012012004852295,46.31180191040039,0.0001736951235216111,-0.013792812824249268,13.35445785522461
202,0.2022022008895874,46.35110092163086,0.00025304825976490974,-0.013496010564267635,14.296679496765137
203,0.2032032012939453,46.39043045043945,0.00042889092583209276,-0.012330660596489906,17.344711303710938
204,0.20420420169830322,46.42979049682617,0.00043493189150467515,-0.011634954251348972,18.892906188964844
205,0.20520520210266113,46.46918487548828,0.00041625232552178204,-0.011404488235712051,19.478221893310547
206,0.20620620250701904,46.50861740112305,0.00039839421515353024,-0.011549150571227074,19.04215431213379
207,0.20720720291137695,46.54807662963867,0.0003918850561603904,-0.011554752476513386,18.911945343017578
208,0.20820820331573486,46.58757400512695,0.0003711169702000916,-0.011762258596718311,18.215742111206055
209,0.20920920372009277,46.62710189819336,0.00036120705772191286,-0.01145346462726593,18.808996200561523
210,0.21021020412445068,46.666664123535156,0.0003375746891833842,-0.011485178023576736,18.660852432250977
211,0.2112112045288086,46.706260681152344,0.0003211080620530993,-0.011422676965594292,18.908267974853516
212,0.2122122049331665,46.74589157104492,0.0003168440889567137,-0.01083106268197298,20.814800262451172
213,0.21321320533752441,46.78555679321289,0.0002978770644403994,-0.010530012659728527,21.67184066772461
214,0.21421420574188232,46.825252532958984,0.00026261748280376196,-0.010111155919730663,22.796350479125977
215,0.21521520614624023,46.864990234375,0.00030212668934836984,-0.01052155438810587,21.0482234954834
216,0.21621620655059814,46.90475082397461,0.00029371431446634233,-0.010353063233196735,21.495147705078125
217,0.21721720695495605,46.94455337524414,0.00033860167604871094,-0.011248083785176277,18.761402130126953
218,0.21821822226047516,46.98438262939453,0.00030528410570695996,-0.010254140011966228,21.865156173706055
219,0.21921922266483307,47.024253845214844,0.0003084561903961003,-0.010235643945634365,22.016307830810547
220,0.22022022306919098,47.064151763916016,0.0003152848221361637,-0.010926553048193455,19.984357833862305
221,0.2212212234735489,47.104087829589844,0.0002704803482629359,-0.011152335442602634,19.09596824645996
222,0.2222222238779068,47.14405059814453,0.0002103475562762469,-0.01141942199319601,17.484214782714844
223,0.2232232242822647,47.18405532836914,0.00016334993415512145,-0.01143763866275549,16.58057975769043
224,0.22422422468662262,47.22409439086914,0.0001170704053947702,-0.011503821238875389,15.3330659866333
225,0.22522522509098053,47.264163970947266,0.00011072053166572005,-0.011367863975465298,15.796586036682129
226,0.22622622549533844,47.304264068603516,0.00014056239160709083,-0.010999992489814758,18.49592399597168
227,0.22722722589969635,47.34440231323242,0.00014480609388556331,-0.010863319970667362,19.439294815063477
228,0.22822822630405426,47.384578704833984,0.00015465202159248292,-0.010788358747959137,19.83448028564453
229,0.22922922670841217,47.424781799316406,0.00016723774024285376,-0.011041821911931038,18.238882064819336
230,0.23023022711277008,47.465023040771484,0.00018324272241443396,-0.011114328168332577,17.86393165588379
231,0.231231227517128,47.50529479980469,0.0001987018622457981,-0.010915970429778099,18.81983757019043
232,0.2322322279214859,47.54560470581055,0.00019502072245813906,-0.0108408248052001,19.080848693847656
233,0.2332332283258438,47.58594512939453,0.00018419104162603617,-0.010789952240884304,19.13683319091797
234,0.23423422873020172,47.62632369995117,0.0001564938429510221,-0.010685458779335022,19.58074951171875
235,0.23523522913455963,47.6667366027832,0.00012897438136860728,-0.010696775279939175,19.26955223083496
236,0.23623622953891754,47.707176208496094,0.00010560551891103387,-0.010779802687466145,18.100208282470703
237,0.23723722994327545,47.74766540527344,8.263214840553701e-05,-0.010854111053049564,16.485191345214844
238,0.23823823034763336,47.788177490234375,8.241562318289652e-05,-0.010620981454849243,18.494140625
239,0.23923923075199127,47.8287239074707,7.138412911444902e-05,-0.010567926801741123,18.802465438842773
240,0.24024023115634918,47.86930847167969,5.7732584537006915e-05,-0.010551651939749718,19.038415908813477
241,0.2412412315607071,47.9099235534668,3.153230863972567e-05,-0.010478359647095203,21.33697509765625
242,0.242242231965065,47.95058059692383,1.1039436685678083e-05,-0.01050995197147131,22.267847061157227
243,0.2432432323694229,47.99126052856445,-2.39339133258909e-05,-0.010558666661381721,24.213972091674805
244,0.24424424767494202,48.031982421875,2.465359284542501e-05,-0.010582179762423038,20.6535701751709
245,0.24524524807929993,48.07273864746094,1.2278735994186718e-05,-0.010555118322372437,22.41918182373047
246,0.24624624848365784,48.113529205322266,5.9476391470525414e-05,-0.01065230555832386,20.265756607055664
247,0.24724724888801575,48.154354095458984,7.846106018405408e-05,-0.010671338997781277,20.389545440673828
248,0.24824824929237366,48.19520950317383,9.83277932391502e-05,-0.010663088411092758,20.501802444458008
249,0.24924924969673157,48.236106872558594,0.00011400587391108274,-0.010659388266503811,20.66561508178711
250,0.2502502501010895,48.277034759521484,0.0001350576349068433,-0.010697350837290287,20.714048385620117
251,0.2512512505054474,48.317996978759766,0.00012367581075523049,-0.01058424822986126,21.69500732421875
252,0.2522522509098053,48.35899353027344,9.924241749104112e-05,-0.010548314079642296,22.18306541442871
253,0.2532532513141632,48.40003204345703,8.826247358229011e-05,-0.010684662498533726,21.194477081298828
254,0.2542542517185211,48.44109344482422,5.395482003223151e-05,-0.010733650997281075,21.021482467651367
255,0.25525525212287903,48.48219680786133,3.425224349484779e-05,-0.010824811644852161,19.400413513183594
256,0.25625625252723694,48.52333450317383,-2.8371487132972106e-06,-0.010815604589879513,20.73998260498047
257,0.25725725293159485,48.564510345458984,-1.800582504074555e-05,-0.0108108539134264,19.810028076171875
258,0.25825825333595276,48.605712890625,-4.308111238060519e-05,-0.010836830362677574,20.601442337036133
259,0.25925925374031067,48.64695739746094,-9.610982669983059e-05,-0.011058046482503414,23.575212478637695
260,0.2602602541446686,48.688236236572266,-0.00012648709525819868,-0.011161372065544128,24.594694137573242
261,0.2612612545490265,48.729549407958984,-0.0001770320814102888,-0.011400911957025528,26.540019989013672
262,0.2622622549533844,48.770896911621094,-0.00022678740788251162,-0.011738787405192852,28.522705078125
263,0.2632632553577423,48.812278747558594,-0.0001831825647968799,-0.011412269435822964,27.07758140563965
264,0.2642642557621002,48.85369110107422,-0.0001743937173159793,-0.01135161891579628,27.071094512939453
265,0.26526525616645813,48.895145416259766,-0.00015391524357255548,-0.01121572032570839,26.566789627075195
266,0.26626625657081604,48.93663787841797,-7.381080649793148e-05,-0.010866103693842888,23.636920928955078
267,0.26726725697517395,48.97815704345703,-0.00010282627772539854,-0.011028223671019077,25.09151840209961
268,0.26826825737953186,49.01971435546875,-7.023272337391973e-05,-0.010935305617749691,23.42095947265625
269,0.26926925778388977,49.061309814453125,-8.660964522277936e-05,-0.011056321673095226,23.99669647216797
270,0.2702702581882477,49.10293960571289,-0.0001315292320214212,-0.011377203278243542,25.820924758911133
271,0.2712712585926056,49.14460754394531,-0.00012013675586786121,-0.011318611912429333,24.2335205078125
272,0.2722722589969635,49.18630599975586,-0.0001316177222179249,-0.01137934997677803,23.548511505126953
273,0.2732732594013214,49.2280387878418,-0.00016685205628164113,-0.01169835589826107,24.67546272277832
274,0.2742742598056793,49.26980972290039,-0.00019144669931847602,-0.01192062720656395,25.101455688476562
275,0.27527526021003723,49.31161880493164,-0.00023372469877358526,-0.01238139159977436,26.613611221313477
276,0.27627626061439514,49.35345458984375,-0.00022302479192148894,-0.01210927776992321,24.982288360595703
277,0.27727726101875305,49.39533233642578,-0.00021240308706182986,-0.011813391000032425,23.509286880493164
278,0.27827826142311096,49.4372444152832,-0.00022259759134612978,-0.011901920661330223,23.871015548706055
279,0.27927926182746887,49.479190826416016,-0.00020432409655768424,-0.01162465289235115,22.456920623779297
280,0.2802802622318268,49.52117156982422,-0.00023626405163668096,-0.012224216014146805,25.238256454467773
281,0.2812812626361847,49.56319046020508,-0.00021584845671895891,-0.011996118351817131,24.186729431152344
282,0.282282292842865,49.60525131225586,-0.00021841202396899462,-0.012144876644015312,24.536861419677734
283,0.2832832932472229,49.6473388671875,-0.00021366187138482928,-0.012130364775657654,24.04657745361328
284,0.2842842936515808,49.6894645690918,-0.0002285224327351898,-0.012434092350304127,25.069477081298828
285,0.2852852940559387,49.73162841796875,-0.00019886568770743906,-0.011785398237407207,21.81990623474121
286,0.28628629446029663,49.77382278442383,-0.00020235858391970396,-0.01177213340997696,21.800525665283203
287,0.28728729486465454,49.81605911254883,-0.00022708048345521092,-0.012255086563527584,24.429489135742188
288,0.28828829526901245,49.85832595825195,-0.00019196787616237998,-0.01149491872638464,21.258352279663086
289,0.28928929567337036,49.900630950927734,-0.0002015919890254736,-0.011693797074258327,22.693456649780273
290,0.29029029607772827,49.94297409057617,-0.00017933649360202253,-0.011086707003414631,19.787860870361328
291,0.2912912964820862,49.985355377197266,-0.00017951663176063448,-0.010894838720560074,18.871889114379883
292,0.2922922968864441,50.02776336669922,-0.0001810756657505408,-0.01064358465373516,17.603132247924805
293,0.293293297290802,50.07020950317383,-0.0001832038105931133,-0.010416683740913868,16.446455001831055
294,0.2942942976951599,50.11269760131836,-0.00018763370462693274,-0.009890016168355942,13.75317096710205
295,0.2952952980995178,50.155216217041016,-0.00018483889289200306,-0.010144107043743134,15.33242416381836
296,0.29629629850387573,50.197776794433594,-0.00019183970289304852,-0.010361617431044579,16.658536911010742
297,0.29729729890823364,50.2403678894043,-0.00020668242359533906,-0.010675757192075253,18.422908782958984
298,0.29829829931259155,50.282997131347656,-0.00021525565534830093,-0.010834130458533764,19.228530883789062
299,0.29929929971694946,50.32566452026367,-0.00021442963043227792,-0.010869188234210014,19.46614646911621
300,0.3003003001213074,50.36836242675781,-0.00020277929434087127,-0.010650032199919224,18.351608276367188
301,0.3013013005256653,50.41109848022461,-0.000200995389604941,-0.010435299016535282,17.177837371826172
302,0.3023023009300232,50.45387649536133,-0.00021171753178350627,-0.01018286682665348,15.88309383392334
303,0.3033033013343811,50.49668502807617,-0.00021153247507754713,-0.010470772162079811,17.252153396606445
304,0.304304301738739,50.53953552246094,-0.00020859601499978453,-0.010679986327886581,18.237815856933594
305,0.3053053021430969,50.58241653442383,-0.0002123088197549805,-0.010476176626980305,17.31771469116211
306,0.30630630254745483,50.625335693359375,-0.0002026070433203131,-0.010584397241473198,17.84671401977539
307,0.30730730295181274,50.66829299926758,-0.00018768227891996503,-0.010807801969349384,19.122243881225586
308,0.30830830335617065,50.71128463745117,-0.00019532321311999112,-0.010424193926155567,17.29671287536621
309,0.30930930376052856,50.754310607910156,-0.00018973485566675663,-0.0104897515848279,17.87571144104004
310,0.3103103041648865,50.79737854003906,-0.0002102246944559738,-0.009852687828242779,14.905423164367676
311,0.3113113045692444,50.840476989746094,-0.0002170130901504308,-0.009588978253304958,13.861446380615234
312,0.3123123049736023,50.88361358642578,-0.00023359726765193045,-0.009118711575865746,11.879895210266113
313,0.3133133053779602,50.92679214477539,-0.00021072139497846365,-0.009538721293210983,13.798738479614258
314,0.3143143057823181,50.97000503540039,-0.00022359004651661962,-0.009092028252780437,11.729830741882324
315,0.315315306186676,51.01325225830078,-0.0002320963831152767,-0.008844508789479733,10.557613372802734
316,0.31631630659103394,51.056541442871094,-0.0002098261029459536,-0.009203953668475151,12.037040710449219
317,0.31731730699539185,51.099857330322266,-0.0002204968623118475,-0.008996504358947277,10.872345924377441
318,0.31831830739974976,51.14321517944336,-0.00023534573847427964,-0.00876751821488142,9.62075138092041
319,0.31931930780410767,51.186614990234375,-0.00022791168885305524,-0.008899468928575516,9.910415649414062
320,0.3203203082084656,51.23004913330078,-0.00023213626991491765,-0.008821391500532627,9.308874130249023
321,0.3213213086128235,51.27351379394531,-0.00026013446040451527,-0.008363226428627968,7.13131856918335
322,0.3223223090171814,51.317020416259766,-0.00024827534798532724,-0.008508001454174519,7.400552749633789
323,0.3233233094215393,51.36056137084961,-0.0002711642300710082,-0.008137725293636322,5.8764119148254395
324,0.3243243098258972,51.40414047241211,-0.00027523591415956616,-0.00807575136423111,5.7982378005981445
325,0.3253253102302551,51.44776153564453,-0.00024163648777175695,-0.008692464791238308,8.417126655578613
326,0.32632631063461304,51.49141311645508,-0.00024326455604750663,-0.008706077001988888,8.737189292907715
327,0.32732731103897095,51.53510284423828,-0.00023963012790773064,-0.008838452398777008,9.613354682922363
328,0.32832831144332886,51.578834533691406,-0.00023743617930449545,-0.008905550464987755,10.219094276428223
329,0.32932931184768677,51.622596740722656,-0.00023493243497796357,-0.009001977741718292,10.985477447509766
330,0.3303303122520447,51.66639709472656,-0.00023198704002425075,-0.009061594493687153,11.621831893920898
331,0.3313313126564026,51.71023941040039,-0.0002201594616053626,-0.009419375099241734,13.56019401550293
332,0.3323323130607605,51.754112243652344,-0.00022349331993609667,-0.008937024511396885,11.658974647521973
333,0.3333333432674408,51.79802703857422,-0.00022332760272547603,-0.008713403716683388,10.896454811096191
334,0.3343343436717987,51.84197998046875,-0.0002093867806252092,-0.00932571105659008,13.999429702758789
335,0.3353353440761566,51.88597106933594,-0.00021866919996682554,-0.009401058778166771,14.471968650817871
336,0.3363363444805145,51.92999267578125,-0.0002308426919626072,-0.009850606322288513,16.513689041137695
337,0.33733734488487244,51.974056243896484,-0.0002408433356322348,-0.009963968768715858,17.051509857177734
338,0.33833834528923035,52.018157958984375,-0.0002460314426571131,-0.009596139192581177,15.643003463745117
339,0.33933934569358826,52.06229782104492,-0.0002553001104388386,-0.009264826774597168,14.427513122558594
340,0.34034034609794617,52.106468200683594,-0.00026069575687870383,-0.009355294518172741,14.882012367248535
341,0.3413413465023041,52.15068054199219,-0.00026519340462982655,-0.009358362294733524,14.963044166564941
342,0.342342346906662,52.19493103027344,-0.00027260102797299623,-0.008695269003510475,12.55375862121582
343,0.3433433473110199,52.23921585083008,-0.0002755269524641335,-0.00832548551261425,11.227147102355957
344,0.3443443477153778,52.283546447753906,-0.00027328022406436503,-0.008528785780072212,11.93206787109375
345,0.3453453481197357,52.327911376953125,-0.0002681681653484702,-0.008839638903737068,13.018994331359863
346,0.34634634852409363,52.372310638427734,-0.0002627442008815706,-0.009253592230379581,14.560107231140137
347,0.34734734892845154,52.416744232177734,-0.0002615636622067541,-0.009706168435513973,16.306734085083008
348,0.34834834933280945,52.46122360229492,-0.00026268212241120636,-0.009223634377121925,14.508152961730957
349,0.34934934973716736,52.505733489990234,-0.00027198754833079875,-0.009546179324388504,15.770442962646484
350,0.35035035014152527,52.55028533935547,-0.0002791590231936425,-0.009588323533535004,16.008129119873047
351,0.3513513505458832,52.594879150390625,-0.00028644059784710407,-0.00969409104436636,16.503915786743164
352,0.3523523509502411,52.639503479003906,-0.0002877498045563698,-0.009351528249680996,15.486515045166016
353,0.353353351354599,52.68416976928711,-0.0002864950802177191,-0.009079279378056526,14.75080680847168
354,0.3543543517589569,52.72887420654297,-0.0002836287021636963,-0.008921395987272263,14.407896041870117
355,0.3553553521633148,52.77360916137695,-0.00027987133944407105,-0.008406384848058224,12.741203308105469
356,0.35635635256767273,52.81839370727539,-0.0002815578191075474,-0.007721852511167526,10.307733535766602
357,0.35735735297203064,52.86320495605469,-0.00028035877039656043,-0.007587566506117582,9.720552444458008
358,0.35835835337638855,52.90806198120117,-0.0002835839695762843,-0.0072600929997861385,8.449301719665527
359,0.35935935378074646,52.95295333862305,-0.00028546169050969183,-0.007440018001943827,9.043706893920898
360,0.36036035418510437,52.99788284301758,-0.0002941246493719518,-0.008408079855144024,12.396753311157227
361,0.3613613545894623,53.0428581237793,-0.0003074824344366789,-0.00970818754285574,16.674755096435547
362,0.3623623549938202,53.087860107421875,-0.0003110532707069069,-0.0096809146925807,16.628067016601562
363,0.3633633553981781,53.13290786743164,-0.000312145974021405,-0.00950396154075861,16.169355392456055
364,0.364364355802536,53.1779899597168,-0.0003113818820565939,-0.008576872758567333,13.29452133178711
365,0.3653653562068939,53.223114013671875,-0.0003160304040648043,-0.008580632507801056,13.374444961547852
366,0.36636635661125183,53.268272399902344,-0.0003223727107979357,-0.009297105483710766,15.669654846191406
367,0.36736735701560974,53.31346893310547,-0.0003226114495191723,-0.008760933764278889,14.090106964111328
368,0.36836835741996765,53.358707427978516,-0.00031744816806167364,-0.00800318829715252,11.804596900939941
369,0.36936935782432556,53.40398025512695,-0.0003176199970766902,-0.008292227983474731,12.748920440673828
370,0.37037035822868347,53.44929885864258,-0.0003104541392531246,-0.007467429619282484,10.106035232543945
371,0.3713713586330414,53.49464797973633,-0.0003089960664510727,-0.007530271541327238,10.230379104614258
372,0.3723723590373993,53.5400390625,-0.0003108207893092185,-0.008217206224799156,12.324493408203125
373,0.3733733594417572,53.58546829223633,-0.00030927604530006647,-0.008216465823352337,12.15383243560791
374,0.3743743598461151,53.63093566894531,-0.00030848017195239663,-0.00801678653806448,11.282546997070312
375,0.375375360250473,53.67644500732422,-0.0003125024668406695,-0.007647136226296425,9.941656112670898
376,0.37637636065483093,53.721988677978516,-0.00032021309016272426,-0.0070488122291862965,8.003340721130371
377,0.37737736105918884,53.76757049560547,-0.0003348267055116594,-0.006076878402382135,5.026055812835693
378,0.37837836146354675,53.813194274902344,-0.000337438250426203,-0.0061053079552948475,5.080343246459961
379,0.37937936186790466,53.858856201171875,-0.000321163737680763,-0.0074215782806277275,9.069896697998047
380,0.3803803622722626,53.9045524597168,-0.00032022534287534654,-0.007377651985734701,8.940911293029785
381,0.3813813626766205,53.950294494628906,-0.0003141808556392789,-0.00779360206797719,10.348641395568848
382,0.3823823630809784,53.996070861816406,-0.0003093823906965554,-0.007722077425569296,10.20101547241211
383,0.3833833634853363,54.04188919067383,-0.0002966444881167263,-0.008619865402579308,13.288921356201172
384,0.3843843936920166,54.08774185180664,-0.0002927096211351454,-0.008358701132237911,12.544139862060547
385,0.3853853940963745,54.133636474609375,-0.0002860899840015918,-0.008150176145136356,11.862177848815918
386,0.3863863945007324,54.1795654296875,-0.00027012123609893024,-0.008526507765054703,13.185253143310547
387,0.38738739490509033,54.22554016113281,-0.00026371260173618793,-0.008089199662208557,11.500714302062988
388,0.38838839530944824,54.271549224853516,-0.0002545950119383633,-0.008550855331122875,13.218029975891113
389,0.38938939571380615,54.317596435546875,-0.0002814272593241185,-0.007472834549844265,9.10287857055664
390,0.39039039611816406,54.363685607910156,-0.0003064374905079603,-0.006779622286558151,6.647198677062988
391,0.391391396522522,54.40981674194336,-0.0002985044848173857,-0.007121438160538673,7.69655704498291
392,0.3923923969268799,54.45597839355469,-0.00030840965337119997,-0.006910070311278105,7.090297222137451
393,0.3933933973312378,54.502193450927734,-0.00031953045981936157,-0.0066259815357625484,6.543133735656738
394,0.3943943977355957,54.54843521118164,-0.00032731445389799774,-0.006160071585327387,5.481929302215576
395,0.3953953981399536,54.59471893310547,-0.00032854138407856226,-0.006466001737862825,6.798210620880127
396,0.3963963985443115,54.64104080200195,-0.00033068557968363166,-0.005982519127428532,5.641110897064209
397,0.39739739894866943,54.68740463256836,-0.00033236510353162885,-0.00570968771353364,5.100399017333984
398,0.39839839935302734,54.73381042480469,-0.0003375988744664937,-0.0050573949702084064,3.3311450481414795
399,0.39939939975738525,54.780250549316406,-0.0003548323002178222,-0.004250423517078161,1.1259839534759521
400,0.40040040016174316,54.82673263549805,-0.0003719265223480761,-0.0038357700686901808,0.04396754503250122
401,0.4014014005661011,54.87324905395508,-0.00038350190152414143,-0.003580050775781274,-0.5435910224914551
402,0.402402400970459,54.91980743408203,-0.0003965356736443937,-0.0031220819801092148,-1.66744863986969
403,0.4034034013748169,54.96641540527344,-0.0004065972752869129,-0.0026746741496026516,-2.6974997520446777
404,0.4044044017791748,55.01305389404297,-0.00040913268458098173,-0.002545077819377184,-3.0226523876190186
405,0.4054054021835327,55.059730529785156,-0.0004235766245983541,-0.0021417681127786636,-4.056408405303955
406,0.4064064025878906,55.106449127197266,-0.0004523558309301734,-0.0014271667459979653,-5.716061592102051
407,0.40740740299224854,55.1532096862793,-0.0003873214009217918,-0.003165009431540966,-1.561307430267334
408,0.40840840339660645,55.200008392333984,-0.000380884186597541,-0.003314476227387786,-1.1578943729400635
409,0.40940940380096436,55.24684524536133,-0.0003428871859796345,-0.0045121521688997746,2.143375873565674
410,0.41041040420532227,55.293724060058594,-0.0003341853735037148,-0.005005004815757275,3.4992403984069824
411,0.4114114046096802,55.340641021728516,-0.00040378805715590715,-0.00295243295840919,-2.1723098754882812
412,0.4124124050140381,55.38759231567383,-0.0004368282970972359,-0.0022147423587739468,-3.8969578742980957
413,0.413413405418396,55.43458938598633,-0.0004572830512188375,-0.0016848015366122127,-5.016171455383301
414,0.4144144058227539,55.481624603271484,-0.00043699215166270733,-0.002354610478505492,-3.462576389312744
415,0.4154154062271118,55.52870178222656,-0.0004581758694257587,-0.0016309675993397832,-5.04814338684082
416,0.4164164066314697,55.5758171081543,-0.0004765220801346004,-0.0008816392510198057,-6.574820041656494
417,0.41741740703582764,55.62297439575195,-0.0004741852171719074,-0.0009366912418045104,-6.308636665344238
418,0.41841840744018555,55.67017364501953,-0.000495267566293478,9.167360258288682e-05,-8.15149974822998
419,0.41941940784454346,55.71741485595703,-0.0004982092068530619,0.00027439784025773406,-8.317060470581055
420,0.42042040824890137,55.764686584472656,-0.0005356504116207361,0.0020381882786750793,-11.631051063537598
421,0.4214214086532593,55.81200408935547,-0.0005446522263810039,0.0024677508044987917,-12.419936180114746
422,0.4224224090576172,55.85935592651367,-0.0005467154551297426,0.002383260289207101,-12.28010082244873
423,0.4234234094619751,55.90675735473633,-0.0005578587297350168,0.002824910916388035,-13.130460739135742
424,0.424424409866333,55.954193115234375,-0.0005731855053454638,0.004082481376826763,-15.318828582763672
425,0.4254254102706909,56.00166702270508,-0.0005811539012938738,0.005836548283696175,-18.16568374633789
426,0.42642641067504883,56.04918670654297,-0.0005732164718210697,0.005031826440244913,-16.548357009887695
427,0.42742741107940674,56.096744537353516,-0.0005677224835380912,0.004367544315755367,-15.17912769317627
428,0.42842841148376465,56.14434814453125,-0.0005693472921848297,0.004614346195012331,-15.530777931213379
429,0.42942941188812256,56.191978454589844,-0.0005691275582648814,0.004243901930749416,-14.880270957946777
430,0.43043041229248047,56.239662170410156,-0.0005718601169064641,0.004467185586690903,-15.334175109863281
431,0.4314314126968384,56.287384033203125,-0.0005749745760113001,0.005553905852138996,-17.322704315185547
432,0.4324324131011963,56.335140228271484,-0.0005644101183861494,0.0040154000744223595,-14.700350761413574
433,0.4334334135055542,56.3829460144043,-0.0005642304895445704,0.005347010679543018,-17.12273406982422
434,0.4344344139099121,56.430782318115234,-0.0005508214235305786,0.003925416152924299,-14.67044448852539
435,0.43543541431427,56.478668212890625,-0.0005426084971986711,0.003593296743929386,-14.180424690246582
436,0.4364364445209503,56.526588439941406,-0.000538637104909867,0.0036632444243878126,-14.453063011169434
437,0.4374374449253082,56.574554443359375,-0.0005526590393856168,0.0054971580393612385,-17.961580276489258
438,0.43843844532966614,56.62255859375,-0.0005869177402928472,0.008738160133361816,-23.78104019165039
439,0.43943944573402405,56.67060089111328,-0.0005852968897670507,0.00846974179148674,-23.44337272644043
440,0.44044044613838196,56.718685150146484,-0.0005541003774851561,0.0056914277374744415,-18.6458683013916
441,0.44144144654273987,56.76681137084961,-0.0005715318256989121,0.00729377893730998,-21.544261932373047
442,0.4424424469470978,56.814979553222656,-0.0005722551140934229,0.007544646970927715,-22.007556915283203
443,0.4434434473514557,56.86318588256836,-0.0005603305180557072,0.006680972408503294,-20.520814895629883
444,0.4444444477558136,56.911434173583984,-0.0005582105368375778,0.006696710363030434,-20.597640991210938
445,0.4454454481601715,56.95972442626953,-0.0005435205530375242,0.005688348785042763,-18.81279945373535
446,0.4464464485645294,57.008056640625,-0.0005498544778674841,0.0064681400544941425,-20.24400520324707
447,0.44744744896888733,57.056427001953125,-0.0005363259697332978,0.005647222511470318,-18.683155059814453
448,0.44844844937324524,57.10483932495117,-0.0005190870724618435,0.00451338104903698,-16.394906997680664
449,0.44944944977760315,57.153297424316406,-0.0005275345174595714,0.005412396974861622,-17.953706741333008
450,0.45045045018196106,57.20178985595703,-0.0005258284509181976,0.005470289383083582,-17.88623809814453
451,0.45145145058631897,57.25032424926758,-0.0005231853574514389,0.00534172635525465,-17.49854278564453
452,0.4524524509906769,57.29890060424805,-0.0005216889549046755,0.005405061412602663,-17.471267700195312
453,0.4534534513950348,57.3475227355957,-0.0005330417770892382,0.0070348987355828285,-20.454742431640625
454,0.4544544517993927,57.396183013916016,-0.0005242252955213189,0.006298125255852938,-19.003660202026367
455,0.4554554522037506,57.444881439208984,-0.0005172030068933964,0.005746140610426664,-17.87906265258789
456,0.4564564526081085,57.49362564086914,-0.0005055892397649586,0.004843422677367926,-15.965041160583496
457,0.45745745301246643,57.54240417480469,-0.0005006204592064023,0.004753111395984888,-15.600738525390625
458,0.45845845341682434,57.59122848510742,-0.0004909515264444053,0.0036344777327030897,-13.220473289489746
459,0.45945945382118225,57.640098571777344,-0.0004811850667465478,0.0024682744406163692,-10.788545608520508
460,0.46046045422554016,57.68900680541992,-0.0004881576751358807,0.0029822648502886295,-11.925152778625488
461,0.46146145462989807,57.73795700073242,-0.0004841912887059152,0.002657192060723901,-11.360406875610352
462,0.462462455034256,57.786949157714844,-0.0004724735044874251,0.0018458218546584249,-9.78337574005127
463,0.4634634554386139,57.83598327636719,-0.00046298588858917356,0.001286154380068183,-8.668159484863281
464,0.4644644558429718,57.88505554199219,-0.00046915083657950163,0.0017963338177651167,-9.91603946685791
465,0.4654654562473297,57.934165954589844,-0.0004759904695674777,0.002264391863718629,-11.066255569458008
466,0.4664664566516876,57.98332977294922,-0.0004967808490619063,0.004258260130882263,-15.222051620483398
467,0.46746745705604553,58.03252410888672,-0.0005040057003498077,0.004813269712030888,-16.333765029907227
468,0.46846845746040344,58.08176803588867,-0.0005145070026628673,0.005729876924306154,-18.10438346862793
469,0.46946945786476135,58.131046295166016,-0.0005128072225488722,0.0045138453133404255,-15.753690719604492
470,0.47047045826911926,58.18037414550781,-0.0005151417572051287,0.003880765987560153,-14.6201753616333
471,0.4714714586734772,58.229740142822266,-0.0005204376066103578,0.003721932414919138,-14.466917037963867
472,0.4724724590778351,58.27914810180664,-0.0005122408038005233,0.00246406183578074,-12.208398818969727
473,0.473473459482193,58.32859802246094,-0.0005202170577831566,0.00295116170309484,-13.277572631835938
474,0.4744744598865509,58.37809371948242,-0.0005269554676488042,0.00401201331987977,-15.342662811279297
475,0.4754754602909088,58.42762756347656,-0.0005126481410115957,0.0029893426690250635,-13.392195701599121
476,0.4764764606952667,58.47719955444336,-0.0005138476844877005,0.0037381004076451063,-14.858976364135742
477,0.47747746109962463,58.52682113647461,-0.0005201883614063263,0.005012526176869869,-17.408506393432617
478,0.47847846150398254,58.57647705078125,-0.0004963246174156666,0.0034392045345157385,-14.40865707397461
479,0.47947946190834045,58.626182556152344,-0.0005009814631193876,0.004144017118960619,-15.895739555358887
480,0.48048046231269836,58.675926208496094,-0.0005045582074671984,0.004704582504928112,-16.935855865478516
481,0.4814814627170563,58.725711822509766,-0.0005019915988668799,0.004769578576087952,-16.908510208129883
482,0.4824824631214142,58.775543212890625,-0.0004918695194646716,0.004090879578143358,-15.333454132080078
483,0.4834834635257721,58.82541275024414,-0.000499522895552218,0.005104441195726395,-17.19398307800293
484,0.48448446393013,58.875328063964844,-0.0005025051068514585,0.005749131552875042,-18.33995819091797
485,0.4854854643344879,58.92528533935547,-0.0004981526872143149,0.005417087581008673,-17.546112060546875
486,0.4864864647388458,58.97528076171875,-0.0004981423844583333,0.005977296270430088,-18.529621124267578
487,0.4874874949455261,59.025325775146484,-0.0004939824575558305,0.006122586317360401,-18.660615921020508
488,0.48848849534988403,59.07540512084961,-0.0004934236640110612,0.0066088526509702206,-19.56247901916504
489,0.48948949575424194,59.12553024291992,-0.00048573673120699823,0.005734431091696024,-17.744314193725586
490,0.49049049615859985,59.17570114135742,-0.0004846666706725955,0.005928198806941509,-18.176576614379883
491,0.49149149656295776,59.22591781616211,-0.00049357715761289,0.007456982508301735,-21.394466400146484
492,0.4924924969673157,59.27616500854492,-0.0005023969570174813,0.008519521914422512,-23.675233840942383
493,0.4934934973716736,59.32646560668945,-0.000495090673211962,0.007419568952172995,-21.6440486907959
494,0.4944944977760315,59.376800537109375,-0.0004955666954629123,0.007255662698298693,-21.494577407836914
495,0.4954954981803894,59.427181243896484,-0.0004932801239192486,0.006744150537997484,-20.57877540588379
496,0.4964964985847473,59.47761154174805,-0.0004938356578350067,0.006557816173881292,-20.25417137145996
497,0.4974974989891052,59.528072357177734,-0.0005007336148992181,0.007339355535805225,-21.80388069152832
498,0.49849849939346313,59.57858657836914,-0.0004931729636155069,0.006350857671350241,-19.779911041259766
499,0.49949949979782104,59.62913513183594,-0.0005053719505667686,0.00793402548879385,-22.90166473388672
500,0.500500500202179,59.67972946166992,-0.0004979170043952763,0.006767424289137125,-20.487977981567383
501,0.5015015006065369,59.73036575317383,-0.000499680289067328,0.007134974002838135,-21.147523880004883
502,0.5025025010108948,59.78105163574219,-0.0004980257945135236,0.006836265325546265,-20.493892669677734
503,0.5035035014152527,59.83177947998047,-0.000493916857521981,0.005831853020936251,-18.450592041015625
504,0.5045045018196106,59.88254165649414,-0.00048820950905792415,0.004056920297443867,-14.833660125732422
505,0.5055055022239685,59.93335723876953,-0.00048616068670526147,0.004122979938983917,-14.950080871582031
506,0.5065065026283264,59.98421096801758,-0.0004856243322137743,0.004796864464879036,-16.316059112548828
507,0.5075075030326843,60.03510665893555,-0.00048327527474612,0.005050010047852993,-16.810680389404297
508,0.5085085034370422,60.08604431152344,-0.0004811653052456677,0.005574349779635668,-17.867141723632812
509,0.5095095038414001,60.13703155517578,-0.0004808674566447735,0.005966871045529842,-18.677146911621094
510,0.5105105042457581,60.18806076049805,-0.0004810200189240277,0.005886575672775507,-18.51551055908203
511,0.511511504650116,60.2391242980957,-0.0004754523979499936,0.004481903742998838,-15.601919174194336
512,0.5125125050544739,60.29024124145508,-0.0004774660337716341,0.004967229440808296,-16.664148330688477
513,0.5135135054588318,60.341392517089844,-0.00048279203474521637,0.0062994943000376225,-19.470632553100586
514,0.5145145058631897,60.39259719848633,-0.00047400614130310714,0.004576048813760281,-15.911813735961914
515,0.5155155062675476,60.44384002685547,-0.00048074513324536383,0.005663042888045311,-18.23761558532715
516,0.5165165066719055,60.495121002197266,-0.0004896795144304633,0.0070397756062448025,-21.044586181640625
517,0.5175175070762634,60.54645538330078,-0.0004903171211481094,0.007536101154983044,-22.021724700927734
518,0.5185185074806213,60.59783172607422,-0.0004934317548759282,0.008730159141123295,-24.474912643432617
519,0.5195195078849792,60.64924621582031,-0.0004985450068488717,0.010428404435515404,-27.98368263244629
520,0.5205205082893372,60.700706481933594,-0.0004878767649643123,0.008998549543321133,-25.18840217590332
521,0.5215215086936951,60.75221252441406,-0.0004919188795611262,0.01057115476578474,-28.50554084777832
522,0.522522509098053,60.80376434326172,-0.0004902720684185624,0.010664140805602074,-28.798791885375977
523,0.5235235095024109,60.85535430908203,-0.0004871865385212004,0.010746017098426819,-29.089365005493164
524,0.5245245099067688,60.90699005126953,-0.00048254075227305293,0.010493132285773754,-28.6696834564209
525,0.5255255103111267,60.95866775512695,-0.00048234013956971467,0.010778803378343582,-29.334556579589844
526,0.5265265107154846,61.01039123535156,-0.0004825456126127392,0.010650848038494587,-29.116315841674805
527,0.5275275111198425,61.06216049194336,-0.0004891535500064492,0.011777150444686413,-31.483734130859375
528,0.5285285115242004,61.11397171020508,-0.00048275734297931194,0.009880787692964077,-27.616857528686523
529,0.5295295119285583,61.165828704833984,-0.00048034157953225076,0.009025252424180508,-25.905776977539062
530,0.5305305123329163,61.21773147583008,-0.0004768599465023726,0.008332227356731892,-24.540374755859375
531,0.5315315127372742,61.26966857910156,-0.0004738211282528937,0.008056177757680416,-24.044275283813477
532,0.5325325131416321,61.3216552734375,-0.00047004211228340864,0.007750809658318758,-23.473243713378906
533,0.53353351354599,61.373695373535156,-0.0004721935838460922,0.0083102872595191,-24.695178985595703
534,0.5345345139503479,61.4257698059082,-0.00047409001854248345,0.008738656528294086,-25.609464645385742
535,0.5355355143547058,61.47788619995117,-0.0004632702039089054,0.007191676180809736,-22.2063045501709
536,0.5365365147590637,61.530052185058594,-0.00046340125845745206,0.007412357721477747,-22.575359344482422
537,0.5375375151634216,61.5822639465332,-0.00046724724234081805,0.008076661266386509,-23.876636505126953
538,0.5385385155677795,61.63451385498047,-0.00047251401701942086,0.009250101633369923,-26.353097915649414
539,0.5395395755767822,61.68681716918945,-0.00046497664880007505,0.008304441347718239,-24.379369735717773
540,0.5405405759811401,61.73915481567383,-0.00046009395737200975,0.007574092596769333,-22.85199737548828
541,0.541541576385498,61.791542053222656,-0.0004635479999706149,0.007992022670805454,-23.812458038330078
542,0.542542576789856,61.843971252441406,-0.0004629316972568631,0.008065636269748211,-24.036266326904297
543,0.5435435771942139,61.89645004272461,-0.0004669972986448556,0.008747446350753307,-25.51500701904297
544,0.5445445775985718,61.94896697998047,-0.0004647923924494535,0.00852893851697445,-25.030418395996094
545,0.5455455780029297,62.001529693603516,-0.0004639766411855817,0.008548327721655369,-25.02573585510254
546,0.5465465784072876,62.05413818359375,-0.00045979092828929424,0.007790372706949711,-23.299114227294922
547,0.5475475788116455,62.10679244995117,-0.0004497698391787708,0.006071104668080807,-19.40216636657715
548,0.5485485792160034,62.159488677978516,-0.00044814759166911244,0.005494487471878529,-17.976192474365234
549,0.5495495796203613,62.21223068237305,-0.00044839747715741396,0.005435295403003693,-17.677337646484375
550,0.5505505800247192,62.26502227783203,-0.0004503259842749685,0.006445237435400486,-19.719446182250977
551,0.5515515804290771,62.31785202026367,-0.00044728443026542664,0.006223493721336126,-19.036205291748047
552,0.5525525808334351,62.3707275390625,-0.00044758242438547313,0.00702554639428854,-20.67900848388672
553,0.553553581237793,62.42365264892578,-0.0004430822446011007,0.007044898346066475,-20.638898849487305
554,0.5545545816421509,62.476619720458984,-0.00044334540143609047,0.007911943830549717,-22.616779327392578
555,0.5555555820465088,62.52962875366211,-0.0004400779725983739,0.007991424761712551,-22.92171859741211
556,0.5565565824508667,62.58268737792969,-0.0004342669271863997,0.007372899446636438,-21.691648483276367
557,0.5575575828552246,62.63578796386719,-0.00043977770837955177,0.008119838312268257,-23.631298065185547
558,0.5585585832595825,62.688934326171875,-0.00044078906648792326,0.008166671730577946,-24.00227165222168
559,0.5595595836639404,62.74212646484375,-0.00042806670535355806,0.006349477916955948,-20.11510467529297
560,0.5605605840682983,62.79536437988281,-0.00041768947266973555,0.004492133390158415,-16.040525436401367
561,0.5615615844726562,62.8486442565918,-0.00042550780926831067,0.005313433241099119,-18.20240592956543
562,0.5625625848770142,62.901973724365234,-0.0004382191109471023,0.006585330236703157,-21.230592727661133
563,0.5635635852813721,62.955345153808594,-0.00043686473509296775,0.006233075633645058,-20.36711311340332
564,0.56456458568573,63.008766174316406,-0.0004378925368655473,0.006057427264750004,-19.874393463134766
565,0.5655655860900879,63.062225341796875,-0.0004409358080010861,0.006122783292084932,-19.861953735351562
566,0.5665665864944458,63.11573791503906,-0.0004394788120407611,0.005726894363760948,-18.771282196044922
567,0.5675675868988037,63.16929244995117,-0.00044039037311449647,0.006170580629259348,-19.588354110717773
568,0.5685685873031616,63.2228889465332,-0.0004380311002023518,0.006314915604889393,-19.764814376831055
569,0.5695695877075195,63.27653503417969,-0.00044092730968259275,0.007391185034066439,-22.10995864868164
570,0.5705705881118774,63.33022689819336,-0.0004371284449007362,0.007151450961828232,-21.53178596496582
571,0.5715715885162354,63.38396072387695,-0.00043127525714226067,0.0066017587669193745,-20.29828453063965
572,0.5725725889205933,63.437744140625,-0.00042456050869077444,0.006156898103654385,-19.33406639099121
573,0.5735735893249512,63.4915657043457,-0.0004263316513970494,0.006816255394369364,-20.981996536254883
574,0.5745745897293091,63.545440673828125,-0.0004193953063804656,0.0061668045818805695,-19.5841007232666
575,0.575575590133667,63.599361419677734,-0.0004221190174575895,0.006824413780122995,-21.267385482788086
576,0.5765765905380249,63.65332794189453,-0.0004200490366201848,0.00692167691886425,-21.588890075683594
577,0.5775775909423828,63.707332611083984,-0.0004204949946142733,0.007291311863809824,-22.549848556518555
578,0.5785785913467407,63.761390686035156,-0.0004199911782052368,0.007425722200423479,-22.95707893371582
579,0.5795795917510986,63.815494537353516,-0.0004163376579526812,0.007144297007471323,-22.33875274658203
580,0.5805805921554565,63.8696403503418,-0.00040999148041009903,0.006459246855229139,-20.653156280517578
581,0.5815815925598145,63.92383575439453,-0.00040616607293486595,0.005950741935521364,-19.322486877441406
582,0.5825825929641724,63.97807693481445,-0.00040347472531720996,0.005880226381123066,-19.02411460876465
583,0.5835835933685303,64.03236389160156,-0.0004040054336655885,0.0063478839583694935,-20.093313217163086
584,0.5845845937728882,64.0866928100586,-0.0004013169673271477,0.0058716218918561935,-18.874576568603516
585,0.5855855941772461,64.14107513427734,-0.00040622870437800884,0.006644360721111298,-20.817846298217773
586,0.586586594581604,64.19549560546875,-0.0004031512071378529,0.00629141740500927,-20.00298309326172
587,0.5875875949859619,64.24996948242188,-0.00040858343709260225,0.007347769103944302,-22.68966293334961
588,0.5885885953903198,64.30448150634766,-0.00039690040284767747,0.006026092451065779,-19.454561233520508
589,0.5895895957946777,64.35903930664062,-0.0003949657257180661,0.00606916006654501,-19.5960636138916
590,0.5905905961990356,64.41365814208984,-0.0003956139553338289,0.006323954556137323,-20.26827621459961
591,0.5915915966033936,64.46830749511719,-0.00039490865310654044,0.00615332555025816,-19.87715721130371
592,0.5925925970077515,64.52301025390625,-0.0003942040493711829,0.005797738675028086,-18.935321807861328
593,0.5935935974121094,64.5777587890625,-0.00039493138319812715,0.005930548068135977,-19.15599822998047
594,0.5945945978164673,64.63255310058594,-0.0003967534867115319,0.006569004617631435,-20.676755905151367
595,0.5955955982208252,64.68739318847656,-0.00039510487113147974,0.005294897127896547,-17.40862274169922
596,0.5965965986251831,64.74227905273438,-0.0003957715816795826,0.005658925045281649,-18.344860076904297
597,0.597597599029541,64.7972183227539,-0.00039609961095266044,0.006663460284471512,-21.00575828552246
598,0.5985985994338989,64.8521957397461,-0.00039366070996038616,0.006553690880537033,-20.911741256713867
599,0.5995995998382568,64.9072265625,-0.00039173944969661534,0.005850189831107855,-19.281646728515625
600,0.6006006002426147,64.96229553222656,-0.00039149224176071584,0.005595352500677109,-18.674413681030273
601,0.6016016006469727,65.01741790771484,-0.00039311277214437723,0.0057994285598397255,-19.197647094726562
602,0.6026026010513306,65.07258605957031,-0.0003965416399296373,0.005922465585172176,-19.481569290161133
603,0.6036036014556885,65.12779998779297,-0.0003983463393524289,0.00587226590141654,-19.32878875732422
604,0.6046046018600464,65.18305969238281,-0.00039678014582023025,0.00453612208366394,-15.94454574584961
605,0.6056056022644043,65.23836517333984,-0.0003956169821321964,0.005227888002991676,-17.6879940032959
606,0.6066066026687622,65.2937240600586,-0.00039342662785202265,0.004547406919300556,-15.9923095703125
607,0.6076076030731201,65.34912872314453,-0.000392042362364009,0.004034301266074181,-14.733588218688965
608,0.608608603477478,65.40457916259766,-0.0003911975072696805,0.004223325289785862,-15.286213874816895
609,0.6096096038818359,65.46007537841797,-0.0003904567565768957,0.004502901341766119,-16.046329498291016
610,0.6106106042861938,65.51561737060547,-0.0003890213556587696,0.003926767036318779,-14.593008995056152
611,0.6116116046905518,65.57120513916016,-0.00038790219696238637,0.004593666642904282,-16.329002380371094
612,0.6126126050949097,65.62684631347656,-0.00038922837120480835,0.005368041340261698,-18.28354835510254
613,0.6136136054992676,65.68252563476562,-0.0003903257311321795,0.005451125092804432,-18.43024253845215
614,0.6146146059036255,65.7382583618164,-0.0003917861613444984,0.005475801415741444,-18.42403793334961
615,0.6156156063079834,65.79403686523438,-0.00039279169868677855,0.005479839630424976,-18.364234924316406
616,0.6166166067123413,65.84986877441406,-0.0003931789833586663,0.00602368451654911,-19.687885284423828
617,0.6176176071166992,65.9057388305664,-0.0003943736955989152,0.004973149858415127,-17.01019859313965
618,0.6186186075210571,65.96166229248047,-0.000394569942727685,0.004468273837119341,-15.731327056884766
619,0.619619607925415,66.01763153076172,-0.00039428973104804754,0.004072633106261492,-14.744271278381348
620,0.620620608329773,66.07364654541016,-0.0003940087917726487,0.004094032570719719,-14.854009628295898
621,0.6216216087341309,66.12971496582031,-0.00039337619091384113,0.005161143373697996,-17.63489532470703
622,0.6226226091384888,66.18582916259766,-0.0003943066985812038,0.005276130046695471,-17.9588680267334
623,0.6236236095428467,66.24198150634766,-0.0003947369405068457,0.005094635300338268,-17.492748260498047
624,0.6246246099472046,66.29818725585938,-0.00039510041824541986,0.005744755268096924,-19.10308837890625
625,0.6256256103515625,66.35443878173828,-0.00039439499960280955,0.006142658181488514,-20.070566177368164
626,0.6266266107559204,66.4107437133789,-0.00039353204192593694,0.0055222888477146626,-18.472570419311523
627,0.6276276111602783,66.46709442138672,-0.00039358128560706973,0.00498588802292943,-17.109466552734375
628,0.6286286115646362,66.52349090576172,-0.0003935904533136636,0.004421532619744539,-15.675323486328125
629,0.6296296119689941,66.57994079589844,-0.00039235467556864023,0.005163223948329687,-17.53186798095703
630,0.630630612373352,66.63642883300781,-0.00038985037826932967,0.005513542331755161,-18.405380249023438
631,0.63163161277771,66.6929702758789,-0.0003913179971277714,0.007347469218075275,-23.128578186035156
632,0.6326326131820679,66.74955749511719,-0.0003883573808707297,0.006861468777060509,-21.93651580810547
633,0.6336336135864258,66.80619812011719,-0.0003881191951222718,0.00726498756557703,-23.00409698486328
634,0.6346346139907837,66.86288452148438,-0.0003870194195769727,0.0068262191489338875,-21.881244659423828
635,0.6356356143951416,66.91961669921875,-0.0003895584959536791,0.007428474724292755,-23.441007614135742
636,0.6366366147994995,66.97640228271484,-0.0003920247545465827,0.007900980301201344,-24.6682186126709
637,0.6376376152038574,67.0332260131836,-0.00039441778790205717,0.008410265669226646,-26.001554489135742
638,0.6386386156082153,67.0901107788086,-0.000396290619391948,0.00791140552610159,-24.833253860473633
639,0.6396396160125732,67.14703369140625,-0.0003985831281170249,0.008246268145740032,-25.76597785949707
640,0.6406406164169312,67.20401000976562,-0.0003994753351435065,0.00784289464354515,-24.810884475708008
641,0.6416416764259338,67.26103210449219,-0.00040023820474743843,0.008603143505752087,-26.758373260498047
642,0.6426426768302917,67.31810760498047,-0.0003989125252701342,0.008719352073967457,-27.06458854675293
643,0.6436436772346497,67.37522888183594,-0.00039382209070026875,0.007852228358387947,-24.922412872314453
644,0.6446446776390076,67.4323959350586,-0.0003917361027561128,0.009983186610043049,-30.43489646911621
645,0.6456456780433655,67.48960876464844,-0.0003878588031511754,0.010242902673780918,-31.256065368652344
646,0.6466466784477234,67.546875,-0.0003856245311908424,0.01042291522026062,-31.845062255859375
647,0.6476476788520813,67.60418701171875,-0.00038404902443289757,0.009903746657073498,-30.560428619384766
648,0.6486486792564392,67.66155242919922,-0.0003841368015855551,0.010072387754917145,-31.06247329711914
649,0.6496496796607971,67.71896362304688,-0.00038485784898512065,0.010213738307356834,-31.463680267333984
650,0.650650680065155,67.77642822265625,-0.0003851146320812404,0.010370439849793911,-31.914064407348633
651,0.6516516804695129,67.83393859863281,-0.0003863820747938007,0.00987410731613636,-30.6530818939209
652,0.6526526808738708,67.89148712158203,-0.00038803991628810763,0.009027870371937752,-28.503141403198242
653,0.6536536812782288,67.9490966796875,-0.00039109570207074285,0.00921045895665884,-29.029123306274414
654,0.6546546816825867,68.00675201416016,-0.00039167999057099223,0.009026573970913887,-28.594022750854492
655,0.6556556820869446,68.064453125,-0.0003923948388546705,0.01091970968991518,-33.49660873413086
656,0.6566566824913025,68.1222152709961,-0.0003892154200002551,0.010011972859501839,-31.211124420166016
657,0.6576576828956604,68.18000793457031,-0.0003830339410342276,0.008568765595555305,-27.44843864440918
658,0.6586586833000183,68.23786163330078,-0.00038231973303481936,0.009007761254906654,-28.529666900634766
659,0.6596596837043762,68.29576110839844,-0.00038148072781041265,0.009551668539643288,-29.905248641967773
660,0.6606606841087341,68.35371398925781,-0.0003784554428420961,0.009505667723715305,-29.799560546875
661,0.661661684513092,68.41171264648438,-0.0003765213768929243,0.010460435412824154,-32.36212158203125
662,0.66266268491745,68.46975708007812,-0.00037569861160591245,0.011607581749558449,-35.45887756347656
663,0.6636636853218079,68.5278549194336,-0.0003758803359232843,0.012423230335116386,-37.68552017211914
664,0.6646646857261658,68.58599853515625,-0.0003727544972207397,0.011933074332773685,-36.37143325805664
665,0.6656656861305237,68.64419555664062,-0.00037565024103969336,0.013236424885690212,-39.824180603027344
666,0.6666666865348816,68.70243835449219,-0.00037345406599342823,0.01285304594784975,-38.73086929321289
667,0.6676676869392395,68.76073455810547,-0.0003715712227858603,0.012178794480860233,-36.86332702636719
668,0.6686686873435974,68.81907653808594,-0.00037092826096341014,0.011424687691032887,-34.816444396972656
669,0.6696696877479553,68.87747192382812,-0.00037190355942584574,0.011421817354857922,-34.82724380493164
670,0.6706706881523132,68.9359130859375,-0.00037272757617756724,0.010429883375763893,-32.22373962402344
671,0.6716716885566711,68.9944076538086,-0.0003740975516848266,0.012175408191978931,-37.01263427734375
672,0.672672688961029,69.05294799804688,-0.0003745620488189161,0.010860099457204342,-33.658348083496094
673,0.673673689365387,69.11154174804688,-0.0003757406084332615,0.010193908587098122,-32.05925750732422
674,0.6746746897697449,69.17018127441406,-0.00037619390059262514,0.00965974573045969,-30.84322166442871
675,0.6756756901741028,69.22887420654297,-0.00037593874731101096,0.00990604143589735,-31.733745574951172
676,0.6766766905784607,69.2876205444336,-0.0003730363678187132,0.009277150966227055,-30.180316925048828
677,0.6776776909828186,69.34640502929688,-0.0003733812482096255,0.009903165511786938,-31.891515731811523
678,0.6786786913871765,69.4052505493164,-0.0003744007262866944,0.010761070065200329,-34.154239654541016
679,0.6796796917915344,69.4641342163086,-0.0003728301962837577,0.010325228795409203,-32.93918991088867
680,0.6806806921958923,69.52307891845703,-0.0003726129652932286,0.011115800589323044,-35.04716110229492
681,0.6816816926002502,69.58206939697266,-0.0003680193913169205,0.010390437208116055,-33.194766998291016
682,0.6826826930046082,69.64111328125,-0.00036389692104421556,0.010784609243273735,-34.435970306396484
683,0.6836836934089661,69.7001953125,-0.0003605594392865896,0.011199276894330978,-35.69906234741211
684,0.684684693813324,69.75934600830078,-0.00035657663829624653,0.010673651471734047,-34.25284957885742
685,0.6856856942176819,69.81852722167969,-0.00035352399572730064,0.00917055830359459,-29.876802444458008
686,0.6866866946220398,69.87776947021484,-0.00035360868787392974,0.009399988688528538,-30.31138801574707
687,0.6876876950263977,69.93706512451172,-0.0003537768789101392,0.008042712695896626,-26.296804428100586
688,0.6886886954307556,69.99640655517578,-0.000354625575710088,0.008128874003887177,-26.438196182250977
689,0.6896896958351135,70.05580139160156,-0.0003540962061379105,0.009129548445343971,-29.241674423217773
690,0.6906906962394714,70.11524200439453,-0.00035234936513006687,0.009451600722968578,-30.234487533569336
691,0.6916916966438293,70.17473602294922,-0.00035116003709845245,0.00894602295011282,-28.878204345703125
692,0.6926926970481873,70.23428344726562,-0.0003507588990032673,0.008638101629912853,-28.045249938964844
693,0.6936936974525452,70.29387664794922,-0.0003497592406347394,0.008128196932375431,-26.649192810058594
694,0.6946946978569031,70.353515625,-0.0003500491438899189,0.008357529528439045,-27.39313507080078
695,0.695695698261261,70.41321563720703,-0.00035114074125885963,0.010084815323352814,-32.514320373535156
696,0.6966966986656189,70.47296142578125,-0.00034793061786331236,0.01013172511011362,-32.922603607177734
697,0.6976976990699768,70.53276062011719,-0.00034330179914832115,0.009201104752719402,-30.447696685791016
698,0.6986986994743347,70.59259796142578,-0.0003428400377742946,0.009644437581300735,-31.86595916748047
699,0.6996996998786926,70.65249633789062,-0.0003474761324469,0.011421889998018742,-37.07575225830078
700,0.7007007002830505,70.71244812011719,-0.0003472214157227427,0.011461705900728703,-37.1519889831543
701,0.7017017006874084,70.77244567871094,-0.00035209543420933187,0.012753667309880257,-40.76740264892578
702,0.7027027010917664,70.83250427246094,-0.00035442295484244823,0.013202102854847908,-41.93452453613281
703,0.7037037014961243,70.8926010131836,-0.0003572689602151513,0.013712596148252487,-43.31360626220703
704,0.7047047019004822,70.95275115966797,-0.00035171175841242075,0.01231247279793024,-39.41223907470703
705,0.7057057023048401,71.0129623413086,-0.0003520839964039624,0.012670984491705894,-40.57115173339844
706,0.706706702709198,71.07321166992188,-0.0003560699988156557,0.013576837256550789,-43.29751968383789
707,0.7077077031135559,71.1335220336914,-0.0003526470100041479,0.012821068055927753,-41.30974578857422
708,0.7087087035179138,71.19387817382812,-0.0003570996632333845,0.013654936105012894,-43.78482437133789
709,0.7097097039222717,71.25428771972656,-0.00035496504278853536,0.013188648037612438,-42.532196044921875
710,0.7107107043266296,71.31475067138672,-0.00035652139922603965,0.013263913802802563,-42.707244873046875
711,0.7117117047309875,71.37525939941406,-0.00035643141018226743,0.012958538718521595,-41.780052185058594
712,0.7127127051353455,71.4358139038086,-0.0003566914238035679,0.01309517677873373,-42.21837615966797
713,0.7137137055397034,71.4964370727539,-0.00034979780321009457,0.012149958871304989,-39.65704345703125
714,0.7147147059440613,71.55709838867188,-0.00035827263491228223,0.014225874096155167,-45.591609954833984
715,0.7157157063484192,71.61781311035156,-0.0003519843448884785,0.013419220224022865,-43.331459045410156
716,0.7167167067527771,71.67858123779297,-0.00035313767148181796,0.014088708907365799,-45.35401916503906
717,0.717717707157135,71.7394027709961,-0.0003534157294780016,0.014405453577637672,-46.36525344848633
718,0.7187187075614929,71.8002700805664,-0.0003555146395228803,0.014840684831142426,-47.590457916259766
719,0.7197197079658508,71.86119842529297,-0.0003519834135659039,0.014248491264879704,-45.84049987792969
720,0.7207207083702087,71.92217254638672,-0.0003510689130052924,0.014279419556260109,-45.91565704345703
721,0.7217217087745667,71.98320007324219,-0.0003497093275655061,0.014470835216343403,-46.5953254699707
722,0.7227227091789246,72.04427337646484,-0.0003435320977587253,0.013639145530760288,-44.311485290527344
723,0.7237237095832825,72.10540771484375,-0.0003484642365947366,0.015025480650365353,-48.41149139404297
724,0.7247247099876404,72.16658782958984,-0.00035070921876467764,0.015878824517130852,-51.01446533203125
725,0.7257257103919983,72.22782135009766,-0.00034474703716114163,0.014855829067528248,-48.30503845214844
726,0.7267267107963562,72.28910827636719,-0.0003413470112718642,0.014325912110507488,-47.02562713623047
727,0.7277277112007141,72.3504409790039,-0.00033929452183656394,0.013898157514631748,-45.992530822753906
728,0.728728711605072,72.41183471679688,-0.00034106342354789376,0.014194068498909473,-47.097843170166016
729,0.7297297120094299,72.47327423095703,-0.0003405593161005527,0.013987493701279163,-46.72416305541992
730,0.7307307124137878,72.53477478027344,-0.0003367558238096535,0.013060246594250202,-44.09717559814453
731,0.7317317128181458,72.59632110595703,-0.0003300279495306313,0.011743254028260708,-40.16700744628906
732,0.7327327132225037,72.65791320800781,-0.0003226445405744016,0.010404880158603191,-36.06623840332031
733,0.7337337136268616,72.71956634521484,-0.0003198986523784697,0.010223289020359516,-35.466529846191406
734,0.7347347140312195,72.78126525878906,-0.00031818082788959146,0.010374012403190136,-35.865962982177734
735,0.7357357144355774,72.84302520751953,-0.0003142633941024542,0.0098345298320055,-34.051116943359375
736,0.7367367148399353,72.90483093261719,-0.00031788909109309316,0.011133899912238121,-38.02492141723633
737,0.7377377152442932,72.96669006347656,-0.0003188826667610556,0.011323234997689724,-38.44260025024414
738,0.7387387156486511,73.02860260009766,-0.00031688064336776733,0.010539650917053223,-35.90460205078125
739,0.739739716053009,73.09056854248047,-0.0003188098780810833,0.010919250547885895,-37.10718536376953
740,0.7407407164573669,73.152587890625,-0.00031730980845168233,0.010174435563385487,-34.864646911621094
741,0.7417417168617249,73.21465301513672,-0.0003177272737957537,0.010141260921955109,-34.87564468383789
742,0.7427427172660828,73.27677917480469,-0.0003173801233060658,0.009708631783723831,-33.65843963623047
743,0.7437437772750854,73.33895874023438,-0.0003187574911862612,0.009875576943159103,-34.33283233642578
744,0.7447447776794434,73.40119171142578,-0.00032043157261796296,0.010067537426948547,-35.050987243652344
745,0.7457457780838013,73.46347045898438,-0.00032221630681306124,0.01043202169239521,-36.24311828613281
746,0.7467467784881592,73.52580261230469,-0.0003341391566209495,0.012827778235077858,-43.541988372802734
747,0.7477477788925171,73.58819580078125,-0.00032697690767236054,0.011760230176150799,-40.33329772949219
748,0.748748779296875,73.65062713623047,-0.0003302626428194344,0.01272662729024887,-43.35009002685547
749,0.7497497797012329,73.71311950683594,-0.00033361854730173945,0.013654175214469433,-46.234771728515625
750,0.7507507801055908,73.77567291259766,-0.0003310022584628314,0.01325143501162529,-45.04594421386719
751,0.7517517805099487,73.83826446533203,-0.0003290174645371735,0.01274920254945755,-43.50928497314453
752,0.7527527809143066,73.90092468261719,-0.0003294817579444498,0.012624812312424183,-43.07533645629883
753,0.7537537813186646,73.963623046875,-0.0003298105439171195,0.012358208186924458,-42.238555908203125
754,0.7547547817230225,74.02638244628906,-0.000329070258885622,0.012221228331327438,-41.914798736572266
755,0.7557557821273804,74.08919525146484,-0.00032635388197377324,0.011947229504585266,-41.32898712158203
756,0.7567567825317383,74.15206146240234,-0.0003235291806049645,0.01124454103410244,-39.398502349853516
757,0.7577577829360962,74.21498107910156,-0.000322319392580539,0.011862599290907383,-41.52652359008789
758,0.7587587833404541,74.2779541015625,-0.00032099237432703376,0.011907435953617096,-41.83724594116211
759,0.759759783744812,74.34097290039062,-0.0003213103045709431,0.0122218681499362,-42.9166259765625
760,0.7607607841491699,74.404052734375,-0.00032170815393328667,0.012279017828404903,-43.11296081542969
761,0.7617617845535278,74.4671859741211,-0.000334571348503232,0.015291358344256878,-52.30519104003906
762,0.7627627849578857,74.53038024902344,-0.00032177759567275643,0.012609006837010384,-44.15630340576172
763,0.7637637853622437,74.59361267089844,-0.0003190501593053341,0.012333293445408344,-43.31287384033203
764,0.7647647857666016,74.65690612792969,-0.0003173678123857826,0.012235864996910095,-43.0145263671875
765,0.7657657861709595,74.72025299072266,-0.00032194581581279635,0.013617711141705513,-47.32942581176758
766,0.7667667865753174,74.78365325927734,-0.00032172328792512417,0.013849492184817791,-48.03703308105469
767,0.7677677869796753,74.84710693359375,-0.000317176163662225,0.01287382934242487,-45.064605712890625
768,0.7687687873840332,74.91061401367188,-0.00031417759601026773,0.012504903599619865,-44.07453536987305
769,0.7697697877883911,74.97418212890625,-0.0003118713211733848,0.012157481163740158,-43.098411560058594
770,0.770770788192749,75.03779602050781,-0.00031142326770350337,0.012065520510077477,-42.86679458618164
771,0.7717717885971069,75.1014633178711,-0.0003122854686807841,0.012235114350914955,-43.40916061401367
772,0.7727727890014648,75.1651840209961,-0.0003140115877613425,0.012634516693651676,-44.64790344238281
773,0.7737737894058228,75.22896575927734,-0.00031852821120992303,0.013686737976968288,-47.82604217529297
774,0.7747747898101807,75.29280090332031,-0.000318269245326519,0.013670800253748894,-47.72914505004883
775,0.7757757902145386,75.35668182373047,-0.00031899719033390284,0.014285264536738396,-49.647117614746094
776,0.7767767906188965,75.42062377929688,-0.00031477390439249575,0.013185263611376286,-46.18166732788086
777,0.7777777910232544,75.484619140625,-0.00031375716207548976,0.013203355483710766,-46.22186279296875
778,0.7787787914276123,75.54866790771484,-0.0003080450987908989,0.01153758354485035,-40.883148193359375
779,0.7797797918319702,75.6127700805664,-0.0003082167240791023,0.01232259813696146,-43.40705871582031
780,0.7807807922363281,75.67693328857422,-0.00030630160472355783,0.012301228940486908,-43.30789566040039
781,0.781781792640686,75.74114227294922,-0.00030334212351590395,0.012088465504348278,-42.65516662597656
782,0.782782793045044,75.80540466308594,-0.0003052526153624058,0.01324400119483471,-46.548892974853516
783,0.7837837934494019,75.8697280883789,-0.00030555669218301773,0.013676105067133904,-48.0919075012207
784,0.7847847938537598,75.9341049194336,-0.00030233553843572736,0.013230482116341591,-46.80817794799805
785,0.7857857942581177,75.99853515625,-0.0003024536999873817,0.013543720357120037,-47.968868255615234
786,0.7867867946624756,76.06301879882812,-0.00030365335987880826,0.013998505659401417,-49.534881591796875
787,0.7877877950668335,76.1275634765625,-0.00030568591319024563,0.014428517781198025,-50.936248779296875
788,0.7887887954711914,76.19215393066406,-0.00030640349723398685,0.014317566528916359,-50.51333236694336
789,0.7897897958755493,76.25680541992188,-0.00030703918309882283,0.014165397733449936,-49.93492889404297
790,0.7907907962799072,76.3215103149414,-0.0003101810871157795,0.014915231615304947,-52.3372802734375
791,0.7917917966842651,76.38626861572266,-0.00031336903339251876,0.016205422580242157,-56.562721252441406
792,0.792792797088623,76.45108032226562,-0.0003100864705629647,0.0151373241096735,-53.27030944824219
793,0.793793797492981,76.51595306396484,-0.000310989998979494,0.015786578878760338,-55.461326599121094
794,0.7947947978973389,76.58087921142578,-0.0003099706373177469,0.015605848282575607,-54.97475814819336
795,0.7957957983016968,76.64585876464844,-0.00031076488085091114,0.01618913747370243,-56.921756744384766
796,0.7967967987060547,76.71089172363281,-0.0003110914840362966,0.01626393012702465,-57.222923278808594
797,0.7977977991104126,76.7759780883789,-0.00031395338010042906,0.017259135842323303,-60.46674728393555
798,0.7987987995147705,76.84112548828125,-0.0003148485557176173,0.017690474167466164,-62.041500091552734
799,0.7997997999191284,76.90632629394531,-0.00031840766314417124,0.01923998072743416,-67.16036224365234
800,0.8008008003234863,76.97157287597656,-0.0003175924648530781,0.018671419471502304,-65.58475494384766
801,0.8018018007278442,77.03689575195312,-0.0003157933533657342,0.017696930095553398,-62.737178802490234
802,0.8028028011322021,77.10225677490234,-0.00031567466794513166,0.01743774116039276,-62.0910758972168
803,0.8038038015365601,77.16767883300781,-0.00031578331254422665,0.017298391088843346,-61.80207061767578
804,0.804804801940918,77.233154296875,-0.00031410707742907107,0.016567295417189598,-59.605133056640625
805,0.8058058023452759,77.29869079589844,-0.0003121747577097267,0.01578741893172264,-57.142330169677734
806,0.8068068027496338,77.36427307128906,-0.0003111256519332528,0.015305908396840096,-55.578285217285156
807,0.8078078031539917,77.42991638183594,-0.00030878017423674464,0.014340365305542946,-52.449459075927734
808,0.8088088035583496,77.49562072753906,-0.0003108633973170072,0.015347136184573174,-55.73534393310547
809,0.8098098039627075,77.56137084960938,-0.0003111670375801623,0.015717405825853348,-57.034202575683594
810,0.8108108043670654,77.62718963623047,-0.00030844908906146884,0.014927586540579796,-54.63753890991211
811,0.8118118047714233,77.69306182861328,-0.00030410781619139016,0.01368661131709814,-50.728858947753906
812,0.8128128051757812,77.75897979736328,-0.0003038441645912826,0.013824914582073689,-51.27642822265625
813,0.8138138055801392,77.82495880126953,-0.0003032568783964962,0.013956381008028984,-51.76610565185547
814,0.8148148059844971,77.8909912109375,-0.0002970243222080171,0.012796487659215927,-47.947174072265625
815,0.815815806388855,77.95708465576172,-0.00029735779389739037,0.013166177086532116,-49.225624084472656
816,0.8168168067932129,78.02323150634766,-0.00029651744989678264,0.013496420346200466,-50.43193817138672
817,0.8178178071975708,78.08943176269531,-0.00029537666705437005,0.013840604573488235,-51.783782958984375
818,0.8188188076019287,78.15569305419922,-0.00029585493030026555,0.014435221441090107,-54.077327728271484
819,0.8198198080062866,78.22200775146484,-0.00028674257919192314,0.013394180685281754,-50.829986572265625
820,0.8208208084106445,78.28837585449219,-0.0002764049277175218,0.012284018099308014,-47.05659866333008
821,0.8218218088150024,78.35481262207031,-0.0002786539262160659,0.012889765202999115,-49.31822967529297
822,0.8228228092193604,78.4212875366211,-0.00027136720018461347,0.01217926386743784,-46.76914978027344
823,0.8238238096237183,78.48783874511719,-0.00027262012008577585,0.012593837454915047,-48.2668342590332
824,0.8248248100280762,78.55442810058594,-0.0002710519765969366,0.012519258074462414,-47.908695220947266
825,0.8258258104324341,78.62108612060547,-0.00027889315970242023,0.0135828647762537,-51.70106506347656
826,0.826826810836792,78.68779754638672,-0.00027033931110054255,0.012288631871342659,-46.839481353759766
827,0.8278278112411499,78.75455474853516,-0.00026833248557522893,0.011612148024141788,-44.18327331542969
828,0.8288288116455078,78.82138061523438,-0.00027033593505620956,0.011896811425685883,-45.27727508544922
829,0.8298298120498657,78.88825988769531,-0.00027042784495279193,0.011677836999297142,-44.6200065612793
830,0.8308308124542236,78.9552001953125,-0.0002763092052191496,0.013032425194978714,-49.69512939453125
831,0.8318318128585815,79.02220153808594,-0.0002778265334200114,0.013476631604135036,-51.3613166809082
832,0.8328328132629395,79.08924865722656,-0.00027530459919944406,0.013086769729852676,-50.07304763793945
833,0.8338338136672974,79.15635681152344,-0.00027389003662392497,0.012886716984212399,-49.44157409667969
834,0.8348348140716553,79.22352600097656,-0.00027294474421069026,0.012609556317329407,-48.52619171142578
835,0.8358358144760132,79.29074096679688,-0.000272184464847669,0.012244774028658867,-47.35450744628906
836,0.8368368148803711,79.35801696777344,-0.00027295167092233896,0.01238102838397026,-47.96332931518555
837,0.837837815284729,79.42535400390625,-0.0002732756547629833,0.01146011520177126,-44.5650749206543
838,0.8388388156890869,79.49275207519531,-0.00027498468989506364,0.011099460534751415,-43.175567626953125
839,0.8398398160934448,79.56019592285156,-0.00027670414419844747,0.010090245865285397,-39.514549255371094
840,0.8408408164978027,79.62770080566406,-0.0002776287728920579,0.01087365671992302,-42.43934631347656
841,0.8418418169021606,79.69527435302734,-0.00027771026361733675,0.010593869723379612,-41.58632278442383
842,0.8428428173065186,79.76288604736328,-0.0002777908812277019,0.011121351271867752,-43.645668029785156
843,0.8438438177108765,79.83056640625,-0.00027622803463600576,0.010799652896821499,-42.647518157958984
844,0.8448448181152344,79.89830780029297,-0.0002753271837718785,0.01128423772752285,-44.54233169555664
845,0.8458458185195923,79.96610260009766,-0.0002745256060734391,0.011772003956139088,-46.44646453857422
846,0.846846878528595,80.0339584350586,-0.0002714834699872881,0.01121737901121378,-44.533302307128906
847,0.8478478789329529,80.10186004638672,-0.00026755809085443616,0.010417701676487923,-41.680992126464844
848,0.8488488793373108,80.16983032226562,-0.00026559806428849697,0.010869803838431835,-43.44086837768555
849,0.8498498797416687,80.23786163330078,-0.00026294024428352714,0.01093682274222374,-43.75920104980469
850,0.8508508801460266,80.30593872070312,-0.00026486031129024923,0.012697510421276093,-50.497344970703125
851,0.8518518805503845,80.37407684326172,-0.00026258931029587984,0.012831270694732666,-51.028953552246094
852,0.8528528809547424,80.44227600097656,-0.0002618167782202363,0.01326103787869215,-52.6934814453125
853,0.8538538813591003,80.51052856445312,-0.00026144637377001345,0.013572420924901962,-53.82937240600586
854,0.8548548817634583,80.57884216308594,-0.00026118161622434855,0.013772694393992424,-54.5835075378418
855,0.8558558821678162,80.647216796875,-0.00025853971601463854,0.013249433599412441,-52.60986328125
856,0.8568568825721741,80.71565246582031,-0.00026112169143743813,0.013666455633938313,-54.31403732299805
857,0.857857882976532,80.78413391113281,-0.00026518144295550883,0.014198672026395798,-56.39942169189453
858,0.8588588833808899,80.8526840209961,-0.00027132127434015274,0.015199830755591393,-60.13434600830078
859,0.8598598837852478,80.92127990722656,-0.00027584354393184185,0.016328422352671623,-64.28038024902344
860,0.8608608841896057,80.98995208740234,-0.00027403730200603604,0.015946023166179657,-62.94861602783203
861,0.8618618845939636,81.05866241455078,-0.00027360516833141446,0.016026463359594345,-63.283111572265625
862,0.8628628849983215,81.12744903564453,-0.00027052167570218444,0.015497921034693718,-61.38966369628906
863,0.8638638854026794,81.19628143310547,-0.00027072697412222624,0.015614492818713188,-61.86173629760742
864,0.8648648858070374,81.26518249511719,-0.00026872861781157553,0.015205001458525658,-60.41984939575195
865,0.8658658862113953,81.3341293334961,-0.00027377548394724727,0.016097577288746834,-63.845001220703125
866,0.8668668866157532,81.40314483642578,-0.0002766211982816458,0.016508422791957855,-65.479736328125
867,0.8678678870201111,81.47222137451172,-0.0002701021439861506,0.014818468131124973,-59.50109100341797
868,0.868868887424469,81.54134368896484,-0.00026481651002541184,0.013668596744537354,-55.36882019042969
869,0.8698698878288269,81.61053466796875,-0.00026479215011931956,0.013359016738831997,-54.35443878173828
870,0.8708708882331848,81.6797866821289,-0.0002680867037270218,0.013548299670219421,-55.236698150634766
871,0.8718718886375427,81.74909210205078,-0.0002680115576367825,0.013213206082582474,-54.15275192260742
872,0.8728728890419006,81.81845092773438,-0.0002659584570210427,0.01263418048620224,-52.030452728271484
873,0.8738738894462585,81.88787078857422,-0.00026672237436287105,0.012816480360925198,-52.65131759643555
874,0.8748748898506165,81.95735931396484,-0.0002654904674272984,0.012688219547271729,-52.0156135559082
875,0.8758758902549744,82.02690887451172,-0.00026458321372047067,0.012669002637267113,-51.80320739746094
876,0.8768768906593323,82.09650421142578,-0.0002670991816557944,0.013629813678562641,-55.345375061035156
877,0.8778778910636902,82.1661605834961,-0.0002668037195689976,0.013814481906592846,-56.08820343017578
878,0.8788788914680481,82.23587799072266,-0.00026704452466219664,0.014094550162553787,-57.32122039794922
879,0.879879891872406,82.30565643310547,-0.00026633666129782796,0.013847594149410725,-56.65379333496094
880,0.8808808922767639,82.37548828125,-0.00026640575379133224,0.013861430808901787,-57.030521392822266
881,0.8818818926811218,82.44538116455078,-0.00026737150619737804,0.01430213637650013,-58.98773193359375
882,0.8828828930854797,82.51534271240234,-0.00026690674712881446,0.014319375157356262,-59.17152786254883
883,0.8838838934898376,82.58535766601562,-0.0002666020591277629,0.014294156804680824,-59.109806060791016
884,0.8848848938941956,82.65543365478516,-0.0002708597749006003,0.01576365903019905,-64.54443359375
885,0.8858858942985535,82.72557067871094,-0.0002732156135607511,0.016539357602596283,-67.32299041748047
886,0.8868868947029114,82.7957534790039,-0.00027497319388203323,0.017246069386601448,-69.8355941772461
887,0.8878878951072693,82.86600494384766,-0.0002732695429585874,0.0166733730584383,-67.85541534423828
888,0.8888888955116272,82.93631744384766,-0.00026927742874249816,0.015697678551077843,-64.57290649414062
889,0.8898898959159851,83.00669860839844,-0.0002686594380065799,0.016008419916033745,-66.05007934570312
890,0.890890896320343,83.0771255493164,-0.0002684725623112172,0.016377197578549385,-67.7431869506836
891,0.8918918967247009,83.14761352539062,-0.00026790477568283677,0.016155902296304703,-67.11943817138672
892,0.8928928971290588,83.21817016601562,-0.0002692659618332982,0.01722354255616665,-71.22244262695312
893,0.8938938975334167,83.28878021240234,-0.00026963677373714745,0.017706096172332764,-73.12312316894531
894,0.8948948979377747,83.35945129394531,-0.00027034879894927144,0.018054025247693062,-74.45574188232422
895,0.8958958983421326,83.43018341064453,-0.0002703837235458195,0.017595281824469566,-72.76426696777344
896,0.8968968987464905,83.5009765625,-0.00027103384491056204,0.01740344986319542,-72.04215240478516
897,0.8978978991508484,83.57182312011719,-0.0002725927042774856,0.01848318800330162,-76.10469055175781
898,0.8988988995552063,83.64273071289062,-0.00027164779021404684,0.017817657440900803,-73.87867736816406
899,0.8998998999595642,83.71370697021484,-0.0002708185347728431,0.01742260716855526,-72.60980224609375
900,0.9009009003639221,83.78473663330078,-0.00027030202909372747,0.017279990017414093,-72.1761703491211
901,0.90190190076828,83.85582733154297,-0.00027009908808395267,0.01769353449344635,-73.84574127197266
902,0.9029029011726379,83.9269790649414,-0.00026895341579802334,0.017411552369594574,-73.00205993652344
903,0.9039039015769958,83.99818420410156,-0.0002649559755809605,0.015697533264756203,-66.78296661376953
904,0.9049049019813538,84.06946563720703,-0.0002642601612024009,0.015998024493455887,-68.04754638671875
905,0.9059059023857117,84.14079284667969,-0.00026161104324273765,0.015751440078020096,-67.17345428466797
906,0.9069069027900696,84.21219635009766,-0.0002592607634142041,0.015736935660243034,-67.06024932861328
907,0.9079079031944275,84.28364562988281,-0.00025634042685851455,0.01543750986456871,-65.7832260131836
908,0.9089089035987854,84.35516357421875,-0.00025281988200731575,0.014811988919973373,-63.18441390991211
909,0.9099099040031433,84.42674255371094,-0.0002481775009073317,0.013652087189257145,-58.47076416015625
910,0.9109109044075012,84.49837493896484,-0.0002468167804181576,0.013248447328805923,-56.950687408447266
911,0.9119119048118591,84.57007598876953,-0.0002468419843353331,0.013170829974114895,-56.851341247558594
912,0.912912905216217,84.64183044433594,-0.00024852532078512013,0.013837016187608242,-59.83477783203125
913,0.913913905620575,84.71365356445312,-0.00024899470736272633,0.014021189883351326,-60.83750915527344
914,0.9149149060249329,84.78553009033203,-0.0002467264130245894,0.013285607099533081,-58.08356857299805
915,0.9159159064292908,84.85746765136719,-0.0002489665348548442,0.014104070141911507,-61.521793365478516
916,0.9169169068336487,84.92947387695312,-0.00024845587904565036,0.01402388233691454,-61.270904541015625
917,0.9179179072380066,85.00153350830078,-0.0002499446854926646,0.01449898723512888,-63.20998001098633
918,0.9189189076423645,85.07366180419922,-0.00024913984816521406,0.014296427369117737,-62.500125885009766
919,0.9199199080467224,85.1458511352539,-0.00024750223383307457,0.01396708283573389,-61.364906311035156
920,0.9209209084510803,85.21809387207031,-0.0002421459648758173,0.013000202365219593,-57.59264373779297
921,0.9219219088554382,85.29039764404297,-0.0002467416343279183,0.014346065931022167,-63.244117736816406
922,0.9229229092597961,85.3627700805664,-0.00024312071036547422,0.013769980520009995,-61.03044509887695
923,0.923923909664154,85.43519592285156,-0.0002399820659775287,0.013315011747181416,-59.240291595458984
924,0.924924910068512,85.50769805908203,-0.00023790831619407982,0.013034812174737453,-58.18947219848633
925,0.9259259104728699,85.58024597167969,-0.0002386002743151039,0.013278908096253872,-59.3181266784668
926,0.9269269108772278,85.6528549194336,-0.00023967197921592742,0.013462970964610577,-60.13304901123047
927,0.9279279112815857,85.72554779052734,-0.00024140292953234166,0.013646978884935379,-60.918575286865234
928,0.9289289116859436,85.79827880859375,-0.00024386389122810215,0.014071144163608551,-62.68761444091797
929,0.9299299120903015,85.87108612060547,-0.0002464262652210891,0.014845184050500393,-65.78179168701172
930,0.9309309124946594,85.9439468383789,-0.0002447423175908625,0.014280506409704685,-63.52145767211914
931,0.9319319128990173,86.01686096191406,-0.0002452570479363203,0.014706425368785858,-65.38031005859375
932,0.9329329133033752,86.08985137939453,-0.00023941692779771984,0.013163702562451363,-59.1674690246582
933,0.9339339137077332,86.16289520263672,-0.0002391984744463116,0.013347911648452282,-59.992454528808594
934,0.9349349141120911,86.23600769042969,-0.00023798292386345565,0.013272054493427277,-59.685577392578125
935,0.935935914516449,86.3091812133789,-0.0002350894792471081,0.012728518806397915,-57.40961456298828
936,0.9369369149208069,86.38240814208984,-0.00023868874995969236,0.013880934566259384,-62.257659912109375
937,0.9379379153251648,86.45570373535156,-0.0002371967420913279,0.013417894951999187,-60.29399490356445
938,0.9389389157295227,86.52906799316406,-0.0002359221107326448,0.012932902202010155,-58.30171203613281
939,0.9399399161338806,86.60248565673828,-0.00023315520957112312,0.012097293511033058,-54.912044525146484
940,0.9409409165382385,86.67597198486328,-0.00023440876975655556,0.012861775234341621,-58.38777542114258
941,0.9419419169425964,86.74951171875,-0.00023366173263639212,0.012861110270023346,-58.64067840576172
942,0.9429429173469543,86.82312774658203,-0.00023020253865979612,0.012273436412215233,-56.23933792114258
943,0.9439439177513123,86.89679718017578,-0.00022618967341259122,0.011730615980923176,-53.903709411621094
944,0.9449449181556702,86.97053527832031,-0.00022438766609411687,0.011994286440312862,-55.079200744628906
945,0.9459459185600281,87.04431915283203,-0.00022249648463912308,0.011981322430074215,-55.07479476928711
946,0.946946918964386,87.11817932128906,-0.00022034000721760094,0.011569223366677761,-53.24303436279297
947,0.9479479193687439,87.19210052490234,-0.00021986771025694907,0.01067026611417532,-49.14235305786133
948,0.9489489793777466,87.2660903930664,-0.00022261639242060483,0.009845809079706669,-45.430606842041016
949,0.9499499797821045,87.34013366699219,-0.00022416436695493758,0.009367259219288826,-43.423404693603516
950,0.9509509801864624,87.41423797607422,-0.00022508551774080843,0.009007048793137074,-41.993595123291016
951,0.9519519805908203,87.48841094970703,-0.00022370825172401965,0.009012563154101372,-42.20017623901367
952,0.9529529809951782,87.56263732910156,-0.00022412851103581488,0.008680605329573154,-40.88383865356445
953,0.9539539813995361,87.6369400024414,-0.0002241652546217665,0.00833724532276392,-39.487247467041016
954,0.954954981803894,87.71129608154297,-0.00022640482347924262,0.007379426155239344,-35.34663772583008
955,0.955955982208252,87.78572845458984,-0.000225463678361848,0.007214237470179796,-34.71913146972656
956,0.9569569826126099,87.86021423339844,-0.0002246975782327354,0.007279019802808762,-35.09524154663086
957,0.9579579830169678,87.93476104736328,-0.00022465472284238786,0.007425961084663868,-35.802242279052734
958,0.9589589834213257,88.0093765258789,-0.000225497642531991,0.007493907120078802,-36.15836715698242
959,0.9599599838256836,88.08405303955078,-0.00022651252220384777,0.006999889854341745,-34.07916259765625
960,0.9609609842300415,88.1587905883789,-0.00022685297881253064,0.006620719097554684,-32.60954284667969
961,0.9619619846343994,88.23359680175781,-0.00022448517847806215,0.005633312743157148,-28.523113250732422
962,0.9629629850387573,88.30846405029297,-0.00022359006106853485,0.00543170515447855,-27.914352416992188
963,0.9639639854431152,88.38339233398438,-0.00022146734409034252,0.005096918903291225,-26.62042808532715
964,0.9649649858474731,88.45838165283203,-0.00022064951190259308,0.005087428260594606,-26.663230895996094
965,0.965965986251831,88.53343963623047,-0.00021788822778034955,0.004453182686120272,-23.753149032592773
966,0.966966986656189,88.60856628417969,-0.0002191069070249796,0.004799617454409599,-25.21747589111328
967,0.9679679870605469,88.68374633789062,-0.0002159236028091982,0.003546149702742696,-19.309463500976562
968,0.9689689874649048,88.75899505615234,-0.0002177096321247518,0.004037795588374138,-21.440185546875
969,0.9699699878692627,88.83431243896484,-0.0002180056180804968,0.0038013854064047337,-20.23447036743164
970,0.9709709882736206,88.90968322753906,-0.0002158865099772811,0.002704135375097394,-15.073745727539062
971,0.9719719886779785,88.98513793945312,-0.00021740564261563122,0.0031731538474559784,-17.175962448120117
972,0.9729729890823364,89.06063842773438,-0.0002167022757930681,0.0030213191639631987,-16.420921325683594
973,0.9739739894866943,89.13619995117188,-0.00021423693397082388,0.002475559012964368,-13.828046798706055
974,0.9749749898910522,89.21183776855469,-0.0002140452852472663,0.002823580987751484,-15.401813507080078
975,0.9759759902954102,89.28753662109375,-0.00021478334383573383,0.0033831153996288776,-18.021724700927734
976,0.9769769906997681,89.36328887939453,-0.00021754871704615653,0.00425368919968605,-22.017349243164062
977,0.977977991104126,89.43911743164062,-0.00021936849225312471,0.004739138297736645,-24.240753173828125
978,0.9789789915084839,89.5150146484375,-0.00021998168085701764,0.004745087120682001,-24.27853775024414
979,0.9799799919128418,89.59095764160156,-0.0002215290442109108,0.005216086283326149,-26.467897415161133
980,0.9809809923171997,89.66697692871094,-0.0002223099727416411,0.0053978669457137585,-27.32583236694336
981,0.9819819927215576,89.7430648803711,-0.00022241442638915032,0.006554070394486189,-32.536888122558594
982,0.9829829931259155,89.81920623779297,-0.00022041387273930013,0.007111834362149239,-35.154197692871094
983,0.9839839935302734,89.89541625976562,-0.00021901357104070485,0.007119105663150549,-35.30214309692383
984,0.9849849939346313,89.97168731689453,-0.00021781239775009453,0.007091485895216465,-35.28333282470703
985,0.9859859943389893,90.04803466796875,-0.00021377750090323389,0.008061087690293789,-39.880592346191406
986,0.9869869947433472,90.12445068359375,-0.00021254994499031454,0.008340937085449696,-41.30121612548828
987,0.9879879951477051,90.20091247558594,-0.00021335043129511178,0.007983146235346794,-39.74705123901367
988,0.988988995552063,90.27745819091797,-0.00021267830743454397,0.008054419420659542,-40.24083709716797
989,0.9899899959564209,90.35404968261719,-0.00021127145737409592,0.008569660596549511,-42.865474700927734
990,0.9909909963607788,90.43071746826172,-0.00021353215561248362,0.007532869931310415,-38.16571044921875
991,0.9919919967651367,90.5074462890625,-0.00021369823662098497,0.007433099206537008,-37.84669876098633
992,0.9929929971694946,90.58423614501953,-0.00021433905931189656,0.006802757736295462,-35.051395416259766
993,0.9939939975738525,90.6611099243164,-0.00021407597523648292,0.007995693944394588,-40.73277282714844
994,0.9949949979782104,90.73802947998047,-0.00021663770894519985,0.006434469949454069,-33.571128845214844
995,0.9959959983825684,90.81501770019531,-0.00021758986986242235,0.00583671685308218,-30.887733459472656
996,0.9969969987869263,90.89208221435547,-0.0002187901409342885,0.005824475083500147,-30.828624725341797
997,0.9979979991912842,90.96920013427734,-0.0002190791565226391,0.005289772525429726,-28.36310577392578
998,0.9989989995956421,91.04638671875,-0.0002191922249039635,0.005279304925352335,-28.272747039794922
999,1.0,91.12364959716797,-0.0002175240806536749,0.005923297721892595,-31.226905822753906
