index,timestep,Diffusion_Coeff,Divergence,score,pos
0,0.0,39.05299377441406,-0.009896421805024147,0.0038665877655148506,39.060420989990234
1,0.0010010009864345193,39.08612823486328,-0.009901304729282856,-0.006059054750949144,40.48653793334961
2,0.0020020019728690386,39.11929702758789,-0.009843267500400543,-0.011807391420006752,41.26579666137695
3,0.0030030030757188797,39.15248489379883,-0.009929194115102291,0.008260278962552547,39.38593292236328
4,0.004004003945738077,39.185707092285156,-0.00995166040956974,0.02128784917294979,38.21183776855469
5,0.005005004815757275,39.218955993652344,-0.009863823652267456,-0.003654810367152095,40.810733795166016
6,0.006006006151437759,39.25223159790039,-0.009917369112372398,0.007166607305407524,39.76726150512695
7,0.007007007021456957,39.28553771972656,-0.009828637354075909,-0.010350125841796398,41.578548431396484
8,0.008008007891476154,39.31887435913086,-0.009849685244262218,-0.0022974780295044184,40.804893493652344
9,0.009009009227156639,39.352237701416016,-0.0098042581230402,0.002323126420378685,40.38945388793945
10,0.01001000963151455,39.38562774658203,-0.009706726297736168,-0.0007908950210548937,40.76877212524414
11,0.011011010967195034,39.41904830932617,-0.009617882780730724,0.015095029957592487,39.165000915527344
12,0.012012012302875519,39.452491760253906,-0.009463338181376457,0.024920109659433365,38.12277603149414
13,0.013013012707233429,39.48596954345703,-0.009344827383756638,0.020159387961030006,38.55781173706055
14,0.014014014042913914,39.51947021484375,-0.009178458712995052,0.023546814918518066,38.08966064453125
15,0.015015014447271824,39.55300521850586,-0.008864928968250751,0.039701323956251144,36.16007614135742
16,0.01601601578295231,39.58656692504883,-0.008540397509932518,0.05019894987344742,34.810523986816406
17,0.01701701618731022,39.620155334472656,-0.008268512785434723,0.056664302945137024,33.88469696044922
18,0.018018018454313278,39.653770446777344,-0.008347881026566029,0.03350765258073807,36.595306396484375
19,0.01901901885867119,39.68742370605469,-0.008083125576376915,0.044516123831272125,35.20731735229492
20,0.0200200192630291,39.721092224121094,-0.00795772299170494,0.0435795783996582,35.268707275390625
21,0.021021021530032158,39.754798889160156,-0.007989410310983658,0.029806766659021378,36.94512176513672
22,0.022022021934390068,39.78852844238281,-0.007956269197165966,0.02298339456319809,37.763484954833984
23,0.023023022338747978,39.82229232788086,-0.007833212614059448,0.02206132374703884,37.838993072509766
24,0.024024024605751038,39.8560791015625,-0.007839128375053406,0.013165752403438091,38.94075012207031
25,0.025025025010108948,39.889896392822266,-0.007569142617285252,0.021411558613181114,37.8357048034668
26,0.026026025414466858,39.92374801635742,-0.007256241515278816,0.0325452946126461,36.28160858154297
27,0.027027025818824768,39.95762252807617,-0.007260772865265608,0.022667406126856804,37.60884094238281
28,0.028028028085827827,39.99152755737305,-0.0070681460201740265,0.025395628064870834,37.208778381347656
29,0.029029028490185738,40.02545928955078,-0.006923622917383909,0.024928702041506767,37.21889877319336
30,0.030030028894543648,40.05942153930664,-0.006596625782549381,0.035169221460819244,35.61711883544922
31,0.031031031161546707,40.093414306640625,-0.006431884597986937,0.03567967936396599,35.428260803222656
32,0.03203203156590462,40.1274299621582,-0.006316596642136574,0.03837607055902481,34.99879837036133
33,0.03303303197026253,40.16147994995117,-0.006335138808935881,0.03553232178092003,35.5042724609375
34,0.03403403237462044,40.195556640625,-0.006441864185035229,0.028699476271867752,36.623863220214844
35,0.03503503277897835,40.22966384887695,-0.0063409823924303055,0.03427184745669365,35.77803039550781
36,0.036036036908626556,40.263797760009766,-0.006275951862335205,0.03624863922595978,35.43375778198242
37,0.03703703731298447,40.29795837402344,-0.006289561279118061,0.03006516583263874,36.37194061279297
38,0.03803803771734238,40.3321533203125,-0.006230794824659824,0.028586354106664658,36.54933547973633
39,0.03903903812170029,40.36637878417969,-0.006103980354964733,0.029085250571370125,36.37559127807617
40,0.0400400385260582,40.40062713623047,-0.005890310276299715,0.03547250106930733,35.14733123779297
41,0.04104103893041611,40.434906005859375,-0.005811720620840788,0.025284411385655403,36.677467346191406
42,0.042042043060064316,40.469215393066406,-0.0055341520346701145,0.029226165264844894,35.77006530761719
43,0.043043043464422226,40.50355529785156,-0.005346223711967468,0.030954493209719658,35.27333068847656
44,0.044044043868780136,40.53792190551758,-0.005197800230234861,0.03748556971549988,33.90902328491211
45,0.045045044273138046,40.572322845458984,-0.005195525474846363,0.026253987103700638,36.02900695800781
46,0.046046044677495956,40.606746673583984,-0.005322695709764957,0.016420554369688034,37.865753173828125
47,0.04704704508185387,40.641197204589844,-0.00509585440158844,0.025757569819688797,36.04642105102539
48,0.048048049211502075,40.67568588256836,-0.005108349025249481,0.021794866770505905,36.80758285522461
49,0.049049049615859985,40.71019744873047,-0.005004399456083775,0.02491777576506138,36.166629791259766
50,0.050050050020217896,40.7447395324707,-0.005112888291478157,0.015117990784347057,38.07451629638672
51,0.051051050424575806,40.77931213378906,-0.005317209288477898,0.004542041569948196,40.07484436035156
52,0.052052050828933716,40.81391143798828,-0.00541800307109952,-0.001933021005243063,41.282657623291016
53,0.053053051233291626,40.84854507446289,-0.004921223968267441,0.00919643510133028,39.11259841918945
54,0.054054051637649536,40.88320541381836,-0.004712978843599558,0.012757647782564163,38.31890106201172
55,0.055055055767297745,40.91789627075195,-0.004839844536036253,0.004802045412361622,39.8975944519043
56,0.056056056171655655,40.952613830566406,-0.004858686588704586,0.0013334142277017236,40.54061508178711
57,0.057057056576013565,40.987361907958984,-0.004614704754203558,0.005817469209432602,39.524837493896484
58,0.058058056980371475,41.02214431762695,-0.004430663771927357,0.009412300772964954,38.65559387207031
59,0.059059057384729385,41.056949615478516,-0.00416080467402935,0.020710337907075882,35.93063735961914
60,0.060060057789087296,41.0917854309082,-0.004106179811060429,0.020722301676869392,35.818565368652344
61,0.061061061918735504,41.12665557861328,-0.004073060117661953,0.018951494246721268,36.16168212890625
62,0.062062062323093414,41.16154479980469,-0.00406609708443284,0.016924122348427773,36.6318244934082
63,0.06306306272745132,41.19647216796875,-0.004054807126522064,0.017093930393457413,36.60734939575195
64,0.06406406313180923,41.23143005371094,-0.004029648378491402,0.017180535942316055,36.59591293334961
65,0.06506506353616714,41.266414642333984,-0.004064048640429974,0.00869804061949253,38.653228759765625
66,0.06606606394052505,41.301429748535156,-0.003930598497390747,0.013592692092061043,37.38267135620117
67,0.06706706434488297,41.33647537231445,-0.0038099808152765036,0.016515756025910378,36.518489837646484
68,0.06806806474924088,41.37154769897461,-0.003700188361108303,0.014302742667496204,36.89455032348633
69,0.06906906515359879,41.406654357910156,-0.0030568442307412624,0.026164596900343895,33.14350891113281
70,0.0700700655579567,41.44178771972656,-0.002922492101788521,0.024555066600441933,33.166412353515625
71,0.0710710734128952,41.476951599121094,-0.0023795687593519688,0.0258482713252306,32.090850830078125
72,0.07207207381725311,41.512142181396484,-0.001134470570832491,0.027847470715641975,30.168609619140625
73,0.07307307422161102,41.547367095947266,-0.0009694668697193265,0.026711726561188698,30.044517517089844
74,0.07407407462596893,41.582618713378906,-0.001537828240543604,0.02483697608113289,30.93781089782715
75,0.07507507503032684,41.61790466308594,-0.0013051270507276058,0.025036601349711418,30.647798538208008
76,0.07607607543468475,41.65321731567383,-0.0003077379078604281,0.026164192706346512,29.41606903076172
77,0.07707707583904266,41.688560485839844,0.0014751541893929243,0.02506040409207344,27.571937561035156
78,0.07807807624340057,41.72393035888672,0.003617987036705017,0.019574381411075592,25.512022018432617
79,0.07907907664775848,41.75933074951172,0.0029330598190426826,0.021028416231274605,26.21177864074707
80,0.0800800770521164,41.794769287109375,0.003294825553894043,0.01906455308198929,25.89482879638672
81,0.0810810774564743,41.830230712890625,0.0027878745459020138,0.019832588732242584,26.488130569458008
82,0.08208207786083221,41.865726470947266,0.0034984631929546595,0.016767071560025215,25.728986740112305
83,0.08308307826519012,41.9012451171875,0.003456240054219961,0.016426393762230873,25.750545501708984
84,0.08408408612012863,41.93680191040039,0.0032164938747882843,0.016983231529593468,25.964500427246094
85,0.08508508652448654,41.97238540649414,0.00232724123634398,0.019754808396100998,26.931673049926758
86,0.08608608692884445,42.00799560546875,0.0030715472530573606,0.017228886485099792,25.933645248413086
87,0.08708708733320236,42.043643951416016,0.0015434448141604662,0.021018391475081444,27.566482543945312
88,0.08808808773756027,42.079315185546875,0.0032445969991385937,0.015275886282324791,25.279582977294922
89,0.08908908814191818,42.115020751953125,0.0038833869621157646,0.010396200232207775,24.033533096313477
90,0.09009008854627609,42.1507568359375,0.0027154451236128807,0.014822686091065407,25.504411697387695
91,0.091091088950634,42.186519622802734,0.001916555454954505,0.016230426728725433,26.374698638916016
92,0.09209208935499191,42.22231674194336,0.0013780510053038597,0.016518423333764076,27.02106285095215
93,0.09309308975934982,42.258140563964844,0.0017398619093000889,0.01500297337770462,26.542654037475586
94,0.09409409016370773,42.29399490356445,0.0010661904234439135,0.015830086544156075,27.647993087768555
95,0.09509509056806564,42.32988739013672,-0.0003035527188330889,0.01627925969660282,30.066186904907227
96,0.09609609842300415,42.36580276489258,0.000738146947696805,0.015699205920100212,28.470699310302734
97,0.09709709882736206,42.40175247192383,0.00117028271779418,0.014871194958686829,27.9674129486084
98,0.09809809923171997,42.4377326965332,0.0015699747018516064,0.013815701939165592,27.543699264526367
99,0.09909909963607788,42.473731994628906,0.001828896114602685,0.012610944919288158,27.304824829101562
100,0.10010010004043579,42.5097770690918,0.0012513760011643171,0.013336570002138615,28.260038375854492
101,0.1011011004447937,42.545841217041016,0.00026967120356857777,0.014015036635100842,29.757068634033203
102,0.10210210084915161,42.58195114135742,0.0004963506944477558,0.01356943417340517,29.40199089050293
103,0.10310310125350952,42.618080139160156,0.0006277387146838009,0.013280120678246021,29.170881271362305
104,0.10410410165786743,42.65423583984375,-0.0007085434626787901,0.0130266472697258,31.3612003326416
105,0.10510510206222534,42.6904296875,0.0001761298335622996,0.013543333858251572,29.751821517944336
106,0.10610610246658325,42.726654052734375,-0.0003181169740855694,0.013463553041219711,30.491962432861328
107,0.10710710287094116,42.762908935546875,-0.0006729367887601256,0.012835110537707806,31.113601684570312
108,0.10810810327529907,42.799190521240234,-0.0002291439741384238,0.012727017514407635,30.33535385131836
109,0.10910911113023758,42.83551025390625,-0.000489964964799583,0.01216215081512928,30.825347900390625
110,0.11011011153459549,42.871856689453125,-0.00021891326468903571,0.011918728239834309,30.37117576599121
111,0.1111111119389534,42.90822982788086,-0.0006054582772776484,0.011171381920576096,31.194124221801758
112,0.11211211234331131,42.94463348388672,0.0003706899005919695,0.010677056387066841,29.39542007446289
113,0.11311311274766922,42.9810791015625,0.00037051719846203923,0.0097454022616148,29.40575408935547
114,0.11411411315202713,43.017547607421875,0.000340578961186111,0.00879616104066372,29.45500373840332
115,0.11511511355638504,43.054054260253906,0.0011121738934889436,0.00660657836124301,27.814939498901367
116,0.11611611396074295,43.090579986572266,0.001167121110484004,0.005784265697002411,27.562238693237305
117,0.11711711436510086,43.127140045166016,0.0012978746090084314,0.005000339820981026,27.235239028930664
118,0.11811811476945877,43.16373825073242,0.0011065619764849544,0.005320403259247541,27.63043785095215
119,0.11911911517381668,43.20035934448242,0.0004895842866972089,0.006461528595536947,29.01157569885254
120,0.12012011557817459,43.23701477050781,-0.00022675219224765897,0.006805304437875748,30.858903884887695
121,0.1211211159825325,43.27370834350586,-0.0007970633450895548,0.00571233406662941,32.6693115234375
122,0.12212212383747101,43.3104248046875,-0.0008198277209885418,0.005385470576584339,32.79402160644531
123,0.12312312424182892,43.34716796875,-0.0011799931526184082,0.0038509403821080923,34.14093780517578
124,0.12412412464618683,43.38395309448242,-0.0008278819732367992,0.0047185360454022884,32.99832534790039
125,0.12512512505054474,43.42076110839844,-0.0006445400649681687,0.004670640453696251,32.509464263916016
126,0.12612612545490265,43.45760726928711,-0.0004809820675291121,0.004506167024374008,32.08130645751953
127,0.12712712585926056,43.494476318359375,-0.000701883458532393,0.0037417279090732336,32.996559143066406
128,0.12812812626361847,43.5313835144043,-0.0009095394634641707,0.002904788125306368,33.90446853637695
129,0.12912912666797638,43.56832504272461,-0.0006051018135622144,0.0036921577993780375,32.80917739868164
130,0.1301301270723343,43.605289459228516,-0.00035264022881165147,0.00420461455360055,31.891942977905273
131,0.1311311274766922,43.64228820800781,-0.0003289651940576732,0.004228722304105759,31.80887222290039
132,0.1321321278810501,43.679317474365234,-0.0006843489827588201,0.003313647350296378,33.23591613769531
133,0.13313312828540802,43.71638107299805,-0.0007897873874753714,0.0025741485878825188,33.71184158325195
134,0.13413412868976593,43.753475189208984,-0.0005735348095186055,0.0027427878230810165,32.822364807128906
135,0.13513512909412384,43.79059600830078,-0.0007233043434098363,0.0011864276602864265,33.62276077270508
136,0.13613612949848175,43.827762603759766,-0.0005274081486277282,0.0006975289434194565,32.88204574584961
137,0.13713712990283966,43.86494445800781,-0.0006851780926808715,-0.00047457634354941547,33.69863510131836
138,0.13813813030719757,43.902164459228516,-0.00047947780694812536,-0.00026997164241038263,32.791561126708984
139,0.13913913071155548,43.93941879272461,-0.00018053140956908464,2.9292139515746385e-05,31.44061851501465
140,0.1401401311159134,43.9766960144043,-0.0006426294567063451,-0.0008496067021042109,33.66256332397461
141,0.1411411464214325,44.014015197753906,-0.0008689869428053498,-0.0015895027900114655,34.77940368652344
142,0.1421421468257904,44.051361083984375,-0.0006797006935812533,-0.0008953398792073131,33.93461608886719
143,0.14314314723014832,44.08873748779297,-0.0009815758094191551,-0.0024261847138404846,35.58830261230469
144,0.14414414763450623,44.12614822387695,-0.0007788790971972048,-0.0017153524095192552,34.69074249267578
145,0.14514514803886414,44.1635856628418,-0.0009065729100257158,-0.002475715009495616,35.485931396484375
146,0.14614614844322205,44.20106506347656,-0.0010946720140054822,-0.0038652289658784866,36.71397399902344
147,0.14714714884757996,44.238563537597656,-0.0005553801311179996,-0.0017695481656119227,33.986854553222656
148,0.14814814925193787,44.27610778808594,-0.0008356421021744609,-0.0030648824758827686,35.62738800048828
149,0.14914914965629578,44.31366729736328,-0.0008826482808217406,-0.0033252162393182516,35.9111442565918
150,0.1501501500606537,44.35126876831055,-0.0009712765458971262,-0.003803931176662445,36.35039520263672
151,0.1511511504650116,44.38890075683594,-0.00034557998878881335,-0.0017220303416252136,33.0414924621582
152,0.1521521508693695,44.426570892333984,-0.0004238709807395935,-0.001909830141812563,33.3258171081543
153,0.15315315127372742,44.464263916015625,-0.00036255549639463425,-0.0017912012990564108,32.88721466064453
154,0.15415415167808533,44.50199508666992,-0.0008734371513128281,-0.0033827819861471653,35.316078186035156
155,0.15515515208244324,44.53975296020508,-0.0010524599347263575,-0.004607571754604578,36.25133514404297
156,0.15615615248680115,44.57754898071289,-0.0014119953848421574,-0.007896452210843563,38.59239959716797
157,0.15715715289115906,44.6153678894043,-0.0015567534137517214,-0.01027002278715372,39.96202087402344
158,0.15815815329551697,44.653228759765625,-0.001664681825786829,-0.012587890960276127,41.29235076904297
159,0.15915915369987488,44.69111251831055,-0.001483244588598609,-0.010516585782170296,39.95800018310547
160,0.1601601541042328,44.72903823852539,-0.001508886693045497,-0.011315231211483479,40.48414993286133
161,0.1611611545085907,44.76698684692383,-0.0014733020216226578,-0.011016225442290306,40.35091781616211
162,0.1621621549129486,44.804969787597656,-0.0014474267372861505,-0.010659505613148212,40.212974548339844
163,0.16316315531730652,44.842987060546875,-0.0013172558974474669,-0.00899842381477356,39.16035079956055
164,0.16416415572166443,44.88103485107422,-0.0010650067124515772,-0.007140081375837326,37.54037094116211
165,0.16516515612602234,44.91912078857422,-0.0009681037627160549,-0.007020821329206228,37.135494232177734
166,0.16616615653038025,44.95723342895508,-0.0011129968333989382,-0.008684435859322548,38.3995361328125
167,0.16716717183589935,44.99538040161133,-0.0011548635084182024,-0.009594195522367954,38.94777297973633
168,0.16816817224025726,45.03356170654297,-0.0009579537436366081,-0.008505985140800476,37.645992279052734
169,0.16916917264461517,45.071773529052734,-0.0008622484747320414,-0.008068243972957134,36.94195556640625
170,0.17017017304897308,45.110015869140625,-0.0009927700739353895,-0.008966399356722832,37.761104583740234
171,0.171171173453331,45.14828872680664,-0.001025129691697657,-0.009209156036376953,37.87063217163086
172,0.1721721738576889,45.18659973144531,-0.000836594495922327,-0.007834170944988728,36.36107635498047
173,0.17317317426204681,45.22494125366211,-0.0007069592829793692,-0.007132068742066622,35.346134185791016
174,0.17417417466640472,45.2633171081543,-0.0005892104236409068,-0.006742019206285477,34.47722244262695
175,0.17517517507076263,45.30172348022461,-0.00023035574122332036,-0.006141536869108677,31.892826080322266
176,0.17617617547512054,45.34016036987305,-0.0003089376841671765,-0.006877999287098646,32.567596435546875
177,0.17717717587947845,45.37863540649414,-0.00037633359897881746,-0.007551864720880985,33.256473541259766
178,0.17817817628383636,45.41713333129883,-0.0003828433691523969,-0.007824809290468693,33.51749801635742
179,0.17917917668819427,45.45567321777344,-0.00038352893898263574,-0.007828720845282078,33.72455596923828
180,0.18018017709255219,45.49424362182617,-0.00047832628479227424,-0.007935523986816406,34.63140869140625
181,0.1811811774969101,45.53284454345703,-0.00034415361005812883,-0.007217717822641134,33.709197998046875
182,0.182182177901268,45.571475982666016,-0.00022456615988630801,-0.006648396607488394,32.843963623046875
183,0.18318317830562592,45.610145568847656,-4.024267036584206e-05,-0.0063943867571651936,31.265878677368164
184,0.18418417870998383,45.64884567260742,5.475058424053714e-05,-0.006575319450348616,30.225910186767578
185,0.18518517911434174,45.68758010864258,-0.00016276496171485633,-0.006933766882866621,32.112884521484375
186,0.18618617951869965,45.726348876953125,-1.7924156054505147e-05,-0.007088540121912956,30.462522506713867
187,0.18718717992305756,45.76514434814453,-0.0002894450444728136,-0.007832651026546955,32.872291564941406
188,0.18818818032741547,45.803977966308594,-0.0003286076826043427,-0.008250422775745392,33.0617790222168
189,0.18918918073177338,45.84284210205078,-0.0003048993239644915,-0.00841442495584488,32.69734191894531
190,0.1901901811361313,45.881744384765625,-0.00039538205601274967,-0.008991584181785583,33.58406066894531
191,0.1911911815404892,45.92066955566406,-0.0004906508256681263,-0.00953654944896698,34.6033821105957
192,0.1921921968460083,45.95963668823242,-0.0005593568785116076,-0.0098668048158288,35.33766174316406
193,0.1931931972503662,45.99863052368164,-0.0004754157271236181,-0.009255018085241318,34.57113265991211
194,0.19419419765472412,46.037662506103516,-0.000598303391598165,-0.009664725512266159,35.754940032958984
195,0.19519519805908203,46.07672882080078,-0.0006547152879647911,-0.009827942587435246,36.28965759277344
196,0.19619619846343994,46.115821838378906,-0.000620654143858701,-0.009551363997161388,35.98522186279297
197,0.19719719886779785,46.15495300292969,-0.000613831914961338,-0.009517102502286434,35.95970153808594
198,0.19819819927215576,46.194114685058594,-0.0004292585654184222,-0.008699490688741207,34.275543212890625
199,0.19919919967651367,46.23331069946289,-0.000498203095048666,-0.009208998642861843,35.001243591308594
200,0.20020020008087158,46.27254104614258,-0.00044851202983409166,-0.00916306022554636,34.540775299072266
201,0.2012012004852295,46.31180191040039,-0.0003915045235771686,-0.009123332798480988,33.969974517822266
202,0.2022022008895874,46.35110092163086,-0.0006048587383702397,-0.010541586205363274,36.32610321044922
203,0.2032032012939453,46.39043045043945,-0.0003878067072946578,-0.009617629460990429,34.00156784057617
204,0.20420420169830322,46.42979049682617,-0.0003475939156487584,-0.009610758163034916,33.58654022216797
205,0.20520520210266113,46.46918487548828,-0.0006417424883693457,-0.011207503266632557,36.95964813232422
206,0.20620620250701904,46.50861740112305,-0.0004526318225543946,-0.009898005984723568,34.88733673095703
207,0.20720720291137695,46.54807662963867,-0.00022867492225486785,-0.008877413347363472,32.4976692199707
208,0.20820820331573486,46.58757400512695,-5.5317956139333546e-05,-0.008483759127557278,30.555665969848633
209,0.20920920372009277,46.62710189819336,-3.6284882298787124e-06,-0.008533608168363571,29.895179748535156
210,0.21021020412445068,46.666664123535156,0.0001261474535567686,-0.008825480937957764,27.81549835205078
211,0.2112112045288086,46.706260681152344,5.866277206223458e-05,-0.008941533975303173,28.739601135253906
212,0.2122122049331665,46.74589157104492,7.14342386345379e-05,-0.009167805314064026,28.187026977539062
213,0.21321320533752441,46.78555679321289,-1.5850950148887932e-05,-0.009261948987841606,29.275096893310547
214,0.21421420574188232,46.825252532958984,-8.106476161628962e-05,-0.009354046545922756,29.944841384887695
215,0.21521520614624023,46.864990234375,-7.675393135286868e-05,-0.00939367339015007,29.45303726196289
216,0.21621620655059814,46.90475082397461,-0.00020602814038284123,-0.009716995991766453,31.501787185668945
217,0.21721720695495605,46.94455337524414,-0.0002542436704970896,-0.009826943278312683,32.34834289550781
218,0.21821822226047516,46.98438262939453,-0.0002637729048728943,-0.009782588109374046,32.579132080078125
219,0.21921922266483307,47.024253845214844,-0.0004472307628020644,-0.01059694029390812,35.23204803466797
220,0.22022022306919098,47.064151763916016,-0.00041489905561320484,-0.010484287515282631,34.81125259399414
221,0.2212212234735489,47.104087829589844,-0.0003410557401366532,-0.010280397720634937,33.80143737792969
222,0.2222222238779068,47.14405059814453,-0.0003403190930839628,-0.010461877100169659,33.79423141479492
223,0.2232232242822647,47.18405532836914,-0.0002927426830865443,-0.010424094274640083,33.151329040527344
224,0.22422422468662262,47.22409439086914,-0.0002667695516720414,-0.010446500033140182,32.80728530883789
225,0.22522522509098053,47.264163970947266,-0.00031279653194360435,-0.010764053091406822,33.51384735107422
226,0.22622622549533844,47.304264068603516,-0.00026213820092380047,-0.010618051514029503,32.76048278808594
227,0.22722722589969635,47.34440231323242,-0.00038673559902235866,-0.011274769902229309,34.681190490722656
228,0.22822822630405426,47.384578704833984,-0.00039683154318481684,-0.011319385841488838,34.85914611816406
229,0.22922922670841217,47.424781799316406,-0.0004003059002570808,-0.011269133538007736,34.94374465942383
230,0.23023022711277008,47.465023040771484,-0.00034718355163931847,-0.010930229909718037,34.11253356933594
231,0.231231227517128,47.50529479980469,-0.00041370888357050717,-0.011402231641113758,35.1682014465332
232,0.2322322279214859,47.54560470581055,-0.0004703639424405992,-0.01194183062762022,36.09920883178711
233,0.2332332283258438,47.58594512939453,-0.0004945764085277915,-0.012282746843993664,36.53475570678711
234,0.23423422873020172,47.62632369995117,-0.0005319211632013321,-0.012809677980840206,37.29292678833008
235,0.23523522913455963,47.6667366027832,-0.0005409879959188402,-0.01310533843934536,37.599491119384766
236,0.23623622953891754,47.707176208496094,-0.0005787742557004094,-0.01361317839473486,38.386295318603516
237,0.23723722994327545,47.74766540527344,-0.0006691273301839828,-0.014575495384633541,39.99397659301758
238,0.23823823034763336,47.788177490234375,-0.0006168687250465155,-0.013986391015350819,39.14924621582031
239,0.23923923075199127,47.8287239074707,-0.0005059168906882405,-0.012942328117787838,37.186946868896484
240,0.24024023115634918,47.86930847167969,-0.00046212872257456183,-0.01266439538449049,36.33905029296875
241,0.2412412315607071,47.9099235534668,-0.0004493122105486691,-0.012691253796219826,35.9965705871582
242,0.242242231965065,47.95058059692383,-0.0005298932082951069,-0.013521877117455006,37.32994079589844
243,0.2432432323694229,47.99126052856445,-0.0004077092162333429,-0.012548624537885189,34.94011688232422
244,0.24424424767494202,48.031982421875,-0.00035318604204803705,-0.012168620713055134,33.68801498413086
245,0.24524524807929993,48.07273864746094,-0.00048174039693549275,-0.013308541849255562,36.27250671386719
246,0.24624624848365784,48.113529205322266,-0.0004714719543699175,-0.013318640179932117,36.120750427246094
247,0.24724724888801575,48.154354095458984,-0.00037184220855124295,-0.012382866814732552,33.7390022277832
248,0.24824824929237366,48.19520950317383,-0.0004239320696797222,-0.012894944287836552,35.024993896484375
249,0.24924924969673157,48.236106872558594,-0.0005552488146349788,-0.014334374107420444,38.11334991455078
250,0.2502502501010895,48.277034759521484,-0.0004884061054326594,-0.013327584601938725,36.49678421020508
251,0.2512512505054474,48.317996978759766,-0.0004396892327349633,-0.0126184755936265,35.285919189453125
252,0.2522522509098053,48.35899353027344,-0.0004092912713531405,-0.012325717136263847,34.5842399597168
253,0.2532532513141632,48.40003204345703,-0.0003487427602522075,-0.011985770426690578,33.20264434814453
254,0.2542542517185211,48.44109344482422,-0.0004612238553818315,-0.013252193108201027,35.83720779418945
255,0.25525525212287903,48.48219680786133,-0.000500930764246732,-0.01390865072607994,36.82664489746094
256,0.25625625252723694,48.52333450317383,-0.0005309857660904527,-0.01449418906122446,37.67332077026367
257,0.25725725293159485,48.564510345458984,-0.0004258155240677297,-0.013551760464906693,35.41921615600586
258,0.25825825333595276,48.605712890625,-0.0004860921180807054,-0.014481320977210999,37.05339050292969
259,0.25925925374031067,48.64695739746094,-0.0007201559492386878,-0.01776832714676857,42.3016242980957
260,0.2602602541446686,48.688236236572266,-0.0005842701066285372,-0.01613660715520382,39.71737289428711
261,0.2612612545490265,48.729549407958984,-0.0005825154948979616,-0.016160402446985245,39.80173873901367
262,0.2622622549533844,48.770896911621094,-0.0005355831235647202,-0.015524422749876976,38.79399108886719
263,0.2632632553577423,48.812278747558594,-0.000474917032988742,-0.014699668623507023,37.264923095703125
264,0.2642642557621002,48.85369110107422,-0.00038653507363051176,-0.01345949899405241,34.618507385253906
265,0.26526525616645813,48.895145416259766,-0.000379307777620852,-0.013308979570865631,34.454132080078125
266,0.26626625657081604,48.93663787841797,-0.0003853590169455856,-0.013317479752004147,34.72659683227539
267,0.26726725697517395,48.97815704345703,-0.00033035065280273557,-0.012710552662611008,33.05712890625
268,0.26826825737953186,49.01971435546875,-0.0002967597101815045,-0.012437938712537289,32.13298034667969
269,0.26926925778388977,49.061309814453125,-0.00029219526913948357,-0.012503433041274548,32.07792282104492
270,0.2702702581882477,49.10293960571289,-0.00023067614529281855,-0.01210608147084713,29.908863067626953
271,0.2712712585926056,49.14460754394531,-0.00014465785352513194,-0.011512620374560356,25.704008102416992
272,0.2722722589969635,49.18630599975586,-0.0001346977660432458,-0.01141130831092596,23.788530349731445
273,0.2732732594013214,49.2280387878418,-0.00017493536870460957,-0.01178735215216875,25.19637680053711
274,0.2742742598056793,49.26980972290039,-0.0001800829777494073,-0.011778085492551327,24.333749771118164
275,0.27527526021003723,49.31161880493164,-0.00020554685033857822,-0.011996577493846416,24.85906410217285
276,0.27627626061439514,49.35345458984375,-0.0001910959545057267,-0.011615986004471779,22.592256546020508
277,0.27727726101875305,49.39533233642578,-0.00024369708262383938,-0.012306801043450832,25.675662994384766
278,0.27827826142311096,49.4372444152832,-0.00022399649606086314,-0.011924393475055695,23.971654891967773
279,0.27927926182746887,49.479190826416016,-0.00017761890194378793,-0.011101867072284222,19.70379638671875
280,0.2802802622318268,49.52117156982422,-0.00017135325470007956,-0.01104196347296238,19.32376480102539
281,0.2812812626361847,49.56319046020508,-0.00016674686048645526,-0.011058337986469269,19.197345733642578
282,0.282282292842865,49.60525131225586,-0.00017185992328450084,-0.011232010088860989,19.78728485107422
283,0.2832832932472229,49.6473388671875,-0.00017241190653294325,-0.011127065867185593,18.737802505493164
284,0.2842842936515808,49.6894645690918,-0.00017666476196609437,-0.011061654426157475,18.058164596557617
285,0.2852852940559387,49.73162841796875,-0.00018485664622858167,-0.010701123625040054,16.007062911987305
286,0.28628629446029663,49.77382278442383,-0.00018634280422702432,-0.01100132241845131,17.782264709472656
287,0.28728729486465454,49.81605911254883,-0.00018665866809897125,-0.0111960768699646,19.214941024780273
288,0.28828829526901245,49.85832595825195,-0.00018044313765130937,-0.011068260297179222,18.956151962280273
289,0.28928929567337036,49.900630950927734,-0.00017837260384112597,-0.011106036603450775,19.57430648803711
290,0.29029029607772827,49.94297409057617,-0.00018154244753532112,-0.011155792511999607,20.17078399658203
291,0.2912912964820862,49.985355377197266,-0.00018831106717698276,-0.011183938942849636,20.447309494018555
292,0.2922922968864441,50.02776336669922,-0.00018301833188161254,-0.01075906865298748,18.237735748291016
293,0.293293297290802,50.07020950317383,-0.00018487124179955572,-0.01057642512023449,17.315061569213867
294,0.2942942976951599,50.11269760131836,-0.00019258902466390282,-0.010720239952206612,18.205551147460938
295,0.2952952980995178,50.155216217041016,-0.00018828653264790773,-0.01039165910333395,16.66179656982422
296,0.29629629850387573,50.197776794433594,-0.00019078952027484775,-0.00963196437805891,12.780077934265137
297,0.29729729890823364,50.2403678894043,-0.00019372336100786924,-0.009464837610721588,12.111556053161621
298,0.29829829931259155,50.282997131347656,-0.00020048209989909083,-0.009304922074079514,11.39666748046875
299,0.29929929971694946,50.32566452026367,-0.00019809542573057115,-0.009408500976860523,11.9761381149292
300,0.3003003001213074,50.36836242675781,-0.00020394232706166804,-0.009478475898504257,12.391660690307617
301,0.3013013005256653,50.41109848022461,-0.00020473971380852163,-0.009902727790176868,14.537443161010742
302,0.3023023009300232,50.45387649536133,-0.0002200268500018865,-0.009836732409894466,14.277338981628418
303,0.3033033013343811,50.49668502807617,-0.00022710044868290424,-0.009910671040415764,14.69046401977539
304,0.304304301738739,50.53953552246094,-0.00021572074911091477,-0.010424971580505371,17.03485870361328
305,0.3053053021430969,50.58241653442383,-0.00022626503778155893,-0.010110617615282536,15.649008750915527
306,0.30630630254745483,50.625335693359375,-0.0002364342362852767,-0.009778930805623531,14.162881851196289
307,0.30730730295181274,50.66829299926758,-0.00023318236344493926,-0.009708047844469547,13.839261054992676
308,0.30830830335617065,50.71128463745117,-0.00023414762108586729,-0.009532040916383266,13.123741149902344
309,0.30930930376052856,50.754310607910156,-0.00022124641691334546,-0.009685225784778595,13.935935974121094
310,0.3103103041648865,50.79737854003906,-0.0002351955627091229,-0.009252816438674927,12.20780086517334
311,0.3113113045692444,50.840476989746094,-0.0002635982818901539,-0.008477763272821903,9.22077751159668
312,0.3123123049736023,50.88361358642578,-0.0002676205476745963,-0.00834270752966404,8.777894973754883
313,0.3133133053779602,50.92679214477539,-0.0002841351961251348,-0.007938786409795284,7.255573272705078
314,0.3143143057823181,50.97000503540039,-0.0003119309840258211,-0.007368165999650955,5.226542949676514
315,0.315315306186676,51.01325225830078,-0.00030928978230804205,-0.007438319735229015,5.32753849029541
316,0.31631630659103394,51.056541442871094,-0.00031988832051865757,-0.0072659580036997795,4.602398872375488
317,0.31731730699539185,51.099857330322266,-0.00031900458270683885,-0.007316733710467815,4.585416793823242
318,0.31831830739974976,51.14321517944336,-0.0003325707803014666,-0.007101144641637802,3.7172298431396484
319,0.31931930780410767,51.186614990234375,-0.000350599002558738,-0.006789262406527996,2.553443193435669
320,0.3203203082084656,51.23004913330078,-0.00032595457741990685,-0.007272301707416773,3.7266783714294434
321,0.3213213086128235,51.27351379394531,-0.000299847248243168,-0.007726628798991442,4.855564117431641
322,0.3223223090171814,51.317020416259766,-0.0002646315551828593,-0.008260197006165981,6.434023380279541
323,0.3233233094215393,51.36056137084961,-0.0002669371897354722,-0.008203626610338688,6.121363639831543
324,0.3243243098258972,51.40414047241211,-0.0002673357375897467,-0.008207350969314575,6.283364295959473
325,0.3253253102302551,51.44776153564453,-0.00028778001433238387,-0.007857845164835453,5.254655361175537
326,0.32632631063461304,51.49141311645508,-0.00028068508254364133,-0.007978342473506927,5.952322483062744
327,0.32732731103897095,51.53510284423828,-0.0002962385187856853,-0.007660151459276676,5.187798976898193
328,0.32832831144332886,51.578834533691406,-0.0003019766299985349,-0.007510497234761715,4.997879505157471
329,0.32932931184768677,51.622596740722656,-0.00030771002639085054,-0.0073532238602638245,4.82472038269043
330,0.3303303122520447,51.66639709472656,-0.00033121363958343863,-0.006813038140535355,3.4502429962158203
331,0.3313313126564026,51.71023941040039,-0.0003173283766955137,-0.007054938934743404,4.385305404663086
332,0.3323323130607605,51.754112243652344,-0.0003028305945917964,-0.007280687801539898,5.228614330291748
333,0.3333333432674408,51.79802703857422,-0.00031221576500684023,-0.007049156818538904,4.5600996017456055
334,0.3343343436717987,51.84197998046875,-0.00029662830638699234,-0.007242352236062288,5.325884819030762
335,0.3353353440761566,51.88597106933594,-0.00024568900698795915,-0.008206278085708618,9.210331916809082
336,0.3363363444805145,51.92999267578125,-0.00023358094040304422,-0.008747273124754429,11.684301376342773
337,0.33733734488487244,51.974056243896484,-0.0002387613640166819,-0.008972378447651863,12.87646484375
338,0.33833834528923035,52.018157958984375,-0.0002460995165165514,-0.009258757345378399,14.270755767822266
339,0.33933934569358826,52.06229782104492,-0.0002550998469814658,-0.009750156663358212,16.331615447998047
340,0.34034034609794617,52.106468200683594,-0.0002636029676068574,-0.010410787537693977,18.927043914794922
341,0.3413413465023041,52.15068054199219,-0.0002687920059543103,-0.010759953409433365,20.25002098083496
342,0.342342346906662,52.19493103027344,-0.0002726735547184944,-0.0109576266258955,20.984609603881836
343,0.3433433473110199,52.23921585083008,-0.00027419888647273183,-0.010921233333647251,20.86359977722168
344,0.3443443477153778,52.283546447753906,-0.00028413263498805463,-0.011417428962886333,22.553607940673828
345,0.3453453481197357,52.327911376953125,-0.00029023675597272813,-0.011634440161287785,23.254589080810547
346,0.34634634852409363,52.372310638427734,-0.00029110966715961695,-0.011563966982066631,23.025423049926758
347,0.34734734892845154,52.416744232177734,-0.0002829990116879344,-0.01101666409522295,21.143125534057617
348,0.34834834933280945,52.46122360229492,-0.00029302804614417255,-0.011272508651018143,21.9609317779541
349,0.34934934973716736,52.505733489990234,-0.00030052216607145965,-0.011407230980694294,22.302114486694336
350,0.35035035014152527,52.55028533935547,-0.0003140905755572021,-0.012137413024902344,24.627370834350586
351,0.3513513505458832,52.594879150390625,-0.00031018798472359776,-0.011613965034484863,22.949596405029297
352,0.3523523509502411,52.639503479003906,-0.00030994400731287897,-0.011370849795639515,22.25926971435547
353,0.353353351354599,52.68416976928711,-0.0003074968699365854,-0.011183506809175014,21.86231231689453
354,0.3543543517589569,52.72887420654297,-0.00030926032923161983,-0.011515093967318535,23.208881378173828
355,0.3553553521633148,52.77360916137695,-0.00030743662500754,-0.011530475690960884,23.516576766967773
356,0.35635635256767273,52.81839370727539,-0.0003014789253938943,-0.011240034364163876,22.671586990356445
357,0.35735735297203064,52.86320495605469,-0.00030261362553574145,-0.01145082339644432,23.37105941772461
358,0.35835835337638855,52.90806198120117,-0.0003062069008592516,-0.011683967895805836,23.978012084960938
359,0.35935935378074646,52.95295333862305,-0.00030748796416446567,-0.011481556110084057,22.958162307739258
360,0.36036035418510437,52.99788284301758,-0.000313925149384886,-0.011590895242989063,22.90854835510254
361,0.3613613545894623,53.0428581237793,-0.00031603744719177485,-0.01146011333912611,22.297218322753906
362,0.3623623549938202,53.087860107421875,-0.00031857099384069443,-0.011703195050358772,23.057296752929688
363,0.3633633553981781,53.13290786743164,-0.0003193224547430873,-0.011719818226993084,23.193864822387695
364,0.364364355802536,53.1779899597168,-0.0003185250679962337,-0.011420785449445248,22.31642723083496
365,0.3653653562068939,53.223114013671875,-0.0003195549361407757,-0.010929256677627563,20.75020408630371
366,0.36636635661125183,53.268272399902344,-0.0003229185822419822,-0.010334019549190998,18.881742477416992
367,0.36736735701560974,53.31346893310547,-0.0003250473237130791,-0.010711947456002235,20.101425170898438
368,0.36836835741996765,53.358707427978516,-0.00032549138995818794,-0.010699087753891945,20.15018653869629
369,0.36936935782432556,53.40398025512695,-0.0003260151424910873,-0.011179255321621895,21.68307876586914
370,0.37037035822868347,53.44929885864258,-0.0003269916633144021,-0.011725489050149918,23.38688087463379
371,0.3713713586330414,53.49464797973633,-0.0003235460608266294,-0.011231279000639915,21.882526397705078
372,0.3723723590373993,53.5400390625,-0.00032140815164893866,-0.01134269405156374,22.184825897216797
373,0.3733733594417572,53.58546829223633,-0.00031732325442135334,-0.010707972571253777,20.094100952148438
374,0.3743743598461151,53.63093566894531,-0.0003165368689224124,-0.01128736138343811,21.745126724243164
375,0.375375360250473,53.67644500732422,-0.0003164176014252007,-0.01111389696598053,20.97357749938965
376,0.37637636065483093,53.721988677978516,-0.0003184536471962929,-0.011503194458782673,22.013980865478516
377,0.37737736105918884,53.76757049560547,-0.00031802785815671086,-0.011171511374413967,20.909427642822266
378,0.37837836146354675,53.813194274902344,-0.00031665232381783426,-0.0102325938642025,17.93437957763672
379,0.37937936186790466,53.858856201171875,-0.00031445478089153767,-0.00984936859458685,16.74758529663086
380,0.3803803622722626,53.9045524597168,-0.00031172274611890316,-0.009975419379770756,17.226627349853516
381,0.3813813626766205,53.950294494628906,-0.0003092473780270666,-0.008983561769127846,14.176175117492676
382,0.3823823630809784,53.996070861816406,-0.00030347879510372877,-0.008620848879218102,13.140972137451172
383,0.3833833634853363,54.04188919067383,-0.0002986950858030468,-0.008178663440048695,11.805780410766602
384,0.3843843936920166,54.08774185180664,-0.0002950408961623907,-0.008055423386394978,11.511772155761719
385,0.3853853940963745,54.133636474609375,-0.0002840376691892743,-0.008402127772569656,12.746289253234863
386,0.3863863945007324,54.1795654296875,-0.00028724735602736473,-0.0074666403234004974,9.355328559875488
387,0.38738739490509033,54.22554016113281,-0.0002785735996440053,-0.007483656518161297,9.26141357421875
388,0.38838839530944824,54.271549224853516,-0.0002884457353502512,-0.0071458471938967705,7.971420764923096
389,0.38938939571380615,54.317596435546875,-0.0002756189787760377,-0.007680133450776339,9.847320556640625
390,0.39039039611816406,54.363685607910156,-0.00026579498080536723,-0.008356708101928234,12.212010383605957
391,0.391391396522522,54.40981674194336,-0.0002748280530795455,-0.008103834465146065,11.13396167755127
392,0.3923923969268799,54.45597839355469,-0.00028017000295221806,-0.008351724594831467,12.009577751159668
393,0.3933933973312378,54.502193450927734,-0.00029580306727439165,-0.008413155563175678,12.363547325134277
394,0.3943943977355957,54.54843521118164,-0.0003104592324234545,-0.008372444659471512,12.417171478271484
395,0.3953953981399536,54.59471893310547,-0.00032384126097895205,-0.008077806793153286,11.731817245483398
396,0.3963963985443115,54.64104080200195,-0.0003294623165857047,-0.008478747680783272,13.174554824829102
397,0.39739739894866943,54.68740463256836,-0.0003337665111757815,-0.0086172204464674,13.796609878540039
398,0.39839839935302734,54.73381042480469,-0.0003323635901324451,-0.009101107716560364,15.422904968261719
399,0.39939939975738525,54.780250549316406,-0.00032962398836389184,-0.009667870588600636,17.30010986328125
400,0.40040040016174316,54.82673263549805,-0.00032458407804369926,-0.008896569721400738,15.11941146850586
401,0.4014014005661011,54.87324905395508,-0.000321942672599107,-0.009163154289126396,16.112606048583984
402,0.402402400970459,54.91980743408203,-0.0003227214328944683,-0.009622866287827492,17.690427780151367
403,0.4034034013748169,54.96641540527344,-0.00032711258972994983,-0.010172802023589611,19.53228759765625
404,0.4044044017791748,55.01305389404297,-0.0003209272399544716,-0.009183492511510849,16.596229553222656
405,0.4054054021835327,55.059730529785156,-0.00031341842259280384,-0.008333067409694195,13.987682342529297
406,0.4064064025878906,55.106449127197266,-0.00031286117155104876,-0.00840724166482687,14.26943302154541
407,0.40740740299224854,55.1532096862793,-0.00031449011294171214,-0.008608248084783554,14.937378883361816
408,0.40840840339660645,55.200008392333984,-0.00031436033896170557,-0.008002767339348793,13.02721118927002
409,0.40940940380096436,55.24684524536133,-0.0003158539184369147,-0.007996398955583572,12.979697227478027
410,0.41041040420532227,55.293724060058594,-0.0003140327171422541,-0.007052312139421701,9.878229141235352
411,0.4114114046096802,55.340641021728516,-0.00031058728927746415,-0.007842482067644596,12.327811241149902
412,0.4124124050140381,55.38759231567383,-0.00030476695974357426,-0.007611413020640612,11.52453899383545
413,0.413413405418396,55.43458938598633,-0.000296930898912251,-0.008159279823303223,13.33173656463623
414,0.4144144058227539,55.481624603271484,-0.0002902295673266053,-0.008042545057833195,12.937767028808594
415,0.4154154062271118,55.52870178222656,-0.00028282025596126914,-0.007643770892173052,11.577293395996094
416,0.4164164066314697,55.5758171081543,-0.0002805241965688765,-0.008230932056903839,13.765192985534668
417,0.41741740703582764,55.62297439575195,-0.00028851249953731894,-0.008632191456854343,15.330133438110352
418,0.41841840744018555,55.67017364501953,-0.00029494077898561954,-0.008391674607992172,14.631278991699219
419,0.41941940784454346,55.71741485595703,-0.00030924315797165036,-0.008777857758104801,15.938894271850586
420,0.42042040824890137,55.764686584472656,-0.0003210983704775572,-0.00946229137480259,18.0571231842041
421,0.4214214086532593,55.81200408935547,-0.0003184330416843295,-0.008998206816613674,16.57081413269043
422,0.4224224090576172,55.85935592651367,-0.0003136650484520942,-0.00860900990664959,15.330877304077148
423,0.4234234094619751,55.90675735473633,-0.00030288868583738804,-0.008188984356820583,13.994670867919922
424,0.424424409866333,55.954193115234375,-0.00031331280479207635,-0.008688450790941715,15.695365905761719
425,0.4254254102706909,56.00166702270508,-0.00031144393142312765,-0.008164486847817898,14.047293663024902
426,0.42642641067504883,56.04918670654297,-0.00033115645055659115,-0.008547723293304443,15.261391639709473
427,0.42742741107940674,56.096744537353516,-0.0003414911334402859,-0.008310213685035706,14.609313011169434
428,0.42842841148376465,56.14434814453125,-0.0003463253378868103,-0.007754823192954063,13.0608491897583
429,0.42942941188812256,56.191978454589844,-0.0003448479110375047,-0.006942459847778082,10.75042724609375
430,0.43043041229248047,56.239662170410156,-0.0003447911294642836,-0.006903652101755142,10.605575561523438
431,0.4314314126968384,56.287384033203125,-0.0003461602027527988,-0.007417010609060526,12.012399673461914
432,0.4324324131011963,56.335140228271484,-0.0003519487800076604,-0.008271880447864532,14.422664642333984
433,0.4334334135055542,56.3829460144043,-0.00035317440051585436,-0.0073821404948830605,11.876852989196777
434,0.4344344139099121,56.430782318115234,-0.0003527651133481413,-0.0068328059278428555,10.283754348754883
435,0.43543541431427,56.478668212890625,-0.0003524384228512645,-0.006126574240624905,8.241311073303223
436,0.4364364445209503,56.526588439941406,-0.00035264852340333164,-0.006316755432635546,8.744626998901367
437,0.4374374449253082,56.574554443359375,-0.0003580815391615033,-0.005300228483974934,5.823831081390381
438,0.43843844532966614,56.62255859375,-0.00035711252712644637,-0.005564574617892504,6.529709339141846
439,0.43943944573402405,56.67060089111328,-0.0003533445706125349,-0.006242385599762201,8.401829719543457
440,0.44044044613838196,56.718685150146484,-0.00035314506385475397,-0.00640133349224925,8.864338874816895
441,0.44144144654273987,56.76681137084961,-0.0003594368463382125,-0.005212751682847738,5.571133613586426
442,0.4424424469470978,56.814979553222656,-0.000360225880285725,-0.0052236951887607574,5.716700077056885
443,0.4434434473514557,56.86318588256836,-0.0003634116146713495,-0.0047797104343771935,4.552427291870117
444,0.4444444477558136,56.911434173583984,-0.00036765908589586616,-0.004419306758791208,3.6029086112976074
445,0.4454454481601715,56.95972442626953,-0.00037053608684800565,-0.00432961992919445,3.4285778999328613
446,0.4464464485645294,57.008056640625,-0.0003716068167705089,-0.0045067803002893925,3.9897522926330566
447,0.44744744896888733,57.056427001953125,-0.0003695131163112819,-0.0049504670314490795,5.292142868041992
448,0.44844844937324524,57.10483932495117,-0.0003672504099085927,-0.005173159763216972,6.076340675354004
449,0.44944944977760315,57.153297424316406,-0.0003657209745142609,-0.005206617992371321,6.350155830383301
450,0.45045045018196106,57.20178985595703,-0.0003759420942515135,-0.004484621342271566,4.596166610717773
451,0.45145145058631897,57.25032424926758,-0.00038096369826234877,-0.0040763565339148045,3.640254497528076
452,0.4524524509906769,57.29890060424805,-0.0003710677847266197,-0.004491751082241535,4.868854522705078
453,0.4534534513950348,57.3475227355957,-0.000376895593944937,-0.004153818357735872,4.032869338989258
454,0.4544544517993927,57.396183013916016,-0.0003717264626175165,-0.004403044935315847,4.7516937255859375
455,0.4554554522037506,57.444881439208984,-0.0003846858162432909,-0.0038606172893196344,3.3829524517059326
456,0.4564564526081085,57.49362564086914,-0.00036237676977179945,-0.005271208938211203,7.312652111053467
457,0.45745745301246643,57.54240417480469,-0.00036773126339539886,-0.005621929652988911,8.392913818359375
458,0.45845845341682434,57.59122848510742,-0.00037451612297445536,-0.005726287141442299,8.743754386901855
459,0.45945945382118225,57.640098571777344,-0.0003770692856051028,-0.005984437186270952,9.42248821258545
460,0.46046045422554016,57.68900680541992,-0.00037773296935483813,-0.005953382235020399,9.23618221282959
461,0.46146145462989807,57.73795700073242,-0.00037807514308951795,-0.005789896938949823,8.695584297180176
462,0.462462455034256,57.786949157714844,-0.0003777132660616189,-0.005604613106697798,8.08278751373291
463,0.4634634554386139,57.83598327636719,-0.000374446070054546,-0.005794486962258816,8.501324653625488
464,0.4644644558429718,57.88505554199219,-0.0003834826056845486,-0.004611899144947529,5.208008766174316
465,0.4654654562473297,57.934165954589844,-0.0003884932375513017,-0.004151515197008848,3.858078956604004
466,0.4664664566516876,57.98332977294922,-0.00038823066279292107,-0.003988246899098158,3.4274377822875977
467,0.46746745705604553,58.03252410888672,-0.0003709766606334597,-0.004859766457229853,5.806525230407715
468,0.46846845746040344,58.08176803588867,-0.0003675618499983102,-0.004727593157440424,5.554734230041504
469,0.46946945786476135,58.131046295166016,-0.0003607604303397238,-0.004759927745908499,5.694250106811523
470,0.47047045826911926,58.18037414550781,-0.0003536782751325518,-0.004492210224270821,4.91751766204834
471,0.4714714586734772,58.229740142822266,-0.00034765733289532363,-0.005221345461905003,6.90194034576416
472,0.4724724590778351,58.27914810180664,-0.0003475106495898217,-0.005758937913924456,8.3043212890625
473,0.473473459482193,58.32859802246094,-0.0003431689110584557,-0.005482964217662811,7.419809341430664
474,0.4744744598865509,58.37809371948242,-0.0003432882367633283,-0.005389474332332611,7.218478202819824
475,0.4754754602909088,58.42762756347656,-0.00034365273313596845,-0.005113978870213032,6.529705047607422
476,0.4764764606952667,58.47719955444336,-0.0003470575902611017,-0.004866751842200756,5.914933204650879
477,0.47747746109962463,58.52682113647461,-0.00035395496524870396,-0.005268996115773916,7.095287322998047
478,0.47847846150398254,58.57647705078125,-0.00035409475094638765,-0.005726798437535763,8.383784294128418
479,0.47947946190834045,58.626182556152344,-0.00034767150646075606,-0.005708188749849796,8.335054397583008
480,0.48048046231269836,58.675926208496094,-0.0003466705675236881,-0.005379612557590008,7.548863410949707
481,0.4814814627170563,58.725711822509766,-0.0003469328221399337,-0.005563163664191961,8.281627655029297
482,0.4824824631214142,58.775543212890625,-0.0003505363129079342,-0.005438188090920448,8.136602401733398
483,0.4834834635257721,58.82541275024414,-0.00035203402512706816,-0.006840063259005547,12.275846481323242
484,0.48448446393013,58.875328063964844,-0.0003515214775688946,-0.006539473310112953,11.501418113708496
485,0.4854854643344879,58.92528533935547,-0.00034938391763716936,-0.006261782255023718,10.766443252563477
486,0.4864864647388458,58.97528076171875,-0.0003516627475619316,-0.005311430897563696,8.172250747680664
487,0.4874874949455261,59.025325775146484,-0.00035680498695001006,-0.005191613920032978,8.053482055664062
488,0.48848849534988403,59.07540512084961,-0.0003590491833165288,-0.004240185488015413,5.55499792098999
489,0.48948949575424194,59.12553024291992,-0.0003597143804654479,-0.0036274006124585867,3.9538869857788086
490,0.49049049615859985,59.17570114135742,-0.0003625043318606913,-0.003066563978791237,2.475975751876831
491,0.49149149656295776,59.22591781616211,-0.00036173302214592695,-0.003042431315407157,2.4507789611816406
492,0.4924924969673157,59.27616500854492,-0.0003628920530900359,-0.00297493115067482,2.2243919372558594
493,0.4934934973716736,59.32646560668945,-0.0003657631459645927,-0.0028487788513302803,1.7874133586883545
494,0.4944944977760315,59.376800537109375,-0.00036363082472234964,-0.0031461731996387243,2.454066276550293
495,0.4954954981803894,59.427181243896484,-0.00036429960164241493,-0.003158221486955881,2.312617063522339
496,0.4964964985847473,59.47761154174805,-0.00036869238829240203,-0.0029287051875144243,1.5085065364837646
497,0.4974974989891052,59.528072357177734,-0.0003703436814248562,-0.0029510222375392914,1.4872714281082153
498,0.49849849939346313,59.57858657836914,-0.0003709870215971023,-0.002875245176255703,1.216972827911377
499,0.49949949979782104,59.62913513183594,-0.0003751165932044387,-0.0025248045567423105,0.16951417922973633
500,0.500500500202179,59.67972946166992,-0.00037810925277881324,-0.0023085230495780706,-0.47287774085998535
501,0.5015015006065369,59.73036575317383,-0.00039661562186665833,-0.0014810959110036492,-2.649925470352173
502,0.5025025010108948,59.78105163574219,-0.0003871283261105418,-0.002054149517789483,-1.1971592903137207
503,0.5035035014152527,59.83177947998047,-0.0003878894785884768,-0.002124701626598835,-1.003821611404419
504,0.5045045018196106,59.88254165649414,-0.00038818950997665524,-0.002088655484840274,-1.0528234243392944
505,0.5055055022239685,59.93335723876953,-0.0003839934361167252,-0.0022183344699442387,-0.628741443157196
506,0.5065065026283264,59.98421096801758,-0.0003868867352139205,-0.001980856526643038,-1.1398918628692627
507,0.5075075030326843,60.03510665893555,-0.0003929738304577768,-0.0015637889737263322,-2.080984115600586
508,0.5085085034370422,60.08604431152344,-0.0003972596605308354,-0.0011390146100893617,-2.9788429737091064
509,0.5095095038414001,60.13703155517578,-0.0003880510339513421,-0.0015054302057251334,-1.9567844867706299
510,0.5105105042457581,60.18806076049805,-0.0003731799661181867,-0.0022437828592956066,-0.00428009033203125
511,0.511511504650116,60.2391242980957,-0.0003839139826595783,-0.001566286780871451,-1.7532038688659668
512,0.5125125050544739,60.29024124145508,-0.0004205878940410912,0.0003189861308783293,-6.467099189758301
513,0.5135135054588318,60.341392517089844,-0.00043438898865133524,0.0011374274035915732,-8.373931884765625
514,0.5145145058631897,60.39259719848633,-0.00041748874355107546,0.0004656024102587253,-6.802057266235352
515,0.5155155062675476,60.44384002685547,-0.0004191032494418323,0.0006446127081289887,-7.253228187561035
516,0.5165165066719055,60.495121002197266,-0.00042244672658853233,0.0009354155627079308,-7.877625942230225
517,0.5175175070762634,60.54645538330078,-0.00041956070344895124,0.0009131007245741785,-7.715240955352783
518,0.5185185074806213,60.59783172607422,-0.00045281299389898777,0.0030687954276800156,-12.565739631652832
519,0.5195195078849792,60.64924621582031,-0.0004465829115360975,0.0029506641440093517,-12.274993896484375
520,0.5205205082893372,60.700706481933594,-0.00045610690722242,0.004346804227679968,-15.353593826293945
521,0.5215215086936951,60.75221252441406,-0.0004580751992762089,0.005002581514418125,-16.824010848999023
522,0.522522509098053,60.80376434326172,-0.00045398680958896875,0.0047251321375370026,-16.269441604614258
523,0.5235235095024109,60.85535430908203,-0.0004575681814458221,0.005497527774423361,-18.01531982421875
524,0.5245245099067688,60.90699005126953,-0.0004533386672846973,0.005142492707818747,-17.268136978149414
525,0.5255255103111267,60.95866775512695,-0.00045047292951494455,0.004837526939809322,-16.632699966430664
526,0.5265265107154846,61.01039123535156,-0.00045380720985122025,0.005313369445502758,-17.741329193115234
527,0.5275275111198425,61.06216049194336,-0.00043847787310369313,0.0032192182261496782,-13.12932014465332
528,0.5285285115242004,61.11397171020508,-0.00042688651592470706,0.0021499895956367254,-10.747511863708496
529,0.5295295119285583,61.165828704833984,-0.00043975203880108893,0.003238049102947116,-13.356949806213379
530,0.5305305123329163,61.21773147583008,-0.0004391737165860832,0.003222804283723235,-13.404926300048828
531,0.5315315127372742,61.26966857910156,-0.0004378271696623415,0.003244552528485656,-13.503599166870117
532,0.5325325131416321,61.3216552734375,-0.0004363055631984025,0.0032619088888168335,-13.582517623901367
533,0.53353351354599,61.373695373535156,-0.00043385906610637903,0.003156990511342883,-13.346240997314453
534,0.5345345139503479,61.4257698059082,-0.0004204995930194855,0.0021567491348832846,-10.993733406066895
535,0.5355355143547058,61.47788619995117,-0.00042841292452067137,0.00277840462513268,-12.338891983032227
536,0.5365365147590637,61.530052185058594,-0.0004427750245667994,0.004494920838624239,-16.137170791625977
537,0.5375375151634216,61.5822639465332,-0.00044260139111429453,0.004603112582117319,-16.240123748779297
538,0.5385385155677795,61.63451385498047,-0.0004478397313505411,0.005695715080946684,-18.63107681274414
539,0.5395395755767822,61.68681716918945,-0.0004506744153331965,0.006335806101560593,-20.07920265197754
540,0.5405405759811401,61.73915481567383,-0.0004513380699791014,0.006415382027626038,-20.309133529663086
541,0.541541576385498,61.791542053222656,-0.00045450011384673417,0.006838428787887096,-21.299293518066406
542,0.542542576789856,61.843971252441406,-0.0004447139799594879,0.0057250577956438065,-18.87671661376953
543,0.5435435771942139,61.89645004272461,-0.0004422903584782034,0.005539635196328163,-18.45619010925293
544,0.5445445775985718,61.94896697998047,-0.00044071735464967787,0.005371748004108667,-18.05158233642578
545,0.5455455780029297,62.001529693603516,-0.0004449724801816046,0.00592885073274374,-19.25926399230957
546,0.5465465784072876,62.05413818359375,-0.0004525763797573745,0.006725406274199486,-20.96434211730957
547,0.5475475788116455,62.10679244995117,-0.00045831265742890537,0.00756591884419322,-22.69567108154297
548,0.5485485792160034,62.159488677978516,-0.0004582664405461401,0.007620371412485838,-22.67115592956543
549,0.5495495796203613,62.21223068237305,-0.0004553088510874659,0.0071629914455115795,-21.503643035888672
550,0.5505505800247192,62.26502227783203,-0.00045546586625277996,0.0075293779373168945,-22.113964080810547
551,0.5515515804290771,62.31785202026367,-0.0004528484132606536,0.0074477060697972775,-21.757484436035156
552,0.5525525808334351,62.3707275390625,-0.0004513798048719764,0.007730335462838411,-22.24720001220703
553,0.553553581237793,62.42365264892578,-0.00045439787209033966,0.008995961397886276,-24.98871612548828
554,0.5545545816421509,62.476619720458984,-0.00044113831245340407,0.007537722587585449,-21.77056884765625
555,0.5555555820465088,62.52962875366211,-0.00043990544509142637,0.007964213378727436,-22.85987091064453
556,0.5565565824508667,62.58268737792969,-0.00044104072730988264,0.00838523544371128,-24.0048770904541
557,0.5575575828552246,62.63578796386719,-0.0004401195328682661,0.008167504332959652,-23.739643096923828
558,0.5585585832595825,62.688934326171875,-0.0004437832976691425,0.008574390783905983,-24.924100875854492
559,0.5595595836639404,62.74212646484375,-0.000455832778243348,0.010115313343703747,-28.627357482910156
560,0.5605605840682983,62.79536437988281,-0.0004634780343621969,0.010563827119767666,-29.81997299194336
561,0.5615615844726562,62.8486442565918,-0.000464030250441283,0.01015263982117176,-29.072473526000977
562,0.5625625848770142,62.901973724365234,-0.00046605386887677014,0.01018574833869934,-29.185169219970703
563,0.5635635852813721,62.955345153808594,-0.0004720621509477496,0.011174925602972507,-31.228246688842773
564,0.56456458568573,63.008766174316406,-0.00046805094461888075,0.010571994818747044,-29.8322696685791
565,0.5655655860900879,63.062225341796875,-0.00047928711865097284,0.012409012764692307,-33.52253341674805
566,0.5665665864944458,63.11573791503906,-0.0004794668057002127,0.012877209112048149,-34.342708587646484
567,0.5675675868988037,63.16929244995117,-0.0004675254749599844,0.011734661646187305,-31.84326934814453
568,0.5685685873031616,63.2228889465332,-0.00046194210881367326,0.01164788007736206,-31.610595703125
569,0.5695695877075195,63.27653503417969,-0.000455691188108176,0.01084812544286251,-29.81607437133789
570,0.5705705881118774,63.33022689819336,-0.0004560181696433574,0.011308879591524601,-30.832481384277344
571,0.5715715885162354,63.38396072387695,-0.0004580766544677317,0.011820060200989246,-32.017417907714844
572,0.5725725889205933,63.437744140625,-0.000454958324553445,0.011606402695178986,-31.699556350708008
573,0.5735735893249512,63.4915657043457,-0.0004660012782551348,0.013527832925319672,-36.036224365234375
574,0.5745745897293091,63.545440673828125,-0.00045094138476997614,0.011506332084536552,-31.819650650024414
575,0.575575590133667,63.599361419677734,-0.0004494425083976239,0.011536347679793835,-32.060298919677734
576,0.5765765905380249,63.65332794189453,-0.00045163623872213066,0.012376715429127216,-34.099525451660156
577,0.5775775909423828,63.707332611083984,-0.00044553304906003177,0.011822999455034733,-33.00965881347656
578,0.5785785913467407,63.761390686035156,-0.00045283918734639883,0.012990355491638184,-35.732364654541016
579,0.5795795917510986,63.815494537353516,-0.000440172734670341,0.011342951096594334,-32.13261032104492
580,0.5805805921554565,63.8696403503418,-0.00043728953460231423,0.011131234467029572,-31.66408348083496
581,0.5815815925598145,63.92383575439453,-0.0004322261083871126,0.010322237387299538,-29.74148941040039
582,0.5825825929641724,63.97807693481445,-0.000435451278463006,0.011477742344141006,-32.364173889160156
583,0.5835835933685303,64.03236389160156,-0.0004329188959673047,0.011388268321752548,-32.12710952758789
584,0.5845845937728882,64.0866928100586,-0.0004385290085338056,0.012228217907249928,-34.007808685302734
585,0.5855855941772461,64.14107513427734,-0.0004396907170303166,0.011973501183092594,-33.394996643066406
586,0.586586594581604,64.19549560546875,-0.00043693510815501213,0.011407137848436832,-32.15922546386719
587,0.5875875949859619,64.24996948242188,-0.00043663644464686513,0.011614982970058918,-32.770240783691406
588,0.5885885953903198,64.30448150634766,-0.00043344427831470966,0.011525134555995464,-32.68487548828125
589,0.5895895957946777,64.35903930664062,-0.0004422304918989539,0.013288919813930988,-36.857749938964844
590,0.5905905961990356,64.41365814208984,-0.0004367966903373599,0.012765883468091488,-35.74469757080078
591,0.5915915966033936,64.46830749511719,-0.0004492689622566104,0.014353841543197632,-39.35414123535156
592,0.5925925970077515,64.52301025390625,-0.0004425685328897089,0.013766365125775337,-38.035701751708984
593,0.5935935974121094,64.5777587890625,-0.0004316206614021212,0.012889008969068527,-36.025699615478516
594,0.5945945978164673,64.63255310058594,-0.000421524397097528,0.01162767969071865,-33.04566955566406
595,0.5955955982208252,64.68739318847656,-0.00042023544665426016,0.011613897047936916,-32.98332214355469
596,0.5965965986251831,64.74227905273438,-0.00042681588092818856,0.01301710307598114,-36.32746124267578
597,0.597597599029541,64.7972183227539,-0.0004241788119543344,0.012997467070817947,-36.50681686401367
598,0.5985985994338989,64.8521957397461,-0.00041964848060160875,0.01258089765906334,-35.79606628417969
599,0.5995995998382568,64.9072265625,-0.0004154487978667021,0.011859172955155373,-34.24327850341797
600,0.6006006002426147,64.96229553222656,-0.00041650570346973836,0.012018670327961445,-34.68006896972656
601,0.6016016006469727,65.01741790771484,-0.00042012493941001594,0.012400828301906586,-35.546241760253906
602,0.6026026010513306,65.07258605957031,-0.00043201292282901704,0.013659236021339893,-38.35095977783203
603,0.6036036014556885,65.12779998779297,-0.0004495086323004216,0.015608006156980991,-42.683353424072266
604,0.6046046018600464,65.18305969238281,-0.00045234221033751965,0.016145428642630577,-43.87699890136719
605,0.6056056022644043,65.23836517333984,-0.00044463842641562223,0.015771768987178802,-43.18905258178711
606,0.6066066026687622,65.2937240600586,-0.000443156372057274,0.015971774235367775,-43.791847229003906
607,0.6076076030731201,65.34912872314453,-0.00045013317139819264,0.016803741455078125,-45.72641372680664
608,0.608608603477478,65.40457916259766,-0.0004544766852632165,0.01703168824315071,-46.22343826293945
609,0.6096096038818359,65.46007537841797,-0.00045317853800952435,0.016568927094340324,-45.162025451660156
610,0.6106106042861938,65.51561737060547,-0.0004794675041921437,0.019466180354356766,-51.37321472167969
611,0.6116116046905518,65.57120513916016,-0.00047366731450892985,0.019085831940174103,-50.74137496948242
612,0.6126126050949097,65.62684631347656,-0.0004775650450028479,0.020153280347585678,-53.12897491455078
613,0.6136136054992676,65.68252563476562,-0.00048407455324195325,0.021773993968963623,-56.59946823120117
614,0.6146146059036255,65.7382583618164,-0.0004730275832116604,0.02060348354279995,-54.20827102661133
615,0.6156156063079834,65.79403686523438,-0.00046282896073535085,0.019712280482053757,-52.38866424560547
616,0.6166166067123413,65.84986877441406,-0.00047615374205634,0.022171230986714363,-57.6765251159668
617,0.6176176071166992,65.9057388305664,-0.0004782245960086584,0.0225518848747015,-58.45536804199219
618,0.6186186075210571,65.96166229248047,-0.0004819001769647002,0.023553727194666862,-60.61516189575195
619,0.619619607925415,66.01763153076172,-0.0004827180237043649,0.02390614151954651,-61.43709182739258
620,0.620620608329773,66.07364654541016,-0.00047673273365944624,0.022423774003982544,-58.34202194213867
621,0.6216216087341309,66.12971496582031,-0.00047844290384091437,0.022988498210906982,-59.57973098754883
622,0.6226226091384888,66.18582916259766,-0.0004757500719279051,0.022830145433545113,-59.2607421875
623,0.6236236095428467,66.24198150634766,-0.0004752156382892281,0.023343520238995552,-60.37666320800781
624,0.6246246099472046,66.29818725585938,-0.00047209073090925813,0.02379285916686058,-61.492759704589844
625,0.6256256103515625,66.35443878173828,-0.00045919197145849466,0.022359000518918037,-58.73626708984375
626,0.6266266107559204,66.4107437133789,-0.00045312827569432557,0.022016117349267006,-58.17392349243164
627,0.6276276111602783,66.46709442138672,-0.0004575316561385989,0.02357943169772625,-61.76692581176758
628,0.6286286115646362,66.52349090576172,-0.0004621832922566682,0.02468901500105858,-64.19085693359375
629,0.6296296119689941,66.57994079589844,-0.00046627636766061187,0.02611587755382061,-67.38513946533203
630,0.630630612373352,66.63642883300781,-0.00045972043881192803,0.023754052817821503,-62.402793884277344
631,0.63163161277771,66.6929702758789,-0.0004574851773213595,0.022803008556365967,-60.37977981567383
632,0.6326326131820679,66.74955749511719,-0.0004596635699272156,0.02321367710828781,-61.46002960205078
633,0.6336336135864258,66.80619812011719,-0.0004541547386907041,0.022528858855366707,-60.21287536621094
634,0.6346346139907837,66.86288452148438,-0.0004610135802067816,0.024011200293898582,-63.576393127441406
635,0.6356356143951416,66.91961669921875,-0.00046268210280686617,0.024149484932422638,-63.88239288330078
636,0.6366366147994995,66.97640228271484,-0.0004614690551534295,0.023656092584133148,-62.81486511230469
637,0.6376376152038574,67.0332260131836,-0.0004603556590154767,0.023322613909840584,-62.086822509765625
638,0.6386386156082153,67.0901107788086,-0.00045762519584968686,0.02289126254618168,-61.19562911987305
639,0.6396396160125732,67.14703369140625,-0.00045344396494328976,0.02246691659092903,-60.33375549316406
640,0.6406406164169312,67.20401000976562,-0.00044713023817166686,0.02188686653971672,-59.113426208496094
641,0.6416416764259338,67.26103210449219,-0.00044604227878153324,0.02222624234855175,-60.019229888916016
642,0.6426426768302917,67.31810760498047,-0.0004484366509132087,0.02283504791557789,-61.468955993652344
643,0.6436436772346497,67.37522888183594,-0.00044719650759361684,0.022873081266880035,-61.75785827636719
644,0.6446446776390076,67.4323959350586,-0.0004490006249397993,0.023270271718502045,-62.85210418701172
645,0.6456456780433655,67.48960876464844,-0.0004507120174821466,0.023768866434693336,-64.21929931640625
646,0.6466466784477234,67.546875,-0.00045176211278885603,0.023952914401888847,-64.75541687011719
647,0.6476476788520813,67.60418701171875,-0.0004485019017010927,0.023043546825647354,-62.715553283691406
648,0.6486486792564392,67.66155242919922,-0.00044975854689255357,0.023093895986676216,-62.8292121887207
649,0.6496496796607971,67.71896362304688,-0.00043652812018990517,0.0208088681101799,-57.67816925048828
650,0.650650680065155,67.77642822265625,-0.00043867796193808317,0.02161327376961708,-59.675804138183594
651,0.6516516804695129,67.83393859863281,-0.00043025746708735824,0.02066318318247795,-57.551902770996094
652,0.6526526808738708,67.89148712158203,-0.00043891783570870757,0.022260384634137154,-61.191490173339844
653,0.6536536812782288,67.9490966796875,-0.0004264276649337262,0.02038690820336342,-56.83854293823242
654,0.6546546816825867,68.00675201416016,-0.0004215149092487991,0.01990605890750885,-55.735198974609375
655,0.6556556820869446,68.064453125,-0.0004154465568717569,0.01974955014884472,-55.61464309692383
656,0.6566566824913025,68.1222152709961,-0.0004157495277468115,0.02048734948039055,-57.566009521484375
657,0.6576576828956604,68.18000793457031,-0.0004103925311937928,0.01988396979868412,-56.20531463623047
658,0.6586586833000183,68.23786163330078,-0.0004030756535939872,0.018530264496803284,-52.92664337158203
659,0.6596596837043762,68.29576110839844,-0.00040222256211563945,0.018290961161255836,-52.3772087097168
660,0.6606606841087341,68.35371398925781,-0.00041036063339561224,0.019597837701439857,-55.698944091796875
661,0.661661684513092,68.41171264648438,-0.00040967442328110337,0.01928386650979519,-55.046974182128906
662,0.66266268491745,68.46975708007812,-0.00042359484359622,0.021655265241861343,-60.80900192260742
663,0.6636636853218079,68.5278549194336,-0.00042520641000010073,0.022248126566410065,-62.32241439819336
664,0.6646646857261658,68.58599853515625,-0.00042740729986689985,0.02332386188209057,-64.9645767211914
665,0.6656656861305237,68.64419555664062,-0.0004260591813363135,0.023517420515418053,-65.5118637084961
666,0.6666666865348816,68.70243835449219,-0.0004206173762213439,0.02260252647101879,-63.380149841308594
667,0.6676676869392395,68.76073455810547,-0.0004195133806206286,0.02276567369699478,-63.80769348144531
668,0.6686686873435974,68.81907653808594,-0.0004121557285543531,0.02148786373436451,-60.78337097167969
669,0.6696696877479553,68.87747192382812,-0.0004077746707480401,0.02085796371102333,-59.306583404541016
670,0.6706706881523132,68.9359130859375,-0.00040346229798160493,0.020048750564455986,-57.34732437133789
671,0.6716716885566711,68.9944076538086,-0.00040733200148679316,0.020679937675595284,-58.99826431274414
672,0.672672688961029,69.05294799804688,-0.000411402084864676,0.021293114870786667,-60.593387603759766
673,0.673673689365387,69.11154174804688,-0.0004092821036465466,0.02043868601322174,-58.539058685302734
674,0.6746746897697449,69.17018127441406,-0.0004104033578187227,0.020173773169517517,-57.94654083251953
675,0.6756756901741028,69.22887420654297,-0.00040933926356956363,0.019803399220108986,-57.232879638671875
676,0.6766766905784607,69.2876205444336,-0.00040133766015060246,0.018531590700149536,-54.29839324951172
677,0.6776776909828186,69.34640502929688,-0.0003923427138943225,0.016710873693227768,-49.77224349975586
678,0.6786786913871765,69.4052505493164,-0.000391558394767344,0.016390424221754074,-48.92287063598633
679,0.6796796917915344,69.4641342163086,-0.0004034410521853715,0.018396006897091866,-53.92338943481445
680,0.6806806921958923,69.52307891845703,-0.0004036606405861676,0.018054183572530746,-53.05949020385742
681,0.6816816926002502,69.58206939697266,-0.0004081357619725168,0.018709678202867508,-54.86656951904297
682,0.6826826930046082,69.64111328125,-0.0004005154478363693,0.018001161515712738,-53.49209213256836
683,0.6836836934089661,69.7001953125,-0.00040147153777070343,0.01872382126748562,-55.62188720703125
684,0.684684693813324,69.75934600830078,-0.0003828675835393369,0.01637539453804493,-49.78908157348633
685,0.6856856942176819,69.81852722167969,-0.0003809644840657711,0.01656736060976982,-50.27193832397461
686,0.6866866946220398,69.87776947021484,-0.0003770216426346451,0.016428176313638687,-49.78057098388672
687,0.6876876950263977,69.93706512451172,-0.00037133722798898816,0.015827856957912445,-48.02547836303711
688,0.6886886954307556,69.99640655517578,-0.0003647057164926082,0.014915146864950657,-45.457149505615234
689,0.6896896958351135,70.05580139160156,-0.00036384136183187366,0.015248463489115238,-46.41390609741211
690,0.6906906962394714,70.11524200439453,-0.00036057105171494186,0.015118381008505821,-46.224090576171875
691,0.6916916966438293,70.17473602294922,-0.0003581528435461223,0.014757943339645863,-45.34146499633789
692,0.6926926970481873,70.23428344726562,-0.00036751944571733475,0.016663171350955963,-50.60422134399414
693,0.6936936974525452,70.29387664794922,-0.000382017286028713,0.018655292689800262,-55.86398696899414
694,0.6946946978569031,70.353515625,-0.0003960768226534128,0.019779400900006294,-58.51424026489258
695,0.695695698261261,70.41321563720703,-0.00039875111542642117,0.01944855973124504,-57.70940017700195
696,0.6966966986656189,70.47296142578125,-0.00040017860010266304,0.02001352235674858,-59.51310729980469
697,0.6976976990699768,70.53276062011719,-0.0003964156494475901,0.01961146667599678,-58.82514190673828
698,0.6986986994743347,70.59259796142578,-0.00039647871744818985,0.020064163953065872,-60.22406005859375
699,0.6996996998786926,70.65249633789062,-0.0003946271608583629,0.020267263054847717,-60.94130325317383
700,0.7007007002830505,70.71244812011719,-0.0003913300752174109,0.020131409168243408,-60.6849365234375
701,0.7017017006874084,70.77244567871094,-0.00038991932524368167,0.020267147570848465,-61.04156494140625
702,0.7027027010917664,70.83250427246094,-0.00039550947258248925,0.02154948189854622,-64.21199035644531
703,0.7037037014961243,70.8926010131836,-0.0003965502546634525,0.021646862849593163,-64.37027740478516
704,0.7047047019004822,70.95275115966797,-0.000389980326872319,0.02026379480957985,-60.910892486572266
705,0.7057057023048401,71.0129623413086,-0.00038759957533329725,0.019952422007918358,-60.27705764770508
706,0.706706702709198,71.07321166992188,-0.0003839610726572573,0.01926250569522381,-58.65256118774414
707,0.7077077031135559,71.1335220336914,-0.0003820969723165035,0.0189397931098938,-57.94980239868164
708,0.7087087035179138,71.19387817382812,-0.00038430033600889146,0.019641024991869926,-59.9044189453125
709,0.7097097039222717,71.25428771972656,-0.00038102304097265005,0.018881510943174362,-57.980316162109375
710,0.7107107043266296,71.31475067138672,-0.00037293482455424964,0.016655931249260902,-52.00534439086914
711,0.7117117047309875,71.37525939941406,-0.0003741254913620651,0.016590390354394913,-51.722877502441406
712,0.7127127051353455,71.4358139038086,-0.00037314396467991173,0.016394658014178276,-51.26017761230469
713,0.7137137055397034,71.4964370727539,-0.0003719499218277633,0.01657988503575325,-51.93855285644531
714,0.7147147059440613,71.55709838867188,-0.00037461260217241943,0.01744655892252922,-54.37656021118164
715,0.7157157063484192,71.61781311035156,-0.0003696884377859533,0.016666483134031296,-52.32902526855469
716,0.7167167067527771,71.67858123779297,-0.0003622898948378861,0.01571558602154255,-49.90175247192383
717,0.717717707157135,71.7394027709961,-0.0003691671881824732,0.017355484887957573,-54.526275634765625
718,0.7187187075614929,71.8002700805664,-0.0003667247947305441,0.016941756010055542,-53.40715026855469
719,0.7197197079658508,71.86119842529297,-0.000365229498129338,0.01671079732477665,-52.70574951171875
720,0.7207207083702087,71.92217254638672,-0.0003695848281495273,0.017836760729551315,-55.7852783203125
721,0.7217217087745667,71.98320007324219,-0.0003658535424619913,0.01761299930512905,-55.376564025878906
722,0.7227227091789246,72.04427337646484,-0.0003636686597019434,0.017653027549386024,-55.66641616821289
723,0.7237237095832825,72.10540771484375,-0.0003682869137264788,0.01918208971619606,-60.00597381591797
724,0.7247247099876404,72.16658782958984,-0.0003652812447398901,0.019117208197712898,-60.0582389831543
725,0.7257257103919983,72.22782135009766,-0.0003655854379758239,0.019641386345028877,-61.773658752441406
726,0.7267267107963562,72.28910827636719,-0.00036801351234316826,0.0206884928047657,-64.95182037353516
727,0.7277277112007141,72.3504409790039,-0.00037127433461137116,0.021704981103539467,-67.94058227539062
728,0.728728711605072,72.41183471679688,-0.00037198764039203525,0.021803999319672585,-68.4085922241211
729,0.7297297120094299,72.47327423095703,-0.0003697178326547146,0.020924868062138557,-66.22076416015625
730,0.7307307124137878,72.53477478027344,-0.0003686287091113627,0.020067794248461723,-63.915435791015625
731,0.7317317128181458,72.59632110595703,-0.0003680979134514928,0.019513992592692375,-62.362300872802734
732,0.7327327132225037,72.65791320800781,-0.00036509725032374263,0.01866273395717144,-60.037330627441406
733,0.7337337136268616,72.71956634521484,-0.0003621831419877708,0.018337875604629517,-59.24066162109375
734,0.7347347140312195,72.78126525878906,-0.0003611185820773244,0.01858637109398842,-60.02741241455078
735,0.7357357144355774,72.84302520751953,-0.00035187674802728,0.016971975564956665,-55.542076110839844
736,0.7367367148399353,72.90483093261719,-0.0003556935116648674,0.018485412001609802,-59.83509063720703
737,0.7377377152442932,72.96669006347656,-0.000349703012034297,0.017440132796764374,-56.75189971923828
738,0.7387387156486511,73.02860260009766,-0.0003520066966302693,0.018442263826727867,-59.58372497558594
739,0.739739716053009,73.09056854248047,-0.00035594875225797296,0.019991064444184303,-63.970062255859375
740,0.7407407164573669,73.152587890625,-0.0003548029635567218,0.019947420805692673,-63.935176849365234
741,0.7417417168617249,73.21465301513672,-0.0003582189092412591,0.02148876152932644,-68.29886627197266
742,0.7427427172660828,73.27677917480469,-0.00035486617707647383,0.019373033195734024,-62.332271575927734
743,0.7437437772750854,73.33895874023438,-0.0003578210307750851,0.019832691177725792,-63.59989929199219
744,0.7447447776794434,73.40119171142578,-0.0003595391463022679,0.019792752340435982,-63.4455451965332
745,0.7457457780838013,73.46347045898438,-0.0003610016137827188,0.020177822560071945,-64.51130676269531
746,0.7467467784881592,73.52580261230469,-0.0003599888877943158,0.019942479208111763,-63.88212585449219
747,0.7477477788925171,73.58819580078125,-0.0003578407922759652,0.019742395728826523,-63.448333740234375
748,0.748748779296875,73.65062713623047,-0.00035588297760114074,0.020263798534870148,-65.13719940185547
749,0.7497497797012329,73.71311950683594,-0.0003519834135659039,0.019067326560616493,-61.95570755004883
750,0.7507507801055908,73.77567291259766,-0.00035097511135973036,0.01961403153836727,-63.616241455078125
751,0.7517517805099487,73.83826446533203,-0.0003497928846627474,0.019600167870521545,-63.62237548828125
752,0.7527527809143066,73.90092468261719,-0.0003482810570858419,0.01895945519208908,-61.74781036376953
753,0.7537537813186646,73.963623046875,-0.00034996989415958524,0.01979076862335205,-64.125
754,0.7547547817230225,74.02638244628906,-0.0003502676263451576,0.0203936118632555,-66.04473876953125
755,0.7557557821273804,74.08919525146484,-0.000348095316439867,0.020576948300004005,-67.03229522705078
756,0.7567567825317383,74.15206146240234,-0.00034343748120591044,0.019567061215639114,-64.484619140625
757,0.7577577829360962,74.21498107910156,-0.00034428719663992524,0.02023724839091301,-66.74969482421875
758,0.7587587833404541,74.2779541015625,-0.00034404831239953637,0.020110538229346275,-66.5630111694336
759,0.759759783744812,74.34097290039062,-0.00034333992516621947,0.01918233558535576,-63.87152099609375
760,0.7607607841491699,74.404052734375,-0.0003421330184210092,0.01790306158363819,-60.05245590209961
761,0.7617617845535278,74.4671859741211,-0.0003477635036688298,0.01921764761209488,-63.797447204589844
762,0.7627627849578857,74.53038024902344,-0.00034974367008544505,0.020364241674542427,-67.14865112304688
763,0.7637637853622437,74.59361267089844,-0.0003495786222629249,0.021218616515398026,-69.73681640625
764,0.7647647857666016,74.65690612792969,-0.0003448576608207077,0.02009044773876667,-66.64266204833984
765,0.7657657861709595,74.72025299072266,-0.000339218822773546,0.01863144338130951,-62.470428466796875
766,0.7667667865753174,74.78365325927734,-0.0003366981982253492,0.018393704667687416,-61.825016021728516
767,0.7677677869796753,74.84710693359375,-0.00033397856168448925,0.018270345404744148,-61.62958526611328
768,0.7687687873840332,74.91061401367188,-0.00033003429416567087,0.017937107011675835,-60.937591552734375
769,0.7697697877883911,74.97418212890625,-0.0003276034549344331,0.017787998542189598,-60.7137336730957
770,0.770770788192749,75.03779602050781,-0.0003270959423389286,0.017836039885878563,-60.9521484375
771,0.7717717885971069,75.1014633178711,-0.0003283473488409072,0.018004219979047775,-61.42708969116211
772,0.7727727890014648,75.1651840209961,-0.00032828241819515824,0.017478205263614655,-59.73183059692383
773,0.7737737894058228,75.22896575927734,-0.00033383513800799847,0.018974946811795235,-64.02178192138672
774,0.7747747898101807,75.29280090332031,-0.0003304692218080163,0.017865091562271118,-60.65339660644531
775,0.7757757902145386,75.35668182373047,-0.00033200965845026076,0.019213564693927765,-64.77421569824219
776,0.7767767906188965,75.42062377929688,-0.0003303538542240858,0.019267691299319267,-65.02256774902344
777,0.7777777910232544,75.484619140625,-0.00033275107853114605,0.02099081128835678,-70.26734924316406
778,0.7787787914276123,75.54866790771484,-0.00033042754512280226,0.02072877809405327,-69.62840270996094
779,0.7797797918319702,75.6127700805664,-0.00033075103419832885,0.021338915452361107,-71.54181671142578
780,0.7807807922363281,75.67693328857422,-0.0003308681771159172,0.02194700576364994,-73.46630096435547
781,0.781781792640686,75.74114227294922,-0.0003307245788164437,0.022269664332270622,-74.60252380371094
782,0.782782793045044,75.80540466308594,-0.0003273050533607602,0.020852934569120407,-70.47929382324219
783,0.7837837934494019,75.8697280883789,-0.0003272885805927217,0.02093036286532879,-70.89891815185547
784,0.7847847938537598,75.9341049194336,-0.00032678130082786083,0.021195685490965843,-71.97994995117188
785,0.7857857942581177,75.99853515625,-0.0003234883479308337,0.020337365567684174,-69.57166290283203
786,0.7867867946624756,76.06301879882812,-0.00031982967630028725,0.01905149780213833,-65.6967544555664
787,0.7877877950668335,76.1275634765625,-0.0003195611061528325,0.01889396272599697,-65.18836212158203
788,0.7887887954711914,76.19215393066406,-0.0003218695055693388,0.0196321289986372,-67.38763427734375
789,0.7897897958755493,76.25680541992188,-0.0003238362551201135,0.020252369344234467,-69.18718719482422
790,0.7907907962799072,76.3215103149414,-0.00032370517146773636,0.020138679072260857,-68.8000717163086
791,0.7917917966842651,76.38626861572266,-0.0003243467945139855,0.02092425897717476,-71.35774230957031
792,0.792792797088623,76.45108032226562,-0.00032453908352181315,0.02138805016875267,-72.96781158447266
793,0.793793797492981,76.51595306396484,-0.0003264890983700752,0.02247956208884716,-76.46852111816406
794,0.7947947978973389,76.58087921142578,-0.0003262123209424317,0.022662172093987465,-77.16999053955078
795,0.7957957983016968,76.64585876464844,-0.0003267213760409504,0.023150740191340446,-78.77507019042969
796,0.7967967987060547,76.71089172363281,-0.0003268728614784777,0.023187339305877686,-78.93788146972656
797,0.7977977991104126,76.7759780883789,-0.0003293205809313804,0.023998718708753586,-81.43006896972656
798,0.7987987995147705,76.84112548828125,-0.0003288813750259578,0.023871921002864838,-81.25147247314453
799,0.7997997999191284,76.90632629394531,-0.000325823319144547,0.02258158288896084,-77.53539276123047
800,0.8008008003234863,76.97157287597656,-0.00032371989800594747,0.021515686064958572,-74.45469665527344
801,0.8018018007278442,77.03689575195312,-0.000325421045999974,0.022125132381916046,-76.54489135742188
802,0.8028028011322021,77.10225677490234,-0.00032440084032714367,0.021419351920485497,-74.52635955810547
803,0.8038038015365601,77.16767883300781,-0.00032436713809147477,0.02124471589922905,-74.12372589111328
804,0.804804801940918,77.233154296875,-0.00032318156445398927,0.02059296704828739,-72.22852325439453
805,0.8058058023452759,77.29869079589844,-0.00032474135514348745,0.021507568657398224,-75.07693481445312
806,0.8068068027496338,77.36427307128906,-0.00032396672759205103,0.021103819832205772,-73.81068420410156
807,0.8078078031539917,77.42991638183594,-0.00032412243308499455,0.021558675915002823,-75.21722412109375
808,0.8088088035583496,77.49562072753906,-0.000322717591188848,0.021198421716690063,-74.17720031738281
809,0.8098098039627075,77.56137084960938,-0.0003208565176464617,0.02079744264483452,-73.08684539794922
810,0.8108108043670654,77.62718963623047,-0.00031766245956532657,0.019388999789953232,-68.86831665039062
811,0.8118118047714233,77.69306182861328,-0.0003175521269440651,0.019831234589219093,-70.42526245117188
812,0.8128128051757812,77.75897979736328,-0.00031665756250731647,0.01929391548037529,-68.83788299560547
813,0.8138138055801392,77.82495880126953,-0.0003154887817800045,0.018592188134789467,-66.70178985595703
814,0.8148148059844971,77.8909912109375,-0.0003136548912152648,0.01759122498333454,-63.591453552246094
815,0.815815806388855,77.95708465576172,-0.0003140426124446094,0.018046392127871513,-65.11646270751953
816,0.8168168067932129,78.02323150634766,-0.00031174812465906143,0.017557844519615173,-63.73826217651367
817,0.8178178071975708,78.08943176269531,-0.00030993641121312976,0.0174939576536417,-63.81491470336914
818,0.8188188076019287,78.15569305419922,-0.0003071083046961576,0.017103396356105804,-62.90982437133789
819,0.8198198080062866,78.22200775146484,-0.0002994007372763008,0.015517584048211575,-58.066734313964844
820,0.8208208084106445,78.28837585449219,-0.0002969166380353272,0.015309776179492474,-57.59555435180664
821,0.8218218088150024,78.35481262207031,-0.00029745185747742653,0.015714233741164207,-59.10515213012695
822,0.8228228092193604,78.4212875366211,-0.0002901489788200706,0.014712578617036343,-55.78946304321289
823,0.8238238096237183,78.48783874511719,-0.0002944153966382146,0.015662506222724915,-59.07447052001953
824,0.8248248100280762,78.55442810058594,-0.0003005226608365774,0.017059074714779854,-63.729331970214844
825,0.8258258104324341,78.62108612060547,-0.0003041895106434822,0.018181944265961647,-67.3858871459961
826,0.826826810836792,78.68779754638672,-0.00030568166403099895,0.01877894066274166,-69.20124053955078
827,0.8278278112411499,78.75455474853516,-0.0003039783041458577,0.018222181126475334,-67.20771789550781
828,0.8288288116455078,78.82138061523438,-0.00030424303258769214,0.01898840069770813,-69.83867645263672
829,0.8298298120498657,78.88825988769531,-0.0003038160502910614,0.019778238609433174,-72.68785858154297
830,0.8308308124542236,78.9552001953125,-0.0003029386862181127,0.020454348996281624,-75.15020751953125
831,0.8318318128585815,79.02220153808594,-0.0003014052053913474,0.020839212462306023,-76.63460540771484
832,0.8328328132629395,79.08924865722656,-0.00030055808019824326,0.02150038443505764,-79.12937927246094
833,0.8338338136672974,79.15635681152344,-0.0003002610756084323,0.02219977043569088,-81.71173858642578
834,0.8348348140716553,79.22352600097656,-0.0002980974968522787,0.02160131372511387,-79.93370819091797
835,0.8358358144760132,79.29074096679688,-0.0002963980659842491,0.02122044749557972,-78.89617919921875
836,0.8368368148803711,79.35801696777344,-0.00029661913868039846,0.021333830431103706,-79.36213684082031
837,0.837837815284729,79.42535400390625,-0.0002957803662866354,0.020671388134360313,-77.02080535888672
838,0.8388388156890869,79.49275207519531,-0.0002960647107101977,0.02098199352622032,-77.98711395263672
839,0.8398398160934448,79.56019592285156,-0.00029751492547802627,0.021990278735756874,-81.36940002441406
840,0.8408408164978027,79.62770080566406,-0.00029718608129769564,0.022335009649395943,-82.63224792480469
841,0.8418418169021606,79.69527435302734,-0.0002941169950645417,0.02141779661178589,-79.7088851928711
842,0.8428428173065186,79.76288604736328,-0.0002958208497148007,0.022774968296289444,-84.49378204345703
843,0.8438438177108765,79.83056640625,-0.00029507282306440175,0.022750450298190117,-84.62803649902344
844,0.8448448181152344,79.89830780029297,-0.000294562429189682,0.02260839380323887,-84.32305145263672
845,0.8458458185195923,79.96610260009766,-0.00029439711943268776,0.022569257766008377,-84.35735321044922
846,0.846846878528595,80.0339584350586,-0.00029605120653286576,0.023837672546505928,-88.7967300415039
847,0.8478478789329529,80.10186004638672,-0.000296956452075392,0.025739606469869614,-95.47322845458984
848,0.8488488793373108,80.16983032226562,-0.00029593409271910787,0.025856079533696175,-96.17154693603516
849,0.8498498797416687,80.23786163330078,-0.0002948580658994615,0.026902323588728905,-100.14875793457031
850,0.8508508801460266,80.30593872070312,-0.0002904644934460521,0.02427964098751545,-91.65025329589844
851,0.8518518805503845,80.37407684326172,-0.00028912315610796213,0.02460777573287487,-93.08885192871094
852,0.8528528809547424,80.44227600097656,-0.00028672005282714963,0.023325426504015923,-88.85848999023438
853,0.8538538813591003,80.51052856445312,-0.0002859734813682735,0.02294539101421833,-87.59231567382812
854,0.8548548817634583,80.57884216308594,-0.00028713239589706063,0.023940784856677055,-91.1307144165039
855,0.8558558821678162,80.647216796875,-0.0002879149978980422,0.024046791717410088,-91.51834869384766
856,0.8568568825721741,80.71565246582031,-0.0002890249015763402,0.0240472462028265,-91.50984954833984
857,0.857857882976532,80.78413391113281,-0.00028986012330278754,0.02404852956533432,-91.47393035888672
858,0.8588588833808899,80.8526840209961,-0.000291810225462541,0.025033356621861458,-94.84880065917969
859,0.8598598837852478,80.92127990722656,-0.00029018911300227046,0.024447567760944366,-92.92427825927734
860,0.8608608841896057,80.98995208740234,-0.00029077407089062035,0.02491873875260353,-94.65886688232422
861,0.8618618845939636,81.05866241455078,-0.0002897194935940206,0.024690251797437668,-93.97632598876953
862,0.8628628849983215,81.12744903564453,-0.0002867995644919574,0.023547302931547165,-90.10514068603516
863,0.8638638854026794,81.19628143310547,-0.0002860969689209014,0.023329002782702446,-89.38909912109375
864,0.8648648858070374,81.26518249511719,-0.0002877870574593544,0.024358153343200684,-93.02871704101562
865,0.8658658862113953,81.3341293334961,-0.00028878572629764676,0.02492276206612587,-95.06753540039062
866,0.8668668866157532,81.40314483642578,-0.00028924038633704185,0.025103330612182617,-95.75773620605469
867,0.8678678870201111,81.47222137451172,-0.0002860176027752459,0.022972656413912773,-88.52521514892578
868,0.868868887424469,81.54134368896484,-0.0002864382404368371,0.023910418152809143,-91.94647216796875
869,0.8698698878288269,81.61053466796875,-0.00028596751508302987,0.02345026284456253,-90.38479614257812
870,0.8708708882331848,81.6797866821289,-0.0002857556683011353,0.023089667782187462,-89.19094848632812
871,0.8718718886375427,81.74909210205078,-0.00028593960450962186,0.023947786539793015,-92.30728149414062
872,0.8728728890419006,81.81845092773438,-0.00028573788586072624,0.02420680783689022,-93.24913024902344
873,0.8738738894462585,81.88787078857422,-0.00028545389068312943,0.02388855256140232,-92.18751525878906
874,0.8748748898506165,81.95735931396484,-0.00028566503897309303,0.024443304166197777,-94.16622924804688
875,0.8758758902549744,82.02690887451172,-0.0002854479826055467,0.025157801806926727,-96.81460571289062
876,0.8768768906593323,82.09650421142578,-0.000284772424492985,0.025538519024848938,-98.38435363769531
877,0.8778778910636902,82.1661605834961,-0.0002848216681741178,0.026357736438512802,-101.55000305175781
878,0.8788788914680481,82.23587799072266,-0.00028124384698458016,0.024827688932418823,-96.4703598022461
879,0.879879891872406,82.30565643310547,-0.000280094041954726,0.024382466450333595,-95.14765930175781
880,0.8808808922767639,82.37548828125,-0.00027948484057560563,0.024185681715607643,-94.75634765625
881,0.8818818926811218,82.44538116455078,-0.00027863815193995833,0.023948708549141884,-94.24634552001953
882,0.8828828930854797,82.51534271240234,-0.00027699017664417624,0.022686515003442764,-89.8370132446289
883,0.8838838934898376,82.58535766601562,-0.00027689989656209946,0.022385815158486366,-88.75897979736328
884,0.8848848938941956,82.65543365478516,-0.00027826501172967255,0.022999748587608337,-90.84652709960938
885,0.8858858942985535,82.72557067871094,-0.00027920003049075603,0.022833574563264847,-90.07697296142578
886,0.8868868947029114,82.7957534790039,-0.00027915782993659377,0.021476861089468002,-85.09274291992188
887,0.8878878951072693,82.86600494384766,-0.00027813034830614924,0.020954661071300507,-83.36599731445312
888,0.8888888955116272,82.93631744384766,-0.00027606054209172726,0.020995385944843292,-83.95693969726562
889,0.8898898959159851,83.00669860839844,-0.0002745007222983986,0.02122759073972702,-85.23282623291016
890,0.890890896320343,83.0771255493164,-0.000274041696684435,0.02262887731194496,-90.75709533691406
891,0.8918918967247009,83.14761352539062,-0.00027366826543584466,0.023128380998969078,-92.83245849609375
892,0.8928928971290588,83.21817016601562,-0.0002736924507189542,0.023172998800873756,-93.13373565673828
893,0.8938938975334167,83.28878021240234,-0.0002739881456363946,0.023112107068300247,-93.01385498046875
894,0.8948948979377747,83.35945129394531,-0.00027422269340604544,0.02254757098853588,-90.96009826660156
895,0.8958958983421326,83.43018341064453,-0.00027442548889666796,0.021994678303599358,-88.91241455078125
896,0.8968968987464905,83.5009765625,-0.00027565890923142433,0.022462457418441772,-90.54292297363281
897,0.8978978991508484,83.57182312011719,-0.00027545850025489926,0.022089222446084023,-89.26272583007812
898,0.8988988995552063,83.64273071289062,-0.00027508061612024903,0.022443685680627823,-90.79418182373047
899,0.8998998999595642,83.71370697021484,-0.00027413200587034225,0.02215425856411457,-89.9605712890625
900,0.9009009003639221,83.78473663330078,-0.0002730053383857012,0.020913133397698402,-85.53764343261719
901,0.90190190076828,83.85582733154297,-0.00027203134959563613,0.020556921139359474,-84.4034423828125
902,0.9029029011726379,83.9269790649414,-0.0002705928054638207,0.019551482051610947,-80.93092346191406
903,0.9039039015769958,83.99818420410156,-0.00026936150970868766,0.019029298797249794,-79.22979736328125
904,0.9049049019813538,84.06946563720703,-0.0002682862104848027,0.01906435564160347,-79.54718780517578
905,0.9059059023857117,84.14079284667969,-0.00026711932150647044,0.019263621419668198,-80.43464660644531
906,0.9069069027900696,84.21219635009766,-0.0002666678046807647,0.020161475986242294,-83.8490219116211
907,0.9079079031944275,84.28364562988281,-0.000265437935013324,0.020124604925513268,-83.7041244506836
908,0.9089089035987854,84.35516357421875,-0.00026479974621906877,0.020251527428627014,-84.12992858886719
909,0.9099099040031433,84.42674255371094,-0.0002641321043483913,0.02011347934603691,-83.57465362548828
910,0.9109109044075012,84.49837493896484,-0.00026101054390892386,0.018943864852190018,-79.30734252929688
911,0.9119119048118591,84.57007598876953,-0.0002605522167868912,0.01933775469660759,-81.08380126953125
912,0.912912905216217,84.64183044433594,-0.00026024042745120823,0.01981678046286106,-83.27179718017578
913,0.913913905620575,84.71365356445312,-0.0002588329080026597,0.01908481866121292,-80.72660827636719
914,0.9149149060249329,84.78553009033203,-0.00025815650587901473,0.01848813146352768,-78.61737060546875
915,0.9159159064292908,84.85746765136719,-0.00025695058866403997,0.017562922090291977,-75.1666488647461
916,0.9169169068336487,84.92947387695312,-0.000254942977335304,0.016366425901651382,-70.56722259521484
917,0.9179179072380066,85.00153350830078,-0.00025505651137791574,0.01640760526061058,-70.76199340820312
918,0.9189189076423645,85.07366180419922,-0.0002521313726902008,0.015206534415483475,-66.13045501708984
919,0.9199199080467224,85.1458511352539,-0.0002509942860342562,0.01494450680911541,-65.28514862060547
920,0.9209209084510803,85.21809387207031,-0.00025355524849146605,0.01670251414179802,-72.46215057373047
921,0.9219219088554382,85.29039764404297,-0.0002519141708035022,0.016616832464933395,-72.3355941772461
922,0.9229229092597961,85.3627700805664,-0.0002491299237590283,0.015875225886702538,-69.56936645507812
923,0.923923909664154,85.43519592285156,-0.0002483537537045777,0.016341736540198326,-71.59330749511719
924,0.924924910068512,85.50769805908203,-0.00024550658417865634,0.015235145576298237,-67.27717590332031
925,0.9259259104728699,85.58024597167969,-0.0002460107207298279,0.015838582068681717,-69.85475158691406
926,0.9269269108772278,85.6528549194336,-0.0002450374304316938,0.015203451737761497,-67.3060302734375
927,0.9279279112815857,85.72554779052734,-0.0002452029730193317,0.014875815249979496,-65.96610260009766
928,0.9289289116859436,85.79827880859375,-0.0002469793544150889,0.015322820283472538,-67.78431701660156
929,0.9299299120903015,85.87108612060547,-0.00024388020392507315,0.013943666592240334,-62.1057014465332
930,0.9309309124946594,85.9439468383789,-0.0002435781352687627,0.01391253899782896,-62.01446533203125
931,0.9319319128990173,86.01686096191406,-0.00024273934832308441,0.013842414133250713,-61.84033203125
932,0.9329329133033752,86.08985137939453,-0.00024380428658332676,0.01443072222173214,-64.40867614746094
933,0.9339339137077332,86.16289520263672,-0.000241769477725029,0.01405333448201418,-62.925376892089844
934,0.9349349141120911,86.23600769042969,-0.00024074302928056568,0.014010009355843067,-62.7681999206543
935,0.935935914516449,86.3091812133789,-0.00023872172459959984,0.013715206645429134,-61.57442855834961
936,0.9369369149208069,86.38240814208984,-0.00023929806775413454,0.01406869012862444,-63.04326629638672
937,0.9379379153251648,86.45570373535156,-0.00023706052161287516,0.013374884612858295,-60.112613677978516
938,0.9389389157295227,86.52906799316406,-0.00023986467567738146,0.014207828789949417,-63.661399841308594
939,0.9399399161338806,86.60248565673828,-0.00023868947755545378,0.014017792418599129,-63.05940246582031
940,0.9409409165382385,86.67597198486328,-0.0002402803220320493,0.014636524952948093,-65.86579895019531
941,0.9419419169425964,86.74951171875,-0.00024151583784259856,0.015084625221788883,-67.995849609375
942,0.9429429173469543,86.82312774658203,-0.00023903466353658587,0.014604337513446808,-66.17858123779297
943,0.9439439177513123,86.89679718017578,-0.00023355887969955802,0.013773173093795776,-62.804622650146484
944,0.9449449181556702,86.97053527832031,-0.00023117486853152514,0.013744529336690903,-62.77370071411133
945,0.9459459185600281,87.04431915283203,-0.00023104535648599267,0.014087104238569736,-64.37845611572266
946,0.946946918964386,87.11817932128906,-0.00022956464090384543,0.014073383994400501,-64.41707611083984
947,0.9479479193687439,87.19210052490234,-0.0002329803683096543,0.015052617527544498,-68.73274993896484
948,0.9489489793777466,87.2660903930664,-0.00023365812376141548,0.01527581550180912,-69.76646423339844
949,0.9499499797821045,87.34013366699219,-0.00023361787316389382,0.015100426971912384,-69.15961456298828
950,0.9509509801864624,87.41423797607422,-0.00023028813302516937,0.014265385456383228,-65.73981475830078
951,0.9519519805908203,87.48841094970703,-0.00022755778627470136,0.013625634834170341,-63.12688064575195
952,0.9529529809951782,87.56263732910156,-0.0002226106880698353,0.012564443983137608,-58.58489227294922
953,0.9539539813995361,87.6369400024414,-0.00022437822190113366,0.01282750628888607,-59.942779541015625
954,0.954954981803894,87.71129608154297,-0.0002293968282174319,0.013783963397145271,-64.32970428466797
955,0.955955982208252,87.78572845458984,-0.00022718534455634654,0.013425284065306187,-62.90129852294922
956,0.9569569826126099,87.86021423339844,-0.00022994601749815047,0.014165064319968224,-66.22542572021484
957,0.9579579830169678,87.93476104736328,-0.00023148764739744365,0.014754223637282848,-68.78743743896484
958,0.9589589834213257,88.0093765258789,-0.00022814331168774515,0.014020807109773159,-65.56463623046875
959,0.9599599838256836,88.08405303955078,-0.00022412148246075958,0.013095274567604065,-61.46974563598633
960,0.9609609842300415,88.1587905883789,-0.00022400563466362655,0.01311874482780695,-61.66553497314453
961,0.9619619846343994,88.23359680175781,-0.00022618015646003187,0.013726052828133106,-64.53446960449219
962,0.9629629850387573,88.30846405029297,-0.0002265367074869573,0.013702250085771084,-64.65077209472656
963,0.9639639854431152,88.38339233398438,-0.0002281230699736625,0.014064023271203041,-66.43900299072266
964,0.9649649858474731,88.45838165283203,-0.0002306187670910731,0.014934378676116467,-70.37995910644531
965,0.965965986251831,88.53343963623047,-0.000230158053454943,0.014967512339353561,-70.6254653930664
966,0.966966986656189,88.60856628417969,-0.0002285794325871393,0.01453785877674818,-68.74132537841797
967,0.9679679870605469,88.68374633789062,-0.00022878720483276993,0.015093597583472729,-71.11882781982422
968,0.9689689874649048,88.75899505615234,-0.0002285878435941413,0.015677057206630707,-73.64697265625
969,0.9699699878692627,88.83431243896484,-0.00022792186064179987,0.015754135325551033,-73.93389892578125
970,0.9709709882736206,88.90968322753906,-0.00022706581512466073,0.015456611290574074,-72.57952880859375
971,0.9719719886779785,88.98513793945312,-0.00022684830764774233,0.015604360960423946,-73.20350646972656
972,0.9729729890823364,89.06063842773438,-0.0002275393344461918,0.016550390049815178,-77.39582824707031
973,0.9739739894866943,89.13619995117188,-0.0002272594574606046,0.016590818762779236,-77.72787475585938
974,0.9749749898910522,89.21183776855469,-0.00022726577299181372,0.01664144918322563,-78.18212127685547
975,0.9759759902954102,89.28753662109375,-0.00022701226407662034,0.016786867752671242,-79.07438659667969
976,0.9769769906997681,89.36328887939453,-0.0002265823568450287,0.017098763957619667,-80.6056900024414
977,0.977977991104126,89.43911743164062,-0.00022532237926498055,0.016900811344385147,-79.85455322265625
978,0.9789789915084839,89.5150146484375,-0.00022617395734414458,0.018450483679771423,-86.82099914550781
979,0.9799799919128418,89.59095764160156,-0.00022555152827408165,0.018770607188344002,-88.37075805664062
980,0.9809809923171997,89.66697692871094,-0.00022426468785852194,0.018148871138691902,-85.7918701171875
981,0.9819819927215576,89.7430648803711,-0.00022419863671530038,0.019414789974689484,-91.67691040039062
982,0.9829829931259155,89.81920623779297,-0.0002235836291220039,0.018750570714473724,-89.0568618774414
983,0.9839839935302734,89.89541625976562,-0.00022362962772604078,0.019031699746847153,-90.63029479980469
984,0.9849849939346313,89.97168731689453,-0.00022379233269020915,0.018902404233813286,-90.27279663085938
985,0.9859859943389893,90.04803466796875,-0.0002241685288026929,0.019082393497228622,-91.19467163085938
986,0.9869869947433472,90.12445068359375,-0.00022460531909018755,0.019702225923538208,-94.0156021118164
987,0.9879879951477051,90.20091247558594,-0.0002250404650112614,0.019459793344140053,-93.01121520996094
988,0.988988995552063,90.27745819091797,-0.00022540570353157818,0.018842872232198715,-90.34330749511719
989,0.9899899959564209,90.35404968261719,-0.00022491937852464616,0.018180539831519127,-87.55030822753906
990,0.9909909963607788,90.43071746826172,-0.00022379675647243857,0.018155619502067566,-87.68888854980469
991,0.9919919967651367,90.5074462890625,-0.0002219154848717153,0.01776041090488434,-86.1673812866211
992,0.9929929971694946,90.58423614501953,-0.00021978197037242353,0.017480144277215004,-85.16624450683594
993,0.9939939975738525,90.6611099243164,-0.00021731911692768335,0.01745501346886158,-85.31690216064453
994,0.9949949979782104,90.73802947998047,-0.00021492590894922614,0.016442211344838142,-80.80232238769531
995,0.9959959983825684,90.81501770019531,-0.00021380455291364342,0.016209425404667854,-79.82569885253906
996,0.9969969987869263,90.89208221435547,-0.00021337848738767207,0.015804002061486244,-77.90269470214844
997,0.9979979991912842,90.96920013427734,-0.00021441964781843126,0.015220283530652523,-75.0050277709961
998,0.9989989995956421,91.04638671875,-0.0002182165626436472,0.01533046830445528,-75.22868347167969
999,1.0,91.12364959716797,-0.00022525667736772448,0.016064252704381943,-77.99303436279297
