index,timestep,Diffusion_Coeff,Divergence,score,pos
0,0.0,39.05299377441406,-0.006299749948084354,-0.10624228417873383,-21.03554916381836
1,0.0010010009864345193,39.08612823486328,-0.007655417546629906,-0.1063871681690216,-21.6632022857666
2,0.0020020019728690386,39.11929702758789,-0.0071001797914505005,-0.10914494097232819,-21.491798400878906
3,0.0030030030757188797,39.15248489379883,-0.009609902277588844,-0.09982553869485855,-22.668548583984375
4,0.004004003945738077,39.185707092285156,-0.00871356762945652,-0.10402945429086685,-22.200490951538086
5,0.005005004815757275,39.218955993652344,-0.01091831550002098,-0.09219641238451004,-23.366893768310547
6,0.006006006151437759,39.25223159790039,-0.009284217841923237,-0.10131151229143143,-22.4088134765625
7,0.007007007021456957,39.28553771972656,-0.010793128982186317,-0.09233109652996063,-23.233190536499023
8,0.008008007891476154,39.31887435913086,-0.011320428922772408,-0.08777126669883728,-23.6043701171875
9,0.009009009227156639,39.352237701416016,-0.011552461422979832,-0.08475858718156815,-23.860647201538086
10,0.01001000963151455,39.38562774658203,-0.010926609858870506,-0.08815909177064896,-23.53276252746582
11,0.011011010967195034,39.41904830932617,-0.00941370613873005,-0.09603409469127655,-22.665668487548828
12,0.012012012302875519,39.452491760253906,-0.005112121347337961,-0.10872960835695267,-20.72064781188965
13,0.013013012707233429,39.48596954345703,-0.0055465297773480415,-0.10533516854047775,-20.930002212524414
14,0.014014014042913914,39.51947021484375,-0.0019514819141477346,-0.10625416785478592,-19.85283660888672
15,0.015015014447271824,39.55300521850586,0.005706599913537502,-0.10006672888994217,-18.37718391418457
16,0.01601601578295231,39.58656692504883,-0.0003175174933858216,-0.09808295965194702,-19.438711166381836
17,0.01701701618731022,39.620155334472656,-0.00410082284361124,-0.09038611501455307,-20.70787239074707
18,0.018018018454313278,39.653770446777344,-0.0033800718374550343,-0.08809207379817963,-20.49015998840332
19,0.01901901885867119,39.68742370605469,-0.007178764324635267,-0.07056868821382523,-23.23360824584961
20,0.0200200192630291,39.721092224121094,-0.008173435926437378,-0.05944497138261795,-24.486133575439453
21,0.021021021530032158,39.754798889160156,-0.009284887462854385,-0.044977057725191116,-26.00933837890625
22,0.022022021934390068,39.78852844238281,-0.009470749646425247,-0.03885473683476448,-26.561567306518555
23,0.023023022338747978,39.82229232788086,-0.009552856907248497,-0.03315130993723869,-27.064908981323242
24,0.024024024605751038,39.8560791015625,-0.010320753790438175,-0.009498792700469494,-29.374860763549805
25,0.025025025010108948,39.889896392822266,-0.010306661948561668,0.00765775702893734,-31.00503921508789
26,0.026026025414466858,39.92374801635742,-0.010096235200762749,0.017871996387839317,-32.0159797668457
27,0.027027025818824768,39.95762252807617,-0.009663403034210205,0.004971488378942013,-30.726566314697266
28,0.028028028085827827,39.99152755737305,-0.009287286549806595,0.0023609637282788754,-30.438718795776367
29,0.029029028490185738,40.02545928955078,-0.008961981162428856,0.002483336953446269,-30.409137725830078
30,0.030030028894543648,40.05942153930664,-0.008489725179970264,-0.002368738641962409,-29.788562774658203
31,0.031031031161546707,40.093414306640625,-0.007153571117669344,-0.018400410190224648,-27.650590896606445
32,0.03203203156590462,40.1274299621582,-0.006417498923838139,-0.024527646601200104,-26.759410858154297
33,0.03303303197026253,40.16147994995117,-0.005743000656366348,-0.030782518908381462,-25.861494064331055
34,0.03403403237462044,40.195556640625,-0.00530614797025919,-0.03503398969769478,-25.257978439331055
35,0.03503503277897835,40.22966384887695,-0.0046446360647678375,-0.040247440338134766,-24.358503341674805
36,0.036036036908626556,40.263797760009766,-0.004887823015451431,-0.038175225257873535,-24.835315704345703
37,0.03703703731298447,40.29795837402344,-0.00464620441198349,-0.03885320574045181,-24.65914535522461
38,0.03803803771734238,40.3321533203125,-0.00544325727969408,-0.03161489591002464,-25.97247886657715
39,0.03903903812170029,40.36637878417969,-0.005344067234545946,-0.029786398634314537,-26.096620559692383
40,0.0400400385260582,40.40062713623047,-0.00554205197840929,-0.02496436797082424,-26.698562622070312
41,0.04104103893041611,40.434906005859375,-0.005071057938039303,-0.02473628707230091,-26.375219345092773
42,0.042042043060064316,40.469215393066406,-0.004128692671656609,-0.02727809175848961,-25.349205017089844
43,0.043043043464422226,40.50355529785156,-0.00363343209028244,-0.027435775846242905,-24.871164321899414
44,0.044044043868780136,40.53792190551758,-0.0020857430063188076,-0.03273213654756546,-22.606155395507812
45,0.045045044273138046,40.572322845458984,-0.0006181938224472106,-0.034691933542490005,-20.822221755981445
46,0.046046044677495956,40.606746673583984,-0.00031059907632879913,-0.034324876964092255,-20.55005645751953
47,0.04704704508185387,40.641197204589844,-0.0003253017785027623,-0.033940140157938004,-20.601131439208984
48,0.048048049211502075,40.67568588256836,-0.001787639339454472,-0.031484730541706085,-22.411943435668945
49,0.049049049615859985,40.71019744873047,-0.0025262064300477505,-0.0279594287276268,-23.71347999572754
50,0.050050050020217896,40.7447395324707,-0.002227846998721361,-0.027663078159093857,-23.426349639892578
51,0.051051050424575806,40.77931213378906,-0.001361519331112504,-0.02794325351715088,-22.34416389465332
52,0.052052050828933716,40.81391143798828,-0.001298075425438583,-0.026161519810557365,-22.47773551940918
53,0.053053051233291626,40.84854507446289,-0.0002682748599909246,-0.02569384127855301,-21.183368682861328
54,0.054054051637649536,40.88320541381836,0.0008871491299942136,-0.02383868582546711,-19.851112365722656
55,0.055055055767297745,40.91789627075195,0.00123405153863132,-0.021894987672567368,-19.413808822631836
56,0.056056056171655655,40.952613830566406,0.0002113357331836596,-0.02152153290808201,-20.642677307128906
57,0.057057056576013565,40.987361907958984,0.0002924288564827293,-0.020510783419013023,-20.47352409362793
58,0.058058056980371475,41.02214431762695,0.0004182561533525586,-0.019666763022542,-20.20717430114746
59,0.059059057384729385,41.056949615478516,5.2556657465174794e-05,-0.019044574350118637,-20.638553619384766
60,0.060060057789087296,41.0917854309082,0.0007263387087732553,-0.017808344215154648,-19.28887367248535
61,0.061061061918735504,41.12665557861328,0.0018178815953433514,-0.015029012225568295,-17.348194122314453
62,0.062062062323093414,41.16154479980469,0.001057918881997466,-0.016041813418269157,-18.078248977661133
63,0.06306306272745132,41.19647216796875,0.0018393192440271378,-0.014000202529132366,-16.638050079345703
64,0.06406406313180923,41.23143005371094,0.0012510059168562293,-0.014877759851515293,-17.253887176513672
65,0.06506506353616714,41.266414642333984,0.0006337768281809986,-0.015197479166090488,-18.153676986694336
66,0.06606606394052505,41.301429748535156,0.0003422966110520065,-0.014764855615794659,-18.68119239807129
67,0.06706706434488297,41.33647537231445,-0.00020194987882860005,-0.013952157460153103,-20.015872955322266
68,0.06806806474924088,41.37154769897461,-9.408980986336246e-05,-0.012822254560887814,-19.75303840637207
69,0.06906906515359879,41.406654357910156,-0.0005087692406959832,-0.011539280414581299,-21.003719329833984
70,0.0700700655579567,41.44178771972656,-0.0007725965115241706,-0.010177732445299625,-21.889097213745117
71,0.0710710734128952,41.476951599121094,-0.0004299652064219117,-0.010116688907146454,-20.87975311279297
72,0.07207207381725311,41.512142181396484,-0.0006875033723190427,-0.009139005094766617,-21.732555389404297
73,0.07307307422161102,41.547367095947266,-0.0007501308573409915,-0.008599789813160896,-22.004247665405273
74,0.07407407462596893,41.582618713378906,-0.0006676518823951483,-0.008530381135642529,-21.802345275878906
75,0.07507507503032684,41.61790466308594,-0.0006411352660506964,-0.008480212651193142,-21.770570755004883
76,0.07607607543468475,41.65321731567383,-0.0008534709922969341,-0.00797777809202671,-22.528196334838867
77,0.07707707583904266,41.688560485839844,-0.0008908695308491588,-0.007857208140194416,-22.683101654052734
78,0.07807807624340057,41.72393035888672,-0.000686547951772809,-0.008369437418878078,-21.99267578125
79,0.07907907664775848,41.75933074951172,-0.0008731703273952007,-0.007702195085585117,-22.625783920288086
80,0.0800800770521164,41.794769287109375,-0.0004630002658814192,-0.008608534000813961,-21.122909545898438
81,0.0810810774564743,41.830230712890625,-0.00030593486735597253,-0.008698882535099983,-20.513498306274414
82,0.08208207786083221,41.865726470947266,-0.0006272753817029297,-0.008043443784117699,-21.639747619628906
83,0.08308307826519012,41.9012451171875,-0.0007826276705600321,-0.00750611862167716,-22.195049285888672
84,0.08408408612012863,41.93680191040039,-0.0008499407558701932,-0.0071636284701526165,-22.407499313354492
85,0.08508508652448654,41.97238540649414,-0.0005673987325280905,-0.00780583918094635,-21.283946990966797
86,0.08608608692884445,42.00799560546875,-0.0010725882602855563,-0.0059760091826319695,-23.235328674316406
87,0.08708708733320236,42.043643951416016,-0.0010101220104843378,-0.005757851991802454,-23.042329788208008
88,0.08808808773756027,42.079315185546875,-0.0011617974378168583,-0.004494803491979837,-23.6605224609375
89,0.08908908814191818,42.115020751953125,-0.001288132625631988,-0.0031467389781028032,-24.171682357788086
90,0.09009008854627609,42.1507568359375,-0.0012583748903125525,-0.0025779337156563997,-24.06709861755371
91,0.091091088950634,42.186519622802734,-0.0012326606083661318,-0.0021569824311882257,-23.93787384033203
92,0.09209208935499191,42.22231674194336,-0.0006221046787686646,-0.004684153478592634,-20.544710159301758
93,0.09309308975934982,42.258140563964844,-0.0006237541092559695,-0.004389612004160881,-20.336576461791992
94,0.09409409016370773,42.29399490356445,-0.0008327134419232607,-0.003179301507771015,-21.51360511779785
95,0.09509509056806564,42.32988739013672,-0.00045683307689614594,-0.004575524479150772,-18.986419677734375
96,0.09609609842300415,42.36580276489258,-0.0004990850575268269,-0.0043360888957977295,-19.214920043945312
97,0.09709709882736206,42.40175247192383,-0.0006133738206699491,-0.003841435071080923,-19.957685470581055
98,0.09809809923171997,42.4377326965332,-0.000321562954923138,-0.004576277919113636,-18.250219345092773
99,0.09909909963607788,42.473731994628906,-9.738172229845077e-05,-0.004691214766353369,-17.06494140625
100,0.10010010004043579,42.5097770690918,-0.00011257069127168506,-0.00456236582249403,-17.119308471679688
101,0.1011011004447937,42.545841217041016,-0.00019043410429731011,-0.004425293765962124,-17.544261932373047
102,0.10210210084915161,42.58195114135742,-1.193018033518456e-05,-0.004466366954147816,-16.523517608642578
103,0.10310310125350952,42.618080139160156,-0.00040263953269459307,-0.003950316458940506,-18.744796752929688
104,0.10410410165786743,42.65423583984375,-0.00013120246876496822,-0.004351500421762466,-17.08347511291504
105,0.10510510206222534,42.6904296875,-0.00019513278675731272,-0.0042656660079956055,-17.432437896728516
106,0.10610610246658325,42.726654052734375,-4.203776188660413e-05,-0.00432845763862133,-16.431489944458008
107,0.10710710287094116,42.762908935546875,-5.603869794867933e-05,-0.004236958920955658,-16.353321075439453
108,0.10810810327529907,42.799190521240234,-6.654907338088378e-05,-0.004148677922785282,-16.207468032836914
109,0.10910911113023758,42.83551025390625,-0.00035804163780994713,-0.0036430659238249063,-18.183082580566406
110,0.11011011153459549,42.871856689453125,-0.0005411759484559298,-0.003016259055584669,-19.32436752319336
111,0.1111111119389534,42.90822982788086,-0.0004376162542030215,-0.00333859003148973,-18.447175979614258
112,0.11211211234331131,42.94463348388672,-0.0008508312748745084,-0.0013158854562789202,-21.29592514038086
113,0.11311311274766922,42.9810791015625,-0.0010671752970665693,0.00036711161374114454,-22.772729873657227
114,0.11411411315202713,43.017547607421875,-0.0009364818688482046,-0.0005064995493739843,-21.61946678161621
115,0.11511511355638504,43.054054260253906,-0.0006702233222313225,-0.0021351808682084084,-19.228315353393555
116,0.11611611396074295,43.090579986572266,-0.0008391892770305276,-0.0009518180158920586,-20.523738861083984
117,0.11711711436510086,43.127140045166016,-0.0009917421266436577,0.0003943038173019886,-21.80702018737793
118,0.11811811476945877,43.16373825073242,-0.0012018149718642235,0.0024400081019848585,-23.593538284301758
119,0.11911911517381668,43.20035934448242,-0.0015340889804065228,0.0059156352654099464,-26.151838302612305
120,0.12012011557817459,43.23701477050781,-0.0013722314033657312,0.004206017125397921,-25.014677047729492
121,0.1211211159825325,43.27370834350586,-0.0015786043368279934,0.0066517554223537445,-26.657703399658203
122,0.12212212383747101,43.3104248046875,-0.0014627673663198948,0.005673296749591827,-25.98378562927246
123,0.12312312424182892,43.34716796875,-0.0017762929201126099,0.009541822597384453,-28.351896286010742
124,0.12412412464618683,43.38395309448242,-0.001580625306814909,0.007611848879605532,-27.161273956298828
125,0.12512512505054474,43.42076110839844,-0.001665840158239007,0.009001435711979866,-27.92446517944336
126,0.12612612545490265,43.45760726928711,-0.0016484151128679514,0.009145751595497131,-27.90858268737793
127,0.12712712585926056,43.494476318359375,-0.0018451407086104155,0.011928850784897804,-29.45355224609375
128,0.12812812626361847,43.5313835144043,-0.001914807828143239,0.013114605098962784,-30.062976837158203
129,0.12912912666797638,43.56832504272461,-0.0018956051208078861,0.013001086190342903,-29.99869728088379
130,0.1301301270723343,43.605289459228516,-0.0018595054280012846,0.012545928359031677,-29.757444381713867
131,0.1311311274766922,43.64228820800781,-0.0019477619789540768,0.013888689689338207,-30.4495906829834
132,0.1321321278810501,43.679317474365234,-0.002041283994913101,0.01547812670469284,-31.22374725341797
133,0.13313312828540802,43.71638107299805,-0.002007309813052416,0.015224947594106197,-31.051002502441406
134,0.13413412868976593,43.753475189208984,-0.001889627194032073,0.01367013156414032,-30.201784133911133
135,0.13513512909412384,43.79059600830078,-0.001993364654481411,0.015977956354618073,-31.292442321777344
136,0.13613612949848175,43.827762603759766,-0.001844992977567017,0.01417858898639679,-30.260560989379883
137,0.13713712990283966,43.86494445800781,-0.0019836972933262587,0.016996586695313454,-31.659561157226562
138,0.13813813030719757,43.902164459228516,-0.0016905522206798196,0.012226744554936886,-29.031421661376953
139,0.13913913071155548,43.93941879272461,-0.0017583976732566953,0.013343444094061852,-29.6268310546875
140,0.1401401311159134,43.9766960144043,-0.0014909065794199705,0.009219038300216198,-27.020477294921875
141,0.1411411464214325,44.014015197753906,-0.001623297343030572,0.011204374022781849,-28.202260971069336
142,0.1421421468257904,44.051361083984375,-0.0017818044871091843,0.013861718587577343,-29.631486892700195
143,0.14314314723014832,44.08873748779297,-0.001769884373061359,0.014064942486584187,-29.600963592529297
144,0.14414414763450623,44.12614822387695,-0.0018015153473243117,0.014976594597101212,-30.006893157958984
145,0.14514514803886414,44.1635856628418,-0.001945656375028193,0.018204249441623688,-31.66898536682129
146,0.14614614844322205,44.20106506347656,-0.002001878572627902,0.020147016271948814,-32.64617156982422
147,0.14714714884757996,44.238563537597656,-0.0019871718250215054,0.02047959715127945,-32.85977554321289
148,0.14814814925193787,44.27610778808594,-0.0016252375207841396,0.013294870965182781,-28.946613311767578
149,0.14914914965629578,44.31366729736328,-0.0015502667520195246,0.011925174854695797,-28.189777374267578
150,0.1501501500606537,44.35126876831055,-0.0014197087148204446,0.009579000063240528,-26.72029685974121
151,0.1511511504650116,44.38890075683594,-0.0014223398175090551,0.009554296731948853,-26.810211181640625
152,0.1521521508693695,44.426570892333984,-0.0013757558772340417,0.008684903383255005,-26.275915145874023
153,0.15315315127372742,44.464263916015625,-0.0014449700247496367,0.009849969297647476,-27.157833099365234
154,0.15415415167808533,44.50199508666992,-0.0013663542922586203,0.008499732241034508,-26.206266403198242
155,0.15515515208244324,44.53975296020508,-0.0013722958974540234,0.008803194388747215,-26.33858871459961
156,0.15615615248680115,44.57754898071289,-0.0015083387261256576,0.011639103293418884,-28.153881072998047
157,0.15715715289115906,44.6153678894043,-0.0014360146597027779,0.010690134949982166,-27.32505226135254
158,0.15815815329551697,44.653228759765625,-0.0013192410115152597,0.008796187117695808,-25.761085510253906
159,0.15915915369987488,44.69111251831055,-0.0014074748614802957,0.010772266425192356,-27.071020126342773
160,0.1601601541042328,44.72903823852539,-0.0012597044697031379,0.008035961538553238,-24.901941299438477
161,0.1611611545085907,44.76698684692383,-0.0013471671845763922,0.009840821847319603,-26.256431579589844
162,0.1621621549129486,44.804969787597656,-0.001447358401492238,0.011834006756544113,-27.700929641723633
163,0.16316315531730652,44.842987060546875,-0.0013775748666375875,0.01028434094041586,-26.665189743041992
164,0.16416415572166443,44.88103485107422,-0.0012751019094139338,0.008264445699751377,-25.15683937072754
165,0.16516515612602234,44.91912078857422,-0.0013927577529102564,0.01076488010585308,-26.96796417236328
166,0.16616615653038025,44.95723342895508,-0.0013026332017034292,0.009210146963596344,-25.703998565673828
167,0.16716717183589935,44.99538040161133,-0.0012127102818340063,0.007572193164378405,-24.29568862915039
168,0.16816817224025726,45.03356170654297,-0.0011403667740523815,0.006109971087425947,-22.981115341186523
169,0.16916917264461517,45.071773529052734,-0.0010945346439257264,0.005011773202568293,-22.008148193359375
170,0.17017017304897308,45.110015869140625,-0.001158872153609991,0.006338353268802166,-23.25096321105957
171,0.171171173453331,45.14828872680664,-0.0011943250428885221,0.006898586172610521,-23.810022354125977
172,0.1721721738576889,45.18659973144531,-0.00121846585534513,0.0071279797703027725,-24.103181838989258
173,0.17317317426204681,45.22494125366211,-0.0011929748579859734,0.006283618975430727,-23.474346160888672
174,0.17417417466640472,45.2633171081543,-0.001368099357932806,0.010117447935044765,-26.485904693603516
175,0.17517517507076263,45.30172348022461,-0.0013012390118092299,0.00869208388030529,-25.368642807006836
176,0.17617617547512054,45.34016036987305,-0.0013844420900568366,0.011079268530011177,-27.044475555419922
177,0.17717717587947845,45.37863540649414,-0.0014874314656481147,0.014247956685721874,-29.151369094848633
178,0.17817817628383636,45.41713333129883,-0.0015372615307569504,0.01605871692299843,-30.31510353088379
179,0.17917917668819427,45.45567321777344,-0.0015659856144338846,0.017054663971066475,-30.98250961303711
180,0.18018017709255219,45.49424362182617,-0.0015152348205447197,0.01569793000817299,-30.14645004272461
181,0.1811811774969101,45.53284454345703,-0.001471265102736652,0.014597817324101925,-29.465036392211914
182,0.182182177901268,45.571475982666016,-0.0014899359084665775,0.015314682386815548,-30.044830322265625
183,0.18318317830562592,45.610145568847656,-0.0014440470840781927,0.014647607691586018,-29.703622817993164
184,0.18418417870998383,45.64884567260742,-0.0015043297316879034,0.017053091898560524,-31.398237228393555
185,0.18518517911434174,45.68758010864258,-0.0016234501963481307,0.02145434357225895,-34.24917221069336
186,0.18618617951869965,45.726348876953125,-0.0015282740350812674,0.01914048008620739,-32.74520492553711
187,0.18718717992305756,45.76514434814453,-0.0013510916614905,0.014537827111780643,-29.419036865234375
188,0.18818818032741547,45.803977966308594,-0.0013570969458669424,0.015073820948600769,-29.625402450561523
189,0.18918918073177338,45.84284210205078,-0.0014016074128448963,0.016619142144918442,-30.560317993164062
190,0.1901901811361313,45.881744384765625,-0.0013503917725756764,0.015378795564174652,-29.49062728881836
191,0.1911911815404892,45.92066955566406,-0.0012869718484580517,0.013484981842339039,-27.967498779296875
192,0.1921921968460083,45.95963668823242,-0.0014437339268624783,0.01798876002430916,-31.276256561279297
193,0.1931931972503662,45.99863052368164,-0.0014276555739343166,0.017261462286114693,-30.845022201538086
194,0.19419419765472412,46.037662506103516,-0.0015186566160991788,0.02002950944006443,-32.821685791015625
195,0.19519519805908203,46.07672882080078,-0.0014883638359606266,0.018786419183015823,-32.12162780761719
196,0.19619619846343994,46.115821838378906,-0.0014457721263170242,0.017197368666529655,-31.15061378479004
197,0.19719719886779785,46.15495300292969,-0.0014890364836901426,0.018492378294467926,-32.11254119873047
198,0.19819819927215576,46.194114685058594,-0.0014936114894226193,0.018591701984405518,-32.217254638671875
199,0.19919919967651367,46.23331069946289,-0.00149478018283844,0.018924331292510033,-32.48133087158203
200,0.20020020008087158,46.27254104614258,-0.0015307896537706256,0.02052256464958191,-33.62800216674805
201,0.2012012004852295,46.31180191040039,-0.0013786267954856157,0.015929309651255608,-30.539270401000977
202,0.2022022008895874,46.35110092163086,-0.0014575552195310593,0.019128821790218353,-32.84803009033203
203,0.2032032012939453,46.39043045043945,-0.0014214128023013473,0.01866857521235943,-32.65628433227539
204,0.20420420169830322,46.42979049682617,-0.001315694535151124,0.015890084207057953,-30.738269805908203
205,0.20520520210266113,46.46918487548828,-0.0013290848582983017,0.016610724851489067,-31.37161636352539
206,0.20620620250701904,46.50861740112305,-0.0012420153943821788,0.013684242963790894,-29.170063018798828
207,0.20720720291137695,46.54807662963867,-0.0013469894183799624,0.016975613310933113,-31.767812728881836
208,0.20820820331573486,46.58757400512695,-0.001361208618618548,0.01741957850754261,-32.08010482788086
209,0.20920920372009277,46.62710189819336,-0.001352265477180481,0.01741100661456585,-31.963544845581055
210,0.21021020412445068,46.666664123535156,-0.0014008288271725178,0.01952328532934189,-33.34910583496094
211,0.2112112045288086,46.706260681152344,-0.001407028641551733,0.020267073065042496,-33.70915603637695
212,0.2122122049331665,46.74589157104492,-0.0013844480272382498,0.020073145627975464,-33.3862419128418
213,0.21321320533752441,46.78555679321289,-0.0013275020755827427,0.01866297423839569,-32.17266082763672
214,0.21421420574188232,46.825252532958984,-0.0013408283703029156,0.01964869722723961,-32.79148483276367
215,0.21521520614624023,46.864990234375,-0.0012487240601330996,0.016855726018548012,-30.647817611694336
216,0.21621620655059814,46.90475082397461,-0.0012053919490426779,0.015503420494496822,-29.617963790893555
217,0.21721720695495605,46.94455337524414,-0.0012738574296236038,0.01796163246035576,-31.726219177246094
218,0.21821822226047516,46.98438262939453,-0.001237730961292982,0.016464838758111,-30.659942626953125
219,0.21921922266483307,47.024253845214844,-0.0011805272661149502,0.013979469425976276,-28.747976303100586
220,0.22022022306919098,47.064151763916016,-0.0012281457893550396,0.015913093462586403,-30.43073272705078
221,0.2212212234735489,47.104087829589844,-0.0012665463145822287,0.017574777826666832,-31.75555419921875
222,0.2222222238779068,47.14405059814453,-0.0013110213913023472,0.019606338813900948,-33.28641128540039
223,0.2232232242822647,47.18405532836914,-0.001334969885647297,0.020833566784858704,-34.178672790527344
224,0.22422422468662262,47.22409439086914,-0.0013528247363865376,0.021743936464190483,-34.839111328125
225,0.22522522509098053,47.264163970947266,-0.0013150032609701157,0.020126784220337868,-33.63407897949219
226,0.22622622549533844,47.304264068603516,-0.0013781122397631407,0.023129427805542946,-35.89750671386719
227,0.22722722589969635,47.34440231323242,-0.0012867716141045094,0.019071921706199646,-32.90110778808594
228,0.22822822630405426,47.384578704833984,-0.0012667294358834624,0.018319644033908844,-32.34189987182617
229,0.22922922670841217,47.424781799316406,-0.0012177778407931328,0.016483811661601067,-30.900869369506836
230,0.23023022711277008,47.465023040771484,-0.0011725981021299958,0.015043113380670547,-29.730724334716797
231,0.231231227517128,47.50529479980469,-0.0011143501615151763,0.013195295818150043,-28.10304832458496
232,0.2322322279214859,47.54560470581055,-0.001067770179361105,0.011823930777609348,-26.80516815185547
233,0.2332332283258438,47.58594512939453,-0.0011104901786893606,0.014141947031021118,-28.900413513183594
234,0.23423422873020172,47.62632369995117,-0.001035716850310564,0.01132664643228054,-26.22866439819336
235,0.23523522913455963,47.6667366027832,-0.0009687359561212361,0.007935711182653904,-22.736665725708008
236,0.23623622953891754,47.707176208496094,-0.0010038585169240832,0.010367150418460369,-25.104358673095703
237,0.23723722994327545,47.74766540527344,-0.001024666358716786,0.011524814181029797,-26.203197479248047
238,0.23823823034763336,47.788177490234375,-0.0009893462993204594,0.009401852265000343,-24.090694427490234
239,0.23923923075199127,47.8287239074707,-0.000995808863081038,0.00981982797384262,-24.52384376525879
240,0.24024023115634918,47.86930847167969,-0.0009845878230407834,0.00940051581710577,-24.137887954711914
241,0.2412412315607071,47.9099235534668,-0.000971319735981524,0.008957643993198872,-23.722639083862305
242,0.242242231965065,47.95058059692383,-0.0009674655739217997,0.009124592877924442,-23.932485580444336
243,0.2432432323694229,47.99126052856445,-0.0009572379058226943,0.008766346611082554,-23.553985595703125
244,0.24424424767494202,48.031982421875,-0.0009651029831729829,0.00954203587025404,-24.32127571105957
245,0.24524524807929993,48.07273864746094,-0.0010006199590861797,0.011798560619354248,-26.576557159423828
246,0.24624624848365784,48.113529205322266,-0.0009962774347513914,0.01188556756824255,-26.61667251586914
247,0.24724724888801575,48.154354095458984,-0.0010225308360531926,0.013547302223742008,-28.230670928955078
248,0.24824824929237366,48.19520950317383,-0.001044566510245204,0.01476832665503025,-29.423248291015625
249,0.24924924969673157,48.236106872558594,-0.0010300076100975275,0.014120551757514477,-28.860309600830078
250,0.2502502501010895,48.277034759521484,-0.001031495863571763,0.013833302073180676,-28.672447204589844
251,0.2512512505054474,48.317996978759766,-0.0009933589026331902,0.011406732723116875,-26.35328483581543
252,0.2522522509098053,48.35899353027344,-0.0009786549489945173,0.010389553382992744,-25.329450607299805
253,0.2532532513141632,48.40003204345703,-0.0009492806857451797,0.008722968399524689,-23.55283546447754
254,0.2542542517185211,48.44109344482422,-0.0009583303472027183,0.009619740769267082,-24.459819793701172
255,0.25525525212287903,48.48219680786133,-0.0009492491371929646,0.009308247826993465,-24.145282745361328
256,0.25625625252723694,48.52333450317383,-0.000904798333067447,0.006272715982049704,-20.91114044189453
257,0.25725725293159485,48.564510345458984,-0.0008954394143074751,0.005873415153473616,-20.52964973449707
258,0.25825825333595276,48.605712890625,-0.0008834077161736786,0.005406278185546398,-20.01373863220215
259,0.25925925374031067,48.64695739746094,-0.0008855771156959236,0.00619132723659277,-20.840904235839844
260,0.2602602541446686,48.688236236572266,-0.0008567526238039136,0.004155558533966541,-18.41265869140625
261,0.2612612545490265,48.729549407958984,-0.0008285198709927499,0.002343694446608424,-16.201208114624023
262,0.2622622549533844,48.770896911621094,-0.0008415194461122155,0.00298861600458622,-16.972206115722656
263,0.2632632553577423,48.812278747558594,-0.0008559750858694315,0.003991801291704178,-18.157835006713867
264,0.2642642557621002,48.85369110107422,-0.0008565535536035895,0.003977526910603046,-18.138473510742188
265,0.26526525616645813,48.895145416259766,-0.0008738456526771188,0.005647966172546148,-20.02996063232422
266,0.26626625657081604,48.93663787841797,-0.000873213168233633,0.005556523334234953,-19.84548568725586
267,0.26726725697517395,48.97815704345703,-0.0008235666900873184,0.0019325598841533065,-15.447616577148438
268,0.26826825737953186,49.01971435546875,-0.000851987162604928,0.0038117142394185066,-17.561681747436523
269,0.26926925778388977,49.061309814453125,-0.0008412695024162531,0.003298552008345723,-16.82545280456543
270,0.2702702581882477,49.10293960571289,-0.0008067592279985547,0.0016175226774066687,-14.66889762878418
271,0.2712712585926056,49.14460754394531,-0.0007904460653662682,0.001167784328572452,-13.974334716796875
272,0.2722722589969635,49.18630599975586,-0.0008076174417510629,0.002312527736648917,-15.255001068115234
273,0.2732732594013214,49.2280387878418,-0.0007519439677707851,0.00027727725682780147,-12.507762908935547
274,0.2742742598056793,49.26980972290039,-0.0007328031351789832,-9.966178186004981e-05,-11.876594543457031
275,0.27527526021003723,49.31161880493164,-0.0006802759598940611,-0.0012989011593163013,-10.06804084777832
276,0.27627626061439514,49.35345458984375,-0.0006640737410634756,-0.0015753491315990686,-9.56959342956543
277,0.27727726101875305,49.39533233642578,-0.0006754206260666251,-0.0013226668816059828,-9.94515609741211
278,0.27827826142311096,49.4372444152832,-0.000638036523014307,-0.0021522522438317537,-8.727960586547852
279,0.27927926182746887,49.479190826416016,-0.0005350151332095265,-0.003968080040067434,-5.711543560028076
280,0.2802802622318268,49.52117156982422,-0.00048145363689400256,-0.00487989978864789,-4.094720840454102
281,0.2812812626361847,49.56319046020508,-0.00045666564255952835,-0.005304107442498207,-3.3837075233459473
282,0.282282292842865,49.60525131225586,-0.0004624893772415817,-0.005166396964341402,-3.721548080444336
283,0.2832832932472229,49.6473388671875,-0.00048176589189097285,-0.004768447019159794,-4.522263526916504
284,0.2842842936515808,49.6894645690918,-0.0005751708522439003,-0.0030149740632623434,-7.763927459716797
285,0.2852852940559387,49.73162841796875,-0.0006261857342906296,-0.0018002605065703392,-9.677177429199219
286,0.28628629446029663,49.77382278442383,-0.0006539754685945809,-0.0009732901235111058,-10.861499786376953
287,0.28728729486465454,49.81605911254883,-0.0005863981205038726,-0.0023722928017377853,-8.538414001464844
288,0.28828829526901245,49.85832595825195,-0.0006863469607196748,4.208459722576663e-05,-12.29338550567627
289,0.28928929567337036,49.900630950927734,-0.0006931755924597383,0.00021448390907607973,-12.521784782409668
290,0.29029029607772827,49.94297409057617,-0.000676057708915323,-0.0003349085745867342,-11.678242683410645
291,0.2912912964820862,49.985355377197266,-0.0006356267258524895,-0.0013562232488766313,-10.028989791870117
292,0.2922922968864441,50.02776336669922,-0.000695719791110605,0.0001309548388235271,-12.148823738098145
293,0.293293297290802,50.07020950317383,-0.0005962976720184088,-0.0022556674666702747,-8.368303298950195
294,0.2942942976951599,50.11269760131836,-0.0006749550229869783,-0.0004630893236026168,-11.088567733764648
295,0.2952952980995178,50.155216217041016,-0.0007172641344368458,0.001038708840496838,-13.159135818481445
296,0.29629629850387573,50.197776794433594,-0.000732647196855396,0.002086180727928877,-14.548523902893066
297,0.29729729890823364,50.2403678894043,-0.000709294225089252,0.0012201855424791574,-13.297807693481445
298,0.29829829931259155,50.282997131347656,-0.0006909712101332843,0.0005918312235735357,-12.335855484008789
299,0.29929929971694946,50.32566452026367,-0.000711183762177825,0.001515500247478485,-13.579123497009277
300,0.3003003001213074,50.36836242675781,-0.0007438519969582558,0.0036047131288796663,-16.322179794311523
301,0.3013013005256653,50.41109848022461,-0.0007365007186308503,0.0030689402483403683,-15.454134941101074
302,0.3023023009300232,50.45387649536133,-0.0007363191107288003,0.0032149069011211395,-15.526524543762207
303,0.3033033013343811,50.49668502807617,-0.0007534951437264681,0.004454769194126129,-17.11423110961914
304,0.304304301738739,50.53953552246094,-0.0007534423493780196,0.004541950300335884,-17.190256118774414
305,0.3053053021430969,50.58241653442383,-0.0007429817342199385,0.003827665001153946,-16.230812072753906
306,0.30630630254745483,50.625335693359375,-0.0007526814006268978,0.004113338887691498,-16.680723190307617
307,0.30730730295181274,50.66829299926758,-0.0007624364225193858,0.004354128148406744,-17.103769302368164
308,0.30830830335617065,50.71128463745117,-0.0007683745352551341,0.00446228077635169,-17.33237648010254
309,0.30930930376052856,50.754310607910156,-0.0007951234001666307,0.006342820357531309,-19.75737190246582
310,0.3103103041648865,50.79737854003906,-0.0007988809375092387,0.007148388773202896,-20.760114669799805
311,0.3113113045692444,50.840476989746094,-0.0007956924382597208,0.007608565501868725,-21.302568435668945
312,0.3123123049736023,50.88361358642578,-0.0007942169322632253,0.008205849677324295,-22.055753707885742
313,0.3133133053779602,50.92679214477539,-0.0007775354897603393,0.007243991829454899,-20.884626388549805
314,0.3143143057823181,50.97000503540039,-0.0007852308917790651,0.00845574401319027,-22.52229881286621
315,0.315315306186676,51.01325225830078,-0.0008066192385740578,0.01086670532822609,-25.643218994140625
316,0.31631630659103394,51.056541442871094,-0.0008213896653614938,0.012315673753619194,-27.50634765625
317,0.31731730699539185,51.099857330322266,-0.0008337792824022472,0.013239548541605473,-28.65831184387207
318,0.31831830739974976,51.14321517944336,-0.0008348268456757069,0.013115331530570984,-28.509313583374023
319,0.31931930780410767,51.186614990234375,-0.000844953756313771,0.013643263839185238,-29.151159286499023
320,0.3203203082084656,51.23004913330078,-0.0008746342500671744,0.015589037910103798,-31.42897605895996
321,0.3213213086128235,51.27351379394531,-0.0008494548965245485,0.013442527502775192,-28.971384048461914
322,0.3223223090171814,51.317020416259766,-0.000864471890963614,0.014163901098072529,-29.8552188873291
323,0.3233233094215393,51.36056137084961,-0.0008585690520703793,0.013419209979474545,-29.0141544342041
324,0.3243243098258972,51.40414047241211,-0.0008528540492989123,0.013074873015284538,-28.658580780029297
325,0.3253253102302551,51.44776153564453,-0.0008294418221339583,0.01156582124531269,-26.91330337524414
326,0.32632631063461304,51.49141311645508,-0.0008280129404738545,0.011958719231188297,-27.414859771728516
327,0.32732731103897095,51.53510284423828,-0.0008191324304789305,0.011975247412919998,-27.448162078857422
328,0.32832831144332886,51.578834533691406,-0.0008234814740717411,0.013035875745117664,-28.7517032623291
329,0.32932931184768677,51.622596740722656,-0.000798742868937552,0.011823844164609909,-27.24479866027832
330,0.3303303122520447,51.66639709472656,-0.0007956107147037983,0.0123266177251935,-27.859142303466797
331,0.3313313126564026,51.71023941040039,-0.000795388245023787,0.013005433604121208,-28.72831916809082
332,0.3323323130607605,51.754112243652344,-0.0007914310554042459,0.013176209293305874,-28.980449676513672
333,0.3333333432674408,51.79802703857422,-0.0008008554577827454,0.014189924113452435,-30.301416397094727
334,0.3343343436717987,51.84197998046875,-0.0008242609328590333,0.015922972932457924,-32.49422836303711
335,0.3353353440761566,51.88597106933594,-0.0008025156566873193,0.014498920179903507,-30.73809814453125
336,0.3363363444805145,51.92999267578125,-0.0007962500094436109,0.014044156298041344,-30.14360809326172
337,0.33733734488487244,51.974056243896484,-0.0007758488645777106,0.012324334122240543,-27.908893585205078
338,0.33833834528923035,52.018157958984375,-0.0007941133808344603,0.013953589834272861,-29.941621780395508
339,0.33933934569358826,52.06229782104492,-0.0008193988469429314,0.016009662300348282,-32.45972442626953
340,0.34034034609794617,52.106468200683594,-0.0008045689319260418,0.01463810633867979,-30.78628158569336
341,0.3413413465023041,52.15068054199219,-0.000828613992780447,0.016575131565332413,-33.190696716308594
342,0.342342346906662,52.19493103027344,-0.0008159264689311385,0.015286111272871494,-31.659271240234375
343,0.3433433473110199,52.23921585083008,-0.0008059457177296281,0.014270399697124958,-30.455089569091797
344,0.3443443477153778,52.283546447753906,-0.0008156463736668229,0.015039841644465923,-31.45075225830078
345,0.3453453481197357,52.327911376953125,-0.0008135914104059339,0.014849771745502949,-31.276220321655273
346,0.34634634852409363,52.372310638427734,-0.0008231111569330096,0.01568054035305977,-32.377052307128906
347,0.34734734892845154,52.416744232177734,-0.0008132379734888673,0.01490028016269207,-31.472904205322266
348,0.34834834933280945,52.46122360229492,-0.0008232878753915429,0.015802055597305298,-32.59050369262695
349,0.34934934973716736,52.505733489990234,-0.0008108321344479918,0.01494645606726408,-31.51919174194336
350,0.35035035014152527,52.55028533935547,-0.0007922016666270792,0.013596635311841965,-29.79650115966797
351,0.3513513505458832,52.594879150390625,-0.0007833048002794385,0.01314578764140606,-29.196962356567383
352,0.3523523509502411,52.639503479003906,-0.000761644565500319,0.011665008962154388,-27.245529174804688
353,0.353353351354599,52.68416976928711,-0.0007644087891094387,0.012049959972500801,-27.689434051513672
354,0.3543543517589569,52.72887420654297,-0.000776963250245899,0.013300969265401363,-29.269065856933594
355,0.3553553521633148,52.77360916137695,-0.0007782326429150999,0.013358785770833492,-29.298511505126953
356,0.35635635256767273,52.81839370727539,-0.0007766035269014537,0.012751980684697628,-28.505605697631836
357,0.35735735297203064,52.86320495605469,-0.0007973704487085342,0.014225020073354244,-30.41343116760254
358,0.35835835337638855,52.90806198120117,-0.0007917202892713249,0.01299261674284935,-28.92740821838379
359,0.35935935378074646,52.95295333862305,-0.0007674567168578506,0.00995949562638998,-25.144752502441406
360,0.36036035418510437,52.99788284301758,-0.0007628156454302371,0.009434571489691734,-24.576595306396484
361,0.3613613545894623,53.0428581237793,-0.0007553274044767022,0.008997139520943165,-24.10445785522461
362,0.3623623549938202,53.087860107421875,-0.0007579324883408844,0.009698480367660522,-25.094987869262695
363,0.3633633553981781,53.13290786743164,-0.0007764283800497651,0.011662708595395088,-27.707977294921875
364,0.364364355802536,53.1779899597168,-0.00080525828525424,0.0142885847017169,-31.082658767700195
365,0.3653653562068939,53.223114013671875,-0.0007962213712744415,0.014094025827944279,-30.89588165283203
366,0.36636635661125183,53.268272399902344,-0.0007716009276919067,0.01281832531094551,-29.317346572875977
367,0.36736735701560974,53.31346893310547,-0.0007351146196015179,0.010652493685483932,-26.43777847290039
368,0.36836835741996765,53.358707427978516,-0.0007307977648451924,0.010953820310533047,-26.80449104309082
369,0.36936935782432556,53.40398025512695,-0.000752909982111305,0.01320333406329155,-29.781774520874023
370,0.37037035822868347,53.44929885864258,-0.0007627804297953844,0.014437920413911343,-31.351089477539062
371,0.3713713586330414,53.49464797973633,-0.0007608177256770432,0.014513102360069752,-31.348764419555664
372,0.3723723590373993,53.5400390625,-0.0007795902201905847,0.016156019642949104,-33.369544982910156
373,0.3733733594417572,53.58546829223633,-0.0007983456598594785,0.01771051250398159,-35.21320343017578
374,0.3743743598461151,53.63093566894531,-0.0008050334290601313,0.018135007470846176,-35.61329650878906
375,0.375375360250473,53.67644500732422,-0.000797820626758039,0.01763063482940197,-34.89320373535156
376,0.37637636065483093,53.721988677978516,-0.0008021491812542081,0.0185944065451622,-36.143157958984375
377,0.37737736105918884,53.76757049560547,-0.0007757179555483162,0.016718445345759392,-33.8386116027832
378,0.37837836146354675,53.813194274902344,-0.0007547471905127168,0.015313452109694481,-32.07320785522461
379,0.37937936186790466,53.858856201171875,-0.0007244239095598459,0.013436982408165932,-29.630035400390625
380,0.3803803622722626,53.9045524597168,-0.000689498265273869,0.011108936741948128,-26.40753936767578
381,0.3813813626766205,53.950294494628906,-0.0006786695448681712,0.010905768722295761,-26.126848220825195
382,0.3823823630809784,53.996070861816406,-0.0006640155916102231,0.010043077170848846,-24.854148864746094
383,0.3833833634853363,54.04188919067383,-0.0006535451393574476,0.00924406386911869,-23.621353149414062
384,0.3843843936920166,54.08774185180664,-0.0006652629817835987,0.010981880128383636,-26.21236801147461
385,0.3853853940963745,54.133636474609375,-0.0006809645565226674,0.01270908024162054,-28.755380630493164
386,0.3863863945007324,54.1795654296875,-0.0006958168232813478,0.013914844021201134,-30.48346519470215
387,0.38738739490509033,54.22554016113281,-0.0006915447302162647,0.01336962915956974,-29.681493759155273
388,0.38838839530944824,54.271549224853516,-0.0006858339183963835,0.01257363986223936,-28.54582977294922
389,0.38938939571380615,54.317596435546875,-0.000696014438290149,0.01310332678258419,-29.348926544189453
390,0.39039039611816406,54.363685607910156,-0.0006806232267990708,0.010967577807605267,-26.336097717285156
391,0.391391396522522,54.40981674194336,-0.0006595643935725093,0.007536192890256643,-21.354604721069336
392,0.3923923969268799,54.45597839355469,-0.0006633567390963435,0.007689907681196928,-21.74604606628418
393,0.3933933973312378,54.502193450927734,-0.0006637914921157062,0.007746862713247538,-21.946443557739258
394,0.3943943977355957,54.54843521118164,-0.0006628497503697872,0.007669278420507908,-21.92769432067871
395,0.3953953981399536,54.59471893310547,-0.0006516643334180117,0.006804499309509993,-20.687347412109375
396,0.3963963985443115,54.64104080200195,-0.000657094526104629,0.007780095096677542,-22.240053176879883
397,0.39739739894866943,54.68740463256836,-0.0006725996499881148,0.00954990740865469,-24.95100212097168
398,0.39839839935302734,54.73381042480469,-0.0006557123269885778,0.008471925742924213,-23.35808753967285
399,0.39939939975738525,54.780250549316406,-0.0006624087691307068,0.009291036054491997,-24.62226676940918
400,0.40040040016174316,54.82673263549805,-0.0006691997987218201,0.010085501708090305,-25.858840942382812
401,0.4014014005661011,54.87324905395508,-0.0006691851303912699,0.01061251014471054,-26.70625877380371
402,0.402402400970459,54.91980743408203,-0.0006635372992604971,0.010712416842579842,-26.899564743041992
403,0.4034034013748169,54.96641540527344,-0.0006493318360298872,0.010196364484727383,-26.134347915649414
404,0.4044044017791748,55.01305389404297,-0.0006540075410157442,0.010915305465459824,-27.248920440673828
405,0.4054054021835327,55.059730529785156,-0.0006310159806162119,0.008925050497055054,-24.139957427978516
406,0.4064064025878906,55.106449127197266,-0.0006536388536915183,0.010895512998104095,-27.1617488861084
407,0.40740740299224854,55.1532096862793,-0.0006540899630635977,0.010950753465294838,-27.16524314880371
408,0.40840840339660645,55.200008392333984,-0.0006545664509758353,0.010981730185449123,-27.11963653564453
409,0.40940940380096436,55.24684524536133,-0.0006475183763541281,0.010160798206925392,-25.758777618408203
410,0.41041040420532227,55.293724060058594,-0.0006506807403638959,0.010246544145047665,-25.816131591796875
411,0.4114114046096802,55.340641021728516,-0.0006616489263251424,0.011308502405881882,-27.411588668823242
412,0.4124124050140381,55.38759231567383,-0.0006466011982411146,0.010141521692276001,-25.672937393188477
413,0.413413405418396,55.43458938598633,-0.0006475529517047107,0.01054871641099453,-26.380647659301758
414,0.4144144058227539,55.481624603271484,-0.0006314546917565167,0.00931507721543312,-24.53276252746582
415,0.4154154062271118,55.52870178222656,-0.00062847591470927,0.009451000019907951,-24.839750289916992
416,0.4164164066314697,55.5758171081543,-0.0006308532319962978,0.010259485803544521,-26.1788387298584
417,0.41741740703582764,55.62297439575195,-0.0006412137299776077,0.011879168450832367,-28.732044219970703
418,0.41841840744018555,55.67017364501953,-0.0006287930300459266,0.011547712609171867,-28.12821388244629
419,0.41941940784454346,55.71741485595703,-0.000615560682490468,0.010804335586726665,-26.84836196899414
420,0.42042040824890137,55.764686584472656,-0.000610239920206368,0.010437127202749252,-26.188146591186523
421,0.4214214086532593,55.81200408935547,-0.0006062043830752373,0.009917291812598705,-25.30534553527832
422,0.4224224090576172,55.85935592651367,-0.0005965078598819673,0.008498704060912132,-22.917156219482422
423,0.4234234094619751,55.90675735473633,-0.0006052922108210623,0.009338964708149433,-24.29696273803711
424,0.424424409866333,55.954193115234375,-0.0006011908408254385,0.008806346915662289,-23.359830856323242
425,0.4254254102706909,56.00166702270508,-0.0006053842953406274,0.01041916012763977,-25.904075622558594
426,0.42642641067504883,56.04918670654297,-0.0005981900612823665,0.010454518720507622,-25.82461166381836
427,0.42742741107940674,56.096744537353516,-0.0006025094771757722,0.011780809611082077,-27.905439376831055
428,0.42842841148376465,56.14434814453125,-0.0005944910226389766,0.010847106575965881,-26.279216766357422
429,0.42942941188812256,56.191978454589844,-0.0005845737759955227,0.008945557288825512,-23.036928176879883
430,0.43043041229248047,56.239662170410156,-0.0005915575893595815,0.009746741503477097,-24.433446884155273
431,0.4314314126968384,56.287384033203125,-0.0006077253492549062,0.011447399854660034,-27.346485137939453
432,0.4324324131011963,56.335140228271484,-0.0006114324787631631,0.011744003742933273,-27.95172882080078
433,0.4334334135055542,56.3829460144043,-0.0006169365369714797,0.012282734736800194,-28.958086013793945
434,0.4344344139099121,56.430782318115234,-0.0006273568724282086,0.013119613751769066,-30.44320297241211
435,0.43543541431427,56.478668212890625,-0.0006117536686360836,0.01156694907695055,-28.08918571472168
436,0.4364364445209503,56.526588439941406,-0.0006086127832531929,0.011047348380088806,-27.389251708984375
437,0.4374374449253082,56.574554443359375,-0.0006112440023571253,0.011060742661356926,-27.547069549560547
438,0.43843844532966614,56.62255859375,-0.0006018721614964306,0.010068543255329132,-26.019380569458008
439,0.43943944573402405,56.67060089111328,-0.0005954444641247392,0.009367702528834343,-24.964405059814453
440,0.44044044613838196,56.718685150146484,-0.0005782893858850002,0.0078693563118577,-22.494007110595703
441,0.44144144654273987,56.76681137084961,-0.0005613947287201881,0.006387816742062569,-19.944808959960938
442,0.4424424469470978,56.814979553222656,-0.0005771790165454149,0.00797028187662363,-22.74816131591797
443,0.4434434473514557,56.86318588256836,-0.0005825046100653708,0.00856124609708786,-23.812129974365234
444,0.4444444477558136,56.911434173583984,-0.0005579926073551178,0.006678308360278606,-20.564668655395508
445,0.4454454481601715,56.95972442626953,-0.0005429779994301498,0.005641843657940626,-18.72719383239746
446,0.4464464485645294,57.008056640625,-0.0005344756646081805,0.005186835769563913,-17.880374908447266
447,0.44744744896888733,57.056427001953125,-0.0005229206290096045,0.004540254827588797,-16.59313201904297
448,0.44844844937324524,57.10483932495117,-0.0005155389080755413,0.004238612484186888,-15.86377239227295
449,0.44944944977760315,57.153297424316406,-0.0004934758180752397,0.0029580825939774513,-13.156792640686035
450,0.45045045018196106,57.20178985595703,-0.00048662195331417024,0.002681962214410305,-12.397537231445312
451,0.45145145058631897,57.25032424926758,-0.000495797605253756,0.0032146580051630735,-13.332508087158203
452,0.4524524509906769,57.29890060424805,-0.0004873196012340486,0.002757547190412879,-12.243454933166504
453,0.4534534513950348,57.3475227355957,-0.0005051424959674478,0.003936780616641045,-14.49551010131836
454,0.4544544517993927,57.396183013916016,-0.0004925901885144413,0.003120441921055317,-12.777067184448242
455,0.4554554522037506,57.444881439208984,-0.0004964751424267888,0.0034998315386474133,-13.455832481384277
456,0.4564564526081085,57.49362564086914,-0.0004981319070793688,0.003970322664827108,-14.225909233093262
457,0.45745745301246643,57.54240417480469,-0.0004978366196155548,0.004357875790446997,-14.809083938598633
458,0.45845845341682434,57.59122848510742,-0.0005022754776291549,0.005420866888016462,-16.81494140625
459,0.45945945382118225,57.640098571777344,-0.0004974466282874346,0.004593288525938988,-15.121574401855469
460,0.46046045422554016,57.68900680541992,-0.000503409537486732,0.005553633440285921,-17.104854583740234
461,0.46146145462989807,57.73795700073242,-0.0005027417209930718,0.005528838373720646,-17.169424057006836
462,0.462462455034256,57.786949157714844,-0.0005007788422517478,0.005301297176629305,-16.856016159057617
463,0.4634634554386139,57.83598327636719,-0.0005140749854035676,0.007007894571870565,-20.321317672729492
464,0.4644644558429718,57.88505554199219,-0.0005101008573547006,0.006411183159798384,-19.30716896057129
465,0.4654654562473297,57.934165954589844,-0.0005173357203602791,0.006957836449146271,-20.50092124938965
466,0.4664664566516876,57.98332977294922,-0.0005265609943307936,0.007829250767827034,-22.214038848876953
467,0.46746745705604553,58.03252410888672,-0.0005418348591774702,0.009356431663036346,-25.043672561645508
468,0.46846845746040344,58.08176803588867,-0.0005368420388549566,0.008645359426736832,-23.656347274780273
469,0.46946945786476135,58.131046295166016,-0.0005496368394233286,0.009734324179589748,-25.60480499267578
470,0.47047045826911926,58.18037414550781,-0.0005519958795048296,0.009357842616736889,-24.902650833129883
471,0.4714714586734772,58.229740142822266,-0.0005591336521320045,0.009409782476723194,-25.022544860839844
472,0.4724724590778351,58.27914810180664,-0.0005485029541887343,0.0072051542811095715,-21.11328125
473,0.473473459482193,58.32859802246094,-0.0005574643146246672,0.007970090955495834,-22.58723258972168
474,0.4744744598865509,58.37809371948242,-0.0005613328539766371,0.008596498519182205,-23.78643798828125
475,0.4754754602909088,58.42762756347656,-0.0005484749563038349,0.0074783931486308575,-21.847545623779297
476,0.4764764606952667,58.47719955444336,-0.000535558327101171,0.006369228009134531,-19.87232208251953
477,0.47747746109962463,58.52682113647461,-0.0005438175867311656,0.0075263469479978085,-22.134963989257812
478,0.47847846150398254,58.57647705078125,-0.000560545246116817,0.009565232321619987,-25.972383499145508
479,0.47947946190834045,58.626182556152344,-0.0005487429443746805,0.00854059960693121,-24.257898330688477
480,0.48048046231269836,58.675926208496094,-0.0005470480537042022,0.008902457542717457,-24.908161163330078
481,0.4814814627170563,58.725711822509766,-0.0005372226587496698,0.008413595147430897,-23.91587257385254
482,0.4824824631214142,58.775543212890625,-0.0005314173176884651,0.008371710777282715,-23.693721771240234
483,0.4834834635257721,58.82541275024414,-0.0005190151277929544,0.007421893533319235,-21.745330810546875
484,0.48448446393013,58.875328063964844,-0.0005062720156274736,0.006230149883776903,-19.293642044067383
485,0.4854854643344879,58.92528533935547,-0.0005185808404348791,0.00804807897657156,-22.725095748901367
486,0.4864864647388458,58.97528076171875,-0.0005249360110610723,0.00932892132550478,-25.08877944946289
487,0.4874874949455261,59.025325775146484,-0.0005038636736571789,0.007479371968656778,-21.380905151367188
488,0.48848849534988403,59.07540512084961,-0.0004867230309173465,0.005529566202312708,-17.359573364257812
489,0.48948949575424194,59.12553024291992,-0.0004886079113930464,0.006234644912183285,-18.771154403686523
490,0.49049049615859985,59.17570114135742,-0.0004918004269711673,0.007065393961966038,-20.506498336791992
491,0.49149149656295776,59.22591781616211,-0.0004927480476908386,0.007343756966292858,-21.164875030517578
492,0.4924924969673157,59.27616500854492,-0.000486522214487195,0.0064409589394927025,-19.470136642456055
493,0.4934934973716736,59.32646560668945,-0.0004999637603759766,0.008016662672162056,-22.844179153442383
494,0.4944944977760315,59.376800537109375,-0.0005024539423175156,0.008062897250056267,-23.112258911132812
495,0.4954954981803894,59.427181243896484,-0.0005067562451586127,0.0082883071154356,-23.66716766357422
496,0.4964964985847473,59.47761154174805,-0.0005181300803087652,0.009375834837555885,-25.825210571289062
497,0.4974974989891052,59.528072357177734,-0.0005060855764895678,0.007986992597579956,-23.09040641784668
498,0.49849849939346313,59.57858657836914,-0.0005084984004497528,0.008387736976146698,-23.84842872619629
499,0.49949949979782104,59.62913513183594,-0.0005304622463881969,0.011212880723178387,-29.23764419555664
500,0.500500500202179,59.67972946166992,-0.0005378368077799678,0.012455596588551998,-31.508502960205078
501,0.5015015006065369,59.73036575317383,-0.000515648745931685,0.009887711144983768,-26.57457733154297
502,0.5025025010108948,59.78105163574219,-0.0005191830568946898,0.01066021341830492,-28.026931762695312
503,0.5035035014152527,59.83177947998047,-0.0005103081930428743,0.00963635090738535,-26.04607582092285
504,0.5045045018196106,59.88254165649414,-0.0005087543395347893,0.009856182150542736,-26.512548446655273
505,0.5055055022239685,59.93335723876953,-0.000511953781824559,0.010796830989420414,-28.396011352539062
506,0.5065065026283264,59.98421096801758,-0.0005045711877755821,0.010078866966068745,-27.026702880859375
507,0.5075075030326843,60.03510665893555,-0.000500556780025363,0.009849028661847115,-26.599149703979492
508,0.5085085034370422,60.08604431152344,-0.0005037750815972686,0.010672863572835922,-28.256160736083984
509,0.5095095038414001,60.13703155517578,-0.0004959397483617067,0.00935085117816925,-25.615724563598633
510,0.5105105042457581,60.18806076049805,-0.0004877116880379617,0.0075361221097409725,-21.922420501708984
511,0.511511504650116,60.2391242980957,-0.0004914070013910532,0.008168550208210945,-23.235666275024414
512,0.5125125050544739,60.29024124145508,-0.0004975184565410018,0.009044745936989784,-25.041662216186523
513,0.5135135054588318,60.341392517089844,-0.0004962897510267794,0.00879240408539772,-24.565528869628906
514,0.5145145058631897,60.39259719848633,-0.0004943558014929295,0.00822827685624361,-23.458126068115234
515,0.5155155062675476,60.44384002685547,-0.0004948099376633763,0.007993929088115692,-23.016698837280273
516,0.5165165066719055,60.495121002197266,-0.0004942638915963471,0.0077807181514799595,-22.550621032714844
517,0.5175175070762634,60.54645538330078,-0.0004887925460934639,0.00728208851069212,-21.50286293029785
518,0.5185185074806213,60.59783172607422,-0.00048796384362503886,0.007719220127910376,-22.414932250976562
519,0.5195195078849792,60.64924621582031,-0.0004724196915049106,0.005882087629288435,-18.63823127746582
520,0.5205205082893372,60.700706481933594,-0.00047003524377942085,0.00616342993453145,-19.275449752807617
521,0.5215215086936951,60.75221252441406,-0.00046704403939656913,0.006198551971465349,-19.4094295501709
522,0.522522509098053,60.80376434326172,-0.00045051745837554336,0.004302429035305977,-15.334817886352539
523,0.5235235095024109,60.85535430908203,-0.0004443931102287024,0.003826732514426112,-14.312653541564941
524,0.5245245099067688,60.90699005126953,-0.00043427414493635297,0.0029154398944228888,-12.259788513183594
525,0.5255255103111267,60.95866775512695,-0.00042594742262735963,0.002226186217740178,-10.692965507507324
526,0.5265265107154846,61.01039123535156,-0.0004186095029581338,0.0016292943619191647,-9.345972061157227
527,0.5275275111198425,61.06216049194336,-0.0004030162235721946,0.0005759482737630606,-6.864571571350098
528,0.5285285115242004,61.11397171020508,-0.00042244663927704096,0.0018249675631523132,-9.982192039489746
529,0.5295295119285583,61.165828704833984,-0.00040209200233221054,0.0005099267582409084,-6.895254135131836
530,0.5305305123329163,61.21773147583008,-0.0004096084157936275,0.001007326878607273,-8.196950912475586
531,0.5315315127372742,61.26966857910156,-0.0004056916222907603,0.0008363398956134915,-7.809299945831299
532,0.5325325131416321,61.3216552734375,-0.000393762718886137,0.00023221410810947418,-6.3091230392456055
533,0.53353351354599,61.373695373535156,-0.0003954819112550467,0.0004378887824714184,-6.808163642883301
534,0.5345345139503479,61.4257698059082,-0.0003872562665492296,3.464189649093896e-05,-5.742125988006592
535,0.5355355143547058,61.47788619995117,-0.00035728770308196545,-0.0020425962284207344,-0.027621537446975708
536,0.5365365147590637,61.530052185058594,-0.0003576233284547925,-0.0021164112258702517,0.3334082365036011
537,0.5375375151634216,61.5822639465332,-0.0003520979080349207,-0.002684664912521839,2.076677083969116
538,0.5385385155677795,61.63451385498047,-0.0003537341544870287,-0.0022367488127201796,0.9082497358322144
539,0.5395395755767822,61.68681716918945,-0.000366171938367188,-0.001250142464414239,-1.835816502571106
540,0.5405405759811401,61.73915481567383,-0.00036309316055849195,-0.0014163270825520158,-1.4370251893997192
541,0.541541576385498,61.791542053222656,-0.0003674553008750081,-0.00111050670966506,-2.3112223148345947
542,0.542542576789856,61.843971252441406,-0.000384902348741889,-9.565754589857534e-05,-5.018728733062744
543,0.5435435771942139,61.89645004272461,-0.000392624584492296,0.00036797704524360597,-6.187586307525635
544,0.5445445775985718,61.94896697998047,-0.0003922805772162974,0.0003316278744023293,-6.069813251495361
545,0.5455455780029297,62.001529693603516,-0.0003935509012080729,0.0003291219181846827,-6.059998989105225
546,0.5465465784072876,62.05413818359375,-0.00039771030424162745,0.0004039217019453645,-6.299510955810547
547,0.5475475788116455,62.10679244995117,-0.000415619375417009,0.0012432148214429617,-8.341988563537598
548,0.5485485792160034,62.159488677978516,-0.00042548211058601737,0.0016983901150524616,-9.339252471923828
549,0.5495495796203613,62.21223068237305,-0.0004257575492374599,0.0014637375716120005,-8.659889221191406
550,0.5505505800247192,62.26502227783203,-0.00044220348354429007,0.0034191643353551626,-12.9356107711792
551,0.5515515804290771,62.31785202026367,-0.00043994467705488205,0.003104401519522071,-12.004829406738281
552,0.5525525808334351,62.3707275390625,-0.0004360211896710098,0.0026820392813533545,-10.836841583251953
553,0.553553581237793,62.42365264892578,-0.0004201123374514282,0.0011574834352359176,-7.08220100402832
554,0.5545545816421509,62.476619720458984,-0.00040649232687428594,0.0004148678854107857,-5.130990505218506
555,0.5555555820465088,62.52962875366211,-0.00039167830254882574,-0.00030516923288814723,-3.2402281761169434
556,0.5565565824508667,62.58268737792969,-0.00039305619429796934,2.4740562366787344e-05,-4.094424247741699
557,0.5575575828552246,62.63578796386719,-0.00039924512384459376,0.000887508736923337,-6.380712985992432
558,0.5585585832595825,62.688934326171875,-0.0003937212168239057,0.0008417191565968096,-6.4312615394592285
559,0.5595595836639404,62.74212646484375,-0.00039544166065752506,0.001459723454900086,-8.247793197631836
560,0.5605605840682983,62.79536437988281,-0.00037729344330728054,0.00014521338744089007,-5.1684370040893555
561,0.5615615844726562,62.8486442565918,-0.0003570147091522813,-0.0012670541182160378,-1.517383098602295
562,0.5625625848770142,62.901973724365234,-0.0003487102803774178,-0.001787856686860323,-0.15457773208618164
563,0.5635635852813721,62.955345153808594,-0.0003555898438207805,-0.0010737045668065548,-2.2188901901245117
564,0.56456458568573,63.008766174316406,-0.0003673564060591161,-0.00036752084270119667,-4.190256118774414
565,0.5655655860900879,63.062225341796875,-0.0003796508244704455,0.00019602557586040348,-5.654581069946289
566,0.5665665864944458,63.11573791503906,-0.0003697515930980444,-0.00029979311511851847,-4.197063446044922
567,0.5675675868988037,63.16929244995117,-0.0003931139362975955,0.0007986355922184885,-6.8868937492370605
568,0.5685685873031616,63.2228889465332,-0.0004076937329955399,0.0017084984574466944,-8.95252799987793
569,0.5695695877075195,63.27653503417969,-0.00041817419696599245,0.0027926915790885687,-11.416955947875977
570,0.5705705881118774,63.33022689819336,-0.00040571863064542413,0.0017456964123994112,-8.7618989944458
571,0.5715715885162354,63.38396072387695,-0.00040752749191597104,0.002259825123474002,-9.95255184173584
572,0.5725725889205933,63.437744140625,-0.00040282949339598417,0.0022003534249961376,-9.76980972290039
573,0.5735735893249512,63.4915657043457,-0.00039206002838909626,0.0012716620694845915,-7.431371212005615
574,0.5745745897293091,63.545440673828125,-0.00039246308733709157,0.0015348009765148163,-8.161675453186035
575,0.575575590133667,63.599361419677734,-0.0003942151088267565,0.001961430534720421,-9.309924125671387
576,0.5765765905380249,63.65332794189453,-0.0003965849173255265,0.002572061959654093,-10.893083572387695
577,0.5775775909423828,63.707332611083984,-0.0003973417333327234,0.002979423850774765,-11.9600248336792
578,0.5785785913467407,63.761390686035156,-0.0003948804223909974,0.002627300564199686,-11.122886657714844
579,0.5795795917510986,63.815494537353516,-0.0003934293636120856,0.0024815532378852367,-10.767877578735352
580,0.5805805921554565,63.8696403503418,-0.00039585671038366854,0.003074298147112131,-12.226344108581543
581,0.5815815925598145,63.92383575439453,-0.0003959774039685726,0.002761642448604107,-11.355952262878418
582,0.5825825929641724,63.97807693481445,-0.00039730407297611237,0.0032841255888342857,-12.528388977050781
583,0.5835835933685303,64.03236389160156,-0.00039681076304987073,0.003352665575221181,-12.59005069732666
584,0.5845845937728882,64.0866928100586,-0.00039516054675914347,0.002721132943406701,-10.946687698364258
585,0.5855855941772461,64.14107513427734,-0.0003937738365493715,0.002720801392570138,-10.959612846374512
586,0.586586594581604,64.19549560546875,-0.0003915010893251747,0.002290745498612523,-9.888710021972656
587,0.5875875949859619,64.24996948242188,-0.00038854434387758374,0.0017301852349191904,-8.465191841125488
588,0.5885885953903198,64.30448150634766,-0.00038840758497826755,0.001528630848042667,-7.959763050079346
589,0.5895895957946777,64.35903930664062,-0.00039059953996911645,0.0022638358641415834,-9.862859725952148
590,0.5905905961990356,64.41365814208984,-0.00039155525155365467,0.0028342597652226686,-11.353642463684082
591,0.5915915966033936,64.46830749511719,-0.0003922093892470002,0.003082042559981346,-12.037752151489258
592,0.5925925970077515,64.52301025390625,-0.00039407730218954384,0.0033752298913896084,-12.772705078125
593,0.5935935974121094,64.5777587890625,-0.000394863891415298,0.004014845471829176,-14.296087265014648
594,0.5945945978164673,64.63255310058594,-0.00039703832590021193,0.0035131853073835373,-12.9483060836792
595,0.5955955982208252,64.68739318847656,-0.0003943890333175659,0.0015223700320348144,-7.897636890411377
596,0.5965965986251831,64.74227905273438,-0.00038901378866285086,0.0010856176959350705,-6.781893253326416
597,0.597597599029541,64.7972183227539,-0.0003869890933856368,0.001410575001500547,-7.649622440338135
598,0.5985985994338989,64.8521957397461,-0.0003852696972899139,0.0017204801551997662,-8.542287826538086
599,0.5995995998382568,64.9072265625,-0.0003732039185706526,0.0002810647711157799,-4.910083770751953
600,0.6006006002426147,64.96229553222656,-0.00038717332063242793,0.0017566601745784283,-8.85480785369873
601,0.6016016006469727,65.01741790771484,-0.00038871224387548864,0.0018318481743335724,-9.081559181213379
602,0.6026026010513306,65.07258605957031,-0.0003837653493974358,0.000826904084533453,-6.533682823181152
603,0.6036036014556885,65.12779998779297,-0.00037404586328193545,-0.00018340950191486627,-3.8896725177764893
604,0.6046046018600464,65.18305969238281,-0.00036146442289464176,-0.0011989946942776442,-1.099048376083374
605,0.6056056022644043,65.23836517333984,-0.00034689909080043435,-0.0021977212745696306,1.7902753353118896
606,0.6066066026687622,65.2937240600586,-0.000346856948453933,-0.002075847936794162,1.492966890335083
607,0.6076076030731201,65.34912872314453,-0.00034912332193925977,-0.0016704093432053924,0.37056398391723633
608,0.608608603477478,65.40457916259766,-0.0003403543960303068,-0.0021514934487640858,1.7898553609848022
609,0.6096096038818359,65.46007537841797,-0.0003457468992564827,-0.0015095436247065663,-0.04446125030517578
610,0.6106106042861938,65.51561737060547,-0.00035021029179915786,-0.0009553462732583284,-1.5899982452392578
611,0.6116116046905518,65.57120513916016,-0.0003421661676838994,-0.0013174188788980246,-0.46111026406288147
612,0.6126126050949097,65.62684631347656,-0.00034168423735536635,-0.0011398122878745198,-0.9089285135269165
613,0.6136136054992676,65.68252563476562,-0.0003385179443284869,-0.0012314928462728858,-0.6124951839447021
614,0.6146146059036255,65.7382583618164,-0.00035157505772076547,-0.000448861246695742,-2.902161121368408
615,0.6156156063079834,65.79403686523438,-0.0003699179505929351,0.0005133155500516295,-5.583807945251465
616,0.6166166067123413,65.84986877441406,-0.0003819331177510321,0.0011746542295441031,-7.34078311920166
617,0.6176176071166992,65.9057388305664,-0.0003906649653799832,0.0018877373076975346,-9.200562477111816
618,0.6186186075210571,65.96166229248047,-0.00039232117705978453,0.002199416281655431,-9.986678123474121
619,0.619619607925415,66.01763153076172,-0.0003814644296653569,0.0011955976951867342,-7.390862464904785
620,0.620620608329773,66.07364654541016,-0.00038811552803963423,0.0020289155654609203,-9.592849731445312
621,0.6216216087341309,66.12971496582031,-0.00038156300433911383,0.0015452898805961013,-8.386402130126953
622,0.6226226091384888,66.18582916259766,-0.000379132863599807,0.0014057327061891556,-8.051565170288086
623,0.6236236095428467,66.24198150634766,-0.00037891516694799066,0.0014044423587620258,-8.045802116394043
624,0.6246246099472046,66.29818725585938,-0.00037810829235240817,0.0013773611281067133,-7.930523872375488
625,0.6256256103515625,66.35443878173828,-0.00036823045229539275,0.0007490411517210305,-6.180088996887207
626,0.6266266107559204,66.4107437133789,-0.0003704424016177654,0.0009129373938776553,-6.5993428230285645
627,0.6276276111602783,66.46709442138672,-0.0003741052933037281,0.0012204982340335846,-7.418349266052246
628,0.6286286115646362,66.52349090576172,-0.00037158344639465213,0.0010865610092878342,-7.053010940551758
629,0.6296296119689941,66.57994079589844,-0.0003516014839988202,-3.3267864637309685e-05,-3.8917763233184814
630,0.630630612373352,66.63642883300781,-0.00036473129875957966,0.0008026529103517532,-6.12617301940918
631,0.63163161277771,66.6929702758789,-0.0003667066339403391,0.0010952791199088097,-6.8466291427612305
632,0.6326326131820679,66.74955749511719,-0.00036209961399435997,0.0009567567612975836,-6.405640602111816
633,0.6336336135864258,66.80619812011719,-0.00036129768704995513,0.0010340316221117973,-6.573034286499023
634,0.6346346139907837,66.86288452148438,-0.0003598803887143731,0.0009386757155880332,-6.315258502960205
635,0.6356356143951416,66.91961669921875,-0.00035464949905872345,0.00048165887710638344,-5.0877532958984375
636,0.6366366147994995,66.97640228271484,-0.00035452484735287726,0.0004941150546073914,-5.193011283874512
637,0.6376376152038574,67.0332260131836,-0.00035987014416605234,0.0009142712806351483,-6.480313301086426
638,0.6386386156082153,67.0901107788086,-0.0003638571943156421,0.0012470356887206435,-7.564024925231934
639,0.6396396160125732,67.14703369140625,-0.00036327377893030643,0.0011653711553663015,-7.498017311096191
640,0.6406406164169312,67.20401000976562,-0.0003469799121376127,1.308679929934442e-05,-4.366883754730225
641,0.6416416764259338,67.26103210449219,-0.000356644595740363,0.0006305042770691216,-6.180299282073975
642,0.6426426768302917,67.31810760498047,-0.0003536521107889712,0.0004382333718240261,-5.605637550354004
643,0.6436436772346497,67.37522888183594,-0.0003582942299544811,0.0008340732310898602,-6.595530033111572
644,0.6446446776390076,67.4323959350586,-0.0003546757798176259,0.0007611829787492752,-6.2167510986328125
645,0.6456456780433655,67.48960876464844,-0.00034709047758951783,0.0004199314280413091,-5.0488739013671875
646,0.6466466784477234,67.546875,-0.0003464202454779297,0.0005268206587061286,-5.220733642578125
647,0.6476476788520813,67.60418701171875,-0.00033675460144877434,-5.6303793826373294e-05,-3.44588303565979
648,0.6486486792564392,67.66155242919922,-0.0003468694631010294,0.0008820957154966891,-6.172813892364502
649,0.6496496796607971,67.71896362304688,-0.000340013240929693,0.00044544285628944635,-4.9482340812683105
650,0.650650680065155,67.77642822265625,-0.00033354046172462404,5.4729734983993694e-05,-3.852928876876831
651,0.6516516804695129,67.83393859863281,-0.00031718116952106357,-0.0009450489305891097,-0.9367811679840088
652,0.6526526808738708,67.89148712158203,-0.00030107665224932134,-0.002021147171035409,2.3406927585601807
653,0.6536536812782288,67.9490966796875,-0.0003154408768750727,-0.0009645255049690604,-1.2885687351226807
654,0.6546546816825867,68.00675201416016,-0.0003267311258241534,-0.0003313287743367255,-3.3529903888702393
655,0.6556556820869446,68.064453125,-0.0003446364717092365,0.0007622269913554192,-6.506099700927734
656,0.6566566824913025,68.1222152709961,-0.00034493982093408704,0.0008361098007299006,-6.605177402496338
657,0.6576576828956604,68.18000793457031,-0.000350653164787218,0.0013300278224050999,-7.883730411529541
658,0.6586586833000183,68.23786163330078,-0.0003313242632430047,-2.7696423785528168e-05,-3.7416329383850098
659,0.6596596837043762,68.29576110839844,-0.00032263604225590825,-0.0005911958869546652,-1.8337396383285522
660,0.6606606841087341,68.35371398925781,-0.0003110438701696694,-0.0014729257673025131,1.1578415632247925
661,0.661661684513092,68.41171264648438,-0.00030722335213795304,-0.0019545501563698053,2.9570417404174805
662,0.66266268491745,68.46975708007812,-0.00030542403692379594,-0.0024941356386989355,4.909597396850586
663,0.6636636853218079,68.5278549194336,-0.0003080208844039589,-0.0015820239204913378,2.0621795654296875
664,0.6646646857261658,68.58599853515625,-0.0003033228567801416,-0.002437296789139509,4.914843559265137
665,0.6656656861305237,68.64419555664062,-0.0003043616598006338,-0.003266852116212249,7.615483283996582
666,0.6666666865348816,68.70243835449219,-0.0003037107235286385,-0.002297966508194804,4.3123674392700195
667,0.6676676869392395,68.76073455810547,-0.00030309311114251614,-0.0029893245082348585,6.4572529792785645
668,0.6686686873435974,68.81907653808594,-0.0003029931685887277,-0.0029967091977596283,6.354269027709961
669,0.6696696877479553,68.87747192382812,-0.0003029018989764154,-0.0027911080978810787,5.560197353363037
670,0.6706706881523132,68.9359130859375,-0.00030218326719477773,-0.003158746985718608,6.683284759521484
671,0.6716716885566711,68.9944076538086,-0.000302433327306062,-0.0037022335454821587,8.437464714050293
672,0.672672688961029,69.05294799804688,-0.00030181295005604625,-0.004001847933977842,9.411376953125
673,0.673673689365387,69.11154174804688,-0.0002960981510113925,-0.0034978047478944063,7.704915523529053
674,0.6746746897697449,69.17018127441406,-0.0002953910152427852,-0.003965461160987616,9.30936050415039
675,0.6756756901741028,69.22887420654297,-0.00029231698135845363,-0.004014253616333008,9.58142375946045
676,0.6766766905784607,69.2876205444336,-0.00028902332996949553,-0.0040724207647144794,9.924673080444336
677,0.6776776909828186,69.34640502929688,-0.00029043725226074457,-0.004559776280075312,11.722537994384766
678,0.6786786913871765,69.4052505493164,-0.00028795143589377403,-0.004423723556101322,11.356362342834473
679,0.6796796917915344,69.4641342163086,-0.000283737201243639,-0.0038552514743059874,9.478927612304688
680,0.6806806921958923,69.52307891845703,-0.00028358667623251677,-0.0033530541695654392,7.7873735427856445
681,0.6816816926002502,69.58206939697266,-0.00029040075605735183,-0.00407854188233614,10.337484359741211
682,0.6826826930046082,69.64111328125,-0.00029341288609430194,-0.004023400135338306,10.13848876953125
683,0.6836836934089661,69.7001953125,-0.00029861542861908674,-0.004315202124416828,11.067750930786133
684,0.684684693813324,69.75934600830078,-0.0002988258493132889,-0.0031345596071332693,7.021833419799805
685,0.6856856942176819,69.81852722167969,-0.000302631757222116,-0.0028830047231167555,6.09458065032959
686,0.6866866946220398,69.87776947021484,-0.00030585721833631396,-0.004037490580230951,9.794562339782715
687,0.6876876950263977,69.93706512451172,-0.00030620256438851357,-0.00416523078456521,10.162944793701172
688,0.6886886954307556,69.99640655517578,-0.0003039290604647249,-0.003936000633984804,9.405059814453125
689,0.6896896958351135,70.05580139160156,-0.00030012745992280543,-0.003550498280674219,8.223770141601562
690,0.6906906962394714,70.11524200439453,-0.0002990196808241308,-0.004452582448720932,11.432807922363281
691,0.6916916966438293,70.17473602294922,-0.0002974651870317757,-0.004760781303048134,12.654271125793457
692,0.6926926970481873,70.23428344726562,-0.00029252757667563856,-0.003977202344685793,10.123540878295898
693,0.6936936974525452,70.29387664794922,-0.00029384682420641184,-0.004404048435389996,11.634509086608887
694,0.6946946978569031,70.353515625,-0.0002919677644968033,-0.00357139203697443,8.740917205810547
695,0.695695698261261,70.41321563720703,-0.0002963181468658149,-0.0046541690826416016,12.415943145751953
696,0.6966966986656189,70.47296142578125,-0.0002966647152788937,-0.004976051859557629,13.575763702392578
697,0.6976976990699768,70.53276062011719,-0.0002941539278253913,-0.004486451391130686,11.954689025878906
698,0.6986986994743347,70.59259796142578,-0.00029120343970134854,-0.004173614550381899,10.91073226928711
699,0.6996996998786926,70.65249633789062,-0.00028808199567720294,-0.004149063024669886,10.795204162597656
700,0.7007007002830505,70.71244812011719,-0.00028553977608680725,-0.003891718341037631,9.81436824798584
701,0.7017017006874084,70.77244567871094,-0.00028414922417141497,-0.004315581638365984,11.217819213867188
702,0.7027027010917664,70.83250427246094,-0.0002883757697418332,-0.0056359064765274525,15.738517761230469
703,0.7037037014961243,70.8926010131836,-0.000288059760350734,-0.0053417496383190155,14.639307975769043
704,0.7047047019004822,70.95275115966797,-0.00029103292035870254,-0.005719973240047693,15.958686828613281
705,0.7057057023048401,71.0129623413086,-0.00028818080318160355,-0.004607883747667074,12.24644947052002
706,0.706706702709198,71.07321166992188,-0.0002893328492064029,-0.004547067452222109,12.23138427734375
707,0.7077077031135559,71.1335220336914,-0.000289596791844815,-0.004358338657766581,11.788583755493164
708,0.7087087035179138,71.19387817382812,-0.00028804410248994827,-0.003990934696048498,10.698216438293457
709,0.7097097039222717,71.25428771972656,-0.0002911462797783315,-0.004675012547522783,13.160212516784668
710,0.7107107043266296,71.31475067138672,-0.000294228782877326,-0.005217129830271006,15.01462459564209
711,0.7117117047309875,71.37525939941406,-0.0002991636283695698,-0.006778006907552481,20.223817825317383
712,0.7127127051353455,71.4358139038086,-0.00029654797981493175,-0.007806571200489998,23.689056396484375
713,0.7137137055397034,71.4964370727539,-0.0002984068705700338,-0.0061522312462329865,18.227012634277344
714,0.7147147059440613,71.55709838867188,-0.00029676069971174,-0.005491845775395632,16.02846908569336
715,0.7157157063484192,71.61781311035156,-0.00029928144067525864,-0.0059083630330860615,17.372400283813477
716,0.7167167067527771,71.67858123779297,-0.00030093968962319195,-0.006028051488101482,17.70435333251953
717,0.717717707157135,71.7394027709961,-0.00030123573378659785,-0.0056205857545137405,16.238277435302734
718,0.7187187075614929,71.8002700805664,-0.0002959777775686234,-0.004019065760076046,10.745711326599121
719,0.7197197079658508,71.86119842529297,-0.0003010586369782686,-0.00519772432744503,14.522562980651855
720,0.7207207083702087,71.92217254638672,-0.0003031067899428308,-0.006993256043642759,20.318870544433594
721,0.7217217087745667,71.98320007324219,-0.00029959084349684417,-0.00837165117263794,24.847557067871094
722,0.7227227091789246,72.04427337646484,-0.0003006605547852814,-0.0073719327338039875,21.477113723754883
723,0.7237237095832825,72.10540771484375,-0.0002981567813549191,-0.0071544949896633625,20.699752807617188
724,0.7247247099876404,72.16658782958984,-0.0002947098691947758,-0.0064555201679468155,18.316253662109375
725,0.7257257103919983,72.22782135009766,-0.0002907108864746988,-0.005430633667856455,14.824004173278809
726,0.7267267107963562,72.28910827636719,-0.0002897001395467669,-0.005661357659846544,15.67378044128418
727,0.7277277112007141,72.3504409790039,-0.00028914122958667576,-0.005452513694763184,15.034808158874512
728,0.728728711605072,72.41183471679688,-0.0002896723453886807,-0.005405095871537924,14.94023609161377
729,0.7297297120094299,72.47327423095703,-0.000290726195089519,-0.006314457859843969,18.144935607910156
730,0.7307307124137878,72.53477478027344,-0.0002922742278315127,-0.005774426739662886,16.35492515563965
731,0.7317317128181458,72.59632110595703,-0.00029400712810456753,-0.006098954938352108,17.551876068115234
732,0.7327327132225037,72.65791320800781,-0.00029359388281591237,-0.007364869583398104,21.954891204833984
733,0.7337337136268616,72.71956634521484,-0.00029567311867140234,-0.0072333295829594135,21.69256591796875
734,0.7347347140312195,72.78126525878906,-0.0002932086354121566,-0.008645559661090374,26.694183349609375
735,0.7357357144355774,72.84302520751953,-0.00029019732028245926,-0.010527764447033405,33.3072624206543
736,0.7367367148399353,72.90483093261719,-0.0002936652163043618,-0.010562190786004066,33.593135833740234
737,0.7377377152442932,72.96669006347656,-0.0002973787486553192,-0.009778367355465889,31.061004638671875
738,0.7387387156486511,73.02860260009766,-0.0002977295662276447,-0.009130015037953854,29.028478622436523
739,0.739739716053009,73.09056854248047,-0.0002962031867355108,-0.008474237285554409,26.939281463623047
740,0.7407407164573669,73.152587890625,-0.0002952416834887117,-0.008431078866124153,26.94526481628418
741,0.7417417168617249,73.21465301513672,-0.0002955374075099826,-0.008989932015538216,28.96232032775879
742,0.7427427172660828,73.27677917480469,-0.000293563527520746,-0.01057529728859663,34.41810607910156
743,0.7437437772750854,73.33895874023438,-0.00029179349076002836,-0.009925208985805511,32.30070495605469
744,0.7447447776794434,73.40119171142578,-0.00028990849386900663,-0.009759152308106422,31.785825729370117
745,0.7457457780838013,73.46347045898438,-0.0002881087129935622,-0.00992409698665142,32.433128356933594
746,0.7467467784881592,73.52580261230469,-0.0002884978603105992,-0.009309676475822926,30.357053756713867
747,0.7477477788925171,73.58819580078125,-0.0002870330645237118,-0.010041546076536179,32.91973876953125
748,0.748748779296875,73.65062713623047,-0.00028716144151985645,-0.010033398866653442,32.86354064941406
749,0.7497497797012329,73.71311950683594,-0.00028827672940678895,-0.009618760086596012,31.3188533782959
750,0.7507507801055908,73.77567291259766,-0.00028955069137737155,-0.009071651846170425,29.23509979248047
751,0.7517517805099487,73.83826446533203,-0.00029014432220719755,-0.008909892290830612,28.415813446044922
752,0.7527527809143066,73.90092468261719,-0.0002900073886848986,-0.009116338565945625,28.84251594543457
753,0.7537537813186646,73.963623046875,-0.00029025267576798797,-0.007703319191932678,23.732603073120117
754,0.7547547817230225,74.02638244628906,-0.00028887909138575196,-0.007731328718364239,23.729351043701172
755,0.7557557821273804,74.08919525146484,-0.00028649598243646324,-0.006998118478804827,21.246009826660156
756,0.7567567825317383,74.15206146240234,-0.0002855381171684712,-0.007612419314682484,23.508949279785156
757,0.7577577829360962,74.21498107910156,-0.0002837639185599983,-0.00770996231585741,24.01970672607422
758,0.7587587833404541,74.2779541015625,-0.00028158631175756454,-0.006852916907519102,21.14350700378418
759,0.759759783744812,74.34097290039062,-0.0002803576353471726,-0.006866881623864174,21.316972732543945
760,0.7607607841491699,74.404052734375,-0.000279320141999051,-0.0070260134525597095,22.00309944152832
761,0.7617617845535278,74.4671859741211,-0.0002783492091111839,-0.007489165756851435,23.809141159057617
762,0.7627627849578857,74.53038024902344,-0.0002788405981846154,-0.007377558387815952,23.594318389892578
763,0.7637637853622437,74.59361267089844,-0.00027781285461969674,-0.006138106808066368,19.314672470092773
764,0.7647647857666016,74.65690612792969,-0.0002763627271633595,-0.0060949781909585,19.26630210876465
765,0.7657657861709595,74.72025299072266,-0.00027543900068849325,-0.006821403279900551,21.972618103027344
766,0.7667667865753174,74.78365325927734,-0.0002759267808869481,-0.007753636222332716,25.402400970458984
767,0.7677677869796753,74.84710693359375,-0.0002773895103018731,-0.00864131934940815,28.64453887939453
768,0.7687687873840332,74.91061401367188,-0.0002774581662379205,-0.008932756260037422,29.73203468322754
769,0.7697697877883911,74.97418212890625,-0.00027935655089095235,-0.009511464275419712,31.783370971679688
770,0.770770788192749,75.03779602050781,-0.0002782477531582117,-0.00928357895463705,30.866331100463867
771,0.7717717885971069,75.1014633178711,-0.0002793479070533067,-0.009669892489910126,32.08881378173828
772,0.7727727890014648,75.1651840209961,-0.00027819426031783223,-0.008837497793138027,28.96204376220703
773,0.7737737894058228,75.22896575927734,-0.0002790896687656641,-0.008875122293829918,28.938302993774414
774,0.7747747898101807,75.29280090332031,-0.0002795783511828631,-0.008992275223135948,29.347320556640625
775,0.7757757902145386,75.35668182373047,-0.00027902951114811003,-0.009489793330430984,31.190202713012695
776,0.7767767906188965,75.42062377929688,-0.00027871978818438947,-0.009595315903425217,31.68695640563965
777,0.7777777910232544,75.484619140625,-0.00027918105479329824,-0.009370369836688042,31.044933319091797
778,0.7787787914276123,75.54866790771484,-0.0002808566496241838,-0.008147024549543858,26.92224884033203
779,0.7797797918319702,75.6127700805664,-0.00027863719151355326,-0.009179164655506611,30.793285369873047
780,0.7807807922363281,75.67693328857422,-0.0002789510181173682,-0.008419101126492023,28.245311737060547
781,0.781781792640686,75.74114227294922,-0.00027749003493227065,-0.00860217958688736,29.09823226928711
782,0.782782793045044,75.80540466308594,-0.00027641613269224763,-0.009046010673046112,30.86127471923828
783,0.7837837934494019,75.8697280883789,-0.0002757959009613842,-0.00960120651870966,33.01997756958008
784,0.7847847938537598,75.9341049194336,-0.00027322513051331043,-0.00761290080845356,25.937969207763672
785,0.7857857942581177,75.99853515625,-0.0002723915677051991,-0.007735324092209339,26.508853912353516
786,0.7867867946624756,76.06301879882812,-0.0002719751209951937,-0.007798196282237768,26.78972053527832
787,0.7877877950668335,76.1275634765625,-0.00027219459298066795,-0.008128158748149872,27.978458404541016
788,0.7887887954711914,76.19215393066406,-0.00027233859873376787,-0.008084920234978199,27.73370933532715
789,0.7897897958755493,76.25680541992188,-0.0002721603377722204,-0.007713481318205595,26.23155975341797
790,0.7907907962799072,76.3215103149414,-0.0002727721002884209,-0.008911063894629478,30.523563385009766
791,0.7917917966842651,76.38626861572266,-0.0002720300108194351,-0.00924471952021122,31.755748748779297
792,0.792792797088623,76.45108032226562,-0.00026974116917699575,-0.010459226556122303,36.297855377197266
793,0.793793797492981,76.51595306396484,-0.00026928650913760066,-0.009907819330692291,34.32563018798828
794,0.7947947978973389,76.58087921142578,-0.00026791158597916365,-0.010019714012742043,34.84761428833008
795,0.7957957983016968,76.64585876464844,-0.0002667400403879583,-0.010054039768874645,35.1220703125
796,0.7967967987060547,76.71089172363281,-0.0002631847746670246,-0.011379696428775787,40.290130615234375
797,0.7977977991104126,76.7759780883789,-0.00026348588289693,-0.01090471912175417,38.66854476928711
798,0.7987987995147705,76.84112548828125,-0.0002612972748465836,-0.011732357554137707,42.06587600708008
799,0.7997997999191284,76.90632629394531,-0.00026103705749846995,-0.011400772258639336,41.03644561767578
800,0.8008008003234863,76.97157287597656,-0.0002594235702417791,-0.01205832976847887,43.7785530090332
801,0.8018018007278442,77.03689575195312,-0.00025858692242763937,-0.011429605074226856,41.52574920654297
802,0.8028028011322021,77.10225677490234,-0.00025820115115493536,-0.012009818106889725,43.8543815612793
803,0.8038038015365601,77.16767883300781,-0.00025714299408718944,-0.011524563655257225,42.00566482543945
804,0.804804801940918,77.233154296875,-0.0002580723084975034,-0.012184967286884785,44.561767578125
805,0.8058058023452759,77.29869079589844,-0.000256656261626631,-0.011439673602581024,41.58818054199219
806,0.8068068027496338,77.36427307128906,-0.0002560755528975278,-0.011156699620187283,40.35648727416992
807,0.8078078031539917,77.42991638183594,-0.0002569238131400198,-0.011623315513134003,42.04997634887695
808,0.8088088035583496,77.49562072753906,-0.00025696976808831096,-0.011851152405142784,42.87523651123047
809,0.8098098039627075,77.56137084960938,-0.0002572329540271312,-0.012502230703830719,45.48253631591797
810,0.8108108043670654,77.62718963623047,-0.00025655582430772483,-0.012634881772100925,46.17885208129883
811,0.8118118047714233,77.69306182861328,-0.000256467261351645,-0.01283726841211319,47.17941665649414
812,0.8128128051757812,77.75897979736328,-0.0002552888181526214,-0.011922712437808514,43.76472473144531
813,0.8138138055801392,77.82495880126953,-0.00025617628125473857,-0.011903506703674793,43.84706497192383
814,0.8148148059844971,77.8909912109375,-0.0002569143252912909,-0.011524044908583164,42.47791290283203
815,0.815815806388855,77.95708465576172,-0.00025844291667453945,-0.01183931715786457,43.73853302001953
816,0.8168168067932129,78.02323150634766,-0.00025962089421227574,-0.011809088289737701,43.65434265136719
817,0.8178178071975708,78.08943176269531,-0.00025986030232161283,-0.011489874683320522,42.542198181152344
818,0.8188188076019287,78.15569305419922,-0.0002605849876999855,-0.012384489178657532,46.14910125732422
819,0.8198198080062866,78.22200775146484,-0.00026023981627076864,-0.012372639030218124,46.31892013549805
820,0.8208208084106445,78.28837585449219,-0.000259673543041572,-0.012190151028335094,45.72427749633789
821,0.8218218088150024,78.35481262207031,-0.0002588789793662727,-0.01199521217495203,45.01433181762695
822,0.8228228092193604,78.4212875366211,-0.0002583909663371742,-0.010374818928539753,38.73627853393555
823,0.8238238096237183,78.48783874511719,-0.0002587959461379796,-0.010241405107080936,38.22511291503906
824,0.8248248100280762,78.55442810058594,-0.0002578201238065958,-0.011332645080983639,42.45180892944336
825,0.8258258104324341,78.62108612060547,-0.00025829687365330756,-0.010891913436353207,40.778839111328125
826,0.826826810836792,78.68779754638672,-0.00025684182764962316,-0.011855431832373142,44.53013229370117
827,0.8278278112411499,78.75455474853516,-0.00025731930509209633,-0.011888600885868073,44.63595199584961
828,0.8288288116455078,78.82138061523438,-0.00025539990747347474,-0.012284334748983383,46.265785217285156
829,0.8298298120498657,78.88825988769531,-0.0002509290352463722,-0.013442382216453552,51.03162384033203
830,0.8308308124542236,78.9552001953125,-0.0002520463021937758,-0.01221167016774416,46.2964973449707
831,0.8318318128585815,79.02220153808594,-0.0002492657513357699,-0.012524938210844994,47.65524673461914
832,0.8328328132629395,79.08924865722656,-0.0002483963908161968,-0.012182698585093021,46.395233154296875
833,0.8338338136672974,79.15635681152344,-0.0002436474896967411,-0.013076520524919033,50.16527557373047
834,0.8348348140716553,79.22352600097656,-0.00024169974494725466,-0.012967265211045742,49.863494873046875
835,0.8358358144760132,79.29074096679688,-0.00024194219440687448,-0.011737770400941372,44.994110107421875
836,0.8368368148803711,79.35801696777344,-0.00023922316904645413,-0.011792345903813839,45.336544036865234
837,0.837837815284729,79.42535400390625,-0.00023900013184174895,-0.011442865245044231,43.83161926269531
838,0.8388388156890869,79.49275207519531,-0.00023793935542926192,-0.01261045504361391,48.55590057373047
839,0.8398398160934448,79.56019592285156,-0.00023916891950648278,-0.013607187196612358,52.567047119140625
840,0.8408408164978027,79.62770080566406,-0.00024001789279282093,-0.013667684979736805,52.74180603027344
841,0.8418418169021606,79.69527435302734,-0.0002415801864117384,-0.01454231422394514,56.36020278930664
842,0.8428428173065186,79.76288604736328,-0.00024077425769064575,-0.013842212036252022,53.515987396240234
843,0.8438438177108765,79.83056640625,-0.00024169048992916942,-0.014436996541917324,56.08713912963867
844,0.8448448181152344,79.89830780029297,-0.0002444625133648515,-0.015449071303009987,60.38102340698242
845,0.8458458185195923,79.96610260009766,-0.0002473636996001005,-0.016337264329195023,64.11981201171875
846,0.846846878528595,80.0339584350586,-0.0002486838784534484,-0.0166933611035347,65.67959594726562
847,0.8478478789329529,80.10186004638672,-0.0002497845853213221,-0.017183130607008934,67.82235717773438
848,0.8488488793373108,80.16983032226562,-0.00025412352988496423,-0.018801964819431305,74.41006469726562
849,0.8498498797416687,80.23786163330078,-0.00025471296976320446,-0.019405530765652657,76.97785949707031
850,0.8508508801460266,80.30593872070312,-0.00025247136363759637,-0.019235434010624886,76.48529052734375
851,0.8518518805503845,80.37407684326172,-0.00024995632702484727,-0.019002726301550865,75.70378112792969
852,0.8528528809547424,80.44227600097656,-0.0002477102680131793,-0.018837740644812584,75.16100311279297
853,0.8538538813591003,80.51052856445312,-0.00024311200832016766,-0.01784260757267475,71.03836059570312
854,0.8548548817634583,80.57884216308594,-0.00024391502665821463,-0.018369294703006744,73.09345245361328
855,0.8558558821678162,80.647216796875,-0.00024368977756239474,-0.018263621255755424,72.54586791992188
856,0.8568568825721741,80.71565246582031,-0.0002425944257993251,-0.017245789989829063,68.29280853271484
857,0.857857882976532,80.78413391113281,-0.00024344376288354397,-0.017342520877718925,68.68611145019531
858,0.8588588833808899,80.8526840209961,-0.0002426694263704121,-0.016190817579627037,64.0186767578125
859,0.8598598837852478,80.92127990722656,-0.00024206464877352118,-0.015451931394636631,61.10233688354492
860,0.8608608841896057,80.98995208740234,-0.00024086939811240882,-0.015103111974895,59.81749725341797
861,0.8618618845939636,81.05866241455078,-0.00023869483266025782,-0.015950635075569153,63.489097595214844
862,0.8628628849983215,81.12744903564453,-0.00023758636962156743,-0.016107982024550438,64.291259765625
863,0.8638638854026794,81.19628143310547,-0.00023726224026177078,-0.015540298074483871,61.94908905029297
864,0.8648648858070374,81.26518249511719,-0.0002385314437560737,-0.014627259224653244,58.089481353759766
865,0.8658658862113953,81.3341293334961,-0.0002390053414274007,-0.014414377510547638,57.23369216918945
866,0.8668668866157532,81.40314483642578,-0.00023888738360255957,-0.015019277110695839,59.85660171508789
867,0.8678678870201111,81.47222137451172,-0.00023960505495779216,-0.0141707519069314,56.519775390625
868,0.868868887424469,81.54134368896484,-0.00023980659898370504,-0.013954684138298035,55.8994026184082
869,0.8698698878288269,81.61053466796875,-0.00023950096510816365,-0.012806042097508907,51.564544677734375
870,0.8708708882331848,81.6797866821289,-0.00023839157074689865,-0.012084213085472584,49.030696868896484
871,0.8718718886375427,81.74909210205078,-0.0002370830625295639,-0.011768150143325329,48.1732292175293
872,0.8728728890419006,81.81845092773438,-0.0002370402216911316,-0.011270313523709774,46.28441619873047
873,0.8738738894462585,81.88787078857422,-0.00023726090148556978,-0.011906913481652737,48.817352294921875
874,0.8748748898506165,81.95735931396484,-0.00023813235748093575,-0.012089598923921585,49.199867248535156
875,0.8758758902549744,82.02690887451172,-0.00023716989380773157,-0.01300329901278019,52.64425277709961
876,0.8768768906593323,82.09650421142578,-0.0002355988253839314,-0.013882515020668507,55.94464874267578
877,0.8778778910636902,82.1661605834961,-0.00023484040866605937,-0.0140343327075243,56.34392547607422
878,0.8788788914680481,82.23587799072266,-0.00023969943867996335,-0.012494373135268688,49.83033752441406
879,0.879879891872406,82.30565643310547,-0.0002412949688732624,-0.011964051052927971,47.8563232421875
880,0.8808808922767639,82.37548828125,-0.00023641454754397273,-0.012676646001636982,51.204803466796875
881,0.8818818926811218,82.44538116455078,-0.00023684345069341362,-0.012238618917763233,49.75641632080078
882,0.8828828930854797,82.51534271240234,-0.00023354832956101745,-0.013042665086686611,53.52400207519531
883,0.8838838934898376,82.58535766601562,-0.00023660132137592882,-0.012442289851605892,51.226051330566406
884,0.8848848938941956,82.65543365478516,-0.00023802381474524736,-0.012437844648957253,51.322444915771484
885,0.8858858942985535,82.72557067871094,-0.00024212671269197017,-0.011643985286355019,47.98511505126953
886,0.8868868947029114,82.7957534790039,-0.00024297658819705248,-0.011706652119755745,48.095829010009766
887,0.8878878951072693,82.86600494384766,-0.00024415290681645274,-0.01095806248486042,44.89543533325195
888,0.8888888955116272,82.93631744384766,-0.00024279096396639943,-0.011396453715860844,46.66245651245117
889,0.8898898959159851,83.00669860839844,-0.00024153728736564517,-0.010940266773104668,44.76576232910156
890,0.890890896320343,83.0771255493164,-0.0002401284291408956,-0.010895024985074997,44.61383056640625
891,0.8918918967247009,83.14761352539062,-0.00023927341680973768,-0.010942017659544945,44.781890869140625
892,0.8928928971290588,83.21817016601562,-0.00023677124409005046,-0.012104886583983898,49.63343811035156
893,0.8938938975334167,83.28878021240234,-0.00023441651137545705,-0.012545323930680752,51.504425048828125
894,0.8948948979377747,83.35945129394531,-0.00023367443645838648,-0.012431897222995758,51.05692672729492
895,0.8958958983421326,83.43018341064453,-0.00023313300334848464,-0.012350213713943958,50.74097442626953
896,0.8968968987464905,83.5009765625,-0.00023619551211595535,-0.011193186976015568,45.889739990234375
897,0.8978978991508484,83.57182312011719,-0.00023635916295461357,-0.01072199922055006,44.054107666015625
898,0.8988988995552063,83.64273071289062,-0.00023320932814385742,-0.011440484784543514,47.34309387207031
899,0.8998998999595642,83.71370697021484,-0.00023335457080975175,-0.011310788802802563,46.986366271972656
900,0.9009009003639221,83.78473663330078,-0.00023245693591888994,-0.011653496883809566,48.5701789855957
901,0.90190190076828,83.85582733154297,-0.00023295119171962142,-0.01149910781532526,48.040283203125
902,0.9029029011726379,83.9269790649414,-0.00023367497487924993,-0.011134390719234943,46.6558952331543
903,0.9039039015769958,83.99818420410156,-0.00023480299569200724,-0.010114178992807865,42.46229553222656
904,0.9049049019813538,84.06946563720703,-0.00023437215713784099,-0.010351117700338364,43.578773498535156
905,0.9059059023857117,84.14079284667969,-0.0002325274981558323,-0.011746600270271301,49.5930061340332
906,0.9069069027900696,84.21219635009766,-0.00023072391923051327,-0.012893007136881351,54.51834487915039
907,0.9079079031944275,84.28364562988281,-0.00023199331189971417,-0.012043588794767857,50.849205017089844
908,0.9089089035987854,84.35516357421875,-0.00023275776766240597,-0.010980033315718174,46.225006103515625
909,0.9099099040031433,84.42674255371094,-0.000231739497394301,-0.0111158462241292,46.74692153930664
910,0.9109109044075012,84.49837493896484,-0.00023084999702405185,-0.010972784832119942,46.17707443237305
911,0.9119119048118591,84.57007598876953,-0.00023073333431966603,-0.010167622938752174,42.77619171142578
912,0.912912905216217,84.64183044433594,-0.00022875747526995838,-0.010373704135417938,43.84963607788086
913,0.913913905620575,84.71365356445312,-0.00022938652546145022,-0.009190338663756847,38.80906295776367
914,0.9149149060249329,84.78553009033203,-0.0002258767344756052,-0.010422708466649055,44.330474853515625
915,0.9159159064292908,84.85746765136719,-0.00022478097525890917,-0.010318384505808353,43.97420120239258
916,0.9169169068336487,84.92947387695312,-0.00022382475435733795,-0.01024490687996149,43.783382415771484
917,0.9179179072380066,85.00153350830078,-0.000223961949814111,-0.009604551829397678,41.12627410888672
918,0.9189189076423645,85.07366180419922,-0.00022339861607179046,-0.008959335274994373,38.482261657714844
919,0.9199199080467224,85.1458511352539,-0.00022199004888534546,-0.007914990186691284,34.03267288208008
920,0.9209209084510803,85.21809387207031,-0.00022099034686107188,-0.008685772307217121,37.72411346435547
921,0.9219219088554382,85.29039764404297,-0.00021814627689309418,-0.006754250731319189,29.030759811401367
922,0.9229229092597961,85.3627700805664,-0.00021751670283265412,-0.006800814066082239,29.266080856323242
923,0.923923909664154,85.43519592285156,-0.00021828681929036975,-0.007989944890141487,34.70195007324219
924,0.924924910068512,85.50769805908203,-0.00021843775175511837,-0.008552704937756062,37.277923583984375
925,0.9259259104728699,85.58024597167969,-0.00021803640993312,-0.007807120680809021,33.90213394165039
926,0.9269269108772278,85.6528549194336,-0.0002184174081776291,-0.008598141372203827,37.52900695800781
927,0.9279279112815857,85.72554779052734,-0.00021786353318020701,-0.008394184522330761,36.5832633972168
928,0.9289289116859436,85.79827880859375,-0.00021705424296669662,-0.00811354536563158,35.271141052246094
929,0.9299299120903015,85.87108612060547,-0.0002162347373086959,-0.0093188202008605,40.815399169921875
930,0.9309309124946594,85.9439468383789,-0.0002155023394152522,-0.009882801212370396,43.46240234375
931,0.9319319128990173,86.01686096191406,-0.00021544157061725855,-0.00973846111446619,42.879554748535156
932,0.9329329133033752,86.08985137939453,-0.00021550286328420043,-0.0097592081874609,43.10249710083008
933,0.9339339137077332,86.16289520263672,-0.00021621522319037467,-0.009223811328411102,40.740291595458984
934,0.9349349141120911,86.23600769042969,-0.00021562086476478726,-0.008080050349235535,35.5133056640625
935,0.935935914516449,86.3091812133789,-0.00021503731841221452,-0.007813150994479656,34.306095123291016
936,0.9369369149208069,86.38240814208984,-0.0002160881122108549,-0.00824703462421894,36.26543426513672
937,0.9379379153251648,86.45570373535156,-0.00021819243556819856,-0.00940441433340311,41.44230270385742
938,0.9389389157295227,86.52906799316406,-0.00021826346346642822,-0.008723585866391659,38.129493713378906
939,0.9399399161338806,86.60248565673828,-0.00021824854775331914,-0.007934625260531902,34.351600646972656
940,0.9409409165382385,86.67597198486328,-0.00021879671839997172,-0.007513658609241247,32.280982971191406
941,0.9419419169425964,86.74951171875,-0.00021927099442109466,-0.007262540981173515,31.069910049438477
942,0.9429429173469543,86.82312774658203,-0.00021917306003160775,-0.0076786247082054615,32.93415832519531
943,0.9439439177513123,86.89679718017578,-0.00021886665490455925,-0.007806704845279455,33.52316665649414
944,0.9449449181556702,86.97053527832031,-0.00021851914061699063,-0.0064773522317409515,27.469074249267578
945,0.9459459185600281,87.04431915283203,-0.000217923239688389,-0.007042208220809698,30.09650993347168
946,0.946946918964386,87.11817932128906,-0.0002164773177355528,-0.0075344811193645,32.43675994873047
947,0.9479479193687439,87.19210052490234,-0.00021463572920765728,-0.007585580926388502,32.81450653076172
948,0.9489489793777466,87.2660903930664,-0.0002124197781085968,-0.00800525862723589,34.94594955444336
949,0.9499499797821045,87.34013366699219,-0.0002099109988193959,-0.006847021635621786,29.70046615600586
950,0.9509509801864624,87.41423797607422,-0.00020836105977650732,-0.007532679010182619,33.25001907348633
951,0.9519519805908203,87.48841094970703,-0.00020707925432361662,-0.007390937767922878,32.89297866821289
952,0.9529529809951782,87.56263732910156,-0.0002063825959339738,-0.007193241734057665,32.238372802734375
953,0.9539539813995361,87.6369400024414,-0.00020606766338460147,-0.007323203608393669,33.19296646118164
954,0.954954981803894,87.71129608154297,-0.00020585097081493586,-0.007493278943002224,34.332393646240234
955,0.955955982208252,87.78572845458984,-0.00020513919298537076,-0.007367366459220648,33.945091247558594
956,0.9569569826126099,87.86021423339844,-0.00020419154316186905,-0.006916056387126446,31.890918731689453
957,0.9579579830169678,87.93476104736328,-0.00020416962797753513,-0.007479245308786631,34.712379455566406
958,0.9589589834213257,88.0093765258789,-0.00020381197100505233,-0.007351018488407135,34.10075378417969
959,0.9599599838256836,88.08405303955078,-0.00020481861429288983,-0.00827828235924244,38.69839096069336
960,0.9609609842300415,88.1587905883789,-0.0002056697994703427,-0.008403431624174118,39.3607063293457
961,0.9619619846343994,88.23359680175781,-0.00020596224931068718,-0.007757600862532854,36.24242401123047
962,0.9629629850387573,88.30846405029297,-0.0002079096157103777,-0.008562115021049976,40.1145133972168
963,0.9639639854431152,88.38339233398438,-0.0002089638146571815,-0.008415976539254189,39.40199279785156
964,0.9649649858474731,88.45838165283203,-0.00020985690935049206,-0.008234532549977303,38.578025817871094
965,0.965965986251831,88.53343963623047,-0.000209690973861143,-0.008725904859602451,40.97370529174805
966,0.966966986656189,88.60856628417969,-0.0002098115801345557,-0.00884021446108818,41.52696990966797
967,0.9679679870605469,88.68374633789062,-0.00020935910288244486,-0.00927981361746788,43.613426208496094
968,0.9689689874649048,88.75899505615234,-0.00020946627773810178,-0.009287048131227493,43.658111572265625
969,0.9699699878692627,88.83431243896484,-0.00020989702898077667,-0.00919141061604023,43.22188186645508
970,0.9709709882736206,88.90968322753906,-0.00021025363821536303,-0.007652594707906246,35.94915008544922
971,0.9719719886779785,88.98513793945312,-0.00021037620899733156,-0.008607780560851097,40.51092529296875
972,0.9729729890823364,89.06063842773438,-0.00021020697022322565,-0.008930128067731857,42.0760612487793
973,0.9739739894866943,89.13619995117188,-0.00020856899209320545,-0.010459959506988525,49.46883773803711
974,0.9749749898910522,89.21183776855469,-0.00020688431686721742,-0.010755092836916447,51.05497741699219
975,0.9759759902954102,89.28753662109375,-0.00020613896776922047,-0.010621295310556889,50.55101776123047
976,0.9769769906997681,89.36328887939453,-0.00020566242164932191,-0.01079623680561781,51.46406555175781
977,0.977977991104126,89.43911743164062,-0.00020445857080630958,-0.011406967416405678,54.46891784667969
978,0.9789789915084839,89.5150146484375,-0.00020437515922822058,-0.011455941945314407,54.706092834472656
979,0.9799799919128418,89.59095764160156,-0.00020360684720799327,-0.011981884017586708,57.28982925415039
980,0.9809809923171997,89.66697692871094,-0.00020378464250825346,-0.011903541162610054,56.96867752075195
981,0.9819819927215576,89.7430648803711,-0.00020448258146643639,-0.0115286186337471,55.27547836303711
982,0.9829829931259155,89.81920623779297,-0.00020490860333666205,-0.010916837491095066,52.56718063354492
983,0.9839839935302734,89.89541625976562,-0.00020458630751818419,-0.01086145918816328,52.5944709777832
984,0.9849849939346313,89.97168731689453,-0.00020400018547661602,-0.011067785322666168,53.838375091552734
985,0.9859859943389893,90.04803466796875,-0.0002029189490713179,-0.011326397769153118,55.27879333496094
986,0.9869869947433472,90.12445068359375,-0.0002022535481955856,-0.010922985151410103,53.36482620239258
987,0.9879879951477051,90.20091247558594,-0.00020046584540978074,-0.011162957176566124,54.588558197021484
988,0.988988995552063,90.27745819091797,-0.00019912628340534866,-0.011062533594667912,54.12533187866211
989,0.9899899959564209,90.35404968261719,-0.00019772545783780515,-0.011971747502684593,58.786590576171875
990,0.9909909963607788,90.43071746826172,-0.00019734172383323312,-0.012386908754706383,61.03966522216797
991,0.9919919967651367,90.5074462890625,-0.00019736721878871322,-0.01260535977780819,62.34441375732422
992,0.9929929971694946,90.58423614501953,-0.00019741864525713027,-0.011261660605669022,55.78622055053711
993,0.9939939975738525,90.6611099243164,-0.0001968147698789835,-0.010420853272080421,51.78070831298828
994,0.9949949979782104,90.73802947998047,-0.00019645324209704995,-0.01038728840649128,51.83604431152344
995,0.9959959983825684,90.81501770019531,-0.0001964331604540348,-0.010583240538835526,53.037498474121094
996,0.9969969987869263,90.89208221435547,-0.00019690420594997704,-0.011264012195169926,56.601951599121094
997,0.9979979991912842,90.96920013427734,-0.0001970028388313949,-0.011185415089130402,56.15196990966797
998,0.9989989995956421,91.04638671875,-0.00019732020155061036,-0.011369333602488041,56.96223831176758
999,1.0,91.12364959716797,-0.00019796051492448896,-0.011370399966835976,56.81916809082031
