index,timestep,Diffusion_Coeff,Divergence,score,pos
0,0.0,39.05299377441406,-0.009842880070209503,0.03665502741932869,35.74422073364258
1,0.0010010009864345193,39.08612823486328,-0.00997469574213028,0.01352341752499342,38.517364501953125
2,0.0020020019728690386,39.11929702758789,-0.009983671829104424,0.02710574120283127,37.34973907470703
3,0.0030030030757188797,39.15248489379883,-0.00996529683470726,0.0237459447234869,37.8297119140625
4,0.004004003945738077,39.185707092285156,-0.009946784004569054,0.035549916326999664,36.778987884521484
5,0.005005004815757275,39.218955993652344,-0.009947745129466057,0.031067071482539177,37.312068939208984
6,0.006006006151437759,39.25223159790039,-0.009945065714418888,0.01983705349266529,38.49174880981445
7,0.007007007021456957,39.28553771972656,-0.009916926734149456,0.009936020709574223,39.52523422241211
8,0.008008007891476154,39.31887435913086,-0.0098320497199893,-0.005986090749502182,41.179710388183594
9,0.009009009227156639,39.352237701416016,-0.009824885055422783,0.02155359461903572,38.43128967285156
10,0.01001000963151455,39.38562774658203,-0.009727148339152336,0.02245684154331684,38.378543853759766
11,0.011011010967195034,39.41904830932617,-0.009616153314709663,0.016891108825802803,38.978240966796875
12,0.012012012302875519,39.452491760253906,-0.009488753974437714,0.015982231125235558,39.06586837768555
13,0.013013012707233429,39.48596954345703,-0.009380483999848366,0.003840568009763956,40.29979705810547
14,0.014014014042913914,39.51947021484375,-0.009221337735652924,-0.01666593737900257,42.44110870361328
15,0.015015014447271824,39.55300521850586,-0.009013593196868896,-0.032001081854104996,44.065956115722656
16,0.01601601578295231,39.58656692504883,-0.008989810943603516,0.0035703692119568586,40.12425231933594
17,0.01701701618731022,39.620155334472656,-0.008880634792149067,-0.00874097179621458,41.491600036621094
18,0.018018018454313278,39.653770446777344,-0.008683397434651852,0.007221223320811987,39.678977966308594
19,0.01901901885867119,39.68742370605469,-0.008591588586568832,0.004398193210363388,40.01816177368164
20,0.0200200192630291,39.721092224121094,-0.008539140224456787,-0.01008746400475502,41.7470703125
21,0.021021021530032158,39.754798889160156,-0.008379610255360603,-0.02765400893986225,43.87456512451172
22,0.022022021934390068,39.78852844238281,-0.008290944620966911,-0.02179812081158161,43.228919982910156
23,0.023023022338747978,39.82229232788086,-0.008079379796981812,-0.036822836846113205,45.12034225463867
24,0.024024024605751038,39.8560791015625,-0.008063693530857563,-0.02445230633020401,43.63801574707031
25,0.025025025010108948,39.889896392822266,-0.007962298579514027,-0.015754470601677895,42.594139099121094
26,0.026026025414466858,39.92374801635742,-0.007846697233617306,-0.01064970437437296,41.98244857788086
27,0.027027025818824768,39.95762252807617,-0.007757589686661959,-0.009276121854782104,41.847694396972656
28,0.028028028085827827,39.99152755737305,-0.0076857153326272964,-0.009041441604495049,41.86126708984375
29,0.029029028490185738,40.02545928955078,-0.007543209008872509,-0.004612605087459087,41.29624938964844
30,0.030030028894543648,40.05942153930664,-0.007213592994958162,0.00705086812376976,39.706600189208984
31,0.031031031161546707,40.093414306640625,-0.007054599933326244,0.008151977322995663,39.531822204589844
32,0.03203203156590462,40.1274299621582,-0.007187852635979652,-0.0002960418350994587,40.770538330078125
33,0.03303303197026253,40.16147994995117,-0.007191936019808054,-0.0013558766804635525,40.98876190185547
34,0.03403403237462044,40.195556640625,-0.007432450540363789,-0.017352700233459473,43.22822570800781
35,0.03503503277897835,40.22966384887695,-0.007465670350939035,-0.028427643701434135,44.76404571533203
36,0.036036036908626556,40.263797760009766,-0.007381096947938204,-0.022979984059929848,44.07886505126953
37,0.03703703731298447,40.29795837402344,-0.007338324561715126,-0.027844222262501717,44.7746467590332
38,0.03803803771734238,40.3321533203125,-0.007267610169947147,-0.025451533496379852,44.48035430908203
39,0.03903903812170029,40.36637878417969,-0.006933469325304031,-0.005394142586737871,41.68133544921875
40,0.0400400385260582,40.40062713623047,-0.006843398325145245,-0.007156615145504475,41.9156608581543
41,0.04104103893041611,40.434906005859375,-0.006663220003247261,-0.006728504318743944,41.82483673095703
42,0.042042043060064316,40.469215393066406,-0.00645795650780201,-0.006641503423452377,41.80707550048828
43,0.043043043464422226,40.50355529785156,-0.006409415975213051,-0.01134896744042635,42.565528869628906
44,0.044044043868780136,40.53792190551758,-0.006294830236583948,-0.011139686219394207,42.585845947265625
45,0.045045044273138046,40.572322845458984,-0.005676990374922752,0.007158847060054541,39.566650390625
46,0.046046044677495956,40.606746673583984,-0.005703631788492203,0.004267813637852669,40.07373046875
47,0.04704704508185387,40.641197204589844,-0.005613324232399464,0.005389255937188864,39.88197708129883
48,0.048048049211502075,40.67568588256836,-0.005607642233371735,0.004128193482756615,40.122615814208984
49,0.049049049615859985,40.71019744873047,-0.0054564932361245155,0.006710864137858152,39.673736572265625
50,0.050050050020217896,40.7447395324707,-0.005489817354828119,0.00331483012996614,40.30513381958008
51,0.051051050424575806,40.77931213378906,-0.005172356031835079,0.008836916647851467,39.255794525146484
52,0.052052050828933716,40.81391143798828,-0.005588436499238014,-0.0070483083836734295,42.212059020996094
53,0.053053051233291626,40.84854507446289,-0.005392604973167181,-0.004533672239631414,41.77845764160156
54,0.054054051637649536,40.88320541381836,-0.005640887189656496,-0.015913287177681923,43.869476318359375
55,0.055055055767297745,40.91789627075195,-0.005671344231814146,-0.021325988695025444,44.851375579833984
56,0.056056056171655655,40.952613830566406,-0.005739642307162285,-0.029501887038350105,46.30870819091797
57,0.057057056576013565,40.987361907958984,-0.005484491586685181,-0.020239882171154022,44.67528533935547
58,0.058058056980371475,41.02214431762695,-0.005353931337594986,-0.017620597034692764,44.19208526611328
59,0.059059057384729385,41.056949615478516,-0.0052100676111876965,-0.015217897482216358,43.75941848754883
60,0.060060057789087296,41.0917854309082,-0.004913636017590761,-0.008981866762042046,42.54475021362305
61,0.061061061918735504,41.12665557861328,-0.00488183693960309,-0.01083938218653202,42.95298767089844
62,0.062062062323093414,41.16154479980469,-0.00486347870901227,-0.012191579677164555,43.27543640136719
63,0.06306306272745132,41.19647216796875,-0.005068476311862469,-0.020372401922941208,44.98799514770508
64,0.06406406313180923,41.23143005371094,-0.0050234426744282246,-0.020663980394601822,45.13765335083008
65,0.06506506353616714,41.266414642333984,-0.004971052519977093,-0.02146817371249199,45.37607955932617
66,0.06606606394052505,41.301429748535156,-0.004880303516983986,-0.02067539095878601,45.290958404541016
67,0.06706706434488297,41.33647537231445,-0.004523798823356628,-0.012007706798613071,43.50458908081055
68,0.06806806474924088,41.37154769897461,-0.004318899475038052,-0.009983415715396404,43.04692459106445
69,0.06906906515359879,41.406654357910156,-0.004307650960981846,-0.013094457797706127,43.693634033203125
70,0.0700700655579567,41.44178771972656,-0.004124021157622337,-0.011243266984820366,43.13125991821289
71,0.0710710734128952,41.476951599121094,-0.004026282578706741,-0.011609486304223537,43.05411911010742
72,0.07207207381725311,41.512142181396484,-0.0037653534673154354,-0.006175699643790722,41.47003173828125
73,0.07307307422161102,41.547367095947266,-0.003558663884177804,-0.0011746058007702231,39.909393310546875
74,0.07407407462596893,41.582618713378906,-0.0034897776786237955,0.00018281250959262252,39.40418243408203
75,0.07507507503032684,41.61790466308594,-0.0038014771416783333,-0.011181044392287731,42.506351470947266
76,0.07607607543468475,41.65321731567383,-0.004044528119266033,-0.018585847690701485,44.432167053222656
77,0.07707707583904266,41.688560485839844,-0.004288114607334137,-0.027031131088733673,46.533294677734375
78,0.07807807624340057,41.72393035888672,-0.004296787083148956,-0.02695084549486637,46.62691116333008
79,0.07907907664775848,41.75933074951172,-0.004319009371101856,-0.02920975722372532,47.26377868652344
80,0.0800800770521164,41.794769287109375,-0.004112273454666138,-0.022993920370936394,45.866600036621094
81,0.0810810774564743,41.830230712890625,-0.004216666333377361,-0.02987498790025711,47.59021759033203
82,0.08208207786083221,41.865726470947266,-0.004300164990127087,-0.037083011120557785,49.340572357177734
83,0.08308307826519012,41.9012451171875,-0.004325018264353275,-0.042201824486255646,50.56388473510742
84,0.08408408612012863,41.93680191040039,-0.004261953290551901,-0.03964035585522652,49.961055755615234
85,0.08508508652448654,41.97238540649414,-0.004190464504063129,-0.03544777259230614,48.91395568847656
86,0.08608608692884445,42.00799560546875,-0.004102014005184174,-0.03106580674648285,47.775997161865234
87,0.08708708733320236,42.043643951416016,-0.00408339686691761,-0.031320564448833466,47.77157974243164
88,0.08808808773756027,42.079315185546875,-0.003933807369321585,-0.026626000180840492,46.56187438964844
89,0.08908908814191818,42.115020751953125,-0.0038707079365849495,-0.027022089809179306,46.686344146728516
90,0.09009008854627609,42.1507568359375,-0.0038585092406719923,-0.029333794489502907,47.35144805908203
91,0.091091088950634,42.186519622802734,-0.004009581170976162,-0.03953363001346588,50.056739807128906
92,0.09209208935499191,42.22231674194336,-0.0040703387930989265,-0.047825831919908524,52.307647705078125
93,0.09309308975934982,42.258140563964844,-0.0040208520367741585,-0.04795768857002258,52.570560455322266
94,0.09409409016370773,42.29399490356445,-0.003998517990112305,-0.05046701431274414,53.43956756591797
95,0.09509509056806564,42.32988739013672,-0.0038631027564406395,-0.0425344780087471,51.62748336791992
96,0.09609609842300415,42.36580276489258,-0.003740989603102207,-0.03705723583698273,50.31930923461914
97,0.09709709882736206,42.40175247192383,-0.003629907499998808,-0.03270016610622406,49.202789306640625
98,0.09809809923171997,42.4377326965332,-0.0034102206118404865,-0.02454185113310814,46.88661193847656
99,0.09909909963607788,42.473731994628906,-0.003364116419106722,-0.024332640692591667,46.80158233642578
100,0.10010010004043579,42.5097770690918,-0.0033400612883269787,-0.025028368458151817,46.97046661376953
101,0.1011011004447937,42.545841217041016,-0.0032651794608682394,-0.02316277287900448,46.35407257080078
102,0.10210210084915161,42.58195114135742,-0.003250313922762871,-0.023349579423666,46.360660552978516
103,0.10310310125350952,42.618080139160156,-0.0033107080962508917,-0.02626641094684601,47.2069091796875
104,0.10410410165786743,42.65423583984375,-0.0032251100055873394,-0.023254798725247383,46.25799560546875
105,0.10510510206222534,42.6904296875,-0.0031030490063130856,-0.018613317981362343,44.727718353271484
106,0.10610610246658325,42.726654052734375,-0.0030758618377149105,-0.017907675355672836,44.4472541809082
107,0.10710710287094116,42.762908935546875,-0.003023718949407339,-0.016849899664521217,44.035945892333984
108,0.10810810327529907,42.799190521240234,-0.0031248121522367,-0.02194399945437908,45.66080856323242
109,0.10910911113023758,42.83551025390625,-0.0030091674998402596,-0.01850254274904728,44.54301452636719
110,0.11011011153459549,42.871856689453125,-0.0028162370435893536,-0.012132066302001476,42.38184356689453
111,0.1111111119389534,42.90822982788086,-0.002589153591543436,-0.004969083238393068,39.780738830566406
112,0.11211211234331131,42.94463348388672,-0.0024472433142364025,-0.0025810161605477333,38.825340270996094
113,0.11311311274766922,42.9810791015625,-0.002324956003576517,-0.0016824702033773065,38.39732360839844
114,0.11411411315202713,43.017547607421875,-0.0021730728913098574,-0.000785769138019532,37.90828323364258
115,0.11511511355638504,43.054054260253906,-0.0017322287894785404,0.002429498126730323,36.07437515258789
116,0.11611611396074295,43.090579986572266,-0.001494779484346509,0.0032937475480139256,35.24810791015625
117,0.11711711436510086,43.127140045166016,-0.0022658156231045723,-0.005486665293574333,39.651947021484375
118,0.11811811476945877,43.16373825073242,-0.002401076490059495,-0.008784591220319271,40.99805450439453
119,0.11911911517381668,43.20035934448242,-0.0024496116675436497,-0.01005259808152914,41.494163513183594
120,0.12012011557817459,43.23701477050781,-0.002587684663012624,-0.014317180961370468,43.189659118652344
121,0.1211211159825325,43.27370834350586,-0.0024545607157051563,-0.0103223267942667,41.59084701538086
122,0.12212212383747101,43.3104248046875,-0.002387820975854993,-0.009017170406877995,41.01046371459961
123,0.12312312424182892,43.34716796875,-0.0025165295228362083,-0.013393765315413475,42.78463363647461
124,0.12412412464618683,43.38395309448242,-0.002506949007511139,-0.01397843286395073,43.035640716552734
125,0.12512512505054474,43.42076110839844,-0.0024828598834574223,-0.014357954263687134,43.21201705932617
126,0.12612612545490265,43.45760726928711,-0.002515217522159219,-0.016640955582261086,44.17448806762695
127,0.12712712585926056,43.494476318359375,-0.002421597484499216,-0.014364627189934254,43.33955764770508
128,0.12812812626361847,43.5313835144043,-0.002317196223884821,-0.011823592707514763,42.347896575927734
129,0.12912912666797638,43.56832504272461,-0.002167430240660906,-0.008548642508685589,40.95895004272461
130,0.1301301270723343,43.605289459228516,-0.002121302532032132,-0.0076829479075968266,40.648651123046875
131,0.1311311274766922,43.64228820800781,-0.002177332527935505,-0.00896241795271635,41.29505920410156
132,0.1321321278810501,43.679317474365234,-0.002281610853970051,-0.011940031312406063,42.62117004394531
133,0.13313312828540802,43.71638107299805,-0.0023698080331087112,-0.015418454073369503,44.034446716308594
134,0.13413412868976593,43.753475189208984,-0.0024255551397800446,-0.01830264739692211,45.13571548461914
135,0.13513512909412384,43.79059600830078,-0.0024366769939661026,-0.021449580788612366,46.303131103515625
136,0.13613612949848175,43.827762603759766,-0.0022057583555579185,-0.015934066846966743,43.78439712524414
137,0.13713712990283966,43.86494445800781,-0.0020409668795764446,-0.012999225407838821,42.25015640258789
138,0.13813813030719757,43.902164459228516,-0.001934606465511024,-0.011348755098879337,41.33040237426758
139,0.13913913071155548,43.93941879272461,-0.0021529574878513813,-0.017088476568460464,44.131103515625
140,0.1401401311159134,43.9766960144043,-0.0021976735442876816,-0.018535640090703964,44.85255432128906
141,0.1411411464214325,44.014015197753906,-0.002198901493102312,-0.0184383075684309,44.882171630859375
142,0.1421421468257904,44.051361083984375,-0.002140488475561142,-0.016680177301168442,44.15568161010742
143,0.14314314723014832,44.08873748779297,-0.0021535377018153667,-0.01779230497777462,44.76228332519531
144,0.14414414763450623,44.12614822387695,-0.002238878048956394,-0.021291034296154976,46.446659088134766
145,0.14514514803886414,44.1635856628418,-0.002223700750619173,-0.021409645676612854,46.60621643066406
146,0.14614614844322205,44.20106506347656,-0.0022020190954208374,-0.021611589938402176,46.81119155883789
147,0.14714714884757996,44.238563537597656,-0.0020543700084090233,-0.01746121607720852,44.960166931152344
148,0.14814814925193787,44.27610778808594,-0.002011725679039955,-0.016811665147542953,44.68473815917969
149,0.14914914965629578,44.31366729736328,-0.0021171083208173513,-0.02033373713493347,46.3990592956543
150,0.1501501500606537,44.35126876831055,-0.0021646120585501194,-0.0222872793674469,47.25522994995117
151,0.1511511504650116,44.38890075683594,-0.0022684764117002487,-0.026786522939801216,49.1823844909668
152,0.1521521508693695,44.426570892333984,-0.0022550374269485474,-0.02644062042236328,48.905738830566406
153,0.15315315127372742,44.464263916015625,-0.0020831215661019087,-0.019869977608323097,45.744842529296875
154,0.15415415167808533,44.50199508666992,-0.002059223596006632,-0.01907762698829174,45.219398498535156
155,0.15515515208244324,44.53975296020508,-0.002067656721919775,-0.020010221749544144,45.53564453125
156,0.15615615248680115,44.57754898071289,-0.0020729792304337025,-0.02122613787651062,46.01878356933594
157,0.15715715289115906,44.6153678894043,-0.0018815610092133284,-0.01636006124317646,43.4774169921875
158,0.15815815329551697,44.653228759765625,-0.0018860208801925182,-0.01737617328763008,43.97941589355469
159,0.15915915369987488,44.69111251831055,-0.0018751646857708693,-0.017795924097299576,44.24589920043945
160,0.1601601541042328,44.72903823852539,-0.0018091679085046053,-0.01669299229979515,43.70521545410156
161,0.1611611545085907,44.76698684692383,-0.0018497213022783399,-0.017917416989803314,44.463340759277344
162,0.1621621549129486,44.804969787597656,-0.0016869385726749897,-0.014230147935450077,42.483158111572266
163,0.16316315531730652,44.842987060546875,-0.0016594933113083243,-0.013436359353363514,42.122337341308594
164,0.16416415572166443,44.88103485107422,-0.0014491050969809294,-0.010693742893636227,40.34917449951172
165,0.16516515612602234,44.91912078857422,-0.001666598953306675,-0.014783752150833607,42.884033203125
166,0.16616615653038025,44.95723342895508,-0.0014477354707196355,-0.012165254913270473,41.10350036621094
167,0.16716717183589935,44.99538040161133,-0.0016455864533782005,-0.016178933903574944,43.585140228271484
168,0.16816817224025726,45.03356170654297,-0.0015798448584973812,-0.01559995673596859,43.12567901611328
169,0.16916917264461517,45.071773529052734,-0.0014895594213157892,-0.014367648400366306,42.19819641113281
170,0.17017017304897308,45.110015869140625,-0.0015135827707126737,-0.014883758500218391,42.41191101074219
171,0.171171173453331,45.14828872680664,-0.0017453564796596766,-0.02029307559132576,45.59844207763672
172,0.1721721738576889,45.18659973144531,-0.0017774247098714113,-0.021212473511695862,46.04011917114258
173,0.17317317426204681,45.22494125366211,-0.0017605945467948914,-0.02077091857790947,45.692169189453125
174,0.17417417466640472,45.2633171081543,-0.001801538746803999,-0.022350065410137177,46.47945785522461
175,0.17517517507076263,45.30172348022461,-0.0017276601865887642,-0.02112722210586071,45.71139907836914
176,0.17617617547512054,45.34016036987305,-0.0017526114825159311,-0.02325015515089035,46.89588165283203
177,0.17717717587947845,45.37863540649414,-0.001621056580916047,-0.02040867507457733,45.2147102355957
178,0.17817817628383636,45.41713333129883,-0.0013753346865996718,-0.015657974407076836,42.13477325439453
179,0.17917917668819427,45.45567321777344,-0.0014433738542720675,-0.016773313283920288,43.100990295410156
180,0.18018017709255219,45.49424362182617,-0.0014692479744553566,-0.016826869919896126,43.37610626220703
181,0.1811811774969101,45.53284454345703,-0.0013795500854030252,-0.01479613222181797,42.20210647583008
182,0.182182177901268,45.571475982666016,-0.0014382863882929087,-0.015262997709214687,42.75571060180664
183,0.18318317830562592,45.610145568847656,-0.0014495254727080464,-0.015440890565514565,42.92616653442383
184,0.18418417870998383,45.64884567260742,-0.001606107922270894,-0.019102374091744423,45.258052825927734
185,0.18518517911434174,45.68758010864258,-0.0015577763551846147,-0.018586667254567146,44.80552291870117
186,0.18618617951869965,45.726348876953125,-0.0017112940549850464,-0.023527860641479492,47.66789245605469
187,0.18718717992305756,45.76514434814453,-0.0017593863885849714,-0.02630305290222168,49.14533996582031
188,0.18818818032741547,45.803977966308594,-0.0017192651284858584,-0.025774473324418068,48.74411392211914
189,0.18918918073177338,45.84284210205078,-0.0017171456711366773,-0.02649969980120659,49.11159896850586
190,0.1901901811361313,45.881744384765625,-0.0016652916092425585,-0.025533506646752357,48.555259704589844
191,0.1911911815404892,45.92066955566406,-0.0016309081111103296,-0.02493434026837349,48.260807037353516
192,0.1921921968460083,45.95963668823242,-0.0016000596806406975,-0.024291595444083214,47.96636962890625
193,0.1931931972503662,45.99863052368164,-0.0016106992261484265,-0.024573998525738716,48.261192321777344
194,0.19419419765472412,46.037662506103516,-0.001657187705859542,-0.026063431054353714,49.27812194824219
195,0.19519519805908203,46.07672882080078,-0.0015880446881055832,-0.023431362584233284,47.755348205566406
196,0.19619619846343994,46.115821838378906,-0.0014724205248057842,-0.019978243857622147,45.556819915771484
197,0.19719719886779785,46.15495300292969,-0.001445884583517909,-0.0192776620388031,45.11612319946289
198,0.19819819927215576,46.194114685058594,-0.0010378614533692598,-0.013043428771197796,40.17230987548828
199,0.19919919967651367,46.23331069946289,-0.0009750679600983858,-0.012673713266849518,39.69896697998047
200,0.20020020008087158,46.27254104614258,-0.0009897880954667926,-0.01307844277471304,39.987545013427734
201,0.2012012004852295,46.31180191040039,-0.0008606180781498551,-0.012146620079874992,38.82339096069336
202,0.2022022008895874,46.35110092163086,-0.0008169130305759609,-0.01211357582360506,38.53858947753906
203,0.2032032012939453,46.39043045043945,-0.0006388294277712703,-0.011057392694056034,36.81572723388672
204,0.20420420169830322,46.42979049682617,-0.00044034223537892103,-0.010040941648185253,34.679317474365234
205,0.20520520210266113,46.46918487548828,-0.0002801576047204435,-0.009339733980596066,32.880462646484375
206,0.20620620250701904,46.50861740112305,-0.0001885232049971819,-0.008947084657847881,31.895265579223633
207,0.20720720291137695,46.54807662963867,-0.00019701269047800452,-0.008800030685961246,32.13401412963867
208,0.20820820331573486,46.58757400512695,-8.633547986391932e-05,-0.008511134423315525,30.942546844482422
209,0.20920920372009277,46.62710189819336,-0.00020344980293884873,-0.008784262463450432,32.385257720947266
210,0.21021020412445068,46.666664123535156,-0.00019336566037964076,-0.008933485485613346,32.3126106262207
211,0.2112112045288086,46.706260681152344,-0.00010727733024396002,-0.008994587697088718,31.206512451171875
212,0.2122122049331665,46.74589157104492,-0.00018003529112320393,-0.0093537587672472,32.05510330200195
213,0.21321320533752441,46.78555679321289,-0.00010616740473778918,-0.009349942207336426,30.73542022705078
214,0.21421420574188232,46.825252532958984,-0.00026080181123688817,-0.009824340231716633,32.732398986816406
215,0.21521520614624023,46.864990234375,-0.0002531796635594219,-0.009872308932244778,32.387386322021484
216,0.21621620655059814,46.90475082397461,-0.00034070678520947695,-0.010303128510713577,33.65351104736328
217,0.21721720695495605,46.94455337524414,-0.0003193104057572782,-0.01011904701590538,33.36771774291992
218,0.21821822226047516,46.98438262939453,-0.000312725140247494,-0.009995409287512302,33.317771911621094
219,0.21921922266483307,47.024253845214844,-0.0001731725496938452,-0.009396824054419994,31.317522048950195
220,0.22022022306919098,47.064151763916016,-0.00019202951807528734,-0.009540301747620106,31.676212310791016
221,0.2212212234735489,47.104087829589844,-0.0002399188233539462,-0.009867551736533642,32.377716064453125
222,0.2222222238779068,47.14405059814453,-0.0001526593987364322,-0.009788927622139454,31.038454055786133
223,0.2232232242822647,47.18405532836914,-1.516118209110573e-05,-0.00974377803504467,28.479488372802734
224,0.22422422468662262,47.22409439086914,-2.1589201423921622e-05,-0.0098565137013793,28.491018295288086
225,0.22522522509098053,47.264163970947266,5.6350039812969044e-05,-0.009994479827582836,26.308931350708008
226,0.22622622549533844,47.304264068603516,5.9844016504939646e-05,-0.010062710382044315,26.005592346191406
227,0.22722722589969635,47.34440231323242,8.773065928835422e-05,-0.010165167041122913,24.84613609313965
228,0.22822822630405426,47.384578704833984,9.708813740871847e-05,-0.010154464282095432,24.50305938720703
229,0.22922922670841217,47.424781799316406,0.00014752396964468062,-0.010311726480722427,22.599485397338867
230,0.23023022711277008,47.465023040771484,0.00017306781955994666,-0.010392634198069572,21.717256546020508
231,0.231231227517128,47.50529479980469,0.00019323891319800168,-0.010603828355669975,20.399003982543945
232,0.2322322279214859,47.54560470581055,0.0001845680526457727,-0.010551520623266697,20.592819213867188
233,0.2332332283258438,47.58594512939453,0.00014188601926434785,-0.01028195396065712,22.15192222595215
234,0.23423422873020172,47.62632369995117,0.0001455313467886299,-0.010518974624574184,20.678348541259766
235,0.23523522913455963,47.6667366027832,6.464513717219234e-05,-0.010260158218443394,23.462888717651367
236,0.23623622953891754,47.707176208496094,5.297790630720556e-05,-0.010320587083697319,23.237430572509766
237,0.23723722994327545,47.74766540527344,4.8613768740324304e-05,-0.010328195057809353,22.999536514282227
238,0.23823823034763336,47.788177490234375,5.3559677326120436e-05,-0.010342382825911045,22.323318481445312
239,0.23923923075199127,47.8287239074707,7.756671038805507e-07,-0.010288815945386887,24.807029724121094
240,0.24024023115634918,47.86930847167969,3.4018743463093415e-05,-0.010392439551651478,22.29412078857422
241,0.2412412315607071,47.9099235534668,3.873812238452956e-05,-0.010512660257518291,20.367822647094727
242,0.242242231965065,47.95058059692383,2.156783375539817e-05,-0.010527719743549824,21.198101043701172
243,0.2432432323694229,47.99126052856445,2.802371272991877e-05,-0.010613024234771729,18.802661895751953
244,0.24424424767494202,48.031982421875,1.9560666260076687e-05,-0.010570046491920948,21.20017433166504
245,0.24524524807929993,48.07273864746094,4.712848749477416e-05,-0.010645460337400436,19.618173599243164
246,0.24624624848365784,48.113529205322266,7.552540046162903e-05,-0.010829144157469273,17.75116729736328
247,0.24724724888801575,48.154354095458984,9.798473911359906e-05,-0.01102854311466217,16.675874710083008
248,0.24824824929237366,48.19520950317383,0.00012649191194213927,-0.011092393659055233,16.962858200073242
249,0.24924924969673157,48.236106872558594,0.0001469589478801936,-0.010923849418759346,18.682605743408203
250,0.2502502501010895,48.277034759521484,0.00016527327534276992,-0.011009545996785164,18.67913055419922
251,0.2512512505054474,48.317996978759766,0.00017554205260239542,-0.011119198985397816,18.31538200378418
252,0.2522522509098053,48.35899353027344,0.0001575310598127544,-0.011032937094569206,18.631980895996094
253,0.2532532513141632,48.40003204345703,0.0001155440550064668,-0.011047723703086376,17.838685989379883
254,0.2542542517185211,48.44109344482422,5.788241105619818e-05,-0.011080815456807613,15.900426864624023
255,0.25525525212287903,48.48219680786133,3.4669476008275524e-05,-0.010893110185861588,17.493011474609375
256,0.25625625252723694,48.52333450317383,6.096207471273374e-06,-0.010819702409207821,19.085002899169922
257,0.25725725293159485,48.564510345458984,-1.473551310482435e-05,-0.010790308006107807,18.518508911132812
258,0.25825825333595276,48.605712890625,-3.408725751796737e-05,-0.01074716541916132,18.183090209960938
259,0.25925925374031067,48.64695739746094,-4.743449972011149e-05,-0.010709544643759727,18.175758361816406
260,0.2602602541446686,48.688236236572266,-5.2012903324794024e-05,-0.010563135147094727,16.325944900512695
261,0.2612612545490265,48.729549407958984,-4.364782216725871e-05,-0.010547555983066559,17.024669647216797
262,0.2622622549533844,48.770896911621094,-3.4444186894688755e-05,-0.010554333217442036,17.26409149169922
263,0.2632632553577423,48.812278747558594,-3.02589796774555e-05,-0.01061243936419487,17.93552017211914
264,0.2642642557621002,48.85369110107422,-2.742126162047498e-05,-0.010596184991300106,16.340808868408203
265,0.26526525616645813,48.895145416259766,-2.284012225572951e-05,-0.010617183521389961,16.447811126708984
266,0.26626625657081604,48.93663787841797,-2.0374087398522533e-05,-0.010647198185324669,16.663330078125
267,0.26726725697517395,48.97815704345703,-2.710507578740362e-05,-0.010658475570380688,16.592769622802734
268,0.26826825737953186,49.01971435546875,-8.475782669847831e-05,-0.010446100495755672,12.843086242675781
269,0.26926925778388977,49.061309814453125,-0.00015784995048306882,-0.009998248890042305,9.85246753692627
270,0.2702702581882477,49.10293960571289,-0.00012861285358667374,-0.010195226408541203,12.028998374938965
271,0.2712712585926056,49.14460754394531,-0.00011612032540142536,-0.010346507653594017,13.893413543701172
272,0.2722722589969635,49.18630599975586,-0.00011269455717410892,-0.010559536516666412,16.087669372558594
273,0.2732732594013214,49.2280387878418,-0.00012669857824221253,-0.010627474635839462,16.631725311279297
274,0.2742742598056793,49.26980972290039,-0.0001385605282848701,-0.010736915282905102,17.372276306152344
275,0.27527526021003723,49.31161880493164,-0.00016507688269484788,-0.011370929889380932,21.448394775390625
276,0.27627626061439514,49.35345458984375,-0.000193543077330105,-0.011656138114631176,22.801036834716797
277,0.27727726101875305,49.39533233642578,-0.00022243161220103502,-0.01197049394249916,24.232025146484375
278,0.27827826142311096,49.4372444152832,-0.00022671246551908553,-0.011968102306127548,24.165613174438477
279,0.27927926182746887,49.479190826416016,-0.00024726244737394154,-0.012350237928330898,25.67904281616211
280,0.2802802622318268,49.52117156982422,-0.0002624922781251371,-0.012686620466411114,27.09269142150879
281,0.2812812626361847,49.56319046020508,-0.0002520552952773869,-0.012600242160260677,26.771671295166016
282,0.282282292842865,49.60525131225586,-0.00024284374376293272,-0.012557275593280792,26.326322555541992
283,0.2832832932472229,49.6473388671875,-0.0002671333495527506,-0.013085056096315384,28.031341552734375
284,0.2842842936515808,49.6894645690918,-0.00026086915750056505,-0.01302719209343195,27.496360778808594
285,0.2852852940559387,49.73162841796875,-0.0002698766184039414,-0.013201742433011532,27.944581985473633
286,0.28628629446029663,49.77382278442383,-0.0002846168354153633,-0.013450196012854576,28.79965591430664
287,0.28728729486465454,49.81605911254883,-0.0002359772042836994,-0.012425999157130718,25.167829513549805
288,0.28828829526901245,49.85832595825195,-0.00023588915064465255,-0.012374790385365486,25.41144561767578
289,0.28928929567337036,49.900630950927734,-0.00022008259838912636,-0.012033294886350632,24.306013107299805
290,0.29029029607772827,49.94297409057617,-0.00020595296518877149,-0.011693841777741909,22.964418411254883
291,0.2912912964820862,49.985355377197266,-0.0001991077297134325,-0.011436525732278824,21.7529239654541
292,0.2922922968864441,50.02776336669922,-0.00022117979824543,-0.01171229500323534,23.027576446533203
293,0.293293297290802,50.07020950317383,-0.0002181383897550404,-0.011504477821290493,21.991365432739258
294,0.2942942976951599,50.11269760131836,-0.00023263224284164608,-0.01164030097424984,22.574861526489258
295,0.2952952980995178,50.155216217041016,-0.00023045222042128444,-0.011416807770729065,21.630220413208008
296,0.29629629850387573,50.197776794433594,-0.0002206609642598778,-0.011075630784034729,20.148292541503906
297,0.29729729890823364,50.2403678894043,-0.0002545223105698824,-0.011666899546980858,22.73688507080078
298,0.29829829931259155,50.282997131347656,-0.00025481818011030555,-0.011646692641079426,22.69142723083496
299,0.29929929971694946,50.32566452026367,-0.00023259851150214672,-0.011240780353546143,21.130159378051758
300,0.3003003001213074,50.36836242675781,-0.0002358971250941977,-0.011448705568909645,22.0158748626709
301,0.3013013005256653,50.41109848022461,-0.00022970922873355448,-0.011503048241138458,22.215595245361328
302,0.3023023009300232,50.45387649536133,-0.00022348786296788603,-0.01158551312983036,22.52306365966797
303,0.3033033013343811,50.49668502807617,-0.00020600348943844438,-0.010892191901803017,19.276325225830078
304,0.304304301738739,50.53953552246094,-0.00020204426255077124,-0.011073763482272625,20.160802841186523
305,0.3053053021430969,50.58241653442383,-0.00020028342260047793,-0.010881302878260612,19.286178588867188
306,0.30630630254745483,50.625335693359375,-0.00020454154582694173,-0.010532308369874954,17.59083366394043
307,0.30730730295181274,50.66829299926758,-0.0001983675465453416,-0.010496807284653187,17.508216857910156
308,0.30830830335617065,50.71128463745117,-0.00019638653611764312,-0.010396772064268589,17.156702041625977
309,0.30930930376052856,50.754310607910156,-0.00019191548926755786,-0.0104197533801198,17.50887107849121
310,0.3103103041648865,50.79737854003906,-0.00020461957319639623,-0.00999739021062851,15.603175163269043
311,0.3113113045692444,50.840476989746094,-0.0002178199792979285,-0.009568844921886921,13.768840789794922
312,0.3123123049736023,50.88361358642578,-0.00024981569731608033,-0.008746770210564137,10.340287208557129
313,0.3133133053779602,50.92679214477539,-0.00024823466083034873,-0.008690697140991688,10.084736824035645
314,0.3143143057823181,50.97000503540039,-0.00022485124645754695,-0.00906582921743393,11.612983703613281
315,0.315315306186676,51.01325225830078,-0.00021806919539812952,-0.00911535695195198,11.761757850646973
316,0.31631630659103394,51.056541442871094,-0.00021382937848102301,-0.009126653894782066,11.672087669372559
317,0.31731730699539185,51.099857330322266,-0.00020900146046187729,-0.009201724082231522,11.82845401763916
318,0.31831830739974976,51.14321517944336,-0.00021173461573198438,-0.009163230657577515,11.393518447875977
319,0.31931930780410767,51.186614990234375,-0.00021509155340027064,-0.009108622558414936,10.85505485534668
320,0.3203203082084656,51.23004913330078,-0.00024661963107064366,-0.008594123646616936,8.359184265136719
321,0.3213213086128235,51.27351379394531,-0.00020088542078156024,-0.00928693637251854,11.165731430053711
322,0.3223223090171814,51.317020416259766,-0.0002081213751807809,-0.009117902256548405,10.081832885742188
323,0.3233233094215393,51.36056137084961,-0.00022196114878170192,-0.008901427499949932,8.984696388244629
324,0.3243243098258972,51.40414047241211,-0.0002842693938873708,-0.007924537174403667,5.25767183303833
325,0.3253253102302551,51.44776153564453,-0.0002990021603181958,-0.007655280642211437,4.5641584396362305
326,0.32632631063461304,51.49141311645508,-0.00033489824272692204,-0.006940428167581558,2.5723743438720703
327,0.32732731103897095,51.53510284423828,-0.0003101677866652608,-0.007381794974207878,4.269594192504883
328,0.32832831144332886,51.578834533691406,-0.0003221628721803427,-0.007100218906998634,3.6827571392059326
329,0.32932931184768677,51.622596740722656,-0.00032098201336339116,-0.0070781828835606575,3.9496421813964844
330,0.3303303122520447,51.66639709472656,-0.00031750864582136273,-0.007096542976796627,4.324384689331055
331,0.3313313126564026,51.71023941040039,-0.00036756612826138735,-0.006046917289495468,1.4388031959533691
332,0.3323323130607605,51.754112243652344,-0.00035808735992759466,-0.006241352763026953,2.0796711444854736
333,0.3333333432674408,51.79802703857422,-0.0003564763464964926,-0.006248421035706997,2.163848400115967
334,0.3343343436717987,51.84197998046875,-0.0003677426720969379,-0.005958653055131435,1.45546293258667
335,0.3353353440761566,51.88597106933594,-0.00035414338344708085,-0.0060856277123093605,2.040792226791382
336,0.3363363444805145,51.92999267578125,-0.0003777812235057354,-0.005430768709629774,0.4305102825164795
337,0.33733734488487244,51.974056243896484,-0.00042701032361947,-0.00411676662042737,-2.653597593307495
338,0.33833834528923035,52.018157958984375,-0.00042152698733843863,-0.003992941230535507,-2.795236110687256
339,0.33933934569358826,52.06229782104492,-0.00044707590132020414,-0.003266391810029745,-4.348977088928223
340,0.34034034609794617,52.106468200683594,-0.0004517161287367344,-0.0030125605408102274,-4.86088752746582
341,0.3413413465023041,52.15068054199219,-0.00042437989031895995,-0.003405889729037881,-3.8934476375579834
342,0.342342346906662,52.19493103027344,-0.0003724584530573338,-0.004436361137777567,-1.250267505645752
343,0.3433433473110199,52.23921585083008,-0.0003700614906847477,-0.004489092621952295,-1.1215890645980835
344,0.3443443477153778,52.283546447753906,-0.0003804751904681325,-0.004279680550098419,-1.6933610439300537
345,0.3453453481197357,52.327911376953125,-0.0004269431810826063,-0.003366625402122736,-4.003979682922363
346,0.34634634852409363,52.372310638427734,-0.0004659738333430141,-0.002640007995069027,-5.663661956787109
347,0.34734734892845154,52.416744232177734,-0.00043949775863438845,-0.003260693047195673,-4.305720329284668
348,0.34834834933280945,52.46122360229492,-0.0004612303455360234,-0.00276253093034029,-5.286826133728027
349,0.34934934973716736,52.505733489990234,-0.00045434062485583127,-0.0028345384635031223,-4.971538543701172
350,0.35035035014152527,52.55028533935547,-0.0004731562512461096,-0.002321138046681881,-5.928545951843262
351,0.3513513505458832,52.594879150390625,-0.00043049422674812376,-0.0031150071881711483,-4.0068559646606445
352,0.3523523509502411,52.639503479003906,-0.0004096000920981169,-0.0034625099506229162,-3.011112689971924
353,0.353353351354599,52.68416976928711,-0.00039067008765414357,-0.003800466889515519,-2.026371955871582
354,0.3543543517589569,52.72887420654297,-0.0003958494635298848,-0.0035894981119781733,-2.4662129878997803
355,0.3553553521633148,52.77360916137695,-0.0003920052549801767,-0.003622777061536908,-2.3597655296325684
356,0.35635635256767273,52.81839370727539,-0.00041518729995004833,-0.0030493189115077257,-3.883242607116699
357,0.35735735297203064,52.86320495605469,-0.00042513717198744416,-0.0028358048293739557,-4.6081767082214355
358,0.35835835337638855,52.90806198120117,-0.0004274520615581423,-0.0027725284453481436,-4.972379684448242
359,0.35935935378074646,52.95295333862305,-0.00044926206464879215,-0.0023089139722287655,-6.166506767272949
360,0.36036035418510437,52.99788284301758,-0.00045919459080323577,-0.002034164732322097,-6.804726600646973
361,0.3613613545894623,53.0428581237793,-0.00047374912537634373,-0.0016703245928511024,-7.557808876037598
362,0.3623623549938202,53.087860107421875,-0.0005170609802007675,-0.0007215706282295287,-9.376082420349121
363,0.3633633553981781,53.13290786743164,-0.0004911196301691234,-0.0011536834063008428,-8.400217056274414
364,0.364364355802536,53.1779899597168,-0.00043804169399663806,-0.002123886486515403,-6.169689178466797
365,0.3653653562068939,53.223114013671875,-0.0005243527120910585,-0.00028403225587680936,-9.839337348937988
366,0.36636635661125183,53.268272399902344,-0.0005572614609263837,0.0006015190156176686,-11.342522621154785
367,0.36736735701560974,53.31346893310547,-0.0005684333154931664,0.0009555043652653694,-11.8378267288208
368,0.36836835741996765,53.358707427978516,-0.0005259229219518602,-0.00018497866403777152,-9.623968124389648
369,0.36936935782432556,53.40398025512695,-0.0005338292685337365,-5.2733998018084094e-05,-9.783246994018555
370,0.37037035822868347,53.44929885864258,-0.000515185238327831,-0.0006037096027284861,-8.65590763092041
371,0.3713713586330414,53.49464797973633,-0.0005401585949584842,-0.0001311315718339756,-9.476581573486328
372,0.3723723590373993,53.5400390625,-0.0005319922347553074,-0.00045354675967246294,-8.792576789855957
373,0.3733733594417572,53.58546829223633,-0.0005827603163197637,0.000828115560580045,-10.999787330627441
374,0.3743743598461151,53.63093566894531,-0.0005744444206357002,0.0004108309221919626,-10.224136352539062
375,0.375375360250473,53.67644500732422,-0.0006176026072353125,0.0019396038260310888,-12.677492141723633
376,0.37637636065483093,53.721988677978516,-0.0006502880714833736,0.004274873994290829,-16.235816955566406
377,0.37737736105918884,53.76757049560547,-0.000651367474347353,0.004772116430103779,-16.93834686279297
378,0.37837836146354675,53.813194274902344,-0.0006642223452217877,0.006834178231656551,-20.05108070373535
379,0.37937936186790466,53.858856201171875,-0.0006542166229337454,0.006222180090844631,-19.107105255126953
380,0.3803803622722626,53.9045524597168,-0.0006413453374989331,0.005153360776603222,-17.42279815673828
381,0.3813813626766205,53.950294494628906,-0.0006350307958200574,0.004979901947081089,-17.07001304626465
382,0.3823823630809784,53.996070861816406,-0.0006396033568307757,0.0066285752691328526,-19.60723304748535
383,0.3833833634853363,54.04188919067383,-0.0006347413291223347,0.0062096561305224895,-18.904666900634766
384,0.3843843936920166,54.08774185180664,-0.0006365004810504615,0.006778839509934187,-19.738191604614258
385,0.3853853940963745,54.133636474609375,-0.0006344406865537167,0.0060816314071416855,-18.613033294677734
386,0.3863863945007324,54.1795654296875,-0.0006365523440763354,0.0055914875119924545,-17.85686683654785
387,0.38738739490509033,54.22554016113281,-0.000639903184492141,0.005376877728849649,-17.546581268310547
388,0.38838839530944824,54.271549224853516,-0.0006434508832171559,0.005727300886064768,-18.15728759765625
389,0.38938939571380615,54.317596435546875,-0.0006502746837213635,0.007085214834660292,-20.351701736450195
390,0.39039039611816406,54.363685607910156,-0.0006579100154340267,0.007894210517406464,-21.73590850830078
391,0.391391396522522,54.40981674194336,-0.0006475929985754192,0.004843791481107473,-17.233041763305664
392,0.3923923969268799,54.45597839355469,-0.0006478294963017106,0.004984721541404724,-17.616975784301758
393,0.3933933973312378,54.502193450927734,-0.0006405743188224733,0.00435938686132431,-16.74950408935547
394,0.3943943977355957,54.54843521118164,-0.0006337360828183591,0.0039781550876796246,-16.233842849731445
395,0.3953953981399536,54.59471893310547,-0.0006256191991269588,0.003815446514636278,-16.0101375579834
396,0.3963963985443115,54.64104080200195,-0.0006101115141063929,0.0031336001120507717,-14.917448997497559
397,0.39739739894866943,54.68740463256836,-0.0005975380772724748,0.002866310765966773,-14.430216789245605
398,0.39839839935302734,54.73381042480469,-0.000581159838475287,0.0024132635444402695,-13.594170570373535
399,0.39939939975738525,54.780250549316406,-0.0005416378262452781,0.0011304939398542047,-11.215672492980957
400,0.40040040016174316,54.82673263549805,-0.0005520377308130264,0.0017952341586351395,-12.35822868347168
401,0.4014014005661011,54.87324905395508,-0.0005570488865487278,0.0022859948221594095,-13.161806106567383
402,0.402402400970459,54.91980743408203,-0.0005670200334861875,0.002949543995782733,-14.28489875793457
403,0.4034034013748169,54.96641540527344,-0.0005743069923482835,0.003531509777531028,-15.231972694396973
404,0.4044044017791748,55.01305389404297,-0.0005824830150231719,0.004164531361311674,-16.299053192138672
405,0.4054054021835327,55.059730529785156,-0.0005940485280007124,0.005156148690730333,-17.980079650878906
406,0.4064064025878906,55.106449127197266,-0.0005955247324891388,0.005186900496482849,-17.992570877075195
407,0.40740740299224854,55.1532096862793,-0.0005768592236563563,0.0032517421059310436,-14.626740455627441
408,0.40840840339660645,55.200008392333984,-0.0005736159509979188,0.002827104413881898,-13.824310302734375
409,0.40940940380096436,55.24684524536133,-0.0005759678315371275,0.0027639891486614943,-13.6702241897583
410,0.41041040420532227,55.293724060058594,-0.0005569554632529616,0.0015391702763736248,-11.485660552978516
411,0.4114114046096802,55.340641021728516,-0.0005633416585624218,0.0018728019203990698,-12.04426097869873
412,0.4124124050140381,55.38759231567383,-0.0005617638817057014,0.001967142103239894,-12.189698219299316
413,0.413413405418396,55.43458938598633,-0.0005612036911770701,0.0022502292413264513,-12.680614471435547
414,0.4144144058227539,55.481624603271484,-0.0005761268548667431,0.003617566777393222,-15.10106086730957
415,0.4154154062271118,55.52870178222656,-0.0005972837097942829,0.0060223788022994995,-19.242666244506836
416,0.4164164066314697,55.5758171081543,-0.0005862789694219828,0.005256967153400183,-17.949748992919922
417,0.41741740703582764,55.62297439575195,-0.0005816054763272405,0.0052139596082270145,-17.79151153564453
418,0.41841840744018555,55.67017364501953,-0.0005942641291767359,0.007585002109408379,-21.63460922241211
419,0.41941940784454346,55.71741485595703,-0.0006044360343366861,0.009550219401717186,-24.791885375976562
420,0.42042040824890137,55.764686584472656,-0.0006072341348044574,0.010100808925926685,-25.635648727416992
421,0.4214214086532593,55.81200408935547,-0.0006095648277550936,0.010299538262188435,-25.93417739868164
422,0.4224224090576172,55.85935592651367,-0.0006031313096173108,0.009392129257321358,-24.406814575195312
423,0.4234234094619751,55.90675735473633,-0.0006049445364624262,0.009292669594287872,-24.220457077026367
424,0.424424409866333,55.954193115234375,-0.0005924321012571454,0.0073136524297297,-20.858219146728516
425,0.4254254102706909,56.00166702270508,-0.000587815186008811,0.007298540323972702,-20.666994094848633
426,0.42642641067504883,56.04918670654297,-0.0005848640576004982,0.007934203371405602,-21.560218811035156
427,0.42742741107940674,56.096744537353516,-0.0005893418565392494,0.009801920503377914,-24.58263397216797
428,0.42842841148376465,56.14434814453125,-0.0005920776748098433,0.01047409139573574,-25.650470733642578
429,0.42942941188812256,56.191978454589844,-0.0005874540074728429,0.00950120110064745,-23.985151290893555
430,0.43043041229248047,56.239662170410156,-0.0005886980216018856,0.009263843297958374,-23.61511993408203
431,0.4314314126968384,56.287384033203125,-0.000583006301894784,0.007844901643693447,-21.282052993774414
432,0.4324324131011963,56.335140228271484,-0.0005855722120031714,0.008663305081427097,-22.79685401916504
433,0.4334334135055542,56.3829460144043,-0.0005824599065817893,0.00859182421118021,-22.792341232299805
434,0.4344344139099121,56.430782318115234,-0.0005759095074608922,0.007965193130075932,-21.850345611572266
435,0.43543541431427,56.478668212890625,-0.0005731242708861828,0.007733980193734169,-21.60898780822754
436,0.4364364445209503,56.526588439941406,-0.0005710752448067069,0.00746218953281641,-21.304182052612305
437,0.4374374449253082,56.574554443359375,-0.0005897367373108864,0.009135348722338676,-24.34014320373535
438,0.43843844532966614,56.62255859375,-0.0005824248073622584,0.008336658589541912,-23.094322204589844
439,0.43943944573402405,56.67060089111328,-0.0006027678027749062,0.010021073743700981,-26.05498695373535
440,0.44044044613838196,56.718685150146484,-0.0005882583791390061,0.008741479367017746,-23.989261627197266
441,0.44144144654273987,56.76681137084961,-0.0005903233541175723,0.008932742290198803,-24.3658390045166
442,0.4424424469470978,56.814979553222656,-0.0005967463366687298,0.009668377228081226,-25.6412353515625
443,0.4434434473514557,56.86318588256836,-0.0005975788226351142,0.009854323230683804,-26.003555297851562
444,0.4444444477558136,56.911434173583984,-0.0006018647109158337,0.010375787504017353,-26.940763473510742
445,0.4454454481601715,56.95972442626953,-0.0006035294500179589,0.010740470141172409,-27.624162673950195
446,0.4464464485645294,57.008056640625,-0.0006170234410092235,0.012255026958882809,-30.153106689453125
447,0.44744744896888733,57.056427001953125,-0.0006113717099651694,0.01210880745202303,-29.93701934814453
448,0.44844844937324524,57.10483932495117,-0.0006052075768820941,0.012087346985936165,-29.862483978271484
449,0.44944944977760315,57.153297424316406,-0.0006049373769201338,0.012612320482730865,-30.663433074951172
450,0.45045045018196106,57.20178985595703,-0.0006137150921858847,0.01411502156406641,-33.079437255859375
451,0.45145145058631897,57.25032424926758,-0.0006188667612150311,0.015032067894935608,-34.54637908935547
452,0.4524524509906769,57.29890060424805,-0.0006124416831880808,0.014901597052812576,-34.324859619140625
453,0.4534534513950348,57.3475227355957,-0.0006014264072291553,0.014260957948863506,-33.26515579223633
454,0.4544544517993927,57.396183013916016,-0.0006138008320704103,0.015379182994365692,-35.12599182128906
455,0.4554554522037506,57.444881439208984,-0.0006178612820804119,0.015714652836322784,-35.671600341796875
456,0.4564564526081085,57.49362564086914,-0.0006074625998735428,0.015196745283901691,-34.8233642578125
457,0.45745745301246643,57.54240417480469,-0.0005961295682936907,0.014661863446235657,-33.89982604980469
458,0.45845845341682434,57.59122848510742,-0.0005791544099338353,0.013508287258446217,-31.897619247436523
459,0.45945945382118225,57.640098571777344,-0.0005857348442077637,0.014045915566384792,-32.799373626708984
460,0.46046045422554016,57.68900680541992,-0.0005945441080257297,0.01447656936943531,-33.52912521362305
461,0.46146145462989807,57.73795700073242,-0.0005910320905968547,0.01402611006051302,-32.856136322021484
462,0.462462455034256,57.786949157714844,-0.0005789430579170585,0.012870310805737972,-30.98848533630371
463,0.4634634554386139,57.83598327636719,-0.0005832746392115951,0.01316190417855978,-31.585874557495117
464,0.4644644558429718,57.88505554199219,-0.0006003865273669362,0.014218529686331749,-33.47671127319336
465,0.4654654562473297,57.934165954589844,-0.000632087467238307,0.016463886946439743,-37.197818756103516
466,0.4664664566516876,57.98332977294922,-0.0006333040073513985,0.0168767087161541,-37.93171310424805
467,0.46746745705604553,58.03252410888672,-0.0006151408888399601,0.015884647145867348,-36.378273010253906
468,0.46846845746040344,58.08176803588867,-0.0005982317379675806,0.014860640279948711,-34.65182113647461
469,0.46946945786476135,58.131046295166016,-0.0006010486977174878,0.015252898447215557,-35.222652435302734
470,0.47047045826911926,58.18037414550781,-0.0005978624103590846,0.014738756231963634,-34.27912902832031
471,0.4714714586734772,58.229740142822266,-0.0006036877166479826,0.014779074117541313,-34.267093658447266
472,0.4724724590778351,58.27914810180664,-0.0006011442746967077,0.013607895001769066,-32.26763916015625
473,0.473473459482193,58.32859802246094,-0.0006011062068864703,0.012994387187063694,-31.263164520263672
474,0.4744744598865509,58.37809371948242,-0.0005952782230451703,0.012421875260770321,-30.40028953552246
475,0.4754754602909088,58.42762756347656,-0.0005946458550170064,0.012714926153421402,-31.008399963378906
476,0.4764764606952667,58.47719955444336,-0.000593849690631032,0.013010302558541298,-31.633785247802734
477,0.47747746109962463,58.52682113647461,-0.0005910566542297602,0.012865998782217503,-31.541332244873047
478,0.47847846150398254,58.57647705078125,-0.0005779301282018423,0.011551161296665668,-29.461257934570312
479,0.47947946190834045,58.626182556152344,-0.0005749411648139358,0.011449205689132214,-29.435531616210938
480,0.48048046231269836,58.675926208496094,-0.0005669858655892313,0.011174609884619713,-28.988096237182617
481,0.4814814627170563,58.725711822509766,-0.0005545514868572354,0.010460585355758667,-27.665842056274414
482,0.4824824631214142,58.775543212890625,-0.0005436459905467927,0.009850720874965191,-26.445161819458008
483,0.4834834635257721,58.82541275024414,-0.0005398057401180267,0.009927111677825451,-26.477506637573242
484,0.48448446393013,58.875328063964844,-0.0005361606599763036,0.009844704531133175,-26.23187828063965
485,0.4854854643344879,58.92528533935547,-0.0005365564138628542,0.010150489397346973,-26.71139144897461
486,0.4864864647388458,58.97528076171875,-0.0005342519725672901,0.010375943034887314,-27.066038131713867
487,0.4874874949455261,59.025325775146484,-0.0005128164775669575,0.008591817691922188,-23.569496154785156
488,0.48848849534988403,59.07540512084961,-0.0005100080743432045,0.008766534738242626,-23.865211486816406
489,0.48948949575424194,59.12553024291992,-0.0005170594085939229,0.00999666377902031,-26.26398277282715
490,0.49049049615859985,59.17570114135742,-0.000524812494404614,0.011173312552273273,-28.60361671447754
491,0.49149149656295776,59.22591781616211,-0.0005274267168715596,0.01157340407371521,-29.474411010742188
492,0.4924924969673157,59.27616500854492,-0.0005431268946267664,0.012911495752632618,-32.10575866699219
493,0.4934934973716736,59.32646560668945,-0.000545511138625443,0.01294026430696249,-32.29754638671875
494,0.4944944977760315,59.376800537109375,-0.0005507391761057079,0.013099737465381622,-32.71312713623047
495,0.4954954981803894,59.427181243896484,-0.0005686301738023758,0.014275745488703251,-34.86168670654297
496,0.4964964985847473,59.47761154174805,-0.0005729702534154058,0.014501741155982018,-35.25695037841797
497,0.4974974989891052,59.528072357177734,-0.0005591309163719416,0.013579261489212513,-33.63212203979492
498,0.49849849939346313,59.57858657836914,-0.0005424556438811123,0.012362228706479073,-31.425127029418945
499,0.49949949979782104,59.62913513183594,-0.0005483654094859958,0.013145324774086475,-32.82217025756836
500,0.500500500202179,59.67972946166992,-0.000556175597012043,0.014367736876010895,-35.00578689575195
501,0.5015015006065369,59.73036575317383,-0.0005490025505423546,0.013989553786814213,-34.29961395263672
502,0.5025025010108948,59.78105163574219,-0.0005561550497077405,0.014860982075333595,-35.861480712890625
503,0.5035035014152527,59.83177947998047,-0.0005597493727691472,0.015359952114522457,-36.80217361450195
504,0.5045045018196106,59.88254165649414,-0.0005707250093109906,0.016663143411278725,-39.21324920654297
505,0.5055055022239685,59.93335723876953,-0.0005739923799410462,0.01723339967429638,-40.31513214111328
506,0.5065065026283264,59.98421096801758,-0.0005501575069501996,0.015314419753849506,-37.00739669799805
507,0.5075075030326843,60.03510665893555,-0.0005383471725508571,0.014487406238913536,-35.568504333496094
508,0.5085085034370422,60.08604431152344,-0.0005326398531906307,0.01415042020380497,-34.98367691040039
509,0.5095095038414001,60.13703155517578,-0.0005320293712429702,0.0140840420499444,-34.86336898803711
510,0.5105105042457581,60.18806076049805,-0.000517765642143786,0.012329732067883015,-31.48790168762207
511,0.511511504650116,60.2391242980957,-0.0005385410040616989,0.014353166334331036,-35.32294464111328
512,0.5125125050544739,60.29024124145508,-0.0005431228200905025,0.014476184733211994,-35.5371208190918
513,0.5135135054588318,60.341392517089844,-0.0005543248262256384,0.015390838496387005,-37.22224807739258
514,0.5145145058631897,60.39259719848633,-0.000578035251237452,0.01744767837226391,-40.84456253051758
515,0.5155155062675476,60.44384002685547,-0.0005765329115092754,0.017063263803720474,-40.13997268676758
516,0.5165165066719055,60.495121002197266,-0.0005598943098448217,0.015735957771539688,-37.79344940185547
517,0.5175175070762634,60.54645538330078,-0.0005470208707265556,0.015269698575139046,-37.06455993652344
518,0.5185185074806213,60.59783172607422,-0.000539383152499795,0.015235977247357368,-37.17052459716797
519,0.5195195078849792,60.64924621582031,-0.0005368730053305626,0.01541014015674591,-37.65995407104492
520,0.5205205082893372,60.700706481933594,-0.0005224906490184367,0.014504769816994667,-36.14649200439453
521,0.5215215086936951,60.75221252441406,-0.0005242382758297026,0.015171193517744541,-37.60456848144531
522,0.522522509098053,60.80376434326172,-0.0005179140134714544,0.014839882962405682,-37.11647033691406
523,0.5235235095024109,60.85535430908203,-0.0005109371268190444,0.01457441970705986,-36.78702926635742
524,0.5245245099067688,60.90699005126953,-0.0004974972107447684,0.013477868400514126,-34.77130126953125
525,0.5255255103111267,60.95866775512695,-0.0004892838187515736,0.012364384718239307,-32.599517822265625
526,0.5265265107154846,61.01039123535156,-0.00048660743050277233,0.011621511541306973,-31.119590759277344
527,0.5275275111198425,61.06216049194336,-0.0004939341451972723,0.01268378272652626,-33.32848358154297
528,0.5285285115242004,61.11397171020508,-0.0004989530425518751,0.013069252483546734,-34.120182037353516
529,0.5295295119285583,61.165828704833984,-0.0004970410955138505,0.012274842709302902,-32.558250427246094
530,0.5305305123329163,61.21773147583008,-0.000504082185216248,0.01308730524033308,-34.247230529785156
531,0.5315315127372742,61.26966857910156,-0.0005105941090732813,0.014058271422982216,-36.2713737487793
532,0.5325325131416321,61.3216552734375,-0.0005040009273216128,0.013520666398108006,-35.33663558959961
533,0.53353351354599,61.373695373535156,-0.0004951772280037403,0.012512843124568462,-33.38681411743164
534,0.5345345139503479,61.4257698059082,-0.0005062727723270655,0.014076532796025276,-36.53065490722656
535,0.5355355143547058,61.47788619995117,-0.0004989608423784375,0.01330015528947115,-34.91316604614258
536,0.5365365147590637,61.530052185058594,-0.0004871911369264126,0.011514423415064812,-31.19937515258789
537,0.5375375151634216,61.5822639465332,-0.0004932272713631392,0.012403936125338078,-32.888160705566406
538,0.5385385155677795,61.63451385498047,-0.0004985097330063581,0.013456940650939941,-35.02956008911133
539,0.5395395755767822,61.68681716918945,-0.0005021033575758338,0.014079238288104534,-36.34135055541992
540,0.5405405759811401,61.73915481567383,-0.0005011259927414358,0.013768909499049187,-35.745731353759766
541,0.541541576385498,61.791542053222656,-0.0005081683048047125,0.014610348269343376,-37.45649337768555
542,0.542542576789856,61.843971252441406,-0.0005093064391985536,0.014992308802902699,-38.314083099365234
543,0.5435435771942139,61.89645004272461,-0.0005129816709086299,0.01562938652932644,-39.609317779541016
544,0.5445445775985718,61.94896697998047,-0.0005115687381476164,0.015600171871483326,-39.55821228027344
545,0.5455455780029297,62.001529693603516,-0.000509807956404984,0.015753816813230515,-39.86983871459961
546,0.5465465784072876,62.05413818359375,-0.000502860639244318,0.015107129700481892,-38.509979248046875
547,0.5475475788116455,62.10679244995117,-0.0005095917731523514,0.016427526250481606,-41.057857513427734
548,0.5485485792160034,62.159488677978516,-0.0005029219901189208,0.015909669920802116,-39.94972229003906
549,0.5495495796203613,62.21223068237305,-0.0004995829658582807,0.015490749850869179,-38.96794509887695
550,0.5505505800247192,62.26502227783203,-0.0005162421148270369,0.01771223545074463,-43.187782287597656
551,0.5515515804290771,62.31785202026367,-0.0005248368834145367,0.018928781151771545,-45.41374206542969
552,0.5525525808334351,62.3707275390625,-0.0005270012770779431,0.019520536065101624,-46.53146743774414
553,0.553553581237793,62.42365264892578,-0.0005170709919184446,0.01878144033253193,-45.27793884277344
554,0.5545545816421509,62.476619720458984,-0.0005208447109907866,0.019620519131422043,-47.113677978515625
555,0.5555555820465088,62.52962875366211,-0.0005227875080890954,0.019960053265094757,-48.011749267578125
556,0.5565565824508667,62.58268737792969,-0.0005183209432289004,0.01910875365138054,-46.56039810180664
557,0.5575575828552246,62.63578796386719,-0.0005245871725492179,0.019453486427664757,-47.344120025634766
558,0.5585585832595825,62.688934326171875,-0.0005130289355292916,0.017627742141485214,-43.99509811401367
559,0.5595595836639404,62.74212646484375,-0.0005248818779364228,0.018588820472359657,-46.01957321166992
560,0.5605605840682983,62.79536437988281,-0.0005210227100178599,0.01736459881067276,-43.70170211791992
561,0.5615615844726562,62.8486442565918,-0.0005226096836850047,0.017074663192033768,-43.168678283691406
562,0.5625625848770142,62.901973724365234,-0.000527467462234199,0.017594771459698677,-44.16141128540039
563,0.5635635852813721,62.955345153808594,-0.0005312482244335115,0.018630029633641243,-46.12393569946289
564,0.56456458568573,63.008766174316406,-0.000525761628523469,0.018243223428726196,-45.32522964477539
565,0.5655655860900879,63.062225341796875,-0.0005335969617590308,0.019725412130355835,-47.973480224609375
566,0.5665665864944458,63.11573791503906,-0.0005233065458014607,0.018758855760097504,-46.08485794067383
567,0.5675675868988037,63.16929244995117,-0.0005059241084381938,0.017202071845531464,-43.109981536865234
568,0.5685685873031616,63.2228889465332,-0.0004933074815198779,0.016452496871352196,-41.70068359375
569,0.5695695877075195,63.27653503417969,-0.00048459842219017446,0.015744047239422798,-40.268585205078125
570,0.5705705881118774,63.33022689819336,-0.0004803258634638041,0.015264654532074928,-39.30482864379883
571,0.5715715885162354,63.38396072387695,-0.0004653084324672818,0.013043868355453014,-34.66889953613281
572,0.5725725889205933,63.437744140625,-0.000460491661215201,0.01254675816744566,-33.754337310791016
573,0.5735735893249512,63.4915657043457,-0.0004653671057894826,0.01344518642872572,-35.8587532043457
574,0.5745745897293091,63.545440673828125,-0.0004529002762865275,0.011843987740576267,-32.56682586669922
575,0.575575590133667,63.599361419677734,-0.00044974047341383994,0.011586512438952923,-32.171875
576,0.5765765905380249,63.65332794189453,-0.00043457781430333853,0.009267188608646393,-27.072288513183594
577,0.5775775909423828,63.707332611083984,-0.00043623134843073785,0.010108298622071743,-29.118314743041992
578,0.5785785913467407,63.761390686035156,-0.0004362593754194677,0.010384921915829182,-29.861717224121094
579,0.5795795917510986,63.815494537353516,-0.0004358338483143598,0.010563449934124947,-30.35272979736328
580,0.5805805921554565,63.8696403503418,-0.0004331675008870661,0.010362791828811169,-29.8983154296875
581,0.5815815925598145,63.92383575439453,-0.0004345288616605103,0.01076111663132906,-30.754201889038086
582,0.5825825929641724,63.97807693481445,-0.00042670214315876365,0.009828784503042698,-28.53799819946289
583,0.5835835933685303,64.03236389160156,-0.0004245072486810386,0.009764271788299084,-28.338512420654297
584,0.5845845937728882,64.0866928100586,-0.0004278532578609884,0.010284732095897198,-29.51914405822754
585,0.5855855941772461,64.14107513427734,-0.0004308587231207639,0.010400941595435143,-29.781198501586914
586,0.586586594581604,64.19549560546875,-0.00043843413004651666,0.01165833417326212,-32.733150482177734
587,0.5875875949859619,64.24996948242188,-0.0004346169298514724,0.011282576248049736,-32.00717544555664
588,0.5885885953903198,64.30448150634766,-0.0004299093270674348,0.010929115116596222,-31.304121017456055
589,0.5895895957946777,64.35903930664062,-0.000420350901549682,0.009838258847594261,-28.84575653076172
590,0.5905905961990356,64.41365814208984,-0.00041924999095499516,0.009872624650597572,-28.98047637939453
591,0.5915915966033936,64.46830749511719,-0.00040999773773364723,0.00840968918055296,-25.49008560180664
592,0.5925925970077515,64.52301025390625,-0.0004130757588427514,0.008955501951277256,-26.776885986328125
593,0.5935935974121094,64.5777587890625,-0.00040976880700327456,0.008818257600069046,-26.34868812561035
594,0.5945945978164673,64.63255310058594,-0.0004097805358469486,0.009182527661323547,-27.16417694091797
595,0.5955955982208252,64.68739318847656,-0.0004073921882081777,0.008850404061377048,-26.30612564086914
596,0.5965965986251831,64.74227905273438,-0.0004121734818909317,0.010042385198175907,-29.227426528930664
597,0.597597599029541,64.7972183227539,-0.00040876379352994263,0.009944535791873932,-29.163373947143555
598,0.5985985994338989,64.8521957397461,-0.000403888727305457,0.00942107941955328,-28.106056213378906
599,0.5995995998382568,64.9072265625,-0.0004014739824924618,0.008952079340815544,-27.113285064697266
600,0.6006006002426147,64.96229553222656,-0.0004032631404697895,0.00953266303986311,-28.6051025390625
601,0.6016016006469727,65.01741790771484,-0.00041004293598234653,0.010783289559185505,-31.646446228027344
602,0.6026026010513306,65.07258605957031,-0.00041787332156673074,0.011737581342458725,-33.824607849121094
603,0.6036036014556885,65.12779998779297,-0.00041609423351474106,0.011255244724452496,-32.58424377441406
604,0.6046046018600464,65.18305969238281,-0.0004175025678705424,0.01158843468874693,-33.35397720336914
605,0.6056056022644043,65.23836517333984,-0.0004145170678384602,0.011443709023296833,-33.0710563659668
606,0.6066066026687622,65.2937240600586,-0.0004103989922441542,0.010829439386725426,-31.669883728027344
607,0.6076076030731201,65.34912872314453,-0.00040811236249282956,0.010106272995471954,-29.9724063873291
608,0.608608603477478,65.40457916259766,-0.0004088988353032619,0.009951832704246044,-29.659761428833008
609,0.6096096038818359,65.46007537841797,-0.00041252473602071404,0.010538192465901375,-31.12819480895996
610,0.6106106042861938,65.51561737060547,-0.00041683652671054006,0.011382324621081352,-33.19450759887695
611,0.6116116046905518,65.57120513916016,-0.0004165206919424236,0.011608189903199673,-33.82698440551758
612,0.6126126050949097,65.62684631347656,-0.00041944050462916493,0.012607629410922527,-36.2308349609375
613,0.6136136054992676,65.68252563476562,-0.0004213627544231713,0.013325435109436512,-37.90565872192383
614,0.6146146059036255,65.7382583618164,-0.0004297603736631572,0.014912139624357224,-41.592987060546875
615,0.6156156063079834,65.79403686523438,-0.000427928171120584,0.015019548125565052,-41.843318939208984
616,0.6166166067123413,65.84986877441406,-0.0004233686486259103,0.01455785147845745,-40.75372314453125
617,0.6176176071166992,65.9057388305664,-0.00042110419599339366,0.014166880398988724,-39.817344665527344
618,0.6186186075210571,65.96166229248047,-0.00042196561116725206,0.014424348250031471,-40.469871520996094
619,0.619619607925415,66.01763153076172,-0.0004180046380497515,0.013947316445410252,-39.38792037963867
620,0.620620608329773,66.07364654541016,-0.00042311818106099963,0.014767332933843136,-41.343841552734375
621,0.6216216087341309,66.12971496582031,-0.0004233740037307143,0.014883988536894321,-41.63802719116211
622,0.6226226091384888,66.18582916259766,-0.0004250747733749449,0.015238197520375252,-42.42688751220703
623,0.6236236095428467,66.24198150634766,-0.00042124142055399716,0.014695726335048676,-41.09206771850586
624,0.6246246099472046,66.29818725585938,-0.0004145506536588073,0.013342089019715786,-37.83200454711914
625,0.6256256103515625,66.35443878173828,-0.00041244496242143214,0.013748377561569214,-38.875083923339844
626,0.6266266107559204,66.4107437133789,-0.00040791055653244257,0.012222232297062874,-35.18130874633789
627,0.6276276111602783,66.46709442138672,-0.000406447215937078,0.012059723027050495,-34.8088264465332
628,0.6286286115646362,66.52349090576172,-0.0004083522944711149,0.01388708595186472,-39.3065299987793
629,0.6296296119689941,66.57994079589844,-0.00040349492337554693,0.011747407726943493,-34.07806396484375
630,0.630630612373352,66.63642883300781,-0.0004009529948234558,0.011865430511534214,-34.44776153564453
631,0.63163161277771,66.6929702758789,-0.00039843848207965493,0.011050153523683548,-32.484703063964844
632,0.6326326131820679,66.74955749511719,-0.0003954462008550763,0.010388380847871304,-30.91736602783203
633,0.6336336135864258,66.80619812011719,-0.0003922255418729037,0.009432848542928696,-28.55484390258789
634,0.6346346139907837,66.86288452148438,-0.0003901288437191397,0.008213198743760586,-25.44976806640625
635,0.6356356143951416,66.91961669921875,-0.0003904867044184357,0.007915626280009747,-24.689985275268555
636,0.6366366147994995,66.97640228271484,-0.00039084794116206467,0.007219529245048761,-22.927480697631836
637,0.6376376152038574,67.0332260131836,-0.00039141764864325523,0.006485826801508665,-21.107160568237305
638,0.6386386156082153,67.0901107788086,-0.0003941854229196906,0.006695371586829424,-21.757404327392578
639,0.6396396160125732,67.14703369140625,-0.0003962139890063554,0.00676356628537178,-22.036706924438477
640,0.6406406164169312,67.20401000976562,-0.0003966157673858106,0.006431997288018465,-21.26730728149414
641,0.6416416764259338,67.26103210449219,-0.00039883199497126043,0.007530181668698788,-24.073579788208008
642,0.6426426768302917,67.31810760498047,-0.0003991423291154206,0.009413252584636211,-28.803348541259766
643,0.6436436772346497,67.37522888183594,-0.00039554244722239673,0.010288448072969913,-31.08674430847168
644,0.6446446776390076,67.4323959350586,-0.0003918156144209206,0.010418418794870377,-31.545785903930664
645,0.6456456780433655,67.48960876464844,-0.00038807105738669634,0.01053597778081894,-32.011474609375
646,0.6466466784477234,67.546875,-0.0003878254210576415,0.012150621972978115,-36.313209533691406
647,0.6476476788520813,67.60418701171875,-0.0003874267276842147,0.011975799687206745,-35.932247161865234
648,0.6486486792564392,67.66155242919922,-0.0003865386825054884,0.01144216489046812,-34.61712646484375
649,0.6496496796607971,67.71896362304688,-0.0003865204635076225,0.011211489327251911,-34.05056381225586
650,0.650650680065155,67.77642822265625,-0.0003852929512504488,0.010495686903595924,-32.23921203613281
651,0.6516516804695129,67.83393859863281,-0.0003867786726914346,0.010151751339435577,-31.371273040771484
652,0.6526526808738708,67.89148712158203,-0.00038979179225862026,0.009996028617024422,-30.991971969604492
653,0.6536536812782288,67.9490966796875,-0.0003915701527148485,0.009442339651286602,-29.621658325195312
654,0.6546546816825867,68.00675201416016,-0.0003943695337511599,0.01088365726172924,-33.31572341918945
655,0.6556556820869446,68.064453125,-0.0003925666678696871,0.011153895407915115,-34.093284606933594
656,0.6566566824913025,68.1222152709961,-0.0003913241671398282,0.012135294266045094,-36.64828872680664
657,0.6576576828956604,68.18000793457031,-0.00038967037107795477,0.012453309260308743,-37.4764518737793
658,0.6586586833000183,68.23786163330078,-0.00038728865911252797,0.01225358061492443,-36.95122146606445
659,0.6596596837043762,68.29576110839844,-0.0003855896939057857,0.01288637239485979,-38.59425354003906
660,0.6606606841087341,68.35371398925781,-0.00038360728649422526,0.013161533512175083,-39.3953971862793
661,0.661661684513092,68.41171264648438,-0.00038494355976581573,0.014312397688627243,-42.501930236816406
662,0.66266268491745,68.46975708007812,-0.00037967110984027386,0.013106290251016617,-39.42877960205078
663,0.6636636853218079,68.5278549194336,-0.00037363835144788027,0.011604633182287216,-35.50088882446289
664,0.6646646857261658,68.58599853515625,-0.000373705814126879,0.01226323563605547,-37.25605773925781
665,0.6656656861305237,68.64419555664062,-0.0003724377602338791,0.012278245761990547,-37.26202392578125
666,0.6666666865348816,68.70243835449219,-0.00037585149402730167,0.013554319739341736,-40.602848052978516
667,0.6676676869392395,68.76073455810547,-0.0003729931777343154,0.012795752845704556,-38.52069091796875
668,0.6686686873435974,68.81907653808594,-0.00037128664553165436,0.01173598226159811,-35.65528106689453
669,0.6696696877479553,68.87747192382812,-0.00037288645398803055,0.012455791234970093,-37.60419464111328
670,0.6706706881523132,68.9359130859375,-0.0003730430908035487,0.01107316929847002,-33.9488639831543
671,0.6716716885566711,68.9944076538086,-0.00037405762122944,0.012119428254663944,-36.86299133300781
672,0.672672688961029,69.05294799804688,-0.00037493370473384857,0.011670932173728943,-35.8220329284668
673,0.673673689365387,69.11154174804688,-0.0003760640975087881,0.010602033697068691,-33.14495849609375
674,0.6746746897697449,69.17018127441406,-0.0003773345670197159,0.01060262881219387,-33.34546661376953
675,0.6756756901741028,69.22887420654297,-0.00037540728226304054,0.009610209614038467,-30.946287155151367
676,0.6766766905784607,69.2876205444336,-0.0003730311873368919,0.009274992160499096,-30.17453384399414
677,0.6776776909828186,69.34640502929688,-0.0003697377978824079,0.008515016175806522,-28.157176971435547
678,0.6786786913871765,69.4052505493164,-0.00036724493838846684,0.007999162189662457,-26.717748641967773
679,0.6796796917915344,69.4641342163086,-0.000368369510397315,0.008530095219612122,-28.098583221435547
680,0.6806806921958923,69.52307891845703,-0.0003702953108586371,0.009877355769276619,-31.71318817138672
681,0.6816816926002502,69.58206939697266,-0.0003694790357258171,0.011140587739646435,-35.229183197021484
682,0.6826826930046082,69.64111328125,-0.0003647934936452657,0.01121699158102274,-35.622745513916016
683,0.6836836934089661,69.7001953125,-0.00036152242682874203,0.011601104401051998,-36.812076568603516
684,0.684684693813324,69.75934600830078,-0.0003593997098505497,0.011918564327061176,-37.73180389404297
685,0.6856856942176819,69.81852722167969,-0.00035741901956498623,0.011991339735686779,-37.823421478271484
686,0.6866866946220398,69.87776947021484,-0.00035739707527682185,0.012480303645133972,-38.99327850341797
687,0.6876876950263977,69.93706512451172,-0.0003574457950890064,0.012660647742450237,-39.313072204589844
688,0.6886886954307556,69.99640655517578,-0.00035505261621437967,0.01130278967320919,-35.38471603393555
689,0.6896896958351135,70.05580139160156,-0.00035407458199188113,0.011181243695318699,-35.0372200012207
690,0.6906906962394714,70.11524200439453,-0.00035242445301264524,0.010961243882775307,-34.5187873840332
691,0.6916916966438293,70.17473602294922,-0.0003517627774272114,0.011242358013987541,-35.41172409057617
692,0.6926926970481873,70.23428344726562,-0.00035222608130425215,0.011401078663766384,-35.905792236328125
693,0.6936936974525452,70.29387664794922,-0.0003514699055813253,0.010294699110090733,-32.82770538330078
694,0.6946946978569031,70.353515625,-0.0003525218926370144,0.010336034931242466,-33.02580642700195
695,0.695695698261261,70.41321563720703,-0.00035228070919401944,0.010592309758067131,-33.95732879638672
696,0.6966966986656189,70.47296142578125,-0.0003485193301457912,0.01035291701555252,-33.55780792236328
697,0.6976976990699768,70.53276062011719,-0.000346750661265105,0.010473771020770073,-34.13740158081055
698,0.6986986994743347,70.59259796142578,-0.00034703020355664194,0.010987000539898872,-35.75987243652344
699,0.6996996998786926,70.65249633789062,-0.00034465984208509326,0.010638624429702759,-34.81203842163086
700,0.7007007002830505,70.71244812011719,-0.0003455286205280572,0.01093804370611906,-35.64004898071289
701,0.7017017006874084,70.77244567871094,-0.00034623604733496904,0.01099791843444109,-35.73539352416992
702,0.7027027010917664,70.83250427246094,-0.00034609748399816453,0.010223650373518467,-33.414939880371094
703,0.7037037014961243,70.8926010131836,-0.0003488208167254925,0.011064979247748852,-35.802059173583984
704,0.7047047019004822,70.95275115966797,-0.00034932809649035335,0.011442177928984165,-36.92889404296875
705,0.7057057023048401,71.0129623413086,-0.0003473724937066436,0.01115533709526062,-36.2347297668457
706,0.706706702709198,71.07321166992188,-0.0003475999692454934,0.011568927206099033,-37.58545684814453
707,0.7077077031135559,71.1335220336914,-0.0003531859256327152,0.012933657504618168,-41.6287727355957
708,0.7087087035179138,71.19387817382812,-0.00035318825393915176,0.012882786802947521,-41.610511779785156
709,0.7097097039222717,71.25428771972656,-0.0003530433459673077,0.012793059460818768,-41.414703369140625
710,0.7107107043266296,71.31475067138672,-0.0003539285680744797,0.012717277742922306,-41.16834259033203
711,0.7117117047309875,71.37525939941406,-0.00035575457150116563,0.012813339941203594,-41.37229919433594
712,0.7127127051353455,71.4358139038086,-0.0003585255763027817,0.013466707430779934,-43.25732421875
713,0.7137137055397034,71.4964370727539,-0.0003545593353919685,0.013152698054909706,-42.504756927490234
714,0.7147147059440613,71.55709838867188,-0.00035264051984995604,0.013171962462365627,-42.626461029052734
715,0.7157157063484192,71.61781311035156,-0.00034846822381950915,0.012763322331011295,-41.45856857299805
716,0.7167167067527771,71.67858123779297,-0.0003393317456357181,0.011388441547751427,-37.544944763183594
717,0.717717707157135,71.7394027709961,-0.0003366005839779973,0.01110747642815113,-36.78784942626953
718,0.7187187075614929,71.8002700805664,-0.0003338048991281539,0.010110965929925442,-33.80462646484375
719,0.7197197079658508,71.86119842529297,-0.0003347693709656596,0.009891556575894356,-33.091773986816406
720,0.7207207083702087,71.92217254638672,-0.0003363337309565395,0.010504980571568012,-34.89420700073242
721,0.7217217087745667,71.98320007324219,-0.00033533055102452636,0.010579417459666729,-35.19020080566406
722,0.7227227091789246,72.04427337646484,-0.0003334148204885423,0.009803489781916142,-32.931846618652344
723,0.7237237095832825,72.10540771484375,-0.00033283705124631524,0.010135559365153313,-33.97243118286133
724,0.7247247099876404,72.16658782958984,-0.0003324577701278031,0.010944588109850883,-36.505287170410156
725,0.7257257103919983,72.22782135009766,-0.0003311597683932632,0.011172336526215076,-37.37785720825195
726,0.7267267107963562,72.28910827636719,-0.0003304790589027107,0.011561643332242966,-38.78644561767578
727,0.7277277112007141,72.3504409790039,-0.0003356938832439482,0.013097926042973995,-43.62133026123047
728,0.728728711605072,72.41183471679688,-0.0003364612639416009,0.013241542503237724,-44.28603744506836
729,0.7297297120094299,72.47327423095703,-0.0003343777498230338,0.012798911891877651,-43.202144622802734
730,0.7307307124137878,72.53477478027344,-0.00032755229040049016,0.011397520080208778,-39.0904426574707
731,0.7317317128181458,72.59632110595703,-0.0003258420911151916,0.010986213572323322,-37.85832214355469
732,0.7327327132225037,72.65791320800781,-0.00033196917502209544,0.012112295255064964,-41.28506851196289
733,0.7337337136268616,72.71956634521484,-0.00033117743441835046,0.012339717708528042,-41.97312545776367
734,0.7347347140312195,72.78126525878906,-0.00032409263076260686,0.011571092531085014,-39.594993591308594
735,0.7357357144355774,72.84302520751953,-0.00032348610693588853,0.011887258850038052,-40.49684143066406
736,0.7367367148399353,72.90483093261719,-0.0003238098870497197,0.012339217588305473,-41.783058166503906
737,0.7377377152442932,72.96669006347656,-0.000321941013680771,0.012030997313559055,-40.65184020996094
738,0.7387387156486511,73.02860260009766,-0.0003268206201028079,0.01308685913681984,-43.83277130126953
739,0.739739716053009,73.09056854248047,-0.00032583915162831545,0.012798908166587353,-42.94402313232422
740,0.7407407164573669,73.152587890625,-0.00032584357541054487,0.012657621875405312,-42.597930908203125
741,0.7417417168617249,73.21465301513672,-0.00032847747206687927,0.01295415312051773,-43.59524154663086
742,0.7427427172660828,73.27677917480469,-0.0003287761355750263,0.012541639618575573,-42.440208435058594
743,0.7437437772750854,73.33895874023438,-0.0003289021260570735,0.012174364179372787,-41.43824768066406
744,0.7447447776794434,73.40119171142578,-0.0003318632079754025,0.01239984855055809,-42.20805740356445
745,0.7457457780838013,73.46347045898438,-0.00033486163010820746,0.012856528162956238,-43.62881088256836
746,0.7467467784881592,73.52580261230469,-0.00034298442187719047,0.014442182146012783,-48.309783935546875
747,0.7477477788925171,73.58819580078125,-0.00034129974665120244,0.014428687281906605,-48.32121658325195
748,0.748748779296875,73.65062713623047,-0.000340967730153352,0.014822734519839287,-49.59480285644531
749,0.7497497797012329,73.71311950683594,-0.0003324055578559637,0.013406318612396717,-45.49048614501953
750,0.7507507801055908,73.77567291259766,-0.0003332868800498545,0.01377258449792862,-46.614994049072266
751,0.7517517805099487,73.83826446533203,-0.00033117408747784793,0.013324289582669735,-45.25149917602539
752,0.7527527809143066,73.90092468261719,-0.0003319637617096305,0.013431615196168423,-45.51496505737305
753,0.7537537813186646,73.963623046875,-0.0003290545428171754,0.011996536515653133,-41.140682220458984
754,0.7547547817230225,74.02638244628906,-0.00032839144114404917,0.011769024655222893,-40.5391845703125
755,0.7557557821273804,74.08919525146484,-0.0003263570833951235,0.01194982323795557,-41.336936950683594
756,0.7567567825317383,74.15206146240234,-0.0003232595627196133,0.011047229170799255,-38.78837585449219
757,0.7577577829360962,74.21498107910156,-0.0003210979048162699,0.011052955873310566,-39.00988006591797
758,0.7587587833404541,74.2779541015625,-0.0003204333479516208,0.011619675904512405,-40.93999099731445
759,0.759759783744812,74.34097290039062,-0.00031940481858327985,0.011492743156850338,-40.64058303833008
760,0.7607607841491699,74.404052734375,-0.0003237783384975046,0.01286508608609438,-44.92890930175781
761,0.7617617845535278,74.4671859741211,-0.0003285389975644648,0.013879973441362381,-48.04856872558594
762,0.7627627849578857,74.53038024902344,-0.00032501333043910563,0.013332639820873737,-46.393985748291016
763,0.7637637853622437,74.59361267089844,-0.0003217844059690833,0.012962010689079762,-45.27511978149414
764,0.7647647857666016,74.65690612792969,-0.0003216069017071277,0.013263042084872723,-46.22987365722656
765,0.7657657861709595,74.72025299072266,-0.0003140456974506378,0.01148101408034563,-40.60775375366211
766,0.7667667865753174,74.78365325927734,-0.0003160039195790887,0.01219650637358427,-42.85203170776367
767,0.7677677869796753,74.84710693359375,-0.00031488511012867093,0.012112295255064964,-42.65482711791992
768,0.7687687873840332,74.91061401367188,-0.0003108180535491556,0.011259983293712139,-40.09060287475586
769,0.7697697877883911,74.97418212890625,-0.0003098230226896703,0.011335831135511398,-40.455116271972656
770,0.770770788192749,75.03779602050781,-0.0003122211783193052,0.01240251213312149,-43.94751739501953
771,0.7717717885971069,75.1014633178711,-0.00031269952887669206,0.012407764792442322,-43.96166229248047
772,0.7727727890014648,75.1651840209961,-0.0003189693670719862,0.014339921995997429,-50.03757858276367
773,0.7737737894058228,75.22896575927734,-0.00032051524613052607,0.014317437075078487,-49.79996109008789
774,0.7747747898101807,75.29280090332031,-0.00031935860170051455,0.014031676575541496,-48.86109161376953
775,0.7757757902145386,75.35668182373047,-0.00032091347384266555,0.014943886548280716,-51.70561981201172
776,0.7767767906188965,75.42062377929688,-0.0003185116220265627,0.014578335918486118,-50.581790924072266
777,0.7777777910232544,75.484619140625,-0.0003149571130052209,0.013655541464686394,-47.660335540771484
778,0.7787787914276123,75.54866790771484,-0.0003093860577791929,0.012167959474027157,-42.92518615722656
779,0.7797797918319702,75.6127700805664,-0.0003110504476353526,0.013332719914615154,-46.66978454589844
780,0.7807807922363281,75.67693328857422,-0.0003099737223237753,0.013505314476788044,-47.21624755859375
781,0.781781792640686,75.74114227294922,-0.00030351884197443724,0.012148198671638966,-42.852027893066406
782,0.782782793045044,75.80540466308594,-0.0003007024643011391,0.011989664286375046,-42.40746307373047
783,0.7837837934494019,75.8697280883789,-0.0002970768546219915,0.011381670832633972,-40.46699523925781
784,0.7847847938537598,75.9341049194336,-0.000296199374133721,0.011531980708241463,-41.12774658203125
785,0.7857857942581177,75.99853515625,-0.0002969532797578722,0.012085731141269207,-43.101661682128906
786,0.7867867946624756,76.06301879882812,-0.000297699763905257,0.012418032623827457,-44.276119232177734
787,0.7877877950668335,76.1275634765625,-0.00029869884019717574,0.012523772194981575,-44.62980270385742
788,0.7887887954711914,76.19215393066406,-0.00030122470343485475,0.01283744815737009,-45.64012908935547
789,0.7897897958755493,76.25680541992188,-0.00030645017977803946,0.013988291844725609,-49.35755157470703
790,0.7907907962799072,76.3215103149414,-0.0003052700776606798,0.013165628537535667,-46.65015411376953
791,0.7917917966842651,76.38626861572266,-0.0003048349462915212,0.01265821885317564,-45.078643798828125
792,0.792792797088623,76.45108032226562,-0.0003048329090233892,0.012735276482999325,-45.454368591308594
793,0.793793797492981,76.51595306396484,-0.00030383525881916285,0.012424210086464882,-44.516143798828125
794,0.7947947978973389,76.58087921142578,-0.00030401753610931337,0.012819822877645493,-45.89590072631836
795,0.7957957983016968,76.64585876464844,-0.0003046640777029097,0.013446317054331303,-48.006351470947266
796,0.7967967987060547,76.71089172363281,-0.0003084445488639176,0.015142220072448254,-53.601837158203125
797,0.7977977991104126,76.7759780883789,-0.0003080139576923102,0.014799828641116619,-52.55961990356445
798,0.7987987995147705,76.84112548828125,-0.00030665594385936856,0.014453033916652203,-51.62688446044922
799,0.7997997999191284,76.90632629394531,-0.0003066288190893829,0.014509252272546291,-52.035438537597656
800,0.8008008003234863,76.97157287597656,-0.0003023949102498591,0.013095743022859097,-47.621517181396484
801,0.8018018007278442,77.03689575195312,-0.0003043191391043365,0.01375611126422882,-50.038055419921875
802,0.8028028011322021,77.10225677490234,-0.00030919775599613786,0.015146108344197273,-54.758846282958984
803,0.8038038015365601,77.16767883300781,-0.0003075418062508106,0.014470640569925308,-52.73292541503906
804,0.804804801940918,77.233154296875,-0.0003104759962297976,0.015290535986423492,-55.5171012878418
805,0.8058058023452759,77.29869079589844,-0.0003107704396825284,0.015280650928616524,-55.51533126831055
806,0.8068068027496338,77.36427307128906,-0.00031217868672683835,0.015706222504377365,-56.86276626586914
807,0.8078078031539917,77.42991638183594,-0.00030767155112698674,0.013886189088225365,-50.97593688964844
808,0.8088088035583496,77.49562072753906,-0.000307337730191648,0.013916652649641037,-51.10737609863281
809,0.8098098039627075,77.56137084960938,-0.00030410164617933333,0.012928702868521214,-47.9698600769043
810,0.8108108043670654,77.62718963623047,-0.00029958400409668684,0.011847634799778461,-44.508934020996094
811,0.8118118047714233,77.69306182861328,-0.0002973763330373913,0.011738058179616928,-44.25033950805664
812,0.8128128051757812,77.75897979736328,-0.00029718532459810376,0.012101570144295692,-45.542545318603516
813,0.8138138055801392,77.82495880126953,-0.00029474799521267414,0.011947483755648136,-45.04846954345703
814,0.8148148059844971,77.8909912109375,-0.0002890814794227481,0.011089432053267956,-42.120574951171875
815,0.815815806388855,77.95708465576172,-0.00028828042559325695,0.011379600502550602,-43.12299346923828
816,0.8168168067932129,78.02323150634766,-0.0002833333855960518,0.01099215354770422,-41.7874755859375
817,0.8178178071975708,78.08943176269531,-0.00028734467923641205,0.012485421262681484,-47.132938385009766
818,0.8188188076019287,78.15569305419922,-0.0002873400808311999,0.013059845194220543,-49.362037658691406
819,0.8198198080062866,78.22200775146484,-0.00028397265123203397,0.013000084087252617,-49.448936462402344
820,0.8208208084106445,78.28837585449219,-0.000285292393527925,0.01348256878554821,-51.324405670166016
821,0.8218218088150024,78.35481262207031,-0.00028228023438714445,0.013365176506340504,-51.01329040527344
822,0.8228228092193604,78.4212875366211,-0.0002900815161410719,0.014702290296554565,-55.753997802734375
823,0.8238238096237183,78.48783874511719,-0.0002904210996348411,0.015001189894974232,-56.813232421875
824,0.8248248100280762,78.55442810058594,-0.00028478613239713013,0.014330088160932064,-54.425411224365234
825,0.8258258104324341,78.62108612060547,-0.0002850470191333443,0.01441975124180317,-54.66888427734375
826,0.826826810836792,78.68779754638672,-0.00027642675559036434,0.013201305642724037,-50.178977966308594
827,0.8278278112411499,78.75455474853516,-0.0002754329761955887,0.01293331291526556,-49.04759216308594
828,0.8288288116455078,78.82138061523438,-0.00027708083507604897,0.013207756914198399,-50.0706901550293
829,0.8298298120498657,78.88825988769531,-0.00027763284742832184,0.013314728625118732,-50.600528717041016
830,0.8308308124542236,78.9552001953125,-0.00027144153136759996,0.011722629889845848,-44.90910339355469
831,0.8318318128585815,79.02220153808594,-0.00027066105394624174,0.010491060093045235,-40.42804718017578
832,0.8328328132629395,79.08924865722656,-0.000270960561465472,0.010634016245603561,-41.06638717651367
833,0.8338338136672974,79.15635681152344,-0.0002714756701607257,0.010228780098259449,-39.66000747680664
834,0.8348348140716553,79.22352600097656,-0.0002716877788770944,0.010197311639785767,-39.64443588256836
835,0.8358358144760132,79.29074096679688,-0.0002718151081353426,0.009782412089407444,-38.27958297729492
836,0.8368368148803711,79.35801696777344,-0.00027182744815945625,0.009656496345996857,-37.93449401855469
837,0.837837815284729,79.42535400390625,-0.0002732140419539064,0.009751996956765652,-38.30853271484375
838,0.8388388156890869,79.49275207519531,-0.0002756383619271219,0.008914330042898655,-35.234371185302734
839,0.8398398160934448,79.56019592285156,-0.0002767635160125792,0.008639867417514324,-34.27436447143555
840,0.8408408164978027,79.62770080566406,-0.0002768498961813748,0.00882773194462061,-35.06147766113281
841,0.8418418169021606,79.69527435302734,-0.0002773076994344592,0.010041788220405579,-39.596923828125
842,0.8428428173065186,79.76288604736328,-0.0002763209049589932,0.009842853993177414,-39.03150177001953
843,0.8438438177108765,79.83056640625,-0.00027386759757064283,0.009224425069987774,-36.92119216918945
844,0.8448448181152344,79.89830780029297,-0.0002721682540141046,0.009247475303709507,-37.10172653198242
845,0.8458458185195923,79.96610260009766,-0.00026917498325929046,0.008408883586525917,-34.069847106933594
846,0.846846878528595,80.0339584350586,-0.0002668884117156267,0.007954295724630356,-32.40334701538086
847,0.8478478789329529,80.10186004638672,-0.0002650435781106353,0.007697000168263912,-31.461095809936523
848,0.8488488793373108,80.16983032226562,-0.00026320776669308543,0.0068837860599160194,-28.3510684967041
849,0.8498498797416687,80.23786163330078,-0.0002629059599712491,0.006446232553571463,-26.668352127075195
850,0.8508508801460266,80.30593872070312,-0.0002639416779857129,0.006514615844935179,-26.917922973632812
851,0.8518518805503845,80.37407684326172,-0.0002641869941726327,0.005276976618915796,-22.225811004638672
852,0.8528528809547424,80.44227600097656,-0.00026687089120969176,0.00612390274181962,-25.438854217529297
853,0.8538538813591003,80.51052856445312,-0.00026879788492806256,0.00693789217621088,-28.4340763092041
854,0.8548548817634583,80.57884216308594,-0.0002682546037249267,0.00795915350317955,-32.194252014160156
855,0.8558558821678162,80.647216796875,-0.00026724609779194,0.008180874399840832,-33.020633697509766
856,0.8568568825721741,80.71565246582031,-0.0002664877101778984,0.007977746427059174,-32.297603607177734
857,0.857857882976532,80.78413391113281,-0.0002603486645966768,0.009144485928118229,-36.761966705322266
858,0.8588588833808899,80.8526840209961,-0.00026026731939055026,0.008918619714677334,-35.9034423828125
859,0.8598598837852478,80.92127990722656,-0.0002645385975483805,0.007423292845487595,-30.189266204833984
860,0.8608608841896057,80.98995208740234,-0.0002618002181407064,0.008061010390520096,-32.5784912109375
861,0.8618618845939636,81.05866241455078,-0.0002616248675622046,0.008036820217967033,-32.415836334228516
862,0.8628628849983215,81.12744903564453,-0.00026257956051267684,0.007892132736742496,-31.812204360961914
863,0.8638638854026794,81.19628143310547,-0.00026476418133825064,0.007551278918981552,-30.545061111450195
864,0.8648648858070374,81.26518249511719,-0.00026659309514798224,0.007108746562153101,-28.969276428222656
865,0.8658658862113953,81.3341293334961,-0.0002643603947944939,0.0075303660705685616,-30.683944702148438
866,0.8668668866157532,81.40314483642578,-0.00026674006949178874,0.006480841897428036,-26.892139434814453
867,0.8678678870201111,81.47222137451172,-0.00026720931055024266,0.0054769935086369514,-23.301496505737305
868,0.868868887424469,81.54134368896484,-0.00026553607312962413,0.005492187570780516,-23.485549926757812
869,0.8698698878288269,81.61053466796875,-0.00026141281705349684,0.0064116716384887695,-27.079936981201172
870,0.8708708882331848,81.6797866821289,-0.0002562542795203626,0.007146935909986496,-30.092758178710938
871,0.8718718886375427,81.74909210205078,-0.0002579463180154562,0.006251630838960409,-26.828323364257812
872,0.8728728890419006,81.81845092773438,-0.0002579812426120043,0.005931297782808542,-25.73566246032715
873,0.8738738894462585,81.88787078857422,-0.0002580443979240954,0.005896593444049358,-25.628372192382812
874,0.8748748898506165,81.95735931396484,-0.00025762253790162504,0.006171732675284147,-26.649932861328125
875,0.8758758902549744,82.02690887451172,-0.0002565869071986526,0.007084577810019255,-30.122337341308594
876,0.8768768906593323,82.09650421142578,-0.0002562780282460153,0.007399394176900387,-31.31972312927246
877,0.8778778910636902,82.1661605834961,-0.00025558361085131764,0.008034772239625454,-33.822731018066406
878,0.8788788914680481,82.23587799072266,-0.00025324657326564193,0.00725602125748992,-30.857309341430664
879,0.879879891872406,82.30565643310547,-0.00025099009508267045,0.007238409947603941,-30.907169342041016
880,0.8808808922767639,82.37548828125,-0.00024819225654937327,0.006511962506920099,-28.176008224487305
881,0.8818818926811218,82.44538116455078,-0.0002464429708197713,0.006255338434129953,-27.294490814208984
882,0.8828828930854797,82.51534271240234,-0.0002465593279339373,0.006831403821706772,-29.645498275756836
883,0.8838838934898376,82.58535766601562,-0.00024665528326295316,0.00717206671833992,-30.989124298095703
884,0.8848848938941956,82.65543365478516,-0.0002467579615768045,0.007205113302916288,-31.077089309692383
885,0.8858858942985535,82.72557067871094,-0.00024691320140846074,0.007221035193651915,-31.114072799682617
886,0.8868868947029114,82.7957534790039,-0.0002473950735293329,0.006881421897560358,-29.721925735473633
887,0.8878878951072693,82.86600494384766,-0.00024744425900280476,0.005889228545129299,-25.76177406311035
888,0.8888888955116272,82.93631744384766,-0.00024729876895435154,0.006418734323233366,-28.04315757751465
889,0.8898898959159851,83.00669860839844,-0.00024516371195204556,0.005397758446633816,-24.068510055541992
890,0.890890896320343,83.0771255493164,-0.0002433839690638706,0.005111995153129101,-23.049789428710938
891,0.8918918967247009,83.14761352539062,-0.00024251031572930515,0.005074815358966589,-23.048595428466797
892,0.8928928971290588,83.21817016601562,-0.00024317618226632476,0.004965180065482855,-22.754764556884766
893,0.8938938975334167,83.28878021240234,-0.00024349300656467676,0.0043039885349571705,-20.140239715576172
894,0.8948948979377747,83.35945129394531,-0.00024467339972034097,0.003999927081167698,-19.02460479736328
895,0.8958958983421326,83.43018341064453,-0.00025036491570062935,0.005357842426747084,-24.576580047607422
896,0.8968968987464905,83.5009765625,-0.00025071122217923403,0.004705349914729595,-22.00408935546875
897,0.8978978991508484,83.57182312011719,-0.0002515701635275036,0.00552709586918354,-25.2938232421875
898,0.8988988995552063,83.64273071289062,-0.00024875899543985724,0.004189543891698122,-20.015762329101562
899,0.8998998999595642,83.71370697021484,-0.00024195808509830385,0.0032544254790991545,-16.232894897460938
900,0.9009009003639221,83.78473663330078,-0.0002422265097266063,0.0034473640844225883,-17.034639358520508
901,0.90190190076828,83.85582733154297,-0.00023940343817230314,0.0032730004750192165,-16.304746627807617
902,0.9029029011726379,83.9269790649414,-0.00023030165175441653,0.0024231316056102514,-12.646650314331055
903,0.9039039015769958,83.99818420410156,-0.00023151820641942322,0.002685243496671319,-13.690635681152344
904,0.9049049019813538,84.06946563720703,-0.0002356737240916118,0.0032768328674137592,-16.124305725097656
905,0.9059059023857117,84.14079284667969,-0.00023308940581046045,0.0028224654961377382,-14.085105895996094
906,0.9069069027900696,84.21219635009766,-0.0002325602836208418,0.0026712126564234495,-13.322854995727539
907,0.9079079031944275,84.28364562988281,-0.0002350330469198525,0.003198039485141635,-15.513726234436035
908,0.9089089035987854,84.35516357421875,-0.00023245827469509095,0.002891052281484008,-14.201096534729004
909,0.9099099040031433,84.42674255371094,-0.00023268233053386211,0.0031813797540962696,-15.507401466369629
910,0.9109109044075012,84.49837493896484,-0.00023113061615731567,0.003175150603055954,-15.568682670593262
911,0.9119119048118591,84.57007598876953,-0.00023656395205762237,0.004298659507185221,-20.483388900756836
912,0.912912905216217,84.64183044433594,-0.0002351722796447575,0.004276182036846876,-20.484466552734375
913,0.913913905620575,84.71365356445312,-0.00024125937488861382,0.0062986817210912704,-29.00334930419922
914,0.9149149060249329,84.78553009033203,-0.00023937164223752916,0.007613739930093288,-34.50446319580078
915,0.9159159064292908,84.85746765136719,-0.0002381100202910602,0.007225994020700455,-32.87628936767578
916,0.9169169068336487,84.92947387695312,-0.0002372019225731492,0.00718471547588706,-32.649940490722656
917,0.9179179072380066,85.00153350830078,-0.00023765824153088033,0.006538244895637035,-29.84235382080078
918,0.9189189076423645,85.07366180419922,-0.00023886447888799012,0.00476660905405879,-22.42107582092285
919,0.9199199080467224,85.1458511352539,-0.00023989391047507524,0.004609051626175642,-21.85439682006836
920,0.9209209084510803,85.21809387207031,-0.00024094760010484606,0.0050648958422243595,-23.88282012939453
921,0.9219219088554382,85.29039764404297,-0.00023484074336010963,0.0029905778355896473,-15.360139846801758
922,0.9229229092597961,85.3627700805664,-0.00023885931295808405,0.0039830938912928104,-19.65265655517578
923,0.923923909664154,85.43519592285156,-0.00023430329747498035,0.0033357490319758654,-16.98747444152832
924,0.924924910068512,85.50769805908203,-0.00022922814241610467,0.0028645694255828857,-14.958568572998047
925,0.9259259104728699,85.58024597167969,-0.0002282833884237334,0.00300348037853837,-15.520812034606934
926,0.9269269108772278,85.6528549194336,-0.00023026543203741312,0.0036043717991560698,-18.082942962646484
927,0.9279279112815857,85.72554779052734,-0.0002316136669833213,0.004042689688503742,-19.917381286621094
928,0.9289289116859436,85.79827880859375,-0.00022941245697438717,0.0035609493497759104,-17.759319305419922
929,0.9299299120903015,85.87108612060547,-0.00023008396965451539,0.0036051147617399693,-17.86307716369629
930,0.9309309124946594,85.9439468383789,-0.00023074289492797107,0.0038646641187369823,-18.92620849609375
931,0.9319319128990173,86.01686096191406,-0.00023048612638376653,0.004179057665169239,-20.263137817382812
932,0.9329329133033752,86.08985137939453,-0.00022957207693252712,0.004404595587402582,-21.25291633605957
933,0.9339339137077332,86.16289520263672,-0.00022806703054811805,0.003854644950479269,-18.837772369384766
934,0.9349349141120911,86.23600769042969,-0.00022771813382860273,0.004090256989002228,-19.88221549987793
935,0.935935914516449,86.3091812133789,-0.00022421868925448507,0.0029668803326785564,-14.990364074707031
936,0.9369369149208069,86.38240814208984,-0.0002225890348199755,0.002796791261062026,-14.281010627746582
937,0.9379379153251648,86.45570373535156,-0.00022097500914242119,0.00244820024818182,-12.750476837158203
938,0.9389389157295227,86.52906799316406,-0.00021907196787651628,0.0018390704644843936,-10.048665046691895
939,0.9399399161338806,86.60248565673828,-0.00021918292623013258,0.0021958942525088787,-11.735784530639648
940,0.9409409165382385,86.67597198486328,-0.00021869901684112847,0.002191993873566389,-11.761695861816406
941,0.9419419169425964,86.74951171875,-0.00021851275232620537,0.0023186395410448313,-12.368531227111816
942,0.9429429173469543,86.82312774658203,-0.00021854597434867173,0.0020869700238108635,-11.292458534240723
943,0.9439439177513123,86.89679718017578,-0.00021852565987501293,0.0013791846577078104,-8.033941268920898
944,0.9449449181556702,86.97053527832031,-0.00021843377908226103,0.00117914704605937,-7.158694267272949
945,0.9459459185600281,87.04431915283203,-0.0002177980641135946,0.0012748860754072666,-7.680420875549316
946,0.946946918964386,87.11817932128906,-0.0002187111385865137,0.001882796990685165,-10.566919326782227
947,0.9479479193687439,87.19210052490234,-0.00021909350471105427,0.001987992087379098,-11.147143363952637
948,0.9489489793777466,87.2660903930664,-0.00022173410980030894,0.0024973193649202585,-13.586048126220703
949,0.9499499797821045,87.34013366699219,-0.0002286731032654643,0.003646872704848647,-18.818435668945312
950,0.9509509801864624,87.41423797607422,-0.00022370554506778717,0.0029349566902965307,-15.811310768127441
951,0.9519519805908203,87.48841094970703,-0.00023092534684110433,0.0041992939077317715,-21.437908172607422
952,0.9529529809951782,87.56263732910156,-0.00023267837241292,0.00521543063223362,-25.856685638427734
953,0.9539539813995361,87.6369400024414,-0.00023087827139534056,0.00541243702173233,-26.716716766357422
954,0.954954981803894,87.71129608154297,-0.00022866815561428666,0.006137833930552006,-29.896568298339844
955,0.955955982208252,87.78572845458984,-0.00022666974109597504,0.005787286441773176,-28.4160213470459
956,0.9569569826126099,87.86021423339844,-0.0002235555148217827,0.004694425966590643,-23.60700225830078
957,0.9579579830169678,87.93476104736328,-0.0002229598758276552,0.004885383881628513,-24.488792419433594
958,0.9589589834213257,88.0093765258789,-0.0002217754372395575,0.004669664427638054,-23.579750061035156
959,0.9599599838256836,88.08405303955078,-0.00022240905673243105,0.005012856796383858,-25.2425594329834
960,0.9609609842300415,88.1587905883789,-0.00022154820908326656,0.004849336575716734,-24.719392776489258
961,0.9619619846343994,88.23359680175781,-0.00022382574388757348,0.005456947255879641,-27.736324310302734
962,0.9629629850387573,88.30846405029297,-0.00022430498211178929,0.005610210821032524,-28.711427688598633
963,0.9639639854431152,88.38339233398438,-0.0002210110251326114,0.0049969214014709,-26.168441772460938
964,0.9649649858474731,88.45838165283203,-0.0002176834095735103,0.004418359603732824,-23.611173629760742
965,0.965965986251831,88.53343963623047,-0.00021872876095585525,0.004674647469073534,-24.767578125
966,0.966966986656189,88.60856628417969,-0.00022061512572690845,0.005504615139216185,-28.42361831665039
967,0.9679679870605469,88.68374633789062,-0.00021907719201408327,0.004854403901845217,-25.31730842590332
968,0.9689689874649048,88.75899505615234,-0.0002183284959755838,0.004478613380342722,-23.46189308166504
969,0.9699699878692627,88.83431243896484,-0.00021883474255446345,0.004505396354943514,-23.456863403320312
970,0.9709709882736206,88.90968322753906,-0.00021824336727149785,0.003651553764939308,-19.43572998046875
971,0.9719719886779785,88.98513793945312,-0.00021852145437151194,0.0037433598190546036,-19.791568756103516
972,0.9729729890823364,89.06063842773438,-0.00021915243996772915,0.004191958345472813,-21.78986930847168
973,0.9739739894866943,89.13619995117188,-0.0002201923925895244,0.0049734534695744514,-25.3116512298584
974,0.9749749898910522,89.21183776855469,-0.00021830145851708949,0.004502288531512022,-23.163089752197266
975,0.9759759902954102,89.28753662109375,-0.00022149403230287135,0.006278784479945898,-31.281993865966797
976,0.9769769906997681,89.36328887939453,-0.00022186743444763124,0.006718057673424482,-33.217350006103516
977,0.977977991104126,89.43911743164062,-0.00022149264987092465,0.0059319487772881985,-29.650733947753906
978,0.9789789915084839,89.5150146484375,-0.00021993981499690562,0.004722074139863253,-24.173913955688477
979,0.9799799919128418,89.59095764160156,-0.00022180337691679597,0.005414644721895456,-27.3636417388916
980,0.9809809923171997,89.66697692871094,-0.00022118157357908785,0.004574769176542759,-23.614788055419922
981,0.9819819927215576,89.7430648803711,-0.00021987713989801705,0.003908977843821049,-20.61983299255371
982,0.9829829931259155,89.81920623779297,-0.0002209341328125447,0.004621358588337898,-23.912872314453125
983,0.9839839935302734,89.89541625976562,-0.0002172715903725475,0.003800485283136368,-20.216928482055664
984,0.9849849939346313,89.97168731689453,-0.00021466963517013937,0.003568236483260989,-19.163331985473633
985,0.9859859943389893,90.04803466796875,-0.00021479727001860738,0.003938090056180954,-20.894851684570312
986,0.9869869947433472,90.12445068359375,-0.00020885006233584136,0.003159008687362075,-17.250537872314453
987,0.9879879951477051,90.20091247558594,-0.0002088928158627823,0.003359789727255702,-18.243667602539062
988,0.988988995552063,90.27745819091797,-0.000210573838558048,0.0038560321554541588,-20.671878814697266
989,0.9899899959564209,90.35404968261719,-0.0002115082461386919,0.004370043985545635,-23.21778106689453
990,0.9909909963607788,90.43071746826172,-0.00020655397383961827,0.0035992844495922327,-19.6541748046875
991,0.9919919967651367,90.5074462890625,-0.0002051039773505181,0.0035196272656321526,-19.3681697845459
992,0.9929929971694946,90.58423614501953,-0.00020138239779043943,0.0030569222290068865,-17.2312068939209
993,0.9939939975738525,90.6611099243164,-0.00020837370539084077,0.003997518680989742,-22.02903938293457
994,0.9949949979782104,90.73802947998047,-0.00020796011085622013,0.0037618931382894516,-21.077070236206055
995,0.9959959983825684,90.81501770019531,-0.00021168810781091452,0.004117231350392103,-22.906225204467773
996,0.9969969987869263,90.89208221435547,-0.0002103440638165921,0.0037354612722992897,-21.151636123657227
997,0.9979979991912842,90.96920013427734,-0.00020918009977322072,0.003430655924603343,-19.727306365966797
998,0.9989989995956421,91.04638671875,-0.00020387704716995358,0.0027397428639233112,-16.380516052246094
999,1.0,91.12364959716797,-0.00021247597760520875,0.0036542133893817663,-20.74513816833496
