index,timestep,Diffusion_Coeff,Divergence,score,pos
0,0.0,39.05299377441406,-0.00752274738624692,-0.12521208822727203,53.46525573730469
1,0.0010010009864345193,39.08612823486328,-0.008159848861396313,-0.11172498017549515,52.01030349731445
2,0.0020020019728690386,39.11929702758789,-0.007771456614136696,-0.12962239980697632,54.430667877197266
3,0.0030030030757188797,39.15248489379883,-0.008074291981756687,-0.1191607266664505,53.261444091796875
4,0.004004003945738077,39.185707092285156,-0.007672812789678574,-0.1354619413614273,55.46401596069336
5,0.005005004815757275,39.218955993652344,-0.007694449741393328,-0.13418948650360107,55.38330841064453
6,0.006006006151437759,39.25223159790039,-0.007948040962219238,-0.12351062148809433,54.074981689453125
7,0.007007007021456957,39.28553771972656,-0.008073631674051285,-0.11710789799690247,53.33189392089844
8,0.008008007891476154,39.31887435913086,-0.008108566515147686,-0.11416904628276825,53.0475959777832
9,0.009009009227156639,39.352237701416016,-0.0075401421636343,-0.1336854100227356,55.679805755615234
10,0.01001000963151455,39.38562774658203,-0.00757789658382535,-0.13018378615379333,55.407230377197266
11,0.011011010967195034,39.41904830932617,-0.0076110148802399635,-0.1255921721458435,55.00953674316406
12,0.012012012302875519,39.452491760253906,-0.007604938931763172,-0.12151375412940979,54.660308837890625
13,0.013013012707233429,39.48596954345703,-0.007463336456567049,-0.12255710363388062,54.932106018066406
14,0.014014014042913914,39.51947021484375,-0.007665671873837709,-0.10905944555997849,53.24229049682617
15,0.015015014447271824,39.55300521850586,-0.007865766063332558,-0.09534526616334915,51.52385330200195
16,0.01601601578295231,39.58656692504883,-0.007636844180524349,-0.09913653880357742,52.1397705078125
17,0.01701701618731022,39.620155334472656,-0.007858915254473686,-0.08452159911394119,50.39431381225586
18,0.018018018454313278,39.653770446777344,-0.007571354508399963,-0.09265240281820297,51.56684494018555
19,0.01901901885867119,39.68742370605469,-0.007461986504495144,-0.09357387572526932,51.84016799926758
20,0.0200200192630291,39.721092224121094,-0.007146597374230623,-0.10252842307090759,53.26962661743164
21,0.021021021530032158,39.754798889160156,-0.00719535443931818,-0.0967690646648407,52.65825271606445
22,0.022022021934390068,39.78852844238281,-0.006737296935170889,-0.11233609914779663,55.08659362792969
23,0.023023022338747978,39.82229232788086,-0.006903765257447958,-0.10145681351423264,53.68744659423828
24,0.024024024605751038,39.8560791015625,-0.006789353676140308,-0.10277391225099564,54.042388916015625
25,0.025025025010108948,39.889896392822266,-0.0067158713936805725,-0.10186927020549774,54.089534759521484
26,0.026026025414466858,39.92374801635742,-0.006422680336982012,-0.11099164932966232,55.64072036743164
27,0.027027025818824768,39.95762252807617,-0.006424397230148315,-0.1080736294388771,55.32582092285156
28,0.028028028085827827,39.99152755737305,-0.006362103391438723,-0.10817024856805801,55.45810317993164
29,0.029029028490185738,40.02545928955078,-0.006206517107784748,-0.11131366342306137,56.07170104980469
30,0.030030028894543648,40.05942153930664,-0.006293374113738537,-0.1053730696439743,55.225101470947266
31,0.031031031161546707,40.093414306640625,-0.005940817762166262,-0.11475475877523422,56.91580581665039
32,0.03203203156590462,40.1274299621582,-0.005786198191344738,-0.11916561424732208,57.824100494384766
33,0.03303303197026253,40.16147994995117,-0.005785796791315079,-0.11968376487493515,58.01238250732422
34,0.03403403237462044,40.195556640625,-0.0055281249806284904,-0.12965437769889832,59.852352142333984
35,0.03503503277897835,40.22966384887695,-0.005804974120110273,-0.11966730654239655,58.18119430541992
36,0.036036036908626556,40.263797760009766,-0.005794443655759096,-0.11919134110212326,58.248817443847656
37,0.03703703731298447,40.29795837402344,-0.005987048614770174,-0.11020389944314957,56.85436248779297
38,0.03803803771734238,40.3321533203125,-0.005950385704636574,-0.10993035137653351,56.934425354003906
39,0.03903903812170029,40.36637878417969,-0.0059360419400036335,-0.10821577161550522,56.78803253173828
40,0.0400400385260582,40.40062713623047,-0.0055401986464858055,-0.12137925624847412,59.260040283203125
41,0.04104103893041611,40.434906005859375,-0.005702019669115543,-0.11100921779870987,57.6704216003418
42,0.042042043060064316,40.469215393066406,-0.005336658097803593,-0.12183519452810287,59.9788703918457
43,0.043043043464422226,40.50355529785156,-0.005392828490585089,-0.11632861942052841,59.26251983642578
44,0.044044043868780136,40.53792190551758,-0.005507179535925388,-0.10946434736251831,58.23374938964844
45,0.045045044273138046,40.572322845458984,-0.005450590513646603,-0.11079686135053635,58.62279510498047
46,0.046046044677495956,40.606746673583984,-0.0054054223001003265,-0.11142177134752274,58.88022232055664
47,0.04704704508185387,40.641197204589844,-0.005142671056091785,-0.1218242272734642,60.979278564453125
48,0.048048049211502075,40.67568588256836,-0.005177304148674011,-0.11927502602338791,60.61135482788086
49,0.049049049615859985,40.71019744873047,-0.005059381015598774,-0.12326139211654663,61.55316925048828
50,0.050050050020217896,40.7447395324707,-0.005064314231276512,-0.12122847139835358,61.36043930053711
51,0.051051050424575806,40.77931213378906,-0.0048582167364656925,-0.1277957409620285,63.027469635009766
52,0.052052050828933716,40.81391143798828,-0.00503747072070837,-0.11638599634170532,61.051780700683594
53,0.053053051233291626,40.84854507446289,-0.004780887626111507,-0.12582094967365265,63.28432846069336
54,0.054054051637649536,40.88320541381836,-0.004470399115234613,-0.1395210325717926,66.55107879638672
55,0.055055055767297745,40.91789627075195,-0.004476638976484537,-0.13656149804592133,66.19011688232422
56,0.056056056171655655,40.952613830566406,-0.004480750299990177,-0.1339159905910492,65.85205841064453
57,0.057057056576013565,40.987361907958984,-0.004674913361668587,-0.12163460999727249,63.353118896484375
58,0.058058056980371475,41.02214431762695,-0.004749552346765995,-0.11628851294517517,62.35628890991211
59,0.059059057384729385,41.056949615478516,-0.004588198382407427,-0.12284303456544876,63.964088439941406
60,0.060060057789087296,41.0917854309082,-0.004546446725726128,-0.12284976243972778,64.23540496826172
61,0.061061061918735504,41.12665557861328,-0.004373563453555107,-0.1298212856054306,66.15149688720703
62,0.062062062323093414,41.16154479980469,-0.004436979070305824,-0.1238929033279419,65.08858489990234
63,0.06306306272745132,41.19647216796875,-0.004235357977449894,-0.13449880480766296,67.76382446289062
64,0.06406406313180923,41.23143005371094,-0.004215170629322529,-0.133869469165802,67.90261840820312
65,0.06506506353616714,41.266414642333984,-0.004211517050862312,-0.1317743957042694,67.72966766357422
66,0.06606606394052505,41.301429748535156,-0.0041876016184687614,-0.13144545257091522,67.94188690185547
67,0.06706706434488297,41.33647537231445,-0.0042227087542414665,-0.1268441528081894,67.18234252929688
68,0.06806806474924088,41.37154769897461,-0.004410477355122566,-0.11119012534618378,64.00221252441406
69,0.06906906515359879,41.406654357910156,-0.004301541484892368,-0.11435586959123611,65.05367279052734
70,0.0700700655579567,41.44178771972656,-0.004287335556000471,-0.11112767457962036,64.61947631835938
71,0.0710710734128952,41.476951599121094,-0.00428357720375061,-0.10714708268642426,63.94719696044922
72,0.07207207381725311,41.512142181396484,-0.004328850656747818,-0.10010877251625061,62.48563003540039
73,0.07307307422161102,41.547367095947266,-0.004192841239273548,-0.10635972023010254,64.11009979248047
74,0.07407407462596893,41.582618713378906,-0.004196847788989544,-0.10395026952028275,63.633609771728516
75,0.07507507503032684,41.61790466308594,-0.004170192871242762,-0.10545213520526886,64.01870727539062
76,0.07607607543468475,41.65321731567383,-0.004285632632672787,-0.09762126952409744,62.139156341552734
77,0.07707707583904266,41.688560485839844,-0.004331076517701149,-0.09519334882497787,61.597557067871094
78,0.07807807624340057,41.72393035888672,-0.004270914942026138,-0.10067168623209,62.9396858215332
79,0.07907907664775848,41.75933074951172,-0.0043633501045405865,-0.09203336387872696,61.13859939575195
80,0.0800800770521164,41.794769287109375,-0.0043520499020814896,-0.08911716192960739,60.71253204345703
81,0.0810810774564743,41.830230712890625,-0.0043252939358353615,-0.08632693439722061,60.341331481933594
82,0.08208207786083221,41.865726470947266,-0.0043437425047159195,-0.07959055155515671,58.9785041809082
83,0.08308307826519012,41.9012451171875,-0.004305498208850622,-0.07870694249868393,58.90443420410156
84,0.08408408612012863,41.93680191040039,-0.004304109141230583,-0.07492164522409439,58.08055114746094
85,0.08508508652448654,41.97238540649414,-0.004296138882637024,-0.07502473890781403,58.06426239013672
86,0.08608608692884445,42.00799560546875,-0.004265318159013987,-0.07891107350587845,58.89468002319336
87,0.08708708733320236,42.043643951416016,-0.004119751043617725,-0.09243760257959366,62.09794235229492
88,0.08808808773756027,42.079315185546875,-0.004168935120105743,-0.08682779222726822,60.788719177246094
89,0.08908908814191818,42.115020751953125,-0.00415840046480298,-0.08423589915037155,60.373619079589844
90,0.09009008854627609,42.1507568359375,-0.004098634235560894,-0.08859510719776154,61.65347671508789
91,0.091091088950634,42.186519622802734,-0.00407559797167778,-0.08971729129552841,62.15697479248047
92,0.09209208935499191,42.22231674194336,-0.00400971807539463,-0.09500887244939804,63.7725830078125
93,0.09309308975934982,42.258140563964844,-0.004007653333246708,-0.09121841937303543,63.170555114746094
94,0.09409409016370773,42.29399490356445,-0.003979002591222525,-0.08994609862565994,63.20524597167969
95,0.09509509056806564,42.32988739013672,-0.003960656933486462,-0.08745178580284119,62.87824249267578
96,0.09609609842300415,42.36580276489258,-0.0038983174599707127,-0.09139232337474823,64.11903381347656
97,0.09709709882736206,42.40175247192383,-0.003883401397615671,-0.08836635202169418,63.51420593261719
98,0.09809809923171997,42.4377326965332,-0.003854994894936681,-0.0863589346408844,63.12785339355469
99,0.09909909963607788,42.473731994628906,-0.00381022272631526,-0.08444478362798691,62.822975158691406
100,0.10010010004043579,42.5097770690918,-0.003753944765776396,-0.08542012423276901,63.251773834228516
101,0.1011011004447937,42.545841217041016,-0.003733647521585226,-0.08375535905361176,62.89116668701172
102,0.10210210084915161,42.58195114135742,-0.0037284542340785265,-0.08152475953102112,62.32883834838867
103,0.10310310125350952,42.618080139160156,-0.0037068799138069153,-0.08398604393005371,62.99483871459961
104,0.10410410165786743,42.65423583984375,-0.0036855300422757864,-0.08531356602907181,63.38319396972656
105,0.10510510206222534,42.6904296875,-0.003671216079965234,-0.08600470423698425,63.531890869140625
106,0.10610610246658325,42.726654052734375,-0.003576718270778656,-0.09815502911806107,66.89916229248047
107,0.10710710287094116,42.762908935546875,-0.0035222615115344524,-0.10058822482824326,67.72742462158203
108,0.10810810327529907,42.799190521240234,-0.0034677297808229923,-0.10342048853635788,68.73614501953125
109,0.10910911113023758,42.83551025390625,-0.0034614047035574913,-0.10178081691265106,68.41801452636719
110,0.11011011153459549,42.871856689453125,-0.0035224431194365025,-0.09122753888368607,65.54820251464844
111,0.1111111119389534,42.90822982788086,-0.003513181582093239,-0.09429324418306351,66.56507110595703
112,0.11211211234331131,42.94463348388672,-0.0035416807513684034,-0.08847271651029587,65.14359283447266
113,0.11311311274766922,42.9810791015625,-0.003516972763463855,-0.09193587303161621,66.41200256347656
114,0.11411411315202713,43.017547607421875,-0.0034740869887173176,-0.09914730489253998,68.79499816894531
115,0.11511511355638504,43.054054260253906,-0.003476409474387765,-0.09122420102357864,66.92162322998047
116,0.11611611396074295,43.090579986572266,-0.003439670894294977,-0.09275815635919571,67.6073989868164
117,0.11711711436510086,43.127140045166016,-0.0034136937465518713,-0.09067927300930023,67.16199493408203
118,0.11811811476945877,43.16373825073242,-0.003416624153032899,-0.08055664598941803,64.24717712402344
119,0.11911911517381668,43.20035934448242,-0.00340922549366951,-0.08452682942152023,65.36658477783203
120,0.12012011557817459,43.23701477050781,-0.003422836307436228,-0.0834537222981453,64.9747085571289
121,0.1211211159825325,43.27370834350586,-0.0033938302658498287,-0.09084788709878922,67.18722534179688
122,0.12212212383747101,43.3104248046875,-0.003375451313331723,-0.09049896895885468,67.16028594970703
123,0.12312312424182892,43.34716796875,-0.003336189081892371,-0.09732004255056381,69.28795623779297
124,0.12412412464618683,43.38395309448242,-0.003286845050752163,-0.10557898133993149,71.98342895507812
125,0.12512512505054474,43.42076110839844,-0.003255740739405155,-0.10742473602294922,72.85092163085938
126,0.12612612545490265,43.45760726928711,-0.0032155276276171207,-0.11282500624656677,74.85969543457031
127,0.12712712585926056,43.494476318359375,-0.003209233283996582,-0.10940827429294586,74.11465454101562
128,0.12812812626361847,43.5313835144043,-0.0032173520885407925,-0.10304208099842072,72.38168334960938
129,0.12912912666797638,43.56832504272461,-0.0032142517156898975,-0.10366114974021912,72.7430648803711
130,0.1301301270723343,43.605289459228516,-0.0032114055939018726,-0.10725528746843338,73.96136474609375
131,0.1311311274766922,43.64228820800781,-0.0032325093634426594,-0.10145155340433121,72.22954559326172
132,0.1321321278810501,43.679317474365234,-0.0032375878654420376,-0.09815195947885513,71.32105255126953
133,0.13313312828540802,43.71638107299805,-0.0032282392494380474,-0.0921836569905281,69.63304901123047
134,0.13413412868976593,43.753475189208984,-0.003203996457159519,-0.09149634093046188,69.55535125732422
135,0.13513512909412384,43.79059600830078,-0.0031302645802497864,-0.08428804576396942,67.77759552001953
136,0.13613612949848175,43.827762603759766,-0.003058158792555332,-0.08201680332422256,67.47102355957031
137,0.13713712990283966,43.86494445800781,-0.0030047076288610697,-0.0851551815867424,68.8274917602539
138,0.13813813030719757,43.902164459228516,-0.0029751157853752375,-0.09280698001384735,71.5615005493164
139,0.13913913071155548,43.93941879272461,-0.0029672349337488413,-0.09195677936077118,71.40035247802734
140,0.1401401311159134,43.9766960144043,-0.002973745809867978,-0.08648920804262161,69.6154556274414
141,0.1411411464214325,44.014015197753906,-0.002987679559737444,-0.09001199156045914,70.80865478515625
142,0.1421421468257904,44.051361083984375,-0.00299696228466928,-0.08445776253938675,69.0378189086914
143,0.14314314723014832,44.08873748779297,-0.002977603580802679,-0.08458570390939713,69.37943267822266
144,0.14414414763450623,44.12614822387695,-0.0029611927457153797,-0.0860486552119255,70.12495422363281
145,0.14514514803886414,44.1635856628418,-0.00293630245141685,-0.08648331463336945,70.57659149169922
146,0.14614614844322205,44.20106506347656,-0.0029033832252025604,-0.0931100994348526,73.25479888916016
147,0.14714714884757996,44.238563537597656,-0.0028590522706508636,-0.09526947885751724,74.4390869140625
148,0.14814814925193787,44.27610778808594,-0.002808114979416132,-0.09385494142770767,74.32363891601562
149,0.14914914965629578,44.31366729736328,-0.0027620471082627773,-0.09285552054643631,74.19770812988281
150,0.1501501500606537,44.35126876831055,-0.002717096358537674,-0.09101391583681107,73.66887664794922
151,0.1511511504650116,44.38890075683594,-0.0026784916408360004,-0.0913170799612999,73.84061431884766
152,0.1521521508693695,44.426570892333984,-0.0026662349700927734,-0.08674786984920502,72.0990219116211
153,0.15315315127372742,44.464263916015625,-0.0026352200657129288,-0.09505198150873184,75.13180541992188
154,0.15415415167808533,44.50199508666992,-0.002626783214509487,-0.09786688536405563,76.06414031982422
155,0.15515515208244324,44.53975296020508,-0.002607963513582945,-0.09906776994466782,76.59947204589844
156,0.15615615248680115,44.57754898071289,-0.0025894660502672195,-0.09685201197862625,75.96763610839844
157,0.15715715289115906,44.6153678894043,-0.0025587002746760845,-0.10063265264034271,77.74237823486328
158,0.15815815329551697,44.653228759765625,-0.002557310974225402,-0.09344048798084259,75.24756622314453
159,0.15915915369987488,44.69111251831055,-0.002555288840085268,-0.09037674218416214,74.33696746826172
160,0.1601601541042328,44.72903823852539,-0.002555693034082651,-0.08585293591022491,72.83292388916016
161,0.1611611545085907,44.76698684692383,-0.0025586974807083607,-0.08310911804437637,71.91038513183594
162,0.1621621549129486,44.804969787597656,-0.00256243534386158,-0.08530694991350174,72.81559753417969
163,0.16316315531730652,44.842987060546875,-0.002584414789453149,-0.08107372373342514,71.11653137207031
164,0.16416415572166443,44.88103485107422,-0.002568167634308338,-0.07847564667463303,70.33702087402344
165,0.16516515612602234,44.91912078857422,-0.002542604925110936,-0.07285844534635544,68.48487854003906
166,0.16616615653038025,44.95723342895508,-0.002503214171156287,-0.07867604494094849,71.15118408203125
167,0.16716717183589935,44.99538040161133,-0.002480180934071541,-0.07631480693817139,70.48399353027344
168,0.16816817224025726,45.03356170654297,-0.002460333053022623,-0.07240093499422073,69.1199951171875
169,0.16916917264461517,45.071773529052734,-0.002443261444568634,-0.07433571666479111,69.98157501220703
170,0.17017017304897308,45.110015869140625,-0.002437260700389743,-0.07445904612541199,69.98921203613281
171,0.171171173453331,45.14828872680664,-0.002419919241219759,-0.08106088638305664,72.62006378173828
172,0.1721721738576889,45.18659973144531,-0.0024132337421178818,-0.08468689024448395,73.96858215332031
173,0.17317317426204681,45.22494125366211,-0.0024128123186528683,-0.08531157672405243,74.09710693359375
174,0.17417417466640472,45.2633171081543,-0.0024302592501044273,-0.07903002947568893,71.45426177978516
175,0.17517517507076263,45.30172348022461,-0.002395843155682087,-0.08312246203422546,73.35672760009766
176,0.17617617547512054,45.34016036987305,-0.0023609562776982784,-0.08471143990755081,74.41607666015625
177,0.17717717587947845,45.37863540649414,-0.0023173480294644833,-0.08934693038463593,76.80187225341797
178,0.17817817628383636,45.41713333129883,-0.002315135672688484,-0.08530636876821518,75.40579986572266
179,0.17917917668819427,45.45567321777344,-0.0023213448002934456,-0.07959495484828949,73.22230529785156
180,0.18018017709255219,45.49424362182617,-0.0023203776217997074,-0.07818137109279633,72.77093505859375
181,0.1811811774969101,45.53284454345703,-0.002317191567271948,-0.07929307967424393,73.35082244873047
182,0.182182177901268,45.571475982666016,-0.002323874970898032,-0.07803723961114883,72.86788940429688
183,0.18318317830562592,45.610145568847656,-0.0023094515781849623,-0.08277630060911179,75.02977752685547
184,0.18418417870998383,45.64884567260742,-0.0022910130210220814,-0.08381161093711853,75.69962310791016
185,0.18518517911434174,45.68758010864258,-0.002272804267704487,-0.08440617471933365,76.1394271850586
186,0.18618617951869965,45.726348876953125,-0.0022542807273566723,-0.08518695831298828,76.63131713867188
187,0.18718717992305756,45.76514434814453,-0.0022285962477326393,-0.0845605805516243,76.60115051269531
188,0.18818818032741547,45.803977966308594,-0.0022117765620350838,-0.08008059859275818,74.80219268798828
189,0.18918918073177338,45.84284210205078,-0.002191046718508005,-0.08103548735380173,75.43527221679688
190,0.1901901811361313,45.881744384765625,-0.002166454214602709,-0.08119256794452667,75.83200073242188
191,0.1911911815404892,45.92066955566406,-0.0021628024987876415,-0.07328838109970093,72.45663452148438
192,0.1921921968460083,45.95963668823242,-0.002150669926777482,-0.07274928689002991,72.480224609375
193,0.1931931972503662,45.99863052368164,-0.002144245430827141,-0.072810597717762,72.69317626953125
194,0.19419419765472412,46.037662506103516,-0.0021331598982214928,-0.07808680087327957,75.28767395019531
195,0.19519519805908203,46.07672882080078,-0.0021383948624134064,-0.07356919348239899,73.28421783447266
196,0.19619619846343994,46.115821838378906,-0.002141549251973629,-0.07468367367982864,73.81690216064453
197,0.19719719886779785,46.15495300292969,-0.0021502815652638674,-0.0764215961098671,74.56515502929688
198,0.19819819927215576,46.194114685058594,-0.0021654346492141485,-0.07284307479858398,72.82286834716797
199,0.19919919967651367,46.23331069946289,-0.00216308468952775,-0.06840429455041885,70.7999496459961
200,0.20020020008087158,46.27254104614258,-0.002154767280444503,-0.06911471486091614,71.20069885253906
201,0.2012012004852295,46.31180191040039,-0.0021421737037599087,-0.0701097622513771,71.78125
202,0.2022022008895874,46.35110092163086,-0.002119076671078801,-0.07001254707574844,71.9696044921875
203,0.2032032012939453,46.39043045043945,-0.0020877979695796967,-0.06998876482248306,72.35043334960938
204,0.20420420169830322,46.42979049682617,-0.0020495853386819363,-0.06452039629220963,70.13835906982422
205,0.20520520210266113,46.46918487548828,-0.002001738641411066,-0.05722586438059807,66.84494018554688
206,0.20620620250701904,46.50861740112305,-0.0020003682002425194,-0.060368798673152924,68.61363220214844
207,0.20720720291137695,46.54807662963867,-0.001998214516788721,-0.06229805201292038,69.70035552978516
208,0.20820820331573486,46.58757400512695,-0.0019933939911425114,-0.06405381858348846,70.72672271728516
209,0.20920920372009277,46.62710189819336,-0.0019640822429209948,-0.058502908796072006,68.16407775878906
210,0.21021020412445068,46.666664123535156,-0.0019501803908497095,-0.05715670809149742,67.64472198486328
211,0.2112112045288086,46.706260681152344,-0.001928060664795339,-0.05440199002623558,66.32813262939453
212,0.2122122049331665,46.74589157104492,-0.001900209579616785,-0.0517006553709507,65.00588989257812
213,0.21321320533752441,46.78555679321289,-0.001904607517644763,-0.05438142269849777,66.52295684814453
214,0.21421420574188232,46.825252532958984,-0.0018905953038483858,-0.05469284579157829,66.80683135986328
215,0.21521520614624023,46.864990234375,-0.0018708538264036179,-0.05400284379720688,66.58370971679688
216,0.21621620655059814,46.90475082397461,-0.0018510852241888642,-0.05122112110257149,65.10343170166016
217,0.21721720695495605,46.94455337524414,-0.0018701321678236127,-0.05190544202923775,65.38128662109375
218,0.21821822226047516,46.98438262939453,-0.0019099055789411068,-0.05568734183907509,67.2356948852539
219,0.21921922266483307,47.024253845214844,-0.0019245907897129655,-0.054919932037591934,66.67774200439453
220,0.22022022306919098,47.064151763916016,-0.001936630578711629,-0.057436395436525345,68.03800201416016
221,0.2212212234735489,47.104087829589844,-0.0019358532736077905,-0.05978299304842949,69.4233169555664
222,0.2222222238779068,47.14405059814453,-0.001893787644803524,-0.054896220564842224,67.15221405029297
223,0.2232232242822647,47.18405532836914,-0.0018615196458995342,-0.053274303674697876,66.60462188720703
224,0.22422422468662262,47.22409439086914,-0.0018504703184589744,-0.0535665787756443,67.0021743774414
225,0.22522522509098053,47.264163970947266,-0.0018312170868739486,-0.05230473726987839,66.47484588623047
226,0.22622622549533844,47.304264068603516,-0.001854713773354888,-0.055165115743875504,68.10089111328125
227,0.22722722589969635,47.34440231323242,-0.0018571456894278526,-0.05544270575046539,68.3180160522461
228,0.22822822630405426,47.384578704833984,-0.0018140950705856085,-0.05026719346642494,65.50745391845703
229,0.22922922670841217,47.424781799316406,-0.0018232541624456644,-0.05062495544552803,65.71094512939453
230,0.23023022711277008,47.465023040771484,-0.001806162646971643,-0.04929685592651367,65.09122467041016
231,0.231231227517128,47.50529479980469,-0.0017474673222750425,-0.04550016671419144,63.141231536865234
232,0.2322322279214859,47.54560470581055,-0.0017914341297000647,-0.05124311149120331,66.5927505493164
233,0.2332332283258438,47.58594512939453,-0.0017672430258244276,-0.05033799633383751,66.27287292480469
234,0.23423422873020172,47.62632369995117,-0.0017182247247546911,-0.047224968671798706,64.72604370117188
235,0.23523522913455963,47.6667366027832,-0.001691789017058909,-0.04628806933760643,64.42308044433594
236,0.23623622953891754,47.707176208496094,-0.0016959868371486664,-0.04758360609412193,65.40570068359375
237,0.23723722994327545,47.74766540527344,-0.0016727917827665806,-0.045698270201683044,64.3808822631836
238,0.23823823034763336,47.788177490234375,-0.0017179225105792284,-0.049139734357595444,66.42488861083984
239,0.23923923075199127,47.8287239074707,-0.0017822529189288616,-0.05623267590999603,70.45093536376953
240,0.24024023115634918,47.86930847167969,-0.00173580227419734,-0.052101295441389084,68.1780014038086
241,0.2412412315607071,47.9099235534668,-0.0017783679068088531,-0.05942220985889435,72.4697036743164
242,0.242242231965065,47.95058059692383,-0.001770947128534317,-0.06099097058176994,73.51708221435547
243,0.2432432323694229,47.99126052856445,-0.001770515227690339,-0.06358788907527924,75.04875183105469
244,0.24424424767494202,48.031982421875,-0.0017727166414260864,-0.06748174875974655,77.21134948730469
245,0.24524524807929993,48.07273864746094,-0.0017623516032472253,-0.06875693798065186,77.94107055664062
246,0.24624624848365784,48.113529205322266,-0.0017414140747860074,-0.06903974711894989,78.29296112060547
247,0.24724724888801575,48.154354095458984,-0.0017146588070318103,-0.07067050784826279,79.52379608154297
248,0.24824824929237366,48.19520950317383,-0.0016916850581765175,-0.07205646485090256,80.61456298828125
249,0.24924924969673157,48.236106872558594,-0.0016707475297152996,-0.0761275440454483,83.3028335571289
250,0.2502502501010895,48.277034759521484,-0.0016705321613699198,-0.07573801279067993,83.05436706542969
251,0.2512512505054474,48.317996978759766,-0.0016776330303400755,-0.07422782480716705,81.99874877929688
252,0.2522522509098053,48.35899353027344,-0.0016776398988440633,-0.07379597425460815,81.80665588378906
253,0.2532532513141632,48.40003204345703,-0.001674311119131744,-0.0726819708943367,81.37745666503906
254,0.2542542517185211,48.44109344482422,-0.0016737394034862518,-0.0696951150894165,79.79326629638672
255,0.25525525212287903,48.48219680786133,-0.0016726659378036857,-0.07161538302898407,81.0633544921875
256,0.25625625252723694,48.52333450317383,-0.0016746481414884329,-0.07154820114374161,81.10627746582031
257,0.25725725293159485,48.564510345458984,-0.0016777132404968143,-0.0704682469367981,80.46890258789062
258,0.25825825333595276,48.605712890625,-0.0016709854826331139,-0.06902258098125458,79.78968811035156
259,0.25925925374031067,48.64695739746094,-0.001653029816225171,-0.06556674093008041,77.99906921386719
260,0.2602602541446686,48.688236236572266,-0.0016384399496018887,-0.0658935159444809,78.43122100830078
261,0.2612612545490265,48.729549407958984,-0.0016265464946627617,-0.06520944088697433,78.17729949951172
262,0.2622622549533844,48.770896911621094,-0.0016197336371988058,-0.06448188424110413,77.89854431152344
263,0.2632632553577423,48.812278747558594,-0.0016144388355314732,-0.06519854068756104,78.57228088378906
264,0.2642642557621002,48.85369110107422,-0.0016110885189846158,-0.06587175279855728,79.19876098632812
265,0.26526525616645813,48.895145416259766,-0.0015886082546785474,-0.05907979980111122,75.17771911621094
266,0.26626625657081604,48.93663787841797,-0.0015794108621776104,-0.05767896771430969,74.47628784179688
267,0.26726725697517395,48.97815704345703,-0.0015686581609770656,-0.05704960972070694,74.32081604003906
268,0.26826825737953186,49.01971435546875,-0.0015452275983989239,-0.054483864456415176,72.92562103271484
269,0.26926925778388977,49.061309814453125,-0.001538610551506281,-0.055238064378499985,73.72327423095703
270,0.2702702581882477,49.10293960571289,-0.001502873026765883,-0.05263427644968033,72.24288177490234
271,0.2712712585926056,49.14460754394531,-0.001498380210250616,-0.053859613835811615,73.20126342773438
272,0.2722722589969635,49.18630599975586,-0.0014658336294814944,-0.05197915434837341,72.02568817138672
273,0.2732732594013214,49.2280387878418,-0.001385171664878726,-0.04571693390607834,67.66178131103516
274,0.2742742598056793,49.26980972290039,-0.001345624215900898,-0.04331636428833008,65.949462890625
275,0.27527526021003723,49.31161880493164,-0.0013154331827536225,-0.041407085955142975,64.56803894042969
276,0.27627626061439514,49.35345458984375,-0.001329455291852355,-0.042569536715745926,65.47846984863281
277,0.27727726101875305,49.39533233642578,-0.00136092200409621,-0.04488435387611389,67.18038177490234
278,0.27827826142311096,49.4372444152832,-0.0013527160044759512,-0.044167209416627884,66.70325469970703
279,0.27927926182746887,49.479190826416016,-0.0013237197417765856,-0.041910141706466675,65.11360168457031
280,0.2802802622318268,49.52117156982422,-0.0013199939858168364,-0.04115436226129532,64.51887512207031
281,0.2812812626361847,49.56319046020508,-0.001306063961237669,-0.03994809836149216,63.6062126159668
282,0.282282292842865,49.60525131225586,-0.0012897620908915997,-0.03941638767719269,63.304351806640625
283,0.2832832932472229,49.6473388671875,-0.001241697696968913,-0.037144940346479416,61.62379837036133
284,0.2842842936515808,49.6894645690918,-0.0012079537846148014,-0.03588980436325073,60.66793441772461
285,0.2852852940559387,49.73162841796875,-0.0012516030110418797,-0.03913851082324982,63.414493560791016
286,0.28628629446029663,49.77382278442383,-0.0012829065090045333,-0.04182165116071701,65.66365814208984
287,0.28728729486465454,49.81605911254883,-0.0012404915178194642,-0.03922231122851372,63.70516586303711
288,0.28828829526901245,49.85832595825195,-0.0012552558910101652,-0.040440142154693604,64.80694580078125
289,0.28928929567337036,49.900630950927734,-0.0011967115569859743,-0.03713155910372734,62.28950500488281
290,0.29029029607772827,49.94297409057617,-0.0011131431674584746,-0.032992955297231674,58.90712356567383
291,0.2912912964820862,49.985355377197266,-0.0010597126092761755,-0.030957864597439766,57.204750061035156
292,0.2922922968864441,50.02776336669922,-0.0010616842191666365,-0.03130825608968735,57.6279182434082
293,0.293293297290802,50.07020950317383,-0.0010180026292800903,-0.029664088040590286,56.07763671875
294,0.2942942976951599,50.11269760131836,-0.0009732233011163771,-0.028025735169649124,54.42731857299805
295,0.2952952980995178,50.155216217041016,-0.0010146008571609855,-0.029325317591428757,55.72694396972656
296,0.29629629850387573,50.197776794433594,-0.0009931091917678714,-0.02853027917444706,54.98579788208008
297,0.29729729890823364,50.2403678894043,-0.0010316609404981136,-0.02983730472624302,56.29913330078125
298,0.29829829931259155,50.282997131347656,-0.0010139774531126022,-0.029352732002735138,55.8359489440918
299,0.29929929971694946,50.32566452026367,-0.0010762388119474053,-0.03220321238040924,58.59268569946289
300,0.3003003001213074,50.36836242675781,-0.0010184815619140863,-0.029849382117390633,56.337730407714844
301,0.3013013005256653,50.41109848022461,-0.0009906005579978228,-0.028986386954784393,55.455162048339844
302,0.3023023009300232,50.45387649536133,-0.0010012455750256777,-0.02969939075410366,56.081974029541016
303,0.3033033013343811,50.49668502807617,-0.0010293293744325638,-0.03113638609647751,57.32363510131836
304,0.304304301738739,50.53953552246094,-0.0009954345878213644,-0.029538702219724655,55.630287170410156
305,0.3053053021430969,50.58241653442383,-0.0009741158573888242,-0.028321554884314537,54.30412673950195
306,0.30630630254745483,50.625335693359375,-0.0009843320585787296,-0.028543654829263687,54.463497161865234
307,0.30730730295181274,50.66829299926758,-0.0010122752282768488,-0.029819659888744354,55.782684326171875
308,0.30830830335617065,50.71128463745117,-0.0010039706248790026,-0.02928432635962963,55.40472412109375
309,0.30930930376052856,50.754310607910156,-0.001015528803691268,-0.030228590592741966,56.64723587036133
310,0.3103103041648865,50.79737854003906,-0.0009511807002127171,-0.027590621262788773,54.298885345458984
311,0.3113113045692444,50.840476989746094,-0.0009075809502974153,-0.026385260745882988,53.307979583740234
312,0.3123123049736023,50.88361358642578,-0.0009067654609680176,-0.026906445622444153,54.13328552246094
313,0.3133133053779602,50.92679214477539,-0.0008951777126640081,-0.02678566984832287,54.21208572387695
314,0.3143143057823181,50.97000503540039,-0.0009391854400746524,-0.028588924556970596,56.352420806884766
315,0.315315306186676,51.01325225830078,-0.0009400993585586548,-0.028707869350910187,56.58591842651367
316,0.31631630659103394,51.056541442871094,-0.0009159259498119354,-0.027711596339941025,55.56116485595703
317,0.31731730699539185,51.099857330322266,-0.0009308104054071009,-0.028214097023010254,56.124488830566406
318,0.31831830739974976,51.14321517944336,-0.0008411499438807368,-0.02521694265305996,52.78422927856445
319,0.31931930780410767,51.186614990234375,-0.0008784264791756868,-0.026444101706147194,54.296630859375
320,0.3203203082084656,51.23004913330078,-0.0009489966905675828,-0.029271503910422325,57.47144317626953
321,0.3213213086128235,51.27351379394531,-0.0009253148455172777,-0.028479840606451035,56.69413375854492
322,0.3223223090171814,51.317020416259766,-0.0008589273784309626,-0.026215415447950363,54.15913009643555
323,0.3233233094215393,51.36056137084961,-0.0008953539654612541,-0.02772335335612297,55.81604766845703
324,0.3243243098258972,51.40414047241211,-0.0009546682704240084,-0.030629515647888184,58.95838928222656
325,0.3253253102302551,51.44776153564453,-0.0009575156727805734,-0.03128794953227043,59.71135330200195
326,0.32632631063461304,51.49141311645508,-0.0009891717927530408,-0.033295586705207825,61.85605239868164
327,0.32732731103897095,51.53510284423828,-0.0009879181161522865,-0.03373519331216812,62.40608215332031
328,0.32832831144332886,51.578834533691406,-0.0009362595155835152,-0.03155060485005379,60.23200225830078
329,0.32932931184768677,51.622596740722656,-0.0009224226232618093,-0.031203875318169594,59.94915008544922
330,0.3303303122520447,51.66639709472656,-0.0008936051744967699,-0.030071310698986053,58.749935150146484
331,0.3313313126564026,51.71023941040039,-0.000880949548445642,-0.0294342003762722,58.06058883666992
332,0.3323323130607605,51.754112243652344,-0.0009043110185302794,-0.03019026108086109,58.91978454589844
333,0.3333333432674408,51.79802703857422,-0.0008553487714380026,-0.027979107573628426,56.400726318359375
334,0.3343343436717987,51.84197998046875,-0.0007988862926140428,-0.025998864322900772,54.01201248168945
335,0.3353353440761566,51.88597106933594,-0.0007732912199571729,-0.0253846887499094,53.257022857666016
336,0.3363363444805145,51.92999267578125,-0.0007860501063987613,-0.025834571570158005,53.83545684814453
337,0.33733734488487244,51.974056243896484,-0.0008296251180581748,-0.0274225864559412,55.8086051940918
338,0.33833834528923035,52.018157958984375,-0.0008243820630013943,-0.027358707040548325,55.70644760131836
339,0.33933934569358826,52.06229782104492,-0.0008368432754650712,-0.0280079897493124,56.423118591308594
340,0.34034034609794617,52.106468200683594,-0.000752004561945796,-0.024937748908996582,52.51087951660156
341,0.3413413465023041,52.15068054199219,-0.000738477217964828,-0.024471672251820564,51.874542236328125
342,0.342342346906662,52.19493103027344,-0.0007443055510520935,-0.02470446564257145,52.21571731567383
343,0.3433433473110199,52.23921585083008,-0.0007365066558122635,-0.024556424468755722,52.091278076171875
344,0.3443443477153778,52.283546447753906,-0.0007650722982361913,-0.025758013129234314,53.74845886230469
345,0.3453453481197357,52.327911376953125,-0.000808213371783495,-0.027644312009215355,56.244468688964844
346,0.34634634852409363,52.372310638427734,-0.0008314675651490688,-0.028834078460931778,57.840213775634766
347,0.34734734892845154,52.416744232177734,-0.0008490097243338823,-0.029705245047807693,58.984413146972656
348,0.34834834933280945,52.46122360229492,-0.0009135801228694618,-0.033441949635744095,63.35841369628906
349,0.34934934973716736,52.505733489990234,-0.0008985892636701465,-0.033079665154218674,63.06747817993164
350,0.35035035014152527,52.55028533935547,-0.0008387245470657945,-0.030209094285964966,59.774898529052734
351,0.3513513505458832,52.594879150390625,-0.0008396718185395002,-0.030421767383813858,60.02553939819336
352,0.3523523509502411,52.639503479003906,-0.0008074514335021377,-0.028959380462765694,58.23183822631836
353,0.353353351354599,52.68416976928711,-0.0008283641654998064,-0.029750138521194458,59.15203857421875
354,0.3543543517589569,52.72887420654297,-0.0008206422789953649,-0.02913973107933998,58.382965087890625
355,0.3553553521633148,52.77360916137695,-0.0008246945799328387,-0.029095999896526337,58.28256607055664
356,0.35635635256767273,52.81839370727539,-0.0007782340981066227,-0.026873359456658363,55.50315475463867
357,0.35735735297203064,52.86320495605469,-0.0007446621311828494,-0.025527769699692726,53.735267639160156
358,0.35835835337638855,52.90806198120117,-0.0007391343824565411,-0.025569293648004532,53.77618408203125
359,0.35935935378074646,52.95295333862305,-0.0007109871366992593,-0.025066198781132698,53.05115509033203
360,0.36036035418510437,52.99788284301758,-0.0006880833534523845,-0.024892939254641533,52.75306701660156
361,0.3613613545894623,53.0428581237793,-0.0006370526971295476,-0.02346886694431305,50.567874908447266
362,0.3623623549938202,53.087860107421875,-0.0006374658551067114,-0.023608695715665817,50.82762145996094
363,0.3633633553981781,53.13290786743164,-0.0006425466854125261,-0.02381928078830242,51.23417282104492
364,0.364364355802536,53.1779899597168,-0.0006305341375991702,-0.023525845259428024,50.87038803100586
365,0.3653653562068939,53.223114013671875,-0.0006247208802960813,-0.023586412891745567,51.050350189208984
366,0.36636635661125183,53.268272399902344,-0.0006143529899418354,-0.023538580164313316,51.0480842590332
367,0.36736735701560974,53.31346893310547,-0.000590271083638072,-0.02292388677597046,50.133304595947266
368,0.36836835741996765,53.358707427978516,-0.0006012605736032128,-0.023408036679029465,51.08156204223633
369,0.36936935782432556,53.40398025512695,-0.0005772416479885578,-0.022674906998872757,49.92607116699219
370,0.37037035822868347,53.44929885864258,-0.0005570325301960111,-0.02207203023135662,48.938079833984375
371,0.3713713586330414,53.49464797973633,-0.000555190141312778,-0.02203010767698288,48.962242126464844
372,0.3723723590373993,53.5400390625,-0.0005396332126110792,-0.021594267338514328,48.25778579711914
373,0.3733733594417572,53.58546829223633,-0.0005458031082525849,-0.02184690162539482,48.76066589355469
374,0.3743743598461151,53.63093566894531,-0.0005314301233738661,-0.021458417177200317,47.996971130371094
375,0.375375360250473,53.67644500732422,-0.000566412229090929,-0.022622734308242798,50.00685501098633
376,0.37637636065483093,53.721988677978516,-0.0005750502459704876,-0.023047663271427155,50.68815612792969
377,0.37737736105918884,53.76757049560547,-0.0005907093873247504,-0.023566091433167458,51.57783126831055
378,0.37837836146354675,53.813194274902344,-0.0005590436048805714,-0.022564692422747612,49.86576843261719
379,0.37937936186790466,53.858856201171875,-0.0005762939690612257,-0.02305489592254162,50.832130432128906
380,0.3803803622722626,53.9045524597168,-0.0005903931451030076,-0.023416437208652496,51.582374572753906
381,0.3813813626766205,53.950294494628906,-0.0005404390394687653,-0.021855976432561874,48.99394989013672
382,0.3823823630809784,53.996070861816406,-0.0005151558434590697,-0.02099849283695221,47.591468811035156
383,0.3833833634853363,54.04188919067383,-0.0005549011984840035,-0.02207351103425026,49.85484313964844
384,0.3843843936920166,54.08774185180664,-0.0005495784571394324,-0.021856090053915977,49.714359283447266
385,0.3853853940963745,54.133636474609375,-0.0005058957613073289,-0.020481739193201065,47.37611389160156
386,0.3863863945007324,54.1795654296875,-0.0005071411724202335,-0.020381009206175804,47.495601654052734
387,0.38738739490509033,54.22554016113281,-0.00054520508274436,-0.021362315863370895,49.665977478027344
388,0.38838839530944824,54.271549224853516,-0.0006030863150954247,-0.02304159849882126,52.76406478881836
389,0.38938939571380615,54.317596435546875,-0.00056496198521927,-0.021930325776338577,50.900428771972656
390,0.39039039611816406,54.363685607910156,-0.0005580113502219319,-0.021712465211749077,50.475833892822266
391,0.391391396522522,54.40981674194336,-0.0005666320212185383,-0.022021565586328506,50.90248107910156
392,0.3923923969268799,54.45597839355469,-0.0005462281405925751,-0.021530458703637123,49.7628288269043
393,0.3933933973312378,54.502193450927734,-0.0005697860615327954,-0.022666629403829575,51.464202880859375
394,0.3943943977355957,54.54843521118164,-0.0005457535735331476,-0.022197861224412918,50.316036224365234
395,0.3953953981399536,54.59471893310547,-0.0005167542840354145,-0.02152140438556671,48.73625183105469
396,0.3963963985443115,54.64104080200195,-0.0005090087070129812,-0.021496834233403206,48.42103958129883
397,0.39739739894866943,54.68740463256836,-0.000539877510163933,-0.022857729345560074,50.85649871826172
398,0.39839839935302734,54.73381042480469,-0.0005229869857430458,-0.02225576899945736,49.6774787902832
399,0.39939939975738525,54.780250549316406,-0.0005423760740086436,-0.022944267839193344,50.97502899169922
400,0.40040040016174316,54.82673263549805,-0.0005542447324842215,-0.023240989074110985,51.601295471191406
401,0.4014014005661011,54.87324905395508,-0.0005434377235360444,-0.02284463681280613,50.99980545043945
402,0.402402400970459,54.91980743408203,-0.0004960758378729224,-0.02117719128727913,47.90812683105469
403,0.4034034013748169,54.96641540527344,-0.0004710014327429235,-0.020279811695218086,46.15752410888672
404,0.4044044017791748,55.01305389404297,-0.00044913444435223937,-0.01935630291700363,44.291961669921875
405,0.4054054021835327,55.059730529785156,-0.0004603154375217855,-0.019745711237192154,45.35184860229492
406,0.4064064025878906,55.106449127197266,-0.00043657555943354964,-0.018714280799031258,43.24578857421875
407,0.40740740299224854,55.1532096862793,-0.00044272339437156916,-0.018981147557497025,44.013023376464844
408,0.40840840339660645,55.200008392333984,-0.0004724813043139875,-0.020190754905343056,46.784358978271484
409,0.40940940380096436,55.24684524536133,-0.00047310083755292,-0.02026149444282055,47.005104064941406
410,0.41041040420532227,55.293724060058594,-0.00047733000246807933,-0.020424852147698402,47.40227127075195
411,0.4114114046096802,55.340641021728516,-0.00046895971172489226,-0.020105257630348206,46.73851776123047
412,0.4124124050140381,55.38759231567383,-0.00048342696391046047,-0.020630354061722755,47.87941360473633
413,0.413413405418396,55.43458938598633,-0.0005573866656050086,-0.02324512228369713,52.95912551879883
414,0.4144144058227539,55.481624603271484,-0.00054808339336887,-0.02284557744860649,52.26139450073242
415,0.4154154062271118,55.52870178222656,-0.0005215683486312628,-0.02181190624833107,50.421730041503906
416,0.4164164066314697,55.5758171081543,-0.0005232848925516009,-0.021871749311685562,50.60977554321289
417,0.41741740703582764,55.62297439575195,-0.0005309038097038865,-0.022248489782214165,51.35176467895508
418,0.41841840744018555,55.67017364501953,-0.0005353323649615049,-0.02269311621785164,52.159366607666016
419,0.41941940784454346,55.71741485595703,-0.0005496457451954484,-0.02347905933856964,53.56272506713867
420,0.42042040824890137,55.764686584472656,-0.000536153675056994,-0.02309953235089779,52.788204193115234
421,0.4214214086532593,55.81200408935547,-0.0005243058549240232,-0.02262096479535103,51.803890228271484
422,0.4224224090576172,55.85935592651367,-0.0005632145330309868,-0.0240138191729784,54.25469970703125
423,0.4234234094619751,55.90675735473633,-0.0005819573416374624,-0.024521604180336,55.0219841003418
424,0.424424409866333,55.954193115234375,-0.000583060085773468,-0.02446313202381134,54.85480499267578
425,0.4254254102706909,56.00166702270508,-0.0005435532075352967,-0.023192450404167175,52.5529899597168
426,0.42642641067504883,56.04918670654297,-0.00048488759784959257,-0.021205268800258636,48.595027923583984
427,0.42742741107940674,56.096744537353516,-0.0005192409735172987,-0.022855212911963463,51.859527587890625
428,0.42842841148376465,56.14434814453125,-0.0005675976863130927,-0.025129122659564018,56.075565338134766
429,0.42942941188812256,56.191978454589844,-0.0005544865853153169,-0.024515317752957344,55.01976776123047
430,0.43043041229248047,56.239662170410156,-0.0005646373610943556,-0.024847744032740593,55.666011810302734
431,0.4314314126968384,56.287384033203125,-0.0005988565389998257,-0.026326609775424004,58.29598617553711
432,0.4324324131011963,56.335140228271484,-0.0006043553585186601,-0.026804106310009956,59.28045654296875
433,0.4334334135055542,56.3829460144043,-0.000607734196819365,-0.02728608436882496,60.30084991455078
434,0.4344344139099121,56.430782318115234,-0.0006126068765297532,-0.027722608298063278,61.20292282104492
435,0.43543541431427,56.478668212890625,-0.0006152178393676877,-0.02793237939476967,61.68470001220703
436,0.4364364445209503,56.526588439941406,-0.0005964949377812445,-0.02682105265557766,59.94956588745117
437,0.4374374449253082,56.574554443359375,-0.0006144007202237844,-0.027834661304950714,61.70100402832031
438,0.43843844532966614,56.62255859375,-0.0006010163342580199,-0.026974936947226524,60.35329818725586
439,0.43943944573402405,56.67060089111328,-0.0006036668200977147,-0.027016136795282364,60.4863166809082
440,0.44044044613838196,56.718685150146484,-0.0006315550999715924,-0.02869359403848648,63.27505111694336
441,0.44144144654273987,56.76681137084961,-0.0006440334836952388,-0.02962336130440235,64.76554107666016
442,0.4424424469470978,56.814979553222656,-0.0006484634941443801,-0.030330125242471695,65.89755249023438
443,0.4434434473514557,56.86318588256836,-0.0006384841981343925,-0.029795721173286438,65.0295181274414
444,0.4444444477558136,56.911434173583984,-0.0006342517444863915,-0.029544880613684654,64.58223724365234
445,0.4454454481601715,56.95972442626953,-0.0006132764974609017,-0.02824060432612896,62.52615737915039
446,0.4464464485645294,57.008056640625,-0.0005998251144774258,-0.027485625818371773,61.362693786621094
447,0.44744744896888733,57.056427001953125,-0.0006134276045486331,-0.02845330350100994,63.077972412109375
448,0.44844844937324524,57.10483932495117,-0.0006245510885491967,-0.029476894065737724,64.89820861816406
449,0.44944944977760315,57.153297424316406,-0.0006343580316752195,-0.03052891604602337,66.70980072021484
450,0.45045045018196106,57.20178985595703,-0.0006499149603769183,-0.03237809240818024,69.78205108642578
451,0.45145145058631897,57.25032424926758,-0.0006551459664478898,-0.03297543525695801,70.8321533203125
452,0.4524524509906769,57.29890060424805,-0.00065148517023772,-0.03248804062604904,70.19047546386719
453,0.4534534513950348,57.3475227355957,-0.0006594358710572124,-0.03309269994497299,71.15044403076172
454,0.4544544517993927,57.396183013916016,-0.0006550485268235207,-0.032149892300367355,69.76753997802734
455,0.4554554522037506,57.444881439208984,-0.0006485983030870557,-0.031170057132840157,68.30702209472656
456,0.4564564526081085,57.49362564086914,-0.0006319613894447684,-0.029937870800495148,66.53862762451172
457,0.45745745301246643,57.54240417480469,-0.0006204628734849393,-0.029642252251505852,66.27377319335938
458,0.45845845341682434,57.59122848510742,-0.0005873151239939034,-0.0279664508998394,63.692203521728516
459,0.45945945382118225,57.640098571777344,-0.0005783943925052881,-0.027920620515942574,63.753089904785156
460,0.46046045422554016,57.68900680541992,-0.000550457276403904,-0.026497311890125275,61.258113861083984
461,0.46146145462989807,57.73795700073242,-0.000588737428188324,-0.029056407511234283,65.80894470214844
462,0.462462455034256,57.786949157714844,-0.0005901435506530106,-0.029212309047579765,66.11064910888672
463,0.4634634554386139,57.83598327636719,-0.0005927720339968801,-0.02946385182440281,66.58956909179688
464,0.4644644558429718,57.88505554199219,-0.0006086082430556417,-0.030486853793263435,68.26685333251953
465,0.4654654562473297,57.934165954589844,-0.0005844266852363944,-0.028570478782057762,65.05927276611328
466,0.4664664566516876,57.98332977294922,-0.000576071091927588,-0.028322262689471245,64.77686309814453
467,0.46746745705604553,58.03252410888672,-0.0005615846021100879,-0.027778878808021545,64.00390625
468,0.46846845746040344,58.08176803588867,-0.000576910562813282,-0.029134728014469147,66.55814361572266
469,0.46946945786476135,58.131046295166016,-0.0005784333916381001,-0.029541222378611565,67.40325927734375
470,0.47047045826911926,58.18037414550781,-0.0005747171817347407,-0.029413284733891487,67.23774719238281
471,0.4714714586734772,58.229740142822266,-0.0005681128823198378,-0.028921427205204964,66.33797454833984
472,0.4724724590778351,58.27914810180664,-0.0005866645369678736,-0.03016781434416771,68.3680419921875
473,0.473473459482193,58.32859802246094,-0.0005935200024396181,-0.03066479042172432,69.12277221679688
474,0.4744744598865509,58.37809371948242,-0.0006029885844327509,-0.032039523124694824,71.55321502685547
475,0.4754754602909088,58.42762756347656,-0.0006116159493103623,-0.03336004540324211,73.81944274902344
476,0.4764764606952667,58.47719955444336,-0.0005950364866293967,-0.031184785068035126,70.17366790771484
477,0.47747746109962463,58.52682113647461,-0.0006039590807631612,-0.03160843625664711,70.714599609375
478,0.47847846150398254,58.57647705078125,-0.0006058902945369482,-0.03131133317947388,70.05595397949219
479,0.47947946190834045,58.626182556152344,-0.0006088105728849769,-0.031147519126534462,69.68633270263672
480,0.48048046231269836,58.675926208496094,-0.0005907046725042164,-0.029629675671458244,67.31944274902344
481,0.4814814627170563,58.725711822509766,-0.0005878707161173224,-0.029923299327492714,68.07096099853516
482,0.4824824631214142,58.775543212890625,-0.0005932216299697757,-0.031135734170675278,70.39647674560547
483,0.4834834635257721,58.82541275024414,-0.0005891146138310432,-0.03099103830754757,70.3414535522461
484,0.48448446393013,58.875328063964844,-0.0005767050897702575,-0.029627185314893723,68.05120849609375
485,0.4854854643344879,58.92528533935547,-0.000587118265684694,-0.030280953273177147,69.11849212646484
486,0.4864864647388458,58.97528076171875,-0.0005751727148890495,-0.029245512560009956,67.3931884765625
487,0.4874874949455261,59.025325775146484,-0.0005760268541052938,-0.029764842242002487,68.4549331665039
488,0.48848849534988403,59.07540512084961,-0.000561936292797327,-0.028743309900164604,66.71975708007812
489,0.48948949575424194,59.12553024291992,-0.0005727548850700259,-0.029660256579518318,68.34716796875
490,0.49049049615859985,59.17570114135742,-0.0005689141107723117,-0.02951223775744438,68.1718978881836
491,0.49149149656295776,59.22591781616211,-0.000579099461901933,-0.030775319784879684,70.46539306640625
492,0.4924924969673157,59.27616500854492,-0.000576276215724647,-0.030746139585971832,70.47503662109375
493,0.4934934973716736,59.32646560668945,-0.0005771596916019917,-0.031032448634505272,71.03063201904297
494,0.4944944977760315,59.376800537109375,-0.0005818106001242995,-0.03152163326740265,71.90296936035156
495,0.4954954981803894,59.427181243896484,-0.000578596256673336,-0.031072963029146194,71.14604949951172
496,0.4964964985847473,59.47761154174805,-0.0006076086428947747,-0.03495457023382187,77.74929809570312
497,0.4974974989891052,59.528072357177734,-0.0006009237840771675,-0.03464752435684204,77.5448989868164
498,0.49849849939346313,59.57858657836914,-0.0006008235504850745,-0.035490211099386215,79.30891418457031
499,0.49949949979782104,59.62913513183594,-0.0006009892094880342,-0.03578614071011543,79.97459411621094
500,0.500500500202179,59.67972946166992,-0.000603649765253067,-0.036825601011514664,81.88301849365234
501,0.5015015006065369,59.73036575317383,-0.000602825079113245,-0.036545563489198685,81.47624969482422
502,0.5025025010108948,59.78105163574219,-0.0006019186112098396,-0.035760294646024704,80.10655212402344
503,0.5035035014152527,59.83177947998047,-0.0006054354598745704,-0.036170944571495056,80.75798797607422
504,0.5045045018196106,59.88254165649414,-0.000605172710493207,-0.03630989417433739,81.08516693115234
505,0.5055055022239685,59.93335723876953,-0.0006074863485991955,-0.03747156634926796,83.13481140136719
506,0.5065065026283264,59.98421096801758,-0.0006071198731660843,-0.038008611649274826,84.18488311767578
507,0.5075075030326843,60.03510665893555,-0.0006068581715226173,-0.03874574601650238,85.59114074707031
508,0.5085085034370422,60.08604431152344,-0.0006053349352441728,-0.03966401889920235,87.30608367919922
509,0.5095095038414001,60.13703155517578,-0.0006025354377925396,-0.039326008409261703,86.78368377685547
510,0.5105105042457581,60.18806076049805,-0.0005987995536997914,-0.037607498466968536,83.78205108642578
511,0.511511504650116,60.2391242980957,-0.0006001397268846631,-0.03797834739089012,84.32400512695312
512,0.5125125050544739,60.29024124145508,-0.000605124922003597,-0.03919721022248268,86.16801452636719
513,0.5135135054588318,60.341392517089844,-0.000605550070758909,-0.03988062962889671,87.30304718017578
514,0.5145145058631897,60.39259719848633,-0.0006042581517249346,-0.03954519331455231,86.74398803710938
515,0.5155155062675476,60.44384002685547,-0.0006016578990966082,-0.03795705363154411,84.03922271728516
516,0.5165165066719055,60.495121002197266,-0.0005990241188555956,-0.03808943182229996,84.45838165283203
517,0.5175175070762634,60.54645538330078,-0.0005911548505537212,-0.03759792819619179,84.19918823242188
518,0.5185185074806213,60.59783172607422,-0.0005854455521330237,-0.037510644644498825,84.62184143066406
519,0.5195195078849792,60.64924621582031,-0.0005837022326886654,-0.037717223167419434,85.31875610351562
520,0.5205205082893372,60.700706481933594,-0.0005831546150147915,-0.03830256685614586,86.68604278564453
521,0.5215215086936951,60.75221252441406,-0.0005789661081507802,-0.03718113154172897,84.99966430664062
522,0.522522509098053,60.80376434326172,-0.0005816814955323935,-0.03776011988520622,86.0669174194336
523,0.5235235095024109,60.85535430908203,-0.0005785036482848227,-0.037080708891153336,85.08844757080078
524,0.5245245099067688,60.90699005126953,-0.0005753623554483056,-0.03703705221414566,85.27528381347656
525,0.5255255103111267,60.95866775512695,-0.0005754299927502871,-0.037769582122564316,86.6833724975586
526,0.5265265107154846,61.01039123535156,-0.0005801136139780283,-0.039560526609420776,89.77857971191406
527,0.5275275111198425,61.06216049194336,-0.0005831116577610373,-0.04057125374674797,91.4255599975586
528,0.5285285115242004,61.11397171020508,-0.0005888946470804513,-0.0422421433031559,94.08541870117188
529,0.5295295119285583,61.165828704833984,-0.0005938263493590057,-0.04320140182971954,95.46588897705078
530,0.5305305123329163,61.21773147583008,-0.0005904390127398074,-0.04165349155664444,92.8699951171875
531,0.5315315127372742,61.26966857910156,-0.000582764099817723,-0.03993327543139458,90.3213119506836
532,0.5325325131416321,61.3216552734375,-0.0005732377176173031,-0.03781258314847946,87.05099487304688
533,0.53353351354599,61.373695373535156,-0.0005648439982905984,-0.03606858849525452,84.23446655273438
534,0.5345345139503479,61.4257698059082,-0.0005732416757382452,-0.0382751002907753,88.13123321533203
535,0.5355355143547058,61.47788619995117,-0.0005720274057239294,-0.03830427676439285,88.23051452636719
536,0.5365365147590637,61.530052185058594,-0.0005732785793952644,-0.038823164999485016,89.075439453125
537,0.5375375151634216,61.5822639465332,-0.0005726489471271634,-0.03904281184077263,89.39437866210938
538,0.5385385155677795,61.63451385498047,-0.0005633058026432991,-0.03746359050273895,86.90804290771484
539,0.5395395755767822,61.68681716918945,-0.0005553641822189093,-0.03616463765501976,84.76692199707031
540,0.5405405759811401,61.73915481567383,-0.0005567533080466092,-0.03631371632218361,84.9887466430664
541,0.541541576385498,61.791542053222656,-0.0005489944014698267,-0.03491067513823509,82.57976531982422
542,0.542542576789856,61.843971252441406,-0.0005407738499343395,-0.034078262746334076,81.35774230957031
543,0.5435435771942139,61.89645004272461,-0.0005331122083589435,-0.033271029591560364,80.06233215332031
544,0.5445445775985718,61.94896697998047,-0.0005145262693986297,-0.03108648769557476,76.02140045166016
545,0.5455455780029297,62.001529693603516,-0.0005125324241816998,-0.03118622861802578,76.43363952636719
546,0.5465465784072876,62.05413818359375,-0.0005086411838419735,-0.031052634119987488,76.32405090332031
547,0.5475475788116455,62.10679244995117,-0.0004882841603830457,-0.02944876253604889,73.37261199951172
548,0.5485485792160034,62.159488677978516,-0.0005000007804483175,-0.031539298593997955,77.83309173583984
549,0.5495495796203613,62.21223068237305,-0.0004946438712067902,-0.031328391283750534,77.54393005371094
550,0.5505505800247192,62.26502227783203,-0.0004935810575261712,-0.03167738392949104,78.33700561523438
551,0.5515515804290771,62.31785202026367,-0.00048341802903451025,-0.030881348997354507,76.80918884277344
552,0.5525525808334351,62.3707275390625,-0.00047436144086532295,-0.030355509370565414,75.88700103759766
553,0.553553581237793,62.42365264892578,-0.00047081313095986843,-0.030695421621203423,76.9493408203125
554,0.5545545816421509,62.476619720458984,-0.00045748509000986814,-0.029393648728728294,74.4131088256836
555,0.5555555820465088,62.52962875366211,-0.0004633036442101002,-0.030274687334895134,76.53273010253906
556,0.5565565824508667,62.58268737792969,-0.00046084384666755795,-0.029596664011478424,75.13677978515625
557,0.5575575828552246,62.63578796386719,-0.00045762636000290513,-0.02860439196228981,72.98837280273438
558,0.5585585832595825,62.688934326171875,-0.0004471211868803948,-0.026964260265231133,69.45929718017578
559,0.5595595836639404,62.74212646484375,-0.00045668240636587143,-0.0274509210139513,70.62306213378906
560,0.5605605840682983,62.79536437988281,-0.0004625564906746149,-0.02721850760281086,70.0323257446289
561,0.5615615844726562,62.8486442565918,-0.00045507773756980896,-0.026087217032909393,67.59051513671875
562,0.5625625848770142,62.901973724365234,-0.0004609935567714274,-0.02653730846941471,68.6757583618164
563,0.5635635852813721,62.955345153808594,-0.00045015558134764433,-0.025780797004699707,67.21036529541016
564,0.56456458568573,63.008766174316406,-0.00044864867231808603,-0.02566758170723915,67.0401611328125
565,0.5655655860900879,63.062225341796875,-0.0004421181802172214,-0.025114214047789574,65.80776977539062
566,0.5665665864944458,63.11573791503906,-0.00043680245289579034,-0.024801114574074745,65.17568969726562
567,0.5675675868988037,63.16929244995117,-0.00042305441456846893,-0.023867376148700714,63.17177200317383
568,0.5685685873031616,63.2228889465332,-0.000423168035922572,-0.02436778135597706,64.47065734863281
569,0.5695695877075195,63.27653503417969,-0.0004250159836374223,-0.024853365495800972,65.55123901367188
570,0.5705705881118774,63.33022689819336,-0.0004133190377615392,-0.02379145286977291,62.784088134765625
571,0.5715715885162354,63.38396072387695,-0.0004159334348514676,-0.023993516340851784,62.965919494628906
572,0.5725725889205933,63.437744140625,-0.00040765071753412485,-0.02315833792090416,60.80854797363281
573,0.5735735893249512,63.4915657043457,-0.00040687646833248436,-0.023129316046833992,60.65666961669922
574,0.5745745897293091,63.545440673828125,-0.00040004574111662805,-0.02234220691025257,58.70748519897461
575,0.575575590133667,63.599361419677734,-0.0003986606025137007,-0.02210691198706627,58.2277717590332
576,0.5765765905380249,63.65332794189453,-0.00039498344995081425,-0.021761201322078705,57.64668273925781
577,0.5775775909423828,63.707332611083984,-0.0003870867658406496,-0.020804280415177345,55.494876861572266
578,0.5785785913467407,63.761390686035156,-0.00039038393879309297,-0.021209092810750008,56.787261962890625
579,0.5795795917510986,63.815494537353516,-0.00039016862865537405,-0.02122330665588379,57.0563850402832
580,0.5805805921554565,63.8696403503418,-0.00037752289790660143,-0.019681910052895546,53.249393463134766
581,0.5815815925598145,63.92383575439453,-0.00036748385173268616,-0.018458953127264977,50.05833435058594
582,0.5825825929641724,63.97807693481445,-0.0003621781652327627,-0.018162285909056664,49.27558135986328
583,0.5835835933685303,64.03236389160156,-0.0003610607236623764,-0.018479758873581886,50.07917022705078
584,0.5845845937728882,64.0866928100586,-0.00036925653694197536,-0.01991349831223488,53.834407806396484
585,0.5855855941772461,64.14107513427734,-0.00037767700268886983,-0.021077565848827362,56.7276496887207
586,0.586586594581604,64.19549560546875,-0.00038124684942886233,-0.021610910072922707,58.05120086669922
587,0.5875875949859619,64.24996948242188,-0.00037173990858718753,-0.020538536831736565,55.25779724121094
588,0.5885885953903198,64.30448150634766,-0.00036452332278713584,-0.019708184525370598,53.117897033691406
589,0.5895895957946777,64.35903930664062,-0.00035744713386520743,-0.018792463466525078,50.79622268676758
590,0.5905905961990356,64.41365814208984,-0.0003535939322318882,-0.018267055973410606,49.569915771484375
591,0.5915915966033936,64.46830749511719,-0.0003495067940093577,-0.017535831779241562,47.74503707885742
592,0.5925925970077515,64.52301025390625,-0.00035237078554928303,-0.018143180757761,49.74048614501953
593,0.5935935974121094,64.5777587890625,-0.0003458744613453746,-0.01748231239616871,48.08291244506836
594,0.5945945978164673,64.63255310058594,-0.00034550140844658017,-0.01766739785671234,48.789398193359375
595,0.5955955982208252,64.68739318847656,-0.0003457375569269061,-0.01767200045287609,48.931190490722656
596,0.5965965986251831,64.74227905273438,-0.0003443244786467403,-0.017254363745450974,47.87757873535156
597,0.597597599029541,64.7972183227539,-0.0003408885677345097,-0.016547732055187225,46.09583282470703
598,0.5985985994338989,64.8521957397461,-0.0003400379209779203,-0.016203874722123146,45.377559661865234
599,0.5995995998382568,64.9072265625,-0.00033645390067249537,-0.015412695705890656,43.18113327026367
600,0.6006006002426147,64.96229553222656,-0.0003337778034619987,-0.014913146384060383,41.63880157470703
601,0.6016016006469727,65.01741790771484,-0.0003335817309562117,-0.014866712503135204,41.25943374633789
602,0.6026026010513306,65.07258605957031,-0.00033469952177256346,-0.015013179741799831,41.358211517333984
603,0.6036036014556885,65.12779998779297,-0.0003395140520296991,-0.015873009338974953,43.66897964477539
604,0.6046046018600464,65.18305969238281,-0.0003335271030664444,-0.015225330367684364,41.60829544067383
605,0.6056056022644043,65.23836517333984,-0.000325783941661939,-0.014334375970065594,38.94651794433594
606,0.6066066026687622,65.2937240600586,-0.0003249019500799477,-0.014545818790793419,39.67243957519531
607,0.6076076030731201,65.34912872314453,-0.00031939963810145855,-0.013946251012384892,37.89250946044922
608,0.608608603477478,65.40457916259766,-0.0003173921722918749,-0.01390823069959879,37.85957336425781
609,0.6096096038818359,65.46007537841797,-0.00031718407990410924,-0.014090384356677532,38.515625
610,0.6106106042861938,65.51561737060547,-0.00031534957815892994,-0.013974756002426147,38.27002716064453
611,0.6116116046905518,65.57120513916016,-0.00031683058477938175,-0.014466939494013786,40.04093933105469
612,0.6126126050949097,65.62684631347656,-0.0003130579134449363,-0.013876642100512981,38.341739654541016
613,0.6136136054992676,65.68252563476562,-0.00031270895851776004,-0.013779571279883385,38.13114929199219
614,0.6146146059036255,65.7382583618164,-0.00031701463740319014,-0.01492818258702755,41.83922576904297
615,0.6156156063079834,65.79403686523438,-0.0003143751237075776,-0.014062848873436451,39.145206451416016
616,0.6166166067123413,65.84986877441406,-0.00031525790109299123,-0.01440331432968378,40.257965087890625
617,0.6176176071166992,65.9057388305664,-0.0003133484860882163,-0.01378184650093317,38.25643539428711
618,0.6186186075210571,65.96166229248047,-0.00031342447618953884,-0.013819948770105839,38.32762145996094
619,0.619619607925415,66.01763153076172,-0.00031376013066619635,-0.013933197595179081,38.62819290161133
620,0.620620608329773,66.07364654541016,-0.000314798642648384,-0.014185680076479912,39.33774185180664
621,0.6216216087341309,66.12971496582031,-0.0003144077491015196,-0.01388167031109333,38.267601013183594
622,0.6226226091384888,66.18582916259766,-0.0003182645596098155,-0.014795362949371338,41.01554870605469
623,0.6236236095428467,66.24198150634766,-0.00031835949630476534,-0.014544562436640263,40.092227935791016
624,0.6246246099472046,66.29818725585938,-0.00031943898648023605,-0.01447659358382225,39.81187057495117
625,0.6256256103515625,66.35443878173828,-0.0003204839304089546,-0.014411232434213161,39.653411865234375
626,0.6266266107559204,66.4107437133789,-0.0003232110175304115,-0.013581688515841961,37.12904739379883
627,0.6276276111602783,66.46709442138672,-0.0003253125469200313,-0.013232124969363213,36.15470886230469
628,0.6286286115646362,66.52349090576172,-0.0003278948715887964,-0.012407257221639156,33.72066879272461
629,0.6296296119689941,66.57994079589844,-0.0003274589544162154,-0.012406505644321442,33.818878173828125
630,0.630630612373352,66.63642883300781,-0.000324284250382334,-0.013127944432199001,36.13189697265625
631,0.63163161277771,66.6929702758789,-0.00032281948369927704,-0.01291139516979456,35.53192138671875
632,0.6326326131820679,66.74955749511719,-0.00032065866980701685,-0.012471302412450314,34.24526596069336
633,0.6336336135864258,66.80619812011719,-0.00031750547350384295,-0.013430548831820488,37.339599609375
634,0.6346346139907837,66.86288452148438,-0.000314782140776515,-0.013228073716163635,36.747928619384766
635,0.6356356143951416,66.91961669921875,-0.00031133368611335754,-0.012519960291683674,34.480342864990234
636,0.6366366147994995,66.97640228271484,-0.0003087162331212312,-0.01318315789103508,36.6712532043457
637,0.6376376152038574,67.0332260131836,-0.00030805449932813644,-0.013842395506799221,38.91240692138672
638,0.6386386156082153,67.0901107788086,-0.00030880351550877094,-0.014451008290052414,40.99610137939453
639,0.6396396160125732,67.14703369140625,-0.00031113222939893603,-0.015153746120631695,43.34992218017578
640,0.6406406164169312,67.20401000976562,-0.0003077018482144922,-0.014680437743663788,41.9019775390625
641,0.6416416764259338,67.26103210449219,-0.0003042454773094505,-0.014231419190764427,40.600196838378906
642,0.6426426768302917,67.31810760498047,-0.00029940641252323985,-0.013023373670876026,36.76726531982422
643,0.6436436772346497,67.37522888183594,-0.0002975709503516555,-0.012110602110624313,33.95228958129883
644,0.6446446776390076,67.4323959350586,-0.0002965375024359673,-0.01223478652536869,34.62104797363281
645,0.6456456780433655,67.48960876464844,-0.0002971314825117588,-0.011541761457920074,32.525577545166016
646,0.6466466784477234,67.546875,-0.0002991195360664278,-0.010985542088747025,30.828123092651367
647,0.6476476788520813,67.60418701171875,-0.0003104607458226383,-0.00942474976181984,25.80558204650879
648,0.6486486792564392,67.66155242919922,-0.00031316213426180184,-0.009131446480751038,24.988994598388672
649,0.6496496796607971,67.71896362304688,-0.0003202504012733698,-0.008313617669045925,22.517269134521484
650,0.650650680065155,67.77642822265625,-0.0003121561894658953,-0.00954689085483551,26.544395446777344
651,0.6516516804695129,67.83393859863281,-0.0003090904501732439,-0.01038607768714428,29.26547622680664
652,0.6526526808738708,67.89148712158203,-0.00030490534845739603,-0.011637120507657528,33.238101959228516
653,0.6536536812782288,67.9490966796875,-0.00030703016091138124,-0.011501035653054714,32.6784553527832
654,0.6546546816825867,68.00675201416016,-0.0003108425298705697,-0.011069279164075851,31.23084259033203
655,0.6556556820869446,68.064453125,-0.00031139329075813293,-0.011533277109265327,32.712669372558594
656,0.6566566824913025,68.1222152709961,-0.000309469091007486,-0.012258108705282211,35.0286979675293
657,0.6576576828956604,68.18000793457031,-0.00031006819335743785,-0.012240388430655003,35.00233840942383
658,0.6586586833000183,68.23786163330078,-0.0003104021889157593,-0.011961571872234344,34.17564392089844
659,0.6596596837043762,68.29576110839844,-0.00030288437847048044,-0.013423611409962177,39.098880767822266
660,0.6606606841087341,68.35371398925781,-0.00030154967680573463,-0.013756953179836273,40.44830322265625
661,0.661661684513092,68.41171264648438,-0.0003008745261467993,-0.013211417943239212,38.93806457519531
662,0.66266268491745,68.46975708007812,-0.0003028661594726145,-0.014006889425218105,41.85491180419922
663,0.6636636853218079,68.5278549194336,-0.00030580293969251215,-0.014588113874197006,43.94945526123047
664,0.6646646857261658,68.58599853515625,-0.00030915363458916545,-0.015174374915659428,45.893306732177734
665,0.6656656861305237,68.64419555664062,-0.0003080831957049668,-0.014877784997224808,44.85879898071289
666,0.6666666865348816,68.70243835449219,-0.0003071281244046986,-0.014701765030622482,44.111122131347656
667,0.6676676869392395,68.76073455810547,-0.0003044335462618619,-0.013825245201587677,41.04684066772461
668,0.6686686873435974,68.81907653808594,-0.00030385999707505107,-0.013919070363044739,41.24427032470703
669,0.6696696877479553,68.87747192382812,-0.0003053781110793352,-0.01519700326025486,45.366416931152344
670,0.6706706881523132,68.9359130859375,-0.00030458567198365927,-0.015236900188028812,45.47008514404297
671,0.6716716885566711,68.9944076538086,-0.0003021685406565666,-0.014454569667577744,42.95039749145508
672,0.672672688961029,69.05294799804688,-0.0003012212400790304,-0.014352362602949142,42.74531936645508
673,0.673673689365387,69.11154174804688,-0.00029991992050781846,-0.01344601996243,39.916507720947266
674,0.6746746897697449,69.17018127441406,-0.0002989935455843806,-0.012590249069035053,37.307682037353516
675,0.6756756901741028,69.22887420654297,-0.0002992243389599025,-0.011268189176917076,33.21016311645508
676,0.6766766905784607,69.2876205444336,-0.00030266994144767523,-0.010030228644609451,29.420974731445312
677,0.6776776909828186,69.34640502929688,-0.00030029870686121285,-0.010233581997454166,30.359264373779297
678,0.6786786913871765,69.4052505493164,-0.0002971734502352774,-0.010887623764574528,32.7243537902832
679,0.6796796917915344,69.4641342163086,-0.0002959345583803952,-0.011182601563632488,33.850704193115234
680,0.6806806921958923,69.52307891845703,-0.0002963168080896139,-0.010371881537139416,31.207643508911133
681,0.6816816926002502,69.58206939697266,-0.0002940008125733584,-0.010367079637944698,31.24036407470703
682,0.6826826930046082,69.64111328125,-0.0002912009658757597,-0.011287952773272991,34.420223236083984
683,0.6836836934089661,69.7001953125,-0.00028977292822673917,-0.010719554498791695,32.40037155151367
684,0.684684693813324,69.75934600830078,-0.00028890560497529805,-0.010359259322285652,31.03500747680664
685,0.6856856942176819,69.81852722167969,-0.00029512011678889394,-0.008960680104792118,26.05729866027832
686,0.6866866946220398,69.87776947021484,-0.00030007766326889396,-0.008397730067372322,23.993146896362305
687,0.6876876950263977,69.93706512451172,-0.00030207529198378325,-0.008413837291300297,23.960861206054688
688,0.6886886954307556,69.99640655517578,-0.0003055877750739455,-0.00811950396746397,22.998044967651367
689,0.6896896958351135,70.05580139160156,-0.00030680111376568675,-0.008142934180796146,23.237443923950195
690,0.6906906962394714,70.11524200439453,-0.0003070726525038481,-0.008238786831498146,23.837316513061523
691,0.6916916966438293,70.17473602294922,-0.00030724838143214583,-0.0077710761688649654,22.568344116210938
692,0.6926926970481873,70.23428344726562,-0.00030553367105312645,-0.006876977626234293,19.81269645690918
693,0.6936936974525452,70.29387664794922,-0.00030485671595670283,-0.006824292708188295,19.705259323120117
694,0.6946946978569031,70.353515625,-0.00030434876680374146,-0.00740599213168025,21.559892654418945
695,0.695695698261261,70.41321563720703,-0.00030241100466810167,-0.006724993698298931,19.318830490112305
696,0.6966966986656189,70.47296142578125,-0.0003000828728545457,-0.007024895399808884,20.426668167114258
697,0.6976976990699768,70.53276062011719,-0.00029825576348230243,-0.006611646618694067,19.12010955810547
698,0.6986986994743347,70.59259796142578,-0.0002944357111118734,-0.00552690215408802,15.534279823303223
699,0.6996996998786926,70.65249633789062,-0.00029035445186309516,-0.005182267166674137,14.369667053222656
700,0.7007007002830505,70.71244812011719,-0.00028977711917832494,-0.005770334042608738,16.358505249023438
701,0.7017017006874084,70.77244567871094,-0.00028991742874495685,-0.006122930906713009,17.52272605895996
702,0.7027027010917664,70.83250427246094,-0.0002884070563595742,-0.0056433225981891155,15.76423168182373
703,0.7037037014961243,70.8926010131836,-0.00029099112725816667,-0.006022925488650799,16.992019653320312
704,0.7047047019004822,70.95275115966797,-0.00029592157807201147,-0.0073842559941112995,21.6210880279541
705,0.7057057023048401,71.0129623413086,-0.0002971897483803332,-0.007285264786332846,21.373754501342773
706,0.706706702709198,71.07321166992188,-0.0002986256149597466,-0.0076096816919744015,22.601884841918945
707,0.7077077031135559,71.1335220336914,-0.0002988737542182207,-0.008039266802370548,24.19681167602539
708,0.7087087035179138,71.19387817382812,-0.0002996402035932988,-0.007340415846556425,22.038644790649414
709,0.7097097039222717,71.25428771972656,-0.00029852299485355616,-0.007776283659040928,23.597654342651367
710,0.7107107043266296,71.31475067138672,-0.00029886746779084206,-0.007281417492777109,21.946502685546875
711,0.7117117047309875,71.37525939941406,-0.00029908795841038227,-0.006933951750397682,20.745136260986328
712,0.7127127051353455,71.4358139038086,-0.0002986975305248052,-0.007060748990625143,21.18426513671875
713,0.7137137055397034,71.4964370727539,-0.0002977410040330142,-0.007378237321972847,22.333343505859375
714,0.7147147059440613,71.55709838867188,-0.0002966101747006178,-0.0077133155427873135,23.47854995727539
715,0.7157157063484192,71.61781311035156,-0.0002955156087409705,-0.00814726110547781,24.867679595947266
716,0.7167167067527771,71.67858123779297,-0.0002919932594522834,-0.009034847840666771,27.794837951660156
717,0.717717707157135,71.7394027709961,-0.00029001740040257573,-0.009504348039627075,29.27960968017578
718,0.7187187075614929,71.8002700805664,-0.00029652536613866687,-0.008263067342340946,24.883113861083984
719,0.7197197079658508,71.86119842529297,-0.0002912585623562336,-0.009727478958666325,29.6502742767334
720,0.7207207083702087,71.92217254638672,-0.00028936544549651444,-0.010897479951381683,33.495601654052734
721,0.7217217087745667,71.98320007324219,-0.0002932048519141972,-0.010148866102099419,30.84428596496582
722,0.7227227091789246,72.04427337646484,-0.00029476359486579895,-0.009707113727927208,29.309947967529297
723,0.7237237095832825,72.10540771484375,-0.0002933884388767183,-0.009731934405863285,29.397315979003906
724,0.7247247099876404,72.16658782958984,-0.0002896555233746767,-0.010584772564470768,32.38981628417969
725,0.7257257103919983,72.22782135009766,-0.0002886484726332128,-0.010006384924054146,30.51268196105957
726,0.7267267107963562,72.28910827636719,-0.0002878138329833746,-0.009399987757205963,28.557926177978516
727,0.7277277112007141,72.3504409790039,-0.00028990762075409293,-0.007704165298491716,22.798768997192383
728,0.728728711605072,72.41183471679688,-0.00028977164765819907,-0.007286036852747202,21.425716400146484
729,0.7297297120094299,72.47327423095703,-0.00029074522899463773,-0.006259586196392775,17.956199645996094
730,0.7307307124137878,72.53477478027344,-0.00029198138508945704,-0.006332602351903915,18.265422821044922
731,0.7317317128181458,72.59632110595703,-0.0002933406503871083,-0.006724017672240734,19.679763793945312
732,0.7327327132225037,72.65791320800781,-0.0002955759409815073,-0.006082162261009216,17.605958938598633
733,0.7337337136268616,72.71956634521484,-0.0002951268688775599,-0.005306852515786886,15.187469482421875
734,0.7347347140312195,72.78126525878906,-0.000292426033411175,-0.004802245181053877,13.683476448059082
735,0.7357357144355774,72.84302520751953,-0.0002932583156507462,-0.00553795276209712,16.382383346557617
736,0.7367367148399353,72.90483093261719,-0.0002866694703698158,-0.0047298152931034565,13.774612426757812
737,0.7377377152442932,72.96669006347656,-0.0002882622939068824,-0.005667076446115971,17.130151748657227
738,0.7387387156486511,73.02860260009766,-0.00028487062081694603,-0.005588923580944538,16.943296432495117
739,0.739739716053009,73.09056854248047,-0.00028386880876496434,-0.0057875351049005985,17.70796012878418
740,0.7407407164573669,73.152587890625,-0.0002853929763659835,-0.006227684207260609,19.374176025390625
741,0.7417417168617249,73.21465301513672,-0.00028358394047245383,-0.005991368088871241,18.652000427246094
742,0.7427427172660828,73.27677917480469,-0.00028906972147524357,-0.0069228592328727245,21.96009635925293
743,0.7437437772750854,73.33895874023438,-0.0002898399834521115,-0.007226566318422556,23.05120849609375
744,0.7447447776794434,73.40119171142578,-0.00029049249133095145,-0.007948646321892738,25.554946899414062
745,0.7457457780838013,73.46347045898438,-0.0002895483048632741,-0.007847144268453121,25.25336456298828
746,0.7467467784881592,73.52580261230469,-0.00028910275432281196,-0.00782814435660839,25.231372833251953
747,0.7477477788925171,73.58819580078125,-0.00028824395849369466,-0.00729560200124979,23.403884887695312
748,0.748748779296875,73.65062713623047,-0.00028714901418425143,-0.006988763343542814,22.30674934387207
749,0.7497497797012329,73.71311950683594,-0.0002868415031116456,-0.00686417892575264,21.775529861450195
750,0.7507507801055908,73.77567291259766,-0.0002863264817278832,-0.006543198600411415,20.48263168334961
751,0.7517517805099487,73.83826446533203,-0.00029012360027991235,-0.007814939133822918,24.644132614135742
752,0.7527527809143066,73.90092468261719,-0.00028867379296571016,-0.006818036548793316,20.922164916992188
753,0.7537537813186646,73.963623046875,-0.0002883821143768728,-0.0066948700696229935,20.249168395996094
754,0.7547547817230225,74.02638244628906,-0.0002875957579817623,-0.006851213052868843,20.677345275878906
755,0.7557557821273804,74.08919525146484,-0.000286798516754061,-0.007170490454882383,21.847335815429688
756,0.7567567825317383,74.15206146240234,-0.0002814156177919358,-0.0057584489695727825,16.98021697998047
757,0.7577577829360962,74.21498107910156,-0.00027874158695340157,-0.005289159715175629,15.434041023254395
758,0.7587587833404541,74.2779541015625,-0.00028036272851750255,-0.006164700258523226,18.69464874267578
759,0.759759783744812,74.34097290039062,-0.0002787844277918339,-0.005699117202311754,17.142168045043945
760,0.7607607841491699,74.404052734375,-0.0002773865999188274,-0.0049704560078680515,14.626297950744629
761,0.7617617845535278,74.4671859741211,-0.00027823721757158637,-0.005678821820765734,17.31182861328125
762,0.7627627849578857,74.53038024902344,-0.0002782368683256209,-0.005807151552289724,17.95944595336914
763,0.7637637853622437,74.59361267089844,-0.0002775111934170127,-0.005716342478990555,17.795625686645508
764,0.7647647857666016,74.65690612792969,-0.0002761839423328638,-0.005370224826037884,16.64218521118164
765,0.7657657861709595,74.72025299072266,-0.0002778615162242204,-0.004170985892415047,12.33895492553711
766,0.7667667865753174,74.78365325927734,-0.00027919799322262406,-0.003829899011179805,11.078516006469727
767,0.7677677869796753,74.84710693359375,-0.0002849771990440786,-0.0030439652036875486,8.214916229248047
768,0.7687687873840332,74.91061401367188,-0.00028706417651847005,-0.0027918480336666107,7.2769389152526855
769,0.7697697877883911,74.97418212890625,-0.00028792943339794874,-0.0027126800268888474,6.948063373565674
770,0.770770788192749,75.03779602050781,-0.00028569306596182287,-0.0030800956301391125,8.17569637298584
771,0.7717717885971069,75.1014633178711,-0.00028142996598035097,-0.003790811402723193,10.661208152770996
772,0.7727727890014648,75.1651840209961,-0.000283688772469759,-0.0036900020204484463,10.353622436523438
773,0.7737737894058228,75.22896575927734,-0.00028668122831732035,-0.003499673679471016,9.73643684387207
774,0.7747747898101807,75.29280090332031,-0.00029040148365311325,-0.00263293762691319,6.870594024658203
775,0.7757757902145386,75.35668182373047,-0.00028901282348670065,-0.0033463453873991966,9.479554176330566
776,0.7767767906188965,75.42062377929688,-0.00028919451870024204,-0.003359794383868575,9.678890228271484
777,0.7777777910232544,75.484619140625,-0.0002893629716709256,-0.003203821135684848,9.306488037109375
778,0.7787787914276123,75.54866790771484,-0.00028315134113654494,-0.005159363616257906,16.325359344482422
779,0.7797797918319702,75.6127700805664,-0.00028369235224090517,-0.004159023053944111,12.927247047424316
780,0.7807807922363281,75.67693328857422,-0.0002818959765136242,-0.0038846428506076336,12.042428970336914
781,0.781781792640686,75.74114227294922,-0.00027822755509987473,-0.004391028080135584,13.937906265258789
782,0.782782793045044,75.80540466308594,-0.0002751669380813837,-0.005039965733885765,16.34737777709961
783,0.7837837934494019,75.8697280883789,-0.0002738891926128417,-0.006420156918466091,21.451223373413086
784,0.7847847938537598,75.9341049194336,-0.00027158315060660243,-0.006308036390691996,21.14927101135254
785,0.7857857942581177,75.99853515625,-0.0002706100349314511,-0.006555963307619095,22.16625213623047
786,0.7867867946624756,76.06301879882812,-0.0002705991792026907,-0.006909505929797888,23.514442443847656
787,0.7877877950668335,76.1275634765625,-0.00026883630198426545,-0.0062817721627652645,21.159086227416992
788,0.7887887954711914,76.19215393066406,-0.000268180767307058,-0.006017375737428665,20.093307495117188
789,0.7897897958755493,76.25680541992188,-0.0002681197947822511,-0.005824676249176264,19.247583389282227
790,0.7907907962799072,76.3215103149414,-0.000270735879894346,-0.006852916441857815,22.95742416381836
791,0.7917917966842651,76.38626861572266,-0.00027045770548284054,-0.006961216684430838,23.34827423095703
792,0.792792797088623,76.45108032226562,-0.00027022362337447703,-0.007332288660109043,24.748437881469727
793,0.793793797492981,76.51595306396484,-0.0002695107541512698,-0.007794790435582399,26.49359893798828
794,0.7947947978973389,76.58087921142578,-0.00026668989448808134,-0.007101074326783419,23.961692810058594
795,0.7957957983016968,76.64585876464844,-0.00026404246455058455,-0.006947590969502926,23.457469940185547
796,0.7967967987060547,76.71089172363281,-0.00026093548513017595,-0.00662950100377202,22.31182098388672
797,0.7977977991104126,76.7759780883789,-0.0002577079285401851,-0.006193574983626604,20.701465606689453
798,0.7987987995147705,76.84112548828125,-0.00025589377037249506,-0.0064466046169400215,21.7885799407959
799,0.7997997999191284,76.90632629394531,-0.0002563903108239174,-0.007323680445551872,25.35492515563965
800,0.8008008003234863,76.97157287597656,-0.0002525254094507545,-0.005788527429103851,19.422046661376953
801,0.8018018007278442,77.03689575195312,-0.00025281120906583965,-0.005110537633299828,16.78480339050293
802,0.8028028011322021,77.10225677490234,-0.00025450412067584693,-0.004718108102679253,15.224571228027344
803,0.8038038015365601,77.16767883300781,-0.00025403103791177273,-0.00513095036149025,16.795040130615234
804,0.804804801940918,77.233154296875,-0.0002535423554945737,-0.005533023737370968,18.312274932861328
805,0.8058058023452759,77.29869079589844,-0.00025528654805384576,-0.005251703783869743,17.12769889831543
806,0.8068068027496338,77.36427307128906,-0.000256342813372612,-0.005334007553756237,17.37700080871582
807,0.8078078031539917,77.42991638183594,-0.0002637968282215297,-0.004123194608837366,12.706716537475586
808,0.8088088035583496,77.49562072753906,-0.0002597810234874487,-0.005384540650993586,17.58651351928711
809,0.8098098039627075,77.56137084960938,-0.00026056391652673483,-0.005618400406092405,18.599592208862305
810,0.8108108043670654,77.62718963623047,-0.0002583918976597488,-0.0066378554329276085,22.68518829345703
811,0.8118118047714233,77.69306182861328,-0.00025752774672582746,-0.006717880256474018,23.15848159790039
812,0.8128128051757812,77.75897979736328,-0.0002565201139077544,-0.006891994271427393,23.98158836364746
813,0.8138138055801392,77.82495880126953,-0.0002543889859225601,-0.007718568202108145,27.409360885620117
814,0.8148148059844971,77.8909912109375,-0.000253963575232774,-0.008016183972358704,28.72910499572754
815,0.815815806388855,77.95708465576172,-0.00025465546059422195,-0.008771521039307117,31.786575317382812
816,0.8168168067932129,78.02323150634766,-0.0002551506622694433,-0.008552621118724346,31.013452529907227
817,0.8178178071975708,78.08943176269531,-0.0002549263881519437,-0.008135475218296051,29.51464080810547
818,0.8188188076019287,78.15569305419922,-0.0002539526904001832,-0.006836020853370428,24.57939338684082
819,0.8198198080062866,78.22200775146484,-0.0002533700317144394,-0.00645684776827693,23.275775909423828
820,0.8208208084106445,78.28837585449219,-0.00025348184863105416,-0.00644680904224515,23.35274314880371
821,0.8218218088150024,78.35481262207031,-0.00025335390819236636,-0.006140195764601231,22.21936798095703
822,0.8228228092193604,78.4212875366211,-0.0002566334733273834,-0.0072497413493692875,26.610862731933594
823,0.8238238096237183,78.48783874511719,-0.0002576535625848919,-0.007410439196974039,27.27620506286621
824,0.8248248100280762,78.55442810058594,-0.0002586681512184441,-0.007706187199801207,28.449169158935547
825,0.8258258104324341,78.62108612060547,-0.0002577519044280052,-0.007035261020064354,25.904930114746094
826,0.826826810836792,78.68779754638672,-0.00025519379414618015,-0.006373426411300898,23.37880516052246
827,0.8278278112411499,78.75455474853516,-0.00025199525407515466,-0.005890170112252235,21.495630264282227
828,0.8288288116455078,78.82138061523438,-0.00025586364790797234,-0.0067324223928153515,24.868682861328125
829,0.8298298120498657,78.88825988769531,-0.00025475950678810477,-0.00674033397808671,24.974376678466797
830,0.8308308124542236,78.9552001953125,-0.00025545721291564405,-0.0070546939969062805,26.258949279785156
831,0.8318318128585815,79.02220153808594,-0.00025711130001582205,-0.007672582753002644,28.69588279724121
832,0.8328328132629395,79.08924865722656,-0.00025536277098581195,-0.007300793193280697,27.23883628845215
833,0.8338338136672974,79.15635681152344,-0.000255401071626693,-0.008065483532845974,30.20538330078125
834,0.8348348140716553,79.22352600097656,-0.00025396147975698113,-0.008163650520145893,30.542415618896484
835,0.8358358144760132,79.29074096679688,-0.0002528215991333127,-0.00793965719640255,29.680587768554688
836,0.8368368148803711,79.35801696777344,-0.0002541562425903976,-0.006937027908861637,25.693456649780273
837,0.837837815284729,79.42535400390625,-0.00025439279852434993,-0.007261043414473534,26.87576675415039
838,0.8388388156890869,79.49275207519531,-0.0002530692727304995,-0.008006804622709751,29.706727981567383
839,0.8398398160934448,79.56019592285156,-0.0002557273837737739,-0.007352899294346571,27.071199417114258
840,0.8408408164978027,79.62770080566406,-0.0002575178805273026,-0.006089323200285435,22.1763916015625
841,0.8418418169021606,79.69527435302734,-0.0002577731793280691,-0.005986494477838278,21.846790313720703
842,0.8428428173065186,79.76288604736328,-0.0002582005108706653,-0.0060784341767430305,22.295848846435547
843,0.8438438177108765,79.83056640625,-0.00025872469996102154,-0.005415894091129303,19.832172393798828
844,0.8448448181152344,79.89830780029297,-0.0002580409054644406,-0.004451559390872717,16.212799072265625
845,0.8458458185195923,79.96610260009766,-0.0002589840441942215,-0.004868622869253159,17.90630340576172
846,0.846846878528595,80.0339584350586,-0.0002538149419706315,-0.003183365799486637,11.399187088012695
847,0.8478478789329529,80.10186004638672,-0.00025333435041829944,-0.0033938291016966105,12.256810188293457
848,0.8488488793373108,80.16983032226562,-0.00025158922653645277,-0.0035600359551608562,12.90357494354248
849,0.8498498797416687,80.23786163330078,-0.0002483357093296945,-0.0032573214266449213,11.650296211242676
850,0.8508508801460266,80.30593872070312,-0.0002457156660966575,-0.004527580458670855,16.74656867980957
851,0.8518518805503845,80.37407684326172,-0.00024189897521864623,-0.005116110667586327,19.174741744995117
852,0.8528528809547424,80.44227600097656,-0.0002385014231549576,-0.005438729654997587,20.56280517578125
853,0.8538538813591003,80.51052856445312,-0.00023493208573199809,-0.004747288767248392,17.652626037597656
854,0.8548548817634583,80.57884216308594,-0.00023471034364774823,-0.005671563092619181,21.631412506103516
855,0.8558558821678162,80.647216796875,-0.0002313218719791621,-0.005084999371320009,19.17155647277832
856,0.8568568825721741,80.71565246582031,-0.00022983190137892962,-0.0049512432888150215,18.654287338256836
857,0.857857882976532,80.78413391113281,-0.00022866865037940443,-0.004565952345728874,16.959732055664062
858,0.8588588833808899,80.8526840209961,-0.0002291259152116254,-0.004387023858726025,16.135543823242188
859,0.8598598837852478,80.92127990722656,-0.00023318534658756107,-0.0037022230681031942,13.104321479797363
860,0.8608608841896057,80.98995208740234,-0.00023580246488563716,-0.0035250361543148756,12.266236305236816
861,0.8618618845939636,81.05866241455078,-0.00023632493684999645,-0.0036608984228223562,12.772425651550293
862,0.8628628849983215,81.12744903564453,-0.0002341470681130886,-0.004087874665856361,14.547544479370117
863,0.8638638854026794,81.19628143310547,-0.00023811202845536172,-0.0035787224769592285,12.366326332092285
864,0.8648648858070374,81.26518249511719,-0.0002404730039415881,-0.003222039667889476,10.87637710571289
865,0.8658658862113953,81.3341293334961,-0.0002456905203871429,-0.0019107044208794832,5.564806938171387
866,0.8668668866157532,81.40314483642578,-0.0002416161441942677,-0.0020853132009506226,6.354923725128174
867,0.8678678870201111,81.47222137451172,-0.00024171177938114852,-0.0008618264109827578,1.3558077812194824
868,0.868868887424469,81.54134368896484,-0.00023839622735977173,-0.0009374490473419428,1.7230925559997559
869,0.8698698878288269,81.61053466796875,-0.00023281932226382196,-0.0018435233505442739,5.680005073547363
870,0.8708708882331848,81.6797866821289,-0.00022970879217609763,-0.002164826961234212,7.221456050872803
871,0.8718718886375427,81.74909210205078,-0.00022756110411137342,-0.001599547453224659,4.881257057189941
872,0.8728728890419006,81.81845092773438,-0.0002255490398965776,-0.001634210697375238,5.086434364318848
873,0.8738738894462585,81.88787078857422,-0.00022477455786429346,-0.0023205853067338467,8.122715950012207
874,0.8748748898506165,81.95735931396484,-0.00022604077821597457,-0.0029591096099466085,10.875587463378906
875,0.8758758902549744,82.02690887451172,-0.00023008750576991588,-0.0016494672745466232,5.021642684936523
876,0.8768768906593323,82.09650421142578,-0.00023576822422910482,-0.0008990939822979271,1.7309614419937134
877,0.8778778910636902,82.1661605834961,-0.00023927704023662955,-0.0005405827541835606,0.24979162216186523
878,0.8788788914680481,82.23587799072266,-0.0002370702422922477,-0.0012526161735877395,3.3492469787597656
879,0.879879891872406,82.30565643310547,-0.00023765346850268543,-0.0010022430215030909,2.4412434101104736
880,0.8808808922767639,82.37548828125,-0.00023660152510274202,-0.000972819747403264,2.4430253505706787
881,0.8818818926811218,82.44538116455078,-0.00023715509450994432,0.00012961695028934628,-2.111065149307251
882,0.8828828930854797,82.51534271240234,-0.00023827821132726967,0.0010169033193960786,-5.810564041137695
883,0.8838838934898376,82.58535766601562,-0.00024053118249867111,0.0018255658214911819,-9.175548553466797
884,0.8848848938941956,82.65543365478516,-0.000237147745792754,0.0007040181080810726,-4.458852767944336
885,0.8858858942985535,82.72557067871094,-0.00023693472030572593,0.00029222090961411595,-2.7280869483947754
886,0.8868868947029114,82.7957534790039,-0.00023803170188330114,-8.815628461888991e-06,-1.5092413425445557
887,0.8878878951072693,82.86600494384766,-0.00023922542459331453,-0.00047936802729964256,0.3883311152458191
888,0.8888888955116272,82.93631744384766,-0.00024022028082981706,-0.0004746490449178964,0.2979317903518677
889,0.8898898959159851,83.00669860839844,-0.0002409850712865591,-0.000908387650270015,2.0252561569213867
890,0.890890896320343,83.0771255493164,-0.00024103731266222894,-0.0006639859057031572,0.9660067558288574
891,0.8918918967247009,83.14761352539062,-0.00024032114015426487,-0.00048611374222673476,0.19044065475463867
892,0.8928928971290588,83.21817016601562,-0.00023893352772574872,-0.0006934504490345716,0.9933269023895264
893,0.8938938975334167,83.28878021240234,-0.00023810419952496886,-0.0014195321127772331,4.006289958953857
894,0.8948948979377747,83.35945129394531,-0.00023648150090593845,-0.0017329307738691568,5.312227249145508
895,0.8958958983421326,83.43018341064453,-0.00023524864809587598,-0.0024436803068965673,8.325263023376465
896,0.8968968987464905,83.5009765625,-0.00023374274314846843,-0.002827231539413333,10.028847694396973
897,0.8978978991508484,83.57182312011719,-0.0002323211811017245,-0.002820743480697274,10.132923126220703
898,0.8988988995552063,83.64273071289062,-0.00023029731528367847,-0.003496143501251936,13.235664367675781
899,0.8998998999595642,83.71370697021484,-0.00022938812617212534,-0.0034989770501852036,13.431317329406738
900,0.9009009003639221,83.78473663330078,-0.00022922904463484883,-0.0030440757982432842,11.584442138671875
901,0.90190190076828,83.85582733154297,-0.0002279439358972013,-0.002255505882203579,8.237503051757812
902,0.9029029011726379,83.9269790649414,-0.00022897159215062857,-0.0032484394032508135,12.66424560546875
903,0.9039039015769958,83.99818420410156,-0.00022872122644912452,-0.0028643684927374125,11.013290405273438
904,0.9049049019813538,84.06946563720703,-0.0002287586685270071,-0.002364606596529484,8.782843589782715
905,0.9059059023857117,84.14079284667969,-0.00023001758381724358,-0.0022957685869187117,8.392522811889648
906,0.9069069027900696,84.21219635009766,-0.00023214344400912523,-0.002032950520515442,7.180746078491211
907,0.9079079031944275,84.28364562988281,-0.00023317211889661849,-0.002466784091666341,9.002568244934082
908,0.9089089035987854,84.35516357421875,-0.00022665216238237917,-0.004040974657982588,15.801852226257324
909,0.9099099040031433,84.42674255371094,-0.0002276634331792593,-0.003995342180132866,15.616908073425293
910,0.9109109044075012,84.49837493896484,-0.0002266460214741528,-0.004276915919035673,16.96770477294922
911,0.9119119048118591,84.57007598876953,-0.00022597445058636367,-0.004907509312033653,19.890766143798828
912,0.912912905216217,84.64183044433594,-0.00022815982811152935,-0.003861237084493041,15.42819595336914
913,0.913913905620575,84.71365356445312,-0.00022691609046887606,-0.004251373466104269,17.246925354003906
914,0.9149149060249329,84.78553009033203,-0.00022629080922342837,-0.004702641628682613,19.287736892700195
915,0.9159159064292908,84.85746765136719,-0.00022641044051852077,-0.005350652150809765,22.1588191986084
916,0.9169169068336487,84.92947387695312,-0.00022489376715384424,-0.004673522897064686,19.161853790283203
917,0.9179179072380066,85.00153350830078,-0.00022324261954054236,-0.004664863925427198,19.150882720947266
918,0.9189189076423645,85.07366180419922,-0.00022166792768985033,-0.005744455382227898,24.078523635864258
919,0.9199199080467224,85.1458511352539,-0.00021942703460808843,-0.005400538444519043,22.65043830871582
920,0.9209209084510803,85.21809387207031,-0.00021854469378013164,-0.00604332285001874,25.71417808532715
921,0.9219219088554382,85.29039764404297,-0.00021839182591065764,-0.006970634683966637,30.022111892700195
922,0.9229229092597961,85.3627700805664,-0.00021717260824516416,-0.006482798606157303,27.80290412902832
923,0.923923909664154,85.43519592285156,-0.00021760932577308267,-0.0070401993580162525,30.344703674316406
924,0.924924910068512,85.50769805908203,-0.000217621389310807,-0.007196697406470776,31.059499740600586
925,0.9259259104728699,85.58024597167969,-0.00021749193547293544,-0.0070935566909611225,30.625606536865234
926,0.9269269108772278,85.6528549194336,-0.00021769852901343256,-0.007366137113422155,31.879959106445312
927,0.9279279112815857,85.72554779052734,-0.00021757540525868535,-0.007549569942057133,32.704166412353516
928,0.9289289116859436,85.79827880859375,-0.000217066437471658,-0.007853200659155846,34.07173538208008
929,0.9299299120903015,85.87108612060547,-0.00021692250447813421,-0.007441634312272072,32.1497917175293
930,0.9309309124946594,85.9439468383789,-0.00021665665553882718,-0.0058063301257789135,24.6234073638916
931,0.9319319128990173,86.01686096191406,-0.00021644707885570824,-0.005349702201783657,22.5799503326416
932,0.9329329133033752,86.08985137939453,-0.0002165629412047565,-0.004671940114349127,19.5259952545166
933,0.9339339137077332,86.16289520263672,-0.00021467858459800482,-0.005185634829103947,21.981929779052734
934,0.9349349141120911,86.23600769042969,-0.0002136276598321274,-0.005613462533801794,24.009721755981445
935,0.935935914516449,86.3091812133789,-0.00021379769896157086,-0.005072963889688253,21.477067947387695
936,0.9369369149208069,86.38240814208984,-0.00021338072838261724,-0.005365550052374601,22.801420211791992
937,0.9379379153251648,86.45570373535156,-0.00021422747522592545,-0.005160426255315542,21.731597900390625
938,0.9389389157295227,86.52906799316406,-0.00021437680697999895,-0.005787985865026712,24.54890251159668
939,0.9399399161338806,86.60248565673828,-0.00021601862681563944,-0.005235637072473764,21.897459030151367
940,0.9409409165382385,86.67597198486328,-0.00021716119954362512,-0.005438080057501793,22.755840301513672
941,0.9419419169425964,86.74951171875,-0.0002181383315473795,-0.005345365963876247,22.30440902709961
942,0.9429429173469543,86.82312774658203,-0.00021948208450339735,-0.0043931687250733376,17.930147171020508
943,0.9439439177513123,86.89679718017578,-0.0002209825033787638,-0.00386960175819695,15.540359497070312
944,0.9449449181556702,86.97053527832031,-0.00022129547141958028,-0.0037340279668569565,14.91120719909668
945,0.9459459185600281,87.04431915283203,-0.00021819058747496456,-0.004459777381271124,18.212913513183594
946,0.946946918964386,87.11817932128906,-0.0002224039490101859,-0.0032374572474509478,12.672311782836914
947,0.9479479193687439,87.19210052490234,-0.00022148285643197596,-0.003250807523727417,12.736446380615234
948,0.9489489793777466,87.2660903930664,-0.00021956677665002644,-0.003504902822896838,13.888211250305176
949,0.9499499797821045,87.34013366699219,-0.00021775260393042117,-0.0035872713197022676,14.326436996459961
950,0.9509509801864624,87.41423797607422,-0.00020985178707633168,-0.004895891062915325,20.5767822265625
951,0.9519519805908203,87.48841094970703,-0.00021257219486869872,-0.0038143161218613386,15.661530494689941
952,0.9529529809951782,87.56263732910156,-0.00021397009550128132,-0.0028972874861210585,11.561555862426758
953,0.9539539813995361,87.6369400024414,-0.00021279756037984043,-0.002424727426841855,9.552556991577148
954,0.954954981803894,87.71129608154297,-0.00021102960454300046,-0.002526249038055539,10.230820655822754
955,0.955955982208252,87.78572845458984,-0.00021009740885347128,-0.001887291087768972,7.332376480102539
956,0.9569569826126099,87.86021423339844,-0.00020854575268458575,-0.0011914203641936183,4.117660045623779
957,0.9579579830169678,87.93476104736328,-0.00020777438476216048,-0.0009654078749008477,3.1203789710998535
958,0.9589589834213257,88.0093765258789,-0.0002092552895192057,-0.0015557536389678717,6.023434638977051
959,0.9599599838256836,88.08405303955078,-0.00021025259047746658,-0.002127609681338072,8.813587188720703
960,0.9609609842300415,88.1587905883789,-0.0002094400697387755,-0.0020052101463079453,8.286809921264648
961,0.9619619846343994,88.23359680175781,-0.00020843422680627555,-0.002313731238245964,9.773755073547363
962,0.9629629850387573,88.30846405029297,-0.00020646178745664656,-0.0023195333778858185,9.780061721801758
963,0.9639639854431152,88.38339233398438,-0.00020411830337252468,-0.0029229859355837107,12.707280158996582
964,0.9649649858474731,88.45838165283203,-0.00020173481607344002,-0.00241467054001987,10.2053861618042
965,0.965965986251831,88.53343963623047,-0.00019961563521064818,-0.002287989715114236,9.533379554748535
966,0.966966986656189,88.60856628417969,-0.00019812426762655377,-0.0024347270373255014,10.237666130065918
967,0.9679679870605469,88.68374633789062,-0.00019634011550806463,-0.0029749374371021986,12.932801246643066
968,0.9689689874649048,88.75899505615234,-0.00019512363360263407,-0.0034630699083209038,15.381274223327637
969,0.9699699878692627,88.83431243896484,-0.00019484644872136414,-0.0039146579802036285,17.625940322875977
970,0.9709709882736206,88.90968322753906,-0.0001942110829986632,-0.003902527503669262,17.514543533325195
971,0.9719719886779785,88.98513793945312,-0.0001938098866958171,-0.0034783384762704372,15.301004409790039
972,0.9729729890823364,89.06063842773438,-0.0001951756130438298,-0.0030523273162543774,13.125076293945312
973,0.9739739894866943,89.13619995117188,-0.00019681555568240583,-0.002786064287647605,11.832080841064453
974,0.9749749898910522,89.21183776855469,-0.00019650429021567106,-0.00343067548237741,15.210692405700684
975,0.9759759902954102,89.28753662109375,-0.00019886338850483298,-0.002726131584495306,11.708678245544434
976,0.9769769906997681,89.36328887939453,-0.00020185780886095017,-0.0012588643003255129,4.396734237670898
977,0.977977991104126,89.43911743164062,-0.0002025834546657279,-0.0008017513318918645,2.0834543704986572
978,0.9789789915084839,89.5150146484375,-0.00020329852122813463,-0.0006861803703941405,1.4345909357070923
979,0.9799799919128418,89.59095764160156,-0.00020383823721203953,-0.0003239431534893811,-0.4502696990966797
980,0.9809809923171997,89.66697692871094,-0.000206249940674752,0.0008359127095900476,-6.185112953186035
981,0.9819819927215576,89.7430648803711,-0.00020404855604283512,0.000312683405354619,-3.619734764099121
982,0.9829829931259155,89.81920623779297,-0.00020226012566126883,-7.43846467230469e-05,-1.6336300373077393
983,0.9839839935302734,89.89541625976562,-0.00020063956617377698,0.0004740219737868756,-4.221960067749023
984,0.9849849939346313,89.97168731689453,-0.00019977187912445515,0.001053959014825523,-7.002416610717773
985,0.9859859943389893,90.04803466796875,-0.0002001675748033449,0.0016363871982321143,-9.809674263000488
986,0.9869869947433472,90.12445068359375,-0.00019836427236441523,0.0016700264532119036,-9.930595397949219
987,0.9879879951477051,90.20091247558594,-0.00020129566837567836,0.002324407221749425,-13.196396827697754
988,0.988988995552063,90.27745819091797,-0.00019835816056001931,0.0020817455369979143,-12.001769065856934
989,0.9899899959564209,90.35404968261719,-0.00019742670701816678,0.002099019940942526,-12.136656761169434
990,0.9909909963607788,90.43071746826172,-0.00019831361714750528,0.0023815499152988195,-13.64066219329834
991,0.9919919967651367,90.5074462890625,-0.00019566135597415268,0.0021266972180455923,-12.415271759033203
992,0.9929929971694946,90.58423614501953,-0.00019259302644059062,0.0017204893520101905,-10.434985160827637
993,0.9939939975738525,90.6611099243164,-0.00019556944607757032,0.002315736608579755,-13.710463523864746
994,0.9949949979782104,90.73802947998047,-0.00019429789972491562,0.0021915193647146225,-13.271708488464355
995,0.9959959983825684,90.81501770019531,-0.00019444960344117135,0.0022217854857444763,-13.589655876159668
996,0.9969969987869263,90.89208221435547,-0.00020031124586239457,0.0027075435500591993,-16.149818420410156
997,0.9979979991912842,90.96920013427734,-0.00021226330136414617,0.0037947301752865314,-21.454723358154297
998,0.9989989995956421,91.04638671875,-0.00021049892529845238,0.0034284789580851793,-19.703229904174805
999,1.0,91.12364959716797,-0.00021535143605433404,0.00418746005743742,-23.236867904663086
