index,timestep,Diffusion_Coeff,Divergence,score,pos
0,0.0,39.05299377441406,-0.022222347557544708,0.10264704376459122,-4.607244968414307
1,0.0010010009864345193,39.08612823486328,-0.023019136860966682,0.1068243458867073,-4.551581382751465
2,0.0020020019728690386,39.11929702758789,-0.02078435942530632,0.11949307471513748,-5.118952751159668
3,0.0030030030757188797,39.15248489379883,-0.027813132852315903,0.05109601095318794,-2.492556571960449
4,0.004004003945738077,39.185707092285156,-0.027907144278287888,0.025690507143735886,-1.619699478149414
5,0.005005004815757275,39.218955993652344,-0.027112778276205063,-0.015509987249970436,-0.12149959802627563
6,0.006006006151437759,39.25223159790039,-0.026372570544481277,-0.04143347591161728,0.8933263421058655
7,0.007007007021456957,39.28553771972656,-0.026342155411839485,-0.03606177121400833,0.7574357986450195
8,0.008008007891476154,39.31887435913086,-0.026131803169846535,-0.035245127975940704,0.8101276159286499
9,0.009009009227156639,39.352237701416016,-0.025883834809064865,-0.029769891873002052,0.6650480031967163
10,0.01001000963151455,39.38562774658203,-0.02499544620513916,-0.04471556469798088,1.3317700624465942
11,0.011011010967195034,39.41904830932617,-0.023738740012049675,-0.07076603174209595,2.5200765132904053
12,0.012012012302875519,39.452491760253906,-0.024364113807678223,-0.023950371891260147,0.6815307140350342
13,0.013013012707233429,39.48596954345703,-0.02415631338953972,-0.00713301170617342,0.025141477584838867
14,0.014014014042913914,39.51947021484375,-0.023359758779406548,0.04593825340270996,-2.188683032989502
15,0.015015014447271824,39.55300521850586,-0.022579681128263474,0.043192896991968155,-2.11025333404541
16,0.01601601578295231,39.58656692504883,-0.021605975925922394,0.04086195304989815,-2.0504939556121826
17,0.01701701618731022,39.620155334472656,-0.021434195339679718,0.016899604350328445,-0.965455949306488
18,0.018018018454313278,39.653770446777344,-0.021073466166853905,0.0003546461812220514,-0.18000268936157227
19,0.01901901885867119,39.68742370605469,-0.018713928759098053,0.040324367582798004,-2.1782474517822266
20,0.0200200192630291,39.721092224121094,-0.019766559824347496,-0.008243750780820847,0.2815868854522705
21,0.021021021530032158,39.754798889160156,-0.018825845792889595,-0.0373750738799572,1.834052324295044
22,0.022022021934390068,39.78852844238281,-0.018340423703193665,-0.017245111986994743,0.82044517993927
23,0.023023022338747978,39.82229232788086,-0.017490874975919724,-0.03417738154530525,1.8467473983764648
24,0.024024024605751038,39.8560791015625,-0.015291685238480568,-0.08383290469646454,5.013263702392578
25,0.025025025010108948,39.889896392822266,-0.015042779967188835,-0.07704145461320877,4.771339416503906
26,0.026026025414466858,39.92374801635742,-0.013156292028725147,-0.10356499999761581,6.8482160568237305
27,0.027027025818824768,39.95762252807617,-0.012619378045201302,-0.10439137369394302,7.1047821044921875
28,0.028028028085827827,39.99152755737305,-0.012450646609067917,-0.101719930768013,7.0376739501953125
29,0.029029028490185738,40.02545928955078,-0.013231651857495308,-0.08769308030605316,6.047135353088379
30,0.030030028894543648,40.05942153930664,-0.013960865326225758,-0.06933428347110748,4.747796535491943
31,0.031031031161546707,40.093414306640625,-0.013513833284378052,-0.0738573670387268,5.140901565551758
32,0.03203203156590462,40.1274299621582,-0.011726189404726028,-0.09396488964557648,6.828510761260986
33,0.03303303197026253,40.16147994995117,-0.011623745784163475,-0.09235092997550964,6.796005725860596
34,0.03403403237462044,40.195556640625,-0.01206819899380207,-0.08499311655759811,6.267921447753906
35,0.03503503277897835,40.22966384887695,-0.013173829764127731,-0.05083467438817024,3.684638738632202
36,0.036036036908626556,40.263797760009766,-0.012407053261995316,-0.06562241911888123,4.952281475067139
37,0.03703703731298447,40.29795837402344,-0.010599114000797272,-0.08636351674795151,6.904592990875244
38,0.03803803771734238,40.3321533203125,-0.010992628522217274,-0.07620479166507721,6.161063194274902
39,0.03903903812170029,40.36637878417969,-0.010240435600280762,-0.0789874792098999,6.634649276733398
40,0.0400400385260582,40.40062713623047,-0.007136686705052853,-0.0951305627822876,8.782584190368652
41,0.04104103893041611,40.434906005859375,-0.006591262761503458,-0.09200946986675262,8.887545585632324
42,0.042042043060064316,40.469215393066406,-0.008804954588413239,-0.06985843181610107,6.568375587463379
43,0.043043043464422226,40.50355529785156,-0.008518481627106667,-0.06512770801782608,6.30404806137085
44,0.044044043868780136,40.53792190551758,-0.008702260442078114,-0.05608730763196945,5.426753044128418
45,0.045045044273138046,40.572322845458984,-0.009164619259536266,-0.035361967980861664,3.1827173233032227
46,0.046046044677495956,40.606746673583984,-0.008801925927400589,-0.043489184230566025,4.130849361419678
47,0.04704704508185387,40.641197204589844,-0.008333764038980007,-0.050858743488788605,5.043500900268555
48,0.048048049211502075,40.67568588256836,-0.008514653891324997,-0.04225737601518631,4.0787153244018555
49,0.049049049615859985,40.71019744873047,-0.008549075573682785,-0.028667259961366653,2.5331902503967285
50,0.050050050020217896,40.7447395324707,-0.008274517953395844,-0.029155440628528595,2.6209778785705566
51,0.051051050424575806,40.77931213378906,-0.007816391065716743,-0.016036102548241615,1.0152580738067627
52,0.052052050828933716,40.81391143798828,-0.0074196928180754185,-0.022017978131771088,1.7875288724899292
53,0.053053051233291626,40.84854507446289,-0.007014597300440073,-0.025912638753652573,2.327674150466919
54,0.054054051637649536,40.88320541381836,-0.006680272985249758,-0.02766338549554348,2.602372407913208
55,0.055055055767297745,40.91789627075195,-0.006281063426285982,-0.032233722507953644,3.3171911239624023
56,0.056056056171655655,40.952613830566406,-0.006223239004611969,-0.024654295295476913,2.1143605709075928
57,0.057057056576013565,40.987361907958984,-0.006073520984500647,-0.02525249868631363,2.218075752258301
58,0.058058056980371475,41.02214431762695,-0.006022721529006958,-0.022000916302204132,1.710620641708374
59,0.059059057384729385,41.056949615478516,-0.0058303410187363625,-0.012183337472379208,0.10041552782058716
60,0.060060057789087296,41.0917854309082,-0.005671348422765732,-0.01172560639679432,0.10057926177978516
61,0.061061061918735504,41.12665557861328,-0.005393758416175842,-0.03433576598763466,4.3012542724609375
62,0.062062062323093414,41.16154479980469,-0.0048156320117414,-0.04380066320300102,6.399628639221191
63,0.06306306272745132,41.19647216796875,-0.004930003546178341,-0.041661154478788376,6.165388584136963
64,0.06406406313180923,41.23143005371094,-0.004861471708863974,-0.0415823720395565,6.329004764556885
65,0.06506506353616714,41.266414642333984,-0.0047378502786159515,-0.04090167582035065,6.347761154174805
66,0.06606606394052505,41.301429748535156,-0.0051386067643761635,-0.020482387393712997,2.3554110527038574
67,0.06706706434488297,41.33647537231445,-0.004927533678710461,-0.01962851919233799,2.1447432041168213
68,0.06806806474924088,41.37154769897461,-0.004526819102466106,-0.028200075030326843,3.9503397941589355
69,0.06906906515359879,41.406654357910156,-0.0041042352095246315,-0.03140543773770332,4.768759727478027
70,0.0700700655579567,41.44178771972656,-0.0035636043176054955,-0.03513951227068901,5.909969329833984
71,0.0710710734128952,41.476951599121094,-0.0031575942412018776,-0.03630172088742256,6.520124435424805
72,0.07207207381725311,41.512142181396484,-0.002977453637868166,-0.03550252690911293,6.535245895385742
73,0.07307307422161102,41.547367095947266,-0.0027491385117173195,-0.035133566707372665,6.785231113433838
74,0.07407407462596893,41.582618713378906,-0.0026147211901843548,-0.0346728190779686,6.9275054931640625
75,0.07507507503032684,41.61790466308594,-0.002564770635217428,-0.03448447957634926,7.003326416015625
76,0.07607607543468475,41.65321731567383,-0.0025162158999592066,-0.035279739648103714,7.318399906158447
77,0.07707707583904266,41.688560485839844,-0.002943208673968911,-0.03095610812306404,5.708456516265869
78,0.07807807624340057,41.72393035888672,-0.0025648092851042747,-0.036076370626688004,7.5081562995910645
79,0.07907907664775848,41.75933074951172,-0.0027194716967642307,-0.03420594334602356,6.877564907073975
80,0.0800800770521164,41.794769287109375,-0.002705706749111414,-0.0329611636698246,6.578958511352539
81,0.0810810774564743,41.830230712890625,-0.0018102112226188183,-0.03843192756175995,9.20605754852295
82,0.08208207786083221,41.865726470947266,-0.0013309379573911428,-0.03936047479510307,10.154940605163574
83,0.08308307826519012,41.9012451171875,-0.0019068534020334482,-0.03574337810277939,8.24706745147705
84,0.08408408612012863,41.93680191040039,-0.0017831751611083746,-0.03561883792281151,8.329641342163086
85,0.08508508652448654,41.97238540649414,-0.0020142309367656708,-0.03367648646235466,7.371853351593018
86,0.08608608692884445,42.00799560546875,-0.0012782367412000895,-0.036924030631780624,9.424707412719727
87,0.08708708733320236,42.043643951416016,-0.001310274237766862,-0.03613476827740669,9.153727531433105
88,0.08808808773756027,42.079315185546875,-0.0011425316333770752,-0.03591368719935417,9.3711519241333
89,0.08908908814191818,42.115020751953125,-0.0010430468246340752,-0.03527819365262985,9.428747177124023
90,0.09009008854627609,42.1507568359375,-0.0008707082597538829,-0.03498665243387222,9.692390441894531
91,0.091091088950634,42.186519622802734,-0.0004494409076869488,-0.035058874636888504,10.428611755371094
92,0.09209208935499191,42.22231674194336,-0.000705260201357305,-0.03422096371650696,9.917007446289062
93,0.09309308975934982,42.258140563964844,-0.0007932740263640881,-0.033405549824237823,9.71358585357666
94,0.09409409016370773,42.29399490356445,-0.0008518011309206486,-0.03269435837864876,9.593637466430664
95,0.09509509056806564,42.32988739013672,-0.0002371956070419401,-0.032894767820835114,10.86215877532959
96,0.09609609842300415,42.36580276489258,-0.0009643965167924762,-0.0316237173974514,9.434966087341309
97,0.09709709882736206,42.40175247192383,-0.0013505248352885246,-0.030056005343794823,8.36661434173584
98,0.09809809923171997,42.4377326965332,-0.001342501724138856,-0.029492560774087906,8.227846145629883
99,0.09909909963607788,42.473731994628906,-0.0012427979381754994,-0.028907600790262222,8.259297370910645
100,0.10010010004043579,42.5097770690918,-0.0006671237642876804,-0.029826894402503967,9.92658519744873
101,0.1011011004447937,42.545841217041016,-0.0006661181687377393,-0.029278064146637917,9.788453102111816
102,0.10210210084915161,42.58195114135742,-0.0007676755194552243,-0.02863077074289322,9.308151245117188
103,0.10310310125350952,42.618080139160156,-0.0005873262416571379,-0.028761109337210655,9.81549072265625
104,0.10410410165786743,42.65423583984375,-0.0003398803237359971,-0.028867226094007492,10.468188285827637
105,0.10510510206222534,42.6904296875,0.00032885163091123104,-0.028805717825889587,12.057252883911133
106,0.10610610246658325,42.726654052734375,0.0010225269943475723,-0.027603043243288994,13.458894729614258
107,0.10710710287094116,42.762908935546875,0.00027816020883619785,-0.028138145804405212,11.637701988220215
108,0.10810810327529907,42.799190521240234,0.00024410520563833416,-0.02754649519920349,11.431072235107422
109,0.10910911113023758,42.83551025390625,0.00022868085943628103,-0.02720777317881584,11.343750953674316
110,0.11011011153459549,42.871856689453125,0.0006771553307771683,-0.026496730744838715,12.606674194335938
111,0.1111111119389534,42.90822982788086,0.0006859088898636401,-0.02650202438235283,12.736044883728027
112,0.11211211234331131,42.94463348388672,0.0012244830140843987,-0.025064313784241676,14.239875793457031
113,0.11311311274766922,42.9810791015625,0.0014020316302776337,-0.024259846657514572,14.873937606811523
114,0.11411411315202713,43.017547607421875,0.0006912675453349948,-0.02570856362581253,13.335922241210938
115,0.11511511355638504,43.054054260253906,-0.0003434540412854403,-0.025478122755885124,10.477700233459473
116,0.11611611396074295,43.090579986572266,0.0003321806725580245,-0.024924950674176216,12.613473892211914
117,0.11711711436510086,43.127140045166016,-0.00019108150445390493,-0.024392293766140938,11.003987312316895
118,0.11811811476945877,43.16373825073242,-0.00022090703714638948,-0.023934924975037575,10.865561485290527
119,0.11911911517381668,43.20035934448242,3.787782043218613e-05,-0.023799553513526917,11.696738243103027
120,0.12012011557817459,43.23701477050781,-0.0003437438572291285,-0.023483682423830032,10.270652770996094
121,0.1211211159825325,43.27370834350586,-0.000576137681491673,-0.022467391565442085,9.028882026672363
122,0.12212212383747101,43.3104248046875,-0.00010397808364359662,-0.022594917565584183,10.866464614868164
123,0.12312312424182892,43.34716796875,1.4567525795428082e-05,-0.022110840305685997,11.203022003173828
124,0.12412412464618683,43.38395309448242,0.00047517172060906887,-0.021166248247027397,12.965518951416016
125,0.12512512505054474,43.42076110839844,0.0009826254099607468,-0.019193576648831367,14.999646186828613
126,0.12612612545490265,43.45760726928711,0.001134572783485055,-0.01802857778966427,15.749933242797852
127,0.12712712585926056,43.494476318359375,0.0005975948879495263,-0.019657151773571968,13.547287940979004
128,0.12812812626361847,43.5313835144043,0.0007614737842231989,-0.0189749114215374,14.2572021484375
129,0.12912912666797638,43.56832504272461,0.0003421100554987788,-0.019924966618418694,12.326360702514648
130,0.1301301270723343,43.605289459228516,0.0003749698807951063,-0.019905170425772667,12.396639823913574
131,0.1311311274766922,43.64228820800781,0.0011862466344609857,-0.017208892852067947,15.83078670501709
132,0.1321321278810501,43.679317474365234,0.0011853072792291641,-0.017190320417284966,15.761933326721191
133,0.13313312828540802,43.71638107299805,0.0012047099880874157,-0.016859298571944237,15.903029441833496
134,0.13413412868976593,43.753475189208984,0.0011031373869627714,-0.01708490401506424,15.5640287399292
135,0.13513512909412384,43.79059600830078,0.0007239368860609829,-0.017854101955890656,14.231120109558105
136,0.13613612949848175,43.827762603759766,0.0005614275578409433,-0.017693135887384415,13.718917846679688
137,0.13713712990283966,43.86494445800781,0.0004897245671600103,-0.01743420585989952,13.559682846069336
138,0.13813813030719757,43.902164459228516,4.563177208183333e-05,-0.01791793666779995,10.998128890991211
139,0.13913913071155548,43.93941879272461,9.277412027586251e-05,-0.01780216582119465,11.395021438598633
140,0.1401401311159134,43.9766960144043,-9.198214684147388e-06,-0.017836827784776688,10.771743774414062
141,0.1411411464214325,44.014015197753906,0.00019994928152300417,-0.017796773463487625,12.118551254272461
142,0.1421421468257904,44.051361083984375,-0.00013726999168284237,-0.01794501394033432,9.976977348327637
143,0.14314314723014832,44.08873748779297,-0.0001282332668779418,-0.017891736701130867,9.995497703552246
144,0.14414414763450623,44.12614822387695,3.6834895581705496e-05,-0.01789061911404133,11.019289016723633
145,0.14514514803886414,44.1635856628418,0.0005206748610362411,-0.016988007351756096,13.776694297790527
146,0.14614614844322205,44.20106506347656,0.0005381661467254162,-0.016657814383506775,13.910568237304688
147,0.14714714884757996,44.238563537597656,0.0002942982828244567,-0.01689239591360092,12.59786605834961
148,0.14814814925193787,44.27610778808594,7.054135494399816e-05,-0.016812892630696297,11.169767379760742
149,0.14914914965629578,44.31366729736328,3.762742562685162e-05,-0.01656603440642357,10.908047676086426
150,0.1501501500606537,44.35126876831055,0.00024901225697249174,-0.01610841043293476,12.55251407623291
151,0.1511511504650116,44.38890075683594,0.0005667777149938047,-0.014884067699313164,15.061606407165527
152,0.1521521508693695,44.426570892333984,0.00027340033557265997,-0.01578754372894764,12.519295692443848
153,0.15315315127372742,44.464263916015625,0.00047886380343697965,-0.015106497332453728,14.171274185180664
154,0.15415415167808533,44.50199508666992,0.0006013116799294949,-0.014609196223318577,15.119763374328613
155,0.15515515208244324,44.53975296020508,0.0006256086053326726,-0.014489422552287579,15.38837718963623
156,0.15615615248680115,44.57754898071289,0.0005242556799203157,-0.014991852454841137,14.658069610595703
157,0.15715715289115906,44.6153678894043,0.00034059229074046016,-0.01570194587111473,13.209209442138672
158,0.15815815329551697,44.653228759765625,-5.726997915189713e-05,-0.016254983842372894,9.466631889343262
159,0.15915915369987488,44.69111251831055,-0.00014685964561067522,-0.01614246517419815,8.751296997070312
160,0.1601601541042328,44.72903823852539,-0.0003306100843474269,-0.01549490261822939,6.69675350189209
161,0.1611611545085907,44.76698684692383,-0.00042746568215079606,-0.014850468374788761,5.488012313842773
162,0.1621621549129486,44.804969787597656,-0.0004861146735493094,-0.014345931820571423,4.699648380279541
163,0.16316315531730652,44.842987060546875,-0.0005264333449304104,-0.014030670747160912,4.175836086273193
164,0.16416415572166443,44.88103485107422,-0.0004277495900169015,-0.014708939008414745,5.681987762451172
165,0.16516515612602234,44.91912078857422,-0.0003984932554885745,-0.014659542590379715,5.852324962615967
166,0.16616615653038025,44.95723342895508,-0.00037833722308278084,-0.014504627324640751,5.867044925689697
167,0.16716717183589935,44.99538040161133,-0.0003627951955422759,-0.014362480491399765,5.857111930847168
168,0.16816817224025726,45.03356170654297,-0.0003540983598213643,-0.014178185723721981,5.666418075561523
169,0.16916917264461517,45.071773529052734,-0.0002685414510779083,-0.014329364523291588,6.439199447631836
170,0.17017017304897308,45.110015869140625,-0.00024073835811577737,-0.014245204627513885,6.366549491882324
171,0.171171173453331,45.14828872680664,-0.0001561493700137362,-0.014284491539001465,7.046593189239502
172,0.1721721738576889,45.18659973144531,-5.081311974208802e-05,-0.014290204271674156,8.070491790771484
173,0.17317317426204681,45.22494125366211,1.4286211808212101e-05,-0.014142212457954884,8.629497528076172
174,0.17417417466640472,45.2633171081543,-9.139040776062757e-05,-0.013838672079145908,6.951887607574463
175,0.17517517507076263,45.30172348022461,-0.00012719864025712013,-0.013391353189945221,6.184574127197266
176,0.17617617547512054,45.34016036987305,-0.00023017753846943378,-0.012686586007475853,4.320596218109131
177,0.17717717587947845,45.37863540649414,-0.00013776833657175303,-0.012705560773611069,5.967029571533203
178,0.17817817628383636,45.41713333129883,-0.0002453819033689797,-0.012205563485622406,4.1441874504089355
179,0.17917917668819427,45.45567321777344,-0.00020398470223881304,-0.012432409450411797,5.130225658416748
180,0.18018017709255219,45.49424362182617,-0.0002579791471362114,-0.012377727776765823,4.415731430053711
181,0.1811811774969101,45.53284454345703,-0.00035075293271802366,-0.012036080472171307,2.9310617446899414
182,0.182182177901268,45.571475982666016,-0.00040688461740501225,-0.011814759112894535,2.161306142807007
183,0.18318317830562592,45.610145568847656,-0.0004060064093209803,-0.011985324323177338,2.548511505126953
184,0.18418417870998383,45.64884567260742,-0.0004586124268826097,-0.011454136110842228,1.3490163087844849
185,0.18518517911434174,45.68758010864258,-0.0004067648551426828,-0.01211509108543396,2.904222249984741
186,0.18618617951869965,45.726348876953125,-0.00044734394759871066,-0.011770318262279034,2.133402109146118
187,0.18718717992305756,45.76514434814453,-0.000457568938145414,-0.011750912293791771,2.1655938625335693
188,0.18818818032741547,45.803977966308594,-0.0004759815928991884,-0.011659692041575909,2.0693209171295166
189,0.18918918073177338,45.84284210205078,-0.0005064126453362405,-0.011369080282747746,1.5964689254760742
190,0.1901901811361313,45.881744384765625,-0.000542924739420414,-0.010847227647900581,0.7308487892150879
191,0.1911911815404892,45.92066955566406,-0.0005393059691414237,-0.0110546313226223,1.0897016525268555
192,0.1921921968460083,45.95963668823242,-0.0005751724820584059,-0.010568972676992416,0.10415112972259521
193,0.1931931972503662,45.99863052368164,-0.0006193330627866089,-0.009760569781064987,-1.3818223476409912
194,0.19419419765472412,46.037662506103516,-0.0004938339116051793,-0.012010716833174229,2.527212619781494
195,0.19519519805908203,46.07672882080078,-0.00041082329698838294,-0.012778800912201405,4.18665075302124
196,0.19619619846343994,46.115821838378906,-0.0002958053373731673,-0.013465778902173042,6.19600772857666
197,0.19719719886779785,46.15495300292969,-0.00027011189376935363,-0.013568620197474957,6.77614688873291
198,0.19819819927215576,46.194114685058594,-0.00032332551199942827,-0.013253715820610523,6.038590431213379
199,0.19919919967651367,46.23331069946289,-0.00031794351525604725,-0.013220706023275852,6.246402263641357
200,0.20020020008087158,46.27254104614258,-0.00035836314782500267,-0.012891434133052826,5.384855270385742
201,0.2012012004852295,46.31180191040039,-0.0004153092158958316,-0.01232188194990158,3.972965955734253
202,0.2022022008895874,46.35110092163086,-0.0004129828594159335,-0.012270813807845116,3.8660802841186523
203,0.2032032012939453,46.39043045043945,-0.00047889279085211456,-0.011396661400794983,1.817185640335083
204,0.20420420169830322,46.42979049682617,-0.00033025487209670246,-0.012773392722010612,5.065606117248535
205,0.20520520210266113,46.46918487548828,-0.00031524128280580044,-0.012828893028199673,5.094005107879639
206,0.20620620250701904,46.50861740112305,-0.0003311636974103749,-0.012715883553028107,4.586853504180908
207,0.20720720291137695,46.54807662963867,-0.00030306490953080356,-0.012850266881287098,4.957018852233887
208,0.20820820331573486,46.58757400512695,-0.00036104474565945566,-0.01241494994610548,3.8068594932556152
209,0.20920920372009277,46.62710189819336,-0.00029342458583414555,-0.012606075964868069,4.93342399597168
210,0.21021020412445068,46.666664123535156,-0.0002657356671988964,-0.01255924440920353,5.425333023071289
211,0.2112112045288086,46.706260681152344,-0.00043578611803241074,-0.011113823391497135,1.884842038154602
212,0.2122122049331665,46.74589157104492,-0.00042608974035829306,-0.011040866374969482,2.120483160018921
213,0.21321320533752441,46.78555679321289,-0.0005679746391251683,-0.008764686994254589,-2.1357462406158447
214,0.21421420574188232,46.825252532958984,-0.000583809451200068,-0.008315999060869217,-2.7463550567626953
215,0.21521520614624023,46.864990234375,-0.0005654228734783828,-0.008533990010619164,-2.22151517868042
216,0.21621620655059814,46.90475082397461,-0.0005657291039824486,-0.008456341922283173,-2.3499703407287598
217,0.21721720695495605,46.94455337524414,-0.0005188556388020515,-0.009358363226056099,-0.8133419752120972
218,0.21821822226047516,46.98438262939453,-0.00048216473078355193,-0.010063866153359413,0.4121972322463989
219,0.21921922266483307,47.024253845214844,-0.000442437274614349,-0.010655944235622883,1.54595148563385
220,0.22022022306919098,47.064151763916016,-0.0004344087792560458,-0.010587210766971111,1.4974688291549683
221,0.2212212234735489,47.104087829589844,-0.00039339339127764106,-0.010778163559734821,2.268544912338257
222,0.2222222238779068,47.14405059814453,-0.0003010780201293528,-0.011213650926947594,4.159269332885742
223,0.2232232242822647,47.18405532836914,-0.00024696311447769403,-0.01122849341481924,5.2018938064575195
224,0.22422422468662262,47.22409439086914,-0.0002037709200521931,-0.011239643208682537,6.214327335357666
225,0.22522522509098053,47.264163970947266,-0.00016388605581596494,-0.011260943487286568,7.293555736541748
226,0.22622622549533844,47.304264068603516,-7.49524260754697e-05,-0.011464194394648075,9.787270545959473
227,0.22722722589969635,47.34440231323242,-4.5692977437283844e-05,-0.0114984642714262,10.69904899597168
228,0.22822822630405426,47.384578704833984,-8.629639341961592e-05,-0.01147462334483862,9.569653511047363
229,0.22922922670841217,47.424781799316406,-8.425456326222047e-05,-0.011600024998188019,9.588234901428223
230,0.23023022711277008,47.465023040771484,-6.913262768648565e-05,-0.011734595522284508,9.940957069396973
231,0.231231227517128,47.50529479980469,-9.521669562673196e-05,-0.011727472767233849,9.343395233154297
232,0.2322322279214859,47.54560470581055,-4.6129527618177235e-05,-0.011778396554291248,10.398083686828613
233,0.2332332283258438,47.58594512939453,-1.357262135570636e-05,-0.011727808974683285,11.084638595581055
234,0.23423422873020172,47.62632369995117,2.18742079596268e-05,-0.011570059694349766,12.015152931213379
235,0.23523522913455963,47.6667366027832,3.469405783107504e-05,-0.011366968043148518,12.6411771774292
236,0.23623622953891754,47.707176208496094,5.246177170192823e-05,-0.011150036007165909,13.807239532470703
237,0.23723722994327545,47.74766540527344,6.514022970804945e-05,-0.010962067171931267,15.038668632507324
238,0.23823823034763336,47.788177490234375,7.955494947964326e-05,-0.010715130716562271,17.338132858276367
239,0.23923923075199127,47.8287239074707,7.065157114993781e-05,-0.010538537055253983,19.215984344482422
240,0.24024023115634918,47.86930847167969,5.650162711390294e-05,-0.01052355207502842,19.529773712158203
241,0.2412412315607071,47.9099235534668,4.175750655122101e-05,-0.010633842088282108,17.518293380737305
242,0.242242231965065,47.95058059692383,2.6157104002777487e-05,-0.010654431767761707,16.832719802856445
243,0.2432432323694229,47.99126052856445,1.1267056834185496e-05,-0.01068982481956482,15.434234619140625
244,0.24424424767494202,48.031982421875,6.925909474375658e-06,-0.010750715620815754,14.499444961547852
245,0.24524524807929993,48.07273864746094,2.0995084923924878e-05,-0.010882708244025707,14.288566589355469
246,0.24624624848365784,48.113529205322266,3.606513928389177e-05,-0.011057155206799507,14.071640014648438
247,0.24724724888801575,48.154354095458984,9.849807247519493e-05,-0.011021973565220833,16.74276351928711
248,0.24824824929237366,48.19520950317383,0.00012855118256993592,-0.011049440130591393,17.299455642700195
249,0.24924924969673157,48.236106872558594,0.00014954265498090535,-0.011004664935171604,18.13840103149414
250,0.2502502501010895,48.277034759521484,0.00016484744264744222,-0.011176985688507557,17.6701717376709
251,0.2512512505054474,48.317996978759766,0.00016093409794848412,-0.011392321437597275,16.712371826171875
252,0.2522522509098053,48.35899353027344,0.0001296543050557375,-0.011441606096923351,15.888275146484375
253,0.2532532513141632,48.40003204345703,8.04564988357015e-05,-0.011328238993883133,15.093413352966309
254,0.2542542517185211,48.44109344482422,6.882002344354987e-05,-0.011013280600309372,16.958066940307617
255,0.25525525212287903,48.48219680786133,3.329861647216603e-05,-0.01090308092534542,17.199905395507812
256,0.25625625252723694,48.52333450317383,-2.804612449835986e-06,-0.0108319828286767,16.189882278442383
257,0.25725725293159485,48.564510345458984,-1.6838519513839856e-05,-0.010771095752716064,17.26741600036621
258,0.25825825333595276,48.605712890625,-3.86105602956377e-05,-0.010685865767300129,16.46122932434082
259,0.25925925374031067,48.64695739746094,-7.247032772284001e-05,-0.010463652200996876,13.7200927734375
260,0.2602602541446686,48.688236236572266,-5.9488673286978155e-05,-0.01048991922289133,15.002094268798828
261,0.2612612545490265,48.729549407958984,-5.234105628915131e-05,-0.01044991984963417,14.936257362365723
262,0.2622622549533844,48.770896911621094,-4.79866866953671e-05,-0.01044798456132412,14.53017520904541
263,0.2632632553577423,48.812278747558594,-4.2843959818128496e-05,-0.010510235093533993,14.889726638793945
264,0.2642642557621002,48.85369110107422,-4.5785680413246155e-05,-0.010527493432164192,14.401693344116211
265,0.26526525616645813,48.895145416259766,-2.6815077944775112e-05,-0.010603994131088257,15.914583206176758
266,0.26626625657081604,48.93663787841797,-2.9829758204868995e-05,-0.010619495995342731,15.541706085205078
267,0.26726725697517395,48.97815704345703,-3.1518131436314434e-05,-0.010641975328326225,16.027982711791992
268,0.26826825737953186,49.01971435546875,-4.6769702748861164e-05,-0.010615137405693531,15.478326797485352
269,0.26926925778388977,49.061309814453125,-6.016670886310749e-05,-0.010599120520055294,15.688697814941406
270,0.2702702581882477,49.10293960571289,-8.711662667337805e-05,-0.01050150953233242,14.906143188476562
271,0.2712712585926056,49.14460754394531,-9.196494647767395e-05,-0.010595208965241909,16.308486938476562
272,0.2722722589969635,49.18630599975586,-0.00013570976443588734,-0.010258443653583527,13.644257545471191
273,0.2732732594013214,49.2280387878418,-0.00015146986697800457,-0.010203555226325989,13.55041217803955
274,0.2742742598056793,49.26980972290039,-0.00014317002205643803,-0.010565359145402908,16.15206527709961
275,0.27527526021003723,49.31161880493164,-0.00016095489263534546,-0.01033888291567564,14.770523071289062
276,0.27627626061439514,49.35345458984375,-0.00016829755622893572,-0.010243845172226429,14.390932083129883
277,0.27727726101875305,49.39533233642578,-0.0001815845025703311,-0.009865050204098225,12.385481834411621
278,0.27827826142311096,49.4372444152832,-0.0001987771684071049,-0.009487354196608067,10.45363712310791
279,0.27927926182746887,49.479190826416016,-0.0002048841561190784,-0.009409140795469284,10.071097373962402
280,0.2802802622318268,49.52117156982422,-0.00020445416157599539,-0.009400326758623123,9.851398468017578
281,0.2812812626361847,49.56319046020508,-0.00028309240587987006,-0.008166573941707611,4.502355575561523
282,0.282282292842865,49.60525131225586,-0.0003137727326247841,-0.007676358334720135,2.8384923934936523
283,0.2832832932472229,49.6473388671875,-0.00035557069350034,-0.006929532624781132,0.6880577206611633
284,0.2842842936515808,49.6894645690918,-0.0003553590504452586,-0.0069114756770431995,0.7759362459182739
285,0.2852852940559387,49.73162841796875,-0.00037741009145975113,-0.006448124069720507,-0.26682162284851074
286,0.28628629446029663,49.77382278442383,-0.0004118192882742733,-0.005729327909648418,-1.866521954536438
287,0.28728729486465454,49.81605911254883,-0.00041165121365338564,-0.005685947369784117,-1.8390082120895386
288,0.28828829526901245,49.85832595825195,-0.0003799855476245284,-0.006289958953857422,-0.252885103225708
289,0.28928929567337036,49.900630950927734,-0.00039966008625924587,-0.005902675911784172,-1.2236354351043701
290,0.29029029607772827,49.94297409057617,-0.00048480884288437665,-0.004274600185453892,-4.8916754722595215
291,0.2912912964820862,49.985355377197266,-0.0005109557532705367,-0.0037852213717997074,-5.7902421951293945
292,0.2922922968864441,50.02776336669922,-0.0006050837109796703,-0.002040945226326585,-8.81889533996582
293,0.293293297290802,50.07020950317383,-0.0006825540331192315,-0.00026647080085240304,-11.472190856933594
294,0.2942942976951599,50.11269760131836,-0.000585385481826961,-0.002491097431629896,-7.877575397491455
295,0.2952952980995178,50.155216217041016,-0.0005932045169174671,-0.002325979294255376,-8.063822746276855
296,0.29629629850387573,50.197776794433594,-0.0006230946164578199,-0.0016002707416191697,-9.161916732788086
297,0.29729729890823364,50.2403678894043,-0.0006087023648433387,-0.0018342663533985615,-8.694169998168945
298,0.29829829931259155,50.282997131347656,-0.0006327432347461581,-0.0011838675709441304,-9.659232139587402
299,0.29929929971694946,50.32566452026367,-0.0006427920889109373,-0.0008741908241063356,-10.063896179199219
300,0.3003003001213074,50.36836242675781,-0.0006203338271006942,-0.0013441476039588451,-9.179079055786133
301,0.3013013005256653,50.41109848022461,-0.0006305646384134889,-0.0009586125961504877,-9.623748779296875
302,0.3023023009300232,50.45387649536133,-0.0005918078240938485,-0.0016555796610191464,-8.30007553100586
303,0.3033033013343811,50.49668502807617,-0.0005974990199320018,-0.001341094495728612,-8.690909385681152
304,0.304304301738739,50.53953552246094,-0.0005913333734497428,-0.0012949522351846099,-8.659834861755371
305,0.3053053021430969,50.58241653442383,-0.0005825437256135046,-0.0014166951877996325,-8.427400588989258
306,0.30630630254745483,50.625335693359375,-0.0006163754733279347,-0.0006648356793448329,-9.774887084960938
307,0.30730730295181274,50.66829299926758,-0.0006150867557153106,-0.0007596868672408164,-9.767066955566406
308,0.30830830335617065,50.71128463745117,-0.0006311321048997343,-0.00045045086881145835,-10.387787818908691
309,0.30930930376052856,50.754310607910156,-0.0006406671600416303,-0.00021213562285993248,-10.777254104614258
310,0.3103103041648865,50.79737854003906,-0.0006054406985640526,-0.0009699569782242179,-9.483843803405762
311,0.3113113045692444,50.840476989746094,-0.0006411535432562232,3.643854506663047e-05,-10.96279239654541
312,0.3123123049736023,50.88361358642578,-0.0007056259200908244,0.0023463505785912275,-14.297708511352539
313,0.3133133053779602,50.92679214477539,-0.0007297238917089999,0.0037079546600580215,-16.203054428100586
314,0.3143143057823181,50.97000503540039,-0.0007256016251631081,0.0036873400676995516,-16.227869033813477
315,0.315315306186676,51.01325225830078,-0.0007599195814691484,0.006529147271066904,-20.102270126342773
316,0.31631630659103394,51.056541442871094,-0.0007597808144055307,0.006715214345604181,-20.41020393371582
317,0.31731730699539185,51.099857330322266,-0.00075655581895262,0.006390070077031851,-20.01862907409668
318,0.31831830739974976,51.14321517944336,-0.000786831951700151,0.00908994022756815,-23.538175582885742
319,0.31931930780410767,51.186614990234375,-0.0007969536236487329,0.009726474992930889,-24.374120712280273
320,0.3203203082084656,51.23004913330078,-0.0008089960319921374,0.01053346786648035,-25.412153244018555
321,0.3213213086128235,51.27351379394531,-0.0008149989298544824,0.010659787803888321,-25.6257266998291
322,0.3223223090171814,51.317020416259766,-0.0008429731242358685,0.012509382329881191,-27.91689682006836
323,0.3233233094215393,51.36056137084961,-0.0008344128727912903,0.011497282423079014,-26.743173599243164
324,0.3243243098258972,51.40414047241211,-0.0008404913824051619,0.012103155255317688,-27.51082420349121
325,0.3253253102302551,51.44776153564453,-0.0008364345412701368,0.012124395929276943,-27.583927154541016
326,0.32632631063461304,51.49141311645508,-0.0008097736863419414,0.010462832637131214,-25.5877742767334
327,0.32732731103897095,51.53510284423828,-0.0007958145579323173,0.01000434160232544,-25.0063533782959
328,0.32832831144332886,51.578834533691406,-0.0007824883796274662,0.009569980204105377,-24.42969512939453
329,0.32932931184768677,51.622596740722656,-0.0007838557939976454,0.010497278533875942,-25.56800079345703
330,0.3303303122520447,51.66639709472656,-0.0007943533128127456,0.012220298871397972,-27.725404739379883
331,0.3313313126564026,51.71023941040039,-0.0007726003532297909,0.010966218076646328,-26.125782012939453
332,0.3323323130607605,51.754112243652344,-0.0007828465895727277,0.012463496066629887,-28.074935913085938
333,0.3333333432674408,51.79802703857422,-0.000785672222264111,0.013016755692660809,-28.82223129272461
334,0.3343343436717987,51.84197998046875,-0.0008013742044568062,0.014331084676086903,-30.53521156311035
335,0.3353353440761566,51.88597106933594,-0.0008201037999242544,0.0157557874917984,-32.28753662109375
336,0.3363363444805145,51.92999267578125,-0.000820350251160562,0.01583397574722767,-32.35865020751953
337,0.33733734488487244,51.974056243896484,-0.0008207856444641948,0.015989666804671288,-32.507080078125
338,0.33833834528923035,52.018157958984375,-0.0008172892266884446,0.015843065455555916,-32.287601470947266
339,0.33933934569358826,52.06229782104492,-0.0008244542987085879,0.016413206234574318,-32.950706481933594
340,0.34034034609794617,52.106468200683594,-0.0008083427674137056,0.014979580417275429,-31.2097110748291
341,0.3413413465023041,52.15068054199219,-0.0008014337508939207,0.014123526401817799,-30.181381225585938
342,0.342342346906662,52.19493103027344,-0.000795121188275516,0.013313817791640759,-29.21015167236328
343,0.3433433473110199,52.23921585083008,-0.0007940562209114432,0.013141990639269352,-29.04446029663086
344,0.3443443477153778,52.283546447753906,-0.0008114090887829661,0.014670153148472309,-30.99632453918457
345,0.3453453481197357,52.327911376953125,-0.0008550247875973582,0.01819705218076706,-35.29026794433594
346,0.34634634852409363,52.372310638427734,-0.0008483795681968331,0.017664320766925812,-34.7510986328125
347,0.34734734892845154,52.416744232177734,-0.0008454902563244104,0.01738983578979969,-34.47543716430664
348,0.34834834933280945,52.46122360229492,-0.0008423783583566546,0.017256183549761772,-34.33662414550781
349,0.34934934973716736,52.505733489990234,-0.0008361979853361845,0.016883809119462967,-33.87199020385742
350,0.35035035014152527,52.55028533935547,-0.0008521467680111527,0.018197467550635338,-35.39545440673828
351,0.3513513505458832,52.594879150390625,-0.0008591089863330126,0.019006993621587753,-36.339969635009766
352,0.3523523509502411,52.639503479003906,-0.0008578341221436858,0.019304195418953896,-36.69717025756836
353,0.353353351354599,52.68416976928711,-0.0008492085617035627,0.019035158678889275,-36.36240768432617
354,0.3543543517589569,52.72887420654297,-0.0008344986708834767,0.01825786381959915,-35.4271125793457
355,0.3553553521633148,52.77360916137695,-0.0008139066630974412,0.01663084514439106,-33.410987854003906
356,0.35635635256767273,52.81839370727539,-0.0008052152115851641,0.015552954748272896,-32.04854202270508
357,0.35735735297203064,52.86320495605469,-0.0008006119169294834,0.01454475149512291,-30.813602447509766
358,0.35835835337638855,52.90806198120117,-0.0007934656459838152,0.013172099366784096,-29.153860092163086
359,0.35935935378074646,52.95295333862305,-0.0008120016427710652,0.014476925134658813,-30.869361877441406
360,0.36036035418510437,52.99788284301758,-0.0008164611645042896,0.014585570432245731,-31.104726791381836
361,0.3613613545894623,53.0428581237793,-0.0008225473575294018,0.015062219463288784,-31.798704147338867
362,0.3623623549938202,53.087860107421875,-0.0008387712296098471,0.01659214496612549,-33.7369384765625
363,0.3633633553981781,53.13290786743164,-0.0008301587076857686,0.015982193872332573,-33.08628845214844
364,0.364364355802536,53.1779899597168,-0.0008353375014849007,0.016686763614416122,-34.00599670410156
365,0.3653653562068939,53.223114013671875,-0.0007969230646267533,0.014148048125207424,-30.963699340820312
366,0.36636635661125183,53.268272399902344,-0.0007623936398886144,0.012115062214434147,-28.40043067932129
367,0.36736735701560974,53.31346893310547,-0.0007561288075521588,0.012300373055040836,-28.64810562133789
368,0.36836835741996765,53.358707427978516,-0.0007453452562913299,0.012133353389799595,-28.40273666381836
369,0.36936935782432556,53.40398025512695,-0.0007740635774098337,0.014911671169102192,-32.01948547363281
370,0.37037035822868347,53.44929885864258,-0.0007703792070969939,0.015059919096529484,-32.16249084472656
371,0.3713713586330414,53.49464797973633,-0.0007376844296231866,0.012572435662150383,-28.758155822753906
372,0.3723723590373993,53.5400390625,-0.0007377138826996088,0.012660246342420578,-28.75963020324707
373,0.3733733594417572,53.58546829223633,-0.0007162760593928397,0.01072689238935709,-25.9757022857666
374,0.3743743598461151,53.63093566894531,-0.0007143784314393997,0.010396404191851616,-25.409059524536133
375,0.375375360250473,53.67644500732422,-0.0007283256854861975,0.011748496443033218,-27.179733276367188
376,0.37637636065483093,53.721988677978516,-0.0007236336823552847,0.011864244006574154,-27.31661605834961
377,0.37737736105918884,53.76757049560547,-0.0007170633762143552,0.011778349056839943,-27.21499252319336
378,0.37837836146354675,53.813194274902344,-0.0007111321901902556,0.011655268259346485,-27.07900619506836
379,0.37937936186790466,53.858856201171875,-0.0007356589194387197,0.014377263374626637,-30.918067932128906
380,0.3803803622722626,53.9045524597168,-0.0007455839077010751,0.015964224934577942,-33.18356704711914
381,0.3813813626766205,53.950294494628906,-0.0007384343771263957,0.01621866784989834,-33.639488220214844
382,0.3823823630809784,53.996070861816406,-0.0007244148291647434,0.015685828402638435,-33.005062103271484
383,0.3833833634853363,54.04188919067383,-0.0007306844345293939,0.016632014885544777,-34.34919357299805
384,0.3843843936920166,54.08774185180664,-0.0007182365516200662,0.01594366319477558,-33.401336669921875
385,0.3853853940963745,54.133636474609375,-0.0007072451990097761,0.01508343406021595,-32.177879333496094
386,0.3863863945007324,54.1795654296875,-0.0007082134252414107,0.014981148764491081,-32.00253677368164
387,0.38738739490509033,54.22554016113281,-0.0007178967935033143,0.015590909868478775,-32.83490753173828
388,0.38838839530944824,54.271549224853516,-0.0007057022303342819,0.014326739124953747,-31.06637191772461
389,0.38938939571380615,54.317596435546875,-0.0007083849050104618,0.014182713814079762,-30.88625717163086
390,0.39039039611816406,54.363685607910156,-0.0007225584704428911,0.014763382263481617,-31.754619598388672
391,0.391391396522522,54.40981674194336,-0.0007273709052242339,0.01448609959334135,-31.443265914916992
392,0.3923923969268799,54.45597839355469,-0.000714277324732393,0.012756753712892532,-29.128948211669922
393,0.3933933973312378,54.502193450927734,-0.0007209482719190419,0.013031918555498123,-29.605348587036133
394,0.3943943977355957,54.54843521118164,-0.0007067991537041962,0.011739895679056644,-27.884092330932617
395,0.3953953981399536,54.59471893310547,-0.0007123665418475866,0.012323038652539253,-28.806669235229492
396,0.3963963985443115,54.64104080200195,-0.0007338648429140449,0.014158239588141441,-31.433015823364258
397,0.39739739894866943,54.68740463256836,-0.0007187576266005635,0.013194415718317032,-30.192337036132812
398,0.39839839935302734,54.73381042480469,-0.0007177786901593208,0.013325311243534088,-30.432905197143555
399,0.39939939975738525,54.780250549316406,-0.0006986357620917261,0.012036461383104324,-28.658044815063477
400,0.40040040016174316,54.82673263549805,-0.0006995546282269061,0.012353037483990192,-29.17287254333496
401,0.4014014005661011,54.87324905395508,-0.0007220266852527857,0.014561635442078114,-32.38618850708008
402,0.402402400970459,54.91980743408203,-0.0007202662527561188,0.015021823346614838,-33.13206100463867
403,0.4034034013748169,54.96641540527344,-0.0007431955309584737,0.017663508653640747,-36.872039794921875
404,0.4044044017791748,55.01305389404297,-0.0007171829929575324,0.015991177409887314,-34.658653259277344
405,0.4054054021835327,55.059730529785156,-0.0007231796043924987,0.016609441488981247,-35.51572036743164
406,0.4064064025878906,55.106449127197266,-0.0007410391117446125,0.018320659175515175,-37.811737060546875
407,0.40740740299224854,55.1532096862793,-0.0007183011039160192,0.016430983319878578,-35.15568923950195
408,0.40840840339660645,55.200008392333984,-0.0007024580845609307,0.015170077793300152,-33.29493713378906
409,0.40940940380096436,55.24684524536133,-0.0006709528970532119,0.012291116639971733,-28.99103355407715
410,0.41041040420532227,55.293724060058594,-0.000683958875015378,0.013297364115715027,-30.389442443847656
411,0.4114114046096802,55.340641021728516,-0.0006982010672800243,0.014644580893218517,-32.31923294067383
412,0.4124124050140381,55.38759231567383,-0.0006829784251749516,0.01346333883702755,-30.672542572021484
413,0.413413405418396,55.43458938598633,-0.0006695479387417436,0.012537520378828049,-29.401466369628906
414,0.4144144058227539,55.481624603271484,-0.0006463374011218548,0.010765498504042625,-26.80339241027832
415,0.4154154062271118,55.52870178222656,-0.0006059081060811877,0.006985550746321678,-20.843687057495117
416,0.4164164066314697,55.5758171081543,-0.0006185740930959582,0.0089646577835083,-24.10577392578125
417,0.41741740703582764,55.62297439575195,-0.0006127809174358845,0.009015817195177078,-24.159709930419922
418,0.41841840744018555,55.67017364501953,-0.0006047869101166725,0.008956918492913246,-23.923297882080078
419,0.41941940784454346,55.71741485595703,-0.0005928458413109183,0.00802827812731266,-22.248899459838867
420,0.42042040824890137,55.764686584472656,-0.0006013503298163414,0.009397469460964203,-24.471649169921875
421,0.4214214086532593,55.81200408935547,-0.000593779725022614,0.008316862396895885,-22.6369571685791
422,0.4224224090576172,55.85935592651367,-0.0005918436800129712,0.007811973337084055,-21.76133155822754
423,0.4234234094619751,55.90675735473633,-0.0005970213678665459,0.008151102811098099,-22.320629119873047
424,0.424424409866333,55.954193115234375,-0.00060013507027179,0.008638921193778515,-23.081096649169922
425,0.4254254102706909,56.00166702270508,-0.0005895852809771895,0.007678348105400801,-21.312164306640625
426,0.42642641067504883,56.04918670654297,-0.0005823844694532454,0.0073280734941363335,-20.52162742614746
427,0.42742741107940674,56.096744537353516,-0.0005764715606346726,0.006761267315596342,-19.360408782958984
428,0.42842841148376465,56.14434814453125,-0.0005769087001681328,0.007168892305344343,-19.9864559173584
429,0.42942941188812256,56.191978454589844,-0.0005768687697127461,0.006881600245833397,-19.480451583862305
430,0.43043041229248047,56.239662170410156,-0.0005747725372202694,0.0053676823154091835,-16.904579162597656
431,0.4314314126968384,56.287384033203125,-0.0005756532773375511,0.005787028931081295,-17.72791290283203
432,0.4324324131011963,56.335140228271484,-0.000562917732167989,0.0037587229162454605,-14.244989395141602
433,0.4334334135055542,56.3829460144043,-0.0005597504205070436,0.004358380567282438,-15.363778114318848
434,0.4344344139099121,56.430782318115234,-0.0005515042576007545,0.004028297029435635,-14.857104301452637
435,0.43543541431427,56.478668212890625,-0.000542593072168529,0.00359148858115077,-14.177092552185059
436,0.4364364445209503,56.526588439941406,-0.0005345467943698168,0.003254542127251625,-13.691451072692871
437,0.4374374449253082,56.574554443359375,-0.000531913829036057,0.0033333494793623686,-13.973576545715332
438,0.43843844532966614,56.62255859375,-0.0005310588167048991,0.0034396948758512735,-14.289084434509277
439,0.43943944573402405,56.67060089111328,-0.0005271835252642632,0.003226150991395116,-14.012063980102539
440,0.44044044613838196,56.718685150146484,-0.0005326030077412724,0.003746119560673833,-15.06672191619873
441,0.44144144654273987,56.76681137084961,-0.0005484639550559223,0.005189397372305393,-17.784997940063477
442,0.4424424469470978,56.814979553222656,-0.0005494396318681538,0.005484642460942268,-18.332944869995117
443,0.4434434473514557,56.86318588256836,-0.0005442413967102766,0.005232388619333506,-17.89736557006836
444,0.4444444477558136,56.911434173583984,-0.0005409007426351309,0.0051894462667405605,-17.85431671142578
445,0.4454454481601715,56.95972442626953,-0.000562899571377784,0.007302860729396343,-21.732009887695312
446,0.4464464485645294,57.008056640625,-0.0005465720314532518,0.006198329385370016,-19.75183868408203
447,0.44744744896888733,57.056427001953125,-0.0005589746870100498,0.007502316497266293,-22.071455001831055
448,0.44844844937324524,57.10483932495117,-0.0005562950973398983,0.0076259127818048,-22.18512725830078
449,0.44944944977760315,57.153297424316406,-0.0005693899584002793,0.009126338176429272,-24.725841522216797
450,0.45045045018196106,57.20178985595703,-0.0005625995108857751,0.008985192514955997,-24.34482192993164
451,0.45145145058631897,57.25032424926758,-0.0005608958890661597,0.009281138889491558,-24.76506996154785
452,0.4524524509906769,57.29890060424805,-0.0005554137169383466,0.00922399666160345,-24.562875747680664
453,0.4534534513950348,57.3475227355957,-0.0005520076374523342,0.009312105365097523,-24.652673721313477
454,0.4544544517993927,57.396183013916016,-0.0005474506760947406,0.009165620431303978,-24.357446670532227
455,0.4554554522037506,57.444881439208984,-0.0005402538808993995,0.00863401684910059,-23.345294952392578
456,0.4564564526081085,57.49362564086914,-0.000541384331882,0.009305133484303951,-24.50796890258789
457,0.45745745301246643,57.54240417480469,-0.0005509565817192197,0.01074244361370802,-27.048673629760742
458,0.45845845341682434,57.59122848510742,-0.0005602235323749483,0.011833803728222847,-28.95709228515625
459,0.45945945382118225,57.640098571777344,-0.0005660515744239092,0.012366203591227531,-29.881546020507812
460,0.46046045422554016,57.68900680541992,-0.0005853777984157205,0.01374666765332222,-32.291847229003906
461,0.46146145462989807,57.73795700073242,-0.0006004773313179612,0.014758670702576637,-34.08583068847656
462,0.462462455034256,57.786949157714844,-0.0005870267050340772,0.013507619500160217,-32.08171844482422
463,0.4634634554386139,57.83598327636719,-0.0005734395235776901,0.01238896045833826,-30.249324798583984
464,0.4644644558429718,57.88505554199219,-0.000569724477827549,0.011898258700966835,-29.5084285736084
465,0.4654654562473297,57.934165954589844,-0.0005692074191756546,0.011718504130840302,-29.288145065307617
466,0.4664664566516876,57.98332977294922,-0.0005721912602894008,0.012076294049620628,-29.961078643798828
467,0.46746745705604553,58.03252410888672,-0.0005840653320774436,0.013331998139619827,-32.11984634399414
468,0.46846845746040344,58.08176803588867,-0.0005649958038702607,0.011767740361392498,-29.328792572021484
469,0.46946945786476135,58.131046295166016,-0.0005672125262208283,0.011802071705460548,-29.308837890625
470,0.47047045826911926,58.18037414550781,-0.0005649451049976051,0.010982701554894447,-27.8124942779541
471,0.4714714586734772,58.229740142822266,-0.0005807982524856925,0.012078546918928623,-29.70591163635254
472,0.4724724590778351,58.27914810180664,-0.0005859353113919497,0.011787432245910168,-29.200366973876953
473,0.473473459482193,58.32859802246094,-0.000598676037043333,0.01270524226129055,-30.78116798400879
474,0.4744744598865509,58.37809371948242,-0.0006006377516314387,0.013068531639873981,-31.481721878051758
475,0.4754754602909088,58.42762756347656,-0.0005921897245571017,0.012415620498359203,-30.504024505615234
476,0.4764764606952667,58.47719955444336,-0.0005922624841332436,0.012816137634217739,-31.30638885498047
477,0.47747746109962463,58.52682113647461,-0.0005867570289410651,0.012357148341834545,-30.67726707458496
478,0.47847846150398254,58.57647705078125,-0.0005615903064608574,0.00968286395072937,-26.18204116821289
479,0.47947946190834045,58.626182556152344,-0.0005501423729583621,0.008691965602338314,-24.533388137817383
480,0.48048046231269836,58.675926208496094,-0.0005503479624167085,0.009279542602598667,-25.59539794921875
481,0.4814814627170563,58.725711822509766,-0.0005386762786656618,0.008581825532019138,-24.22859764099121
482,0.4824824631214142,58.775543212890625,-0.0005431138561107218,0.009785794652998447,-26.32567596435547
483,0.4834834635257721,58.82541275024414,-0.0005439600208774209,0.010427460074424744,-27.400869369506836
484,0.48448446393013,58.875328063964844,-0.0005657521542161703,0.013063861057162285,-32.08080291748047
485,0.4854854643344879,58.92528533935547,-0.0005613176617771387,0.012701878324151039,-31.36290740966797
486,0.4864864647388458,58.97528076171875,-0.0005721486522816122,0.014024356380105019,-33.671634674072266
487,0.4874874949455261,59.025325775146484,-0.0005651332321576774,0.014016618020832539,-33.671939849853516
488,0.48848849534988403,59.07540512084961,-0.0005479828105308115,0.012850577011704445,-31.6042537689209
489,0.48948949575424194,59.12553024291992,-0.000552734883967787,0.01348117645829916,-32.793495178222656
490,0.49049049615859985,59.17570114135742,-0.0005465602735057473,0.013170190155506134,-32.33450698852539
491,0.49149149656295776,59.22591781616211,-0.0005504995351657271,0.013621763326227665,-33.27821731567383
492,0.4924924969673157,59.27616500854492,-0.0005383911775425076,0.012496860697865486,-31.33896827697754
493,0.4934934973716736,59.32646560668945,-0.0005338569171726704,0.011886767111718655,-30.34505271911621
494,0.4944944977760315,59.376800537109375,-0.0005185751942917705,0.009968014433979988,-26.844573974609375
495,0.4954954981803894,59.427181243896484,-0.0005206241039559245,0.009875689633190632,-26.757753372192383
496,0.4964964985847473,59.47761154174805,-0.0005155673716217279,0.009082474745810032,-25.257610321044922
497,0.4974974989891052,59.528072357177734,-0.0005168713396415114,0.009283281862735748,-25.624937057495117
498,0.49849849939346313,59.57858657836914,-0.0005331938154995441,0.011389879509806633,-29.616918563842773
499,0.49949949979782104,59.62913513183594,-0.000529976561665535,0.011155331507325172,-29.129106521606445
500,0.500500500202179,59.67972946166992,-0.0005169251235201955,0.009777959436178207,-26.426410675048828
501,0.5015015006065369,59.73036575317383,-0.0005269561661407351,0.01148470863699913,-29.639062881469727
502,0.5025025010108948,59.78105163574219,-0.0005311146378517151,0.0122266486287117,-31.01101303100586
503,0.5035035014152527,59.83177947998047,-0.0005394411855377257,0.013392413035035133,-33.220733642578125
504,0.5045045018196106,59.88254165649414,-0.0005441159592010081,0.014187580905854702,-34.77083206176758
505,0.5055055022239685,59.93335723876953,-0.000554898171685636,0.015469761565327644,-37.19060516357422
506,0.5065065026283264,59.98421096801758,-0.0005259157624095678,0.012953228317201138,-32.615238189697266
507,0.5075075030326843,60.03510665893555,-0.0005099185509607196,0.011337550356984138,-29.546558380126953
508,0.5085085034370422,60.08604431152344,-0.0005115687381476164,0.011797246523201466,-30.471500396728516
509,0.5095095038414001,60.13703155517578,-0.0005158901331014931,0.012335351668298244,-31.523948669433594
510,0.5105105042457581,60.18806076049805,-0.0005163877503946424,0.012165552005171776,-31.170385360717773
511,0.511511504650116,60.2391242980957,-0.0005236056167632341,0.0128470528870821,-32.485904693603516
512,0.5125125050544739,60.29024124145508,-0.0005199114093557,0.01215642411261797,-31.168773651123047
513,0.5135135054588318,60.341392517089844,-0.0005339948693290353,0.013532234355807304,-33.805580139160156
514,0.5145145058631897,60.39259719848633,-0.0005163762252777815,0.011506913229823112,-29.955101013183594
515,0.5155155062675476,60.44384002685547,-0.0005081318668089807,0.010133961215615273,-27.285533905029297
516,0.5165165066719055,60.495121002197266,-0.0005074477521702647,0.010005714371800423,-26.993370056152344
517,0.5175175070762634,60.54645538330078,-0.0005018519004806876,0.009642303921282291,-26.266477584838867
518,0.5185185074806213,60.59783172607422,-0.0004894857993349433,0.007987519726157188,-22.963909149169922
519,0.5195195078849792,60.64924621582031,-0.0004890682175755501,0.008483744226396084,-24.046218872070312
520,0.5205205082893372,60.700706481933594,-0.0004861114139202982,0.008654537610709667,-24.482017517089844
521,0.5215215086936951,60.75221252441406,-0.0004887070972472429,0.009834835305809975,-27.003801345825195
522,0.522522509098053,60.80376434326172,-0.0004896842874586582,0.01052685547620058,-28.518604278564453
523,0.5235235095024109,60.85535430908203,-0.00048226493527181447,0.009547673165798187,-26.617238998413086
524,0.5245245099067688,60.90699005126953,-0.0004812858533114195,0.010165426880121231,-27.989673614501953
525,0.5255255103111267,60.95866775512695,-0.00048264366341754794,0.010856681503355503,-29.4959659576416
526,0.5265265107154846,61.01039123535156,-0.00047990938764996827,0.010000519454479218,-27.76493263244629
527,0.5275275111198425,61.06216049194336,-0.00047916173934936523,0.009526059962809086,-26.83378028869629
528,0.5285285115242004,61.11397171020508,-0.00047828565584495664,0.008968967944383621,-25.719467163085938
529,0.5295295119285583,61.165828704833984,-0.00047303870087489486,0.007790157105773687,-23.315319061279297
530,0.5305305123329163,61.21773147583008,-0.00047866953536868095,0.008632399141788483,-25.168655395507812
531,0.5315315127372742,61.26966857910156,-0.00047403472126461565,0.008089279755949974,-24.11412239074707
532,0.5325325131416321,61.3216552734375,-0.0004767347709275782,0.008832422085106373,-25.75774383544922
533,0.53353351354599,61.373695373535156,-0.0004804524651262909,0.00979678239673376,-27.815231323242188
534,0.5345345139503479,61.4257698059082,-0.00048422208055853844,0.010653587989509106,-29.605247497558594
535,0.5355355143547058,61.47788619995117,-0.00047970114974305034,0.010015230625867844,-28.190593719482422
536,0.5365365147590637,61.530052185058594,-0.0004799442831426859,0.01018931157886982,-28.458765029907227
537,0.5375375151634216,61.5822639465332,-0.0004808695230167359,0.010332748293876648,-28.633724212646484
538,0.5385385155677795,61.63451385498047,-0.0004819274472538382,0.010876810178160667,-29.76146697998047
539,0.5395395755767822,61.68681716918945,-0.00047674516099505126,0.010161024518311024,-28.320898056030273
540,0.5405405759811401,61.73915481567383,-0.00048101425636559725,0.0107028279453516,-29.49461555480957
541,0.541541576385498,61.791542053222656,-0.0004747740749735385,0.009578915312886238,-27.19374656677246
542,0.542542576789856,61.843971252441406,-0.00046715911594219506,0.0086287222802639,-25.24703598022461
543,0.5435435771942139,61.89645004272461,-0.0004770160303451121,0.010295654647052288,-28.793895721435547
544,0.5445445775985718,61.94896697998047,-0.0004771006351802498,0.010402034036815166,-29.00559425354004
545,0.5455455780029297,62.001529693603516,-0.0004750459920614958,0.010283239185810089,-28.71926498413086
546,0.5465465784072876,62.05413818359375,-0.0004757255082949996,0.01032557338476181,-28.715259552001953
547,0.5475475788116455,62.10679244995117,-0.0004720902070403099,0.009832506999373436,-27.56651496887207
548,0.5485485792160034,62.159488677978516,-0.00047212833305820823,0.010074680671095848,-27.945592880249023
549,0.5495495796203613,62.21223068237305,-0.00046687747817486525,0.009230471216142178,-25.98857879638672
550,0.5505505800247192,62.26502227783203,-0.00046266152639873326,0.008777896873652935,-24.834028244018555
551,0.5515515804290771,62.31785202026367,-0.000466937170131132,0.009840562008321285,-26.96132469177246
552,0.5525525808334351,62.3707275390625,-0.00046569411642849445,0.010125640779733658,-27.470718383789062
553,0.553553581237793,62.42365264892578,-0.00045581546146422625,0.009231637232005596,-25.506561279296875
554,0.5545545816421509,62.476619720458984,-0.0004632266063708812,0.011403391137719154,-30.313987731933594
555,0.5555555820465088,62.52962875366211,-0.00046266705612652004,0.011913078837096691,-31.602781295776367
556,0.5565565824508667,62.58268737792969,-0.00046599761117249727,0.012589641846716404,-33.27143478393555
557,0.5575575828552246,62.63578796386719,-0.0004675882519222796,0.012555616907775402,-33.40365982055664
558,0.5585585832595825,62.688934326171875,-0.0004749283834826201,0.0133111122995615,-35.24401092529297
559,0.5595595836639404,62.74212646484375,-0.0004908908740617335,0.01483720913529396,-38.63483428955078
560,0.5605605840682983,62.79536437988281,-0.0004994062473997474,0.015047154389321804,-39.15983581542969
561,0.5615615844726562,62.8486442565918,-0.0004943265812471509,0.014026097021996975,-37.172210693359375
562,0.5625625848770142,62.901973724365234,-0.0004867058014497161,0.012979543767869473,-35.05500030517578
563,0.5635635852813721,62.955345153808594,-0.000494107254780829,0.014119524508714676,-37.33026885986328
564,0.56456458568573,63.008766174316406,-0.0004975188639946282,0.014719241298735142,-38.43953323364258
565,0.5655655860900879,63.062225341796875,-0.0004909852868877351,0.014048164710402489,-36.90242004394531
566,0.5665665864944458,63.11573791503906,-0.000488888006657362,0.014224851503968239,-37.12672805786133
567,0.5675675868988037,63.16929244995117,-0.0004832399426959455,0.014239960350096226,-37.11832809448242
568,0.5685685873031616,63.2228889465332,-0.0004761794989462942,0.014125089161098003,-36.89702224731445
569,0.5695695877075195,63.27653503417969,-0.0004716853436548263,0.01393592357635498,-36.48545837402344
570,0.5705705881118774,63.33022689819336,-0.00046979455510154366,0.013813810423016548,-36.24984359741211
571,0.5715715885162354,63.38396072387695,-0.0004637933452613652,0.012807817198336124,-34.160770416259766
572,0.5725725889205933,63.437744140625,-0.00047143595293164253,0.014065157622098923,-37.0145263671875
573,0.5735735893249512,63.4915657043457,-0.0004742140299640596,0.014528184197843075,-38.16455078125
574,0.5745745897293091,63.545440673828125,-0.0004919502534903586,0.016495928168296814,-42.45185470581055
575,0.575575590133667,63.599361419677734,-0.0004896735190413892,0.016272196546196938,-42.189998626708984
576,0.5765765905380249,63.65332794189453,-0.0004875078157056123,0.016331642866134644,-42.5457878112793
577,0.5775775909423828,63.707332611083984,-0.000494467793032527,0.01719016581773758,-44.485233306884766
578,0.5785785913467407,63.761390686035156,-0.0004927212139591575,0.017063412815332413,-44.36749267578125
579,0.5795795917510986,63.815494537353516,-0.00047523717512376606,0.015464735217392445,-41.17399597167969
580,0.5805805921554565,63.8696403503418,-0.00048192733083851635,0.016285663470625877,-42.943382263183594
581,0.5815815925598145,63.92383575439453,-0.0004754518158733845,0.015774333849549294,-41.83671188354492
582,0.5825825929641724,63.97807693481445,-0.0004795794375240803,0.016590666025877,-43.598812103271484
583,0.5835835933685303,64.03236389160156,-0.0004582226974889636,0.014767785556614399,-39.733245849609375
584,0.5845845937728882,64.0866928100586,-0.00045162177411839366,0.014000821858644485,-37.99370193481445
585,0.5855855941772461,64.14107513427734,-0.00043704535346478224,0.011529307812452316,-32.38166809082031
586,0.586586594581604,64.19549560546875,-0.0004460980708245188,0.012811703607439995,-35.34178161621094
587,0.5875875949859619,64.24996948242188,-0.0004383572959341109,0.011887987144291401,-33.394264221191406
588,0.5885885953903198,64.30448150634766,-0.00044702523155137897,0.013477802276611328,-37.12388610839844
589,0.5895895957946777,64.35903930664062,-0.00044806793448515236,0.014019773341715336,-38.49974822998047
590,0.5905905961990356,64.41365814208984,-0.00043825648026540875,0.012974612414836884,-36.221771240234375
591,0.5915915966033936,64.46830749511719,-0.0004383492050692439,0.01291175652295351,-36.10350799560547
592,0.5925925970077515,64.52301025390625,-0.00044151279143989086,0.013621633872389793,-37.708282470703125
593,0.5935935974121094,64.5777587890625,-0.0004402894410304725,0.014217367395758629,-39.07373809814453
594,0.5945945978164673,64.63255310058594,-0.0004395360592752695,0.014699368737637997,-40.19215774536133
595,0.5955955982208252,64.68739318847656,-0.0004454604350030422,0.015589643269777298,-42.195491790771484
596,0.5965965986251831,64.74227905273438,-0.0004401786718517542,0.014912767335772514,-40.7036018371582
597,0.597597599029541,64.7972183227539,-0.0004418064490891993,0.015297804027795792,-41.82493591308594
598,0.5985985994338989,64.8521957397461,-0.000447064230684191,0.01591303199529648,-43.500301361083984
599,0.5995995998382568,64.9072265625,-0.000461336865555495,0.017153548076748848,-46.36962890625
600,0.6006006002426147,64.96229553222656,-0.00046663510147482157,0.017627794295549393,-47.43189239501953
601,0.6016016006469727,65.01741790771484,-0.00046965363435447216,0.017868297174572945,-47.876373291015625
602,0.6026026010513306,65.07258605957031,-0.00047486473340541124,0.01822960376739502,-48.44636917114258
603,0.6036036014556885,65.12779998779297,-0.00047151767648756504,0.01790396124124527,-47.67008590698242
604,0.6046046018600464,65.18305969238281,-0.000470226863399148,0.01803821511566639,-47.980831146240234
605,0.6056056022644043,65.23836517333984,-0.0004679967532865703,0.018304234370589256,-48.74089813232422
606,0.6066066026687622,65.2937240600586,-0.000453865242889151,0.017164306715130806,-46.45109176635742
607,0.6076076030731201,65.34912872314453,-0.0004442821955308318,0.016143299639225006,-44.24952697753906
608,0.608608603477478,65.40457916259766,-0.00045128242345526814,0.016677696257829666,-45.44178009033203
609,0.6096096038818359,65.46007537841797,-0.0004656605306081474,0.017944803461432457,-48.15703582763672
610,0.6106106042861938,65.51561737060547,-0.0004820379544980824,0.01978614367544651,-52.03875732421875
611,0.6116116046905518,65.57120513916016,-0.00047397095477208495,0.019122721627354622,-50.81922912597656
612,0.6126126050949097,65.62684631347656,-0.00047850990085862577,0.020282039418816566,-53.398319244384766
613,0.6136136054992676,65.68252563476562,-0.0004724460013676435,0.020030593499541283,-52.95560836791992
614,0.6146146059036255,65.7382583618164,-0.00046621562796644866,0.01964653469622135,-52.170738220214844
615,0.6156156063079834,65.79403686523438,-0.0004520657239481807,0.01826493814587593,-49.22494888305664
616,0.6166166067123413,65.84986877441406,-0.00045130745274946094,0.018430255353450775,-49.618656158447266
617,0.6176176071166992,65.9057388305664,-0.00045049790060147643,0.01828652061522007,-49.28461837768555
618,0.6186186075210571,65.96166229248047,-0.0004545189149212092,0.018923498690128326,-50.74972152709961
619,0.619619607925415,66.01763153076172,-0.0004589464806485921,0.019638340920209885,-52.393924713134766
620,0.620620608329773,66.07364654541016,-0.0004487325786612928,0.01822110079228878,-49.27519607543945
621,0.6216216087341309,66.12971496582031,-0.00044992007315158844,0.018511854112148285,-49.956600189208984
622,0.6226226091384888,66.18582916259766,-0.0004391697875689715,0.017289824783802032,-47.177467346191406
623,0.6236236095428467,66.24198150634766,-0.000430978718213737,0.01637471839785576,-45.034584045410156
624,0.6246246099472046,66.29818725585938,-0.0004292490193620324,0.016611231490969658,-45.59916687011719
625,0.6256256103515625,66.35443878173828,-0.0004262553993612528,0.016931958496570587,-46.48332977294922
626,0.6266266107559204,66.4107437133789,-0.0004261418362148106,0.017473552376031876,-47.84421920776367
627,0.6276276111602783,66.46709442138672,-0.0004188041784800589,0.016566898673772812,-45.777896881103516
628,0.6286286115646362,66.52349090576172,-0.00041494850302115083,0.015834221616387367,-44.040985107421875
629,0.6296296119689941,66.57994079589844,-0.0004124347760807723,0.015662556514143944,-43.70716094970703
630,0.630630612373352,66.63642883300781,-0.0004115058691240847,0.015715934336185455,-43.96059036254883
631,0.63163161277771,66.6929702758789,-0.0004100986407138407,0.015449123457074165,-43.41594314575195
632,0.6326326131820679,66.74955749511719,-0.00040810456266626716,0.015341118909418583,-43.31658172607422
633,0.6336336135864258,66.80619812011719,-0.0004039196064695716,0.015046093612909317,-42.75096130371094
634,0.6346346139907837,66.86288452148438,-0.000400197139242664,0.014660906046628952,-41.86565017700195
635,0.6356356143951416,66.91961669921875,-0.0004049171693623066,0.015602292492985725,-44.21710968017578
636,0.6366366147994995,66.97640228271484,-0.0004095146432518959,0.01638542115688324,-46.14713668823242
637,0.6376376152038574,67.0332260131836,-0.0004056371399201453,0.01584438979625702,-44.818443298339844
638,0.6386386156082153,67.0901107788086,-0.0004080278449691832,0.016248272731900215,-45.842628479003906
639,0.6396396160125732,67.14703369140625,-0.0004035851452499628,0.01558079943060875,-44.2203254699707
640,0.6406406164169312,67.20401000976562,-0.0004014488367829472,0.01521933451294899,-43.32469177246094
641,0.6416416764259338,67.26103210449219,-0.00039927661418914795,0.014909729361534119,-42.594547271728516
642,0.6426426768302917,67.31810760498047,-0.00039667831151746213,0.013837234117090702,-39.93691635131836
643,0.6436436772346497,67.37522888183594,-0.0003952835686504841,0.013920990750193596,-40.29002380371094
644,0.6446446776390076,67.4323959350586,-0.00039179506711661816,0.01198123674839735,-35.53476333618164
645,0.6456456780433655,67.48960876464844,-0.0003887435595970601,0.011617021635174751,-34.7947883605957
646,0.6466466784477234,67.546875,-0.00038978105294518173,0.013122648000717163,-38.81371307373047
647,0.6476476788520813,67.60418701171875,-0.0003881713782902807,0.012344335205852985,-36.882591247558594
648,0.6486486792564392,67.66155242919922,-0.0003926392528228462,0.013740177266299725,-40.52153778076172
649,0.6496496796607971,67.71896362304688,-0.0003946976503357291,0.01417428720742464,-41.64866256713867
650,0.650650680065155,67.77642822265625,-0.00039383492548950016,0.014333297498524189,-42.11361312866211
651,0.6516516804695129,67.83393859863281,-0.0003902292810380459,0.013044377788901329,-38.81998825073242
652,0.6526526808738708,67.89148712158203,-0.0003942885377909988,0.014101226814091206,-41.475284576416016
653,0.6536536812782288,67.9490966796875,-0.00039508932968601584,0.013563746586441994,-40.095123291015625
654,0.6546546816825867,68.00675201416016,-0.00039698067121207714,0.014372637495398521,-42.142051696777344
655,0.6556556820869446,68.064453125,-0.00039340718649327755,0.012992972508072853,-38.77285385131836
656,0.6566566824913025,68.1222152709961,-0.00039184815250337124,0.013167241588234901,-39.28367614746094
657,0.6576576828956604,68.18000793457031,-0.00039192603435367346,0.014725190587341785,-43.29283142089844
658,0.6586586833000183,68.23786163330078,-0.0003886240883730352,0.013656405732035637,-40.567665100097656
659,0.6596596837043762,68.29576110839844,-0.0003876393020618707,0.01416555605828762,-41.90366744995117
660,0.6606606841087341,68.35371398925781,-0.0003842674195766449,0.013477089814841747,-40.21730422973633
661,0.661661684513092,68.41171264648438,-0.0003785116714425385,0.01188611425459385,-36.139137268066406
662,0.66266268491745,68.46975708007812,-0.00037466519279405475,0.011038233526051044,-33.941280364990234
663,0.6636636853218079,68.5278549194336,-0.00037224491825327277,0.010943778790533543,-33.72875213623047
664,0.6646646857261658,68.58599853515625,-0.0003705153940245509,0.01095864363014698,-33.74894332885742
665,0.6656656861305237,68.64419555664062,-0.0003699650405906141,0.011271297000348568,-34.54878234863281
666,0.6666666865348816,68.70243835449219,-0.0003706894931383431,0.011807549744844437,-35.92030334472656
667,0.6676676869392395,68.76073455810547,-0.00036886916495859623,0.010253808461129665,-31.661481857299805
668,0.6686686873435974,68.81907653808594,-0.0003688732977025211,0.009306086227297783,-29.089656829833984
669,0.6696696877479553,68.87747192382812,-0.00036789115983992815,0.007968280464410782,-25.50401496887207
670,0.6706706881523132,68.9359130859375,-0.00036715035093948245,0.0072136507369577885,-23.543895721435547
671,0.6716716885566711,68.9944076538086,-0.0003652537998277694,0.006389273330569267,-21.419464111328125
672,0.672672688961029,69.05294799804688,-0.00036666536470875144,0.006856437306851149,-22.885189056396484
673,0.673673689365387,69.11154174804688,-0.0003648635174613446,0.005978570319712162,-20.700727462768555
674,0.6746746897697449,69.17018127441406,-0.0003653074672911316,0.0061425818130373955,-21.37217903137207
675,0.6756756901741028,69.22887420654297,-0.0003620123607106507,0.0057174647226929665,-20.404678344726562
676,0.6766766905784607,69.2876205444336,-0.0003625173703767359,0.006402980070561171,-22.373838424682617
677,0.6776776909828186,69.34640502929688,-0.00036268075928092003,0.0067451889626681805,-23.32575035095215
678,0.6786786913871765,69.4052505493164,-0.000362268096068874,0.006809873040765524,-23.45741844177246
679,0.6796796917915344,69.4641342163086,-0.0003648416604846716,0.007612690795212984,-25.596540451049805
680,0.6806806921958923,69.52307891845703,-0.0003690900339279324,0.009330257773399353,-30.233388900756836
681,0.6816816926002502,69.58206939697266,-0.0003663480165414512,0.009507915005087852,-30.791385650634766
682,0.6826826930046082,69.64111328125,-0.00036121552693657577,0.009237335063517094,-30.168209075927734
683,0.6836836934089661,69.7001953125,-0.0003545709769241512,0.00784347765147686,-26.317676544189453
684,0.684684693813324,69.75934600830078,-0.00035128986928611994,0.007272402290254831,-24.65111541748047
685,0.6856856942176819,69.81852722167969,-0.0003520814061630517,0.00781695730984211,-26.040996551513672
686,0.6866866946220398,69.87776947021484,-0.00035315525019541383,0.008401542901992798,-27.486221313476562
687,0.6876876950263977,69.93706512451172,-0.0003540771431289613,0.00873897597193718,-28.26396369934082
688,0.6886886954307556,69.99640655517578,-0.0003547551459632814,0.008819476701319218,-28.38518524169922
689,0.6896896958351135,70.05580139160156,-0.00035401503555476665,0.007855279371142387,-25.64284324645996
690,0.6906906962394714,70.11524200439453,-0.0003520969767123461,0.006856641266494989,-22.8656005859375
691,0.6916916966438293,70.17473602294922,-0.00035130378091707826,0.0059629641473293304,-20.373666763305664
692,0.6926926970481873,70.23428344726562,-0.0003512556431815028,0.005363975651562214,-18.697507858276367
693,0.6936936974525452,70.29387664794922,-0.0003498094156384468,0.005421663634479046,-18.899131774902344
694,0.6946946978569031,70.353515625,-0.00034822223824448884,0.006208250764757395,-21.233016967773438
695,0.695695698261261,70.41321563720703,-0.0003452512319199741,0.005890171974897385,-20.44961929321289
696,0.6966966986656189,70.47296142578125,-0.0003416632243897766,0.006912484765052795,-23.579801559448242
697,0.6976976990699768,70.53276062011719,-0.0003379418049007654,0.0064520095475018024,-22.37174415588379
698,0.6986986994743347,70.59259796142578,-0.0003370291960891336,0.006727407220751047,-23.278635025024414
699,0.6996996998786926,70.65249633789062,-0.0003366815217304975,0.006254393141716719,-21.911157608032227
700,0.7007007002830505,70.71244812011719,-0.00033856829395517707,0.007243872620165348,-24.82404327392578
701,0.7017017006874084,70.77244567871094,-0.0003396309621166438,0.006851424928754568,-23.62607765197754
702,0.7027027010917664,70.83250427246094,-0.0003418051346670836,0.007188174873590469,-24.586580276489258
703,0.7037037014961243,70.8926010131836,-0.00034269801108166575,0.0058704279363155365,-20.75015640258789
704,0.7047047019004822,70.95275115966797,-0.000341714738169685,0.005618112627416849,-20.038869857788086
705,0.7057057023048401,71.0129623413086,-0.0003391498466953635,0.0052972231060266495,-19.13423728942871
706,0.706706702709198,71.07321166992188,-0.00033601955510675907,0.005422928370535374,-19.567384719848633
707,0.7077077031135559,71.1335220336914,-0.00033568113576620817,0.00659869285300374,-23.16579818725586
708,0.7087087035179138,71.19387817382812,-0.0003368582983966917,0.007417880930006504,-25.71155548095703
709,0.7097097039222717,71.25428771972656,-0.0003370488411746919,0.007286394014954567,-25.402996063232422
710,0.7107107043266296,71.31475067138672,-0.0003371756465639919,0.006744926329702139,-23.84267807006836
711,0.7117117047309875,71.37525939941406,-0.0003416051040403545,0.00760467816144228,-26.380605697631836
712,0.7127127051353455,71.4358139038086,-0.0003413288504816592,0.007832998409867287,-27.07349967956543
713,0.7137137055397034,71.4964370727539,-0.0003383407602086663,0.007797401398420334,-26.972318649291992
714,0.7147147059440613,71.55709838867188,-0.00033569257357157767,0.007738358806818724,-26.75531005859375
715,0.7157157063484192,71.61781311035156,-0.0003321476106066257,0.007055775728076696,-24.60406494140625
716,0.7167167067527771,71.67858123779297,-0.00032892575836740434,0.0068116276524960995,-23.82413673400879
717,0.717717707157135,71.7394027709961,-0.00032881787046790123,0.00754846166819334,-26.076000213623047
718,0.7187187075614929,71.8002700805664,-0.00033038557739928365,0.008146923966705799,-27.889299392700195
719,0.7197197079658508,71.86119842529297,-0.0003333806525915861,0.008936724625527859,-30.233434677124023
720,0.7207207083702087,71.92217254638672,-0.00033385580172762275,0.00852543767541647,-28.98516273498535
721,0.7217217087745667,71.98320007324219,-0.0003325932193547487,0.00798464473336935,-27.419767379760742
722,0.7227227091789246,72.04427337646484,-0.00033342844108119607,0.009821570478379726,-32.9860725402832
723,0.7237237095832825,72.10540771484375,-0.0003326190635561943,0.00981139112263918,-32.998146057128906
724,0.7247247099876404,72.16658782958984,-0.00033128727227449417,0.009669823572039604,-32.66313171386719
725,0.7257257103919983,72.22782135009766,-0.00033018350950442255,0.010614289902150631,-35.69010543823242
726,0.7267267107963562,72.28910827636719,-0.00032656066468916833,0.009641248732805252,-32.93645477294922
727,0.7277277112007141,72.3504409790039,-0.00032241555163636804,0.008621961809694767,-29.97256088256836
728,0.728728711605072,72.41183471679688,-0.000321482919389382,0.009397844783961773,-32.57324981689453
729,0.7297297120094299,72.47327423095703,-0.00031956241582520306,0.009521027095615864,-33.15961837768555
730,0.7307307124137878,72.53477478027344,-0.00031606515403836966,0.008867551572620869,-31.219709396362305
731,0.7317317128181458,72.59632110595703,-0.0003167280519846827,0.00905915442854166,-31.856197357177734
732,0.7327327132225037,72.65791320800781,-0.00031585435499437153,0.008870591409504414,-31.258176803588867
733,0.7337337136268616,72.71956634521484,-0.00031875239801593125,0.009965511970221996,-34.65926742553711
734,0.7347347140312195,72.78126525878906,-0.0003128533426206559,0.008893923833966255,-31.17221450805664
735,0.7357357144355774,72.84302520751953,-0.00030934138339944184,0.007475835271179676,-26.475051879882812
736,0.7367367148399353,72.90483093261719,-0.0003103329217992723,0.007103425450623035,-25.129682540893555
737,0.7377377152442932,72.96669006347656,-0.00031249530729837716,0.007236509118229151,-25.432531356811523
738,0.7387387156486511,73.02860260009766,-0.0003142922359984368,0.007228785194456577,-25.380708694458008
739,0.739739716053009,73.09056854248047,-0.00031489174580201507,0.007765641901642084,-27.128416061401367
740,0.7407407164573669,73.152587890625,-0.00031508287065662444,0.008884597569704056,-30.783790588378906
741,0.7417417168617249,73.21465301513672,-0.00031448801746591926,0.008533359505236149,-29.785907745361328
742,0.7427427172660828,73.27677917480469,-0.00031573124579153955,0.009110063314437866,-31.767410278320312
743,0.7437437772750854,73.33895874023438,-0.00031651556491851807,0.00921185128390789,-32.243064880371094
744,0.7447447776794434,73.40119171142578,-0.0003144307993352413,0.008408654481172562,-29.82208824157715
745,0.7457457780838013,73.46347045898438,-0.0003117597952950746,0.007432055659592152,-26.761648178100586
746,0.7467467784881592,73.52580261230469,-0.00031142006628215313,0.007216276600956917,-26.057811737060547
747,0.7477477788925171,73.58819580078125,-0.0003144821966998279,0.008569009602069855,-30.365087509155273
748,0.748748779296875,73.65062713623047,-0.00031265983125194907,0.008130590431392193,-29.0046443939209
749,0.7497497797012329,73.71311950683594,-0.00031040870817378163,0.007381654344499111,-26.660856246948242
750,0.7507507801055908,73.77567291259766,-0.00031002526520751417,0.007004726678133011,-25.491531372070312
751,0.7517517805099487,73.83826446533203,-0.0003119235625490546,0.007281237747520208,-26.431324005126953
752,0.7527527809143066,73.90092468261719,-0.0003124247887171805,0.006636354140937328,-24.426218032836914
753,0.7537537813186646,73.963623046875,-0.00031306297751143575,0.006005635019391775,-22.507720947265625
754,0.7547547817230225,74.02638244628906,-0.0003128069220110774,0.0054702842608094215,-20.91049575805664
755,0.7557557821273804,74.08919525146484,-0.00031098403269425035,0.0057122246362268925,-21.81095314025879
756,0.7567567825317383,74.15206146240234,-0.00030961091397330165,0.006288753356784582,-23.785600662231445
757,0.7577577829360962,74.21498107910156,-0.0003063441254198551,0.005788705311715603,-22.24420928955078
758,0.7587587833404541,74.2779541015625,-0.0003036173584405333,0.005372007843106985,-20.907014846801758
759,0.759759783744812,74.34097290039062,-0.00030157965375110507,0.00562814436852932,-21.747583389282227
760,0.7607607841491699,74.404052734375,-0.00030163335031829774,0.006438858807086945,-24.386886596679688
761,0.7617617845535278,74.4671859741211,-0.00030100226285867393,0.0067835901863873005,-25.468618392944336
762,0.7627627849578857,74.53038024902344,-0.00029923749389126897,0.006835858803242445,-25.547861099243164
763,0.7637637853622437,74.59361267089844,-0.00029859141795895994,0.007048021070659161,-26.1923828125
764,0.7647647857666016,74.65690612792969,-0.00029641587752848864,0.006634164601564407,-24.760339736938477
765,0.7657657861709595,74.72025299072266,-0.00029586057644337416,0.0064849709160625935,-24.233318328857422
766,0.7667667865753174,74.78365325927734,-0.00029472712776623666,0.005901734344661236,-22.236955642700195
767,0.7677677869796753,74.84710693359375,-0.0002949523914139718,0.006181751377880573,-23.224214553833008
768,0.7687687873840332,74.91061401367188,-0.00029295674175955355,0.005622342694550753,-21.394502639770508
769,0.7697697877883911,74.97418212890625,-0.00029244617326185107,0.0054996502585709095,-21.051021575927734
770,0.770770788192749,75.03779602050781,-0.00029225312755443156,0.004580824635922909,-17.9939022064209
771,0.7717717885971069,75.1014633178711,-0.00029242393793538213,0.004758973140269518,-18.65806007385254
772,0.7727727890014648,75.1651840209961,-0.0002923632855527103,0.004537389613687992,-17.92735481262207
773,0.7737737894058228,75.22896575927734,-0.0002932744100689888,0.004584512673318386,-18.07918930053711
774,0.7747747898101807,75.29280090332031,-0.00029262405587360263,0.004476694390177727,-17.691356658935547
775,0.7757757902145386,75.35668182373047,-0.0002897149242926389,0.0037627010606229305,-15.18829345703125
776,0.7767767906188965,75.42062377929688,-0.00028943823417648673,0.004045683890581131,-16.071229934692383
777,0.7777777910232544,75.484619140625,-0.0002895461511798203,0.004421487916260958,-17.228437423706055
778,0.7787787914276123,75.54866790771484,-0.0002923844731412828,0.005791366565972567,-21.812091827392578
779,0.7797797918319702,75.6127700805664,-0.0002931218477897346,0.006208756938576698,-23.117530822753906
780,0.7807807922363281,75.67693328857422,-0.0002935445518232882,0.006364814937114716,-23.524681091308594
781,0.781781792640686,75.74114227294922,-0.000293465971481055,0.005910980049520731,-21.91206169128418
782,0.782782793045044,75.80540466308594,-0.00029507503495551646,0.005379911512136459,-20.10915756225586
783,0.7837837934494019,75.8697280883789,-0.0002984743332490325,0.004452614113688469,-17.058135986328125
784,0.7847847938537598,75.9341049194336,-0.00030076317489147186,0.003536434145644307,-14.163593292236328
785,0.7857857942581177,75.99853515625,-0.0003011053486261517,0.003002948360517621,-12.53796672821045
786,0.7867867946624756,76.06301879882812,-0.00030179601162672043,0.004384766332805157,-17.232406616210938
787,0.7877877950668335,76.1275634765625,-0.0003023181634489447,0.004397859331220388,-17.36981201171875
788,0.7887887954711914,76.19215393066406,-0.00030149321537464857,0.0029589484911412,-12.688021659851074
789,0.7897897958755493,76.25680541992188,-0.0003006479819305241,0.00304143107496202,-13.01397705078125
790,0.7907907962799072,76.3215103149414,-0.00029543961863964796,0.002085707848891616,-9.851290702819824
791,0.7917917966842651,76.38626861572266,-0.0002925399166997522,0.002049869392067194,-9.721242904663086
792,0.792792797088623,76.45108032226562,-0.000288812123471871,0.001677772612310946,-8.42729377746582
793,0.793793797492981,76.51595306396484,-0.00028513901634141803,0.0010162864346057177,-6.118184566497803
794,0.7947947978973389,76.58087921142578,-0.0002908129245042801,0.0022377753630280495,-10.398555755615234
795,0.7957957983016968,76.64585876464844,-0.00029172166250646114,0.002302834764122963,-10.672845840454102
796,0.7967967987060547,76.71089172363281,-0.0002920932893175632,0.0022228825837373734,-10.460672378540039
797,0.7977977991104126,76.7759780883789,-0.0002931059570983052,0.0024169168900698423,-11.177248001098633
798,0.7987987995147705,76.84112548828125,-0.0002907935995608568,0.0020649812649935484,-9.99327278137207
799,0.7997997999191284,76.90632629394531,-0.00028644356643781066,0.0016346917254850268,-8.500602722167969
800,0.8008008003234863,76.97157287597656,-0.0002878794330172241,0.002973261522129178,-13.177488327026367
801,0.8018018007278442,77.03689575195312,-0.00028600002406165004,0.0034258821979165077,-14.852989196777344
802,0.8028028011322021,77.10225677490234,-0.00027993618277832866,0.0023799538612365723,-11.29182243347168
803,0.8038038015365601,77.16767883300781,-0.0002755580353550613,0.0020779664628207684,-10.348138809204102
804,0.804804801940918,77.233154296875,-0.00027056760154664516,0.0016425593057647347,-8.856679916381836
805,0.8058058023452759,77.29869079589844,-0.00026536788209341466,0.0005102147697471082,-4.678346633911133
806,0.8068068027496338,77.36427307128906,-0.00026759409229271114,0.0016773348907008767,-9.071434020996094
807,0.8078078031539917,77.42991638183594,-0.0002669476089067757,0.0016569556901231408,-8.933274269104004
808,0.8088088035583496,77.49562072753906,-0.00027003881405107677,0.002446842147037387,-11.74555492401123
809,0.8098098039627075,77.56137084960938,-0.00026895536575466394,0.0024232196155935526,-11.490516662597656
810,0.8108108043670654,77.62718963623047,-0.00026864552637562156,0.0025404326152056456,-11.751153945922852
811,0.8118118047714233,77.69306182861328,-0.0002657970762811601,0.0015404411824420094,-7.869946479797363
812,0.8128128051757812,77.75897979736328,-0.00026603578589856625,0.0013672906206920743,-7.150732517242432
813,0.8138138055801392,77.82495880126953,-0.00026597335818223655,0.0009865754982456565,-5.683953762054443
814,0.8148148059844971,77.8909912109375,-0.0002668388478923589,0.0008021813700906932,-5.003069877624512
815,0.815815806388855,77.95708465576172,-0.0002687164815142751,0.000822972331661731,-5.124667644500732
816,0.8168168067932129,78.02323150634766,-0.00027126356144435704,0.001011145068332553,-5.874833106994629
817,0.8178178071975708,78.08943176269531,-0.0002733739383984357,0.0010986068518832326,-6.2089152336120605
818,0.8188188076019287,78.15569305419922,-0.0002746682148426771,0.0011371897999197245,-6.301936149597168
819,0.8198198080062866,78.22200775146484,-0.00028104527154937387,0.002465108409523964,-10.999927520751953
820,0.8208208084106445,78.28837585449219,-0.00027784769190475345,0.001539141172543168,-7.623743057250977
821,0.8218218088150024,78.35481262207031,-0.00027401602710597217,0.0007643773569725454,-4.7775349617004395
822,0.8228228092193604,78.4212875366211,-0.0002754631277639419,0.0008622978930361569,-5.123987197875977
823,0.8238238096237183,78.48783874511719,-0.0002702086931094527,0.00012366000737529248,-2.444985866546631
824,0.8248248100280762,78.55442810058594,-0.00026378847542218864,-0.0005869728629477322,0.1630934476852417
825,0.8258258104324341,78.62108612060547,-0.00025879970053210855,-0.0009970759274438024,1.7166680097579956
826,0.826826810836792,78.68779754638672,-0.0002598422288428992,-0.000791080470662564,0.9209665060043335
827,0.8278278112411499,78.75455474853516,-0.00025841910974122584,-0.0008962662541307509,1.3225488662719727
828,0.8288288116455078,78.82138061523438,-0.00025838337023742497,-0.0007832100382074714,0.9099383354187012
829,0.8298298120498657,78.88825988769531,-0.00027077755657956004,0.0010793270776048303,-6.168344497680664
830,0.8308308124542236,78.9552001953125,-0.00027380246319808066,0.0020085209980607033,-9.639092445373535
831,0.8318318128585815,79.02220153808594,-0.0002656867145560682,0.0011827750131487846,-6.579813003540039
832,0.8328328132629395,79.08924865722656,-0.00026633794186636806,0.0017909713787958026,-8.85628604888916
833,0.8338338136672974,79.15635681152344,-0.0002658273442648351,0.0021305896807461977,-10.116495132446289
834,0.8348348140716553,79.22352600097656,-0.0002653588308021426,0.002461810363456607,-11.340060234069824
835,0.8358358144760132,79.29074096679688,-0.0002565194736234844,0.0012524306075647473,-6.659322738647461
836,0.8368368148803711,79.35801696777344,-0.0002546128525864333,0.0012356502702459693,-6.551570892333984
837,0.837837815284729,79.42535400390625,-0.00025032617850229144,-0.00044049875577911735,0.10282778739929199
838,0.8388388156890869,79.49275207519531,-0.0002506074379198253,-0.0009788505267351866,2.1854913234710693
839,0.8398398160934448,79.56019592285156,-0.0002512357896193862,-1.7847371054813266e-05,-1.705897331237793
840,0.8408408164978027,79.62770080566406,-0.0002507637836970389,-0.00044615857768803835,-0.013194024562835693
841,0.8418418169021606,79.69527435302734,-0.00025018377345986664,-0.0005355651956051588,0.39825522899627686
842,0.8428428173065186,79.76288604736328,-0.0002497554523870349,-0.00011778196494560689,-1.184437870979309
843,0.8438438177108765,79.83056640625,-0.0002483896678313613,-0.000465499353595078,0.29883384704589844
844,0.8448448181152344,79.89830780029297,-0.00024759399821050465,0.0003494154952932149,-2.907665491104126
845,0.8458458185195923,79.96610260009766,-0.00024945795303210616,0.0013122097589075565,-6.761152267456055
846,0.846846878528595,80.0339584350586,-0.00024776297505013645,0.0009560196194797754,-5.317817687988281
847,0.8478478789329529,80.10186004638672,-0.00024620635667815804,0.0005173268727958202,-3.5501723289489746
848,0.8488488793373108,80.16983032226562,-0.000245566334342584,-9.31945105548948e-05,-1.1076936721801758
849,0.8498498797416687,80.23786163330078,-0.0002463522832840681,-0.0002009728195844218,-0.7369067668914795
850,0.8508508801460266,80.30593872070312,-0.0002480819239281118,0.00013955344911664724,-2.1935620307922363
851,0.8518518805503845,80.37407684326172,-0.00024902872974053025,7.913773879408836e-05,-2.0484516620635986
852,0.8528528809547424,80.44227600097656,-0.0002476900117471814,-0.0007143566617742181,1.0266938209533691
853,0.8538538813591003,80.51052856445312,-0.00024438771652057767,-0.001841637771576643,5.483913421630859
854,0.8548548817634583,80.57884216308594,-0.0002442553814034909,-0.001744637149386108,5.002993583679199
855,0.8558558821678162,80.647216796875,-0.0002442076802253723,-0.001738005317747593,4.941448211669922
856,0.8568568825721741,80.71565246582031,-0.0002473682980053127,-0.0012505414197221398,2.962151527404785
857,0.857857882976532,80.78413391113281,-0.00025314860977232456,-0.00031560310162603855,-0.7600491046905518
858,0.8588588833808899,80.8526840209961,-0.0002526848402339965,-0.0007149249431677163,0.8676143884658813
859,0.8598598837852478,80.92127990722656,-0.0002546781615819782,-0.0004518879868555814,-0.1446855068206787
860,0.8608608841896057,80.98995208740234,-0.0002572495141066611,0.00036499142879620194,-3.338651180267334
861,0.8618618845939636,81.05866241455078,-0.00025822670431807637,0.00047203365829773247,-3.7398219108581543
862,0.8628628849983215,81.12744903564453,-0.0002591761003714055,0.001025852165184915,-5.895744323730469
863,0.8638638854026794,81.19628143310547,-0.0002581715234555304,0.0009775336366146803,-5.794460296630859
864,0.8648648858070374,81.26518249511719,-0.0002591712400317192,0.0016233983915299177,-8.403106689453125
865,0.8658658862113953,81.3341293334961,-0.0002557456027716398,0.0012198913609609008,-6.931377410888672
866,0.8668668866157532,81.40314483642578,-0.00025837848079390824,0.0019788069184869528,-9.986726760864258
867,0.8678678870201111,81.47222137451172,-0.0002594857942312956,0.002373384777456522,-11.609750747680664
868,0.868868887424469,81.54134368896484,-0.000260503264144063,0.0027655346784740686,-13.186982154846191
869,0.8698698878288269,81.61053466796875,-0.0002618040598463267,0.003237025113776326,-15.046351432800293
870,0.8708708882331848,81.6797866821289,-0.0002608318463899195,0.003417331026867032,-15.814718246459961
871,0.8718718886375427,81.74909210205078,-0.00025210605235770345,0.00233474257402122,-11.702254295349121
872,0.8728728890419006,81.81845092773438,-0.0002476452791597694,0.0019752266816794872,-10.33008861541748
873,0.8738738894462585,81.88787078857422,-0.00025152123998850584,0.0025221079122275114,-12.519241333007812
874,0.8748748898506165,81.95735931396484,-0.00025250675389543176,0.0026459007058292627,-12.944673538208008
875,0.8758758902549744,82.02690887451172,-0.000254242739174515,0.002913628937676549,-13.894380569458008
876,0.8768768906593323,82.09650421142578,-0.00025644610286690295,0.004000187385827303,-18.061735153198242
877,0.8778778910636902,82.1661605834961,-0.000254713260801509,0.0034130429849028587,-15.692996978759766
878,0.8788788914680481,82.23587799072266,-0.00025097353500314057,0.0024256675969809294,-11.717093467712402
879,0.879879891872406,82.30565643310547,-0.00024892372312024236,0.0025199586525559425,-12.03067398071289
880,0.8808808922767639,82.37548828125,-0.0002455954090692103,0.0022920796182006598,-11.112787246704102
881,0.8818818926811218,82.44538116455078,-0.00024239050981123,0.002143119229003787,-10.515097618103027
882,0.8828828930854797,82.51534271240234,-0.0002450953470543027,0.004062393214553595,-18.378129959106445
883,0.8838838934898376,82.58535766601562,-0.000244336377363652,0.003154515055939555,-14.653873443603516
884,0.8848848938941956,82.65543365478516,-0.00024221782223321497,0.0022979171480983496,-11.11181640625
885,0.8858858942985535,82.72557067871094,-0.00024160002067219466,0.002014300087466836,-9.932417869567871
886,0.8868868947029114,82.7957534790039,-0.0002427845320198685,0.0021895698737353086,-10.667120933532715
887,0.8878878951072693,82.86600494384766,-0.00024251810100395232,0.0020358082838356495,-10.072477340698242
888,0.8888888955116272,82.93631744384766,-0.0002414246991975233,0.001912414561957121,-9.629044532775879
889,0.8898898959159851,83.00669860839844,-0.00024108067736960948,0.0025255067739635706,-12.253210067749023
890,0.890890896320343,83.0771255493164,-0.00023991981288418174,0.002742174081504345,-13.239782333374023
891,0.8918918967247009,83.14761352539062,-0.00023823612718842924,0.002523562405258417,-12.429280281066895
892,0.8928928971290588,83.21817016601562,-0.00023855833569541574,0.0030684308148920536,-14.88284683227539
893,0.8938938975334167,83.28878021240234,-0.00023898438666947186,0.002988590160384774,-14.690070152282715
894,0.8948948979377747,83.35945129394531,-0.00023637074627913535,0.002324202563613653,-12.062270164489746
895,0.8958958983421326,83.43018341064453,-0.00023198673443403095,0.0015092763351276517,-8.726211547851562
896,0.8968968987464905,83.5009765625,-0.0002303166111232713,0.0013663407880812883,-8.178176879882812
897,0.8978978991508484,83.57182312011719,-0.00022798203281126916,0.001146298018284142,-7.231484889984131
898,0.8988988995552063,83.64273071289062,-0.00022763256856705993,0.0013971941079944372,-8.325395584106445
899,0.8998998999595642,83.71370697021484,-0.0002233424165751785,0.0009659645729698241,-6.3676605224609375
900,0.9009009003639221,83.78473663330078,-0.0002214358828496188,0.0008267256198450923,-5.689217567443848
901,0.90190190076828,83.85582733154297,-0.0002272320562042296,0.0018811160698533058,-10.339859962463379
902,0.9029029011726379,83.9269790649414,-0.0002280770568177104,0.002159601077437401,-11.49677562713623
903,0.9039039015769958,83.99818420410156,-0.0002276804589200765,0.002169601386412978,-11.444613456726074
904,0.9049049019813538,84.06946563720703,-0.0002320034254807979,0.002699285978451371,-13.65471076965332
905,0.9059059023857117,84.14079284667969,-0.0002313378790859133,0.0025170857552438974,-12.77000617980957
906,0.9069069027900696,84.21219635009766,-0.00023359581246040761,0.002873911987990141,-14.192523002624512
907,0.9079079031944275,84.28364562988281,-0.000237911386648193,0.003785790642723441,-17.999055862426758
908,0.9089089035987854,84.35516357421875,-0.00023989033070392907,0.004375990480184555,-20.486915588378906
909,0.9099099040031433,84.42674255371094,-0.00023865807452239096,0.004264698829501867,-20.103418350219727
910,0.9109109044075012,84.49837493896484,-0.0002402384125161916,0.004777973983436823,-22.364585876464844
911,0.9119119048118591,84.57007598876953,-0.00023829762358218431,0.004620441701263189,-21.838584899902344
912,0.912912905216217,84.64183044433594,-0.00023708611843176186,0.004629713483154774,-21.981548309326172
913,0.913913905620575,84.71365356445312,-0.00023085204884409904,0.003710293211042881,-18.084787368774414
914,0.9149149060249329,84.78553009033203,-0.0002309434930793941,0.0037761859130114317,-18.327320098876953
915,0.9159159064292908,84.85746765136719,-0.00022628024453297257,0.002864084905013442,-14.301779747009277
916,0.9169169068336487,84.92947387695312,-0.00022953961160965264,0.003153317142277956,-15.543304443359375
917,0.9179179072380066,85.00153350830078,-0.00023404572857543826,0.0036262108478695154,-17.56155014038086
918,0.9189189076423645,85.07366180419922,-0.00023883813992142677,0.004741033539175987,-22.31399917602539
919,0.9199199080467224,85.1458511352539,-0.00023900970700196922,0.004084483254700899,-19.664270401000977
920,0.9209209084510803,85.21809387207031,-0.0002407896681688726,0.004669483285397291,-22.241422653198242
921,0.9219219088554382,85.29039764404297,-0.00024160105385817587,0.005188502836972475,-24.54069709777832
922,0.9229229092597961,85.3627700805664,-0.00024120620219036937,0.006178997922688723,-28.764678955078125
923,0.923923909664154,85.43519592285156,-0.00024134473642334342,0.006358390673995018,-29.60372543334961
924,0.924924910068512,85.50769805908203,-0.0002402760583208874,0.006859694607555866,-31.78380012512207
925,0.9259259104728699,85.58024597167969,-0.00023926995345391333,0.005748167634010315,-27.21043586730957
926,0.9269269108772278,85.6528549194336,-0.00023865884577389807,0.00653537642210722,-30.516098022460938
927,0.9279279112815857,85.72554779052734,-0.00023639691062271595,0.005519257392734289,-26.21966552734375
928,0.9289289116859436,85.79827880859375,-0.00023253113613463938,0.0043644979596138,-21.23723793029785
929,0.9299299120903015,85.87108612060547,-0.00023210198560263962,0.004225209821015596,-20.545873641967773
930,0.9309309124946594,85.9439468383789,-0.0002292152785230428,0.003353635547682643,-16.704444885253906
931,0.9319319128990173,86.01686096191406,-0.00022636851645074785,0.002634798176586628,-13.510824203491211
932,0.9329329133033752,86.08985137939453,-0.000225785217480734,0.0025976919569075108,-13.32828426361084
933,0.9339339137077332,86.16289520263672,-0.00022555649047717452,0.0027091263327747583,-13.790377616882324
934,0.9349349141120911,86.23600769042969,-0.00022609853476751596,0.0032008502166718245,-15.963530540466309
935,0.935935914516449,86.3091812133789,-0.0002245815412607044,0.0031030168756842613,-15.597027778625488
936,0.9369369149208069,86.38240814208984,-0.00022427842486649752,0.003430489916354418,-17.116920471191406
937,0.9379379153251648,86.45570373535156,-0.00022607520804740489,0.004559934139251709,-22.197172164916992
938,0.9389389157295227,86.52906799316406,-0.00022328428167384118,0.0037740161642432213,-18.79723358154297
939,0.9399399161338806,86.60248565673828,-0.00022159356740303338,0.003443940542638302,-17.398910522460938
940,0.9409409165382385,86.67597198486328,-0.00021964100596960634,0.002782813971862197,-14.457520484924316
941,0.9419419169425964,86.74951171875,-0.00021787991863675416,0.0017586478497833014,-9.801796913146973
942,0.9429429173469543,86.82312774658203,-0.0002180489245802164,0.0013551859883591533,-7.939179420471191
943,0.9439439177513123,86.89679718017578,-0.0002189512160839513,0.0019180127419531345,-10.497791290283203
944,0.9449449181556702,86.97053527832031,-0.00021986108913552016,0.0021987026557326317,-11.814845085144043
945,0.9459459185600281,87.04431915283203,-0.00022176114725880325,0.002760772593319416,-14.450241088867188
946,0.946946918964386,87.11817932128906,-0.00022379116853699088,0.0031228181906044483,-16.17292022705078
947,0.9479479193687439,87.19210052490234,-0.00022463087225332856,0.0030960238073021173,-16.142112731933594
948,0.9489489793777466,87.2660903930664,-0.0002209043741459027,0.002361138816922903,-12.970730781555176
949,0.9499499797821045,87.34013366699219,-0.00021912646479904652,0.002193634631112218,-12.331607818603516
950,0.9509509801864624,87.41423797607422,-0.0002251270052511245,0.0031247115693986416,-16.656845092773438
951,0.9519519805908203,87.48841094970703,-0.0002209121739724651,0.0026986226439476013,-14.807920455932617
952,0.9529529809951782,87.56263732910156,-0.0002103572041960433,0.0013136457419022918,-8.354869842529297
953,0.9539539813995361,87.6369400024414,-0.00020809350826311857,-8.778028859524056e-05,-1.5230995416641235
954,0.954954981803894,87.71129608154297,-0.00020795714226551354,-0.0003238515346311033,-0.24831175804138184
955,0.955955982208252,87.78572845458984,-0.00020695132843684405,0.00036235543666407466,-3.464918613433838
956,0.9569569826126099,87.86021423339844,-0.00020632753148674965,0.00026423417148180306,-2.907778739929199
957,0.9579579830169678,87.93476104736328,-0.0002057230449281633,0.000573854660615325,-4.339905738830566
958,0.9589589834213257,88.0093765258789,-0.00020540837431326509,0.0011244998313486576,-6.978775978088379
959,0.9599599838256836,88.08405303955078,-0.0002047572925221175,0.0015067144995555282,-8.856404304504395
960,0.9609609842300415,88.1587905883789,-0.00020218266581650823,0.0014965262962505221,-8.902572631835938
961,0.9619619846343994,88.23359680175781,-0.00020048677106387913,0.0016507224645465612,-9.852707862854004
962,0.9629629850387573,88.30846405029297,-0.0001984021218959242,0.0015804761787876487,-9.716073989868164
963,0.9639639854431152,88.38339233398438,-0.0001966414856724441,0.0013494589366018772,-8.708661079406738
964,0.9649649858474731,88.45838165283203,-0.00019634395721368492,0.0011404469842091203,-7.751590728759766
965,0.965965986251831,88.53343963623047,-0.00019679713295772672,0.000866632501129061,-6.437352180480957
966,0.966966986656189,88.60856628417969,-0.00019785786571446806,0.0005869728047400713,-5.04896354675293
967,0.9679679870605469,88.68374633789062,-0.000200971175218001,0.0008042518165893853,-6.158320903778076
968,0.9689689874649048,88.75899505615234,-0.00020309421233832836,0.0007047478575259447,-5.6576642990112305
969,0.9699699878692627,88.83431243896484,-0.00020377196779008955,0.00028655858477577567,-3.616173505783081
970,0.9709709882736206,88.90968322753906,-0.00020589631458278745,0.00035752946860156953,-3.9515461921691895
971,0.9719719886779785,88.98513793945312,-0.00020586515893228352,0.00010941573418676853,-2.7222471237182617
972,0.9729729890823364,89.06063842773438,-0.00020690391829703003,0.0003331201442051679,-3.739776372909546
973,0.9739739894866943,89.13619995117188,-0.00020928579033352435,0.0011001327075064182,-7.333776473999023
974,0.9749749898910522,89.21183776855469,-0.00020661299640778452,0.0006354654324240983,-4.998378276824951
975,0.9759759902954102,89.28753662109375,-0.0002070908376481384,0.001176657504402101,-7.566287994384766
976,0.9769769906997681,89.36328887939453,-0.0002132340450771153,0.0027412748895585537,-15.000906944274902
977,0.977977991104126,89.43911743164062,-0.00021321064559742808,0.0025658318772912025,-14.210132598876953
978,0.9789789915084839,89.5150146484375,-0.00021686890977434814,0.0033982773311436176,-18.11638832092285
979,0.9799799919128418,89.59095764160156,-0.00021774769993498921,0.0034557837061583996,-18.462509155273438
980,0.9809809923171997,89.66697692871094,-0.00021845262381248176,0.0034966678358614445,-18.713531494140625
981,0.9819819927215576,89.7430648803711,-0.00021731259766966105,0.003219058271497488,-17.464818954467773
982,0.9829829931259155,89.81920623779297,-0.00021475838730111718,0.0029589144978672266,-16.298904418945312
983,0.9839839935302734,89.89541625976562,-0.000215936015592888,0.0035078071523457766,-18.86582374572754
984,0.9849849939346313,89.97168731689453,-0.00021381222177296877,0.003410176606848836,-18.425582885742188
985,0.9859859943389893,90.04803466796875,-0.0002131594519596547,0.0036134738475084305,-19.37796401977539
986,0.9869869947433472,90.12445068359375,-0.00021624972578138113,0.004630654584616423,-24.158573150634766
987,0.9879879951477051,90.20091247558594,-0.0002162042655982077,0.005051285028457642,-26.17731285095215
988,0.988988995552063,90.27745819091797,-0.0002152461966034025,0.005178031977266073,-26.869895935058594
989,0.9899899959564209,90.35404968261719,-0.00021114513219799846,0.004281154368072748,-22.797161102294922
990,0.9909909963607788,90.43071746826172,-0.0002054603537544608,0.0034213431645184755,-18.79043197631836
991,0.9919919967651367,90.5074462890625,-0.00020053336629644036,0.0028449788223952055,-16.042448043823242
992,0.9929929971694946,90.58423614501953,-0.0002023216220550239,0.003187175840139389,-17.876495361328125
993,0.9939939975738525,90.6611099243164,-0.0002086231397697702,0.004039577674120665,-22.230762481689453
994,0.9949949979782104,90.73802947998047,-0.0002130184875568375,0.004622906446456909,-25.163650512695312
995,0.9959959983825684,90.81501770019531,-0.0002093869261443615,0.0037954344879835844,-21.37800407409668
996,0.9969969987869263,90.89208221435547,-0.000209579971851781,0.003643893403932452,-20.715526580810547
997,0.9979979991912842,90.96920013427734,-0.00021079316502436996,0.0036132598761469126,-20.596860885620117
998,0.9989989995956421,91.04638671875,-0.00021440006094053388,0.003951705526560545,-22.165021896362305
999,1.0,91.12364959716797,-0.00021248130360618234,0.0036550359800457954,-20.74901008605957
