index,timestep,Diffusion_Coeff,Divergence,score,pos
0,0.0,39.05299377441406,-0.012901592999696732,0.062492549419403076,-34.473785400390625
1,0.0010010009864345193,39.08612823486328,-0.012980451807379723,0.06018838286399841,-34.42959213256836
2,0.0020020019728690386,39.11929702758789,-0.013668747618794441,0.03214818239212036,-32.396728515625
3,0.0030030030757188797,39.15248489379883,-0.013125365599989891,0.054015081375837326,-34.05337905883789
4,0.004004003945738077,39.185707092285156,-0.012542329728603363,0.079276442527771,-35.9790153503418
5,0.005005004815757275,39.218955993652344,-0.01224509347230196,0.09343297779560089,-37.07364273071289
6,0.006006006151437759,39.25223159790039,-0.012199940159916878,0.09648527950048447,-37.267730712890625
7,0.007007007021456957,39.28553771972656,-0.012757421471178532,0.0734943374991417,-35.37873077392578
8,0.008008007891476154,39.31887435913086,-0.01287815161049366,0.0681905448436737,-34.9625244140625
9,0.009009009227156639,39.352237701416016,-0.012473681941628456,0.0826098769903183,-36.166961669921875
10,0.01001000963151455,39.38562774658203,-0.01198185421526432,0.09938480705022812,-37.64375305175781
11,0.011011010967195034,39.41904830932617,-0.012321751564741135,0.07939041405916214,-36.11479949951172
12,0.012012012302875519,39.452491760253906,-0.012310517951846123,0.07366547733545303,-35.7584228515625
13,0.013013012707233429,39.48596954345703,-0.012147585861384869,0.07427926361560822,-35.91569519042969
14,0.014014014042913914,39.51947021484375,-0.012395588681101799,0.05652322992682457,-34.55302429199219
15,0.015015014447271824,39.55300521850586,-0.012459514662623405,0.04452932998538017,-33.643035888671875
16,0.01601601578295231,39.58656692504883,-0.012374677695333958,0.032503072172403336,-32.78281784057617
17,0.01701701618731022,39.620155334472656,-0.012021252885460854,0.03459365665912628,-33.06422805786133
18,0.018018018454313278,39.653770446777344,-0.011882607825100422,0.023048143833875656,-32.17650604248047
19,0.01901901885867119,39.68742370605469,-0.011640792712569237,0.022277897223830223,-32.1830940246582
20,0.0200200192630291,39.721092224121094,-0.01142413541674614,0.007186101283878088,-30.925926208496094
21,0.021021021530032158,39.754798889160156,-0.011141415685415268,-0.0014770054258406162,-30.169189453125
22,0.022022021934390068,39.78852844238281,-0.010938966646790504,-0.00023793280706740916,-30.277477264404297
23,0.023023022338747978,39.82229232788086,-0.01074619498103857,0.002806048607453704,-30.55428123474121
24,0.024024024605751038,39.8560791015625,-0.010594929568469524,0.010347419418394566,-31.266563415527344
25,0.025025025010108948,39.889896392822266,-0.010150529444217682,-0.003152590710669756,-29.94918441772461
26,0.026026025414466858,39.92374801635742,-0.009936216287314892,0.002596852835267782,-30.493431091308594
27,0.027027025818824768,39.95762252807617,-0.009486803784966469,-0.0025087546091526747,-29.945791244506836
28,0.028028028085827827,39.99152755737305,-0.009096143767237663,-0.0037886148784309626,-29.76997947692871
29,0.029029028490185738,40.02545928955078,-0.008379286155104637,-0.011187275871634483,-28.83670425415039
30,0.030030028894543648,40.05942153930664,-0.007435314357280731,-0.019459420815110207,-27.653894424438477
31,0.031031031161546707,40.093414306640625,-0.007022270932793617,-0.01987154223024845,-27.44304656982422
32,0.03203203156590462,40.1274299621582,-0.00607124250382185,-0.027550986036658287,-26.275318145751953
33,0.03303303197026253,40.16147994995117,-0.006629759445786476,-0.023110151290893555,-27.100534439086914
34,0.03403403237462044,40.195556640625,-0.006975520867854357,-0.02053278125822544,-27.612472534179688
35,0.03503503277897835,40.22966384887695,-0.006405034102499485,-0.026791296899318695,-26.79478645324707
36,0.036036036908626556,40.263797760009766,-0.007000175304710865,-0.02023588865995407,-27.842275619506836
37,0.03703703731298447,40.29795837402344,-0.005926958285272121,-0.029441552236676216,-26.439847946166992
38,0.03803803771734238,40.3321533203125,-0.005312330089509487,-0.03259434551000595,-25.79034996032715
39,0.03903903812170029,40.36637878417969,-0.005199791863560677,-0.03085348941385746,-25.894210815429688
40,0.0400400385260582,40.40062713623047,-0.0036590094678103924,-0.03744260594248772,-23.98264503479004
41,0.04104103893041611,40.434906005859375,-0.002054340671747923,-0.04028160125017166,-22.051162719726562
42,0.042042043060064316,40.469215393066406,-0.0021441655699163675,-0.036697227507829666,-22.357702255249023
43,0.043043043464422226,40.50355529785156,-0.0026864521205425262,-0.032163336873054504,-23.37392234802246
44,0.044044043868780136,40.53792190551758,-0.0015139032620936632,-0.034183286130428314,-21.803119659423828
45,0.045045044273138046,40.572322845458984,-0.0017742104828357697,-0.03297778218984604,-22.216842651367188
46,0.046046044677495956,40.606746673583984,-0.0027532700914889574,-0.02896103635430336,-23.80000877380371
47,0.04704704508185387,40.641197204589844,-0.0025783004239201546,-0.029324520379304886,-23.566875457763672
48,0.048048049211502075,40.67568588256836,-0.0008357999031431973,-0.033119671046733856,-21.18528175354004
49,0.049049049615859985,40.71019744873047,0.00020124911679886281,-0.03253020718693733,-20.22415542602539
50,0.050050050020217896,40.7447395324707,-0.00015062157763168216,-0.0312163345515728,-20.63875389099121
51,0.051051050424575806,40.77931213378906,-0.0009487359202466905,-0.02862096205353737,-21.75916290283203
52,0.052052050828933716,40.81391143798828,-0.0008738873875699937,-0.026842443272471428,-21.852535247802734
53,0.053053051233291626,40.84854507446289,0.00018429988995194435,-0.025719482451677322,-20.62250518798828
54,0.054054051637649536,40.88320541381836,-6.347781891236082e-05,-0.024293506518006325,-20.997098922729492
55,0.055055055767297745,40.91789627075195,0.001703318441286683,-0.021158797666430473,-18.911640167236328
56,0.056056056171655655,40.952613830566406,0.0016452795825898647,-0.019919879734516144,-18.857295989990234
57,0.057057056576013565,40.987361907958984,0.0026815379969775677,-0.016462646424770355,-17.607437133789062
58,0.058058056980371475,41.02214431762695,0.001573318848386407,-0.01816677302122116,-18.667118072509766
59,0.059059057384729385,41.056949615478516,0.0030852346681058407,-0.013417749665677547,-16.730846405029297
60,0.060060057789087296,41.0917854309082,0.002671805676072836,-0.013690058141946793,-16.787227630615234
61,0.061061061918735504,41.12665557861328,0.0009051993256434798,-0.0167783685028553,-18.646631240844727
62,0.062062062323093414,41.16154479980469,0.0004998614895157516,-0.016773484647274017,-19.025850296020508
63,0.06306306272745132,41.19647216796875,0.0001263676822418347,-0.01667325757443905,-19.535362243652344
64,0.06406406313180923,41.23143005371094,0.0013194889761507511,-0.014737891033291817,-17.14505386352539
65,0.06506506353616714,41.266414642333984,0.0010020871413871646,-0.014642354100942612,-17.47231101989746
66,0.06606606394052505,41.301429748535156,8.307173266075552e-05,-0.014890175312757492,-19.275182723999023
67,0.06706706434488297,41.33647537231445,-0.00039275307790376246,-0.013797405175864697,-20.535341262817383
68,0.06806806474924088,41.37154769897461,-0.0004707631596829742,-0.012516776099801064,-20.82654571533203
69,0.06906906515359879,41.406654357910156,-0.0001766491768648848,-0.01187822688370943,-20.018535614013672
70,0.0700700655579567,41.44178771972656,6.717193173244596e-05,-0.011088172905147076,-19.362682342529297
71,0.0710710734128952,41.476951599121094,0.000956666306592524,-0.009313047863543034,-17.184659957885742
72,0.07207207381725311,41.512142181396484,0.001508788438513875,-0.007337433751672506,-15.965087890625
73,0.07307307422161102,41.547367095947266,0.0017411799635738134,-0.006028817500919104,-15.393536567687988
74,0.07407407462596893,41.582618713378906,0.0020433906465768814,-0.004162996541708708,-14.545873641967773
75,0.07507507503032684,41.61790466308594,0.002302412874996662,-0.00011197494313819334,-12.795559883117676
76,0.07607607543468475,41.65321731567383,0.002306761685758829,-0.0019501689821481705,-13.649782180786133
77,0.07707707583904266,41.688560485839844,0.0017946427688002586,-0.005494514014571905,-15.383414268493652
78,0.07807807624340057,41.72393035888672,0.0011742752976715565,-0.0075455778278410435,-16.75914764404297
79,0.07907907664775848,41.75933074951172,-0.00021666663815267384,-0.008971821516752243,-20.312044143676758
80,0.0800800770521164,41.794769287109375,-0.0009304543491452932,-0.007431746926158667,-22.812896728515625
81,0.0810810774564743,41.830230712890625,-0.0012307356810197234,-0.006170796230435371,-23.824033737182617
82,0.08208207786083221,41.865726470947266,-0.0013601366663351655,-0.0054828207939863205,-24.242626190185547
83,0.08308307826519012,41.9012451171875,-0.0018608123064041138,-0.0028658858500421047,-25.773557662963867
84,0.08408408612012863,41.93680191040039,-0.0016110201831907034,-0.003986699040979147,-25.017780303955078
85,0.08508508652448654,41.97238540649414,-0.0017515039071440697,-0.0030765163246542215,-25.468114852905273
86,0.08608608692884445,42.00799560546875,-0.0012140097096562386,-0.005388226825743914,-23.74968910217285
87,0.08708708733320236,42.043643951416016,-0.0013829409144818783,-0.0041226050816476345,-24.41366195678711
88,0.08808808773756027,42.079315185546875,-0.0015000579878687859,-0.0028520608320832253,-24.89781951904297
89,0.08908908814191818,42.115020751953125,-0.0018178783357143402,-0.00018146957154385746,-26.088211059570312
90,0.09009008854627609,42.1507568359375,-0.001699995482340455,-4.588302908814512e-05,-25.784271240234375
91,0.091091088950634,42.186519622802734,-0.0012503566686064005,-0.0020601109135895967,-24.015901565551758
92,0.09209208935499191,42.22231674194336,-0.001262902980670333,-0.0014730081893503666,-24.01397132873535
93,0.09309308975934982,42.258140563964844,-0.0009277308126911521,-0.002948617795482278,-22.200986862182617
94,0.09409409016370773,42.29399490356445,-0.0010477341711521149,-0.0019890028052031994,-22.782299041748047
95,0.09509509056806564,42.32988739013672,-0.0012619118206202984,-0.00044729624642059207,-23.87942886352539
96,0.09609609842300415,42.36580276489258,-0.0012519960291683674,-0.00038370382389985025,-23.80162811279297
97,0.09709709882736206,42.40175247192383,-0.0017136821988970041,0.003062907373532653,-26.074769973754883
98,0.09809809923171997,42.4377326965332,-0.0011459974339231849,-0.000939330318942666,-23.22100830078125
99,0.09909909963607788,42.473731994628906,-0.0009060927550308406,-0.0022375937551259995,-21.83070182800293
100,0.10010010004043579,42.5097770690918,-0.0009432112565264106,-0.001902375603094697,-22.06232452392578
101,0.1011011004447937,42.545841217041016,-0.0005263766506686807,-0.0037189170252531767,-19.49943733215332
102,0.10210210084915161,42.58195114135742,-0.00041095283813774586,-0.003979758359491825,-18.805377960205078
103,0.10310310125350952,42.618080139160156,-0.00011308700049994513,-0.004387540277093649,-17.057659149169922
104,0.10410410165786743,42.65423583984375,-0.0005911477492190897,-0.0033333247993141413,-19.873937606811523
105,0.10510510206222534,42.6904296875,-0.0007601977558806539,-0.0025537635665386915,-20.983003616333008
106,0.10610610246658325,42.726654052734375,-0.0004838215245399624,-0.0035998611710965633,-19.202112197875977
107,0.10710710287094116,42.762908935546875,-0.0007719354471191764,-0.002284378744661808,-21.077083587646484
108,0.10810810327529907,42.799190521240234,-0.0005406735581345856,-0.003170531475916505,-19.49371910095215
109,0.10910911113023758,42.83551025390625,-0.00039882282726466656,-0.0035374416038393974,-18.462203979492188
110,0.11011011153459549,42.871856689453125,-0.00017690953973215073,-0.003939948510378599,-16.732593536376953
111,0.1111111119389534,42.90822982788086,-0.0001669527991907671,-0.00392575329169631,-16.489763259887695
112,0.11211211234331131,42.94463348388672,2.0912681065965444e-05,-0.0039983270689845085,-14.213343620300293
113,0.11311311274766922,42.9810791015625,3.5542027035262436e-05,-0.003923382144421339,-13.08241081237793
114,0.11411411315202713,43.017547607421875,2.4048191335168667e-05,-0.003921294119209051,-13.410018920898438
115,0.11511511355638504,43.054054260253906,3.282735633547418e-06,-0.003931574523448944,-12.689362525939941
116,0.11611611396074295,43.090579986572266,-6.562265480170026e-05,-0.003918638918548822,-13.621742248535156
117,0.11711711436510086,43.127140045166016,-8.982096915133297e-05,-0.004061225801706314,-11.826386451721191
118,0.11811811476945877,43.16373825073242,-0.00017785734962671995,-0.004279265645891428,-10.573546409606934
119,0.11911911517381668,43.20035934448242,-0.00022520494530908763,-0.004411724861711264,-10.061018943786621
120,0.12012011557817459,43.23701477050781,-0.0001204748114105314,-0.004110757727175951,-11.964277267456055
121,0.1211211159825325,43.27370834350586,-0.00019582129607442766,-0.004267629701644182,-11.403510093688965
122,0.12212212383747101,43.3104248046875,-0.0003047270583920181,-0.004537998232990503,-10.780580520629883
123,0.12312312424182892,43.34716796875,-0.0005352238076739013,-0.005680285859853029,-8.465521812438965
124,0.12412412464618683,43.38395309448242,-0.0004090846050530672,-0.004740092437714338,-10.732221603393555
125,0.12512512505054474,43.42076110839844,-0.0004686368629336357,-0.004985548090189695,-10.357194900512695
126,0.12612612545490265,43.45760726928711,-0.00042781158117577434,-0.004535435698926449,-11.493566513061523
127,0.12712712585926056,43.494476318359375,-0.0005002503166906536,-0.0050698514096438885,-10.46883487701416
128,0.12812812626361847,43.5313835144043,-0.0005533418152481318,-0.005598138552159071,-9.585959434509277
129,0.12912912666797638,43.56832504272461,-0.00053980085067451,-0.0055206152610480785,-9.793235778808594
130,0.1301301270723343,43.605289459228516,-0.000405880477046594,-0.004318628925830126,-12.41462516784668
131,0.1311311274766922,43.64228820800781,-0.00039446819573640823,-0.003788931295275688,-13.8063325881958
132,0.1321321278810501,43.679317474365234,-0.00046940293395891786,-0.0031348143238574266,-15.32893180847168
133,0.13313312828540802,43.71638107299805,-0.0006677237688563764,-0.001807176973670721,-17.586360931396484
134,0.13413412868976593,43.753475189208984,-0.0006967581575736403,-0.0016008032253012061,-17.78547477722168
135,0.13513512909412384,43.79059600830078,-0.0008536007953807712,6.76705303703784e-06,-19.569238662719727
136,0.13613612949848175,43.827762603759766,-0.0008337360341101885,-0.000155243746121414,-19.118793487548828
137,0.13713712990283966,43.86494445800781,-0.0007632812485098839,-0.0008760901400819421,-18.02425193786621
138,0.13813813030719757,43.902164459228516,-0.0007472668075934052,-0.0009918850846588612,-17.788068771362305
139,0.13913913071155548,43.93941879272461,-0.0008640767773613334,0.0003245584957767278,-19.363727569580078
140,0.1401401311159134,43.9766960144043,-0.0008600775036029518,0.0002264050708618015,-19.20868682861328
141,0.1411411464214325,44.014015197753906,-0.0009079264127649367,0.0007846358930692077,-19.763011932373047
142,0.1421421468257904,44.051361083984375,-0.0009168548858724535,0.00086623226525262,-19.707046508789062
143,0.14314314723014832,44.08873748779297,-0.0008653063559904695,0.00017572091019246727,-18.70880126953125
144,0.14414414763450623,44.12614822387695,-0.0009063109755516052,0.0007071165600791574,-19.133649826049805
145,0.14514514803886414,44.1635856628418,-0.0010438004974275827,0.002852607285603881,-21.178632736206055
146,0.14614614844322205,44.20106506347656,-0.0010040047345682979,0.0023102927953004837,-20.490280151367188
147,0.14714714884757996,44.238563537597656,-0.0011143010342493653,0.004341949708759785,-22.323230743408203
148,0.14814814925193787,44.27610778808594,-0.0009757590014487505,0.001991234254091978,-20.074729919433594
149,0.14914914965629578,44.31366729736328,-0.0009520109160803258,0.0015679114731028676,-19.74757194519043
150,0.1501501500606537,44.35126876831055,-0.0010673666838556528,0.003545499173924327,-21.832698822021484
151,0.1511511504650116,44.38890075683594,-0.0009507366339676082,0.001424192450940609,-19.857418060302734
152,0.1521521508693695,44.426570892333984,-0.0008711529080756009,2.911251795012504e-05,-18.446470260620117
153,0.15315315127372742,44.464263916015625,-0.0009489731746725738,0.0012106937356293201,-19.82491111755371
154,0.15415415167808533,44.50199508666992,-0.0009967877995222807,0.002004674868658185,-20.65524673461914
155,0.15515515208244324,44.53975296020508,-0.0009542749030515552,0.0012834409717470407,-19.79460334777832
156,0.15615615248680115,44.57754898071289,-0.0009752069017849863,0.0017410884611308575,-20.049678802490234
157,0.15715715289115906,44.6153678894043,-0.0010492998408153653,0.0033121227752417326,-21.33251953125
158,0.15815815329551697,44.653228759765625,-0.0011581291910260916,0.005669622682034969,-23.232786178588867
159,0.15915915369987488,44.69111251831055,-0.0011385054094716907,0.005459683481603861,-22.881078720092773
160,0.1601601541042328,44.72903823852539,-0.001169017981737852,0.006226413883268833,-23.410968780517578
161,0.1611611545085907,44.76698684692383,-0.001180474180728197,0.006526478100568056,-23.629972457885742
162,0.1621621549129486,44.804969787597656,-0.0011280335020273924,0.005485793109983206,-22.746662139892578
163,0.16316315531730652,44.842987060546875,-0.0010542419040575624,0.003959674388170242,-21.42828369140625
164,0.16416415572166443,44.88103485107422,-0.001198644400574267,0.006774747744202614,-23.952022552490234
165,0.16516515612602234,44.91912078857422,-0.0011112660868093371,0.005085998680442572,-22.412729263305664
166,0.16616615653038025,44.95723342895508,-0.0012438826961442828,0.007991772145032883,-24.7469482421875
167,0.16716717183589935,44.99538040161133,-0.001266715582460165,0.008726445958018303,-25.22690773010254
168,0.16816817224025726,45.03356170654297,-0.0012054593535140157,0.007561654318124056,-24.219221115112305
169,0.16916917264461517,45.071773529052734,-0.0011632053647190332,0.0066073378548026085,-23.422216415405273
170,0.17017017304897308,45.110015869140625,-0.0011248141527175903,0.005540060810744762,-22.551759719848633
171,0.171171173453331,45.14828872680664,-0.0011709844693541527,0.006356030702590942,-23.351242065429688
172,0.1721721738576889,45.18659973144531,-0.00111356598790735,0.00468905083835125,-22.009552001953125
173,0.17317317426204681,45.22494125366211,-0.0010640048421919346,0.003263642778620124,-20.7945499420166
174,0.17417417466640472,45.2633171081543,-0.0009788775350898504,0.0011439807713031769,-18.766782760620117
175,0.17517517507076263,45.30172348022461,-0.0010063692461699247,0.0016483364161103964,-19.225780487060547
176,0.17617617547512054,45.34016036987305,-0.0009916252456605434,0.001359222107566893,-18.776260375976562
177,0.17717717587947845,45.37863540649414,-0.0010007054079324007,0.0017282627522945404,-18.937686920166016
178,0.17817817628383636,45.41713333129883,-0.000961656216531992,0.0009104371420107782,-17.954374313354492
179,0.17917917668819427,45.45567321777344,-0.000845114525873214,-0.0015087132342159748,-15.244379043579102
180,0.18018017709255219,45.49424362182617,-0.000929436064325273,0.00033556786365807056,-17.319149017333984
181,0.1811811774969101,45.53284454345703,-0.0009266367414966226,0.0004269767669029534,-17.420019149780273
182,0.182182177901268,45.571475982666016,-0.0009383587166666985,0.0009600789053365588,-17.99344253540039
183,0.18318317830562592,45.610145568847656,-0.0009074123809114099,0.0005036837537772954,-17.44316864013672
184,0.18418417870998383,45.64884567260742,-0.0009460060391575098,0.001692442805506289,-18.60091781616211
185,0.18518517911434174,45.68758010864258,-0.001035383902490139,0.004623111803084612,-21.39514923095703
186,0.18618617951869965,45.726348876953125,-0.00104869669303298,0.005361943040043116,-21.910587310791016
187,0.18718717992305756,45.76514434814453,-0.0010835437569767237,0.0067968363873660564,-23.022348403930664
188,0.18818818032741547,45.803977966308594,-0.0010121960658580065,0.00470557389780879,-20.76520347595215
189,0.18918918073177338,45.84284210205078,-0.0009988119127228856,0.004414680413901806,-20.227886199951172
190,0.1901901811361313,45.881744384765625,-0.0009621338685974479,0.003227971261367202,-18.799680709838867
191,0.1911911815404892,45.92066955566406,-0.000904727028682828,0.0015439013950526714,-16.929723739624023
192,0.1921921968460083,45.95963668823242,-0.0008782639633864164,0.00094241788610816,-16.318695068359375
193,0.1931931972503662,45.99863052368164,-0.0008922100532799959,0.0013018466997891665,-16.875595092773438
194,0.19419419765472412,46.037662506103516,-0.0009134226129390299,0.001789220841601491,-17.594663619995117
195,0.19519519805908203,46.07672882080078,-0.0009049858781509101,0.0015758288791403174,-17.562095642089844
196,0.19619619846343994,46.115821838378906,-0.0008503714925609529,0.00043911513057537377,-16.43278694152832
197,0.19719719886779785,46.15495300292969,-0.0008308180840685964,7.044963422231376e-05,-16.1145076751709
198,0.19819819927215576,46.194114685058594,-0.0008905094582587481,0.0011296534212306142,-17.41377067565918
199,0.19919919967651367,46.23331069946289,-0.0010227445745840669,0.004621071740984917,-21.028059005737305
200,0.20020020008087158,46.27254104614258,-0.0010686579626053572,0.006167700979858637,-22.51803970336914
201,0.2012012004852295,46.31180191040039,-0.000986282480880618,0.0037617068737745285,-20.13794708251953
202,0.2022022008895874,46.35110092163086,-0.0010203312849625945,0.005116102751344442,-21.410587310791016
203,0.2032032012939453,46.39043045043945,-0.0010650811018422246,0.0070313806645572186,-23.219913482666016
204,0.20420420169830322,46.42979049682617,-0.0010112824384123087,0.005340289324522018,-21.57676887512207
205,0.20520520210266113,46.46918487548828,-0.0010212910128757358,0.005797801073640585,-22.072967529296875
206,0.20620620250701904,46.50861740112305,-0.0010680780978873372,0.007553610019385815,-23.8427677154541
207,0.20720720291137695,46.54807662963867,-0.001069601159542799,0.007466692011803389,-23.843002319335938
208,0.20820820331573486,46.58757400512695,-0.0010668006725609303,0.00729075912386179,-23.674182891845703
209,0.20920920372009277,46.62710189819336,-0.001033310778439045,0.006035313010215759,-22.328866958618164
210,0.21021020412445068,46.666664123535156,-0.0010329592041671276,0.006102642510086298,-22.175935745239258
211,0.2112112045288086,46.706260681152344,-0.0010177877265959978,0.005559248849749565,-21.37772560119629
212,0.2122122049331665,46.74589157104492,-0.0010319394059479237,0.006429291795939207,-21.92032241821289
213,0.21321320533752441,46.78555679321289,-0.0010792191606014967,0.009055441245436668,-24.124128341674805
214,0.21421420574188232,46.825252532958984,-0.0011031345929950476,0.010534591972827911,-25.284284591674805
215,0.21521520614624023,46.864990234375,-0.0010530836880207062,0.008659672923386097,-23.4710636138916
216,0.21621620655059814,46.90475082397461,-0.00104760960675776,0.00865982472896576,-23.5062198638916
217,0.21721720695495605,46.94455337524414,-0.001077817054465413,0.010135769844055176,-25.029523849487305
218,0.21821822226047516,46.98438262939453,-0.0011207468342036009,0.011866052635014057,-26.752243041992188
219,0.21921922266483307,47.024253845214844,-0.0011092161294072866,0.01102977804839611,-26.169151306152344
220,0.22022022306919098,47.064151763916016,-0.0010812142863869667,0.009808850474655628,-25.125795364379883
221,0.2212212234735489,47.104087829589844,-0.001078999601304531,0.0097794309258461,-25.077951431274414
222,0.2222222238779068,47.14405059814453,-0.0011194068938493729,0.01169117446988821,-26.754045486450195
223,0.2232232242822647,47.18405532836914,-0.001125948503613472,0.012023855932056904,-27.001684188842773
224,0.22422422468662262,47.22409439086914,-0.0011126544559374452,0.011442132294178009,-26.460933685302734
225,0.22522522509098053,47.264163970947266,-0.001154645113274455,0.01332387700676918,-28.120229721069336
226,0.22622622549533844,47.304264068603516,-0.0011435439810156822,0.012969006784260273,-27.833948135375977
227,0.22722722589969635,47.34440231323242,-0.0010910971323028207,0.010937850922346115,-26.04334831237793
228,0.22822822630405426,47.384578704833984,-0.0010659124236553907,0.01007592212408781,-25.250102996826172
229,0.22922922670841217,47.424781799316406,-0.0010556881316006184,0.009873262606561184,-25.068349838256836
230,0.23023022711277008,47.465023040771484,-0.0010967114940285683,0.01200436893850565,-27.050880432128906
231,0.231231227517128,47.50529479980469,-0.0011512743076309562,0.014677369967103004,-29.41157341003418
232,0.2322322279214859,47.54560470581055,-0.0011486136354506016,0.01516801118850708,-29.825796127319336
233,0.2332332283258438,47.58594512939453,-0.0011327648535370827,0.015045898966491222,-29.706396102905273
234,0.23423422873020172,47.62632369995117,-0.0011096063535660505,0.014566721394658089,-29.25299072265625
235,0.23523522913455963,47.6667366027832,-0.0010276248212903738,0.011357019655406475,-26.170976638793945
236,0.23623622953891754,47.707176208496094,-0.0010530849685892463,0.012876851484179497,-27.546945571899414
237,0.23723722994327545,47.74766540527344,-0.0010585876880213618,0.013194319792091846,-27.806625366210938
238,0.23823823034763336,47.788177490234375,-0.0010796203278005123,0.014084184542298317,-28.631914138793945
239,0.23923923075199127,47.8287239074707,-0.0010797686409205198,0.014088498428463936,-28.648372650146484
240,0.24024023115634918,47.86930847167969,-0.0011131049832329154,0.015727002173662186,-30.204092025756836
241,0.2412412315607071,47.9099235534668,-0.0011160095455124974,0.016168911010026932,-30.683454513549805
242,0.242242231965065,47.95058059692383,-0.0011337785981595516,0.017184048891067505,-31.669870376586914
243,0.2432432323694229,47.99126052856445,-0.001154608093202114,0.01824823021888733,-32.6362190246582
244,0.24424424767494202,48.031982421875,-0.0011011587921530008,0.01619657129049301,-30.803417205810547
245,0.24524524807929993,48.07273864746094,-0.00115212332457304,0.01845557428896427,-32.78905487060547
246,0.24624624848365784,48.113529205322266,-0.001155078993178904,0.0189030971378088,-33.171539306640625
247,0.24724724888801575,48.154354095458984,-0.0011686659418046474,0.01984231360256672,-33.992774963378906
248,0.24824824929237366,48.19520950317383,-0.0012171382550150156,0.02214263379573822,-35.959251403808594
249,0.24924924969673157,48.236106872558594,-0.0011596586555242538,0.019740348681807518,-34.00398254394531
250,0.2502502501010895,48.277034759521484,-0.001195645658299327,0.0210000891238451,-35.126007080078125
251,0.2512512505054474,48.317996978759766,-0.0012530121020972729,0.023078057914972305,-36.81953430175781
252,0.2522522509098053,48.35899353027344,-0.0012896298430860043,0.02460705116391182,-37.98352813720703
253,0.2532532513141632,48.40003204345703,-0.0013098081108182669,0.025829792022705078,-38.918922424316406
254,0.2542542517185211,48.44109344482422,-0.001276829862035811,0.024428658187389374,-37.86210250854492
255,0.25525525212287903,48.48219680786133,-0.0012615586165338755,0.02386632189154625,-37.479286193847656
256,0.25625625252723694,48.52333450317383,-0.0012219541240483522,0.022188806906342506,-36.2303352355957
257,0.25725725293159485,48.564510345458984,-0.0011936207301914692,0.02107192389667034,-35.426124572753906
258,0.25825825333595276,48.605712890625,-0.001173283439129591,0.02057565748691559,-35.13111114501953
259,0.25925925374031067,48.64695739746094,-0.0011909704189747572,0.021864309906959534,-36.306846618652344
260,0.2602602541446686,48.688236236572266,-0.0011833012104034424,0.02191588468849659,-36.385433197021484
261,0.2612612545490265,48.729549407958984,-0.0011907541193068027,0.022485654801130295,-36.874671936035156
262,0.2622622549533844,48.770896911621094,-0.0011360119096934795,0.020240120589733124,-34.96456527709961
263,0.2632632553577423,48.812278747558594,-0.0010800412856042385,0.01802506111562252,-32.9954948425293
264,0.2642642557621002,48.85369110107422,-0.0010201127734035254,0.015398244373500347,-30.496097564697266
265,0.26526525616645813,48.895145416259766,-0.0009943344630300999,0.01422890555113554,-29.309932708740234
266,0.26626625657081604,48.93663787841797,-0.0009600004996173084,0.012492856942117214,-27.46128273010254
267,0.26726725697517395,48.97815704345703,-0.0009589198161847889,0.012726740911602974,-27.593631744384766
268,0.26826825737953186,49.01971435546875,-0.000968084903433919,0.01359421107918024,-28.41780662536621
269,0.26926925778388977,49.061309814453125,-0.000936760799959302,0.012235945090651512,-26.931320190429688
270,0.2702702581882477,49.10293960571289,-0.0009041270241141319,0.010570069774985313,-25.082759857177734
271,0.2712712585926056,49.14460754394531,-0.0008958370890468359,0.010620157234370708,-25.0960750579834
272,0.2722722589969635,49.18630599975586,-0.000910780974663794,0.012333220802247524,-26.9288272857666
273,0.2732732594013214,49.2280387878418,-0.0009209889685735106,0.013260994106531143,-27.87845230102539
274,0.2742742598056793,49.26980972290039,-0.0008858781075105071,0.010683936066925526,-24.96105194091797
275,0.27527526021003723,49.31161880493164,-0.0008749705739319324,0.009683202020823956,-23.775928497314453
276,0.27627626061439514,49.35345458984375,-0.0008637577993795276,0.008624117821455002,-22.521574020385742
277,0.27727726101875305,49.39533233642578,-0.000861241074744612,0.0082706855610013,-22.111968994140625
278,0.27827826142311096,49.4372444152832,-0.0008800295181572437,0.009606307372450829,-23.68514060974121
279,0.27927926182746887,49.479190826416016,-0.0009078057482838631,0.011600932106375694,-26.03544044494629
280,0.2802802622318268,49.52117156982422,-0.0009162746137008071,0.012095694430172443,-26.719648361206055
281,0.2812812626361847,49.56319046020508,-0.0008819312788546085,0.009693821892142296,-24.222963333129883
282,0.282282292842865,49.60525131225586,-0.0008681779727339745,0.008873136714100838,-23.44305992126465
283,0.2832832932472229,49.6473388671875,-0.0008784857345744967,0.00982279796153307,-24.657865524291992
284,0.2842842936515808,49.6894645690918,-0.0009056213311851025,0.011631486006081104,-26.764310836791992
285,0.2852852940559387,49.73162841796875,-0.0009058795403689146,0.011838652193546295,-27.04062271118164
286,0.28628629446029663,49.77382278442383,-0.0009192999568767846,0.012828543782234192,-28.145034790039062
287,0.28728729486465454,49.81605911254883,-0.0009171218844130635,0.012915966100990772,-28.253875732421875
288,0.28828829526901245,49.85832595825195,-0.0009155831066891551,0.013048898428678513,-28.404325485229492
289,0.28928929567337036,49.900630950927734,-0.0009011501679196954,0.012566603720188141,-27.87494659423828
290,0.29029029607772827,49.94297409057617,-0.0008828139398247004,0.011830072849988937,-27.015064239501953
291,0.2912912964820862,49.985355377197266,-0.0008884703274816275,0.012617016211152077,-27.825538635253906
292,0.2922922968864441,50.02776336669922,-0.000909290392883122,0.014474849216639996,-29.84117889404297
293,0.293293297290802,50.07020950317383,-0.0008897336665540934,0.01370089128613472,-28.950477600097656
294,0.2942942976951599,50.11269760131836,-0.0008718863246031106,0.012872415594756603,-27.999818801879883
295,0.2952952980995178,50.155216217041016,-0.0008782764198258519,0.013655351474881172,-28.934612274169922
296,0.29629629850387573,50.197776794433594,-0.0009020649595186114,0.01539432443678379,-30.98451042175293
297,0.29729729890823364,50.2403678894043,-0.0008724891813471913,0.013918827287852764,-29.40106773376465
298,0.29829829931259155,50.282997131347656,-0.000866086920723319,0.01379908062517643,-29.28548240661621
299,0.29929929971694946,50.32566452026367,-0.0008232274558395147,0.011268621310591698,-26.257984161376953
300,0.3003003001213074,50.36836242675781,-0.0008207748178392649,0.011274528689682484,-26.15180778503418
301,0.3013013005256653,50.41109848022461,-0.0008139475248754025,0.01076371967792511,-25.373992919921875
302,0.3023023009300232,50.45387649536133,-0.0008285093354061246,0.011800122447311878,-26.496143341064453
303,0.3033033013343811,50.49668502807617,-0.0008281796472147107,0.011392788030207157,-25.889179229736328
304,0.304304301738739,50.53953552246094,-0.0008293654536828399,0.011216837912797928,-25.616792678833008
305,0.3053053021430969,50.58241653442383,-0.0008257119916379452,0.010456345044076443,-24.653276443481445
306,0.30630630254745483,50.625335693359375,-0.0008043875568546355,0.007832875475287437,-21.44806671142578
307,0.30730730295181274,50.66829299926758,-0.0007962009403854609,0.006608698517084122,-19.99391746520996
308,0.30830830335617065,50.71128463745117,-0.0007856748416088521,0.00554467411711812,-18.72499656677246
309,0.30930930376052856,50.754310607910156,-0.0007784521440044045,0.0051576439291238785,-18.251384735107422
310,0.3103103041648865,50.79737854003906,-0.000762175302952528,0.004490499850362539,-17.358747482299805
311,0.3113113045692444,50.840476989746094,-0.0007436397718265653,0.0038383621722459793,-16.415508270263672
312,0.3123123049736023,50.88361358642578,-0.0007389824604615569,0.003971387632191181,-16.545015335083008
313,0.3133133053779602,50.92679214477539,-0.0007406908553093672,0.0043647740967571735,-17.09630584716797
314,0.3143143057823181,50.97000503540039,-0.0007659004768356681,0.006665115710347891,-20.213592529296875
315,0.315315306186676,51.01325225830078,-0.000738626578822732,0.004751468542963266,-17.730775833129883
316,0.31631630659103394,51.056541442871094,-0.0007212997879832983,0.003631328232586384,-16.252822875976562
317,0.31731730699539185,51.099857330322266,-0.0007519207429140806,0.0059531070291996,-19.439292907714844
318,0.31831830739974976,51.14321517944336,-0.0007291539805009961,0.0038545543793588877,-16.638729095458984
319,0.31931930780410767,51.186614990234375,-0.0007460580673068762,0.004898322280496359,-18.114398956298828
320,0.3203203082084656,51.23004913330078,-0.0007486209506168962,0.004844813607633114,-18.102066040039062
321,0.3213213086128235,51.27351379394531,-0.0007450486882589757,0.0041399202309548855,-17.26309585571289
322,0.3223223090171814,51.317020416259766,-0.0007516993209719658,0.00425907364115119,-17.54506492614746
323,0.3233233094215393,51.36056137084961,-0.0007211122428998351,0.0020285772625356913,-14.602991104125977
324,0.3243243098258972,51.40414047241211,-0.0007317356648854911,0.0028025999199599028,-15.683794975280762
325,0.3253253102302551,51.44776153564453,-0.0007273626979440451,0.002775460947304964,-15.630317687988281
326,0.32632631063461304,51.49141311645508,-0.0007078456110320985,0.001937689259648323,-14.403337478637695
327,0.32732731103897095,51.53510284423828,-0.0006899153813719749,0.0013643852435052395,-13.468135833740234
328,0.32832831144332886,51.578834533691406,-0.0006788835162296891,0.0011429295409470797,-13.011886596679688
329,0.32932931184768677,51.622596740722656,-0.0007092294981703162,0.002999419579282403,-15.546640396118164
330,0.3303303122520447,51.66639709472656,-0.0007377736619673669,0.006032824050635099,-19.62349510192871
331,0.3313313126564026,51.71023941040039,-0.0007254489464685321,0.005247778259217739,-18.481454849243164
332,0.3323323130607605,51.754112243652344,-0.000721552933100611,0.005368203390389681,-18.608701705932617
333,0.3333333432674408,51.79802703857422,-0.0007182652479968965,0.005391581915318966,-18.634008407592773
334,0.3343343436717987,51.84197998046875,-0.000709204061422497,0.004637394566088915,-17.60565185546875
335,0.3353353440761566,51.88597106933594,-0.000703531492035836,0.004186001606285572,-16.95332145690918
336,0.3363363444805145,51.92999267578125,-0.0006543491035699844,0.0013635230716317892,-12.80713176727295
337,0.33733734488487244,51.974056243896484,-0.0006637251353822649,0.0017910287715494633,-13.428817749023438
338,0.33833834528923035,52.018157958984375,-0.000663383980281651,0.00183098204433918,-13.478053092956543
339,0.33933934569358826,52.06229782104492,-0.0005987902404740453,-5.961033093626611e-05,-10.488872528076172
340,0.34034034609794617,52.106468200683594,-0.0006552656413987279,0.0017379175405949354,-13.388467788696289
341,0.3413413465023041,52.15068054199219,-0.0006650326540693641,0.002255040453746915,-14.213683128356934
342,0.342342346906662,52.19493103027344,-0.0006537001463584602,0.001949261175468564,-13.783662796020508
343,0.3433433473110199,52.23921585083008,-0.0006618103943765163,0.002307554241269827,-14.355003356933594
344,0.3443443477153778,52.283546447753906,-0.0007025457452982664,0.00446045957505703,-17.517776489257812
345,0.3453453481197357,52.327911376953125,-0.000709798070602119,0.005197266116738319,-18.581613540649414
346,0.34634634852409363,52.372310638427734,-0.0007078539347276092,0.00534436572343111,-18.828689575195312
347,0.34734734892845154,52.416744232177734,-0.0007038185140118003,0.005293789319694042,-18.768489837646484
348,0.34834834933280945,52.46122360229492,-0.0006971618859097362,0.005119339097291231,-18.48088836669922
349,0.34934934973716736,52.505733489990234,-0.0007116278284229338,0.006613525561988354,-20.536258697509766
350,0.35035035014152527,52.55028533935547,-0.0007441004854626954,0.009637321345508099,-24.63754653930664
351,0.3513513505458832,52.594879150390625,-0.0007444920483976603,0.00991421565413475,-24.96391487121582
352,0.3523523509502411,52.639503479003906,-0.0007467967225238681,0.01036843005567789,-25.526247024536133
353,0.353353351354599,52.68416976928711,-0.000753356609493494,0.011045864783227444,-26.366228103637695
354,0.3543543517589569,52.72887420654297,-0.0007654600776731968,0.012223944999277592,-27.872432708740234
355,0.3553553521633148,52.77360916137695,-0.0007629984756931663,0.011835628189146519,-27.321701049804688
356,0.35635635256767273,52.81839370727539,-0.0007649170584045351,0.011515823192894459,-26.90166664123535
357,0.35735735297203064,52.86320495605469,-0.0007702459115535021,0.011384231969714165,-26.78759002685547
358,0.35835835337638855,52.90806198120117,-0.0007945845718495548,0.01328655332326889,-29.298002243041992
359,0.35935935378074646,52.95295333862305,-0.0007924953242763877,0.012560516595840454,-28.480205535888672
360,0.36036035418510437,52.99788284301758,-0.0008005602285265923,0.013096502982079983,-29.262874603271484
361,0.3613613545894623,53.0428581237793,-0.0008134169038385153,0.014248799532651901,-30.804275512695312
362,0.3623623549938202,53.087860107421875,-0.0008087490568868816,0.014019590802490711,-30.614078521728516
363,0.3633633553981781,53.13290786743164,-0.000806868658401072,0.014091713353991508,-30.776674270629883
364,0.364364355802536,53.1779899597168,-0.0007997947977855802,0.013864998705685139,-30.55484390258789
365,0.3653653562068939,53.223114013671875,-0.0008041784167289734,0.01470946054905653,-31.664981842041016
366,0.36636635661125183,53.268272399902344,-0.0007826330838724971,0.013663366436958313,-30.404762268066406
367,0.36736735701560974,53.31346893310547,-0.000769749574828893,0.013358374126255512,-30.03488540649414
368,0.36836835741996765,53.358707427978516,-0.0007913422305136919,0.015798060223460197,-33.17352294921875
369,0.36936935782432556,53.40398025512695,-0.0007917549810372293,0.0163519699126482,-33.85917282104492
370,0.37037035822868347,53.44929885864258,-0.000814949395135045,0.018801452592015266,-36.882328033447266
371,0.3713713586330414,53.49464797973633,-0.0008110324270091951,0.018708759918808937,-36.687557220458984
372,0.3723723590373993,53.5400390625,-0.0008145034080371261,0.019123241305351257,-37.09199523925781
373,0.3733733594417572,53.58546829223633,-0.0008145769825205207,0.01913025788962841,-36.97359085083008
374,0.3743743598461151,53.63093566894531,-0.0007959746289998293,0.017348727211356163,-34.63107681274414
375,0.375375360250473,53.67644500732422,-0.0007935214089229703,0.01725548319518566,-34.421714782714844
376,0.37637636065483093,53.721988677978516,-0.0007533886237069964,0.014396242797374725,-30.746139526367188
377,0.37737736105918884,53.76757049560547,-0.0007531128358095884,0.01482794713228941,-31.365432739257812
378,0.37837836146354675,53.813194274902344,-0.0007362730102613568,0.013790597207844257,-30.03037452697754
379,0.37937936186790466,53.858856201171875,-0.0007158071966841817,0.012702814303338528,-28.610488891601562
380,0.3803803622722626,53.9045524597168,-0.0007136105559766293,0.013280592858791351,-29.50422477722168
381,0.3813813626766205,53.950294494628906,-0.0007101850351318717,0.013827018439769745,-30.336654663085938
382,0.3823823630809784,53.996070861816406,-0.0006633575540035963,0.009968196041882038,-24.74131965637207
383,0.3833833634853363,54.04188919067383,-0.0006481932359747589,0.00851863157004118,-22.50670623779297
384,0.3843843936920166,54.08774185180664,-0.0006579938344657421,0.010135786607861519,-24.93344497680664
385,0.3853853940963745,54.133636474609375,-0.0006640229839831591,0.010941280983388424,-26.12564468383789
386,0.3863863945007324,54.1795654296875,-0.0006733858026564121,0.011779604479670525,-27.36281394958496
387,0.38738739490509033,54.22554016113281,-0.0006810742197558284,0.012392271310091019,-28.25723648071289
388,0.38838839530944824,54.271549224853516,-0.0006795093649998307,0.011959554627537727,-27.646249771118164
389,0.38938939571380615,54.317596435546875,-0.0007089257123880088,0.014228529296815395,-30.95090675354004
390,0.39039039611816406,54.363685607910156,-0.0007134639890864491,0.014005715027451515,-30.69934844970703
391,0.391391396522522,54.40981674194336,-0.0007209333125501871,0.01396122481673956,-30.71843910217285
392,0.3923923969268799,54.45597839355469,-0.0007350796367973089,0.014436652883887291,-31.447410583496094
393,0.3933933973312378,54.502193450927734,-0.0007374112028628588,0.014357509091496468,-31.423355102539062
394,0.3943943977355957,54.54843521118164,-0.0007240322302095592,0.013142143376171589,-29.844289779663086
395,0.3953953981399536,54.59471893310547,-0.0007423274219036102,0.014766349457204342,-32.16593933105469
396,0.3963963985443115,54.64104080200195,-0.0007490660063922405,0.015436630696058273,-33.157081604003906
397,0.39739739894866943,54.68740463256836,-0.000750476960092783,0.015826504677534103,-33.77461624145508
398,0.39839839935302734,54.73381042480469,-0.0007612502668052912,0.016967475414276123,-35.3558464050293
399,0.39939939975738525,54.780250549316406,-0.0007428631070069969,0.015480132773518562,-33.43532180786133
400,0.40040040016174316,54.82673263549805,-0.0007468039402738214,0.015981599688529968,-34.1898307800293
401,0.4014014005661011,54.87324905395508,-0.0007236480596475303,0.014684874564409256,-32.55668258666992
402,0.402402400970459,54.91980743408203,-0.0007273699156939983,0.015571162104606628,-33.8910026550293
403,0.4034034013748169,54.96641540527344,-0.000724137993529439,0.016089152544736862,-34.72632598876953
404,0.4044044017791748,55.01305389404297,-0.0007154314080253243,0.015848025679588318,-34.45880889892578
405,0.4054054021835327,55.059730529785156,-0.0007081820513121784,0.015352297574281693,-33.75919723510742
406,0.4064064025878906,55.106449127197266,-0.0007110636797733605,0.01565594971179962,-34.14243698120117
407,0.40740740299224854,55.1532096862793,-0.0007170580793172121,0.01632041484117508,-35.001625061035156
408,0.40840840339660645,55.200008392333984,-0.0007179266540333629,0.01657581515610218,-35.27423858642578
409,0.40940940380096436,55.24684524536133,-0.0007025119848549366,0.015140816569328308,-33.14089584350586
410,0.41041040420532227,55.293724060058594,-0.0006914634723216295,0.013983692973852158,-31.387435913085938
411,0.4114114046096802,55.340641021728516,-0.0006819556001573801,0.013159484602510929,-30.16713523864746
412,0.4124124050140381,55.38759231567383,-0.0006605020025745034,0.011439595371484756,-27.659334182739258
413,0.413413405418396,55.43458938598633,-0.0006643396336585283,0.012077980674803257,-28.712434768676758
414,0.4144144058227539,55.481624603271484,-0.0006526329088956118,0.011348038911819458,-27.700345993041992
415,0.4154154062271118,55.52870178222656,-0.000647610635496676,0.011318674311041832,-27.768064498901367
416,0.4164164066314697,55.5758171081543,-0.0006543697090819478,0.01241719163954258,-29.5386962890625
417,0.41741740703582764,55.62297439575195,-0.0006615709862671793,0.01355675794184208,-31.308439254760742
418,0.41841840744018555,55.67017364501953,-0.0006416555261239409,0.012683473527431488,-29.916576385498047
419,0.41941940784454346,55.71741485595703,-0.0006292409379966557,0.012122103944420815,-28.966278076171875
420,0.42042040824890137,55.764686584472656,-0.000626608612947166,0.012052684091031551,-28.801815032958984
421,0.4214214086532593,55.81200408935547,-0.00062753219390288,0.012068841606378555,-28.79634666442871
422,0.4224224090576172,55.85935592651367,-0.0006316349026747048,0.012327071279287338,-29.16880989074707
423,0.4234234094619751,55.90675735473633,-0.0006114991847425699,0.01011495292186737,-25.57257080078125
424,0.424424409866333,55.954193115234375,-0.0006239109789021313,0.011622431688010693,-27.964229583740234
425,0.4254254102706909,56.00166702270508,-0.0006085430504754186,0.010840224102139473,-26.597824096679688
426,0.42642641067504883,56.04918670654297,-0.0005909568862989545,0.009225528687238693,-23.75710678100586
427,0.42742741107940674,56.096744537353516,-0.0005903231794945896,0.009974434971809387,-24.8751163482666
428,0.42842841148376465,56.14434814453125,-0.000590103620197624,0.010151262395083904,-25.10430908203125
429,0.42942941188812256,56.191978454589844,-0.0005930257029831409,0.010430647991597652,-25.560060501098633
430,0.43043041229248047,56.239662170410156,-0.0005922680720686913,0.009860171936452389,-24.62508201599121
431,0.4314314126968384,56.287384033203125,-0.0005966429598629475,0.010083168745040894,-25.080385208129883
432,0.4324324131011963,56.335140228271484,-0.0005969806807115674,0.010162005200982094,-25.332550048828125
433,0.4334334135055542,56.3829460144043,-0.0005818462232127786,0.008510489016771317,-22.652624130249023
434,0.4344344139099121,56.430782318115234,-0.0005822100793011487,0.008722176775336266,-23.15774154663086
435,0.43543541431427,56.478668212890625,-0.0005732388235628605,0.007747159339487553,-21.631980895996094
436,0.4364364445209503,56.526588439941406,-0.0005760992644354701,0.00798080861568451,-22.2083797454834
437,0.4374374449253082,56.574554443359375,-0.0005847487482242286,0.008680399507284164,-23.565410614013672
438,0.43843844532966614,56.62255859375,-0.000575828948058188,0.007741960696876049,-22.06740951538086
439,0.43943944573402405,56.67060089111328,-0.00056578399380669,0.006727197207510471,-20.41512107849121
440,0.44044044613838196,56.718685150146484,-0.0005846084677614272,0.008421974256634712,-23.444433212280273
441,0.44144144654273987,56.76681137084961,-0.0005877006333321333,0.008703700266778469,-23.976980209350586
442,0.4424424469470978,56.814979553222656,-0.00058049859944731,0.008256128989160061,-23.241992950439453
443,0.4434434473514557,56.86318588256836,-0.0005827972199767828,0.008585917763411999,-23.854473114013672
444,0.4444444477558136,56.911434173583984,-0.0005779673811048269,0.00833259616047144,-23.477752685546875
445,0.4454454481601715,56.95972442626953,-0.0005936737288720906,0.009857544675469398,-26.149250030517578
446,0.4464464485645294,57.008056640625,-0.0005918443785049021,0.009918608702719212,-26.288450241088867
447,0.44744744896888733,57.056427001953125,-0.000584245368372649,0.00960509292781353,-25.74966812133789
448,0.44844844937324524,57.10483932495117,-0.0005821185186505318,0.009881365112960339,-26.14677619934082
449,0.44944944977760315,57.153297424316406,-0.0005966599564999342,0.011797393672168255,-29.30698013305664
450,0.45045045018196106,57.20178985595703,-0.0005757994367741048,0.010344536043703556,-26.732913970947266
451,0.45145145058631897,57.25032424926758,-0.0005740670603699982,0.010736152529716492,-27.3292236328125
452,0.4524524509906769,57.29890060424805,-0.0005709320539608598,0.010999773629009724,-27.71665382385254
453,0.4534534513950348,57.3475227355957,-0.0005548440385609865,0.00965086743235588,-25.264793395996094
454,0.4544544517993927,57.396183013916016,-0.0005508476169779897,0.009572257287800312,-25.097942352294922
455,0.4554554522037506,57.444881439208984,-0.0005439895903691649,0.00907183438539505,-24.15290069580078
456,0.4564564526081085,57.49362564086914,-0.0005332846194505692,0.008408449590206146,-22.83913803100586
457,0.45745745301246643,57.54240417480469,-0.0005272148409858346,0.008282401598989964,-22.483760833740234
458,0.45845845341682434,57.59122848510742,-0.0005250538815744221,0.008366172201931477,-22.56205177307129
459,0.45945945382118225,57.640098571777344,-0.0005174307152628899,0.007656116969883442,-21.172008514404297
460,0.46046045422554016,57.68900680541992,-0.0005250468384474516,0.00828559510409832,-22.42958641052246
461,0.46146145462989807,57.73795700073242,-0.0005407630233094096,0.009708111174404621,-25.21100425720215
462,0.462462455034256,57.786949157714844,-0.0005305081140249968,0.008643390610814095,-23.355382919311523
463,0.4634634554386139,57.83598327636719,-0.0005414147162809968,0.009641509503126144,-25.316082000732422
464,0.4644644558429718,57.88505554199219,-0.0005492186755873263,0.010180267505347729,-26.436416625976562
465,0.4654654562473297,57.934165954589844,-0.0005518208490684628,0.010255007073283195,-26.67630958557129
466,0.4664664566516876,57.98332977294922,-0.0005501442938111722,0.010143824853003025,-26.515560150146484
467,0.46746745705604553,58.03252410888672,-0.0005403952673077583,0.00920406635850668,-24.762094497680664
468,0.46846845746040344,58.08176803588867,-0.000538076099473983,0.008791050873696804,-23.927419662475586
469,0.46946945786476135,58.131046295166016,-0.0005400694208219647,0.008538439869880676,-23.409746170043945
470,0.47047045826911926,58.18037414550781,-0.0005453035701066256,0.008487098850309849,-23.315509796142578
471,0.4714714586734772,58.229740142822266,-0.0005555039388127625,0.008950792253017426,-24.19896697998047
472,0.4724724590778351,58.27914810180664,-0.0005518528050743043,0.007659795694053173,-21.939655303955078
473,0.473473459482193,58.32859802246094,-0.0005530264461413026,0.007425188552588224,-21.605819702148438
474,0.4744744598865509,58.37809371948242,-0.0005566091276705265,0.008065925911068916,-22.837221145629883
475,0.4754754602909088,58.42762756347656,-0.0005360718350857496,0.005926836747676134,-18.985265731811523
476,0.4764764606952667,58.47719955444336,-0.0005261861952021718,0.0052086059004068375,-17.6857852935791
477,0.47747746109962463,58.52682113647461,-0.0005367508856579661,0.006782698445022106,-20.75853729248047
478,0.47847846150398254,58.57647705078125,-0.0005446491413749754,0.007849602028727531,-22.86815071105957
479,0.47947946190834045,58.626182556152344,-0.0005482928827404976,0.008492178283631802,-24.16962242126465
480,0.48048046231269836,58.675926208496094,-0.0005354199092835188,0.007625830825418234,-22.549663543701172
481,0.4814814627170563,58.725711822509766,-0.0005320040509104729,0.007822190411388874,-22.80966567993164
482,0.4824824631214142,58.775543212890625,-0.0005225777276791632,0.007349039427936077,-21.753238677978516
483,0.4834834635257721,58.82541275024414,-0.0005045817233622074,0.0057088276371359825,-18.397809982299805
484,0.48448446393013,58.875328063964844,-0.0005056773661635816,0.006154955830425024,-19.145029067993164
485,0.4854854643344879,58.92528533935547,-0.0005101852002553642,0.007018040865659714,-20.722471237182617
486,0.4864864647388458,58.97528076171875,-0.0005056483787484467,0.006993268616497517,-20.554210662841797
487,0.4874874949455261,59.025325775146484,-0.0005087719764560461,0.008095395751297474,-22.597620010375977
488,0.48848849534988403,59.07540512084961,-0.0005118987755849957,0.008999243378639221,-24.320653915405273
489,0.48948949575424194,59.12553024291992,-0.0005111906211823225,0.009286422282457352,-24.882444381713867
490,0.49049049615859985,59.17570114135742,-0.0005112257204018533,0.009630636312067509,-25.624237060546875
491,0.49149149656295776,59.22591781616211,-0.0005126080941408873,0.00993451289832592,-26.32101821899414
492,0.4924924969673157,59.27616500854492,-0.0005120962741784751,0.009743963368237019,-26.08935546875
493,0.4934934973716736,59.32646560668945,-0.0005147665506228805,0.009836406446993351,-26.431262969970703
494,0.4944944977760315,59.376800537109375,-0.0005162372253835201,0.009697825647890568,-26.322370529174805
495,0.4954954981803894,59.427181243896484,-0.0005190209485590458,0.009696501307189465,-26.413040161132812
496,0.4964964985847473,59.47761154174805,-0.0005314877489581704,0.010824179276823997,-28.585769653320312
497,0.4974974989891052,59.528072357177734,-0.000544317124877125,0.01223507709801197,-31.195220947265625
498,0.49849849939346313,59.57858657836914,-0.0005453969351947308,0.012654407881200314,-31.962299346923828
499,0.49949949979782104,59.62913513183594,-0.0005342426593415439,0.011650406755506992,-30.059539794921875
500,0.500500500202179,59.67972946166992,-0.000536801409907639,0.012338303029537201,-31.290206909179688
501,0.5015015006065369,59.73036575317383,-0.0005278936587274075,0.011605716310441494,-29.868494033813477
502,0.5025025010108948,59.78105163574219,-0.000517512671649456,0.010414525866508484,-27.552946090698242
503,0.5035035014152527,59.83177947998047,-0.0005237659206613898,0.011610106565058231,-29.86600685119629
504,0.5045045018196106,59.88254165649414,-0.0005069749313406646,0.009543797001242638,-25.897445678710938
505,0.5055055022239685,59.93335723876953,-0.0005053068744018674,0.009701190516352654,-26.241472244262695
506,0.5065065026283264,59.98421096801758,-0.0005087932804599404,0.010768115520477295,-28.38714027404785
507,0.5075075030326843,60.03510665893555,-0.0005113433580845594,0.011534144170582294,-29.931562423706055
508,0.5085085034370422,60.08604431152344,-0.0005146105540916324,0.012186510488390923,-31.230192184448242
509,0.5095095038414001,60.13703155517578,-0.0005079738330096006,0.01130114309489727,-29.5032901763916
510,0.5105105042457581,60.18806076049805,-0.0005073890788480639,0.010984500870108604,-28.86248779296875
511,0.511511504650116,60.2391242980957,-0.000507730117533356,0.01088777557015419,-28.683429718017578
512,0.5125125050544739,60.29024124145508,-0.0005055422079749405,0.010313400067389011,-27.571752548217773
513,0.5135135054588318,60.341392517089844,-0.0005074180662631989,0.010527653619647026,-28.02457046508789
514,0.5145145058631897,60.39259719848633,-0.0005153886741027236,0.011385825462639332,-29.720378875732422
515,0.5155155062675476,60.44384002685547,-0.0005300499615259469,0.012782581150531769,-32.39565658569336
516,0.5165165066719055,60.495121002197266,-0.0005270360852591693,0.012599674053490162,-32.015403747558594
517,0.5175175070762634,60.54645538330078,-0.0005145295290276408,0.011756392195820808,-30.429426193237305
518,0.5185185074806213,60.59783172607422,-0.0005187134956941009,0.013062741607427597,-33.05895233154297
519,0.5195195078849792,60.64924621582031,-0.0005241265753284097,0.01413728017359972,-35.25993728637695
520,0.5205205082893372,60.700706481933594,-0.0005239746533334255,0.01465809065848589,-36.439517974853516
521,0.5215215086936951,60.75221252441406,-0.0005171913071535528,0.014438446611166,-36.19722366333008
522,0.522522509098053,60.80376434326172,-0.0005242002662271261,0.015483458526432514,-38.35169982910156
523,0.5235235095024109,60.85535430908203,-0.0005207844660617411,0.015614578500390053,-38.8038330078125
524,0.5245245099067688,60.90699005126953,-0.0005164972972124815,0.015713630244135857,-39.18638610839844
525,0.5255255103111267,60.95866775512695,-0.0004946261178702116,0.013291120529174805,-34.48369598388672
526,0.5265265107154846,61.01039123535156,-0.0005067866295576096,0.014800414443016052,-37.5347900390625
527,0.5275275111198425,61.06216049194336,-0.0005063678836449981,0.014471660368144512,-36.90586853027344
528,0.5285285115242004,61.11397171020508,-0.000511754653416574,0.014753492549061775,-37.45514678955078
529,0.5295295119285583,61.165828704833984,-0.0005190233932808042,0.015109480358660221,-38.14780044555664
530,0.5305305123329163,61.21773147583008,-0.0005178751889616251,0.014745422638952732,-37.49411392211914
531,0.5315315127372742,61.26966857910156,-0.0005157101550139487,0.014645637013018131,-37.41606903076172
532,0.5325325131416321,61.3216552734375,-0.0005147929769009352,0.014818068593740463,-37.884395599365234
533,0.53353351354599,61.373695373535156,-0.0005186473717913032,0.015468341298401356,-39.22673797607422
534,0.5345345139503479,61.4257698059082,-0.0005086360033601522,0.014361665584146976,-37.09254837036133
535,0.5355355143547058,61.47788619995117,-0.0005063527496531606,0.014252361841499805,-36.807830810546875
536,0.5365365147590637,61.530052185058594,-0.0004884609370492399,0.01173152681440115,-31.64442253112793
537,0.5375375151634216,61.5822639465332,-0.0004910589195787907,0.012071500532329082,-32.21266174316406
538,0.5385385155677795,61.63451385498047,-0.0004886251990683377,0.012011622078716755,-32.100242614746094
539,0.5395395755767822,61.68681716918945,-0.0004855931329075247,0.011692889034748077,-31.504783630371094
540,0.5405405759811401,61.73915481567383,-0.0004928366979584098,0.012624142691493034,-33.4417839050293
541,0.541541576385498,61.791542053222656,-0.0004906531539745629,0.012223299592733383,-32.672203063964844
542,0.542542576789856,61.843971252441406,-0.0004972447059117258,0.013458648696541786,-35.265499114990234
543,0.5435435771942139,61.89645004272461,-0.0004906101385131478,0.012673194520175457,-33.70920944213867
544,0.5445445775985718,61.94896697998047,-0.0004970755544491112,0.013775032944977283,-35.937137603759766
545,0.5455455780029297,62.001529693603516,-0.0004924320382997394,0.01343467552214861,-35.23747634887695
546,0.5465465784072876,62.05413818359375,-0.0004884807858616114,0.012855716980993748,-33.96379089355469
547,0.5475475788116455,62.10679244995117,-0.00048542791046202183,0.012613681145012379,-33.37403106689453
548,0.5485485792160034,62.159488677978516,-0.0004767475766129792,0.011044059880077839,-29.988637924194336
549,0.5495495796203613,62.21223068237305,-0.0004746341146528721,0.010729548521339893,-29.172340393066406
550,0.5505505800247192,62.26502227783203,-0.0004662715073209256,0.00939798541367054,-26.1690616607666
551,0.5515515804290771,62.31785202026367,-0.00046672523603774607,0.009803186170756817,-26.881263732910156
552,0.5525525808334351,62.3707275390625,-0.00045848096488043666,0.008902056142687798,-24.82305145263672
553,0.553553581237793,62.42365264892578,-0.0004500283976085484,0.00827854871749878,-23.402257919311523
554,0.5545545816421509,62.476619720458984,-0.0004466116370167583,0.00844600610435009,-23.816999435424805
555,0.5555555820465088,62.52962875366211,-0.0004416653828229755,0.008240751922130585,-23.48724937438965
556,0.5565565824508667,62.58268737792969,-0.00044335564598441124,0.008733415976166725,-24.792259216308594
557,0.5575575828552246,62.63578796386719,-0.0004340975428931415,0.00733242928981781,-21.82915687561035
558,0.5585585832595825,62.688934326171875,-0.00041727014468051493,0.004704020451754332,-15.913094520568848
559,0.5595595836639404,62.74212646484375,-0.00041345530189573765,0.004103533923625946,-14.77111530303955
560,0.5605605840682983,62.79536437988281,-0.00040649194852449,0.0028920681215822697,-12.158757209777832
561,0.5615615844726562,62.8486442565918,-0.00041164091089740396,0.0034696469083428383,-13.796704292297363
562,0.5625625848770142,62.901973724365234,-0.00041750894160941243,0.003975142724812031,-15.124796867370605
563,0.5635635852813721,62.955345153808594,-0.00041448877891525626,0.003171921707689762,-13.174336433410645
564,0.56456458568573,63.008766174316406,-0.00042083056177943945,0.003515997203066945,-13.955005645751953
565,0.5655655860900879,63.062225341796875,-0.0004114098846912384,0.002115888986736536,-10.495321273803711
566,0.5665665864944458,63.11573791503906,-0.00042064423905685544,0.002772033214569092,-11.913570404052734
567,0.5675675868988037,63.16929244995117,-0.0004328439827077091,0.00459919823333621,-15.98898696899414
568,0.5685685873031616,63.2228889465332,-0.00043162694782949984,0.004871993791311979,-16.44591522216797
569,0.5695695877075195,63.27653503417969,-0.0004278134147170931,0.00452272268012166,-15.501802444458008
570,0.5705705881118774,63.33022689819336,-0.0004190875915810466,0.003354123327881098,-12.654237747192383
571,0.5715715885162354,63.38396072387695,-0.0004178528906777501,0.003996233455836773,-14.154495239257812
572,0.5725725889205933,63.437744140625,-0.0004073701857123524,0.002888429444283247,-11.467925071716309
573,0.5735735893249512,63.4915657043457,-0.00040272544720210135,0.002738189185038209,-11.117993354797363
574,0.5745745897293091,63.545440673828125,-0.00040564039954915643,0.003900886280462146,-14.083494186401367
575,0.575575590133667,63.599361419677734,-0.0004075099714100361,0.004696512594819069,-16.132291793823242
576,0.5765765905380249,63.65332794189453,-0.00041299304575659335,0.0059377350844442844,-19.22637367248535
577,0.5775775909423828,63.707332611083984,-0.00040892831748351455,0.0055971210822463036,-18.46334457397461
578,0.5785785913467407,63.761390686035156,-0.0004117795324418694,0.006243930663913488,-20.115402221679688
579,0.5795795917510986,63.815494537353516,-0.0004045785462949425,0.005348523147404194,-17.96089744567871
580,0.5805805921554565,63.8696403503418,-0.00040008992073126137,0.004502888768911362,-15.81645393371582
581,0.5815815925598145,63.92383575439453,-0.00040373532101511955,0.005461568478494883,-18.1143856048584
582,0.5825825929641724,63.97807693481445,-0.0004077970515936613,0.006684599909931421,-21.007587432861328
583,0.5835835933685303,64.03236389160156,-0.0004137874930165708,0.00793110765516758,-23.966907501220703
584,0.5845845937728882,64.0866928100586,-0.00040766806341707706,0.006992016453295946,-21.645761489868164
585,0.5855855941772461,64.14107513427734,-0.00040848710341379046,0.00696912594139576,-21.615114212036133
586,0.586586594581604,64.19549560546875,-0.0004109555156901479,0.007362852338701487,-22.635860443115234
587,0.5875875949859619,64.24996948242188,-0.00041666661854833364,0.00840180553495884,-25.24393653869629
588,0.5885885953903198,64.30448150634766,-0.00042242842027917504,0.009656919166445732,-28.319103240966797
589,0.5895895957946777,64.35903930664062,-0.00041769500239752233,0.009407369419932365,-27.81745719909668
590,0.5905905961990356,64.41365814208984,-0.00041514335316605866,0.009211699478328228,-27.39635467529297
591,0.5915915966033936,64.46830749511719,-0.0004129719454795122,0.00883184652775526,-26.516002655029297
592,0.5925925970077515,64.52301025390625,-0.00040282082045450807,0.0074472506530582905,-23.079681396484375
593,0.5935935974121094,64.5777587890625,-0.00039845381979830563,0.0068679144605994225,-21.520051956176758
594,0.5945945978164673,64.63255310058594,-0.0003988158714491874,0.007089274004101753,-21.98482322692871
595,0.5955955982208252,64.68739318847656,-0.0004005199298262596,0.007466192822903395,-22.879037857055664
596,0.5965965986251831,64.74227905273438,-0.00040457394788973033,0.00833240244537592,-25.040563583374023
597,0.597597599029541,64.7972183227539,-0.000402767735067755,0.008443783968687057,-25.464874267578125
598,0.5985985994338989,64.8521957397461,-0.0004026498645544052,0.009090948849916458,-27.287418365478516
599,0.5995995998382568,64.9072265625,-0.0004079162026755512,0.010513801127672195,-30.973682403564453
600,0.6006006002426147,64.96229553222656,-0.00041463045636191964,0.011739988811314106,-34.00945281982422
601,0.6016016006469727,65.01741790771484,-0.00041230529313907027,0.0111997090280056,-32.65925216674805
602,0.6026026010513306,65.07258605957031,-0.0004125672858208418,0.010777014307677746,-31.51060676574707
603,0.6036036014556885,65.12779998779297,-0.0004232667852193117,0.012457013130187988,-35.44894790649414
604,0.6046046018600464,65.18305969238281,-0.00042990187648683786,0.013534431345760822,-37.95139694213867
605,0.6056056022644043,65.23836517333984,-0.0004203907446935773,0.012577923946082592,-35.788963317871094
606,0.6066066026687622,65.2937240600586,-0.0004113420145586133,0.011085634119808674,-32.293434143066406
607,0.6076076030731201,65.34912872314453,-0.00040819565765559673,0.0101321991533041,-30.035926818847656
608,0.608608603477478,65.40457916259766,-0.00041530089220032096,0.011610290966928005,-33.685646057128906
609,0.6096096038818359,65.46007537841797,-0.0004146637802477926,0.011052240617573261,-32.37111282348633
610,0.6106106042861938,65.51561737060547,-0.0004155695205554366,0.011108038946986198,-32.53548049926758
611,0.6116116046905518,65.57120513916016,-0.0004140687524341047,0.011082190088927746,-32.56036376953125
612,0.6126126050949097,65.62684631347656,-0.0004164402198512107,0.012028631754219532,-34.84537887573242
613,0.6136136054992676,65.68252563476562,-0.00041025556856766343,0.010944847017526627,-32.17414093017578
614,0.6146146059036255,65.7382583618164,-0.0004106622945982963,0.011322615668177605,-33.027992248535156
615,0.6156156063079834,65.79403686523438,-0.0004100500955246389,0.011611697264015675,-33.69053649902344
616,0.6166166067123413,65.84986877441406,-0.0004089338472113013,0.011651390232145786,-33.75751876831055
617,0.6176176071166992,65.9057388305664,-0.00040608886047266424,0.010819490067660809,-31.70676612854004
618,0.6186186075210571,65.96166229248047,-0.00040881356108002365,0.011809761635959148,-34.16648483276367
619,0.619619607925415,66.01763153076172,-0.00040814661770127714,0.011856574565172195,-34.32152557373047
620,0.620620608329773,66.07364654541016,-0.0004151511238887906,0.013395529240369797,-38.069488525390625
621,0.6216216087341309,66.12971496582031,-0.0004241004353389144,0.014998351223766804,-41.907920837402344
622,0.6226226091384888,66.18582916259766,-0.0004235254309605807,0.014979766681790352,-41.81780242919922
623,0.6236236095428467,66.24198150634766,-0.00041781418258324265,0.013931171968579292,-39.269378662109375
624,0.6246246099472046,66.29818725585938,-0.00042115210089832544,0.015129229053854942,-42.11225509643555
625,0.6256256103515625,66.35443878173828,-0.0004192948108538985,0.015617537312209606,-43.373329162597656
626,0.6266266107559204,66.4107437133789,-0.0004191966145299375,0.016184795647859573,-44.79435348510742
627,0.6276276111602783,66.46709442138672,-0.00042478711111471057,0.017669979482889175,-48.3935546875
628,0.6286286115646362,66.52349090576172,-0.00042174075497314334,0.017161337658762932,-47.214317321777344
629,0.6296296119689941,66.57994079589844,-0.00041746714850887656,0.01666398160159588,-46.12102127075195
630,0.630630612373352,66.63642883300781,-0.0004318850697018206,0.019008463248610497,-51.77895736694336
631,0.63163161277771,66.6929702758789,-0.0004313840181566775,0.018742293119430542,-51.254066467285156
632,0.6326326131820679,66.74955749511719,-0.00041916617192327976,0.01709887571632862,-47.56840896606445
633,0.6336336135864258,66.80619812011719,-0.0004166123690083623,0.01705970987677574,-47.662559509277344
634,0.6346346139907837,66.86288452148438,-0.0004087872803211212,0.01611766591668129,-45.46881103515625
635,0.6356356143951416,66.91961669921875,-0.00041000201599672437,0.016372505575418472,-46.10760498046875
636,0.6366366147994995,66.97640228271484,-0.000414524954976514,0.01707516983151436,-47.821319580078125
637,0.6376376152038574,67.0332260131836,-0.0004077689372934401,0.016166141256690025,-45.609580993652344
638,0.6386386156082153,67.0901107788086,-0.0004099842335563153,0.01653757318854332,-46.54996871948242
639,0.6396396160125732,67.14703369140625,-0.0004086088156327605,0.01643754169344902,-46.330448150634766
640,0.6406406164169312,67.20401000976562,-0.0004095465410500765,0.016763363033533096,-47.13504409790039
641,0.6416416764259338,67.26103210449219,-0.0004187293816357851,0.018496204167604446,-51.39142608642578
642,0.6426426768302917,67.31810760498047,-0.00041666586184874177,0.01836913265287876,-51.1429328918457
643,0.6436436772346497,67.37522888183594,-0.00041896241600625217,0.018860282376408577,-52.49325942993164
644,0.6446446776390076,67.4323959350586,-0.00040800555143505335,0.01720583811402321,-48.690185546875
645,0.6456456780433655,67.48960876464844,-0.00040357932448387146,0.016515204682946205,-47.22734451293945
646,0.6466466784477234,67.546875,-0.0004032083961647004,0.0163528211414814,-46.97968292236328
647,0.6476476788520813,67.60418701171875,-0.00039997504791244864,0.015518739819526672,-44.9560432434082
648,0.6486486792564392,67.66155242919922,-0.00040564656956121325,0.016338655725121498,-47.04072952270508
649,0.6496496796607971,67.71896362304688,-0.00040193740278482437,0.015634967014193535,-45.317481994628906
650,0.650650680065155,67.77642822265625,-0.0003971144906245172,0.01507947500795126,-44.000648498535156
651,0.6516516804695129,67.83393859863281,-0.00039927655598148704,0.015709705650806427,-45.58353042602539
652,0.6526526808738708,67.89148712158203,-0.0003982206108048558,0.015345429070293903,-44.616416931152344
653,0.6536536812782288,67.9490966796875,-0.000398486212361604,0.015106286853551865,-43.98484802246094
654,0.6546546816825867,68.00675201416016,-0.0004004863149020821,0.015735486522316933,-45.561458587646484
655,0.6556556820869446,68.064453125,-0.00040293100755661726,0.01724822446703911,-49.49689865112305
656,0.6566566824913025,68.1222152709961,-0.00039756472688168287,0.016466252505779266,-47.657020568847656
657,0.6576576828956604,68.18000793457031,-0.00039664824726060033,0.016685890033841133,-48.26893997192383
658,0.6586586833000183,68.23786163330078,-0.0003951614198740572,0.016568517312407494,-48.0086784362793
659,0.6596596837043762,68.29576110839844,-0.00040325630106963217,0.01850178837776184,-52.90069580078125
660,0.6606606841087341,68.35371398925781,-0.00040558382170274854,0.018736321479082108,-53.58714294433594
661,0.661661684513092,68.41171264648438,-0.0003976695006713271,0.01712486334145069,-49.69697189331055
662,0.66266268491745,68.46975708007812,-0.0003944469499401748,0.016428319737315178,-48.024696350097656
663,0.6636636853218079,68.5278549194336,-0.0003931823302991688,0.0163008701056242,-47.78995132446289
664,0.6646646857261658,68.58599853515625,-0.00039400492096319795,0.016759218648076057,-48.997291564941406
665,0.6656656861305237,68.64419555664062,-0.00039601291064172983,0.01748431660234928,-50.85149002075195
666,0.6666666865348816,68.70243835449219,-0.0003925383207388222,0.017149383202195168,-49.97247314453125
667,0.6676676869392395,68.76073455810547,-0.00039561078301630914,0.018077097833156586,-52.308956146240234
668,0.6686686873435974,68.81907653808594,-0.00039498781552538276,0.01822231337428093,-52.69160461425781
669,0.6696696877479553,68.87747192382812,-0.000391032692277804,0.017695767804980278,-51.386959075927734
670,0.6706706881523132,68.9359130859375,-0.0003900145529769361,0.017508195713162422,-50.94140625
671,0.6716716885566711,68.9944076538086,-0.00038965692510828376,0.017377780750393867,-50.70759582519531
672,0.672672688961029,69.05294799804688,-0.0003924469056073576,0.017753081396222115,-51.78300857543945
673,0.673673689365387,69.11154174804688,-0.0004021074273623526,0.019124634563922882,-55.29999923706055
674,0.6746746897697449,69.17018127441406,-0.00040726119186729193,0.019591374322772026,-56.522003173828125
675,0.6756756901741028,69.22887420654297,-0.00040921621257439256,0.019780032336711884,-57.1757926940918
676,0.6766766905784607,69.2876205444336,-0.0004074736498296261,0.01972445845603943,-57.2481689453125
677,0.6776776909828186,69.34640502929688,-0.00040777225513011217,0.01976364478468895,-57.406490325927734
678,0.6786786913871765,69.4052505493164,-0.00040620367508381605,0.019200697541236877,-55.97145080566406
679,0.6796796917915344,69.4641342163086,-0.00041525877895765007,0.02050606533885002,-59.07767868041992
680,0.6806806921958923,69.52307891845703,-0.0004029924748465419,0.017945554107427597,-52.7901611328125
681,0.6816816926002502,69.58206939697266,-0.00040142753277905285,0.01768907904624939,-52.345176696777344
682,0.6826826930046082,69.64111328125,-0.0003911859239451587,0.01662125438451767,-50.005855560302734
683,0.6836836934089661,69.7001953125,-0.0003794305957853794,0.015418311581015587,-47.15090560913086
684,0.684684693813324,69.75934600830078,-0.00037929564132355154,0.015831878408789635,-48.36279296875
685,0.6856856942176819,69.81852722167969,-0.00037562966463156044,0.015741901472210884,-48.08974838256836
686,0.6866866946220398,69.87776947021484,-0.00037131120916455984,0.015500635839998722,-47.30134582519531
687,0.6876876950263977,69.93706512451172,-0.00036306376568973064,0.01422229316085577,-43.65083312988281
688,0.6886886954307556,69.99640655517578,-0.00035905156983062625,0.013459477573633194,-41.43251037597656
689,0.6896896958351135,70.05580139160156,-0.0003586498205550015,0.013883484527468681,-42.63380432128906
690,0.6906906962394714,70.11524200439453,-0.0003592482826206833,0.014761385507881641,-45.23215866088867
691,0.6916916966438293,70.17473602294922,-0.0003587841347325593,0.014942123554646969,-45.85526657104492
692,0.6926926970481873,70.23428344726562,-0.00036432803608477116,0.01595364697277546,-48.66511917114258
693,0.6936936974525452,70.29387664794922,-0.0003731556353159249,0.016974423080682755,-51.41187286376953
694,0.6946946978569031,70.353515625,-0.0003845339815597981,0.017751727253198624,-53.31911849975586
695,0.695695698261261,70.41321563720703,-0.0003912117099389434,0.018145155161619186,-54.40958023071289
696,0.6966966986656189,70.47296142578125,-0.00039233273128047585,0.018569689244031906,-55.86968231201172
697,0.6976976990699768,70.53276062011719,-0.00040197023190557957,0.020735401660203934,-61.64046096801758
698,0.6986986994743347,70.59259796142578,-0.00039452529745176435,0.01966536045074463,-59.21571350097656
699,0.6996996998786926,70.65249633789062,-0.00038651603972539306,0.018609696999192238,-56.6978874206543
700,0.7007007002830505,70.71244812011719,-0.0003872660454362631,0.019283784553408623,-58.50768280029297
701,0.7017017006874084,70.77244567871094,-0.0003792818170040846,0.018097171559929848,-55.40025329589844
702,0.7027027010917664,70.83250427246094,-0.00037638217327184975,0.01759251207113266,-53.965301513671875
703,0.7037037014961243,70.8926010131836,-0.0003759968967642635,0.01741999387741089,-53.434539794921875
704,0.7047047019004822,70.95275115966797,-0.0003767299640458077,0.017574366182088852,-53.89665603637695
705,0.7057057023048401,71.0129623413086,-0.00037506213993765414,0.017319584265351295,-53.37409591674805
706,0.706706702709198,71.07321166992188,-0.0003647378471214324,0.0152497673407197,-47.93999481201172
707,0.7077077031135559,71.1335220336914,-0.00036410472239367664,0.01505816075950861,-47.553871154785156
708,0.7087087035179138,71.19387817382812,-0.00036745061515830457,0.015682876110076904,-49.38212966918945
709,0.7097097039222717,71.25428771972656,-0.00036209748941473663,0.014600095339119434,-46.46918869018555
710,0.7107107043266296,71.31475067138672,-0.0003583853831514716,0.013642956502735615,-43.76765823364258
711,0.7117117047309875,71.37525939941406,-0.0003547604428604245,0.012595150619745255,-40.75811767578125
712,0.7127127051353455,71.4358139038086,-0.0003491248353384435,0.011320921592414379,-37.187652587890625
713,0.7137137055397034,71.4964370727539,-0.0003444962785579264,0.01071220450103283,-35.513160705566406
714,0.7147147059440613,71.55709838867188,-0.00033986882772296667,0.009848753921687603,-33.00242614746094
715,0.7157157063484192,71.61781311035156,-0.00034287781454622746,0.011573406867682934,-38.015098571777344
716,0.7167167067527771,71.67858123779297,-0.0003450651711318642,0.012630198150873184,-41.175174713134766
717,0.717717707157135,71.7394027709961,-0.00034839336876757443,0.013528927229344845,-43.867271423339844
718,0.7187187075614929,71.8002700805664,-0.00034558092011138797,0.013075710274279118,-42.554752349853516
719,0.7197197079658508,71.86119842529297,-0.0003483488690108061,0.013580754399299622,-43.93352127075195
720,0.7207207083702087,71.92217254638672,-0.00034631104790605605,0.01335868053138256,-43.27482604980469
721,0.7217217087745667,71.98320007324219,-0.00034360814606770873,0.01323455199599266,-43.02830505371094
722,0.7227227091789246,72.04427337646484,-0.00033786712447181344,0.012236141599714756,-40.19145584106445
723,0.7237237095832825,72.10540771484375,-0.00033835924114100635,0.01277168095111847,-41.84343719482422
724,0.7247247099876404,72.16658782958984,-0.0003408202319405973,0.013741315342485905,-44.83075714111328
725,0.7257257103919983,72.22782135009766,-0.0003384209703654051,0.013432729989290237,-44.13813781738281
726,0.7267267107963562,72.28910827636719,-0.00033891337807290256,0.013782588765025139,-45.428199768066406
727,0.7277277112007141,72.3504409790039,-0.0003380761481821537,0.013630582019686699,-45.20248794555664
728,0.728728711605072,72.41183471679688,-0.00033096547122113407,0.012067174538969994,-40.7664794921875
729,0.7297297120094299,72.47327423095703,-0.0003404854505788535,0.013973035849630833,-46.68170928955078
730,0.7307307124137878,72.53477478027344,-0.0003431170480325818,0.014229513704776764,-47.53662872314453
731,0.7317317128181458,72.59632110595703,-0.0003423885500524193,0.013915056362748146,-46.62668228149414
732,0.7327327132225037,72.65791320800781,-0.0003489030059427023,0.01513978373259306,-50.1750602722168
733,0.7337337136268616,72.71956634521484,-0.0003500372695270926,0.015714868903160095,-51.87761688232422
734,0.7347347140312195,72.78126525878906,-0.0003528093220666051,0.016734108328819275,-54.839447021484375
735,0.7357357144355774,72.84302520751953,-0.00034855492413043976,0.016289127990603447,-53.59236145019531
736,0.7367367148399353,72.90483093261719,-0.0003482231986708939,0.01677755080163479,-54.9837760925293
737,0.7377377152442932,72.96669006347656,-0.0003489480586722493,0.017265960574150085,-56.253299713134766
738,0.7387387156486511,73.02860260009766,-0.0003480983432382345,0.017431998625397682,-56.69795608520508
739,0.739739716053009,73.09056854248047,-0.0003498676815070212,0.018088998273015022,-58.58180236816406
740,0.7407407164573669,73.152587890625,-0.0003461498999968171,0.017149927094578743,-55.958717346191406
741,0.7417417168617249,73.21465301513672,-0.0003520634782034904,0.018871109932661057,-60.93004608154297
742,0.7427427172660828,73.27677917480469,-0.00035359428147785366,0.018835676833987236,-60.815330505371094
743,0.7437437772750854,73.33895874023438,-0.0003533863346092403,0.0179195087403059,-58.22126007080078
744,0.7447447776794434,73.40119171142578,-0.00035695184487849474,0.018540186807513237,-59.949527740478516
745,0.7457457780838013,73.46347045898438,-0.0003600143827497959,0.019597526639699936,-62.90167236328125
746,0.7467467784881592,73.52580261230469,-0.0003610017884057015,0.02066725865006447,-65.89258575439453
747,0.7477477788925171,73.58819580078125,-0.00035682960879057646,0.019085001200437546,-61.60869598388672
748,0.748748779296875,73.65062713623047,-0.00035480601945891976,0.019451500847935677,-62.85137176513672
749,0.7497497797012329,73.71311950683594,-0.0003536041476763785,0.020185822620987892,-65.12577819824219
750,0.7507507801055908,73.77567291259766,-0.0003506849752739072,0.019432365894317627,-63.098426818847656
751,0.7517517805099487,73.83826446533203,-0.00035202805884182453,0.02091119810938835,-67.35826110839844
752,0.7527527809143066,73.90092468261719,-0.0003508008667267859,0.02009914442896843,-65.00818634033203
753,0.7537537813186646,73.963623046875,-0.00035024131648242474,0.019897866994142532,-64.430908203125
754,0.7547547817230225,74.02638244628906,-0.00034858653089031577,0.019788915291428566,-64.31421661376953
755,0.7557557821273804,74.08919525146484,-0.00034877046709880233,0.020814333111047745,-67.71358489990234
756,0.7567567825317383,74.15206146240234,-0.00034835783299058676,0.02127843163907528,-69.43187713623047
757,0.7577577829360962,74.21498107910156,-0.0003482416504994035,0.02169983647763729,-70.97332000732422
758,0.7587587833404541,74.2779541015625,-0.00034701687400229275,0.021260961890220642,-69.89225769042969
759,0.759759783744812,74.34097290039062,-0.0003469952498562634,0.020593849942088127,-67.9604263305664
760,0.7607607841491699,74.404052734375,-0.00035233894595876336,0.02202518843114376,-71.911376953125
761,0.7617617845535278,74.4671859741211,-0.0003557193267624825,0.023059111088514328,-74.70987701416016
762,0.7627627849578857,74.53038024902344,-0.0003548821259755641,0.02307959832251072,-74.85295104980469
763,0.7637637853622437,74.59361267089844,-0.00035259322612546384,0.022874535992741585,-74.4527816772461
764,0.7647647857666016,74.65690612792969,-0.0003503946936689317,0.02296333946287632,-74.9041976928711
765,0.7657657861709595,74.72025299072266,-0.00034773233346641064,0.022686921060085297,-74.26891326904297
766,0.7667667865753174,74.78365325927734,-0.00034742525895126164,0.02364032343029976,-77.14695739746094
767,0.7677677869796753,74.84710693359375,-0.0003470020601525903,0.024874860420823097,-81.00071716308594
768,0.7687687873840332,74.91061401367188,-0.0003459378785919398,0.026137687265872955,-85.16043090820312
769,0.7697697877883911,74.97418212890625,-0.00034447602229192853,0.026386937126517296,-86.26404571533203
770,0.770770788192749,75.03779602050781,-0.00034394836984574795,0.02631320059299469,-86.18819427490234
771,0.7717717885971069,75.1014633178711,-0.000344020314514637,0.025559287518262863,-83.88629913330078
772,0.7727727890014648,75.1651840209961,-0.0003480305022094399,0.02650461159646511,-86.40807342529297
773,0.7737737894058228,75.22896575927734,-0.00035163445863872766,0.026685023680329323,-86.51493072509766
774,0.7747747898101807,75.29280090332031,-0.00034972495632246137,0.02600209228694439,-84.58589935302734
775,0.7757757902145386,75.35668182373047,-0.00034697045339271426,0.025652246549725533,-83.74992370605469
776,0.7767767906188965,75.42062377929688,-0.000345009786542505,0.025744808837771416,-84.21751403808594
777,0.7777777910232544,75.484619140625,-0.00034012465039268136,0.024261754006147385,-79.99283599853516
778,0.7787787914276123,75.54866790771484,-0.00033900319249369204,0.024651270359754562,-81.35346221923828
779,0.7797797918319702,75.6127700805664,-0.00033809052547439933,0.024599166586995125,-81.29436492919922
780,0.7807807922363281,75.67693328857422,-0.00033768510911613703,0.024831999093294144,-82.09921264648438
781,0.781781792640686,75.74114227294922,-0.0003404204035177827,0.026264946907758713,-86.50910949707031
782,0.782782793045044,75.80540466308594,-0.00033716365578584373,0.024955568835139275,-82.83734893798828
783,0.7837837934494019,75.8697280883789,-0.000332329364027828,0.023063113912940025,-77.36727905273438
784,0.7847847938537598,75.9341049194336,-0.00032964529236778617,0.022437043488025665,-75.7624740600586
785,0.7857857942581177,75.99853515625,-0.00032533155172131956,0.021235615015029907,-72.3405990600586
786,0.7867867946624756,76.06301879882812,-0.00032538454979658127,0.021828683093190193,-74.30548858642578
787,0.7877877950668335,76.1275634765625,-0.00032609127811156213,0.02215982973575592,-75.30486297607422
788,0.7887887954711914,76.19215393066406,-0.00032850238494575024,0.02285037375986576,-77.28649139404297
789,0.7897897958755493,76.25680541992188,-0.0003321535186842084,0.02394740656018257,-80.45708465576172
790,0.7907907962799072,76.3215103149414,-0.00033178384182974696,0.02358868345618248,-79.32946014404297
791,0.7917917966842651,76.38626861572266,-0.0003314441710244864,0.023892126977443695,-80.41069793701172
792,0.792792797088623,76.45108032226562,-0.00033316065673716366,0.02496350184082985,-83.84076690673828
793,0.793793797492981,76.51595306396484,-0.0003342450363561511,0.02576516754925251,-86.41072845458984
794,0.7947947978973389,76.58087921142578,-0.0003354219370521605,0.026941388845443726,-90.09221649169922
795,0.7957957983016968,76.64585876464844,-0.0003351418417878449,0.02733614109456539,-91.40735626220703
796,0.7967967987060547,76.71089172363281,-0.00033578675356693566,0.02804768644273281,-93.57946014404297
797,0.7977977991104126,76.7759780883789,-0.0003355853841640055,0.027612250298261642,-92.286376953125
798,0.7987987995147705,76.84112548828125,-0.00033555360278114676,0.02839217148721218,-94.82902526855469
799,0.7997997999191284,76.90632629394531,-0.00033461174461990595,0.027723614126443863,-93.07513427734375
800,0.8008008003234863,76.97157287597656,-0.00033431436168029904,0.028610019013285637,-95.93415832519531
801,0.8018018007278442,77.03689575195312,-0.0003337589732836932,0.028834355995059013,-96.81664276123047
802,0.8028028011322021,77.10225677490234,-0.00033240107586607337,0.029938649386167526,-100.29186248779297
803,0.8038038015365601,77.16767883300781,-0.0003307276638224721,0.030466079711914062,-102.05770874023438
804,0.804804801940918,77.233154296875,-0.000330815848428756,0.028991682454943657,-97.77088165283203
805,0.8058058023452759,77.29869079589844,-0.0003288611478637904,0.030351147055625916,-101.95772552490234
806,0.8068068027496338,77.36427307128906,-0.00032771454425528646,0.031206224113702774,-104.57975006103516
807,0.8078078031539917,77.42991638183594,-0.0003271431487519294,0.030918071046471596,-103.7879867553711
808,0.8088088035583496,77.49562072753906,-0.0003263364778831601,0.030406828969717026,-102.39901733398438
809,0.8098098039627075,77.56137084960938,-0.00032529080635868013,0.02967032417654991,-100.42935943603516
810,0.8108108043670654,77.62718963623047,-0.00032363570062443614,0.030189847573637962,-102.38556671142578
811,0.8118118047714233,77.69306182861328,-0.0003224957617931068,0.03040558472275734,-103.35259246826172
812,0.8128128051757812,77.75897979736328,-0.0003220722428523004,0.03078456036746502,-104.71113586425781
813,0.8138138055801392,77.82495880126953,-0.0003216504119336605,0.0299313236027956,-102.21155548095703
814,0.8148148059844971,77.8909912109375,-0.00032115314388647676,0.029155056923627853,-99.91511535644531
815,0.815815806388855,77.95708465576172,-0.0003207387344446033,0.028925318270921707,-99.31420135498047
816,0.8168168067932129,78.02323150634766,-0.000319550366839394,0.02948467992246151,-101.38053894042969
817,0.8178178071975708,78.08943176269531,-0.0003181732026860118,0.029339291155338287,-101.36392211914062
818,0.8188188076019287,78.15569305419922,-0.00031650575692765415,0.029254568740725517,-101.64208984375
819,0.8198198080062866,78.22200775146484,-0.00031414610566571355,0.030523136258125305,-106.27446746826172
820,0.8208208084106445,78.28837585449219,-0.000312411313643679,0.03165772184729576,-110.26346588134766
821,0.8218218088150024,78.35481262207031,-0.0003114122082479298,0.03211023658514023,-111.95307922363281
822,0.8228228092193604,78.4212875366211,-0.000311449752189219,0.03138091787695885,-109.74192810058594
823,0.8238238096237183,78.48783874511719,-0.00031139564816839993,0.03125139698386192,-109.40726470947266
824,0.8248248100280762,78.55442810058594,-0.00031248628511093557,0.030378514900803566,-106.53336334228516
825,0.8258258104324341,78.62108612060547,-0.0003119157627224922,0.030783643946051598,-107.77471923828125
826,0.826826810836792,78.68779754638672,-0.00031170088914223015,0.0308492723852396,-107.83226776123047
827,0.8278278112411499,78.75455474853516,-0.00031075446167960763,0.031186416745185852,-108.74563598632812
828,0.8288288116455078,78.82138061523438,-0.000311031355522573,0.030088314786553383,-105.49894714355469
829,0.8298298120498657,78.88825988769531,-0.0003108083619736135,0.02914695255458355,-102.91963958740234
830,0.8308308124542236,78.9552001953125,-0.0003080780152231455,0.02994614839553833,-105.92997741699219
831,0.8318318128585815,79.02220153808594,-0.00030702954973094165,0.02939288504421711,-104.54544067382812
832,0.8328328132629395,79.08924865722656,-0.00030408863676711917,0.030012449249625206,-107.06475830078125
833,0.8338338136672974,79.15635681152344,-0.0003013965906575322,0.030586715787649155,-109.37029266357422
834,0.8348348140716553,79.22352600097656,-0.00029939337400719523,0.030931657180190086,-110.86294555664062
835,0.8358358144760132,79.29074096679688,-0.0002988837950397283,0.03030683659017086,-109.14141845703125
836,0.8368368148803711,79.35801696777344,-0.0003002818557433784,0.028641583397984505,-103.69805145263672
837,0.837837815284729,79.42535400390625,-0.00029908615397289395,0.029733669012784958,-107.20135498046875
838,0.8388388156890869,79.49275207519531,-0.0003004998725373298,0.02913874015212059,-105.11305236816406
839,0.8398398160934448,79.56019592285156,-0.00030130904633551836,0.029084185138344765,-104.91677856445312
840,0.8408408164978027,79.62770080566406,-0.00030151347164064646,0.029046477749943733,-104.93722534179688
841,0.8418418169021606,79.69527435302734,-0.0002997544943355024,0.03052539750933647,-110.12898254394531
842,0.8428428173065186,79.76288604736328,-0.00029884453397244215,0.03111298196017742,-112.34869384765625
843,0.8438438177108765,79.83056640625,-0.00029821821954101324,0.03129833936691284,-113.25175476074219
844,0.8448448181152344,79.89830780029297,-0.0002969756897073239,0.032076530158519745,-116.110107421875
845,0.8458458185195923,79.96610260009766,-0.0002963477454613894,0.032321326434612274,-117.15804290771484
846,0.846846878528595,80.0339584350586,-0.0002965739113278687,0.03168044611811638,-115.15558624267578
847,0.8478478789329529,80.10186004638672,-0.00029642527806572616,0.031158102676272392,-113.70378112792969
848,0.8488488793373108,80.16983032226562,-0.0002956665412057191,0.03186816722154617,-116.45854187011719
849,0.8498498797416687,80.23786163330078,-0.00029506025020964444,0.031097106635570526,-114.35470581054688
850,0.8508508801460266,80.30593872070312,-0.00029401591746136546,0.032126620411872864,-118.40148162841797
851,0.8518518805503845,80.37407684326172,-0.0002939322148449719,0.031458403915166855,-116.51692962646484
852,0.8528528809547424,80.44227600097656,-0.00029411917785182595,0.03096095100045204,-115.08872985839844
853,0.8538538813591003,80.51052856445312,-0.0002947555622085929,0.031139589846134186,-115.73958587646484
854,0.8548548817634583,80.57884216308594,-0.0002954911324195564,0.031274981796741486,-116.21654510498047
855,0.8558558821678162,80.647216796875,-0.00029639439890161157,0.030710894614458084,-114.25416564941406
856,0.8568568825721741,80.71565246582031,-0.0002970786881633103,0.031121255829930305,-115.53279876708984
857,0.857857882976532,80.78413391113281,-0.0002971365465782583,0.03134460002183914,-116.18836975097656
858,0.8588588833808899,80.8526840209961,-0.0002970426867250353,0.030817441642284393,-114.40812683105469
859,0.8598598837852478,80.92127990722656,-0.0002965956227853894,0.028906896710395813,-108.09261322021484
860,0.8608608841896057,80.98995208740234,-0.00029604355222545564,0.03026547282934189,-112.80972290039062
861,0.8618618845939636,81.05866241455078,-0.00029560853727161884,0.030274908989667892,-112.97941589355469
862,0.8628628849983215,81.12744903564453,-0.00029519826057367027,0.03007950447499752,-112.46240997314453
863,0.8638638854026794,81.19628143310547,-0.000294889003271237,0.029886245727539062,-111.89285278320312
864,0.8648648858070374,81.26518249511719,-0.000294754805509001,0.030463527888059616,-113.92032623291016
865,0.8658658862113953,81.3341293334961,-0.00029475020710378885,0.030351780354976654,-113.62747192382812
866,0.8668668866157532,81.40314483642578,-0.00029468710999935865,0.029931044206023216,-112.26445007324219
867,0.8678678870201111,81.47222137451172,-0.0002939910045824945,0.029622236266732216,-111.43560791015625
868,0.868868887424469,81.54134368896484,-0.00029317825101315975,0.029538486152887344,-111.35073852539062
869,0.8698698878288269,81.61053466796875,-0.00029279140289872885,0.030161922797560692,-113.55601501464844
870,0.8708708882331848,81.6797866821289,-0.0002920243423432112,0.03052782639861107,-114.91773986816406
871,0.8718718886375427,81.74909210205078,-0.00029044185066595674,0.029755378141999245,-112.45417785644531
872,0.8728728890419006,81.81845092773438,-0.00028975665918551385,0.03032815083861351,-114.51921081542969
873,0.8738738894462585,81.88787078857422,-0.00028921791817992926,0.030363963916897774,-114.71401977539062
874,0.8748748898506165,81.95735931396484,-0.00028919134638272226,0.02959742210805416,-112.08303833007812
875,0.8758758902549744,82.02690887451172,-0.00028922618366777897,0.029813526198267937,-112.99722290039062
876,0.8768768906593323,82.09650421142578,-0.0002881859545595944,0.0283395666629076,-108.15744018554688
877,0.8778778910636902,82.1661605834961,-0.0002860672539100051,0.02720400132238865,-104.51461791992188
878,0.8788788914680481,82.23587799072266,-0.00028515292797237635,0.027311094105243683,-105.23785400390625
879,0.879879891872406,82.30565643310547,-0.0002845735289156437,0.027567066252231598,-106.42332458496094
880,0.8808808922767639,82.37548828125,-0.00028348626801744103,0.027436714619398117,-106.3016357421875
881,0.8818818926811218,82.44538116455078,-0.0002819053770508617,0.026730943471193314,-104.17156219482422
882,0.8828828930854797,82.51534271240234,-0.0002807429409585893,0.02609880454838276,-102.07293701171875
883,0.8838838934898376,82.58535766601562,-0.00028101709904149175,0.02663431502878666,-103.98816680908203
884,0.8848848938941956,82.65543365478516,-0.0002808418939821422,0.025949453935027122,-101.39857482910156
885,0.8858858942985535,82.72557067871094,-0.0002814275794662535,0.025560732930898666,-99.80689239501953
886,0.8868868947029114,82.7957534790039,-0.0002818083157762885,0.024835927411913872,-97.07038879394531
887,0.8878878951072693,82.86600494384766,-0.00028103706426918507,0.02453088015317917,-96.15899658203125
888,0.8888888955116272,82.93631744384766,-0.00027845820295624435,0.02406034991145134,-95.01226043701172
889,0.8898898959159851,83.00669860839844,-0.0002776006003841758,0.025097321718931198,-99.25465393066406
890,0.890890896320343,83.0771255493164,-0.00027564333868213,0.024656806141138077,-98.13639831542969
891,0.8918918967247009,83.14761352539062,-0.00027437019161880016,0.024032635614275932,-96.13249969482422
892,0.8928928971290588,83.21817016601562,-0.00027481833240017295,0.024508850648999214,-98.0047836303711
893,0.8938938975334167,83.28878021240234,-0.0002742302604019642,0.023385992273688316,-94.0130386352539
894,0.8948948979377747,83.35945129394531,-0.00027555570704862475,0.023993676528334618,-96.22085571289062
895,0.8958958983421326,83.43018341064453,-0.0002752896980382502,0.022928345948457718,-92.30934143066406
896,0.8968968987464905,83.5009765625,-0.00027549825608730316,0.022276971489191055,-89.86984252929688
897,0.8978978991508484,83.57182312011719,-0.0002751374267973006,0.02167666144669056,-87.76412200927734
898,0.8988988995552063,83.64273071289062,-0.00027507898630574346,0.022441307082772255,-90.78553009033203
899,0.8998998999595642,83.71370697021484,-0.0002745943493209779,0.02292080782353878,-92.7545166015625
900,0.9009009003639221,83.78473663330078,-0.0002736923051998019,0.022294489666819572,-90.59120178222656
901,0.90190190076828,83.85582733154297,-0.00027325982227921486,0.02299834042787552,-93.35877990722656
902,0.9029029011726379,83.9269790649414,-0.00027233274886384606,0.02297697588801384,-93.55132293701172
903,0.9039039015769958,83.99818420410156,-0.00027161199250258505,0.02291969396173954,-93.6146240234375
904,0.9049049019813538,84.06946563720703,-0.0002707995008677244,0.02249639295041561,-92.28079986572266
905,0.9059059023857117,84.14079284667969,-0.0002696914889384061,0.02195068635046482,-90.44611358642578
906,0.9069069027900696,84.21219635009766,-0.00026762328343465924,0.020966537296772003,-86.86260223388672
907,0.9079079031944275,84.28364562988281,-0.00026750535471364856,0.021571176126599312,-89.13285064697266
908,0.9089089035987854,84.35516357421875,-0.00026839759084396064,0.022486114874482155,-92.51219177246094
909,0.9099099040031433,84.42674255371094,-0.0002674527931958437,0.02210763841867447,-91.07766723632812
910,0.9109109044075012,84.49837493896484,-0.00026459782384335995,0.021163897588849068,-87.75489807128906
911,0.9119119048118591,84.57007598876953,-0.00026572769274935126,0.022613491863012314,-93.53536224365234
912,0.912912905216217,84.64183044433594,-0.00026262825122103095,0.02145564742386341,-89.54104614257812
913,0.913913905620575,84.71365356445312,-0.000259522843407467,0.019629068672657013,-82.8265151977539
914,0.9149149060249329,84.78553009033203,-0.0002594083489384502,0.01960892416536808,-82.9482192993164
915,0.9159159064292908,84.85746765136719,-0.0002587111375760287,0.0191034022718668,-81.1401596069336
916,0.9169169068336487,84.92947387695312,-0.0002586322370916605,0.019316067919135094,-82.04075622558594
917,0.9179179072380066,85.00153350830078,-0.00025792274391278625,0.018632814288139343,-79.43051147460938
918,0.9189189076423645,85.07366180419922,-0.0002572319353930652,0.018238769844174385,-78.01214599609375
919,0.9199199080467224,85.1458511352539,-0.0002565693575888872,0.01850876212120056,-79.28921508789062
920,0.9209209084510803,85.21809387207031,-0.0002550237695686519,0.01851694844663143,-79.59397888183594
921,0.9219219088554382,85.29039764404297,-0.0002529447665438056,0.01784883253276348,-77.21487426757812
922,0.9229229092597961,85.3627700805664,-0.00025111372815445065,0.018262194469571114,-79.10253143310547
923,0.923923909664154,85.43519592285156,-0.00024943711468949914,0.01855832152068615,-80.49270629882812
924,0.924924910068512,85.50769805908203,-0.000247886695433408,0.01886267028748989,-81.94268798828125
925,0.9259259104728699,85.58024597167969,-0.0002468852326273918,0.02069057710468769,-89.5073471069336
926,0.9269269108772278,85.6528549194336,-0.0002465995494276285,0.02102159895002842,-90.89582061767578
927,0.9279279112815857,85.72554779052734,-0.0002470692270435393,0.0208519846200943,-90.14082336425781
928,0.9289289116859436,85.79827880859375,-0.0002477182715665549,0.02061351016163826,-89.10930633544922
929,0.9299299120903015,85.87108612060547,-0.0002479145477991551,0.02063807100057602,-89.11495971679688
930,0.9309309124946594,85.9439468383789,-0.00024742522509768605,0.020775945857167244,-89.74227142333984
931,0.9319319128990173,86.01686096191406,-0.0002465441939420998,0.020937712863087654,-90.58659362792969
932,0.9329329133033752,86.08985137939453,-0.0002456451184116304,0.021070173010230064,-91.35111999511719
933,0.9339339137077332,86.16289520263672,-0.0002448192099109292,0.02130570448935032,-92.45181274414062
934,0.9349349141120911,86.23600769042969,-0.00024381828552577645,0.021978704258799553,-95.29512786865234
935,0.935935914516449,86.3091812133789,-0.00024353625485673547,0.02145375870168209,-93.27136993408203
936,0.9369369149208069,86.38240814208984,-0.00024368797312490642,0.021124346181750298,-91.95331573486328
937,0.9379379153251648,86.45570373535156,-0.00024372477491851896,0.021777009591460228,-94.58740234375
938,0.9389389157295227,86.52906799316406,-0.0002441492397338152,0.02217535860836506,-96.21404266357422
939,0.9399399161338806,86.60248565673828,-0.0002440602402202785,0.022728076204657555,-98.69220733642578
940,0.9409409165382385,86.67597198486328,-0.00024437325191684067,0.02255459874868393,-98.20777130126953
941,0.9419419169425964,86.74951171875,-0.0002444202546030283,0.022622449323534966,-98.75518035888672
942,0.9429429173469543,86.82312774658203,-0.00024454318918287754,0.021605119109153748,-94.83566284179688
943,0.9439439177513123,86.89679718017578,-0.000243847505771555,0.021565262228250504,-94.97441101074219
944,0.9449449181556702,86.97053527832031,-0.00024327861319761723,0.021480519324541092,-94.88459777832031
945,0.9459459185600281,87.04431915283203,-0.00024280347861349583,0.02081478200852871,-92.39657592773438
946,0.946946918964386,87.11817932128906,-0.00024232595751527697,0.02080398052930832,-92.54679107666016
947,0.9479479193687439,87.19210052490234,-0.00024204827786888927,0.020217472687363625,-90.28704833984375
948,0.9489489793777466,87.2660903930664,-0.0002419956581434235,0.02047405205667019,-91.43669891357422
949,0.9499499797821045,87.34013366699219,-0.00024225388187915087,0.020374761894345284,-91.12474822998047
950,0.9509509801864624,87.41423797607422,-0.00024176605802495033,0.02155892178416252,-96.17378997802734
951,0.9519519805908203,87.48841094970703,-0.0002411564637441188,0.021286793053150177,-95.24353790283203
952,0.9529529809951782,87.56263732910156,-0.00024038489209488034,0.021023740991950035,-94.33577728271484
953,0.9539539813995361,87.6369400024414,-0.00023896673519629985,0.022150108590722084,-99.28927612304688
954,0.954954981803894,87.71129608154297,-0.00023749189858790487,0.0220295712351799,-99.09719848632812
955,0.955955982208252,87.78572845458984,-0.00023622931621503085,0.022105835378170013,-99.7138442993164
956,0.9569569826126099,87.86021423339844,-0.00023516356304753572,0.022185014560818672,-100.29219818115234
957,0.9579579830169678,87.93476104736328,-0.0002345665852772072,0.021366173401474953,-96.91959381103516
958,0.9589589834213257,88.0093765258789,-0.00023387894907500595,0.02219638228416443,-100.51201629638672
959,0.9599599838256836,88.08405303955078,-0.00023354601580649614,0.021586017683148384,-97.97856140136719
960,0.9609609842300415,88.1587905883789,-0.0002329513372387737,0.021965738385915756,-99.77900695800781
961,0.9619619846343994,88.23359680175781,-0.00023283511109184474,0.021139243617653847,-96.43562316894531
962,0.9629629850387573,88.30846405029297,-0.00023252927348949015,0.021981803700327873,-100.26549530029297
963,0.9639639854431152,88.38339233398438,-0.00023247598437592387,0.021520283073186874,-98.47457122802734
964,0.9649649858474731,88.45838165283203,-0.00023209131904877722,0.02135538123548031,-97.9442138671875
965,0.965965986251831,88.53343963623047,-0.0002307596878381446,0.021968264132738113,-100.81480407714844
966,0.966966986656189,88.60856628417969,-0.00022938699112273753,0.022196345031261444,-101.97216796875
967,0.9679679870605469,88.68374633789062,-0.0002282423956785351,0.022006064653396606,-101.25288391113281
968,0.9689689874649048,88.75899505615234,-0.00022708131291437894,0.022562848404049873,-103.81697082519531
969,0.9699699878692627,88.83431243896484,-0.00022648238518740982,0.022003978490829468,-101.38813781738281
970,0.9709709882736206,88.90968322753906,-0.00022663598065264523,0.020923279225826263,-96.59581756591797
971,0.9719719886779785,88.98513793945312,-0.00022673778585158288,0.021165112033486366,-97.62816619873047
972,0.9729729890823364,89.06063842773438,-0.00022721581626683474,0.020828720182180405,-96.16755676269531
973,0.9739739894866943,89.13619995117188,-0.00022766954498365521,0.020794417709112167,-96.15975189208984
974,0.9749749898910522,89.21183776855469,-0.00022846300271339715,0.020201578736305237,-93.7695541381836
975,0.9759759902954102,89.28753662109375,-0.0002283614012412727,0.021440988406538963,-99.45500183105469
976,0.9769769906997681,89.36328887939453,-0.00022823581821285188,0.02142307162284851,-99.57476806640625
977,0.977977991104126,89.43911743164062,-0.00022772359079681337,0.020446952432394028,-95.47699737548828
978,0.9789789915084839,89.5150146484375,-0.00022693254868499935,0.02065216563642025,-96.5347671508789
979,0.9799799919128418,89.59095764160156,-0.0002260577748529613,0.02032804861664772,-95.26667785644531
980,0.9809809923171997,89.66697692871094,-0.00022522342624142766,0.02124728448688984,-99.56898498535156
981,0.9819819927215576,89.7430648803711,-0.0002245236828457564,0.021197784692049026,-99.62272644042969
982,0.9829829931259155,89.81920623779297,-0.0002240037138108164,0.020238036289811134,-95.7021255493164
983,0.9839839935302734,89.89541625976562,-0.00022388121578842402,0.020597927272319794,-97.62850189208984
984,0.9849849939346313,89.97168731689453,-0.00022392161190509796,0.020834030583500862,-98.8985366821289
985,0.9859859943389893,90.04803466796875,-0.00022416272258851677,0.02051355317234993,-97.57763671875
986,0.9869869947433472,90.12445068359375,-0.00022426860232371837,0.021230336278676987,-100.82301330566406
987,0.9879879951477051,90.20091247558594,-0.00022405940399039537,0.02273465134203434,-107.58824920654297
988,0.988988995552063,90.27745819091797,-0.0002246278163511306,0.0223475843667984,-105.9048843383789
989,0.9899899959564209,90.35404968261719,-0.000224534043809399,0.022654807195067406,-107.43106079101562
990,0.9909909963607788,90.43071746826172,-0.00022392514802049845,0.02230195328593254,-106.18883514404297
991,0.9919919967651367,90.5074462890625,-0.00022281156270764768,0.021871287375688553,-104.63399505615234
992,0.9929929971694946,90.58423614501953,-0.0002213775587733835,0.02234427072107792,-107.20113372802734
993,0.9939939975738525,90.6611099243164,-0.00021934902179054916,0.022190885618329048,-107.01365661621094
994,0.9949949979782104,90.73802947998047,-0.00021705450490117073,0.021534647792577744,-104.3983154296875
995,0.9959959983825684,90.81501770019531,-0.00021493705571629107,0.02095966972410679,-102.00643920898438
996,0.9969969987869263,90.89208221435547,-0.00021469322382472456,0.021258875727653503,-103.42096710205078
997,0.9979979991912842,90.96920013427734,-0.00021551051759161055,0.020264483988285065,-98.45514678955078
998,0.9989989995956421,91.04638671875,-0.0002203148033004254,0.020967114716768265,-100.96302032470703
999,1.0,91.12364959716797,-0.00022799304861109704,0.021137524396181107,-100.40251159667969
