index,timestep,Diffusion_Coeff,Divergence,score,pos
0,0.0,39.05299377441406,-0.006676829885691404,-0.15022271871566772,56.986759185791016
1,0.0010010009864345193,39.08612823486328,-0.006953670643270016,-0.1530560702085495,57.470664978027344
2,0.0020020019728690386,39.11929702758789,-0.007647274993360043,-0.13415101170539856,55.018070220947266
3,0.0030030030757188797,39.15248489379883,-0.007719505578279495,-0.1330498456954956,55.019893646240234
4,0.004004003945738077,39.185707092285156,-0.007273412309587002,-0.1493963599205017,57.32817840576172
5,0.005005004815757275,39.218955993652344,-0.007204344496130943,-0.1509961038827896,57.638614654541016
6,0.006006006151437759,39.25223159790039,-0.0070223500952124596,-0.15516266226768494,58.29835510253906
7,0.007007007021456957,39.28553771972656,-0.007741997018456459,-0.12960894405841827,54.91245651245117
8,0.008008007891476154,39.31887435913086,-0.007567905355244875,-0.13413867354393005,55.59413146972656
9,0.009009009227156639,39.352237701416016,-0.007753990590572357,-0.12599852681159973,54.67466735839844
10,0.01001000963151455,39.38562774658203,-0.007719102315604687,-0.12490716576576233,54.71736145019531
11,0.011011010967195034,39.41904830932617,-0.007501253392547369,-0.12975816428661346,55.56086730957031
12,0.012012012302875519,39.452491760253906,-0.007459821179509163,-0.12718349695205688,55.413002014160156
13,0.013013012707233429,39.48596954345703,-0.007388537283986807,-0.12548133730888367,55.325889587402344
14,0.014014014042913914,39.51947021484375,-0.0073106661438941956,-0.12322159111499786,55.13331985473633
15,0.015015014447271824,39.55300521850586,-0.007372422609478235,-0.11527153849601746,54.138587951660156
16,0.01601601578295231,39.58656692504883,-0.007300378289073706,-0.11230858415365219,53.90327835083008
17,0.01701701618731022,39.620155334472656,-0.007334377616643906,-0.1057485044002533,53.18783187866211
18,0.018018018454313278,39.653770446777344,-0.007210353389382362,-0.10682160407304764,53.483802795410156
19,0.01901901885867119,39.68742370605469,-0.007202702574431896,-0.1039128229022026,53.25015640258789
20,0.0200200192630291,39.721092224121094,-0.006936621852219105,-0.11085972934961319,54.45277404785156
21,0.021021021530032158,39.754798889160156,-0.006643947213888168,-0.11924482882022858,55.90637969970703
22,0.022022021934390068,39.78852844238281,-0.006662502884864807,-0.11541677266359329,55.54640197753906
23,0.023023022338747978,39.82229232788086,-0.006525400094687939,-0.11762161552906036,56.095027923583984
24,0.024024024605751038,39.8560791015625,-0.006202179938554764,-0.1278637796640396,57.905975341796875
25,0.025025025010108948,39.889896392822266,-0.005949611775577068,-0.1345399171113968,59.251949310302734
26,0.026026025414466858,39.92374801635742,-0.005903938785195351,-0.1326412707567215,59.15476608276367
27,0.027027025818824768,39.95762252807617,-0.0056856186129152775,-0.1378999650478363,60.2562255859375
28,0.028028028085827827,39.99152755737305,-0.005656083580106497,-0.13547001779079437,60.00519943237305
29,0.029029028490185738,40.02545928955078,-0.005512588657438755,-0.13683155179023743,60.4310417175293
30,0.030030028894543648,40.05942153930664,-0.005329323932528496,-0.1393880397081375,61.09027862548828
31,0.031031031161546707,40.093414306640625,-0.005044702440500259,-0.14557874202728271,62.54214859008789
32,0.03203203156590462,40.1274299621582,-0.005031404085457325,-0.14547066390514374,62.697330474853516
33,0.03303303197026253,40.16147994995117,-0.005564297083765268,-0.12754254043102264,59.39735794067383
34,0.03403403237462044,40.195556640625,-0.005422947928309441,-0.13351751863956451,60.55790710449219
35,0.03503503277897835,40.22966384887695,-0.005708170589059591,-0.12331748753786087,58.8152961730957
36,0.036036036908626556,40.263797760009766,-0.005768048111349344,-0.120223768055439,58.42740249633789
37,0.03703703731298447,40.29795837402344,-0.005838918033987284,-0.11613266170024872,57.85708236694336
38,0.03803803771734238,40.3321533203125,-0.005668724421411753,-0.1213311031460762,58.897247314453125
39,0.03903903812170029,40.36637878417969,-0.005438328720629215,-0.12845155596733093,60.34886169433594
40,0.0400400385260582,40.40062713623047,-0.005270238500088453,-0.13249517977237701,61.31718826293945
41,0.04104103893041611,40.434906005859375,-0.005188200157135725,-0.13214552402496338,61.55622482299805
42,0.042042043060064316,40.469215393066406,-0.005026387050747871,-0.13508586585521698,62.537498474121094
43,0.043043043464422226,40.50355529785156,-0.004980146419256926,-0.13412633538246155,62.69723129272461
44,0.044044043868780136,40.53792190551758,-0.005216540303081274,-0.12184799462556839,60.544124603271484
45,0.045045044273138046,40.572322845458984,-0.00502870324999094,-0.12916439771652222,62.131370544433594
46,0.046046044677495956,40.606746673583984,-0.005180446431040764,-0.12121430784463882,60.73075485229492
47,0.04704704508185387,40.641197204589844,-0.005172803997993469,-0.12048538774251938,60.71969985961914
48,0.048048049211502075,40.67568588256836,-0.005033639259636402,-0.12572629749774933,61.87510681152344
49,0.049049049615859985,40.71019744873047,-0.004950166214257479,-0.1282625049352646,62.55251693725586
50,0.050050050020217896,40.7447395324707,-0.0051973662339150906,-0.11525589227676392,60.19627380371094
51,0.051051050424575806,40.77931213378906,-0.004914542660117149,-0.1251242607831955,62.480735778808594
52,0.052052050828933716,40.81391143798828,-0.004847843199968338,-0.1253507286310196,62.8659782409668
53,0.053053051233291626,40.84854507446289,-0.004537159577012062,-0.13838784396648407,65.98328399658203
54,0.054054051637649536,40.88320541381836,-0.0043985177762806416,-0.14358735084533691,67.46812438964844
55,0.055055055767297745,40.91789627075195,-0.0042316303588449955,-0.15102900564670563,69.51564025878906
56,0.056056056171655655,40.952613830566406,-0.004261641763150692,-0.14673522114753723,68.78669738769531
57,0.057057056576013565,40.987361907958984,-0.0043101841583848,-0.14178256690502167,67.84510040283203
58,0.058058056980371475,41.02214431762695,-0.0042208107188344,-0.1456306129693985,68.92033386230469
59,0.059059057384729385,41.056949615478516,-0.004370942246168852,-0.13488680124282837,66.65422058105469
60,0.060060057789087296,41.0917854309082,-0.0043587954714894295,-0.13345709443092346,66.61872100830078
61,0.061061061918735504,41.12665557861328,-0.00437348335981369,-0.12982602417469025,66.15258026123047
62,0.062062062323093414,41.16154479980469,-0.00446900213137269,-0.12205811589956284,64.67654418945312
63,0.06306306272745132,41.19647216796875,-0.00451736431568861,-0.11764824390411377,63.909202575683594
64,0.06406406313180923,41.23143005371094,-0.004430937580764294,-0.12060490250587463,64.8321304321289
65,0.06506506353616714,41.266414642333984,-0.004243568517267704,-0.1296856701374054,67.23558044433594
66,0.06606606394052505,41.301429748535156,-0.004190194420516491,-0.13127155601978302,67.9003677368164
67,0.06706706434488297,41.33647537231445,-0.004234966356307268,-0.126039057970047,66.99195861816406
68,0.06806806474924088,41.37154769897461,-0.004126151092350483,-0.1297961175441742,68.36643981933594
69,0.06906906515359879,41.406654357910156,-0.004206403158605099,-0.12068622559309006,66.54196166992188
70,0.0700700655579567,41.44178771972656,-0.004130846820771694,-0.12198499590158463,67.19985961914062
71,0.0710710734128952,41.476951599121094,-0.004162542521953583,-0.11567579954862595,65.96708679199219
72,0.07207207381725311,41.512142181396484,-0.004125408828258514,-0.11484850943088531,65.9737777709961
73,0.07307307422161102,41.547367095947266,-0.004122908692806959,-0.11161947250366211,65.37517547607422
74,0.07407407462596893,41.582618713378906,-0.0041045998223125935,-0.11101355403661728,65.33544158935547
75,0.07507507503032684,41.61790466308594,-0.0041131312027573586,-0.10984780639410019,65.08007049560547
76,0.07607607543468475,41.65321731567383,-0.0040389676578342915,-0.11660915613174438,66.7033920288086
77,0.07707707583904266,41.688560485839844,-0.004086706787347794,-0.11374156922101974,66.00592041015625
78,0.07807807624340057,41.72393035888672,-0.00401532044634223,-0.12009793519973755,67.6316146850586
79,0.07907907664775848,41.75933074951172,-0.003964411560446024,-0.12284425646066666,68.54644775390625
80,0.0800800770521164,41.794769287109375,-0.003917883615940809,-0.1237882450222969,69.10762023925781
81,0.0810810774564743,41.830230712890625,-0.003987893462181091,-0.11416183412075043,67.03838348388672
82,0.08208207786083221,41.865726470947266,-0.003983820788562298,-0.11109025776386261,66.53726959228516
83,0.08308307826519012,41.9012451171875,-0.004056976176798344,-0.10142242908477783,64.3318862915039
84,0.08408408612012863,41.93680191040039,-0.0040048351511359215,-0.10319089144468307,64.87371826171875
85,0.08508508652448654,41.97238540649414,-0.004040217958390713,-0.09959231317043304,63.94940185546875
86,0.08608608692884445,42.00799560546875,-0.004054009914398193,-0.0987486019730568,63.659706115722656
87,0.08708708733320236,42.043643951416016,-0.004010339267551899,-0.10210826247930527,64.47689819335938
88,0.08808808773756027,42.079315185546875,-0.004036830272525549,-0.09924179315567017,63.813812255859375
89,0.08908908814191818,42.115020751953125,-0.004012782126665115,-0.09907075017690659,64.00320434570312
90,0.09009008854627609,42.1507568359375,-0.004032301716506481,-0.09576818346977234,63.41769027709961
91,0.091091088950634,42.186519622802734,-0.003997118212282658,-0.09858743846416473,64.35421752929688
92,0.09209208935499191,42.22231674194336,-0.004001246765255928,-0.09600846469402313,64.02214050292969
93,0.09309308975934982,42.258140563964844,-0.004022848792374134,-0.08914562314748764,62.65433120727539
94,0.09409409016370773,42.29399490356445,-0.003974661696702242,-0.09056749194860458,63.36149597167969
95,0.09509509056806564,42.32988739013672,-0.004003615118563175,-0.07962968945503235,60.91449737548828
96,0.09609609842300415,42.36580276489258,-0.0039875381626188755,-0.07439861446619034,59.814884185791016
97,0.09709709882736206,42.40175247192383,-0.0038924049586057663,-0.08695933222770691,63.152313232421875
98,0.09809809923171997,42.4377326965332,-0.003887426108121872,-0.08072640746831894,61.673065185546875
99,0.09909909963607788,42.473731994628906,-0.003869378473609686,-0.07064107060432434,59.23195266723633
100,0.10010010004043579,42.5097770690918,-0.0038171187043190002,-0.07109831273555756,59.472599029541016
101,0.1011011004447937,42.545841217041016,-0.0037840160075575113,-0.07190437614917755,59.74071502685547
102,0.10210210084915161,42.58195114135742,-0.0037652072496712208,-0.07210920751094818,59.817161560058594
103,0.10310310125350952,42.618080139160156,-0.0037574623711407185,-0.07130934298038483,59.601192474365234
104,0.10410410165786743,42.65423583984375,-0.0037370731588453054,-0.0737806111574173,60.277645111083984
105,0.10510510206222534,42.6904296875,-0.003725434187799692,-0.07471031695604324,60.47970199584961
106,0.10610610246658325,42.726654052734375,-0.003648672252893448,-0.08705642074346542,63.827476501464844
107,0.10710710287094116,42.762908935546875,-0.0036093550734221935,-0.08730265498161316,64.00203704833984
108,0.10810810327529907,42.799190521240234,-0.003545991610735655,-0.09153079986572266,65.34564971923828
109,0.10910911113023758,42.83551025390625,-0.0035305966157466173,-0.09101486951112747,65.33851623535156
110,0.11011011153459549,42.871856689453125,-0.003582610283046961,-0.08013707399368286,62.427371978759766
111,0.1111111119389534,42.90822982788086,-0.003612260101363063,-0.07131333649158478,60.12775802612305
112,0.11211211234331131,42.94463348388672,-0.003577720606699586,-0.07975484430789948,62.69520568847656
113,0.11311311274766922,42.9810791015625,-0.0035746623761951923,-0.06788112223148346,59.64789962768555
114,0.11411411315202713,43.017547607421875,-0.0035456211771816015,-0.06798379868268967,59.95427703857422
115,0.11511511355638504,43.054054260253906,-0.0034992615692317486,-0.06723691523075104,60.06663513183594
116,0.11611611396074295,43.090579986572266,-0.003467490430921316,-0.07044363021850586,61.162330627441406
117,0.11711711436510086,43.127140045166016,-0.0034273441415280104,-0.06694826483726501,60.24631881713867
118,0.11811811476945877,43.16373825073242,-0.0034015588462352753,-0.06415321677923203,59.445125579833984
119,0.11911911517381668,43.20035934448242,-0.0034084918443113565,-0.06587374955415726,59.90709686279297
120,0.12012011557817459,43.23701477050781,-0.003395866136997938,-0.05985970422625542,58.08395767211914
121,0.1211211159825325,43.27370834350586,-0.0033971136435866356,-0.06161867827177048,58.62493133544922
122,0.12212212383747101,43.3104248046875,-0.0033808110747486353,-0.061127956956624985,58.513023376464844
123,0.12312312424182892,43.34716796875,-0.003339681774377823,-0.055849988013505936,56.99565124511719
124,0.12412412464618683,43.38395309448242,-0.003308427520096302,-0.054293762892484665,56.64899444580078
125,0.12512512505054474,43.42076110839844,-0.0033153374679386616,-0.0600760281085968,58.574039459228516
126,0.12612612545490265,43.45760726928711,-0.003275575116276741,-0.058436647057533264,58.28976821899414
127,0.12712712585926056,43.494476318359375,-0.0032447031699121,-0.0573945976793766,58.18000030517578
128,0.12812812626361847,43.5313835144043,-0.003244484541937709,-0.06052036210894585,59.32503890991211
129,0.12912912666797638,43.56832504272461,-0.003194742603227496,-0.054391201585531235,57.565338134765625
130,0.1301301270723343,43.605289459228516,-0.0031877541914582253,-0.05371265858411789,57.465091705322266
131,0.1311311274766922,43.64228820800781,-0.0031879283487796783,-0.053962480276823044,57.62606430053711
132,0.1321321278810501,43.679317474365234,-0.0032340437173843384,-0.06270784139633179,60.43231964111328
133,0.13313312828540802,43.71638107299805,-0.003230696078389883,-0.06907935440540314,62.495975494384766
134,0.13413412868976593,43.753475189208984,-0.0032080395612865686,-0.07138355076313019,63.2926025390625
135,0.13513512909412384,43.79059600830078,-0.0031270484905689955,-0.07279199361801147,64.10546875
136,0.13613612949848175,43.827762603759766,-0.003048114012926817,-0.06991768628358841,63.5113410949707
137,0.13713712990283966,43.86494445800781,-0.003003881312906742,-0.07549962401390076,65.61473083496094
138,0.13813813030719757,43.902164459228516,-0.002974861301481724,-0.07204697281122208,64.59318542480469
139,0.13913913071155548,43.93941879272461,-0.002962759928777814,-0.07138700783252716,64.47293853759766
140,0.1401401311159134,43.9766960144043,-0.0029721902683377266,-0.07769040018320084,66.65657806396484
141,0.1411411464214325,44.014015197753906,-0.002985523082315922,-0.07903851568698883,67.13558197021484
142,0.1421421468257904,44.051361083984375,-0.002996157156303525,-0.08295097202062607,68.53498840332031
143,0.14314314723014832,44.08873748779297,-0.002975345589220524,-0.08169598877429962,68.40860748291016
144,0.14414414763450623,44.12614822387695,-0.0029466410633176565,-0.07452215254306793,66.22486114501953
145,0.14514514803886414,44.1635856628418,-0.002928481437265873,-0.07831960916519165,67.793212890625
146,0.14614614844322205,44.20106506347656,-0.00288914586417377,-0.07559841871261597,67.21353912353516
147,0.14714714884757996,44.238563537597656,-0.0028326264582574368,-0.06848222017288208,65.04792022705078
148,0.14814814925193787,44.27610778808594,-0.002790491096675396,-0.06696302443742752,64.73957061767578
149,0.14914914965629578,44.31366729736328,-0.002745612058788538,-0.06125113368034363,62.76968765258789
150,0.1501501500606537,44.35126876831055,-0.002728164428845048,-0.0624600350856781,63.21630096435547
151,0.1511511504650116,44.38890075683594,-0.0027160821482539177,-0.06817115843296051,65.27117156982422
152,0.1521521508693695,44.426570892333984,-0.002702308353036642,-0.06959129124879837,65.71327209472656
153,0.15315315127372742,44.464263916015625,-0.002699732081964612,-0.06638707965612411,64.4050064086914
154,0.15415415167808533,44.50199508666992,-0.0026993670035153627,-0.06723575294017792,64.57837677001953
155,0.15515515208244324,44.53975296020508,-0.002682564314454794,-0.063900426030159,63.34119415283203
156,0.15615615248680115,44.57754898071289,-0.0026543354615569115,-0.061979394406080246,62.720035552978516
157,0.15715715289115906,44.6153678894043,-0.002627194859087467,-0.06315069645643234,63.3362922668457
158,0.15815815329551697,44.653228759765625,-0.0025971364229917526,-0.06101752817630768,62.72797775268555
159,0.15915915369987488,44.69111251831055,-0.0025784638710319996,-0.060894668102264404,62.90569305419922
160,0.1601601541042328,44.72903823852539,-0.002541945781558752,-0.05619853734970093,61.281890869140625
161,0.1611611545085907,44.76698684692383,-0.0025661669205874205,-0.06376765668392181,64.38052368164062
162,0.1621621549129486,44.804969787597656,-0.0025313773658126593,-0.054568883031606674,60.846229553222656
163,0.16316315531730652,44.842987060546875,-0.002546160016208887,-0.05489303544163704,60.97860336303711
164,0.16416415572166443,44.88103485107422,-0.002529456280171871,-0.05495364964008331,61.163116455078125
165,0.16516515612602234,44.91912078857422,-0.002520096255466342,-0.05865514278411865,62.887229919433594
166,0.16616615653038025,44.95723342895508,-0.0025004399940371513,-0.061863161623477936,64.44813537597656
167,0.16716717183589935,44.99538040161133,-0.0024650744162499905,-0.05914858728647232,63.564537048339844
168,0.16816817224025726,45.03356170654297,-0.002436785027384758,-0.057993706315755844,63.2528076171875
169,0.16916917264461517,45.071773529052734,-0.0024081801529973745,-0.055216848850250244,62.141902923583984
170,0.17017017304897308,45.110015869140625,-0.00239505129866302,-0.05386872962117195,61.52307891845703
171,0.171171173453331,45.14828872680664,-0.002391157206147909,-0.05319400131702423,61.15718078613281
172,0.1721721738576889,45.18659973144531,-0.0024065650068223476,-0.05410946160554886,61.42123031616211
173,0.17317317426204681,45.22494125366211,-0.0024274876341223717,-0.056587476283311844,62.3332405090332
174,0.17417417466640472,45.2633171081543,-0.0024286413099616766,-0.05716565251350403,62.510196685791016
175,0.17517517507076263,45.30172348022461,-0.002358897589147091,-0.050619255751371384,59.89565658569336
176,0.17617617547512054,45.34016036987305,-0.0023732250556349754,-0.056280143558979034,62.52324676513672
177,0.17717717587947845,45.37863540649414,-0.0023433146998286247,-0.056129004806280136,62.716331481933594
178,0.17817817628383636,45.41713333129883,-0.002332114614546299,-0.057512421160936356,63.551856994628906
179,0.17917917668819427,45.45567321777344,-0.0022927094250917435,-0.053616106510162354,62.078765869140625
180,0.18018017709255219,45.49424362182617,-0.002312656957656145,-0.05714576691389084,63.74502944946289
181,0.1811811774969101,45.53284454345703,-0.0023085358552634716,-0.05645415559411049,63.54037857055664
182,0.182182177901268,45.571475982666016,-0.0023143189027905464,-0.05739803984761238,64.01203918457031
183,0.18318317830562592,45.610145568847656,-0.0023173997178673744,-0.06047601252794266,65.42843627929688
184,0.18418417870998383,45.64884567260742,-0.002283157780766487,-0.056870728731155396,63.99684524536133
185,0.18518517911434174,45.68758010864258,-0.002252183621749282,-0.055069856345653534,63.279319763183594
186,0.18618617951869965,45.726348876953125,-0.0022552339360117912,-0.059884682297706604,65.46243286132812
187,0.18718717992305756,45.76514434814453,-0.002218955662101507,-0.057760775089263916,64.62516784667969
188,0.18818818032741547,45.803977966308594,-0.0022103572264313698,-0.06190689653158188,66.60675811767578
189,0.18918918073177338,45.84284210205078,-0.0021907170303165913,-0.061766788363456726,66.6690902709961
190,0.1901901811361313,45.881744384765625,-0.0021781735122203827,-0.06715447455644608,69.37857818603516
191,0.1911911815404892,45.92066955566406,-0.0021604441571980715,-0.06471942365169525,68.49610900878906
192,0.1921921968460083,45.95963668823242,-0.0021470384672284126,-0.07579570263624191,73.89781188964844
193,0.1931931972503662,45.99863052368164,-0.0021388803143054247,-0.07698673009872437,74.64293670654297
194,0.19419419765472412,46.037662506103516,-0.002135684248059988,-0.07661666721105576,74.59890747070312
195,0.19519519805908203,46.07672882080078,-0.002126299310475588,-0.08137217164039612,76.94221496582031
196,0.19619619846343994,46.115821838378906,-0.002137147355824709,-0.07825182378292084,75.48463439941406
197,0.19719719886779785,46.15495300292969,-0.0021462582517415285,-0.07986333966255188,76.16717529296875
198,0.19819819927215576,46.194114685058594,-0.0021642339415848255,-0.07675910741090775,74.63162231445312
199,0.19919919967651367,46.23331069946289,-0.002163456752896309,-0.08258739113807678,77.34930419921875
200,0.20020020008087158,46.27254104614258,-0.0021555034909397364,-0.08165015280246735,77.01272583007812
201,0.2012012004852295,46.31180191040039,-0.0021427299361675978,-0.0809129849076271,76.82112884521484
202,0.2022022008895874,46.35110092163086,-0.002117843832820654,-0.08438271284103394,78.7486801147461
203,0.2032032012939453,46.39043045043945,-0.002083280822262168,-0.08352585881948471,78.83729553222656
204,0.20420420169830322,46.42979049682617,-0.002049583476036787,-0.07994510978460312,77.64954376220703
205,0.20520520210266113,46.46918487548828,-0.0020198316778987646,-0.08121544867753983,78.69227600097656
206,0.20620620250701904,46.50861740112305,-0.0019975921604782343,-0.08169154077768326,79.22496795654297
207,0.20720720291137695,46.54807662963867,-0.0019912912975996733,-0.07969295978546143,78.38887023925781
208,0.20820820331573486,46.58757400512695,-0.0019867822993546724,-0.07734712958335876,77.39159393310547
209,0.20920920372009277,46.62710189819336,-0.0019730296917259693,-0.07771360129117966,77.86913299560547
210,0.21021020412445068,46.666664123535156,-0.0019536695908755064,-0.08192123472690582,80.22460174560547
211,0.2112112045288086,46.706260681152344,-0.0019373048562556505,-0.08458524197340012,81.75458526611328
212,0.2122122049331665,46.74589157104492,-0.0019183316035196185,-0.08759621530771255,83.5076904296875
213,0.21321320533752441,46.78555679321289,-0.0019112013978883624,-0.08516593277454376,82.48924255371094
214,0.21421420574188232,46.825252532958984,-0.0019025583751499653,-0.08542317897081375,82.86976623535156
215,0.21521520614624023,46.864990234375,-0.0018980775494128466,-0.08585020899772644,83.34683227539062
216,0.21621620655059814,46.90475082397461,-0.0019032706040889025,-0.08339150249958038,82.06635284423828
217,0.21721720695495605,46.94455337524414,-0.0019205913413316011,-0.08480332791805267,82.57254028320312
218,0.21821822226047516,46.98438262939453,-0.0019340978469699621,-0.08858107775449753,84.23876953125
219,0.21921922266483307,47.024253845214844,-0.0019451994448900223,-0.09013012796640396,84.72410583496094
220,0.22022022306919098,47.064151763916016,-0.0019306570757180452,-0.09298180788755417,86.28717041015625
221,0.2212212234735489,47.104087829589844,-0.0019069532863795757,-0.09368838369846344,86.94844818115234
222,0.2222222238779068,47.14405059814453,-0.0018800494726747274,-0.09675180912017822,88.99726104736328
223,0.2232232242822647,47.18405532836914,-0.0018685191171243787,-0.09466714411973953,88.36661529541016
224,0.22422422468662262,47.22409439086914,-0.0018569829408079386,-0.09612593799829483,89.49343872070312
225,0.22522522509098053,47.264163970947266,-0.0018536795396357775,-0.09568244218826294,89.47505950927734
226,0.22622622549533844,47.304264068603516,-0.001851600594818592,-0.09709429740905762,90.31533813476562
227,0.22722722589969635,47.34440231323242,-0.0018588000675663352,-0.09506434947252274,89.28580474853516
228,0.22822822630405426,47.384578704833984,-0.0018595699220895767,-0.09794364869594574,90.811767578125
229,0.22922922670841217,47.424781799316406,-0.0018701753579080105,-0.09744592010974884,90.49993133544922
230,0.23023022711277008,47.465023040771484,-0.001875980757176876,-0.0981544479727745,91.02154541015625
231,0.231231227517128,47.50529479980469,-0.001873237662948668,-0.09424034506082535,89.29596710205078
232,0.2322322279214859,47.54560470581055,-0.0018600175390020013,-0.09352941066026688,89.3603515625
233,0.2332332283258438,47.58594512939453,-0.0018500261940062046,-0.09513857215642929,90.59138488769531
234,0.23423422873020172,47.62632369995117,-0.0018341306131333113,-0.09443046152591705,90.65336608886719
235,0.23523522913455963,47.6667366027832,-0.0018190473783761263,-0.09441342949867249,91.09086608886719
236,0.23623622953891754,47.707176208496094,-0.0018066365737468004,-0.0979282408952713,93.39739990234375
237,0.23723722994327545,47.74766540527344,-0.001805790700018406,-0.10125415772199631,95.32256317138672
238,0.23823823034763336,47.788177490234375,-0.0018093707039952278,-0.1014859527349472,95.36963653564453
239,0.23923923075199127,47.8287239074707,-0.0018048021011054516,-0.100049689412117,94.54962158203125
240,0.24024023115634918,47.86930847167969,-0.0017962852725759149,-0.09534253925085068,92.116943359375
241,0.2412412315607071,47.9099235534668,-0.001778789795935154,-0.09643828868865967,93.02484893798828
242,0.242242231965065,47.95058059692383,-0.0017800020286813378,-0.08738081902265549,88.2363510131836
243,0.2432432323694229,47.99126052856445,-0.0017743549542501569,-0.0837496668100357,86.35533142089844
244,0.24424424767494202,48.031982421875,-0.0017586953472346067,-0.08549228310585022,87.37633514404297
245,0.24524524807929993,48.07273864746094,-0.0017419576179236174,-0.087185800075531,88.43245697021484
246,0.24624624848365784,48.113529205322266,-0.0017171890940517187,-0.08923784643411636,89.95059967041016
247,0.24724724888801575,48.154354095458984,-0.001688811811618507,-0.0918952003121376,91.98753356933594
248,0.24824824929237366,48.19520950317383,-0.00166948395781219,-0.09382981061935425,93.57169342041016
249,0.24924924969673157,48.236106872558594,-0.0016536079347133636,-0.09181995689868927,92.74669647216797
250,0.2502502501010895,48.277034759521484,-0.0016477250028401613,-0.09273192286491394,93.30113983154297
251,0.2512512505054474,48.317996978759766,-0.0016529057174921036,-0.08978472650051117,91.34132385253906
252,0.2522522509098053,48.35899353027344,-0.0016564269317314029,-0.0859370231628418,89.08830261230469
253,0.2532532513141632,48.40003204345703,-0.0016576077323406935,-0.08256097882986069,87.30533599853516
254,0.2542542517185211,48.44109344482422,-0.0016583879478275776,-0.0807415172457695,86.41801452636719
255,0.25525525212287903,48.48219680786133,-0.0016551143489778042,-0.08283840864896774,87.80396270751953
256,0.25625625252723694,48.52333450317383,-0.0016586034325882792,-0.08302076905965805,87.98512268066406
257,0.25725725293159485,48.564510345458984,-0.0016622322145849466,-0.08421371877193451,88.69171905517578
258,0.25825825333595276,48.605712890625,-0.0016608492005616426,-0.08307681977748871,88.21554565429688
259,0.25925925374031067,48.64695739746094,-0.0016452070558443666,-0.08696766197681427,90.93975067138672
260,0.2602602541446686,48.688236236572266,-0.0016344792675226927,-0.08597023785114288,90.67250061035156
261,0.2612612545490265,48.729549407958984,-0.0016292696818709373,-0.08206837624311447,88.5146484375
262,0.2622622549533844,48.770896911621094,-0.00162121478933841,-0.08528631180524826,90.70635223388672
263,0.2632632553577423,48.812278747558594,-0.0016036975430324674,-0.09085915982723236,94.47966766357422
264,0.2642642557621002,48.85369110107422,-0.0015944710467010736,-0.09075824916362762,94.69024658203125
265,0.26526525616645813,48.895145416259766,-0.0015861619031056762,-0.09323480725288391,96.52886199951172
266,0.26626625657081604,48.93663787841797,-0.001582294120453298,-0.09257535636425018,96.33242797851562
267,0.26726725697517395,48.97815704345703,-0.0015726146521046758,-0.09445426613092422,97.85814666748047
268,0.26826825737953186,49.01971435546875,-0.001569033833220601,-0.09416592121124268,97.98072814941406
269,0.26926925778388977,49.061309814453125,-0.0015637242468073964,-0.093406543135643,97.9130630493164
270,0.2702702581882477,49.10293960571289,-0.0015562117332592607,-0.09449071437120438,98.989501953125
271,0.2712712585926056,49.14460754394531,-0.001550694345496595,-0.09407439827919006,99.05170440673828
272,0.2722722589969635,49.18630599975586,-0.0015445754397660494,-0.09168478101491928,97.8268051147461
273,0.2732732594013214,49.2280387878418,-0.0015336493961513042,-0.09270461648702621,98.77335357666016
274,0.2742742598056793,49.26980972290039,-0.0015256241895258427,-0.09306296706199646,99.29828643798828
275,0.27527526021003723,49.31161880493164,-0.001520085148513317,-0.09008768200874329,97.59368896484375
276,0.27627626061439514,49.35345458984375,-0.0015186176169663668,-0.08970201760530472,97.48697662353516
277,0.27727726101875305,49.39533233642578,-0.001523241400718689,-0.08722192794084549,95.82669830322266
278,0.27827826142311096,49.4372444152832,-0.0015280195511877537,-0.08600765466690063,95.09272003173828
279,0.27927926182746887,49.479190826416016,-0.0015316945500671864,-0.08696755021810532,95.80659484863281
280,0.2802802622318268,49.52117156982422,-0.0015381076373159885,-0.0840805172920227,93.72059631347656
281,0.2812812626361847,49.56319046020508,-0.0015447430778294802,-0.08320833742618561,93.02349090576172
282,0.282282292842865,49.60525131225586,-0.001535417279228568,-0.08305145800113678,93.16063690185547
283,0.2832832932472229,49.6473388671875,-0.001519431360065937,-0.07989493012428284,91.41036987304688
284,0.2842842936515808,49.6894645690918,-0.0015100939199328423,-0.08210714906454086,93.1592025756836
285,0.2852852940559387,49.73162841796875,-0.0014931997284293175,-0.07637934386730194,89.66561889648438
286,0.28628629446029663,49.77382278442383,-0.0014848324935883284,-0.07402507215738297,88.33902740478516
287,0.28728729486465454,49.81605911254883,-0.0014844808029010892,-0.07115479558706284,86.51806640625
288,0.28828829526901245,49.85832595825195,-0.0014906695578247309,-0.07607918977737427,89.9985122680664
289,0.28928929567337036,49.900630950927734,-0.0014886280987411737,-0.07679420709609985,90.77676391601562
290,0.29029029607772827,49.94297409057617,-0.0014763220679014921,-0.07333578914403915,88.83000183105469
291,0.2912912964820862,49.985355377197266,-0.0014626465272158384,-0.07314256578683853,89.14905548095703
292,0.2922922968864441,50.02776336669922,-0.0014445444103330374,-0.07186626642942429,88.64779663085938
293,0.293293297290802,50.07020950317383,-0.0014369216514751315,-0.07441022247076035,90.66747283935547
294,0.2942942976951599,50.11269760131836,-0.001426061149686575,-0.07323364913463593,89.94438934326172
295,0.2952952980995178,50.155216217041016,-0.0014102861750870943,-0.06940935552120209,87.26875305175781
296,0.29629629850387573,50.197776794433594,-0.001399381784722209,-0.06801065802574158,86.3915023803711
297,0.29729729890823364,50.2403678894043,-0.0014019417576491833,-0.07005418837070465,87.89732360839844
298,0.29829829931259155,50.282997131347656,-0.0014008597936481237,-0.07353067398071289,90.61833190917969
299,0.29929929971694946,50.32566452026367,-0.0013873956631869078,-0.07262591272592545,90.20199584960938
300,0.3003003001213074,50.36836242675781,-0.0013695912202820182,-0.06987441331148148,88.38080596923828
301,0.3013013005256653,50.41109848022461,-0.001354767708107829,-0.06709156185388565,86.55055236816406
302,0.3023023009300232,50.45387649536133,-0.0013472633436322212,-0.0670606940984726,86.73052978515625
303,0.3033033013343811,50.49668502807617,-0.001344870775938034,-0.06592968851327896,85.87261199951172
304,0.304304301738739,50.53953552246094,-0.0013497432228177786,-0.06983192265033722,88.9144058227539
305,0.3053053021430969,50.58241653442383,-0.0013474435545504093,-0.06811410933732986,87.6097183227539
306,0.30630630254745483,50.625335693359375,-0.001351604936644435,-0.06753332912921906,87.01858520507812
307,0.30730730295181274,50.66829299926758,-0.0013622312108054757,-0.06831511855125427,87.47795867919922
308,0.30830830335617065,50.71128463745117,-0.0013762711314484477,-0.07094356417655945,89.37846374511719
309,0.30930930376052856,50.754310607910156,-0.0013756540138274431,-0.07356593757867813,91.62824249267578
310,0.3103103041648865,50.79737854003906,-0.0013618848752230406,-0.07426246255636215,92.70145416259766
311,0.3113113045692444,50.840476989746094,-0.0013404234778136015,-0.07072841376066208,90.7343521118164
312,0.3123123049736023,50.88361358642578,-0.0013149322476238012,-0.0662517249584198,88.03630065917969
313,0.3133133053779602,50.92679214477539,-0.0012988076778128743,-0.06364646553993225,86.43706512451172
314,0.3143143057823181,50.97000503540039,-0.001291981665417552,-0.06278526782989502,85.9856948852539
315,0.315315306186676,51.01325225830078,-0.0012900866568088531,-0.06352880597114563,86.68373107910156
316,0.31631630659103394,51.056541442871094,-0.00129604316316545,-0.06804321706295013,90.1640853881836
317,0.31731730699539185,51.099857330322266,-0.0012915958650410175,-0.06583686172962189,88.44519805908203
318,0.31831830739974976,51.14321517944336,-0.0012944522313773632,-0.06916283816099167,91.07227325439453
319,0.31931930780410767,51.186614990234375,-0.00129570416174829,-0.06944302469491959,91.40958404541016
320,0.3203203082084656,51.23004913330078,-0.0012952105607837439,-0.06904423236846924,91.28545379638672
321,0.3213213086128235,51.27351379394531,-0.001295203808695078,-0.06750541180372238,90.2188949584961
322,0.3223223090171814,51.317020416259766,-0.0012980938190594316,-0.06710681319236755,89.9337387084961
323,0.3233233094215393,51.36056137084961,-0.0013018171302974224,-0.06844384223222733,91.01981353759766
324,0.3243243098258972,51.40414047241211,-0.001299107214435935,-0.06913864612579346,91.77886962890625
325,0.3253253102302551,51.44776153564453,-0.0012884772149845958,-0.06638703495264053,89.86494445800781
326,0.32632631063461304,51.49141311645508,-0.001297014532610774,-0.06979968398809433,92.69650268554688
327,0.32732731103897095,51.53510284423828,-0.00128387869335711,-0.0679851844906807,91.58865356445312
328,0.32832831144332886,51.578834533691406,-0.0012774760834872723,-0.0687897652387619,92.51183319091797
329,0.32932931184768677,51.622596740722656,-0.0012711429735645652,-0.0712818130850792,94.82855987548828
330,0.3303303122520447,51.66639709472656,-0.0012548796366900206,-0.07057545334100723,94.57489013671875
331,0.3313313126564026,51.71023941040039,-0.0012440511491149664,-0.07012379914522171,94.3382568359375
332,0.3323323130607605,51.754112243652344,-0.001233650604262948,-0.06896276772022247,93.43710327148438
333,0.3333333432674408,51.79802703857422,-0.0012393796350806952,-0.0729641243815422,96.55650329589844
334,0.3343343436717987,51.84197998046875,-0.0012398939579725266,-0.07457207143306732,97.81932067871094
335,0.3353353440761566,51.88597106933594,-0.0012323694536462426,-0.07551916688680649,98.87389373779297
336,0.3363363444805145,51.92999267578125,-0.0012282159877941012,-0.07576946914196014,99.21271514892578
337,0.33733734488487244,51.974056243896484,-0.0012210714630782604,-0.07477718591690063,98.6276626586914
338,0.33833834528923035,52.018157958984375,-0.0012164026265963912,-0.07135169208049774,95.97762298583984
339,0.33933934569358826,52.06229782104492,-0.001214239513501525,-0.07066358625888824,95.62385559082031
340,0.34034034609794617,52.106468200683594,-0.0012142113409936428,-0.07100871950387955,96.08657836914062
341,0.3413413465023041,52.15068054199219,-0.0012111274991184473,-0.0695284754037857,95.08968353271484
342,0.342342346906662,52.19493103027344,-0.0012087253853678703,-0.07174759358167648,97.0793228149414
343,0.3433433473110199,52.23921585083008,-0.0012052892707288265,-0.07054729759693146,96.17925262451172
344,0.3443443477153778,52.283546447753906,-0.0011985618621110916,-0.06971634924411774,95.7189712524414
345,0.3453453481197357,52.327911376953125,-0.001198137877508998,-0.07206417620182037,97.88560485839844
346,0.34634634852409363,52.372310638427734,-0.0011981918942183256,-0.07101383805274963,97.21229553222656
347,0.34734734892845154,52.416744232177734,-0.0012068680953234434,-0.07365607470273972,99.4762954711914
348,0.34834834933280945,52.46122360229492,-0.00119591795373708,-0.07196441292762756,98.48384094238281
349,0.34934934973716736,52.505733489990234,-0.0011866559507325292,-0.07351479679346085,100.23485565185547
350,0.35035035014152527,52.55028533935547,-0.001175746787339449,-0.07427673041820526,101.18310546875
351,0.3513513505458832,52.594879150390625,-0.0011620036093518138,-0.07503440231084824,102.17420959472656
352,0.3523523509502411,52.639503479003906,-0.0011507460149005055,-0.07640474289655685,103.629150390625
353,0.353353351354599,52.68416976928711,-0.0011434487532824278,-0.07758109271526337,104.74452209472656
354,0.3543543517589569,52.72887420654297,-0.0011328074615448713,-0.07418007403612137,101.82257080078125
355,0.3553553521633148,52.77360916137695,-0.0011274826247245073,-0.073842354118824,101.54344940185547
356,0.35635635256767273,52.81839370727539,-0.0011256329016759992,-0.07427948713302612,101.99764251708984
357,0.35735735297203064,52.86320495605469,-0.0011273305863142014,-0.0742320716381073,101.90001678466797
358,0.35835835337638855,52.90806198120117,-0.001124282367527485,-0.07427497953176498,102.05255889892578
359,0.35935935378074646,52.95295333862305,-0.0011130905477330089,-0.07303669303655624,101.36273956298828
360,0.36036035418510437,52.99788284301758,-0.001099898130632937,-0.07472281903028488,103.5359115600586
361,0.3613613545894623,53.0428581237793,-0.0010942569933831692,-0.07641608268022537,105.45665740966797
362,0.3623623549938202,53.087860107421875,-0.001091441372409463,-0.07672600448131561,105.99088287353516
363,0.3633633553981781,53.13290786743164,-0.0010885377414524555,-0.07404311001300812,103.65617370605469
364,0.364364355802536,53.1779899597168,-0.0010850961552932858,-0.07397763431072235,103.96912384033203
365,0.3653653562068939,53.223114013671875,-0.001070392201654613,-0.06858839094638824,99.60877227783203
366,0.36636635661125183,53.268272399902344,-0.0010622642002999783,-0.06886869668960571,100.53141021728516
367,0.36736735701560974,53.31346893310547,-0.0010585789568722248,-0.07074712961912155,102.79071044921875
368,0.36836835741996765,53.358707427978516,-0.0010567645076662302,-0.07071573287248611,103.00645446777344
369,0.36936935782432556,53.40398025512695,-0.0010557665955275297,-0.07095568627119064,103.34500885009766
370,0.37037035822868347,53.44929885864258,-0.0010558362118899822,-0.07221691310405731,104.55317687988281
371,0.3713713586330414,53.49464797973633,-0.0010585356503725052,-0.07243087887763977,104.64008331298828
372,0.3723723590373993,53.5400390625,-0.00106430659070611,-0.07440225034952164,106.39117431640625
373,0.3733733594417572,53.58546829223633,-0.0010689488844946027,-0.07485054433345795,106.64488983154297
374,0.3743743598461151,53.63093566894531,-0.0010719399433583021,-0.07243208587169647,104.19245910644531
375,0.375375360250473,53.67644500732422,-0.0010722912847995758,-0.0718686431646347,103.6988754272461
376,0.37637636065483093,53.721988677978516,-0.001067820005118847,-0.07006430625915527,102.3094482421875
377,0.37737736105918884,53.76757049560547,-0.001066299737431109,-0.06906167417764664,101.479736328125
378,0.37837836146354675,53.813194274902344,-0.0010626604780554771,-0.06720877438783646,99.77762603759766
379,0.37937936186790466,53.858856201171875,-0.0010494021698832512,-0.0637543722987175,96.7700424194336
380,0.3803803622722626,53.9045524597168,-0.0010364173213019967,-0.0617518350481987,95.13107299804688
381,0.3813813626766205,53.950294494628906,-0.0010239703115075827,-0.06133441999554634,95.19044494628906
382,0.3823823630809784,53.996070861816406,-0.0010165348649024963,-0.061743780970573425,95.9535140991211
383,0.3833833634853363,54.04188919067383,-0.0010112293530255556,-0.06213090568780899,96.69158935546875
384,0.3843843936920166,54.08774185180664,-0.0010073150042444468,-0.06223618611693382,97.1588363647461
385,0.3853853940963745,54.133636474609375,-0.0010133698815479875,-0.06366787850856781,98.70714569091797
386,0.3863863945007324,54.1795654296875,-0.0010225997539237142,-0.0636729747056961,98.5653076171875
387,0.38738739490509033,54.22554016113281,-0.0010337219573557377,-0.06478743255138397,99.59527587890625
388,0.38838839530944824,54.271549224853516,-0.0010397090809419751,-0.06693477183580399,101.87374114990234
389,0.38938939571380615,54.317596435546875,-0.0010308377677574754,-0.06533659994602203,100.59456634521484
390,0.39039039611816406,54.363685607910156,-0.0010248868493363261,-0.06371494382619858,99.0774917602539
391,0.391391396522522,54.40981674194336,-0.0010153240291401744,-0.060808200389146805,96.2381362915039
392,0.3923923969268799,54.45597839355469,-0.001003444311209023,-0.05947503820061684,95.11882019042969
393,0.3933933973312378,54.502193450927734,-0.0009720821399241686,-0.05585256218910217,92.11676788330078
394,0.3943943977355957,54.54843521118164,-0.0009467038325965405,-0.05413331091403961,90.94473266601562
395,0.3953953981399536,54.59471893310547,-0.0009120767354033887,-0.050890933722257614,88.03147888183594
396,0.3963963985443115,54.64104080200195,-0.0008993579540401697,-0.05119035020470619,88.71607971191406
397,0.39739739894866943,54.68740463256836,-0.0008934275829233229,-0.052121713757514954,90.01083374023438
398,0.39839839935302734,54.73381042480469,-0.0009043212048709393,-0.055167656391859055,93.41254425048828
399,0.39939939975738525,54.780250549316406,-0.0009057938004843891,-0.05590762570500374,94.07854461669922
400,0.40040040016174316,54.82673263549805,-0.0009044571779668331,-0.055753130465745926,93.73773193359375
401,0.4014014005661011,54.87324905395508,-0.0008991932263597846,-0.05596478655934334,94.14686584472656
402,0.402402400970459,54.91980743408203,-0.0008955365046858788,-0.056199755519628525,94.63052368164062
403,0.4034034013748169,54.96641540527344,-0.0008893439080566168,-0.05609693378210068,94.88480377197266
404,0.4044044017791748,55.01305389404297,-0.0008821696974337101,-0.054571785032749176,93.32083892822266
405,0.4054054021835327,55.059730529785156,-0.0008859618101269007,-0.05486740171909332,93.6211929321289
406,0.4064064025878906,55.106449127197266,-0.0008861634996719658,-0.054212603718042374,92.8833236694336
407,0.40740740299224854,55.1532096862793,-0.0008876502397470176,-0.05463360995054245,93.52682495117188
408,0.40840840339660645,55.200008392333984,-0.0008891000761650503,-0.05546959862112999,94.72473907470703
409,0.40940940380096436,55.24684524536133,-0.0008897724328562617,-0.05580960214138031,95.3178482055664
410,0.41041040420532227,55.293724060058594,-0.0008887818548828363,-0.0544779896736145,93.79209899902344
411,0.4114114046096802,55.340641021728516,-0.0008988752961158752,-0.056733157485723495,96.30424499511719
412,0.4124124050140381,55.38759231567383,-0.0008928410243242979,-0.05430101975798607,93.51260375976562
413,0.413413405418396,55.43458938598633,-0.000898169178981334,-0.05526404082775116,94.44981384277344
414,0.4144144058227539,55.481624603271484,-0.0008988993940874934,-0.05603090301156044,95.21538543701172
415,0.4154154062271118,55.52870178222656,-0.000899020757060498,-0.05623583495616913,95.37252807617188
416,0.4164164066314697,55.5758171081543,-0.0008969347109086812,-0.05718550831079483,96.59688568115234
417,0.41741740703582764,55.62297439575195,-0.0008868206641636789,-0.056222520768642426,95.94344329833984
418,0.41841840744018555,55.67017364501953,-0.0008796099573373795,-0.059227414429187775,100.14033508300781
419,0.41941940784454346,55.71741485595703,-0.0008699554018676281,-0.058913618326187134,100.39087677001953
420,0.42042040824890137,55.764686584472656,-0.0008658964652568102,-0.05910211428999901,100.87890625
421,0.4214214086532593,55.81200408935547,-0.0008651038515381515,-0.0579851008951664,99.47638702392578
422,0.4224224090576172,55.85935592651367,-0.0008707678643986583,-0.058605071157217026,99.8882064819336
423,0.4234234094619751,55.90675735473633,-0.0008756149327382445,-0.05768686905503273,98.32069396972656
424,0.424424409866333,55.954193115234375,-0.0008726124069653451,-0.055756792426109314,95.93787384033203
425,0.4254254102706909,56.00166702270508,-0.0008561916183680296,-0.05454764887690544,95.09013366699219
426,0.42642641067504883,56.04918670654297,-0.0008374670869670808,-0.054129526019096375,95.356201171875
427,0.42742741107940674,56.096744537353516,-0.0008328196126967669,-0.05619163438677788,98.56390380859375
428,0.42842841148376465,56.14434814453125,-0.0008230524254031479,-0.055337708443403244,97.90203094482422
429,0.42942941188812256,56.191978454589844,-0.0008363835513591766,-0.05829717591404915,101.48616790771484
430,0.43043041229248047,56.239662170410156,-0.0008332108845934272,-0.05595703795552254,98.46182250976562
431,0.4314314126968384,56.287384033203125,-0.0008435329655185342,-0.056296367198228836,98.59553527832031
432,0.4324324131011963,56.335140228271484,-0.0008494087960571051,-0.058043669909238815,101.03730773925781
433,0.4334334135055542,56.3829460144043,-0.0008432583417743444,-0.057508956640958786,100.95248413085938
434,0.4344344139099121,56.430782318115234,-0.0008486673468723893,-0.05891525000333786,102.94091796875
435,0.43543541431427,56.478668212890625,-0.0008505607838742435,-0.05931248888373375,103.599853515625
436,0.4364364445209503,56.526588439941406,-0.0008390212897211313,-0.056771717965602875,100.7039794921875
437,0.4374374449253082,56.574554443359375,-0.0008484136778861284,-0.058766793459653854,103.14888000488281
438,0.43843844532966614,56.62255859375,-0.0008464321144856513,-0.058284178376197815,102.60176086425781
439,0.43943944573402405,56.67060089111328,-0.0008456774521619081,-0.057983409613370895,102.2048110961914
440,0.44044044613838196,56.718685150146484,-0.0008418153156526387,-0.057345520704984665,101.49203491210938
441,0.44144144654273987,56.76681137084961,-0.0008441364043392241,-0.05855642259120941,103.03556823730469
442,0.4424424469470978,56.814979553222656,-0.0008480251999571919,-0.06146646663546562,106.85753631591797
443,0.4434434473514557,56.86318588256836,-0.0008447038708254695,-0.062103912234306335,107.85135650634766
444,0.4444444477558136,56.911434173583984,-0.0008281545015051961,-0.058790821582078934,103.96947479248047
445,0.4454454481601715,56.95972442626953,-0.0008338704938068986,-0.06103515625,106.91902923583984
446,0.4464464485645294,57.008056640625,-0.0008213649271056056,-0.05873320996761322,104.4056625366211
447,0.44744744896888733,57.056427001953125,-0.0008263913914561272,-0.06038765609264374,106.71578216552734
448,0.44844844937324524,57.10483932495117,-0.0008258936577476561,-0.06144712120294571,108.48362731933594
449,0.44944944977760315,57.153297424316406,-0.000824692309834063,-0.062018487602472305,109.58014678955078
450,0.45045045018196106,57.20178985595703,-0.0008013609913177788,-0.05811111629009247,105.20677185058594
451,0.45145145058631897,57.25032424926758,-0.0008119191043078899,-0.060191214084625244,107.9678955078125
452,0.4524524509906769,57.29890060424805,-0.0008031674660742283,-0.05877549573779106,106.3583755493164
453,0.4534534513950348,57.3475227355957,-0.0008067199378274381,-0.05899554491043091,106.52437591552734
454,0.4544544517993927,57.396183013916016,-0.0008220684831030667,-0.06126982718706131,109.17415618896484
455,0.4554554522037506,57.444881439208984,-0.0008199293515644968,-0.06025748699903488,107.7972183227539
456,0.4564564526081085,57.49362564086914,-0.000801494054030627,-0.057470861822366714,104.6692123413086
457,0.45745745301246643,57.54240417480469,-0.0007765574264340103,-0.05436122417449951,101.32441711425781
458,0.45845845341682434,57.59122848510742,-0.000765634817071259,-0.05400337278842926,101.51763916015625
459,0.45945945382118225,57.640098571777344,-0.0007561538950540125,-0.05348071828484535,101.38025665283203
460,0.46046045422554016,57.68900680541992,-0.0007668766193091869,-0.05572904273867607,104.5067367553711
461,0.46146145462989807,57.73795700073242,-0.0007616386865265667,-0.05498208478093147,103.75164794921875
462,0.462462455034256,57.786949157714844,-0.0007598844822496176,-0.05459194630384445,103.31318664550781
463,0.4634634554386139,57.83598327636719,-0.0007653732318431139,-0.055799078196287155,105.03284454345703
464,0.4644644558429718,57.88505554199219,-0.0007673000218346715,-0.05558103695511818,104.57775115966797
465,0.4654654562473297,57.934165954589844,-0.0007731197983957827,-0.05655511096119881,105.76512908935547
466,0.4664664566516876,57.98332977294922,-0.0007724910974502563,-0.05800654739141464,108.16725158691406
467,0.46746745705604553,58.03252410888672,-0.0007545242551714182,-0.05625014379620552,106.5103530883789
468,0.46846845746040344,58.08176803588867,-0.0007425663061439991,-0.0555461123585701,106.1449966430664
469,0.46946945786476135,58.131046295166016,-0.0007463475340045989,-0.05723683536052704,108.82266998291016
470,0.47047045826911926,58.18037414550781,-0.0007353041437454522,-0.05559191480278969,106.77539825439453
471,0.4714714586734772,58.229740142822266,-0.000736163230612874,-0.055572956800460815,106.68445587158203
472,0.4724724590778351,58.27914810180664,-0.0007413279381580651,-0.05572299659252167,106.5687026977539
473,0.473473459482193,58.32859802246094,-0.000741172640118748,-0.05535455793142319,105.91934204101562
474,0.4744744598865509,58.37809371948242,-0.0007300355937331915,-0.05451057106256485,105.22796630859375
475,0.4754754602909088,58.42762756347656,-0.000739147188141942,-0.05720413103699684,109.18928527832031
476,0.4764764606952667,58.47719955444336,-0.000729382736608386,-0.05540020018815994,106.70742797851562
477,0.47747746109962463,58.52682113647461,-0.000726626138202846,-0.05425413325428963,104.76058197021484
478,0.47847846150398254,58.57647705078125,-0.0007259804988279939,-0.054055217653512955,104.15605163574219
479,0.47947946190834045,58.626182556152344,-0.0007243060390464962,-0.053975582122802734,103.81509399414062
480,0.48048046231269836,58.675926208496094,-0.0007145730778574944,-0.05320270359516144,103.18527221679688
481,0.4814814627170563,58.725711822509766,-0.0007046938990242779,-0.05284927785396576,103.37959289550781
482,0.4824824631214142,58.775543212890625,-0.0006815618835389614,-0.05009707435965538,100.06787109375
483,0.4834834635257721,58.82541275024414,-0.0006864135502837598,-0.05183618888258934,102.95706939697266
484,0.48448446393013,58.875328063964844,-0.0006842002039775252,-0.05111408978700638,101.86510467529297
485,0.4854854643344879,58.92528533935547,-0.00069049111334607,-0.05126694589853287,101.7699966430664
486,0.4864864647388458,58.97528076171875,-0.000689272303134203,-0.051063172519207,101.5177001953125
487,0.4874874949455261,59.025325775146484,-0.0006881965673528612,-0.05196157470345497,103.22900390625
488,0.48848849534988403,59.07540512084961,-0.0006899848813191056,-0.05269087851047516,104.42015075683594
489,0.48948949575424194,59.12553024291992,-0.0006847870536148548,-0.051654864102602005,102.9146957397461
490,0.49049049615859985,59.17570114135742,-0.0006852350197732449,-0.05229413881897926,104.0445327758789
491,0.49149149656295776,59.22591781616211,-0.0006765880971215665,-0.051490094512701035,103.15425109863281
492,0.4924924969673157,59.27616500854492,-0.0006722351536154747,-0.051161348819732666,102.84612274169922
493,0.4934934973716736,59.32646560668945,-0.0006708527216687799,-0.05133246257901192,103.27253723144531
494,0.4944944977760315,59.376800537109375,-0.000669237575493753,-0.051030758768320084,102.87146759033203
495,0.4954954981803894,59.427181243896484,-0.000666258274577558,-0.0502629391849041,101.71624755859375
496,0.4964964985847473,59.47761154174805,-0.0006568284006789327,-0.048487093299627304,99.15577697753906
497,0.4974974989891052,59.528072357177734,-0.0006456184200942516,-0.04737308621406555,97.93175506591797
498,0.49849849939346313,59.57858657836914,-0.0006368844769895077,-0.04673689231276512,97.46400451660156
499,0.49949949979782104,59.62913513183594,-0.0006390336784534156,-0.047694068402051926,99.18445587158203
500,0.500500500202179,59.67972946166992,-0.0006352720665745437,-0.04729510843753815,98.79644775390625
501,0.5015015006065369,59.73036575317383,-0.000629195012152195,-0.045564133673906326,96.11090087890625
502,0.5025025010108948,59.78105163574219,-0.0006291663739830256,-0.04484374821186066,94.84703063964844
503,0.5035035014152527,59.83177947998047,-0.0006293915794230998,-0.04431995004415512,93.94529724121094
504,0.5045045018196106,59.88254165649414,-0.0006227034609764814,-0.042372576892375946,90.95002746582031
505,0.5055055022239685,59.93335723876953,-0.000617220182903111,-0.041074465960264206,89.01583099365234
506,0.5065065026283264,59.98421096801758,-0.0006137059535831213,-0.040539566427469254,88.33012390136719
507,0.5075075030326843,60.03510665893555,-0.0006101261242292821,-0.04004746302962303,87.73023986816406
508,0.5085085034370422,60.08604431152344,-0.0006066237110644579,-0.04022038355469704,88.22419738769531
509,0.5095095038414001,60.13703155517578,-0.000602104002609849,-0.03915264084935188,86.49585723876953
510,0.5105105042457581,60.18806076049805,-0.0006040441803634167,-0.03954009711742401,86.99468994140625
511,0.511511504650116,60.2391242980957,-0.0006096274591982365,-0.042287349700927734,91.44426727294922
512,0.5125125050544739,60.29024124145508,-0.0006106396904215217,-0.041965506970882416,90.72172546386719
513,0.5135135054588318,60.341392517089844,-0.0006055682897567749,-0.03989030793309212,87.31902313232422
514,0.5145145058631897,60.39259719848633,-0.0006068669026717544,-0.04106919839978218,89.2605972290039
515,0.5155155062675476,60.44384002685547,-0.000606781046371907,-0.040747206658124924,88.65567779541016
516,0.5165165066719055,60.495121002197266,-0.0006048837676644325,-0.041399311274290085,89.95497131347656
517,0.5175175070762634,60.54645538330078,-0.0005990808131173253,-0.04169388487935066,91.07630920410156
518,0.5185185074806213,60.59783172607422,-0.0005929784383624792,-0.04099370911717415,90.52853393554688
519,0.5195195078849792,60.64924621582031,-0.000591427437029779,-0.04135700315237045,91.5086669921875
520,0.5205205082893372,60.700706481933594,-0.0005904568824917078,-0.041903138160705566,92.8185806274414
521,0.5215215086936951,60.75221252441406,-0.0005924369907006621,-0.04293135926127434,94.80506896972656
522,0.522522509098053,60.80376434326172,-0.0005915073561482131,-0.04171983152627945,92.8131332397461
523,0.5235235095024109,60.85535430908203,-0.0005933814682066441,-0.04263068735599518,94.55094146728516
524,0.5245245099067688,60.90699005126953,-0.0005932478816248477,-0.04351494833827019,96.35111999511719
525,0.5255255103111267,60.95866775512695,-0.000586233101785183,-0.04163730517029762,93.33895111083984
526,0.5265265107154846,61.01039123535156,-0.0005869913147762418,-0.04222114384174347,94.33747100830078
527,0.5275275111198425,61.06216049194336,-0.0005854984046891332,-0.04150829091668129,93.02921295166016
528,0.5285285115242004,61.11397171020508,-0.0005845886189490557,-0.04053657501935959,91.17864227294922
529,0.5295295119285583,61.165828704833984,-0.0005869423039257526,-0.040464434772729874,90.83002471923828
530,0.5305305123329163,61.21773147583008,-0.0005828118300996721,-0.038787901401519775,87.98615264892578
531,0.5315315127372742,61.26966857910156,-0.0005813527386635542,-0.03940986469388008,89.42208099365234
532,0.5325325131416321,61.3216552734375,-0.0005829069414176047,-0.041394442319869995,93.24417877197266
533,0.53353351354599,61.373695373535156,-0.0005809625727124512,-0.041535329073667526,93.76183319091797
534,0.5345345139503479,61.4257698059082,-0.0005832972819916904,-0.04244154691696167,95.33367919921875
535,0.5355355143547058,61.47788619995117,-0.0005821629893034697,-0.04255393147468567,95.5919418334961
536,0.5365365147590637,61.530052185058594,-0.0005830880836583674,-0.043061237782239914,96.40428924560547
537,0.5375375151634216,61.5822639465332,-0.00058444042224437,-0.04420622065663338,98.31974029541016
538,0.5385385155677795,61.63451385498047,-0.0005778170889243484,-0.04350612312555313,97.48750305175781
539,0.5395395755767822,61.68681716918945,-0.0005754654994234443,-0.043606050312519073,97.89632415771484
540,0.5405405759811401,61.73915481567383,-0.0005768006667494774,-0.0436575822532177,97.92009735107422
541,0.541541576385498,61.791542053222656,-0.0005740540800616145,-0.042725879698991776,96.44873809814453
542,0.542542576789856,61.843971252441406,-0.0005734731093980372,-0.04370133951306343,98.53788757324219
543,0.5435435771942139,61.89645004272461,-0.0005743720103055239,-0.04483668506145477,100.79859161376953
544,0.5445445775985718,61.94896697998047,-0.000570797361433506,-0.04399660974740982,99.52030944824219
545,0.5455455780029297,62.001529693603516,-0.0005659146700054407,-0.04328985884785652,98.62956237792969
546,0.5465465784072876,62.05413818359375,-0.000563667737878859,-0.04376887157559395,99.77603149414062
547,0.5475475788116455,62.10679244995117,-0.0005560051649808884,-0.04323672875761986,99.38995361328125
548,0.5485485792160034,62.159488677978516,-0.0005491237388923764,-0.04276607558131218,99.0321044921875
549,0.5495495796203613,62.21223068237305,-0.0005472393240779638,-0.04349500685930252,100.64472198486328
550,0.5505505800247192,62.26502227783203,-0.0005416884669102728,-0.04232039302587509,98.7171401977539
551,0.5515515804290771,62.31785202026367,-0.000534266815520823,-0.040681883692741394,95.92610931396484
552,0.5525525808334351,62.3707275390625,-0.0005332245491445065,-0.0419049970805645,98.59571075439453
553,0.553553581237793,62.42365264892578,-0.0005194554105401039,-0.039202284067869186,94.05460357666016
554,0.5545545816421509,62.476619720458984,-0.0005212890682742,-0.040622860193252563,97.19466400146484
555,0.5555555820465088,62.52962875366211,-0.0005217441939748824,-0.04090439900755882,97.9676284790039
556,0.5565565824508667,62.58268737792969,-0.0005229177186265588,-0.04045999050140381,97.05742645263672
557,0.5575575828552246,62.63578796386719,-0.0005305001977831125,-0.04159777611494064,98.97169494628906
558,0.5585585832595825,62.688934326171875,-0.0005325538804754615,-0.040758032351732254,97.21620178222656
559,0.5595595836639404,62.74212646484375,-0.0005368924466893077,-0.04077732935547829,97.05169677734375
560,0.5605605840682983,62.79536437988281,-0.0005423302063718438,-0.04034322872757912,95.73617553710938
561,0.5615615844726562,62.8486442565918,-0.0005470857140608132,-0.04121046140789986,97.11260223388672
562,0.5625625848770142,62.901973724365234,-0.0005453034536913037,-0.040809787809848785,96.46908569335938
563,0.5635635852813721,62.955345153808594,-0.0005419126246124506,-0.04128289222717285,97.7353515625
564,0.56456458568573,63.008766174316406,-0.0005400946247391403,-0.04167686402797699,98.6258773803711
565,0.5655655860900879,63.062225341796875,-0.0005377449560910463,-0.04165801778435707,98.6841049194336
566,0.5665665864944458,63.11573791503906,-0.0005304076476022601,-0.0398685522377491,95.63505554199219
567,0.5675675868988037,63.16929244995117,-0.0005253169219940901,-0.04017798975110054,96.74156188964844
568,0.5685685873031616,63.2228889465332,-0.0005180081934668124,-0.03967087343335152,96.36994171142578
569,0.5695695877075195,63.27653503417969,-0.000510692538227886,-0.03803365305066109,93.37931060791016
570,0.5705705881118774,63.33022689819336,-0.0005130767822265625,-0.03920911252498627,95.5709457397461
571,0.5715715885162354,63.38396072387695,-0.0005155513063073158,-0.039590317755937576,95.96668243408203
572,0.5725725889205933,63.437744140625,-0.0005183246685191989,-0.04102573171257973,98.72145080566406
573,0.5735735893249512,63.4915657043457,-0.0005173180834390223,-0.0409233532845974,98.57066345214844
574,0.5745745897293091,63.545440673828125,-0.0005137547850608826,-0.03972908854484558,96.31169891357422
575,0.575575590133667,63.599361419677734,-0.0005107937613502145,-0.03887447342276573,94.74469757080078
576,0.5765765905380249,63.65332794189453,-0.0005056569934822619,-0.03816806897521019,93.79500579833984
577,0.5775775909423828,63.707332611083984,-0.0005071734776720405,-0.03896326571702957,95.75720977783203
578,0.5785785913467407,63.761390686035156,-0.0005059593240730464,-0.03883328288793564,95.76690673828125
579,0.5795795917510986,63.815494537353516,-0.0004988978034816682,-0.03733406588435173,93.0512466430664
580,0.5805805921554565,63.8696403503418,-0.0005050791660323739,-0.039026178419589996,96.7035903930664
581,0.5815815925598145,63.92383575439453,-0.000502029899507761,-0.038274135440588,95.34764862060547
582,0.5825825929641724,63.97807693481445,-0.0004997797077521682,-0.038764528930187225,96.78694152832031
583,0.5835835933685303,64.03236389160156,-0.0005001158569939435,-0.039978910237550735,99.59831237792969
584,0.5845845937728882,64.0866928100586,-0.0004976138006895781,-0.03948536142706871,98.62861633300781
585,0.5855855941772461,64.14107513427734,-0.0004995969356968999,-0.0395924337208271,98.5420913696289
586,0.586586594581604,64.19549560546875,-0.0005013347254134715,-0.03996022418141365,99.20208740234375
587,0.5875875949859619,64.24996948242188,-0.0004995924537070096,-0.03965964913368225,98.7516860961914
588,0.5885885953903198,64.30448150634766,-0.0004973395843990147,-0.03944583982229233,98.58866119384766
589,0.5895895957946777,64.35903930664062,-0.0004964756080880761,-0.03964051231741905,99.34786224365234
590,0.5905905961990356,64.41365814208984,-0.0004987963475286961,-0.04056379571557045,101.48807525634766
591,0.5915915966033936,64.46830749511719,-0.0005009365850128233,-0.0406670980155468,101.71843719482422
592,0.5925925970077515,64.52301025390625,-0.0004986554267816246,-0.040317434817552567,101.42987823486328
593,0.5935935974121094,64.5777587890625,-0.0004885267117060721,-0.038813866674900055,99.20125579833984
594,0.5945945978164673,64.63255310058594,-0.00048629334196448326,-0.03947673738002777,101.11630249023438
595,0.5955955982208252,64.68739318847656,-0.00048618626897223294,-0.03951127827167511,101.21902465820312
596,0.5965965986251831,64.74227905273438,-0.00048341078218072653,-0.03814754635095596,98.24317932128906
597,0.597597599029541,64.7972183227539,-0.000487536279251799,-0.03950955718755722,101.08062744140625
598,0.5985985994338989,64.8521957397461,-0.00048674774006940424,-0.03862426057457924,99.19650268554688
599,0.5995995998382568,64.9072265625,-0.0004893497680313885,-0.03854978457093239,98.76403045654297
600,0.6006006002426147,64.96229553222656,-0.0004917864571325481,-0.039274245500564575,100.08296203613281
601,0.6016016006469727,65.01741790771484,-0.0004923634696751833,-0.03931330516934395,99.99343872070312
602,0.6026026010513306,65.07258605957031,-0.0004959374782629311,-0.04051518812775612,102.08782958984375
603,0.6036036014556885,65.12779998779297,-0.0004959673387929797,-0.040188271552324295,101.32888793945312
604,0.6046046018600464,65.18305969238281,-0.00049495545681566,-0.040533971041440964,102.2841796875
605,0.6056056022644043,65.23836517333984,-0.0004934213357046247,-0.04092889651656151,103.54583740234375
606,0.6066066026687622,65.2937240600586,-0.0004913320299237967,-0.040710706263780594,103.52877044677734
607,0.6076076030731201,65.34912872314453,-0.0004894686862826347,-0.039580028504133224,101.33456420898438
608,0.608608603477478,65.40457916259766,-0.0004918401245959103,-0.03944113478064537,100.86935424804688
609,0.6096096038818359,65.46007537841797,-0.0004946900298818946,-0.03970230743288994,101.16741943359375
610,0.6106106042861938,65.51561737060547,-0.0004949221620336175,-0.03981916978955269,101.42876434326172
611,0.6116116046905518,65.57120513916016,-0.00049037323333323,-0.0392611101269722,100.84916687011719
612,0.6126126050949097,65.62684631347656,-0.0004848417011089623,-0.03911665454506874,101.26410675048828
613,0.6136136054992676,65.68252563476562,-0.00048033474013209343,-0.039417535066604614,102.53995513916016
614,0.6146146059036255,65.7382583618164,-0.00048085040180012584,-0.041591107845306396,107.63783264160156
615,0.6156156063079834,65.79403686523438,-0.0004709019267465919,-0.03945048153400421,103.7272720336914
616,0.6166166067123413,65.84986877441406,-0.00046577220200560987,-0.03876606002449989,102.58008575439453
617,0.6176176071166992,65.9057388305664,-0.00046305559226311743,-0.038095347583293915,101.13348388671875
618,0.6186186075210571,65.96166229248047,-0.0004564558039419353,-0.03672045096755028,98.25054168701172
619,0.619619607925415,66.01763153076172,-0.00044939323561266065,-0.035129573196172714,94.71603393554688
620,0.620620608329773,66.07364654541016,-0.0004469075647648424,-0.034241024404764175,92.51341247558594
621,0.6216216087341309,66.12971496582031,-0.0004490366263780743,-0.03462979942560196,93.28067779541016
622,0.6226226091384888,66.18582916259766,-0.0004440329212229699,-0.03393018990755081,91.7169418334961
623,0.6236236095428467,66.24198150634766,-0.00044105335837230086,-0.034097619354724884,92.27320861816406
624,0.6246246099472046,66.29818725585938,-0.0004347483045421541,-0.03425431251525879,93.10595703125
625,0.6256256103515625,66.35443878173828,-0.0004260397399775684,-0.03432822600007057,93.98661804199219
626,0.6266266107559204,66.4107437133789,-0.00042052671778947115,-0.03446337208151817,94.80596160888672
627,0.6276276111602783,66.46709442138672,-0.0004212918574921787,-0.0353897400200367,97.3665542602539
628,0.6286286115646362,66.52349090576172,-0.000417623930843547,-0.03460555151104927,95.51903533935547
629,0.6296296119689941,66.57994079589844,-0.0004214246873743832,-0.03544802591204643,97.58076477050781
630,0.630630612373352,66.63642883300781,-0.00041763734770938754,-0.03415747731924057,94.42687225341797
631,0.63163161277771,66.6929702758789,-0.0004210566694382578,-0.034105364233255386,94.10871124267578
632,0.6326326131820679,66.74955749511719,-0.00042928074253723025,-0.035582710057497025,97.56439208984375
633,0.6336336135864258,66.80619812011719,-0.0004262149450369179,-0.034724704921245575,95.67264556884766
634,0.6346346139907837,66.86288452148438,-0.00042629498057067394,-0.034177932888269424,94.31300354003906
635,0.6356356143951416,66.91961669921875,-0.0004324745386838913,-0.03479354828596115,95.5064468383789
636,0.6366366147994995,66.97640228271484,-0.0004357396683190018,-0.0347590446472168,95.23028564453125
637,0.6376376152038574,67.0332260131836,-0.0004364682827144861,-0.0342550054192543,93.9830551147461
638,0.6386386156082153,67.0901107788086,-0.000437905197031796,-0.03440271317958832,94.35834503173828
639,0.6396396160125732,67.14703369140625,-0.0004440103948581964,-0.036668673157691956,99.65818786621094
640,0.6406406164169312,67.20401000976562,-0.0004398294258862734,-0.03592769056558609,98.26551055908203
641,0.6416416764259338,67.26103210449219,-0.0004384710919111967,-0.03665010631084442,100.40834045410156
642,0.6426426768302917,67.31810760498047,-0.0004341734747868031,-0.03581159561872482,98.87588500976562
643,0.6436436772346497,67.37522888183594,-0.00043465179624035954,-0.03672362118959427,101.4791259765625
644,0.6446446776390076,67.4323959350586,-0.00043161408393643796,-0.036223750561475754,100.84707641601562
645,0.6456456780433655,67.48960876464844,-0.00042798713548108935,-0.03572821989655495,100.2503890991211
646,0.6466466784477234,67.546875,-0.0004260583082213998,-0.03542810678482056,99.89398956298828
647,0.6476476788520813,67.60418701171875,-0.00043350813211873174,-0.03749211132526398,104.78286743164062
648,0.6486486792564392,67.66155242919922,-0.00043291968177072704,-0.037289708852767944,104.43108367919922
649,0.6496496796607971,67.71896362304688,-0.0004320396692492068,-0.03716105595231056,104.21247100830078
650,0.650650680065155,67.77642822265625,-0.0004293561796657741,-0.03755323216319084,105.56591033935547
651,0.6516516804695129,67.83393859863281,-0.0004233591025695205,-0.0366358682513237,103.65384674072266
652,0.6526526808738708,67.89148712158203,-0.00042325793765485287,-0.03699594363570213,104.49906158447266
653,0.6536536812782288,67.9490966796875,-0.00041832769056782126,-0.03590027987957001,101.89201354980469
654,0.6546546816825867,68.00675201416016,-0.00041787911322899163,-0.03635086864233017,103.06859588623047
655,0.6556556820869446,68.064453125,-0.0004055188037455082,-0.034536171704530716,99.13851928710938
656,0.6566566824913025,68.1222152709961,-0.00040749547770246863,-0.035921044647693634,102.75153350830078
657,0.6576576828956604,68.18000793457031,-0.00040879310108721256,-0.03646014258265495,104.0751724243164
658,0.6586586833000183,68.23786163330078,-0.00041151547338813543,-0.03679021820425987,104.7046127319336
659,0.6596596837043762,68.29576110839844,-0.00041151390178129077,-0.0358581505715847,102.16265106201172
660,0.6606606841087341,68.35371398925781,-0.00041222377330996096,-0.03479057177901268,99.30963897705078
661,0.661661684513092,68.41171264648438,-0.00042152663809247315,-0.0366504080593586,103.67340850830078
662,0.66266268491745,68.46975708007812,-0.00042155460687354207,-0.03603363409638405,102.21650695800781
663,0.6636636853218079,68.5278549194336,-0.0004183538258075714,-0.035297784954309464,100.7441177368164
664,0.6646646857261658,68.58599853515625,-0.00041843648068606853,-0.03625168651342392,103.48338317871094
665,0.6656656861305237,68.64419555664062,-0.0004152784822508693,-0.036373939365148544,104.27621459960938
666,0.6666666865348816,68.70243835449219,-0.00040642631938681006,-0.035305894911289215,102.08877563476562
667,0.6676676869392395,68.76073455810547,-0.00039223063504323363,-0.03340233117341995,97.66504669189453
668,0.6686686873435974,68.81907653808594,-0.000395101320464164,-0.03477753326296806,101.46493530273438
669,0.6696696877479553,68.87747192382812,-0.00039146540802903473,-0.03472243249416351,101.62947845458984
670,0.6706706881523132,68.9359130859375,-0.0003894275869242847,-0.034662097692489624,101.6552734375
671,0.6716716885566711,68.9944076538086,-0.0003909515216946602,-0.03512168303132057,103.02812194824219
672,0.672672688961029,69.05294799804688,-0.0003843421582132578,-0.033818285912275314,99.77963256835938
673,0.673673689365387,69.11154174804688,-0.00038751878309994936,-0.03386508300900459,99.82402801513672
674,0.6746746897697449,69.17018127441406,-0.0003938114386983216,-0.03429603576660156,100.82938385009766
675,0.6756756901741028,69.22887420654297,-0.0003923084295820445,-0.03366159275174141,99.4023208618164
676,0.6766766905784607,69.2876205444336,-0.0003861554723698646,-0.03264191746711731,97.2058334350586
677,0.6776776909828186,69.34640502929688,-0.0003907400241587311,-0.03340638428926468,99.36405181884766
678,0.6786786913871765,69.4052505493164,-0.00039162696339190006,-0.03328607976436615,99.08194732666016
679,0.6796796917915344,69.4641342163086,-0.0003930235980078578,-0.03336861729621887,99.30259704589844
680,0.6806806921958923,69.52307891845703,-0.000394138740375638,-0.03329385444521904,99.03990936279297
681,0.6816816926002502,69.58206939697266,-0.0003963917260989547,-0.03396708518266678,100.83269500732422
682,0.6826826930046082,69.64111328125,-0.00038754550041630864,-0.03285720944404602,98.40616607666016
683,0.6836836934089661,69.7001953125,-0.00037831650115549564,-0.0316966250538826,95.74226379394531
684,0.684684693813324,69.75934600830078,-0.00037933324347250164,-0.03240548074245453,97.75335693359375
685,0.6856856942176819,69.81852722167969,-0.0003801867424044758,-0.03306804969906807,99.55487823486328
686,0.6866866946220398,69.87776947021484,-0.0003789692709688097,-0.0331573486328125,99.78783416748047
687,0.6876876950263977,69.93706512451172,-0.00037916170549578965,-0.03354529291391373,100.764404296875
688,0.6886886954307556,69.99640655517578,-0.0003749003226403147,-0.033020250499248505,99.4183578491211
689,0.6896896958351135,70.05580139160156,-0.00036843871930614114,-0.03225523233413696,97.69051361083984
690,0.6906906962394714,70.11524200439453,-0.0003636617329902947,-0.032411545515060425,98.7186279296875
691,0.6916916966438293,70.17473602294922,-0.0003609510022215545,-0.03240794315934181,99.09575653076172
692,0.6926926970481873,70.23428344726562,-0.00035950366873294115,-0.031033728271722794,95.23265075683594
693,0.6936936974525452,70.29387664794922,-0.0003646764380391687,-0.031401991844177246,95.9300765991211
694,0.6946946978569031,70.353515625,-0.00037328299367800355,-0.032057296484708786,97.06182098388672
695,0.695695698261261,70.41321563720703,-0.00037669349694624543,-0.03189803287386894,96.40662384033203
696,0.6966966986656189,70.47296142578125,-0.0003793719515670091,-0.03384997695684433,102.06756591796875
697,0.6976976990699768,70.53276062011719,-0.00037659070221707225,-0.0339568667113781,102.89439392089844
698,0.6986986994743347,70.59259796142578,-0.00037190516013652086,-0.03357614204287529,102.42365264892578
699,0.6996996998786926,70.65249633789062,-0.0003729507443495095,-0.034984245896339417,106.72855377197266
700,0.7007007002830505,70.71244812011719,-0.00037234509363770485,-0.03583771735429764,109.46070861816406
701,0.7017017006874084,70.77244567871094,-0.0003747074515558779,-0.03733854740858078,113.83442687988281
702,0.7027027010917664,70.83250427246094,-0.00037742528365924954,-0.03822261840105057,116.22036743164062
703,0.7037037014961243,70.8926010131836,-0.0003838012053165585,-0.039691925048828125,119.98511505126953
704,0.7047047019004822,70.95275115966797,-0.0003860498545691371,-0.04026823118329048,121.67546844482422
705,0.7057057023048401,71.0129623413086,-0.0003839427372440696,-0.040011368691921234,121.3580093383789
706,0.706706702709198,71.07321166992188,-0.00038821209454908967,-0.04128526151180267,124.9220199584961
707,0.7077077031135559,71.1335220336914,-0.00038732861867174506,-0.0411183163523674,124.67088317871094
708,0.7087087035179138,71.19387817382812,-0.00038641825085505843,-0.04096392169594765,124.390869140625
709,0.7097097039222717,71.25428771972656,-0.0003871883382089436,-0.04109206795692444,124.65753173828125
710,0.7107107043266296,71.31475067138672,-0.00038911026786081493,-0.041038285940885544,124.08193969726562
711,0.7117117047309875,71.37525939941406,-0.0003919698647223413,-0.04124810919165611,124.12422180175781
712,0.7127127051353455,71.4358139038086,-0.0003915215202141553,-0.04135657846927643,124.5855484008789
713,0.7137137055397034,71.4964370727539,-0.0003835436946246773,-0.03992278873920441,121.59654998779297
714,0.7147147059440613,71.55709838867188,-0.0003763761487789452,-0.03851143270730972,118.30067443847656
715,0.7157157063484192,71.61781311035156,-0.00037437386345118284,-0.03852919861674309,118.50044250488281
716,0.7167167067527771,71.67858123779297,-0.0003684365365188569,-0.037616290152072906,116.42285919189453
717,0.717717707157135,71.7394027709961,-0.0003663576499093324,-0.03750722482800484,116.26339721679688
718,0.7187187075614929,71.8002700805664,-0.0003686186682898551,-0.03828759491443634,118.09536743164062
719,0.7197197079658508,71.86119842529297,-0.00036966486368328333,-0.038539934903383255,118.3267822265625
720,0.7207207083702087,71.92217254638672,-0.000371072965208441,-0.03939003497362137,120.43062591552734
721,0.7217217087745667,71.98320007324219,-0.00037020695162937045,-0.04002995789051056,122.39799499511719
722,0.7227227091789246,72.04427337646484,-0.0003682078095152974,-0.040043849498033524,122.54944610595703
723,0.7237237095832825,72.10540771484375,-0.00036172769614495337,-0.038553860038518906,118.56651306152344
724,0.7247247099876404,72.16658782958984,-0.00036150385858491063,-0.039340004324913025,121.14022827148438
725,0.7257257103919983,72.22782135009766,-0.0003588063409551978,-0.03876606002449989,120.1048812866211
726,0.7267267107963562,72.28910827636719,-0.00035299963201396167,-0.03693602234125137,115.79059600830078
727,0.7277277112007141,72.3504409790039,-0.0003490992239676416,-0.035805441439151764,113.2856674194336
728,0.728728711605072,72.41183471679688,-0.00034585516550578177,-0.03494077920913696,111.4237060546875
729,0.7297297120094299,72.47327423095703,-0.00034618546487763524,-0.0351887121796608,112.69573974609375
730,0.7307307124137878,72.53477478027344,-0.00034706390579231083,-0.03514574468135834,112.82412719726562
731,0.7317317128181458,72.59632110595703,-0.0003485573688521981,-0.035199251025915146,113.04888153076172
732,0.7327327132225037,72.65791320800781,-0.0003405763127375394,-0.033371344208717346,107.84024047851562
733,0.7337337136268616,72.71956634521484,-0.0003362588176969439,-0.032874010503292084,106.65690612792969
734,0.7347347140312195,72.78126525878906,-0.0003285689454060048,-0.03130035474896431,102.15596008300781
735,0.7357357144355774,72.84302520751953,-0.00032802525674924254,-0.03146276995539665,102.78114318847656
736,0.7367367148399353,72.90483093261719,-0.00032441294752061367,-0.030614838004112244,100.33309173583984
737,0.7377377152442932,72.96669006347656,-0.0003250434237997979,-0.030723072588443756,100.65250396728516
738,0.7387387156486511,73.02860260009766,-0.0003246828564442694,-0.030426818877458572,99.85887908935547
739,0.739739716053009,73.09056854248047,-0.00032557843951508403,-0.030512280762195587,100.23883819580078
740,0.7407407164573669,73.152587890625,-0.0003276187926530838,-0.03152741119265556,103.61824035644531
741,0.7417417168617249,73.21465301513672,-0.0003279990633018315,-0.031475622206926346,103.67858123779297
742,0.7427427172660828,73.27677917480469,-0.00033164338674396276,-0.032312728464603424,106.27678680419922
743,0.7437437772750854,73.33895874023438,-0.0003351795603521168,-0.03284129872918129,107.87012481689453
744,0.7447447776794434,73.40119171142578,-0.00033623716444708407,-0.03270139545202255,107.45413208007812
745,0.7457457780838013,73.46347045898438,-0.0003364713629707694,-0.032722558826208115,107.65563201904297
746,0.7467467784881592,73.52580261230469,-0.0003352057537995279,-0.03263510763645172,107.60977935791016
747,0.7477477788925171,73.58819580078125,-0.00033093211823143065,-0.03183657303452492,105.5433120727539
748,0.748748779296875,73.65062713623047,-0.0003294451453257352,-0.03258279338479042,108.15726470947266
749,0.7497497797012329,73.71311950683594,-0.0003261689271312207,-0.032140251249074936,106.97901153564453
750,0.7507507801055908,73.77567291259766,-0.0003262071404606104,-0.03287511318922043,109.18180084228516
751,0.7517517805099487,73.83826446533203,-0.00032693982939235866,-0.033331502228975296,110.30329895019531
752,0.7527527809143066,73.90092468261719,-0.00032816146267578006,-0.03313608840107918,109.1705093383789
753,0.7537537813186646,73.963623046875,-0.00032842945074662566,-0.03260039538145065,107.11315155029297
754,0.7547547817230225,74.02638244628906,-0.00033055501990020275,-0.033604227006435394,110.12847137451172
755,0.7557557821273804,74.08919525146484,-0.00032736308639869094,-0.03318069502711296,109.38739776611328
756,0.7567567825317383,74.15206146240234,-0.0003241113154217601,-0.03229337930679321,107.15361785888672
757,0.7577577829360962,74.21498107910156,-0.0003201368381269276,-0.031008096411824226,103.66780090332031
758,0.7587587833404541,74.2779541015625,-0.00031867079087533057,-0.03061487153172493,102.82102966308594
759,0.759759783744812,74.34097290039062,-0.0003193294396623969,-0.030577605590224266,102.87043762207031
760,0.7607607841491699,74.404052734375,-0.0003214845201000571,-0.031041188165545464,104.38832092285156
761,0.7617617845535278,74.4671859741211,-0.00032138481037691236,-0.03101036325097084,104.47969055175781
762,0.7627627849578857,74.53038024902344,-0.00031779520213603973,-0.030972791835665703,104.87540435791016
763,0.7637637853622437,74.59361267089844,-0.0003125868097413331,-0.030457282438874245,103.78831481933594
764,0.7647647857666016,74.65690612792969,-0.0003099878376815468,-0.03061116673052311,104.71149444580078
765,0.7657657861709595,74.72025299072266,-0.0003101521579083055,-0.03163652494549751,108.34339904785156
766,0.7667667865753174,74.78365325927734,-0.0003091106773354113,-0.03150661289691925,108.12450408935547
767,0.7677677869796753,74.84710693359375,-0.00030764919938519597,-0.0315820686519146,108.60901641845703
768,0.7687687873840332,74.91061401367188,-0.00030365539714694023,-0.030686810612678528,106.0405044555664
769,0.7697697877883911,74.97418212890625,-0.0003017085255123675,-0.0299079567193985,103.61621856689453
770,0.770770788192749,75.03779602050781,-0.0003017145209014416,-0.02951398491859436,102.225830078125
771,0.7717717885971069,75.1014633178711,-0.000302962027490139,-0.029687795788049698,102.50617218017578
772,0.7727727890014648,75.1651840209961,-0.00030377658549696207,-0.028874510899186134,99.49958038330078
773,0.7737737894058228,75.22896575927734,-0.0003048809012398124,-0.0278764795511961,95.81815338134766
774,0.7747747898101807,75.29280090332031,-0.00030373851768672466,-0.02816930040717125,96.82841491699219
775,0.7757757902145386,75.35668182373047,-0.00030133125255815685,-0.028639495372772217,98.66260528564453
776,0.7767767906188965,75.42062377929688,-0.0002989183412864804,-0.0293742585927248,101.51336669921875
777,0.7777777910232544,75.484619140625,-0.00029659937717951834,-0.02932562306523323,101.70844268798828
778,0.7787787914276123,75.54866790771484,-0.0002943401341326535,-0.029082166031003,101.34880828857422
779,0.7797797918319702,75.6127700805664,-0.0002931735070887953,-0.027737127617001534,96.99211120605469
780,0.7807807922363281,75.67693328857422,-0.0002929658512584865,-0.028465984389185905,99.6198501586914
781,0.781781792640686,75.74114227294922,-0.0002933972573373467,-0.028571680188179016,100.1039810180664
782,0.782782793045044,75.80540466308594,-0.0002946454915218055,-0.02891518548130989,101.33679962158203
783,0.7837837934494019,75.8697280883789,-0.00029555181390605867,-0.027559353038668633,96.75657653808594
784,0.7847847938537598,75.9341049194336,-0.00029635970713570714,-0.027453862130641937,96.55136108398438
785,0.7857857942581177,75.99853515625,-0.0002962521684821695,-0.027554282918572426,97.12786102294922
786,0.7867867946624756,76.06301879882812,-0.0002952821087092161,-0.026630554348230362,94.20142364501953
787,0.7877877950668335,76.1275634765625,-0.00029533615452237427,-0.026557557284832,94.03143310546875
788,0.7887887954711914,76.19215393066406,-0.0002958145923912525,-0.026891401037573814,95.1646728515625
789,0.7897897958755493,76.25680541992188,-0.00029594090301543474,-0.027143916115164757,96.05766296386719
790,0.7907907962799072,76.3215103149414,-0.00029561310657300055,-0.02756010740995407,97.66679382324219
791,0.7917917966842651,76.38626861572266,-0.00029483469552360475,-0.028984883800148964,102.9519271850586
792,0.792792797088623,76.45108032226562,-0.00029312464175745845,-0.02930525317788124,104.53512573242188
793,0.793793797492981,76.51595306396484,-0.00029133865609765053,-0.029163166880607605,104.4683837890625
794,0.7947947978973389,76.58087921142578,-0.00029070061282254755,-0.029561316594481468,106.171875
795,0.7957957983016968,76.64585876464844,-0.0002896558726206422,-0.02893192134797573,104.25000762939453
796,0.7967967987060547,76.71089172363281,-0.00028979210765101016,-0.028988126665353775,104.57695007324219
797,0.7977977991104126,76.7759780883789,-0.0002903382992371917,-0.02934405580163002,105.87893676757812
798,0.7987987995147705,76.84112548828125,-0.00028907181695103645,-0.029051242396235466,105.12458801269531
799,0.7997997999191284,76.90632629394531,-0.00028890359681099653,-0.029742801561951637,107.77001190185547
800,0.8008008003234863,76.97157287597656,-0.0002877296647056937,-0.02910311333835125,105.73963928222656
801,0.8018018007278442,77.03689575195312,-0.0002885391586460173,-0.029932521283626556,108.68983459472656
802,0.8028028011322021,77.10225677490234,-0.0002891732146963477,-0.02977554313838482,108.06233978271484
803,0.8038038015365601,77.16767883300781,-0.00029155449010431767,-0.03044816665351391,110.22201538085938
804,0.804804801940918,77.233154296875,-0.0002946627791970968,-0.03134816884994507,113.1104507446289
805,0.8058058023452759,77.29869079589844,-0.00030022821738384664,-0.03302600979804993,118.53898620605469
806,0.8068068027496338,77.36427307128906,-0.0003004338941536844,-0.032861363142728806,117.8098373413086
807,0.8078078031539917,77.42991638183594,-0.0002983537851832807,-0.03219887614250183,115.61126708984375
808,0.8088088035583496,77.49562072753906,-0.00029871516744606197,-0.03279372304677963,117.87287139892578
809,0.8098098039627075,77.56137084960938,-0.0002945896703749895,-0.03191084787249565,115.36779022216797
810,0.8108108043670654,77.62718963623047,-0.0002919273392762989,-0.031451862305402756,114.32880401611328
811,0.8118118047714233,77.69306182861328,-0.00029090617317706347,-0.031403254717588425,114.5966567993164
812,0.8128128051757812,77.75897979736328,-0.00029001649818383157,-0.03124578297138214,114.36065673828125
813,0.8138138055801392,77.82495880126953,-0.0002902144333347678,-0.03143790736794472,115.22698211669922
814,0.8148148059844971,77.8909912109375,-0.00028961559291929007,-0.03111228160560131,114.14241027832031
815,0.815815806388855,77.95708465576172,-0.0002950943890027702,-0.03299575671553612,120.50613403320312
816,0.8168168067932129,78.02323150634766,-0.00029277143767103553,-0.032605431973934174,119.27360534667969
817,0.8178178071975708,78.08943176269531,-0.0002896944060921669,-0.032077159732580185,117.68305969238281
818,0.8188188076019287,78.15569305419922,-0.0002855788334272802,-0.03127368167042732,115.23204803466797
819,0.8198198080062866,78.22200775146484,-0.0002824623661581427,-0.030775193125009537,113.87992858886719
820,0.8208208084106445,78.28837585449219,-0.00027985498309135437,-0.029948920011520386,111.19892883300781
821,0.8218218088150024,78.35481262207031,-0.0002780170470941812,-0.0298012662678957,110.9561538696289
822,0.8228228092193604,78.4212875366211,-0.00027581467293202877,-0.028818877413868904,107.69515991210938
823,0.8238238096237183,78.48783874511719,-0.0002744585508480668,-0.029221834614872932,109.43112182617188
824,0.8248248100280762,78.55442810058594,-0.0002736873284447938,-0.028987126424908638,108.76315307617188
825,0.8258258104324341,78.62108612060547,-0.00027363450499251485,-0.02788509801030159,104.90288543701172
826,0.826826810836792,78.68779754638672,-0.000273887999355793,-0.027220042422413826,102.55213928222656
827,0.8278278112411499,78.75455474853516,-0.00027435243828222156,-0.027066314592957497,101.97994995117188
828,0.8288288116455078,78.82138061523438,-0.00027374865021556616,-0.027749761939048767,104.75328063964844
829,0.8298298120498657,78.88825988769531,-0.0002739274059422314,-0.027606509625911713,104.60173797607422
830,0.8308308124542236,78.9552001953125,-0.0002740262425504625,-0.027568737044930458,104.77696228027344
831,0.8318318128585815,79.02220153808594,-0.0002731489366851747,-0.02929092012345791,111.38826751708984
832,0.8328328132629395,79.08924865722656,-0.0002729548141360283,-0.028473062440752983,108.77003479003906
833,0.8338338136672974,79.15635681152344,-0.00027226502425037324,-0.02884792350232601,110.49687957763672
834,0.8348348140716553,79.22352600097656,-0.00027185550425201654,-0.02844158746302128,109.32313537597656
835,0.8358358144760132,79.29074096679688,-0.0002718346077017486,-0.027861805632710457,107.54524993896484
836,0.8368368148803711,79.35801696777344,-0.0002724815276451409,-0.027064690366387367,104.74795532226562
837,0.837837815284729,79.42535400390625,-0.0002718129544518888,-0.027576113119721413,106.53852081298828
838,0.8388388156890869,79.49275207519531,-0.000271167722530663,-0.02747117169201374,106.1168441772461
839,0.8398398160934448,79.56019592285156,-0.00027036911342293024,-0.027257265523076057,105.37648010253906
840,0.8408408164978027,79.62770080566406,-0.0002695291768759489,-0.026614608243107796,103.13875579833984
841,0.8418418169021606,79.69527435302734,-0.0002677199081517756,-0.027455275878310204,106.4543685913086
842,0.8428428173065186,79.76288604736328,-0.00026652152882888913,-0.027945157140493393,108.46066284179688
843,0.8438438177108765,79.83056640625,-0.00026590446941554546,-0.0278827715665102,108.3847427368164
844,0.8448448181152344,79.89830780029297,-0.0002656231226865202,-0.028059503063559532,109.15779876708984
845,0.8458458185195923,79.96610260009766,-0.00026584131410345435,-0.027802027761936188,108.2837905883789
846,0.846846878528595,80.0339584350586,-0.0002662629121914506,-0.02763092890381813,107.69385528564453
847,0.8478478789329529,80.10186004638672,-0.00026646064361557364,-0.02713720127940178,106.02949523925781
848,0.8488488793373108,80.16983032226562,-0.00026611005887389183,-0.027239320799708366,106.61309814453125
849,0.8498498797416687,80.23786163330078,-0.0002652810071595013,-0.027410129085183144,107.53211212158203
850,0.8508508801460266,80.30593872070312,-0.00026451153098605573,-0.025866905227303505,102.04341125488281
851,0.8518518805503845,80.37407684326172,-0.0002634558768477291,-0.02550295554101467,100.93199157714844
852,0.8528528809547424,80.44227600097656,-0.0002634800912346691,-0.02682274952530861,106.15847778320312
853,0.8538538813591003,80.51052856445312,-0.00026300892932340503,-0.026311226189136505,104.273681640625
854,0.8548548817634583,80.57884216308594,-0.00026223930763080716,-0.026908550411462784,106.56812286376953
855,0.8558558821678162,80.647216796875,-0.0002610284718684852,-0.027942784130573273,110.47843170166016
856,0.8568568825721741,80.71565246582031,-0.0002597414131741971,-0.028677744790911674,113.24394989013672
857,0.857857882976532,80.78413391113281,-0.0002585831971373409,-0.029319556429982185,115.70929718017578
858,0.8588588833808899,80.8526840209961,-0.00025978253688663244,-0.028118129819631577,111.18968200683594
859,0.8598598837852478,80.92127990722656,-0.0002584421308711171,-0.028904547914862633,114.48832702636719
860,0.8608608841896057,80.98995208740234,-0.0002572120865806937,-0.02971721813082695,117.91989135742188
861,0.8618618845939636,81.05866241455078,-0.00025799701688811183,-0.029227446764707565,116.22630310058594
862,0.8628628849983215,81.12744903564453,-0.0002583612222224474,-0.02924586832523346,116.4583740234375
863,0.8638638854026794,81.19628143310547,-0.0002599080908112228,-0.028500938788056374,113.5766372680664
864,0.8648648858070374,81.26518249511719,-0.00026058772346004844,-0.028269650414586067,112.57142639160156
865,0.8658658862113953,81.3341293334961,-0.0002597109414637089,-0.029681064188480377,117.84339904785156
866,0.8668668866157532,81.40314483642578,-0.00026076441281475127,-0.02934001199901104,116.36788940429688
867,0.8678678870201111,81.47222137451172,-0.0002622419851832092,-0.030717983841896057,121.66714477539062
868,0.868868887424469,81.54134368896484,-0.00026297447038814425,-0.030373994261026382,120.44979858398438
869,0.8698698878288269,81.61053466796875,-0.00026560641708783805,-0.03067554160952568,121.73915100097656
870,0.8708708882331848,81.6797866821289,-0.0002666595100890845,-0.02992403879761696,119.18558502197266
871,0.8718718886375427,81.74909210205078,-0.0002669885871000588,-0.02894684299826622,115.93504333496094
872,0.8728728890419006,81.81845092773438,-0.00026838795747607946,-0.030065329745411873,120.45394897460938
873,0.8738738894462585,81.88787078857422,-0.0002652761177159846,-0.029410243034362793,118.35982513427734
874,0.8748748898506165,81.95735931396484,-0.0002618572907522321,-0.02941855415701866,118.64508056640625
875,0.8758758902549744,82.02690887451172,-0.0002579874999355525,-0.029455944895744324,119.0558090209961
876,0.8768768906593323,82.09650421142578,-0.00025472609559074044,-0.02943362109363079,119.17619323730469
877,0.8778778910636902,82.1661605834961,-0.000253824022365734,-0.032340262085199356,130.89794921875
878,0.8788788914680481,82.23587799072266,-0.0002521126880310476,-0.032493311911821365,131.88145446777344
879,0.879879891872406,82.30565643310547,-0.00025054614525288343,-0.030707867816090584,125.13060760498047
880,0.8808808922767639,82.37548828125,-0.0002506517630536109,-0.031031545251607895,126.82530212402344
881,0.8818818926811218,82.44538116455078,-0.0002509415789972991,-0.03020954690873623,123.98165893554688
882,0.8828828930854797,82.51534271240234,-0.000251309567829594,-0.030279386788606644,124.5858383178711
883,0.8838838934898376,82.58535766601562,-0.00025188643485307693,-0.029977595433592796,123.5811538696289
884,0.8848848938941956,82.65543365478516,-0.00025243544951081276,-0.02937227115035057,121.20169067382812
885,0.8858858942985535,82.72557067871094,-0.0002523643779568374,-0.02967902645468712,122.30256652832031
886,0.8868868947029114,82.7957534790039,-0.0002520072739571333,-0.029512014240026474,121.5185317993164
887,0.8878878951072693,82.86600494384766,-0.00025067912065424025,-0.02937213145196438,121.12689971923828
888,0.8888888955116272,82.93631744384766,-0.0002492678468115628,-0.028999488800764084,120.1308822631836
889,0.8898898959159851,83.00669860839844,-0.00024779493105597794,-0.029200376942753792,121.38787078857422
890,0.890890896320343,83.0771255493164,-0.0002468868042342365,-0.02925310842692852,122.01203918457031
891,0.8918918967247009,83.14761352539062,-0.0002461234398651868,-0.029550649225711823,123.41069793701172
892,0.8928928971290588,83.21817016601562,-0.0002462008851580322,-0.02934960462152958,122.64823913574219
893,0.8938938975334167,83.28878021240234,-0.0002469811006449163,-0.028454797342419624,119.05650329589844
894,0.8948948979377747,83.35945129394531,-0.00024763145484030247,-0.027855241671204567,116.59938049316406
895,0.8958958983421326,83.43018341064453,-0.00024784525157883763,-0.02801593951880932,117.17816162109375
896,0.8968968987464905,83.5009765625,-0.0002481280534993857,-0.02808649092912674,117.35588836669922
897,0.8978978991508484,83.57182312011719,-0.0002485039585735649,-0.027541546151041985,115.18829345703125
898,0.8988988995552063,83.64273071289062,-0.0002481277333572507,-0.026626210659742355,111.73246002197266
899,0.8998998999595642,83.71370697021484,-0.00024622768978588283,-0.025567322969436646,107.66898345947266
900,0.9009009003639221,83.78473663330078,-0.00024484843015670776,-0.025236399844288826,106.44095611572266
901,0.90190190076828,83.85582733154297,-0.00024381183902733028,-0.025219516828656197,106.5205307006836
902,0.9029029011726379,83.9269790649414,-0.00024306912382598966,-0.025367984548211098,107.334716796875
903,0.9039039015769958,83.99818420410156,-0.00024127002689056098,-0.024722998961806297,104.93800354003906
904,0.9049049019813538,84.06946563720703,-0.00024064499302767217,-0.02464785799384117,104.92050170898438
905,0.9059059023857117,84.14079284667969,-0.00024061804288066924,-0.024999555200338364,106.65184020996094
906,0.9069069027900696,84.21219635009766,-0.00023966984008438885,-0.024820804595947266,106.09532928466797
907,0.9079079031944275,84.28364562988281,-0.00023731258988846093,-0.02386796660721302,102.28878021240234
908,0.9089089035987854,84.35516357421875,-0.00023610377684235573,-0.023381756618618965,100.35318756103516
909,0.9099099040031433,84.42674255371094,-0.00023610872449353337,-0.02336074225604534,100.33965301513672
910,0.9109109044075012,84.49837493896484,-0.00023405786487273872,-0.022703323513269424,97.7729263305664
911,0.9119119048118591,84.57007598876953,-0.00023554037034045905,-0.023510336875915527,101.45674133300781
912,0.912912905216217,84.64183044433594,-0.00023521122056990862,-0.023554669693112373,101.93879699707031
913,0.913913905620575,84.71365356445312,-0.00023552817583549768,-0.023914135992527008,103.63043212890625
914,0.9149149060249329,84.78553009033203,-0.0002355386968702078,-0.024135535582900047,104.6967544555664
915,0.9159159064292908,84.85746765136719,-0.00023587576288264245,-0.024626024067401886,106.94685363769531
916,0.9169169068336487,84.92947387695312,-0.0002371317386860028,-0.025969278067350388,112.83622741699219
917,0.9179179072380066,85.00153350830078,-0.00023553468054160476,-0.0244199987500906,106.56105041503906
918,0.9189189076423645,85.07366180419922,-0.00023714630515314639,-0.025685472413897514,112.28363800048828
919,0.9199199080467224,85.1458511352539,-0.00023711372341495007,-0.026020238175988197,114.1551742553711
920,0.9209209084510803,85.21809387207031,-0.00023465495905838907,-0.02514403499662876,110.978271484375
921,0.9219219088554382,85.29039764404297,-0.00023183785378932953,-0.024345029145479202,107.9796142578125
922,0.9229229092597961,85.3627700805664,-0.00023022737877909094,-0.024336012080311775,108.30413055419922
923,0.923923909664154,85.43519592285156,-0.0002289015828864649,-0.024359989911317825,108.6780776977539
924,0.924924910068512,85.50769805908203,-0.0002274444850627333,-0.02388186939060688,106.81712341308594
925,0.9259259104728699,85.58024597167969,-0.0002270299446536228,-0.023678306490182877,106.07205963134766
926,0.9269269108772278,85.6528549194336,-0.00022719519620295614,-0.02336600422859192,104.70869445800781
927,0.9279279112815857,85.72554779052734,-0.0002287342940689996,-0.023575492203235626,105.53852081298828
928,0.9289289116859436,85.79827880859375,-0.00022935272136237472,-0.02290467917919159,102.50823974609375
929,0.9299299120903015,85.87108612060547,-0.0002307016111444682,-0.023358697071671486,104.44637298583984
930,0.9309309124946594,85.9439468383789,-0.00023094864445738494,-0.023477954789996147,105.03585052490234
931,0.9319319128990173,86.01686096191406,-0.00023049091396387666,-0.02345367893576622,105.14989471435547
932,0.9329329133033752,86.08985137939453,-0.0002301776548847556,-0.023762373253703117,106.77994537353516
933,0.9339339137077332,86.16289520263672,-0.0002295368176419288,-0.023754237219691277,107.0016860961914
934,0.9349349141120911,86.23600769042969,-0.0002275767910759896,-0.02251284196972847,101.80359649658203
935,0.935935914516449,86.3091812133789,-0.00022541923681274056,-0.02131354808807373,96.74502563476562
936,0.9369369149208069,86.38240814208984,-0.0002242435875814408,-0.020899152383208275,95.04656982421875
937,0.9379379153251648,86.45570373535156,-0.00022220572282094508,-0.02023492194712162,92.13743591308594
938,0.9389389157295227,86.52906799316406,-0.00021817343076691031,-0.019149456173181534,87.2586669921875
939,0.9399399161338806,86.60248565673828,-0.00021637532336171716,-0.018956923857331276,86.49056243896484
940,0.9409409165382385,86.67597198486328,-0.000217922730371356,-0.01948346570134163,88.97509765625
941,0.9419419169425964,86.74951171875,-0.00021558787557296455,-0.018947405740618706,86.56322479248047
942,0.9429429173469543,86.82312774658203,-0.0002135768299922347,-0.018644066527485847,85.2030029296875
943,0.9439439177513123,86.89679718017578,-0.00021560040477197617,-0.019612854346632957,89.80681610107422
944,0.9449449181556702,86.97053527832031,-0.00021648904657922685,-0.020278247073292732,92.97511291503906
945,0.9459459185600281,87.04431915283203,-0.0002150168438674882,-0.020046023651957512,91.9512939453125
946,0.946946918964386,87.11817932128906,-0.00021264767565298826,-0.01923634298145771,88.186767578125
947,0.9479479193687439,87.19210052490234,-0.00021273092716000974,-0.01918914169073105,88.02009582519531
948,0.9489489793777466,87.2660903930664,-0.00021331416792236269,-0.01927224174141884,88.4438705444336
949,0.9499499797821045,87.34013366699219,-0.0002137329283868894,-0.019083039835095406,87.6617431640625
950,0.9509509801864624,87.41423797607422,-0.00021364826534409076,-0.01853807643055916,85.30484771728516
951,0.9519519805908203,87.48841094970703,-0.00021473591914400458,-0.018749825656414032,86.5298843383789
952,0.9529529809951782,87.56263732910156,-0.00021473329979926348,-0.018206501379609108,84.22805786132812
953,0.9539539813995361,87.6369400024414,-0.00021462298172991723,-0.017705662176012993,82.23866271972656
954,0.954954981803894,87.71129608154297,-0.00021396816009655595,-0.016676930710673332,77.81229400634766
955,0.955955982208252,87.78572845458984,-0.00021343286789488047,-0.016611982136964798,77.82859802246094
956,0.9569569826126099,87.86021423339844,-0.00021257056505419314,-0.01617998629808426,76.10103607177734
957,0.9579579830169678,87.93476104736328,-0.00021144532365724444,-0.016034476459026337,75.61326599121094
958,0.9589589834213257,88.0093765258789,-0.00021004013251513243,-0.015879223123192787,75.0185317993164
959,0.9599599838256836,88.08405303955078,-0.00020889952429570258,-0.015449891798198223,73.09492492675781
960,0.9609609842300415,88.1587905883789,-0.00020751016563735902,-0.015396873466670513,72.95188903808594
961,0.9619619846343994,88.23359680175781,-0.000206478638574481,-0.015117237344384193,71.67594909667969
962,0.9629629850387573,88.30846405029297,-0.00020420517830643803,-0.016273096203804016,77.37173461914062
963,0.9639639854431152,88.38339233398438,-0.00020361391943879426,-0.016008000820875168,76.14349365234375
964,0.9649649858474731,88.45838165283203,-0.00020290157408453524,-0.016167575493454933,77.05662536621094
965,0.965965986251831,88.53343963623047,-0.0002027650480158627,-0.015271136537194252,72.80218505859375
966,0.966966986656189,88.60856628417969,-0.0002022416447289288,-0.015266847796738148,72.85966491699219
967,0.9679679870605469,88.68374633789062,-0.00020218745339661837,-0.016499297693371773,78.99561309814453
968,0.9689689874649048,88.75899505615234,-0.0002026862057391554,-0.016857469454407692,80.82799530029297
969,0.9699699878692627,88.83431243896484,-0.00020304726785980165,-0.017092866823077202,82.00537109375
970,0.9709709882736206,88.90968322753906,-0.00020268833031877875,-0.016541223973035812,79.26522827148438
971,0.9719719886779785,88.98513793945312,-0.00020366269745863974,-0.016884885728359222,80.9028549194336
972,0.9729729890823364,89.06063842773438,-0.00020319619216024876,-0.01610160991549492,77.03878021240234
973,0.9739739894866943,89.13619995117188,-0.00020366828539408743,-0.016039112582802773,76.82735443115234
974,0.9749749898910522,89.21183776855469,-0.00020560302073135972,-0.016982749104499817,81.62042236328125
975,0.9759759902954102,89.28753662109375,-0.00020555975788738579,-0.016648530960083008,80.16310119628906
976,0.9769769906997681,89.36328887939453,-0.00020413499441929162,-0.015529053285717964,74.76107025146484
977,0.977977991104126,89.43911743164062,-0.00020424986723810434,-0.01563129387795925,75.2854995727539
978,0.9789789915084839,89.5150146484375,-0.0002036111254710704,-0.014918370172381401,71.770751953125
979,0.9799799919128418,89.59095764160156,-0.00020378691260702908,-0.014697211794555187,70.6639175415039
980,0.9809809923171997,89.66697692871094,-0.00020421641238499433,-0.014880062080919743,71.60873413085938
981,0.9819819927215576,89.7430648803711,-0.00020426386618055403,-0.015025499276816845,72.4542007446289
982,0.9829829931259155,89.81920623779297,-0.0002038788516074419,-0.014942632988095284,72.34817504882812
983,0.9839839935302734,89.89541625976562,-0.00020431523444131017,-0.016038833186030388,78.04908752441406
984,0.9849849939346313,89.97168731689453,-0.000203748291824013,-0.01578889787197113,77.11825561523438
985,0.9859859943389893,90.04803466796875,-0.00020347311510704458,-0.01581062749028206,77.46808624267578
986,0.9869869947433472,90.12445068359375,-0.00020336953457444906,-0.016015589237213135,78.65007781982422
987,0.9879879951477051,90.20091247558594,-0.00020331474661361426,-0.016277480870485306,80.08363342285156
988,0.988988995552063,90.27745819091797,-0.0002019892999669537,-0.015524614602327347,76.4967041015625
989,0.9899899959564209,90.35404968261719,-0.0002020399842876941,-0.015941981226205826,78.70419311523438
990,0.9909909963607788,90.43071746826172,-0.00020086273434571922,-0.01593053713440895,78.87471771240234
991,0.9919919967651367,90.5074462890625,-0.00019960428471677005,-0.01603596657514572,79.6648941040039
992,0.9929929971694946,90.58423614501953,-0.00019844174676109105,-0.016374953091144562,81.6995620727539
993,0.9939939975738525,90.6611099243164,-0.00019703549332916737,-0.01688259281218052,84.65825653076172
994,0.9949949979782104,90.73802947998047,-0.00019554898608475924,-0.01715628057718277,86.39481353759766
995,0.9959959983825684,90.81501770019531,-0.00019436345610301942,-0.01737285405397415,87.80335235595703
996,0.9969969987869263,90.89208221435547,-0.00019290715863462538,-0.016870765015482903,85.358642578125
997,0.9979979991912842,90.96920013427734,-0.000193677784409374,-0.017030013725161552,86.09227752685547
998,0.9989989995956421,91.04638671875,-0.00019533035811036825,-0.016124529764056206,81.17823791503906
999,1.0,91.12364959716797,-0.00019977090414613485,-0.015612716786563396,78.18211364746094
