index,timestep,Diffusion_Coeff,Divergence,score,pos
0,0.0,39.05299377441406,-0.0005601618904620409,-0.11242704093456268,-19.383438110351562
1,0.0010010009864345193,39.08612823486328,0.01039125770330429,-0.10847330838441849,-17.931684494018555
2,0.0020020019728690386,39.11929702758789,0.0255483016371727,-0.0766453891992569,-16.250947952270508
3,0.0030030030757188797,39.15248489379883,0.019910674542188644,-0.09269087761640549,-17.032825469970703
4,0.004004003945738077,39.185707092285156,0.02350216917693615,-0.08337106555700302,-16.62983512878418
5,0.005005004815757275,39.218955993652344,0.029629133641719818,-0.0609336756169796,-15.78156566619873
6,0.006006006151437759,39.25223159790039,0.03111233562231064,-0.053037289530038834,-15.47517204284668
7,0.007007007021456957,39.28553771972656,0.02699400670826435,-0.07213803380727768,-16.073144912719727
8,0.008008007891476154,39.31887435913086,0.02815321832895279,-0.06772817671298981,-15.873805046081543
9,0.009009009227156639,39.352237701416016,0.020931201055645943,-0.09039243310689926,-16.81709861755371
10,0.01001000963151455,39.38562774658203,0.03275482356548309,-0.03921689838171005,-15.011981010437012
11,0.011011010967195034,39.41904830932617,0.026068594306707382,-0.07433294504880905,-16.220251083374023
12,0.012012012302875519,39.452491760253906,0.022246025502681732,-0.08372706919908524,-16.655073165893555
13,0.013013012707233429,39.48596954345703,0.0072373682633042336,-0.1061616986989975,-18.33248519897461
14,0.014014014042913914,39.51947021484375,0.008222248405218124,-0.10183294862508774,-18.139217376708984
15,0.015015014447271824,39.55300521850586,0.02218485251069069,-0.07170865684747696,-16.32033920288086
16,0.01601601578295231,39.58656692504883,0.011826526373624802,-0.08797132223844528,-17.47194480895996
17,0.01701701618731022,39.620155334472656,0.007625279016792774,-0.08844825625419617,-17.96630859375
18,0.018018018454313278,39.653770446777344,0.0031312955543398857,-0.08904854953289032,-18.70338249206543
19,0.01901901885867119,39.68742370605469,0.010374503210186958,-0.0781865119934082,-17.495132446289062
20,0.0200200192630291,39.721092224121094,0.016259318217635155,-0.06360307335853577,-16.625173568725586
21,0.021021021530032158,39.754798889160156,0.025078609585762024,-0.022434962913393974,-14.801908493041992
22,0.022022021934390068,39.78852844238281,0.020171253010630608,-0.04513869807124138,-15.884546279907227
23,0.023023022338747978,39.82229232788086,0.008681075647473335,-0.07062941789627075,-17.821910858154297
24,0.024024024605751038,39.8560791015625,0.01930830255150795,-0.03979906439781189,-15.816171646118164
25,0.025025025010108948,39.889896392822266,0.022417675703763962,-0.005840421654284,-14.259099006652832
26,0.026026025414466858,39.92374801635742,0.018136795610189438,-0.0316755473613739,-15.522686958312988
27,0.027027025818824768,39.95762252807617,0.014137208461761475,-0.04173542559146881,-16.21547508239746
28,0.028028028085827827,39.99152755737305,0.010929984040558338,-0.04631717875599861,-16.710895538330078
29,0.029029028490185738,40.02545928955078,0.013220643624663353,-0.03479241207242012,-15.86754322052002
30,0.030030028894543648,40.05942153930664,0.0173444002866745,-0.0065802657045423985,-14.047182083129883
31,0.031031031161546707,40.093414306640625,0.01724640652537346,0.004487444180995226,-13.371315002441406
32,0.03203203156590462,40.1274299621582,0.016741372644901276,0.009489111602306366,-13.086758613586426
33,0.03303303197026253,40.16147994995117,0.016439929604530334,0.0007785680354572833,-13.651721000671387
34,0.03403403237462044,40.195556640625,0.012678293511271477,0.03427157923579216,-11.489107131958008
35,0.03503503277897835,40.22966384887695,0.005654526874423027,0.05087171867489815,-9.621732711791992
36,0.036036036908626556,40.263797760009766,0.010620113462209702,0.03709612786769867,-11.154559135437012
37,0.03703703731298447,40.29795837402344,0.013192236423492432,0.023439588025212288,-12.227057456970215
38,0.03803803771734238,40.3321533203125,0.013055392540991306,0.020630916580557823,-12.384438514709473
39,0.03903903812170029,40.36637878417969,0.011311967857182026,0.02684801258146763,-11.779972076416016
40,0.0400400385260582,40.40062713623047,0.012828468345105648,0.01180598046630621,-12.908476829528809
41,0.04104103893041611,40.434906005859375,0.012370920740067959,0.00177523004822433,-13.620112419128418
42,0.042042043060064316,40.469215393066406,0.010617719031870365,-0.010450084693729877,-14.65602970123291
43,0.043043043464422226,40.50355529785156,0.008667292073369026,-0.017740486189723015,-15.466713905334473
44,0.044044043868780136,40.53792190551758,0.007799219805747271,-0.019280333071947098,-15.734813690185547
45,0.045045044273138046,40.572322845458984,0.004893762059509754,-0.028044939041137695,-17.190439224243164
46,0.046046044677495956,40.606746673583984,0.007207474205642939,-0.0199056938290596,-15.923011779785156
47,0.04704704508185387,40.641197204589844,0.0063552879728376865,-0.022493410855531693,-16.363872528076172
48,0.048048049211502075,40.67568588256836,0.0041890377178788185,-0.028058627620339394,-17.527679443359375
49,0.049049049615859985,40.71019744873047,0.006425642408430576,-0.020064616575837135,-16.20221519470215
50,0.050050050020217896,40.7447395324707,0.006406848318874836,-0.018133074045181274,-16.074356079101562
51,0.051051050424575806,40.77931213378906,0.005522472783923149,-0.018465567380189896,-16.419124603271484
52,0.052052050828933716,40.81391143798828,0.0029672896489501,-0.023647896945476532,-18.062416076660156
53,0.053053051233291626,40.84854507446289,0.00445651076734066,-0.017395908012986183,-16.793624877929688
54,0.054054051637649536,40.88320541381836,0.004271498881280422,-0.01607857644557953,-16.751035690307617
55,0.055055055767297745,40.91789627075195,0.0028015663847327232,-0.018757032230496407,-17.84060287475586
56,0.056056056171655655,40.952613830566406,0.00017096198280341923,-0.021532589569687843,-20.700529098510742
57,0.057057056576013565,40.987361907958984,0.0011799621861428022,-0.019645456224679947,-19.276674270629883
58,0.058058056980371475,41.02214431762695,0.00178816681727767,-0.017741896212100983,-18.41423797607422
59,0.059059057384729385,41.056949615478516,0.0010006669908761978,-0.018301384523510933,-19.17850685119629
60,0.060060057789087296,41.0917854309082,0.002212612424045801,-0.014972546137869358,-17.312732696533203
61,0.061061061918735504,41.12665557861328,0.0020865770056843758,-0.01435999944806099,-17.005346298217773
62,0.062062062323093414,41.16154479980469,0.001096583204343915,-0.01597628742456436,-18.017419815063477
63,0.06306306272745132,41.19647216796875,0.0007410001708194613,-0.016169030219316483,-18.348617553710938
64,0.06406406313180923,41.23143005371094,0.0015669151907786727,-0.014189941808581352,-16.765094757080078
65,0.06506506353616714,41.266414642333984,0.002546530682593584,-0.010585266165435314,-15.142524719238281
66,0.06606606394052505,41.301429748535156,0.001849981490522623,-0.011942032724618912,-15.984259605407715
67,0.06706706434488297,41.33647537231445,0.0017600953578948975,-0.011210118420422077,-16.021591186523438
68,0.06806806474924088,41.37154769897461,0.0025687175802886486,-0.007081812247633934,-14.56028938293457
69,0.06906906515359879,41.406654357910156,0.0018510359805077314,-0.008601772598922253,-15.601990699768066
70,0.0700700655579567,41.44178771972656,0.0015349476598203182,-0.00862471666187048,-16.07954978942871
71,0.0710710734128952,41.476951599121094,0.0007587519939988852,-0.009689630940556526,-17.624168395996094
72,0.07207207381725311,41.512142181396484,0.002249370561912656,-0.004186537116765976,-14.302441596984863
73,0.07307307422161102,41.547367095947266,0.0017610189970582724,0.003962024115025997,-10.811250686645508
74,0.07407407462596893,41.582618713378906,0.0010891568381339312,0.005041429307311773,-9.972890853881836
75,0.07507507503032684,41.61790466308594,-0.00042012258199974895,0.005701760295778513,-8.049492835998535
76,0.07607607543468475,41.65321731567383,-0.0002644184569362551,0.006099076475948095,-8.243866920471191
77,0.07707707583904266,41.688560485839844,-7.07713479641825e-05,0.006497690454125404,-8.483715057373047
78,0.07807807624340057,41.72393035888672,1.4350327546708286e-05,0.006845655385404825,-8.563028335571289
79,0.07907907664775848,41.75933074951172,0.00010509042476769537,0.006787270773202181,-8.668956756591797
80,0.0800800770521164,41.794769287109375,-0.0007599383243359625,0.0060323565267026424,-7.572968006134033
81,0.0810810774564743,41.830230712890625,-0.0008928157621994615,0.005202351603657007,-7.390717506408691
82,0.08208207786083221,41.865726470947266,2.1338884835131466e-05,0.0051133171655237675,-8.67276382446289
83,0.08308307826519012,41.9012451171875,0.0008921974222175777,0.003824298270046711,-9.92715835571289
84,0.08408408612012863,41.93680191040039,-8.974289085017517e-05,0.0038191196508705616,-8.578276634216309
85,0.08508508652448654,41.97238540649414,-0.0005115801468491554,0.003343326272442937,-7.9394917488098145
86,0.08608608692884445,42.00799560546875,-0.0008242158219218254,0.0028188200667500496,-7.379155158996582
87,0.08708708733320236,42.043643951416016,-0.0016364307375624776,0.0002829087316058576,-5.731612205505371
88,0.08808808773756027,42.079315185546875,-0.0018468350172042847,-0.0013855602592229843,-5.018311023712158
89,0.08908908814191818,42.115020751953125,-0.0022093160077929497,-0.004741236101835966,-3.5632777214050293
90,0.09009008854627609,42.1507568359375,-0.0025900909677147865,-0.010405540466308594,-1.2217355966567993
91,0.091091088950634,42.186519622802734,-0.0025590090081095695,-0.010652502998709679,-1.0394129753112793
92,0.09209208935499191,42.22231674194336,-0.0016447349917143583,-0.003277583746239543,-4.435184478759766
93,0.09309308975934982,42.258140563964844,-0.001600797870196402,-0.0038744662888348103,-4.265739440917969
94,0.09409409016370773,42.29399490356445,-0.0015522314934059978,-0.004369253758341074,-4.145420074462891
95,0.09509509056806564,42.32988739013672,-0.0017761893104761839,-0.006262647453695536,-3.1206040382385254
96,0.09609609842300415,42.36580276489258,-0.0020283593330532312,-0.009014923125505447,-1.7509914636611938
97,0.09709709882736206,42.40175247192383,-0.0021495246328413486,-0.011379999108612537,-0.6981023550033569
98,0.09809809923171997,42.4377326965332,-0.002179283183068037,-0.013531568460166454,0.1770954728126526
99,0.09909909963607788,42.473731994628906,-0.002034700708463788,-0.012198408134281635,-0.6102638244628906
100,0.10010010004043579,42.5097770690918,-0.001959039829671383,-0.012500207871198654,-0.6193280220031738
101,0.1011011004447937,42.545841217041016,-0.001960877561941743,-0.01634545437991619,1.235534906387329
102,0.10210210084915161,42.58195114135742,-0.0018283172976225615,-0.01991482637822628,3.0798215866088867
103,0.10310310125350952,42.618080139160156,-0.0017657533753663301,-0.020598942413926125,3.467513084411621
104,0.10410410165786743,42.65423583984375,-0.0018101383466273546,-0.019160881638526917,2.6569933891296387
105,0.10510510206222534,42.6904296875,-0.0018648949917405844,-0.01688382588326931,1.302489161491394
106,0.10610610246658325,42.726654052734375,-0.001777936820872128,-0.019406914710998535,2.556593179702759
107,0.10710710287094116,42.762908935546875,-0.0016072966391220689,-0.02119947411119938,3.522050380706787
108,0.10810810327529907,42.799190521240234,-0.001691522542387247,-0.017645852640271187,1.3210384845733643
109,0.10910911113023758,42.83551025390625,-0.0016778834396973252,-0.01624385267496109,0.451036274433136
110,0.11011011153459549,42.871856689453125,-0.0016442241612821817,-0.017187442630529404,1.0834307670593262
111,0.1111111119389534,42.90822982788086,-0.0016594012267887592,-0.016735997051000595,0.9745979309082031
112,0.11211211234331131,42.94463348388672,-0.0015092289540916681,-0.01998051069676876,3.273503065109253
113,0.11311311274766922,42.9810791015625,-0.0014757650205865502,-0.020123856142163277,3.7551381587982178
114,0.11411411315202713,43.017547607421875,-0.001449236529879272,-0.02003834955394268,4.149803161621094
115,0.11511511355638504,43.054054260253906,-0.0012480407021939754,-0.02153664454817772,5.863198280334473
116,0.11611611396074295,43.090579986572266,-0.0012338458327576518,-0.020911578088998795,5.813973426818848
117,0.11711711436510086,43.127140045166016,-0.0009559002355672419,-0.022302046418190002,7.5777153968811035
118,0.11811811476945877,43.16373825073242,-0.0009059421136043966,-0.02209302969276905,7.7605767250061035
119,0.11911911517381668,43.20035934448242,-0.0010068572591990232,-0.02121635712683201,7.006930351257324
120,0.12012011557817459,43.23701477050781,-0.0006485998746939003,-0.022828543558716774,8.96431827545166
121,0.1211211159825325,43.27370834350586,-0.0006017700070515275,-0.022392211481928825,8.901247024536133
122,0.12212212383747101,43.3104248046875,-0.0006331350887194276,-0.02161741442978382,8.33006477355957
123,0.12312312424182892,43.34716796875,-0.0006994327995926142,-0.02070198580622673,7.45143461227417
124,0.12412412464618683,43.38395309448242,-0.0006222373922355473,-0.02046438492834568,7.606069087982178
125,0.12512512505054474,43.42076110839844,-0.0006731247995048761,-0.019626734778285027,6.854545593261719
126,0.12612612545490265,43.45760726928711,-0.0008113543735817075,-0.018054930493235588,5.084076881408691
127,0.12712712585926056,43.494476318359375,-0.0008142056758515537,-0.017606550827622414,4.729671955108643
128,0.12812812626361847,43.5313835144043,-0.0007866541855037212,-0.017641808837652206,4.8968048095703125
129,0.12912912666797638,43.56832504272461,-0.0006700329831801355,-0.018533170223236084,6.18501615524292
130,0.1301301270723343,43.605289459228516,-0.0007349291699938476,-0.018160205334424973,5.629288196563721
131,0.1311311274766922,43.64228820800781,-0.0005486438749358058,-0.019324632361531258,7.364841461181641
132,0.1321321278810501,43.679317474365234,-0.0008074498036876321,-0.01766306720674038,4.968877792358398
133,0.13313312828540802,43.71638107299805,-0.0006734853377565742,-0.018470684066414833,6.220344543457031
134,0.13413412868976593,43.753475189208984,-0.0004940981161780655,-0.01905258372426033,7.5250067710876465
135,0.13513512909412384,43.79059600830078,-0.0004972287570126355,-0.018266845494508743,7.1335296630859375
136,0.13613612949848175,43.827762603759766,-0.0005323245422914624,-0.017367202788591385,6.402468681335449
137,0.13713712990283966,43.86494445800781,-0.000686932704411447,-0.015489129349589348,3.9372456073760986
138,0.13813813030719757,43.902164459228516,-0.0006545456708408892,-0.015519680455327034,4.29648494720459
139,0.13913913071155548,43.93941879272461,-0.0006523097399622202,-0.015411973930895329,4.345833778381348
140,0.1401401311159134,43.9766960144043,-0.0006445861654356122,-0.015533598139882088,4.607975006103516
141,0.1411411464214325,44.014015197753906,-0.0006691743619740009,-0.015448679216206074,4.486104965209961
142,0.1421421468257904,44.051361083984375,-0.000788428820669651,-0.013498874381184578,1.8934202194213867
143,0.14314314723014832,44.08873748779297,-0.000775243912357837,-0.014001326635479927,2.610783576965332
144,0.14414414763450623,44.12614822387695,-0.000704347447026521,-0.015276037156581879,4.389003753662109
145,0.14514514803886414,44.1635856628418,-0.0007252909708768129,-0.014812794514000416,3.84818696975708
146,0.14614614844322205,44.20106506347656,-0.0005131304496899247,-0.016365958377718925,6.578417778015137
147,0.14714714884757996,44.238563537597656,-0.00044963936670683324,-0.016276247799396515,6.945738792419434
148,0.14814814925193787,44.27610778808594,-0.000520553789101541,-0.015397151000797749,5.6415629386901855
149,0.14914914965629578,44.31366729736328,-0.0005339207709766924,-0.014882405288517475,4.921776294708252
150,0.1501501500606537,44.35126876831055,-0.0004283793387003243,-0.015317896381020546,5.966334342956543
151,0.1511511504650116,44.38890075683594,-0.00023767234233673662,-0.01591428555548191,7.863966941833496
152,0.1521521508693695,44.426570892333984,-0.0001669891207711771,-0.015980666503310204,8.3014497756958
153,0.15315315127372742,44.464263916015625,-0.0002975045354105532,-0.01563449390232563,6.566994667053223
154,0.15415415167808533,44.50199508666992,-0.0003470998490229249,-0.015518292784690857,5.830769062042236
155,0.15515515208244324,44.53975296020508,-0.00037571173743344843,-0.015414286404848099,5.404075622558594
156,0.15615615248680115,44.57754898071289,-0.00046942936023697257,-0.014880387112498283,4.13340425491333
157,0.15715715289115906,44.6153678894043,-0.0004636805388145149,-0.014920570887625217,4.315971851348877
158,0.15815815329551697,44.653228759765625,-0.0005304066580720246,-0.01441259402781725,3.4613027572631836
159,0.15915915369987488,44.69111251831055,-0.0006396266398951411,-0.013128507882356644,1.5306861400604248
160,0.1601601541042328,44.72903823852539,-0.0006491425447165966,-0.012753789313137531,1.284092903137207
161,0.1611611545085907,44.76698684692383,-0.0006620919448323548,-0.012168007902801037,0.7040200233459473
162,0.1621621549129486,44.804969787597656,-0.0006820732960477471,-0.010740273632109165,-1.1823077201843262
163,0.16316315531730652,44.842987060546875,-0.0006730328314006329,-0.011510518379509449,0.07207632064819336
164,0.16416415572166443,44.88103485107422,-0.0006430848152376711,-0.01233674492686987,1.3613808155059814
165,0.16516515612602234,44.91912078857422,-0.0006551924161612988,-0.011557994410395622,0.2429184764623642
166,0.16616615653038025,44.95723342895508,-0.0006374153308570385,-0.011597868986427784,0.41010284423828125
167,0.16716717183589935,44.99538040161133,-0.0005616946727968752,-0.01277119480073452,2.4730613231658936
168,0.16816817224025726,45.03356170654297,-0.0005377597408369184,-0.012769759632647038,2.5545010566711426
169,0.16916917264461517,45.071773529052734,-0.0005597029812633991,-0.012121540494263172,1.3233314752578735
170,0.17017017304897308,45.110015869140625,-0.0005691077094525099,-0.011618544347584248,0.24921917915344238
171,0.171171173453331,45.14828872680664,-0.0006258697248995304,-0.009731419384479523,-3.1252691745758057
172,0.1721721738576889,45.18659973144531,-0.0006067557842470706,-0.010206971317529678,-2.5702168941497803
173,0.17317317426204681,45.22494125366211,-0.0005910525796934962,-0.010390781797468662,-2.3907628059387207
174,0.17417417466640472,45.2633171081543,-0.0006334189092740417,-0.008636374957859516,-5.261752605438232
175,0.17517517507076263,45.30172348022461,-0.0006200092611834407,-0.007758346386253834,-6.589824676513672
176,0.17617617547512054,45.34016036987305,-0.0005995779065415263,-0.0072943540289998055,-7.163549423217773
177,0.17717717587947845,45.37863540649414,-0.0005822594976052642,-0.007357893977314234,-6.802077770233154
178,0.17817817628383636,45.41713333129883,-0.0005666392971761525,-0.0077458699233829975,-5.910036087036133
179,0.17917917668819427,45.45567321777344,-0.0005793499294668436,-0.006783774122595787,-7.5231194496154785
180,0.18018017709255219,45.49424362182617,-0.0005713999853469431,-0.007742578163743019,-5.8102803230285645
181,0.1811811774969101,45.53284454345703,-0.0005785808898508549,-0.007942231371998787,-5.404195308685303
182,0.182182177901268,45.571475982666016,-0.0005937370005995035,-0.006934874691069126,-7.005934238433838
183,0.18318317830562592,45.610145568847656,-0.000604174449108541,-0.007435471285134554,-6.031878471374512
184,0.18418417870998383,45.64884567260742,-0.000616479548625648,-0.006965162698179483,-6.6739501953125
185,0.18518517911434174,45.68758010864258,-0.0006285151466727257,-0.006174804642796516,-7.778942108154297
186,0.18618617951869965,45.726348876953125,-0.0006422193837352097,-0.0060143605805933475,-7.826032638549805
187,0.18718717992305756,45.76514434814453,-0.0006534585263580084,-0.004529200028628111,-9.851346969604492
188,0.18818818032741547,45.803977966308594,-0.0006647994741797447,-0.0044066752307116985,-9.728368759155273
189,0.18918918073177338,45.84284210205078,-0.0006820543203502893,-0.005839765537530184,-7.341283321380615
190,0.1901901811361313,45.881744384765625,-0.0006888680509291589,-0.005671175196766853,-7.386349201202393
191,0.1911911815404892,45.92066955566406,-0.000693196605425328,-0.0055470713414251804,-7.499386787414551
192,0.1921921968460083,45.95963668823242,-0.0006878869608044624,-0.00725227314978838,-5.088158130645752
193,0.1931931972503662,45.99863052368164,-0.0006932212272658944,-0.006759513635188341,-5.904493808746338
194,0.19419419765472412,46.037662506103516,-0.0006879501743242145,-0.0059383404441177845,-7.20682430267334
195,0.19519519805908203,46.07672882080078,-0.0006791697815060616,-0.006767469458281994,-6.114367485046387
196,0.19619619846343994,46.115821838378906,-0.0006432016380131245,-0.008347111754119396,-3.7929887771606445
197,0.19719719886779785,46.15495300292969,-0.0006589103722944856,-0.006715958006680012,-6.303808689117432
198,0.19819819927215576,46.194114685058594,-0.000645617488771677,-0.006811204832047224,-6.170549392700195
199,0.19919919967651367,46.23331069946289,-0.0006479815347120166,-0.006154882721602917,-7.164612770080566
200,0.20020020008087158,46.27254104614258,-0.0006482013850472867,-0.0045504262670874596,-9.666522979736328
201,0.2012012004852295,46.31180191040039,-0.0006590711418539286,-0.0034991800785064697,-11.275338172912598
202,0.2022022008895874,46.35110092163086,-0.0007312833331525326,-0.0018812906928360462,-13.554627418518066
203,0.2032032012939453,46.39043045043945,-0.0007793920813128352,-0.0011101927375420928,-14.523393630981445
204,0.20420420169830322,46.42979049682617,-0.0008171378867700696,-0.00044822850031778216,-15.315552711486816
205,0.20520520210266113,46.46918487548828,-0.0008929428877308965,0.001237298478372395,-17.325382232666016
206,0.20620620250701904,46.50861740112305,-0.0008893174817785621,0.001146606751717627,-17.31960105895996
207,0.20720720291137695,46.54807662963867,-0.0009033438400365412,0.0015487602213397622,-17.858728408813477
208,0.20820820331573486,46.58757400512695,-0.0008548166370019317,0.0003976256703026593,-16.550899505615234
209,0.20920920372009277,46.62710189819336,-0.0007981299422681332,-0.0008439141092821956,-14.91102409362793
210,0.21021020412445068,46.666664123535156,-0.0007355234120041132,-0.0022036926820874214,-12.946205139160156
211,0.2112112045288086,46.706260681152344,-0.0007401152979582548,-0.0022303590085357428,-12.681581497192383
212,0.2122122049331665,46.74589157104492,-0.0007917826296761632,-0.0013395438436418772,-13.569122314453125
213,0.21321320533752441,46.78555679321289,-0.0008372327429242432,-0.000609519483987242,-14.198612213134766
214,0.21421420574188232,46.825252532958984,-0.0008779669879004359,0.00011124162119813263,-14.842337608337402
215,0.21521520614624023,46.864990234375,-0.0008883062982931733,0.00036416802322492003,-15.003275871276855
216,0.21621620655059814,46.90475082397461,-0.0008787538390606642,0.0001371759281028062,-14.755607604980469
217,0.21721720695495605,46.94455337524414,-0.0007568810833618045,-0.0021881256252527237,-12.055234909057617
218,0.21821822226047516,46.98438262939453,-0.0007519946666434407,-0.0022676021326333284,-12.115049362182617
219,0.21921922266483307,47.024253845214844,-0.0007438099710270762,-0.0023631334770470858,-12.1657133102417
220,0.22022022306919098,47.064151763916016,-0.0008133840165100992,-0.0010861740447580814,-13.844131469726562
221,0.2212212234735489,47.104087829589844,-0.0008692273404449224,0.0001017272297758609,-15.218082427978516
222,0.2222222238779068,47.14405059814453,-0.0009531299001537263,0.0030587955843657255,-18.37825584411621
223,0.2232232242822647,47.18405532836914,-0.0009604053921066225,0.0035480528604239225,-18.8293514251709
224,0.22422422468662262,47.22409439086914,-0.0009698289213702083,0.004250053316354752,-19.523298263549805
225,0.22522522509098053,47.264163970947266,-0.0010028444230556488,0.006286633666604757,-21.567638397216797
226,0.22622622549533844,47.304264068603516,-0.001013629138469696,0.007091626990586519,-22.367887496948242
227,0.22722722589969635,47.34440231323242,-0.0010245097801089287,0.00790873821824789,-23.177093505859375
228,0.22822822630405426,47.384578704833984,-0.001002914272248745,0.007125888951122761,-22.395376205444336
229,0.22922922670841217,47.424781799316406,-0.0010227770544588566,0.008369184099137783,-23.620662689208984
230,0.23023022711277008,47.465023040771484,-0.0009901276789605618,0.007154509890824556,-22.389629364013672
231,0.231231227517128,47.50529479980469,-0.0009814301738515496,0.007070946041494608,-22.231685638427734
232,0.2322322279214859,47.54560470581055,-0.0009404425509274006,0.004970559384673834,-19.935632705688477
233,0.2332332283258438,47.58594512939453,-0.0009926703060045838,0.008687055669724941,-23.692873001098633
234,0.23423422873020172,47.62632369995117,-0.0009748988086357713,0.008020165376365185,-22.933822631835938
235,0.23523522913455963,47.6667366027832,-0.0010206622537225485,0.011005117557942867,-25.827363967895508
236,0.23623622953891754,47.707176208496094,-0.0009873013477772474,0.009378436952829361,-24.1110897064209
237,0.23723722994327545,47.74766540527344,-0.0009972879197448492,0.00999032985419035,-24.68478775024414
238,0.23823823034763336,47.788177490234375,-0.0010118442587554455,0.010750966146588326,-25.43941879272461
239,0.23923923075199127,47.8287239074707,-0.0010363063775002956,0.012051375582814217,-26.721920013427734
240,0.24024023115634918,47.86930847167969,-0.000999565701931715,0.010324975475668907,-25.069869995117188
241,0.2412412315607071,47.9099235534668,-0.0009506411151960492,0.007376341614872217,-22.076486587524414
242,0.242242231965065,47.95058059692383,-0.0009624586091376841,0.008775157853960991,-23.570354461669922
243,0.2432432323694229,47.99126052856445,-0.000977598363533616,0.010112806223332882,-24.946239471435547
244,0.24424424767494202,48.031982421875,-0.0009595677256584167,0.009168824180960655,-23.933446884155273
245,0.24524524807929993,48.07273864746094,-0.0009592320420779288,0.00934910960495472,-24.07419204711914
246,0.24624624848365784,48.113529205322266,-0.0009597955504432321,0.00974257756024599,-24.42373275756836
247,0.24724724888801575,48.154354095458984,-0.0009208235424011946,0.007028632797300816,-21.471416473388672
248,0.24824824929237366,48.19520950317383,-0.0009175603627227247,0.007048839703202248,-21.475061416625977
249,0.24924924969673157,48.236106872558594,-0.0009179791668429971,0.007159747648984194,-21.65432357788086
250,0.2502502501010895,48.277034759521484,-0.000912269635591656,0.005965942982584238,-20.494794845581055
251,0.2512512505054474,48.317996978759766,-0.0009462732705287635,0.00845449510961771,-23.304630279541016
252,0.2522522509098053,48.35899353027344,-0.0009214475867338479,0.0061424123123288155,-20.845720291137695
253,0.2532532513141632,48.40003204345703,-0.0009462705347687006,0.008507898077368736,-23.325912475585938
254,0.2542542517185211,48.44109344482422,-0.0009366608574055135,0.008122747763991356,-22.87924575805664
255,0.25525525212287903,48.48219680786133,-0.0009309732122346759,0.00803117360919714,-22.786476135253906
256,0.25625625252723694,48.52333450317383,-0.0009330713655799627,0.008510390296578407,-23.347827911376953
257,0.25725725293159485,48.564510345458984,-0.0009570380789227784,0.010287828743457794,-25.308448791503906
258,0.25825825333595276,48.605712890625,-0.0009345133439637721,0.009330007247626781,-24.33768653869629
259,0.25925925374031067,48.64695739746094,-0.0009286923450417817,0.009495435282588005,-24.4881534576416
260,0.2602602541446686,48.688236236572266,-0.0009103777119889855,0.008695710450410843,-23.556673049926758
261,0.2612612545490265,48.729549407958984,-0.0008999397396109998,0.008136192336678505,-22.889984130859375
262,0.2622622549533844,48.770896911621094,-0.0008755936287343502,0.005924119148403406,-20.387117385864258
263,0.2632632553577423,48.812278747558594,-0.00086068274686113,0.004398018587380648,-18.631084442138672
264,0.2642642557621002,48.85369110107422,-0.0008684223867021501,0.005055123940110207,-19.387638092041016
265,0.26526525616645813,48.895145416259766,-0.0008682535262778401,0.005074871238321066,-19.37203598022461
266,0.26626625657081604,48.93663787841797,-0.0008505349978804588,0.0034636245109140873,-17.41909408569336
267,0.26726725697517395,48.97815704345703,-0.0008638714207336307,0.004726856481283903,-18.74923324584961
268,0.26826825737953186,49.01971435546875,-0.0008694692514836788,0.005630760453641415,-19.674009323120117
269,0.26926925778388977,49.061309814453125,-0.0008666021749377251,0.005871172528713942,-19.8345947265625
270,0.2702702581882477,49.10293960571289,-0.0008701446931809187,0.0071305702440440655,-21.199583053588867
271,0.2712712585926056,49.14460754394531,-0.0008620347362011671,0.007012195885181427,-20.98440933227539
272,0.2722722589969635,49.18630599975586,-0.0008511581690981984,0.006379902362823486,-20.14082908630371
273,0.2732732594013214,49.2280387878418,-0.0008321363129653037,0.004735919181257486,-18.086490631103516
274,0.2742742598056793,49.26980972290039,-0.0008261497132480145,0.004588799551129341,-17.82939338684082
275,0.27527526021003723,49.31161880493164,-0.0007915760506875813,0.0024783986154943705,-15.154629707336426
276,0.27627626061439514,49.35345458984375,-0.0007767805363982916,0.001938635017722845,-14.408247947692871
277,0.27727726101875305,49.39533233642578,-0.0007852061535231769,0.0024085764307528734,-15.010282516479492
278,0.27827826142311096,49.4372444152832,-0.0007811848190613091,0.0022097493056207895,-14.80006217956543
279,0.27927926182746887,49.479190826416016,-0.0007977302884683013,0.0032392984721809626,-16.211589813232422
280,0.2802802622318268,49.52117156982422,-0.0008015609346330166,0.0034247837029397488,-16.5950984954834
281,0.2812812626361847,49.56319046020508,-0.000769758247770369,0.0016930055571720004,-14.57272720336914
282,0.282282292842865,49.60525131225586,-0.000782339891884476,0.0025639687664806843,-15.813044548034668
283,0.2832832932472229,49.6473388671875,-0.0007790416129864752,0.0027302075177431107,-16.107166290283203
284,0.2842842936515808,49.6894645690918,-0.0007820366881787777,0.003248236607760191,-16.80304718017578
285,0.2852852940559387,49.73162841796875,-0.0007916632457636297,0.0042417231015861034,-18.054779052734375
286,0.28628629446029663,49.77382278442383,-0.0007372479885816574,0.0016628477023914456,-14.636130332946777
287,0.28728729486465454,49.81605911254883,-0.0007658024551346898,0.003177163191139698,-16.612831115722656
288,0.28828829526901245,49.85832595825195,-0.0007716394611634314,0.003537973389029503,-17.059879302978516
289,0.28928929567337036,49.900630950927734,-0.0007683646399527788,0.0033018672838807106,-16.725360870361328
290,0.29029029607772827,49.94297409057617,-0.000777157605625689,0.003754943609237671,-17.255516052246094
291,0.2912912964820862,49.985355377197266,-0.0007265243330039084,0.0011783251538872719,-13.734613418579102
292,0.2922922968864441,50.02776336669922,-0.0007144970586523414,0.000729378021787852,-12.997308731079102
293,0.293293297290802,50.07020950317383,-0.0007127674762159586,0.0006684154504910111,-12.811389923095703
294,0.2942942976951599,50.11269760131836,-0.000710165302734822,0.00062477559549734,-12.658010482788086
295,0.2952952980995178,50.155216217041016,-0.0007295361720025539,0.0015750671736896038,-13.900445938110352
296,0.29629629850387573,50.197776794433594,-0.0007283261511474848,0.0018533146940171719,-14.229750633239746
297,0.29729729890823364,50.2403678894043,-0.0007248966721817851,0.0020033663604408503,-14.389592170715332
298,0.29829829931259155,50.282997131347656,-0.0007417422020807862,0.003332945052534342,-16.147600173950195
299,0.29929929971694946,50.32566452026367,-0.0007280154386535287,0.002448644256219268,-14.875274658203125
300,0.3003003001213074,50.36836242675781,-0.0007348426152020693,0.0029237635899335146,-15.401317596435547
301,0.3013013005256653,50.41109848022461,-0.0006894879043102264,0.0007895044982433319,-12.266727447509766
302,0.3023023009300232,50.45387649536133,-0.0007088703569024801,0.0017788773402571678,-13.541238784790039
303,0.3033033013343811,50.49668502807617,-0.0007498757913708687,0.004193680360913277,-16.76690101623535
304,0.304304301738739,50.53953552246094,-0.0007206841255538166,0.0026918889489024878,-14.6832275390625
305,0.3053053021430969,50.58241653442383,-0.0007011622074060142,0.0019016143633052707,-13.56751537322998
306,0.30630630254745483,50.625335693359375,-0.0006899454747326672,0.0014072285266593099,-12.940343856811523
307,0.30730730295181274,50.66829299926758,-0.0007545489352196455,0.003923837095499039,-16.536502838134766
308,0.30830830335617065,50.71128463745117,-0.0007707297336310148,0.00459917401894927,-17.51026153564453
309,0.30930930376052856,50.754310607910156,-0.0007616626098752022,0.004144885111600161,-16.936561584472656
310,0.3103103041648865,50.79737854003906,-0.0007478557527065277,0.0036890171468257904,-16.297414779663086
311,0.3113113045692444,50.840476989746094,-0.0007049114792607725,0.0020625407341867685,-13.96696662902832
312,0.3123123049736023,50.88361358642578,-0.0006981347687542439,0.0020457212813198566,-13.86940860748291
313,0.3133133053779602,50.92679214477539,-0.0007465645903721452,0.004753824323415756,-17.619462966918945
314,0.3143143057823181,50.97000503540039,-0.0007298667915165424,0.003938376437872648,-16.57281494140625
315,0.315315306186676,51.01325225830078,-0.0007377602742053568,0.004687797278165817,-17.644521713256836
316,0.31631630659103394,51.056541442871094,-0.000714979600161314,0.003256317926570773,-15.730656623840332
317,0.31731730699539185,51.099857330322266,-0.0007042067591100931,0.0025633815675973892,-14.797842025756836
318,0.31831830739974976,51.14321517944336,-0.0007334197871387005,0.004168297164142132,-17.067747116088867
319,0.31931930780410767,51.186614990234375,-0.0007024033693596721,0.0020090972539037466,-14.13538932800293
320,0.3203203082084656,51.23004913330078,-0.0006848205230198801,0.0010072910226881504,-12.775367736816406
321,0.3213213086128235,51.27351379394531,-0.0007060026982799172,0.001679416629485786,-13.87850570678711
322,0.3223223090171814,51.317020416259766,-0.000680144177749753,0.00031519209733232856,-12.068706512451172
323,0.3233233094215393,51.36056137084961,-0.0007071797735989094,0.0013291500508785248,-13.623809814453125
324,0.3243243098258972,51.40414047241211,-0.0006741677061654627,0.000129824155010283,-11.894112586975098
325,0.3253253102302551,51.44776153564453,-0.0007196385413408279,0.00232276925817132,-15.004667282104492
326,0.32632631063461304,51.49141311645508,-0.0006811079801991582,0.000744539953302592,-12.686563491821289
327,0.32732731103897095,51.53510284423828,-0.0006626915419474244,0.0002968924236483872,-11.890801429748535
328,0.32832831144332886,51.578834533691406,-0.0006511259125545621,0.00011275508586550131,-11.463820457458496
329,0.32932931184768677,51.622596740722656,-0.0006251890445128083,-0.0004813991254195571,-10.367796897888184
330,0.3303303122520447,51.66639709472656,-0.0005542301805689931,-0.002063079969957471,-7.505721092224121
331,0.3313313126564026,51.71023941040039,-0.000501210568472743,-0.0031433196272701025,-5.29098653793335
332,0.3323323130607605,51.754112243652344,-0.0004662510473281145,-0.003915124107152224,-3.5790457725524902
333,0.3333333432674408,51.79802703857422,-0.00040399032877758145,-0.0052971020340919495,-0.3384133577346802
334,0.3343343436717987,51.84197998046875,-0.00042459508404135704,-0.004776682239025831,-1.5284996032714844
335,0.3353353440761566,51.88597106933594,-0.00035370606929063797,-0.0060943677090108395,2.065487861633301
336,0.3363363444805145,51.92999267578125,-0.0003166396345477551,-0.006727476604282856,4.172237396240234
337,0.33733734488487244,51.974056243896484,-0.0003010599175468087,-0.0069701350294053555,5.286257743835449
338,0.33833834528923035,52.018157958984375,-0.00030494225211441517,-0.00676707224920392,4.968375205993652
339,0.33933934569358826,52.06229782104492,-0.00030088232597336173,-0.006821905728429556,5.4622721672058105
340,0.34034034609794617,52.106468200683594,-0.0002953917137347162,-0.007003739941865206,6.301424503326416
341,0.3413413465023041,52.15068054199219,-0.0002929103502538055,-0.00718695716932416,7.109872817993164
342,0.342342346906662,52.19493103027344,-0.0002862899855244905,-0.007624961901456118,8.716697692871094
343,0.3433433473110199,52.23921585083008,-0.0002860530512407422,-0.007559388875961304,8.496013641357422
344,0.3443443477153778,52.283546447753906,-0.00028912394191138446,-0.007371102459728718,7.803960800170898
345,0.3453453481197357,52.327911376953125,-0.0002768757985904813,-0.008025264367461205,10.024747848510742
346,0.34634634852409363,52.372310638427734,-0.0002674207207746804,-0.008449649438261986,11.518758773803711
347,0.34734734892845154,52.416744232177734,-0.0002590390795376152,-0.00893156323581934,13.321222305297852
348,0.34834834933280945,52.46122360229492,-0.00026256300043314695,-0.009188818745315075,14.375579833984375
349,0.34934934973716736,52.505733489990234,-0.0002731670974753797,-0.009662991389632225,16.199010848999023
350,0.35035035014152527,52.55028533935547,-0.0002787403645925224,-0.009543298743665218,15.846718788146973
351,0.3513513505458832,52.594879150390625,-0.00028158994973637164,-0.009047155268490314,14.223703384399414
352,0.3523523509502411,52.639503479003906,-0.00028426526114344597,-0.00855734571814537,12.705009460449219
353,0.353353351354599,52.68416976928711,-0.000287370930891484,-0.007806289475411177,10.292659759521484
354,0.3543543517589569,52.72887420654297,-0.0002882557164411992,-0.007524558342993259,9.493462562561035
355,0.3553553521633148,52.77360916137695,-0.00028351880609989166,-0.0077117616310715675,10.271499633789062
356,0.35635635256767273,52.81839370727539,-0.0002808267017826438,-0.007807955611497164,10.61394214630127
357,0.35735735297203064,52.86320495605469,-0.00027548871003091335,-0.00833070557564497,12.398816108703613
358,0.35835835337638855,52.90806198120117,-0.0002779965288937092,-0.00793121661990881,10.842187881469727
359,0.35935935378074646,52.95295333862305,-0.0002883765264414251,-0.007033235393464565,7.625418663024902
360,0.36036035418510437,52.99788284301758,-0.0002931240596808493,-0.007176373619586229,8.19392204284668
361,0.3613613545894623,53.0428581237793,-0.000297908263746649,-0.0071046603843569756,8.052934646606445
362,0.3623623549938202,53.087860107421875,-0.00030261024949140847,-0.007614316884428263,9.895524978637695
363,0.3633633553981781,53.13290786743164,-0.0003034124383702874,-0.007391941733658314,9.310824394226074
364,0.364364355802536,53.1779899597168,-0.00030532944947481155,-0.007263150066137314,9.03414535522461
365,0.3653653562068939,53.223114013671875,-0.0003109188692178577,-0.007556867320090532,10.110003471374512
366,0.36636635661125183,53.268272399902344,-0.00031918290187604725,-0.00835237093269825,12.726886749267578
367,0.36736735701560974,53.31346893310547,-0.00032331893453374505,-0.008948330767452717,14.67032527923584
368,0.36836835741996765,53.358707427978516,-0.0003227841225452721,-0.00900056678801775,14.918122291564941
369,0.36936935782432556,53.40398025512695,-0.00031982289510779083,-0.008669700473546982,13.93316650390625
370,0.37037035822868347,53.44929885864258,-0.00032209616620093584,-0.00958099402487278,16.77967071533203
371,0.3713713586330414,53.49464797973633,-0.0003191643627360463,-0.009494245983660221,16.480377197265625
372,0.3723723590373993,53.5400390625,-0.0003163518267683685,-0.009412574581801891,16.135042190551758
373,0.3733733594417572,53.58546829223633,-0.0003165765665471554,-0.010369636118412018,19.026626586914062
374,0.3743743598461151,53.63093566894531,-0.0003144189831800759,-0.010363376699388027,18.815549850463867
375,0.375375360250473,53.67644500732422,-0.0003163118090014905,-0.011049514636397362,20.77007293701172
376,0.37637636065483093,53.721988677978516,-0.0003180669737048447,-0.011212238110601902,21.09971046447754
377,0.37737736105918884,53.76757049560547,-0.00031868688529357314,-0.011683519929647446,22.518091201782227
378,0.37837836146354675,53.813194274902344,-0.00031845594639889896,-0.012020505033433437,23.577245712280273
379,0.37937936186790466,53.858856201171875,-0.0003163970832247287,-0.011922044679522514,23.333934783935547
380,0.3803803622722626,53.9045524597168,-0.0003131433331873268,-0.011367762461304665,21.686187744140625
381,0.3813813626766205,53.950294494628906,-0.0003143614740110934,-0.011927513405680656,23.647789001464844
382,0.3823823630809784,53.996070861816406,-0.00031467911321669817,-0.012153408490121365,24.63707733154297
383,0.3833833634853363,54.04188919067383,-0.00030923873418942094,-0.01151649747043848,22.904586791992188
384,0.3843843936920166,54.08774185180664,-0.00031571235740557313,-0.012510214000940323,26.371231079101562
385,0.3853853940963745,54.133636474609375,-0.00031642787507735193,-0.012678881175816059,27.22519874572754
386,0.3863863945007324,54.1795654296875,-0.0003152750141452998,-0.012661070562899113,27.5637149810791
387,0.38738739490509033,54.22554016113281,-0.0003193625307176262,-0.0129783870652318,28.93028450012207
388,0.38838839530944824,54.271549224853516,-0.0003137053572572768,-0.0127551956102252,28.405025482177734
389,0.38938939571380615,54.317596435546875,-0.0003253959002904594,-0.013691848143935204,31.336124420166016
390,0.39039039611816406,54.363685607910156,-0.000341986829880625,-0.014663144014775753,34.22389602661133
391,0.391391396522522,54.40981674194336,-0.0003428631753195077,-0.01473825704306364,34.31805419921875
392,0.3923923969268799,54.45597839355469,-0.00033610366517677903,-0.014451766386628151,33.177001953125
393,0.3933933973312378,54.502193450927734,-0.0003246394917368889,-0.01388666033744812,30.989389419555664
394,0.3943943977355957,54.54843521118164,-0.000332910887664184,-0.014165208674967289,31.397188186645508
395,0.3953953981399536,54.59471893310547,-0.00036527260090224445,-0.01557162869721651,35.00524139404297
396,0.3963963985443115,54.64104080200195,-0.00037594023160636425,-0.01595943421125412,35.71464157104492
397,0.39739739894866943,54.68740463256836,-0.0003789808542933315,-0.0159746166318655,35.5513916015625
398,0.39839839935302734,54.73381042480469,-0.000397596915718168,-0.01688234508037567,37.83363723754883
399,0.39939939975738525,54.780250549316406,-0.0004117182397749275,-0.017589939758181572,39.59107971191406
400,0.40040040016174316,54.82673263549805,-0.00041281318408437073,-0.017622871324419975,39.790069580078125
401,0.4014014005661011,54.87324905395508,-0.0004209380713291466,-0.018058963119983673,40.945247650146484
402,0.402402400970459,54.91980743408203,-0.00042245828080922365,-0.018132206052541733,41.233360290527344
403,0.4034034013748169,54.96641540527344,-0.00043137179454788566,-0.01857597939670086,42.37293243408203
404,0.4044044017791748,55.01305389404297,-0.0004450349952094257,-0.01917826384305954,43.89373016357422
405,0.4054054021835327,55.059730529785156,-0.00043896056013181806,-0.018849313259124756,43.3570671081543
406,0.4064064025878906,55.106449127197266,-0.0004205919976811856,-0.01798197440803051,41.536399841308594
407,0.40740740299224854,55.1532096862793,-0.0004083003441337496,-0.017400583252310753,40.29143142700195
408,0.40840840339660645,55.200008392333984,-0.00040229869773611426,-0.017140617594122887,39.76570129394531
409,0.40940940380096436,55.24684524536133,-0.0003880083386320621,-0.016425281763076782,38.008663177490234
410,0.41041040420532227,55.293724060058594,-0.00038941638194955885,-0.01652347669005394,38.3121223449707
411,0.4114114046096802,55.340641021728516,-0.0003822194994427264,-0.01608963869512081,37.206233978271484
412,0.4124124050140381,55.38759231567383,-0.0003660520014818758,-0.015024876222014427,34.42650604248047
413,0.413413405418396,55.43458938598633,-0.000384651793865487,-0.016057686880230904,37.26055145263672
414,0.4144144058227539,55.481624603271484,-0.00037876676651649177,-0.015630127862095833,36.19779968261719
415,0.4154154062271118,55.52870178222656,-0.0003905055345967412,-0.016310254111886024,38.10512161254883
416,0.4164164066314697,55.5758171081543,-0.0003895368427038193,-0.016235802322626114,37.98369598388672
417,0.41741740703582764,55.62297439575195,-0.0003856352705042809,-0.015970828011631966,37.27928161621094
418,0.41841840744018555,55.67017364501953,-0.00040027571958489716,-0.016947854310274124,39.62678909301758
419,0.41941940784454346,55.71741485595703,-0.0003975447325501591,-0.016827398911118507,39.17485427856445
420,0.42042040824890137,55.764686584472656,-0.0004108002467546612,-0.01769767887890339,41.19820022583008
421,0.4214214086532593,55.81200408935547,-0.00040005127084441483,-0.017052633687853813,39.52924346923828
422,0.4224224090576172,55.85935592651367,-0.00039545149775221944,-0.01674915850162506,38.68339920043945
423,0.4234234094619751,55.90675735473633,-0.00039374371408484876,-0.01661173813045025,38.31440353393555
424,0.424424409866333,55.954193115234375,-0.0003983807109761983,-0.01687832549214363,38.981143951416016
425,0.4254254102706909,56.00166702270508,-0.0004013173165731132,-0.017061367630958557,39.305240631103516
426,0.42642641067504883,56.04918670654297,-0.00040042042382992804,-0.01704377681016922,39.09233474731445
427,0.42742741107940674,56.096744537353516,-0.000399919634219259,-0.017097944393754005,39.13554763793945
428,0.42842841148376465,56.14434814453125,-0.0003899469447787851,-0.016514170914888382,37.63657760620117
429,0.42942941188812256,56.191978454589844,-0.00037941403570584953,-0.015853285789489746,35.95325469970703
430,0.43043041229248047,56.239662170410156,-0.0003744069836102426,-0.015623497776687145,35.4345817565918
431,0.4314314126968384,56.287384033203125,-0.000363025872502476,-0.014950220473110676,33.740596771240234
432,0.4324324131011963,56.335140228271484,-0.0003550344263203442,-0.014560090377926826,32.6934928894043
433,0.4334334135055542,56.3829460144043,-0.00035080499947071075,-0.014439737424254417,32.37676239013672
434,0.4344344139099121,56.430782318115234,-0.00036281513166613877,-0.015509136952459812,35.45193099975586
435,0.43543541431427,56.478668212890625,-0.0003524230560287833,-0.014874644577503204,33.79278564453125
436,0.4364364445209503,56.526588439941406,-0.00035212759394198656,-0.01492144726216793,34.04348373413086
437,0.4374374449253082,56.574554443359375,-0.0003435451944824308,-0.014407042413949966,32.66270446777344
438,0.43843844532966614,56.62255859375,-0.00034006749046966434,-0.01425473764538765,32.304622650146484
439,0.43943944573402405,56.67060089111328,-0.00034888985101133585,-0.0149398697540164,34.39278030395508
440,0.44044044613838196,56.718685150146484,-0.000347279041307047,-0.014910749159753323,34.375057220458984
441,0.44144144654273987,56.76681137084961,-0.00036374316550791264,-0.015891673043370247,37.13284683227539
442,0.4424424469470978,56.814979553222656,-0.00035561545519158244,-0.015448941849172115,35.78004837036133
443,0.4434434473514557,56.86318588256836,-0.00034575964673422277,-0.014738144353032112,33.61237716674805
444,0.4444444477558136,56.911434173583984,-0.0003383840376045555,-0.013992571271955967,31.383134841918945
445,0.4454454481601715,56.95972442626953,-0.00034911619150079787,-0.01465393416583538,33.33883285522461
446,0.4464464485645294,57.008056640625,-0.0003605689271353185,-0.01534365862607956,35.37004089355469
447,0.44744744896888733,57.056427001953125,-0.00034337269607931376,-0.013854306191205978,31.258071899414062
448,0.44844844937324524,57.10483932495117,-0.0003351763589307666,-0.012646717019379139,27.8344783782959
449,0.44944944977760315,57.153297424316406,-0.0003491957322694361,-0.013804536312818527,31.323009490966797
450,0.45045045018196106,57.20178985595703,-0.0003461473388597369,-0.013226897455751896,29.78761863708496
451,0.45145145058631897,57.25032424926758,-0.0003421854926273227,-0.012473504059016705,27.769493103027344
452,0.4524524509906769,57.29890060424805,-0.0003439192660152912,-0.0125699108466506,28.170475006103516
453,0.4534534513950348,57.3475227355957,-0.0003418009728193283,-0.012277014553546906,27.419485092163086
454,0.4544544517993927,57.396183013916016,-0.00033845548750832677,-0.011802169494330883,26.10896110534668
455,0.4554554522037506,57.444881439208984,-0.00033669936237856746,-0.011579732410609722,25.483718872070312
456,0.4564564526081085,57.49362564086914,-0.00033641100162640214,-0.011141562834382057,24.129840850830078
457,0.45745745301246643,57.54240417480469,-0.00033606524812057614,-0.01112471055239439,23.92435646057129
458,0.45845845341682434,57.59122848510742,-0.00033763941610231996,-0.01096406765282154,23.288555145263672
459,0.45945945382118225,57.640098571777344,-0.0003422067384235561,-0.01054894458502531,21.935102462768555
460,0.46046045422554016,57.68900680541992,-0.0003435587277635932,-0.010370501317083836,21.298751831054688
461,0.46146145462989807,57.73795700073242,-0.00035051064332947135,-0.009727966040372849,19.36423683166504
462,0.462462455034256,57.786949157714844,-0.00034127989783883095,-0.010199307464063168,20.687427520751953
463,0.4634634554386139,57.83598327636719,-0.00033547537168487906,-0.010508265346288681,21.617481231689453
464,0.4644644558429718,57.88505554199219,-0.0003491714596748352,-0.00909684132784605,17.505146026611328
465,0.4654654562473297,57.934165954589844,-0.0003465857298579067,-0.008980401791632175,17.178852081298828
466,0.4664664566516876,57.98332977294922,-0.0003429597127251327,-0.009271650575101376,18.065208435058594
467,0.46746745705604553,58.03252410888672,-0.0003397925174795091,-0.009681307710707188,19.351505279541016
468,0.46846845746040344,58.08176803588867,-0.00034281861735507846,-0.00964120402932167,19.312604904174805
469,0.46946945786476135,58.131046295166016,-0.0003498818841762841,-0.009224334731698036,18.15298843383789
470,0.47047045826911926,58.18037414550781,-0.0003494322008918971,-0.009506067261099815,18.97311019897461
471,0.4714714586734772,58.229740142822266,-0.000352656003087759,-0.009305729530751705,18.357837677001953
472,0.4724724590778351,58.27914810180664,-0.0003512101829983294,-0.009406383149325848,18.557544708251953
473,0.473473459482193,58.32859802246094,-0.0003512076800689101,-0.009385349228978157,18.430313110351562
474,0.4744744598865509,58.37809371948242,-0.00035469268914312124,-0.00913942325860262,17.751150131225586
475,0.4754754602909088,58.42762756347656,-0.00035218114499002695,-0.00939726922661066,18.540735244750977
476,0.4764764606952667,58.47719955444336,-0.0003486234927549958,-0.009469232521951199,18.81876564025879
477,0.47747746109962463,58.52682113647461,-0.00035053433384746313,-0.008750132285058498,16.853832244873047
478,0.47847846150398254,58.57647705078125,-0.0003414417151361704,-0.009068518877029419,17.908946990966797
479,0.47947946190834045,58.626182556152344,-0.00033923264709301293,-0.008692949078977108,17.00395965576172
480,0.48048046231269836,58.675926208496094,-0.0003340026596561074,-0.009375314228236675,19.24007797241211
481,0.4814814627170563,58.725711822509766,-0.0003455221594776958,-0.007846259512007236,14.885767936706543
482,0.4824824631214142,58.775543212890625,-0.0003499938757158816,-0.006787682417780161,11.994867324829102
483,0.4834834635257721,58.82541275024414,-0.00035157124511897564,-0.006500255316495895,11.309956550598145
484,0.48448446393013,58.875328063964844,-0.00035127229057252407,-0.006408389192074537,11.128381729125977
485,0.4854854643344879,58.92528533935547,-0.00034971104469150305,-0.006384432315826416,11.117329597473145
486,0.4864864647388458,58.97528076171875,-0.0003554995928425342,-0.006900134030729532,12.673392295837402
487,0.4874874949455261,59.025325775146484,-0.0003619489725679159,-0.006515834014862776,11.74268913269043
488,0.48848849534988403,59.07540512084961,-0.00035828870022669435,-0.005068217404186726,7.8670244216918945
489,0.48948949575424194,59.12553024291992,-0.0003614401211962104,-0.005608988925814629,9.501614570617676
490,0.49049049615859985,59.17570114135742,-0.00036081825965084136,-0.005461951717734337,9.205146789550781
491,0.49149149656295776,59.22591781616211,-0.0003763894201256335,-0.006672328803688288,12.497841835021973
492,0.4924924969673157,59.27616500854492,-0.0003719113883562386,-0.0061950222589075565,11.160957336425781
493,0.4934934973716736,59.32646560668945,-0.000373673508875072,-0.006668496876955032,12.317712783813477
494,0.4944944977760315,59.376800537109375,-0.00037050526589155197,-0.0071669649332761765,13.5468168258667
495,0.4954954981803894,59.427181243896484,-0.00036500280839391053,-0.007166768424212933,13.456937789916992
496,0.4964964985847473,59.47761154174805,-0.0003568317915778607,-0.005950547754764557,9.949649810791016
497,0.4974974989891052,59.528072357177734,-0.0003577240859158337,-0.006839001551270485,12.315593719482422
498,0.49849849939346313,59.57858657836914,-0.0003570934641174972,-0.006564149633049965,11.475220680236816
499,0.49949949979782104,59.62913513183594,-0.0003501961473375559,-0.007886296138167381,15.140705108642578
500,0.500500500202179,59.67972946166992,-0.0003539828467182815,-0.007036672439426184,12.712646484375
501,0.5015015006065369,59.73036575317383,-0.00035303604090586305,-0.006652398966252804,11.615518569946289
502,0.5025025010108948,59.78105163574219,-0.00034940813202410936,-0.007174795027822256,13.100970268249512
503,0.5035035014152527,59.83177947998047,-0.0003465039189904928,-0.006830277852714062,12.172289848327637
504,0.5045045018196106,59.88254165649414,-0.00034404790494591,-0.006954758428037167,12.670110702514648
505,0.5055055022239685,59.93335723876953,-0.0003429880307521671,-0.006527015473693609,11.580829620361328
506,0.5065065026283264,59.98421096801758,-0.00034173036692664027,-0.006299284752458334,11.0946683883667
507,0.5075075030326843,60.03510665893555,-0.00034529250115156174,-0.006749218795448542,12.579950332641602
508,0.5085085034370422,60.08604431152344,-0.00034731157938949764,-0.008348849602043629,17.290279388427734
509,0.5095095038414001,60.13703155517578,-0.00034508350654505193,-0.008746855892241001,18.473936080932617
510,0.5105105042457581,60.18806076049805,-0.0003487955254968256,-0.008476711809635162,17.72451400756836
511,0.511511504650116,60.2391242980957,-0.0003544414066709578,-0.006600847467780113,12.446855545043945
512,0.5125125050544739,60.29024124145508,-0.0003498530713841319,-0.005847252905368805,10.320953369140625
513,0.5135135054588318,60.341392517089844,-0.0003560171171557158,-0.006068897433578968,11.00560188293457
514,0.5145145058631897,60.39259719848633,-0.000360497971996665,-0.0060524228028953075,10.984151840209961
515,0.5155155062675476,60.44384002685547,-0.0003690474259201437,-0.007134356070309877,13.93281364440918
516,0.5165165066719055,60.495121002197266,-0.00037118286127224565,-0.007432514801621437,14.689631462097168
517,0.5175175070762634,60.54645538330078,-0.0003643169766291976,-0.008232368156313896,16.856103897094727
518,0.5185185074806213,60.59783172607422,-0.00036009226460009813,-0.00857248529791832,17.835182189941406
519,0.5195195078849792,60.64924621582031,-0.00035686459159478545,-0.008812187239527702,18.551464080810547
520,0.5205205082893372,60.700706481933594,-0.00034701754339039326,-0.009389185346662998,20.267824172973633
521,0.5215215086936951,60.75221252441406,-0.0003328252350911498,-0.010282664559781551,22.954505920410156
522,0.522522509098053,60.80376434326172,-0.0003278610820416361,-0.010674694553017616,24.178508758544922
523,0.5235235095024109,60.85535430908203,-0.000322601234074682,-0.011708389967679977,27.43988609313965
524,0.5245245099067688,60.90699005126953,-0.0003225796390324831,-0.01189096923917532,28.050155639648438
525,0.5255255103111267,60.95866775512695,-0.00032294998527504504,-0.011573247611522675,27.013652801513672
526,0.5265265107154846,61.01039123535156,-0.00032881833612918854,-0.013187883421778679,31.908246994018555
527,0.5275275111198425,61.06216049194336,-0.00032568618189543486,-0.012689439579844475,30.31187629699707
528,0.5285285115242004,61.11397171020508,-0.0003233768220525235,-0.01200900785624981,28.157062530517578
529,0.5295295119285583,61.165828704833984,-0.00032411731081083417,-0.012416986748576164,29.43120574951172
530,0.5305305123329163,61.21773147583008,-0.0003219280333723873,-0.01170009933412075,27.294681549072266
531,0.5315315127372742,61.26966857910156,-0.00032209319761022925,-0.011459147557616234,26.671039581298828
532,0.5325325131416321,61.3216552734375,-0.000321920495480299,-0.01153567060828209,27.075775146484375
533,0.53353351354599,61.373695373535156,-0.0003218180499970913,-0.011331380344927311,26.613811492919922
534,0.5345345139503479,61.4257698059082,-0.0003215439501218498,-0.011241481639444828,26.463848114013672
535,0.5355355143547058,61.47788619995117,-0.00032425325480289757,-0.010989806614816189,25.745058059692383
536,0.5365365147590637,61.530052185058594,-0.00032611144706606865,-0.0113711291924119,26.948139190673828
537,0.5375375151634216,61.5822639465332,-0.00033221335615962744,-0.010534532368183136,24.35772132873535
538,0.5385385155677795,61.63451385498047,-0.0003402022994123399,-0.009978212416172028,22.711517333984375
539,0.5395395755767822,61.68681716918945,-0.0003475964767858386,-0.009376882575452328,20.976049423217773
540,0.5405405759811401,61.73915481567383,-0.0003497798170428723,-0.009117227979004383,20.21173095703125
541,0.541541576385498,61.791542053222656,-0.00034091927227564156,-0.009868533350527287,22.397171020507812
542,0.542542576789856,61.843971252441406,-0.0003470826195552945,-0.009385059587657452,21.01236343383789
543,0.5435435771942139,61.89645004272461,-0.00035420083440840244,-0.008908653631806374,19.679611206054688
544,0.5445445775985718,61.94896697998047,-0.0003574056026991457,-0.008746564388275146,19.227060317993164
545,0.5455455780029297,62.001529693603516,-0.00036016033845953643,-0.008575692772865295,18.769620895385742
546,0.5465465784072876,62.05413818359375,-0.0003659101785160601,-0.007994020357728004,17.170581817626953
547,0.5475475788116455,62.10679244995117,-0.0003676069900393486,-0.007634112145751715,16.220949172973633
548,0.5485485792160034,62.159488677978516,-0.0003608293191064149,-0.006150591187179089,12.183854103088379
549,0.5495495796203613,62.21223068237305,-0.00035990786273032427,-0.0060916803777217865,12.015504837036133
550,0.5505505800247192,62.26502227783203,-0.00036560121225193143,-0.006660573184490204,13.61570930480957
551,0.5515515804290771,62.31785202026367,-0.00036984687903895974,-0.007464227266609669,15.858987808227539
552,0.5525525808334351,62.3707275390625,-0.0003614284796640277,-0.005614563822746277,10.9290771484375
553,0.553553581237793,62.42365264892578,-0.00036005827132612467,-0.005244017578661442,10.093055725097656
554,0.5545545816421509,62.476619720458984,-0.0003595166781451553,-0.004917375277727842,9.337711334228516
555,0.5555555820465088,62.52962875366211,-0.00035491917515173554,-0.004053715616464615,7.022308349609375
556,0.5565565824508667,62.58268737792969,-0.00035547156585380435,-0.002623117296025157,3.0150744915008545
557,0.5575575828552246,62.63578796386719,-0.00035429804120212793,-0.002568244468420744,2.819098949432373
558,0.5585585832595825,62.688934326171875,-0.00035225722240284085,-0.0026445684488862753,2.955195903778076
559,0.5595595836639404,62.74212646484375,-0.00035289672086946666,-0.002197345718741417,1.5365229845046997
560,0.5605605840682983,62.79536437988281,-0.0003557651652954519,-0.0016162232495844364,-0.35671544075012207
561,0.5615615844726562,62.8486442565918,-0.00036425847792997956,-0.000672219495754689,-3.167154312133789
562,0.5625625848770142,62.901973724365234,-0.0003663002571556717,-0.0004208606551401317,-3.9840939044952393
563,0.5635635852813721,62.955345153808594,-0.0003635333850979805,-0.0005834615440107882,-3.5825586318969727
564,0.56456458568573,63.008766174316406,-0.00038773802225477993,0.0007475196616724133,-7.143115520477295
565,0.5655655860900879,63.062225341796875,-0.0004058542544953525,0.0016961796209216118,-9.46837043762207
566,0.5665665864944458,63.11573791503906,-0.00041511832387186587,0.002252239501103759,-10.669973373413086
567,0.5675675868988037,63.16929244995117,-0.0004222558345645666,0.002901899628341198,-12.023946762084961
568,0.5685685873031616,63.2228889465332,-0.0004285016329959035,0.004167981445789337,-14.809019088745117
569,0.5695695877075195,63.27653503417969,-0.0004242853610776365,0.00374819478020072,-13.684110641479492
570,0.5705705881118774,63.33022689819336,-0.00042332703014835715,0.004256580024957657,-14.796314239501953
571,0.5715715885162354,63.38396072387695,-0.0004231660277582705,0.0051578921265900135,-16.917346954345703
572,0.5725725889205933,63.437744140625,-0.00041124591371044517,0.0036457146052271128,-13.317790031433105
573,0.5735735893249512,63.4915657043457,-0.0004105623229406774,0.0043321936391294,-15.037107467651367
574,0.5745745897293091,63.545440673828125,-0.0004038535989820957,0.003524214494973421,-13.152853012084961
575,0.575575590133667,63.599361419677734,-0.0003976201405748725,0.0026027746498584747,-10.929643630981445
576,0.5765765905380249,63.65332794189453,-0.0003911103121936321,0.0014850589213892817,-8.13398265838623
577,0.5775775909423828,63.707332611083984,-0.00039182015461847186,0.0016990040894597769,-8.716171264648438
578,0.5785785913467407,63.761390686035156,-0.00039084459422156215,0.0017016218043863773,-8.76707649230957
579,0.5795795917510986,63.815494537353516,-0.0003936939756385982,0.0025501807685941458,-10.942253112792969
580,0.5805805921554565,63.8696403503418,-0.0003863835008814931,0.0009376666275784373,-6.770759105682373
581,0.5815815925598145,63.92383575439453,-0.00037503428757190704,-0.0006414954550564289,-2.564581871032715
582,0.5825825929641724,63.97807693481445,-0.0003858955460600555,0.0006365978042595088,-5.790844917297363
583,0.5835835933685303,64.03236389160156,-0.00039351609302684665,0.0019046292873099446,-8.929034233093262
584,0.5845845937728882,64.0866928100586,-0.0003925309865735471,0.001806397340260446,-8.625143051147461
585,0.5855855941772461,64.14107513427734,-0.00039458664832636714,0.0032455374021083117,-12.290740013122559
586,0.586586594581604,64.19549560546875,-0.0003927946090698242,0.003038616618141532,-11.795517921447754
587,0.5875875949859619,64.24996948242188,-0.00039025343721732497,0.002573131350800395,-10.629267692565918
588,0.5885885953903198,64.30448150634766,-0.0003904018085449934,0.0036677606403827667,-13.44611930847168
589,0.5895895957946777,64.35903930664062,-0.0003899493021890521,0.004190758801996708,-14.799779891967773
590,0.5905905961990356,64.41365814208984,-0.00039163403562270105,0.0027394690550863743,-11.111579895019531
591,0.5915915966033936,64.46830749511719,-0.0003928008081857115,0.002159384312108159,-9.687861442565918
592,0.5925925970077515,64.52301025390625,-0.00039434744394384325,0.003206064458936453,-12.343585014343262
593,0.5935935974121094,64.5777587890625,-0.0003961008624173701,0.00332062691450119,-12.540752410888672
594,0.5945945978164673,64.63255310058594,-0.0003976252628490329,0.002313157543540001,-9.930512428283691
595,0.5955955982208252,64.68739318847656,-0.0003930982784368098,0.0013188001466915011,-7.3806471824646
596,0.5965965986251831,64.74227905273438,-0.00039569573709741235,0.002231730381026864,-9.699455261230469
597,0.597597599029541,64.7972183227539,-0.0003941883915103972,0.003976297099143267,-14.191059112548828
598,0.5985985994338989,64.8521957397461,-0.00039138016290962696,0.004211857914924622,-14.936598777770996
599,0.5995995998382568,64.9072265625,-0.00039111330988816917,0.004033318720757961,-14.63690185546875
600,0.6006006002426147,64.96229553222656,-0.00039054424269124866,0.0025827675126492977,-10.978132247924805
601,0.6016016006469727,65.01741790771484,-0.0003918124712072313,0.0026611145585775375,-11.2053861618042
602,0.6026026010513306,65.07258605957031,-0.00039184081833809614,0.0019962876103818417,-9.545846939086914
603,0.6036036014556885,65.12779998779297,-0.00039177670259959996,0.0017891459865495563,-9.026147842407227
604,0.6046046018600464,65.18305969238281,-0.0003903331235051155,0.0016168488655239344,-8.552008628845215
605,0.6056056022644043,65.23836517333984,-0.00039224655483849347,0.002408553147688508,-10.539871215820312
606,0.6066066026687622,65.2937240600586,-0.00038762384792789817,0.0016901683993637562,-8.699546813964844
607,0.6076076030731201,65.34912872314453,-0.00038748810766264796,0.0019541161600500345,-9.407736778259277
608,0.608608603477478,65.40457916259766,-0.00038951518945395947,0.002904584864154458,-11.909534454345703
609,0.6096096038818359,65.46007537841797,-0.0003891977248713374,0.003383902134373784,-13.176178932189941
610,0.6106106042861938,65.51561737060547,-0.000388590240618214,0.0036098225973546505,-13.777851104736328
611,0.6116116046905518,65.57120513916016,-0.0003873131354339421,0.004174552392214537,-15.247701644897461
612,0.6126126050949097,65.62684631347656,-0.00038734026020392776,0.004062608350068331,-14.920585632324219
613,0.6136136054992676,65.68252563476562,-0.00038910150760784745,0.004226219840347767,-15.286380767822266
614,0.6146146059036255,65.7382583618164,-0.00039144098991528153,0.004590608645230532,-16.163301467895508
615,0.6156156063079834,65.79403686523438,-0.000393485592212528,0.0034983064979314804,-13.32534122467041
616,0.6166166067123413,65.84986877441406,-0.0003953363047912717,0.0033337464556097984,-12.865676879882812
617,0.6176176071166992,65.9057388305664,-0.0003963869530707598,0.0034333919174969196,-13.118033409118652
618,0.6186186075210571,65.96166229248047,-0.0003956735890824348,0.0032574820797890425,-12.668932914733887
619,0.619619607925415,66.01763153076172,-0.00039053428918123245,0.0021477153059095144,-9.85458755493164
620,0.620620608329773,66.07364654541016,-0.00039021146949380636,0.0023301909677684307,-10.366927146911621
621,0.6216216087341309,66.12971496582031,-0.00038986833533272147,0.002546965144574642,-10.98025131225586
622,0.6226226091384888,66.18582916259766,-0.0003910512605216354,0.0028451753314584494,-11.780665397644043
623,0.6236236095428467,66.24198150634766,-0.00038899516221135855,0.0024689161218702793,-10.814553260803223
624,0.6246246099472046,66.29818725585938,-0.00039384400588460267,0.0039514596574008465,-14.556556701660156
625,0.6256256103515625,66.35443878173828,-0.00039355596527457237,0.005039991345256567,-17.270832061767578
626,0.6266266107559204,66.4107437133789,-0.0003935298300348222,0.004466980695724487,-15.790830612182617
627,0.6276276111602783,66.46709442138672,-0.0003937632718589157,0.006018909625709057,-19.734067916870117
628,0.6286286115646362,66.52349090576172,-0.0003936466237064451,0.0055497270077466965,-18.541454315185547
629,0.6296296119689941,66.57994079589844,-0.00039235991425812244,0.005273412447422743,-17.812702178955078
630,0.630630612373352,66.63642883300781,-0.00038954918272793293,0.004355125594884157,-15.432820320129395
631,0.63163161277771,66.6929702758789,-0.00038745393976569176,0.005469948519021273,-18.302692413330078
632,0.6326326131820679,66.74955749511719,-0.00038530142046511173,0.005504881031811237,-18.428234100341797
633,0.6336336135864258,66.80619812011719,-0.0003835014358628541,0.005292540416121483,-17.888944625854492
634,0.6346346139907837,66.86288452148438,-0.00038399454206228256,0.0054651168175041676,-18.349790573120117
635,0.6356356143951416,66.91961669921875,-0.0003836131654679775,0.004542111419141293,-15.971748352050781
636,0.6366366147994995,66.97640228271484,-0.0003851611982099712,0.004534616135060787,-16.00739860534668
637,0.6376376152038574,67.0332260131836,-0.0003810783091466874,0.003105376847088337,-12.376554489135742
638,0.6386386156082153,67.0901107788086,-0.0003874156973324716,0.004153760150074959,-15.258245468139648
639,0.6396396160125732,67.14703369140625,-0.00039214763091877103,0.005127409007400274,-17.88655662536621
640,0.6406406164169312,67.20401000976562,-0.00038707751082256436,0.003504263237118721,-13.808768272399902
641,0.6416416764259338,67.26103210449219,-0.0003879896830767393,0.0035983470734208822,-14.098176002502441
642,0.6426426768302917,67.31810760498047,-0.00038496864726766944,0.0031669619493186474,-12.95114517211914
643,0.6436436772346497,67.37522888183594,-0.0003820230485871434,0.003163753543049097,-12.859586715698242
644,0.6446446776390076,67.4323959350586,-0.00037672449252568185,0.0030432413332164288,-12.428755760192871
645,0.6456456780433655,67.48960876464844,-0.0003726945724338293,0.0034473463892936707,-13.3980131149292
646,0.6466466784477234,67.546875,-0.0003687855787575245,0.003560241311788559,-13.640219688415527
647,0.6476476788520813,67.60418701171875,-0.0003675915068015456,0.0040639424696564674,-14.999540328979492
648,0.6486486792564392,67.66155242919922,-0.0003651642764452845,0.0035911661107093096,-13.738249778747559
649,0.6496496796607971,67.71896362304688,-0.0003701167006511241,0.005598594434559345,-19.256572723388672
650,0.650650680065155,67.77642822265625,-0.0003686448617372662,0.004665479529649019,-16.790529251098633
651,0.6516516804695129,67.83393859863281,-0.0003713017504196614,0.004768481012433767,-17.183486938476562
652,0.6526526808738708,67.89148712158203,-0.0003732442273758352,0.004266740288585424,-15.988512992858887
653,0.6536536812782288,67.9490966796875,-0.00037652364699169993,0.0045271823182702065,-16.82526206970215
654,0.6546546816825867,68.00675201416016,-0.00038147903978824615,0.005879809148609638,-20.456336975097656
655,0.6556556820869446,68.064453125,-0.000382236554287374,0.007047553081065416,-23.526905059814453
656,0.6566566824913025,68.1222152709961,-0.000383904785849154,0.008175160735845566,-26.46300506591797
657,0.6576576828956604,68.18000793457031,-0.0003819403937086463,0.008268708363175392,-26.663959503173828
658,0.6586586833000183,68.23786163330078,-0.0003787965979427099,0.007980197668075562,-25.83000946044922
659,0.6596596837043762,68.29576110839844,-0.0003747841692529619,0.007464872673153877,-24.391164779663086
660,0.6606606841087341,68.35371398925781,-0.0003737109946087003,0.007860722951591015,-25.42853355407715
661,0.661661684513092,68.41171264648438,-0.00037220201920717955,0.008291944861412048,-26.574987411499023
662,0.66266268491745,68.46975708007812,-0.00036827073199674487,0.007890148088335991,-25.478206634521484
663,0.6636636853218079,68.5278549194336,-0.0003685799892991781,0.008885517716407776,-28.173017501831055
664,0.6646646857261658,68.58599853515625,-0.0003703233669511974,0.010856641456484795,-33.47357177734375
665,0.6656656861305237,68.64419555664062,-0.0003682358656078577,0.010256292298436165,-31.798498153686523
666,0.6666666865348816,68.70243835449219,-0.0003683810355141759,0.010430696420371532,-32.19338607788086
667,0.6676676869392395,68.76073455810547,-0.00036919559352099895,0.0105582345277071,-32.486412048339844
668,0.6686686873435974,68.81907653808594,-0.0003697024076245725,0.010062412358820438,-31.13758659362793
669,0.6696696877479553,68.87747192382812,-0.0003689015575218946,0.00845269113779068,-26.818897247314453
670,0.6706706881523132,68.9359130859375,-0.00036727494443766773,0.007263448089361191,-23.679506301879883
671,0.6716716885566711,68.9944076538086,-0.0003686186100821942,0.007694985717535019,-24.97846221923828
672,0.672672688961029,69.05294799804688,-0.00036711778375320137,0.007008550222963095,-23.299789428710938
673,0.673673689365387,69.11154174804688,-0.00036722898948937654,0.006747100967913866,-22.800479888916016
674,0.6746746897697449,69.17018127441406,-0.00036624755011871457,0.006409117486327887,-22.10087013244629
675,0.6756756901741028,69.22887420654297,-0.00036428862949833274,0.006329803261905909,-22.09096336364746
676,0.6766766905784607,69.2876205444336,-0.00036710104905068874,0.007507004775106907,-25.400259017944336
677,0.6776776909828186,69.34640502929688,-0.0003588305553421378,0.00572894187644124,-20.508190155029297
678,0.6786786913871765,69.4052505493164,-0.0003611022839322686,0.00652593607082963,-22.67237091064453
679,0.6796796917915344,69.4641342163086,-0.00035967901931144297,0.006382315419614315,-22.199859619140625
680,0.6806806921958923,69.52307891845703,-0.000359289173502475,0.006610142067074776,-22.772701263427734
681,0.6816816926002502,69.58206939697266,-0.0003605374658945948,0.007514243479818106,-25.31028938293457
682,0.6826826930046082,69.64111328125,-0.00035541498800739646,0.007110137026757002,-24.236469268798828
683,0.6836836934089661,69.7001953125,-0.00035435898462310433,0.007762119639664888,-26.088153839111328
684,0.684684693813324,69.75934600830078,-0.0003525329811964184,0.00782746635377407,-26.228328704833984
685,0.6856856942176819,69.81852722167969,-0.0003510869573801756,0.007206219248473644,-24.303970336914062
686,0.6866866946220398,69.87776947021484,-0.000350630289176479,0.006014308892190456,-20.703662872314453
687,0.6876876950263977,69.93706512451172,-0.0003528737579472363,0.006740450393408537,-22.611177444458008
688,0.6886886954307556,69.99640655517578,-0.0003542204503901303,0.006543441209942102,-21.964414596557617
689,0.6896896958351135,70.05580139160156,-0.00035397533793002367,0.00718647101894021,-23.753469467163086
690,0.6906906962394714,70.11524200439453,-0.0003520775935612619,0.007952988147735596,-25.979965209960938
691,0.6916916966438293,70.17473602294922,-0.00035123154520988464,0.009129303507506847,-29.400081634521484
692,0.6926926970481873,70.23428344726562,-0.0003509156813379377,0.008867816999554634,-28.700010299682617
693,0.6936936974525452,70.29387664794922,-0.0003500523744150996,0.00845725554972887,-27.58961296081543
694,0.6946946978569031,70.353515625,-0.00034916424192488194,0.007633363362401724,-25.32172966003418
695,0.695695698261261,70.41321563720703,-0.00034584981040097773,0.006836016662418842,-23.187463760375977
696,0.6966966986656189,70.47296142578125,-0.00034248008159920573,0.007426490541547537,-25.082483291625977
697,0.6976976990699768,70.53276062011719,-0.0003419383428990841,0.008588835597038269,-28.660634994506836
698,0.6986986994743347,70.59259796142578,-0.00034393268288113177,0.010051821358501911,-33.052371978759766
699,0.6996996998786926,70.65249633789062,-0.0003409147320780903,0.009158791974186897,-30.493194580078125
700,0.7007007002830505,70.71244812011719,-0.0003410155768506229,0.008899475447833538,-29.697689056396484
701,0.7017017006874084,70.77244567871094,-0.00034234236227348447,0.008979201316833496,-29.8692684173584
702,0.7027027010917664,70.83250427246094,-0.0003441043372731656,0.008908934891223907,-29.605052947998047
703,0.7037037014961243,70.8926010131836,-0.00034576584585011005,0.009019017219543457,-29.909229278564453
704,0.7047047019004822,70.95275115966797,-0.00034624271211214364,0.009556404314935207,-31.504188537597656
705,0.7057057023048401,71.0129623413086,-0.00034641197999008,0.01069444976747036,-34.90605163574219
706,0.706706702709198,71.07321166992188,-0.00034426539787091315,0.010259031318128109,-33.797325134277344
707,0.7077077031135559,71.1335220336914,-0.0003452716046012938,0.010921837761998177,-35.86225509643555
708,0.7087087035179138,71.19387817382812,-0.00034773576771840453,0.01166264247149229,-38.12790298461914
709,0.7097097039222717,71.25428771972656,-0.0003489069640636444,0.011859893798828125,-38.755470275878906
710,0.7107107043266296,71.31475067138672,-0.0003519408928696066,0.012270620092749596,-39.90274429321289
711,0.7117117047309875,71.37525939941406,-0.00035176402889192104,0.011883887462317944,-38.74449157714844
712,0.7127127051353455,71.4358139038086,-0.0003555840812623501,0.01286518108099699,-41.572566986083984
713,0.7137137055397034,71.4964370727539,-0.00034811426303349435,0.01175144873559475,-38.51499557495117
714,0.7147147059440613,71.55709838867188,-0.0003465976333245635,0.011927089653909206,-39.064823150634766
715,0.7157157063484192,71.61781311035156,-0.0003466413472779095,0.012402557767927647,-40.420536041259766
716,0.7167167067527771,71.67858123779297,-0.00034705293364822865,0.013004462234675884,-42.2567024230957
717,0.717717707157135,71.7394027709961,-0.00034291643532924354,0.012525747530162334,-40.96459197998047
718,0.7187187075614929,71.8002700805664,-0.0003368367615621537,0.011176264844834805,-36.98271942138672
719,0.7197197079658508,71.86119842529297,-0.00034051004331558943,0.01195075549185276,-39.19844055175781
720,0.7207207083702087,71.92217254638672,-0.0003413097292650491,0.012245217338204384,-40.03529739379883
721,0.7217217087745667,71.98320007324219,-0.0003413750964682549,0.012721270322799683,-41.529541015625
722,0.7227227091789246,72.04427337646484,-0.0003421212895773351,0.013328135013580322,-43.40427780151367
723,0.7237237095832825,72.10540771484375,-0.0003358497633598745,0.011989399790763855,-39.52241897583008
724,0.7247247099876404,72.16658782958984,-0.00033704223460517824,0.01278423611074686,-42.00640869140625
725,0.7257257103919983,72.22782135009766,-0.000343608990078792,0.01460765115916729,-47.583961486816406
726,0.7267267107963562,72.28910827636719,-0.00033996946876868606,0.014019917696714401,-46.12738037109375
727,0.7277277112007141,72.3504409790039,-0.00033602805342525244,0.013173731043934822,-43.8470344543457
728,0.728728711605072,72.41183471679688,-0.0003392716171219945,0.013822383247315884,-46.00518798828125
729,0.7297297120094299,72.47327423095703,-0.00033796552452258766,0.01348499022424221,-45.243011474609375
730,0.7307307124137878,72.53477478027344,-0.0003401879221200943,0.013682594522833824,-45.93585205078125
731,0.7317317128181458,72.59632110595703,-0.0003432710946071893,0.014076793566346169,-47.09845733642578
732,0.7327327132225037,72.65791320800781,-0.00035145325819030404,0.01564587652683258,-51.620277404785156
733,0.7337337136268616,72.71956634521484,-0.00035543128615245223,0.016827207058668137,-55.03083801269531
734,0.7347347140312195,72.78126525878906,-0.00034762208815664053,0.015691090375185013,-51.86147689819336
735,0.7357357144355774,72.84302520751953,-0.0003437355044297874,0.015365680679678917,-50.92476272583008
736,0.7367367148399353,72.90483093261719,-0.0003358848625794053,0.014435950666666031,-48.141387939453125
737,0.7377377152442932,72.96669006347656,-0.00033788487780839205,0.01500643789768219,-49.67689514160156
738,0.7387387156486511,73.02860260009766,-0.0003386331954970956,0.015367132611572742,-50.686866760253906
739,0.739739716053009,73.09056854248047,-0.00034475885331630707,0.01676795817911625,-54.778907775878906
740,0.7407407164573669,73.152587890625,-0.0003431428922340274,0.01638316735625267,-53.73409652709961
741,0.7417417168617249,73.21465301513672,-0.0003428098279982805,0.016071368008852005,-52.87894821166992
742,0.7427427172660828,73.27677917480469,-0.0003399530833121389,0.014856817200779915,-49.36375045776367
743,0.7437437772750854,73.33895874023438,-0.00033717715996317565,0.013786215335130692,-46.27834701538086
744,0.7447447776794434,73.40119171142578,-0.0003362309653311968,0.013207841664552689,-44.62688064575195
745,0.7457457780838013,73.46347045898438,-0.0003347631136421114,0.012838945724070072,-43.576297760009766
746,0.7467467784881592,73.52580261230469,-0.0003405583556741476,0.013982685282826424,-46.965354919433594
747,0.7477477788925171,73.58819580078125,-0.00033944714232347906,0.014074503444135189,-47.28065872192383
748,0.748748779296875,73.65062713623047,-0.0003414431703276932,0.01492377556860447,-49.89093017578125
749,0.7497497797012329,73.71311950683594,-0.0003448770730756223,0.016244975849986076,-53.86552810668945
750,0.7507507801055908,73.77567291259766,-0.00034291361225768924,0.01619604602456093,-53.77882766723633
751,0.7517517805099487,73.83826446533203,-0.00033806811552494764,0.015158476307988167,-50.732505798339844
752,0.7527527809143066,73.90092468261719,-0.0003378259716555476,0.015230655670166016,-50.88721466064453
753,0.7537537813186646,73.963623046875,-0.0003385690215509385,0.015709472820162773,-52.27437210083008
754,0.7547547817230225,74.02638244628906,-0.0003390353813301772,0.016532713547348976,-54.843955993652344
755,0.7557557821273804,74.08919525146484,-0.00033682771027088165,0.01683000475168228,-56.09209442138672
756,0.7567567825317383,74.15206146240234,-0.00032992675551213324,0.01503663882613182,-51.02010726928711
757,0.7577577829360962,74.21498107910156,-0.0003276789211668074,0.014669970609247684,-50.171653747558594
758,0.7587587833404541,74.2779541015625,-0.0003283467376604676,0.014956197701394558,-51.23579788208008
759,0.759759783744812,74.34097290039062,-0.0003297367366030812,0.014955263584852219,-51.31834030151367
760,0.7607607841491699,74.404052734375,-0.0003340302500873804,0.015564044937491417,-53.1363639831543
761,0.7617617845535278,74.4671859741211,-0.0003329585597384721,0.014905234798789024,-51.14832305908203
762,0.7627627849578857,74.53038024902344,-0.0003337975067552179,0.015306495130062103,-52.38560485839844
763,0.7637637853622437,74.59361267089844,-0.0003286834107711911,0.014505899511277676,-50.02227783203125
764,0.7647647857666016,74.65690612792969,-0.0003285381244495511,0.014894485473632812,-51.24856948852539
765,0.7657657861709595,74.72025299072266,-0.0003236041229683906,0.014038044027984142,-48.63168716430664
766,0.7667667865753174,74.78365325927734,-0.00033034791704267263,0.01626487262547016,-55.4444465637207
767,0.7677677869796753,74.84710693359375,-0.00032786879455670714,0.01614888571202755,-55.22072982788086
768,0.7687687873840332,74.91061401367188,-0.000326077570207417,0.016493890434503555,-56.538787841796875
769,0.7697697877883911,74.97418212890625,-0.00032469077268615365,0.0167001374065876,-57.3784294128418
770,0.770770788192749,75.03779602050781,-0.00032341195037588477,0.016460442915558815,-56.72320556640625
771,0.7717717885971069,75.1014633178711,-0.0003256866766605526,0.01699444092810154,-58.339420318603516
772,0.7727727890014648,75.1651840209961,-0.0003255520132370293,0.016496026888489723,-56.727638244628906
773,0.7737737894058228,75.22896575927734,-0.00033015277585946023,0.0175139419734478,-59.62150573730469
774,0.7747747898101807,75.29280090332031,-0.00033181876642629504,0.018412474542856216,-62.30637741088867
775,0.7757757902145386,75.35668182373047,-0.00033266161335632205,0.01950705051422119,-65.65731048583984
776,0.7767767906188965,75.42062377929688,-0.00032987972372211516,0.01904473267495632,-64.34717559814453
777,0.7777777910232544,75.484619140625,-0.00033183785853907466,0.020542621612548828,-68.91856384277344
778,0.7787787914276123,75.54866790771484,-0.0003286547143943608,0.01979556493461132,-66.79651641845703
779,0.7797797918319702,75.6127700805664,-0.00032772906706668437,0.019766831770539284,-66.76666259765625
780,0.7807807922363281,75.67693328857422,-0.0003267272259108722,0.01983593963086605,-67.04467010498047
781,0.781781792640686,75.74114227294922,-0.00032701942836865783,0.020456526428461075,-69.08834075927734
782,0.782782793045044,75.80540466308594,-0.0003248325374443084,0.019580714404582977,-66.57746887207031
783,0.7837837934494019,75.8697280883789,-0.0003243525279685855,0.01951272413134575,-66.54777526855469
784,0.7847847938537598,75.9341049194336,-0.0003230653237551451,0.019413499161601067,-66.49468994140625
785,0.7857857942581177,75.99853515625,-0.00031992781441658735,0.018629228696227074,-64.2625503540039
786,0.7867867946624756,76.06301879882812,-0.0003125626826658845,0.016312221065163612,-57.04104232788086
787,0.7877877950668335,76.1275634765625,-0.00030941845034249127,0.015394357033073902,-54.076507568359375
788,0.7887887954711914,76.19215393066406,-0.00030870953924022615,0.01493819709867239,-52.53126525878906
789,0.7897897958755493,76.25680541992188,-0.0003134278813377023,0.016089918091893196,-56.13785171508789
790,0.7907907962799072,76.3215103149414,-0.00031065053190104663,0.015072528272867203,-52.844017028808594
791,0.7917917966842651,76.38626861572266,-0.00030936504481360316,0.01465185359120369,-51.57318115234375
792,0.792792797088623,76.45108032226562,-0.00030915933893993497,0.014750014059245586,-52.0193977355957
793,0.793793797492981,76.51595306396484,-0.0003066842909902334,0.013906493782997131,-49.37312316894531
794,0.7947947978973389,76.58087921142578,-0.00030457653338089585,0.01312416885048151,-46.89607620239258
795,0.7957957983016968,76.64585876464844,-0.00030452333157882094,0.01337580569088459,-47.77485656738281
796,0.7967967987060547,76.71089172363281,-0.0003069741651415825,0.014523827470839024,-51.592159271240234
797,0.7977977991104126,76.7759780883789,-0.00030638481257483363,0.014149819500744343,-50.44368362426758
798,0.7987987995147705,76.84112548828125,-0.0003041384625248611,0.013515147380530834,-48.555755615234375
799,0.7997997999191284,76.90632629394531,-0.00030279328348115087,0.013163684867322445,-47.619319915771484
800,0.8008008003234863,76.97157287597656,-0.00029974430799484253,0.012153376825153828,-44.491119384765625
801,0.8018018007278442,77.03689575195312,-0.0003015573602169752,0.01289708074182272,-47.20228576660156
802,0.8028028011322021,77.10225677490234,-0.0003041418094653636,0.013591553084552288,-49.68998718261719
803,0.8038038015365601,77.16767883300781,-0.00030795129714533687,0.014598836190998554,-53.14948654174805
804,0.804804801940918,77.233154296875,-0.0003105301293544471,0.01530877873301506,-55.57585525512695
805,0.8058058023452759,77.29869079589844,-0.00030914461240172386,0.014705108478665352,-53.65850067138672
806,0.8068068027496338,77.36427307128906,-0.00030918020638637245,0.014571744948625565,-53.211181640625
807,0.8078078031539917,77.42991638183594,-0.0003103000926785171,0.014955361373722553,-54.436283111572266
808,0.8088088035583496,77.49562072753906,-0.00031030108220875263,0.015118922106921673,-55.00054931640625
809,0.8098098039627075,77.56137084960938,-0.00030760857043787837,0.01429195050150156,-52.427032470703125
810,0.8108108043670654,77.62718963623047,-0.00030997319845482707,0.015515394508838654,-56.53849792480469
811,0.8118118047714233,77.69306182861328,-0.0003127100062556565,0.016792485490441322,-60.79066467285156
812,0.8128128051757812,77.75897979736328,-0.00031196814961731434,0.016504943370819092,-59.97282028198242
813,0.8138138055801392,77.82495880126953,-0.00031396985286846757,0.01762431301176548,-63.626914978027344
814,0.8148148059844971,77.8909912109375,-0.00031299033435061574,0.017255429178476334,-62.51974868774414
815,0.815815806388855,77.95708465576172,-0.0003115192521363497,0.016808804124593735,-61.160823822021484
816,0.8168168067932129,78.02323150634766,-0.00030560471350327134,0.015452468767762184,-56.924320220947266
817,0.8178178071975708,78.08943176269531,-0.00030277951736934483,0.015311353839933872,-56.699005126953125
818,0.8188188076019287,78.15569305419922,-0.0002936468517873436,0.014055991545319557,-52.79075622558594
819,0.8198198080062866,78.22200775146484,-0.0002844885748345405,0.013072866946458817,-49.70500183105469
820,0.8208208084106445,78.28837585449219,-0.0002865873393602669,0.013662910088896751,-51.95509719848633
821,0.8218218088150024,78.35481262207031,-0.0002781932707875967,0.012829695828258991,-49.10247802734375
822,0.8228228092193604,78.4212875366211,-0.000276220147497952,0.01281950157135725,-49.1077995300293
823,0.8238238096237183,78.48783874511719,-0.0002735257148742676,0.012712555937469006,-48.70158767700195
824,0.8248248100280762,78.55442810058594,-0.00027421090635471046,0.012940661981701851,-49.45447540283203
825,0.8258258104324341,78.62108612060547,-0.00028537848265841603,0.014466491527855396,-54.832767486572266
826,0.826826810836792,78.68779754638672,-0.0002868383890017867,0.0146796191111207,-55.42776870727539
827,0.8278278112411499,78.75455474853516,-0.00028665229910984635,0.014621182344853878,-55.05432891845703
828,0.8288288116455078,78.82138061523438,-0.0002852887555491179,0.014556094072759151,-54.86636734008789
829,0.8298298120498657,78.88825988769531,-0.0002805686090141535,0.01385620515793562,-52.540679931640625
830,0.8308308124542236,78.9552001953125,-0.0002759279450401664,0.01294686459004879,-49.38526916503906
831,0.8318318128585815,79.02220153808594,-0.0002753506996668875,0.012858769856393337,-49.12725830078125
832,0.8328328132629395,79.08924865722656,-0.00027242288342677057,0.0120977982878685,-46.4605712890625
833,0.8338338136672974,79.15635681152344,-0.0002711511333473027,0.011456156149506569,-44.18747329711914
834,0.8348348140716553,79.22352600097656,-0.00027127040084451437,0.011474568396806717,-44.352840423583984
835,0.8358358144760132,79.29074096679688,-0.0002712827699724585,0.01156663242727518,-44.85845947265625
836,0.8368368148803711,79.35801696777344,-0.00027145567582920194,0.011291343718767166,-43.958526611328125
837,0.837837815284729,79.42535400390625,-0.0002735479502007365,0.011729782447218895,-45.55139923095703
838,0.8388388156890869,79.49275207519531,-0.00027508061612024903,0.011362715624272823,-44.13276290893555
839,0.8398398160934448,79.56019592285156,-0.00027682213112711906,0.01148291677236557,-44.547569274902344
840,0.8408408164978027,79.62770080566406,-0.00027764824335463345,0.010934246703982353,-42.6575813293457
841,0.8418418169021606,79.69527435302734,-0.0002784903044812381,0.011758267879486084,-45.77325439453125
842,0.8428428173065186,79.76288604736328,-0.0002787433040793985,0.012095076963305473,-47.14479446411133
843,0.8438438177108765,79.83056640625,-0.0002769741986412555,0.011350247077643871,-44.63807678222656
844,0.8448448181152344,79.89830780029297,-0.00027433130890130997,0.010654261335730553,-42.25006866455078
845,0.8458458185195923,79.96610260009766,-0.00027216749731451273,0.010423144325613976,-41.51118087768555
846,0.846846878528595,80.0339584350586,-0.00026927198632620275,0.00988292321562767,-39.596290588378906
847,0.8478478789329529,80.10186004638672,-0.00026767185772769153,0.010490387678146362,-41.952598571777344
848,0.8488488793373108,80.16983032226562,-0.0002647549263201654,0.01034266222268343,-41.452762603759766
849,0.8498498797416687,80.23786163330078,-0.00026203738525509834,0.00990039948374033,-39.80857467651367
850,0.8508508801460266,80.30593872070312,-0.00026060291565954685,0.009774907492101192,-39.31903076171875
851,0.8518518805503845,80.37407684326172,-0.00025866576470434666,0.011012803763151169,-44.03672790527344
852,0.8528528809547424,80.44227600097656,-0.00025796066620387137,0.010547909885644913,-42.193634033203125
853,0.8538538813591003,80.51052856445312,-0.00025651560281403363,0.01114641036838293,-44.4168701171875
854,0.8548548817634583,80.57884216308594,-0.0002554503735154867,0.011495850048959255,-45.732078552246094
855,0.8558558821678162,80.647216796875,-0.0002551663783378899,0.011208627372980118,-44.632225036621094
856,0.8568568825721741,80.71565246582031,-0.0002543745213188231,0.011267674155533314,-44.961734771728516
857,0.857857882976532,80.78413391113281,-0.0002540181449148804,0.01126013696193695,-45.015560150146484
858,0.8588588833808899,80.8526840209961,-0.0002538784174248576,0.01117085199803114,-44.69587326049805
859,0.8598598837852478,80.92127990722656,-0.00025411625392735004,0.010327261872589588,-41.38688659667969
860,0.8608608841896057,80.98995208740234,-0.0002544310409575701,0.009829290211200714,-39.430908203125
861,0.8618618845939636,81.05866241455078,-0.0002518635883461684,0.010442711412906647,-41.80267333984375
862,0.8628628849983215,81.12744903564453,-0.00025119760539382696,0.010423813946545124,-41.680992126464844
863,0.8638638854026794,81.19628143310547,-0.00025182493845932186,0.010243568569421768,-40.970863342285156
864,0.8648648858070374,81.26518249511719,-0.000251480785664171,0.010378913953900337,-41.59283447265625
865,0.8658658862113953,81.3341293334961,-0.00025126614491455257,0.01025363802909851,-41.260223388671875
866,0.8668668866157532,81.40314483642578,-0.000250703829806298,0.010185676626861095,-41.21805953979492
867,0.8678678870201111,81.47222137451172,-0.00025057149468921125,0.009888355620205402,-40.306758880615234
868,0.868868887424469,81.54134368896484,-0.00025200500385835767,0.00908390711992979,-37.33238983154297
869,0.8698698878288269,81.61053466796875,-0.00025040426407940686,0.009137810207903385,-37.74336624145508
870,0.8708708882331848,81.6797866821289,-0.000249969947617501,0.01030356902629137,-42.66146469116211
871,0.8718718886375427,81.74909210205078,-0.0002508425968699157,0.010237225331366062,-42.64912414550781
872,0.8728728890419006,81.81845092773438,-0.0002504881704226136,0.009336326271295547,-39.1827507019043
873,0.8738738894462585,81.88787078857422,-0.00025188058498315513,0.008999540470540524,-37.81960678100586
874,0.8748748898506165,81.95735931396484,-0.0002545025199651718,0.00986573938280344,-41.127784729003906
875,0.8758758902549744,82.02690887451172,-0.0002555237733758986,0.009662754833698273,-40.20523452758789
876,0.8768768906593323,82.09650421142578,-0.000256344152148813,0.009197264909744263,-38.335548400878906
877,0.8778778910636902,82.1661605834961,-0.000256169936619699,0.009236006066203117,-38.517730712890625
878,0.8788788914680481,82.23587799072266,-0.0002546455361880362,0.008948852308094501,-37.522830963134766
879,0.879879891872406,82.30565643310547,-0.00025242334231734276,0.008806788362562656,-37.13788986206055
880,0.8808808922767639,82.37548828125,-0.00024994718842208385,0.008423656225204468,-35.85052490234375
881,0.8818818926811218,82.44538116455078,-0.0002474354114383459,0.007383924443274736,-31.864553451538086
882,0.8828828930854797,82.51534271240234,-0.000246513809543103,0.006756686605513096,-29.34242820739746
883,0.8838838934898376,82.58535766601562,-0.0002463142154738307,0.005886301398277283,-25.773439407348633
884,0.8848848938941956,82.65543365478516,-0.00024653153377585113,0.005283874925225973,-23.29023551940918
885,0.8858858942985535,82.72557067871094,-0.0002470166073180735,0.006198187358677387,-26.97304916381836
886,0.8868868947029114,82.7957534790039,-0.00024707012926228344,0.005119760986417532,-22.598770141601562
887,0.8878878951072693,82.86600494384766,-0.00024719623615965247,0.005468884948641062,-24.062210083007812
888,0.8888888955116272,82.93631744384766,-0.0002473224012646824,0.006459477823227644,-28.20790672302246
889,0.8898898959159851,83.00669860839844,-0.0002465396246407181,0.00669828662648797,-29.356386184692383
890,0.890890896320343,83.0771255493164,-0.00024432523059658706,0.005738784093409777,-25.620038986206055
891,0.8918918967247009,83.14761352539062,-0.00024358407245017588,0.005714755039662123,-25.681446075439453
892,0.8928928971290588,83.21817016601562,-0.00024529232177883387,0.006494209170341492,-29.01045036315918
893,0.8938938975334167,83.28878021240234,-0.00024650245904922485,0.0064841690473258495,-29.019994735717773
894,0.8948948979377747,83.35945129394531,-0.00024712533922865987,0.00719977542757988,-31.9537410736084
895,0.8958958983421326,83.43018341064453,-0.000247010902967304,0.00758112408220768,-33.49016189575195
896,0.8968968987464905,83.5009765625,-0.0002471693733241409,0.007559250574558973,-33.402706146240234
897,0.8978978991508484,83.57182312011719,-0.0002465761499479413,0.007476423867046833,-33.10260009765625
898,0.8988988995552063,83.64273071289062,-0.00024137589207384735,0.008558601140975952,-37.64583206176758
899,0.8998998999595642,83.71370697021484,-0.0002418660733383149,0.008186332881450653,-36.197689056396484
900,0.9009009003639221,83.78473663330078,-0.00024059705901890993,0.008621563203632832,-38.05397033691406
901,0.90190190076828,83.85582733154297,-0.00024029292399063706,0.00864753220230341,-38.23328399658203
902,0.9029029011726379,83.9269790649414,-0.00023846604744903743,0.00932568870484829,-41.202816009521484
903,0.9039039015769958,83.99818420410156,-0.00023779952607583255,0.008812347427010536,-39.15242004394531
904,0.9049049019813538,84.06946563720703,-0.0002375556796323508,0.008495657704770565,-37.798973083496094
905,0.9059059023857117,84.14079284667969,-0.00023649304057471454,0.009282614104449749,-41.00162887573242
906,0.9069069027900696,84.21219635009766,-0.00023957007215358317,0.008608360774815083,-37.969451904296875
907,0.9079079031944275,84.28364562988281,-0.00024107650096993893,0.008882161229848862,-38.95199203491211
908,0.9089089035987854,84.35516357421875,-0.00024222457432188094,0.009440114721655846,-41.174072265625
909,0.9099099040031433,84.42674255371094,-0.0002460636605974287,0.008832472376525402,-38.70568084716797
910,0.9109109044075012,84.49837493896484,-0.000246104144025594,0.0088896993547678,-39.09183883666992
911,0.9119119048118591,84.57007598876953,-0.0002460828982293606,0.008264448493719101,-36.76374816894531
912,0.912912905216217,84.64183044433594,-0.0002444055862724781,0.007306060288101435,-33.05025863647461
913,0.913913905620575,84.71365356445312,-0.00024173883139155805,0.007924568839371204,-35.7264518737793
914,0.9149149060249329,84.78553009033203,-0.0002387536078458652,0.00836935080587864,-37.665042877197266
915,0.9159159064292908,84.85746765136719,-0.00023662846069782972,0.008899008855223656,-39.925350189208984
916,0.9169169068336487,84.92947387695312,-0.00023579403932671994,0.008280782029032707,-37.28428649902344
917,0.9179179072380066,85.00153350830078,-0.00023400025384034961,0.00889591034501791,-39.84077835083008
918,0.9189189076423645,85.07366180419922,-0.00023402273654937744,0.008259641006588936,-37.13166809082031
919,0.9199199080467224,85.1458511352539,-0.0002333761367481202,0.008156659081578255,-36.77075958251953
920,0.9209209084510803,85.21809387207031,-0.00023360480554401875,0.00810678955167532,-36.654441833496094
921,0.9219219088554382,85.29039764404297,-0.00023716953000985086,0.007374422624707222,-33.64674758911133
922,0.9229229092597961,85.3627700805664,-0.00023957877419888973,0.006943313870579004,-31.94289207458496
923,0.923923909664154,85.43519592285156,-0.0002412134490441531,0.0064674378372728825,-30.055675506591797
924,0.924924910068512,85.50769805908203,-0.00024009666230995208,0.005400159861892462,-25.717477798461914
925,0.9259259104728699,85.58024597167969,-0.00023964981664903462,0.006087974179536104,-28.629358291625977
926,0.9269269108772278,85.6528549194336,-0.00023857210180722177,0.006191276013851166,-29.074180603027344
927,0.9279279112815857,85.72554779052734,-0.00023686015629209578,0.005793891381472349,-27.38021469116211
928,0.9289289116859436,85.79827880859375,-0.00023574248189106584,0.005902112927287817,-27.795251846313477
929,0.9299299120903015,85.87108612060547,-0.0002334161545149982,0.004761410877108574,-22.84923553466797
930,0.9309309124946594,85.9439468383789,-0.00023313408019021153,0.00515223853290081,-24.473997116088867
931,0.9319319128990173,86.01686096191406,-0.00023227016208693385,0.005937476642429829,-27.857036590576172
932,0.9329329133033752,86.08985137939453,-0.0002310365962330252,0.0061659314669668674,-28.897216796875
933,0.9339339137077332,86.16289520263672,-0.00023000351211521775,0.00550456577911973,-26.039997100830078
934,0.9349349141120911,86.23600769042969,-0.00022877214360050857,0.004827466793358326,-23.112079620361328
935,0.935935914516449,86.3091812133789,-0.0002299873740412295,0.005665523000061512,-26.8696346282959
936,0.9369369149208069,86.38240814208984,-0.00023325701477006078,0.0071967788971960545,-33.57068634033203
937,0.9379379153251648,86.45570373535156,-0.00023385706299450248,0.007176932413130999,-33.57004928588867
938,0.9389389157295227,86.52906799316406,-0.00023515494831372052,0.008022959344089031,-37.29327392578125
939,0.9399399161338806,86.60248565673828,-0.00023378347395919263,0.007123646792024374,-33.60313034057617
940,0.9409409165382385,86.67597198486328,-0.00023262518516276032,0.006964892614632845,-33.04277420043945
941,0.9419419169425964,86.74951171875,-0.00022852676920592785,0.006139988545328379,-29.554227828979492
942,0.9429429173469543,86.82312774658203,-0.0002312166034244001,0.007168263662606478,-34.00262451171875
943,0.9439439177513123,86.89679718017578,-0.0002297205792274326,0.006517174653708935,-31.08354377746582
944,0.9449449181556702,86.97053527832031,-0.00022968760458752513,0.006125961896032095,-29.308319091796875
945,0.9459459185600281,87.04431915283203,-0.00023164425510913134,0.006406464613974094,-30.518903732299805
946,0.946946918964386,87.11817932128906,-0.000232449994655326,0.006131758913397789,-29.34136962890625
947,0.9479479193687439,87.19210052490234,-0.00023461176897399127,0.0067884838208556175,-32.14244842529297
948,0.9489489793777466,87.2660903930664,-0.0002355320903006941,0.006295443046838045,-30.075347900390625
949,0.9499499797821045,87.34013366699219,-0.00023535954824183136,0.005710554774850607,-27.687116622924805
950,0.9509509801864624,87.41423797607422,-0.00023336679441854358,0.004656533244997263,-23.323945999145508
951,0.9519519805908203,87.48841094970703,-0.00023096404038369656,0.0042077782563865185,-21.474641799926758
952,0.9529529809951782,87.56263732910156,-0.00022922849166207016,0.004089535214006901,-20.987890243530273
953,0.9539539813995361,87.6369400024414,-0.00022708543110638857,0.003998426254838705,-20.55328369140625
954,0.954954981803894,87.71129608154297,-0.00022543870727531612,0.004105080384761095,-20.972881317138672
955,0.955955982208252,87.78572845458984,-0.00022332390653900802,0.004068175796419382,-20.79090118408203
956,0.9569569826126099,87.86021423339844,-0.00022252969210967422,0.004314886871725321,-21.905521392822266
957,0.9579579830169678,87.93476104736328,-0.00022036857262719423,0.0040121302008628845,-20.551082611083984
958,0.9589589834213257,88.0093765258789,-0.00021572335390374064,0.003237455850467086,-17.040668487548828
959,0.9599599838256836,88.08405303955078,-0.00022051879204809666,0.004477085079997778,-22.823665618896484
960,0.9609609842300415,88.1587905883789,-0.00022332227672450244,0.00532180443406105,-26.843257904052734
961,0.9619619846343994,88.23359680175781,-0.0002187801874242723,0.004357176832854748,-22.7699031829834
962,0.9629629850387573,88.30846405029297,-0.000208367157028988,0.0029626162722706795,-16.52482795715332
963,0.9639639854431152,88.38339233398438,-0.00020356950699351728,0.002428824780508876,-14.112322807312012
964,0.9649649858474731,88.45838165283203,-0.00020480534294620156,0.002503789495676756,-14.566213607788086
965,0.965965986251831,88.53343963623047,-0.0001992596371565014,0.0014507070882245898,-9.38866138458252
966,0.966966986656189,88.60856628417969,-0.00020434250473044813,0.0019088499248027802,-11.63785171508789
967,0.9679679870605469,88.68374633789062,-0.00020384130766615272,0.0013826701324433088,-9.01707935333252
968,0.9689689874649048,88.75899505615234,-0.00020522804697975516,0.0011596279218792915,-7.8860650062561035
969,0.9699699878692627,88.83431243896484,-0.00020671094534918666,0.0009735955391079187,-6.964485168457031
970,0.9709709882736206,88.90968322753906,-0.00020668801153078675,0.0005467429873533547,-4.868767738342285
971,0.9719719886779785,88.98513793945312,-0.00020606629550457,0.00015982477634679526,-2.966991424560547
972,0.9729729890823364,89.06063842773438,-0.00020635072723962367,0.00018601614283397794,-3.0278444290161133
973,0.9739739894866943,89.13619995117188,-0.00020480924285948277,-0.0001883084769360721,-1.1092262268066406
974,0.9749749898910522,89.21183776855469,-0.00020256017160136253,-0.0008266859222203493,2.1522257328033447
975,0.9759759902954102,89.28753662109375,-0.0002009994350373745,-0.0016127456910908222,6.14204216003418
976,0.9769769906997681,89.36328887939453,-0.00020117615349590778,-0.0019763766322284937,7.956710338592529
977,0.977977991104126,89.43911743164062,-0.0002022277913056314,-0.0016920363996177912,6.48185920715332
978,0.9789789915084839,89.5150146484375,-0.00020279933232814074,-0.002018613275140524,7.99343204498291
979,0.9799799919128418,89.59095764160156,-0.00020145508460700512,-0.0027446614112704992,11.452621459960938
980,0.9809809923171997,89.66697692871094,-0.00019756675465032458,-0.0035668634809553623,15.477290153503418
981,0.9819819927215576,89.7430648803711,-0.0001932909362949431,-0.004603060893714428,20.779809951782227
982,0.9829829931259155,89.81920623779297,-0.00019661882834043354,-0.003808947280049324,16.812185287475586
983,0.9839839935302734,89.89541625976562,-0.00019583437824621797,-0.003994921687990427,17.930774688720703
984,0.9849849939346313,89.97168731689453,-0.00019373066606931388,-0.004536727908998728,20.883913040161133
985,0.9859859943389893,90.04803466796875,-0.0001927759440150112,-0.005556916818022728,26.304101943969727
986,0.9869869947433472,90.12445068359375,-0.00019446680380497128,-0.005020014941692352,23.558244705200195
987,0.9879879951477051,90.20091247558594,-0.00019430698012001812,-0.0055021257139742374,26.000883102416992
988,0.988988995552063,90.27745819091797,-0.00019445308134891093,-0.006064403802156448,28.843505859375
989,0.9899899959564209,90.35404968261719,-0.00019446757505647838,-0.005560442339628935,26.222721099853516
990,0.9909909963607788,90.43071746826172,-0.00019340048311278224,-0.006262372713536024,29.883283615112305
991,0.9919919967651367,90.5074462890625,-0.00019253691425547004,-0.006440452765673399,30.921674728393555
992,0.9929929971694946,90.58423614501953,-0.0001914750027935952,-0.00657653296366334,31.77083396911621
993,0.9939939975738525,90.6611099243164,-0.00019122863886877894,-0.00718191871419549,35.11260986328125
994,0.9949949979782104,90.73802947998047,-0.0001911328872665763,-0.007496403995901346,36.9405517578125
995,0.9959959983825684,90.81501770019531,-0.0001908596168505028,-0.0075736516155302525,37.52421569824219
996,0.9969969987869263,90.89208221435547,-0.0001904462551465258,-0.007445337250828743,36.948062896728516
997,0.9979979991912842,90.96920013427734,-0.00019056463497690856,-0.007244237698614597,35.865936279296875
998,0.9989989995956421,91.04638671875,-0.00019101283396594226,-0.007002102676779032,34.49724197387695
999,1.0,91.12364959716797,-0.00019124432583339512,-0.006580009590834379,32.142581939697266
